=========================================================
Input parameters for the REST calculation
=========================================================
Calculation type: Single-point energy
The exchange-correlation method: xygjos
Print level:                3
The number of threads used for parallelism:      4
The spheric-GTO basis set is taken from /home/symei/def2-TZVPP
The pruning method is nwchem
The radial grid generation method is treutler
ERI Type: ri_v
Turn on the basis pair symmetry for RI 3D-tensors
The spheric-GTO auxiliary basis set is taken from /home/symei/def2-SV(P)-JKFIT
Spin polarization: Off
Charge:   0; Spin:   1
min_num_angular_points: 110
max_num_angular_points: 590
hardness: 3
Grid generation level: 3
Even tempered basis generation: false
SCF convergency thresholds: 1e-8 for density matrix
                            1e-6 Ha. for sum of eigenvalues
                            1e-8 Ha. for total energy
Max. SCF cycle number:      100
The diis mixing with (param, max_vec_len) = (0.2, 8) is employed for the SCF procedure
Turn on the diis mixing after 1 step(s) of SCF iteractions with the linear mixing
The specified checkfile exists but is not loaded because the keyword 'external_init_guess' is specified
It will be updated after the SCF procedure 
(none)
Initial guess is prepared by (sad).
It is a finite cluster calculation
the scf functional for 'xygjos' contains
The density functional 'B3LYP' belongs to the 'Hybrid GGA' family and is defined in the reference(s):
(0): P. J. Stephens, F. J. Devlin, C. F. Chabalowski, and M. J. Frisch.,  J. Phys. Chem. 98, 11623 (1994)
the post-scf functional 'xygjos' is employed, which contains
The density functional 'Slater exchange' belongs to the 'LDA' family and is defined in the reference(s):
(0): P. A. M. Dirac.,  Math. Proc. Cambridge Philos. Soc. 26, 376 (1930)
(1): F. Bloch.,  Z. Phys. 57, 545 (1929)
The density functional 'Becke 88' belongs to the 'GGA' family and is defined in the reference(s):
(0): A. D. Becke.,  Phys. Rev. A 38, 3098 (1988)
The density functional 'Vosko, Wilk & Nusair (VWN5_RPA)' belongs to the 'LDA' family and is defined in the reference(s):
(0): S. H. Vosko, L. Wilk, and M. Nusair.,  Can. J. Phys. 58, 1200 (1980)
The density functional 'Lee, Yang & Parr' belongs to the 'GGA' family and is defined in the reference(s):
(0): C. Lee, W. Yang, and R. G. Parr.,  Phys. Rev. B 37, 785 (1988)
(1): B. Miehlich, A. Savin, H. Stoll, and H. Preuss.,  Chem. Phys. Lett. 157, 200 (1989)
For SCF calculation, no core orbital is frozen by effective core potential (ECP) approximation
Libxc version used in REST: 7.0.0
nbas: 69, natm: 9 for standard basis sets
First valence state for the frozen-core algorithm:     0
final nbas: 180,final natm: 18
numbasis: 177, num_auxbas: 333
Molecule_name: cc=c
job_type = "SinglePoint"
print_level = 3
basis_path = "/home/symei/def2-TZVPP"
basis_type = "spheric"
auxbas_path = "/home/symei/def2-SV(P)-JKFIT"
auxbas_type = "spheric"
use_auxbas = true
even_tempered_basis = false
etb_start_atom_number = 1
etb_beta = 1.0
ri_k_only = false
auxbasis_response = false
use_isdf = false
isdf_k_only = false
isdf_k_mu = 8
isdf_new = false
eri_type = "ri_v"
use_ri_symm = true
xc = "xygjos"
post_xc = []
post_correlation = []
post_ai_correction = "none"
charge = 0.0
spin = 1.0
spin_channel = 1
spin_polarization = false
frozen_core_postscf = 0
frequency_points = 20
lambda_points = 20
freq_grid_type = 0
freq_cut_off = 10.0
radial_precision = 0.000000000001
min_num_angular_points = 110
max_num_angular_points = 590
grid_gen_level = 3
hardness = 3
pruning = "nwchem"
rad_grid_method = "treutler"
external_grids = "grids"
mixer = "diis"
mix_param = 0.2
num_max_diis = 8
start_diis_cycle = 1
start_check_oscillation = 20
max_scf_cycle = 100
scf_acc_rho = 0.00000001
scf_acc_eev = 0.000001
scf_acc_etot = 0.00000001
restart = false
chkfile = "none"
chkfile_type = "hdf5"
guessfile = "none"
guessfile_type = "none"
external_init_guess = false
initial_guess = "sad"
noiter = false
check_stab = false
use_dm_only = false
use_ri_vj = true
fciqmc_dump = false
outputs = []
cube_orb_setting = [3.0, 80.0]
cube_orb_indices = []
atom_sad = false
occupation_type = "INTEGER"
frac_tolerant = 0.001
deep_pot = false
bench_eps = false
num_threads = 4
batch_size = 64
nforce_displacement = 0.0013
force_state_occupation = []
auxiliary_reference_states = []
pt2_mpi_mode = 0

Restricted Hartree-Fock (or Kohn-Sham) algorithm is invoked.
Nuc_energy:      70.88268378 Hartree
no empirical dispersion correction is employed
No ghost effective potential
No ghost point charges
Detailed time report:
inv_sqrt  |:    0.040 s for for the sqrt inverse of aux_ij
prim ri   |:    0.100 s for for the pure three-center integrals
ri_v      |:    0.071 s for for RI dot aux_v^{-1/2}
aux_ij    |:    0.005 s for for the coulomb matrix of auxiliary basis
all ri    |:    0.215 s for for the total evaluations of ri3fn
Overlap matrix is nonsigular:
  Lowest eigenvalue:       0.00013166 with the total number of basis functions:    177
Grid size: 101850
Generate SAD of C
the functional of 'hf' contains
For SCF calculation, no core orbital is frozen by effective core potential (ECP) approximation
Libxc version used in REST: 7.0.0
nbas: 11, natm: 1 for standard basis sets
First valence state for the frozen-core algorithm:     0
final nbas: 36,final natm: 2
numbasis: 31, num_auxbas: 75
Restricted Hartree-Fock (or Kohn-Sham) algorithm is invoked.
Nuc_energy:       0.00000000 Hartree
no empirical dispersion correction is employed
No ghost effective potential
No ghost point charges
Detailed time report:
prim ri   |:    0.002 s for for the pure three-center integrals
aux_ij    |:    0.001 s for for the coulomb matrix of auxiliary basis
inv_sqrt  |:    0.001 s for for the sqrt inverse of aux_ij
ri_v      |:    0.000 s for for RI dot aux_v^{-1/2}
all ri    |:    0.005 s for for the total evaluations of ri3fn
Overlap matrix is nonsigular:
  Lowest eigenvalue:       0.02859941 with the total number of basis functions:     31
Grid size: 13902
Initial guess from SAP
The evaluation of vmat costs             0.01 seconds
Detailed time report:
Overall   |:    0.045 s for SCF Preparation
CInt      |:    0.007 s for Two, Three, and Four-center integrals
ISDF      |:    0.000 s for ISDF initialization
DFT Grids |:    0.029 s for Initialization of the tabulated Grids and AOs
InitGuess |:    0.010 s for Prepare initial guess
Exc:       0.00000000, Vxc:       0.00000000
The total energy:       -37.3118631552 Ha by the initial guess
Exc:       0.00000000, Vxc:       0.00000000
Energy:     -37.3534544776 Ha after    1 iterations (in       0.00 seconds).
Detailed timing info in this SCF step:
prepare_next_input:            0.00s
diagonalize_hamiltonian:       0.00s
generate_density_matrix:       0.00s
check_scf_convergence:         0.00s
scf_records.update:            0.00s
Exc:       0.00000000, Vxc:       0.00000000
SCF Change: DM 2.19957e-3; eev 1.98117e-1 Ha; etot 1.39255e-2 Ha
Energy:     -37.3395289986 Ha after    2 iterations (in       0.00 seconds).
Detailed timing info in this SCF step:
prepare_next_input:            0.00s
diagonalize_hamiltonian:       0.00s
generate_density_matrix:       0.00s
check_scf_convergence:         0.00s
scf_records.update:            0.00s
Exc:       0.00000000, Vxc:       0.00000000
SCF Change: DM 2.75898e-4; eev 8.27411e-2 Ha; etot 4.91166e-3 Ha
Energy:     -37.3346173426 Ha after    3 iterations (in       0.00 seconds).
Detailed timing info in this SCF step:
prepare_next_input:            0.00s
diagonalize_hamiltonian:       0.00s
generate_density_matrix:       0.00s
check_scf_convergence:         0.00s
scf_records.update:            0.00s
Exc:       0.00000000, Vxc:       0.00000000
SCF Change: DM 7.48385e-4; eev 5.26451e-2 Ha; etot -5.83989e-3 Ha
Energy:     -37.3404572308 Ha after    4 iterations (in       0.00 seconds).
Detailed timing info in this SCF step:
prepare_next_input:            0.00s
diagonalize_hamiltonian:       0.00s
generate_density_matrix:       0.00s
check_scf_convergence:         0.00s
scf_records.update:            0.00s
Exc:       0.00000000, Vxc:       0.00000000
SCF Change: DM 1.50994e-4; eev 3.25359e-2 Ha; etot -1.32711e-3 Ha
Energy:     -37.3417843366 Ha after    5 iterations (in       0.00 seconds).
Detailed timing info in this SCF step:
prepare_next_input:            0.00s
diagonalize_hamiltonian:       0.00s
generate_density_matrix:       0.00s
check_scf_convergence:         0.00s
scf_records.update:            0.00s
Exc:       0.00000000, Vxc:       0.00000000
SCF Change: DM 2.39738e-4; eev 1.55190e-2 Ha; etot 1.96241e-3 Ha
Energy:     -37.3398219292 Ha after    6 iterations (in       0.00 seconds).
Detailed timing info in this SCF step:
prepare_next_input:            0.00s
diagonalize_hamiltonian:       0.00s
generate_density_matrix:       0.00s
check_scf_convergence:         0.00s
scf_records.update:            0.00s
Exc:       0.00000000, Vxc:       0.00000000
SCF Change: DM 6.22195e-5; eev 1.20159e-2 Ha; etot 2.64520e-4 Ha
Energy:     -37.3395574095 Ha after    7 iterations (in       0.00 seconds).
Detailed timing info in this SCF step:
prepare_next_input:            0.00s
diagonalize_hamiltonian:       0.00s
generate_density_matrix:       0.00s
check_scf_convergence:         0.00s
scf_records.update:            0.00s
Exc:       0.00000000, Vxc:       0.00000000
SCF Change: DM 5.69283e-5; eev 2.75140e-3 Ha; etot -5.52643e-4 Ha
Energy:     -37.3401100521 Ha after    8 iterations (in       0.01 seconds).
Detailed timing info in this SCF step:
prepare_next_input:            0.01s
diagonalize_hamiltonian:       0.00s
generate_density_matrix:       0.00s
check_scf_convergence:         0.00s
scf_records.update:            0.00s
Exc:       0.00000000, Vxc:       0.00000000
SCF Change: DM 1.64934e-5; eev 2.56091e-3 Ha; etot -6.07626e-7 Ha
Energy:     -37.3401106598 Ha after    9 iterations (in       0.00 seconds).
Detailed timing info in this SCF step:
prepare_next_input:            0.00s
diagonalize_hamiltonian:       0.00s
generate_density_matrix:       0.00s
check_scf_convergence:         0.00s
scf_records.update:            0.00s
Exc:       0.00000000, Vxc:       0.00000000
SCF Change: DM 1.87824e-6; eev 2.26777e-5 Ha; etot -1.25578e-7 Ha
Energy:     -37.3401107853 Ha after   10 iterations (in       0.00 seconds).
Detailed timing info in this SCF step:
prepare_next_input:            0.00s
diagonalize_hamiltonian:       0.00s
generate_density_matrix:       0.00s
check_scf_convergence:         0.00s
scf_records.update:            0.00s
Exc:       0.00000000, Vxc:       0.00000000
SCF Change: DM 3.76649e-7; eev 1.74992e-5 Ha; etot -4.21508e-10 Ha
Energy:     -37.3401107858 Ha after   11 iterations (in       0.00 seconds).
Detailed timing info in this SCF step:
prepare_next_input:            0.00s
diagonalize_hamiltonian:       0.00s
generate_density_matrix:       0.00s
check_scf_convergence:         0.00s
scf_records.update:            0.00s
Exc:       0.00000000, Vxc:       0.00000000
SCF Change: DM 1.30812e-8; eev 2.79743e-7 Ha; etot -1.88081e-11 Ha
Energy:     -37.3401107858 Ha after   12 iterations (in       0.00 seconds).
Detailed timing info in this SCF step:
prepare_next_input:            0.00s
diagonalize_hamiltonian:       0.00s
generate_density_matrix:       0.00s
check_scf_convergence:         0.00s
scf_records.update:            0.00s
Exc:       0.00000000, Vxc:       0.00000000
SCF Change: DM 2.33061e-9; eev 2.95397e-8 Ha; etot 4.97380e-14 Ha
Energy:     -37.3401107858 Ha after   13 iterations (in       0.00 seconds).
Detailed timing info in this SCF step:
prepare_next_input:            0.00s
diagonalize_hamiltonian:       0.00s
generate_density_matrix:       0.00s
check_scf_convergence:         0.00s
scf_records.update:            0.00s
Exc:       0.00000000, Vxc:       0.00000000
SCF Change: DM 5.18863e-12; eev 3.12533e-10 Ha; etot -1.42109e-14 Ha
Energy:     -37.3401107858 Ha after   14 iterations (in       0.00 seconds).
Detailed timing info in this SCF step:
prepare_next_input:            0.00s
diagonalize_hamiltonian:       0.00s
generate_density_matrix:       0.00s
check_scf_convergence:         0.00s
scf_records.update:            0.00s
SCF is converged after   14 iterations.
   State    Occupation        Eigenvalue
       0       2.00000        -11.472430
       1       2.00000         -0.775722
       2       0.66667         -0.123052
       3       0.66667         -0.123052
       4       0.66667         -0.123052
       5       0.00000          0.234768
       6       0.00000          0.349642
       7       0.00000          0.349642
the job spends             0.08 seconds
Generate SAD of H
the functional of 'hf' contains
For SCF calculation, no core orbital is frozen by effective core potential (ECP) approximation
Libxc version used in REST: 7.0.0
nbas: 6, natm: 1 for standard basis sets
First valence state for the frozen-core algorithm:     0
final nbas: 12,final natm: 2
numbasis: 14, num_auxbas: 18
Unrestricted Hartree-Fock (or Kohn-Sham) algorithm is invoked.
Nuc_energy:       0.00000000 Hartree
no empirical dispersion correction is employed
No ghost effective potential
No ghost point charges
Detailed time report:
aux_ij    |:    0.000 s for for the coulomb matrix of auxiliary basis
prim ri   |:    0.000 s for for the pure three-center integrals
ri_v      |:    0.000 s for for RI dot aux_v^{-1/2}
all ri    |:    0.001 s for for the total evaluations of ri3fn
inv_sqrt  |:    0.000 s for for the sqrt inverse of aux_ij
Overlap matrix is nonsigular:
  Lowest eigenvalue:       0.10940728 with the total number of basis functions:     14
Grid size: 10024
Initial guess from SAP
The evaluation of vmat costs             0.00 seconds
Detailed time report:
Overall   |:    0.011 s for SCF Preparation
DFT Grids |:    0.007 s for Initialization of the tabulated Grids and AOs
CInt      |:    0.001 s for Two, Three, and Four-center integrals
InitGuess |:    0.003 s for Prepare initial guess
ISDF      |:    0.000 s for ISDF initialization
Exc:       0.00000000, Vxc:       0.00000000
The total energy:        -0.4746750264 Ha by the initial guess
Exc:       0.00000000, Vxc:       0.00000000
Energy:      -0.4947605578 Ha with <S^2> =  0.750 and <2S+1> =  2.000 after    1 iterations (in       0.00 seconds).
Detailed timing info in this SCF step:
prepare_next_input:            0.00s
diagonalize_hamiltonian:       0.00s
generate_density_matrix:       0.00s
check_scf_convergence:         0.00s
scf_records.update:            0.00s
Exc:       0.00000000, Vxc:       0.00000000
SCF Change: DM (2.42831e-3, 0.00000e0); eev 1.75389e-1 Ha; etot -7.45427e-3 Ha
Energy:      -0.5022148265 Ha with <S^2> =  0.750 and <2S+1> =  2.000 after    2 iterations (in       0.00 seconds).
Detailed timing info in this SCF step:
prepare_next_input:            0.00s
diagonalize_hamiltonian:       0.00s
generate_density_matrix:       0.00s
check_scf_convergence:         0.00s
scf_records.update:            0.00s
Exc:       0.00000000, Vxc:       0.00000000
SCF Change: DM (4.89184e-4, 0.00000e0); eev 6.79785e-2 Ha; etot 1.31784e-3 Ha
Energy:      -0.5008969838 Ha with <S^2> =  0.750 and <2S+1> =  2.000 after    3 iterations (in       0.00 seconds).
Detailed timing info in this SCF step:
prepare_next_input:            0.00s
diagonalize_hamiltonian:       0.00s
generate_density_matrix:       0.00s
check_scf_convergence:         0.00s
scf_records.update:            0.00s
Exc:       0.00000000, Vxc:       0.00000000
SCF Change: DM (6.14473e-5, 0.00000e0); eev 1.58155e-2 Ha; etot 9.31515e-4 Ha
Energy:      -0.4999654685 Ha with <S^2> =  0.750 and <2S+1> =  2.000 after    4 iterations (in       0.00 seconds).
Detailed timing info in this SCF step:
prepare_next_input:            0.00s
diagonalize_hamiltonian:       0.00s
generate_density_matrix:       0.00s
check_scf_convergence:         0.00s
scf_records.update:            0.00s
Exc:       0.00000000, Vxc:       0.00000000
SCF Change: DM (3.39240e-5, 0.00000e0); eev 1.39012e-3 Ha; etot 1.87791e-4 Ha
Energy:      -0.4997776776 Ha with <S^2> =  0.750 and <2S+1> =  2.000 after    5 iterations (in       0.00 seconds).
Detailed timing info in this SCF step:
prepare_next_input:            0.00s
diagonalize_hamiltonian:       0.00s
generate_density_matrix:       0.00s
check_scf_convergence:         0.00s
scf_records.update:            0.00s
Exc:       0.00000000, Vxc:       0.00000000
SCF Change: DM (1.39081e-5, 0.00000e0); eev 7.49941e-4 Ha; etot -4.66356e-6 Ha
Energy:      -0.4997823411 Ha with <S^2> =  0.750 and <2S+1> =  2.000 after    6 iterations (in       0.00 seconds).
Detailed timing info in this SCF step:
prepare_next_input:            0.00s
diagonalize_hamiltonian:       0.00s
generate_density_matrix:       0.00s
check_scf_convergence:         0.00s
scf_records.update:            0.00s
Exc:       0.00000000, Vxc:       0.00000000
SCF Change: DM (3.24050e-6, 0.00000e0); eev 4.38958e-4 Ha; etot -1.82058e-5 Ha
Energy:      -0.4998005469 Ha with <S^2> =  0.750 and <2S+1> =  2.000 after    7 iterations (in       0.00 seconds).
Detailed timing info in this SCF step:
prepare_next_input:            0.00s
diagonalize_hamiltonian:       0.00s
generate_density_matrix:       0.00s
check_scf_convergence:         0.00s
scf_records.update:            0.00s
Exc:       0.00000000, Vxc:       0.00000000
SCF Change: DM (3.23524e-7, 0.00000e0); eev 1.46853e-4 Ha; etot -9.28526e-6 Ha
Energy:      -0.4998098322 Ha with <S^2> =  0.750 and <2S+1> =  2.000 after    8 iterations (in       0.00 seconds).
Detailed timing info in this SCF step:
prepare_next_input:            0.00s
diagonalize_hamiltonian:       0.00s
generate_density_matrix:       0.00s
check_scf_convergence:         0.00s
scf_records.update:            0.00s
Exc:       0.00000000, Vxc:       0.00000000
SCF Change: DM (1.39114e-7, 0.00000e0); eev 8.51566e-6 Ha; etot -2.91852e-11 Ha
Energy:      -0.4998098322 Ha with <S^2> =  0.750 and <2S+1> =  2.000 after    9 iterations (in       0.00 seconds).
Detailed timing info in this SCF step:
prepare_next_input:            0.00s
diagonalize_hamiltonian:       0.00s
generate_density_matrix:       0.00s
check_scf_convergence:         0.00s
scf_records.update:            0.00s
Exc:       0.00000000, Vxc:       0.00000000
SCF Change: DM (4.82128e-8, 0.00000e0); eev 1.22527e-6 Ha; etot -2.64583e-12 Ha
Energy:      -0.4998098322 Ha with <S^2> =  0.750 and <2S+1> =  2.000 after   10 iterations (in       0.00 seconds).
Detailed timing info in this SCF step:
prepare_next_input:            0.00s
diagonalize_hamiltonian:       0.00s
generate_density_matrix:       0.00s
check_scf_convergence:         0.00s
scf_records.update:            0.00s
Exc:       0.00000000, Vxc:       0.00000000
SCF Change: DM (4.03178e-14, 0.00000e0); eev 2.50142e-12 Ha; etot -5.82867e-14 Ha
Energy:      -0.4998098322 Ha with <S^2> =  0.750 and <2S+1> =  2.000 after   11 iterations (in       0.00 seconds).
Detailed timing info in this SCF step:
prepare_next_input:            0.00s
diagonalize_hamiltonian:       0.00s
generate_density_matrix:       0.00s
check_scf_convergence:         0.00s
scf_records.update:            0.00s
SCF is converged after   11 iterations.
Spin-up eigenvalues
 
   State    Occupation        Eigenvalue
       0       1.00000         -0.499810
       1       0.00000          0.354348
       2       0.00000          0.738499
       3       0.00000          0.738499
 
Spin-down eigenvalues
 
   State    Occupation        Eigenvalue
the number of eigenvalues in 1 spin channel is 1
the job spends             0.02 seconds
total electron number:      24.00004471
The evaluation of Vj, Vk and Vxc matrices cost       0.01,       0.08 and       0.50 seconds, respectively
Exc:     -14.41858921, Vxc:      -9.22974709
Initial guess HF energy:    -118.3297948778679682
Initial density matrix by Atom SAD:
                 0,           1,           2,           3,           4
    0     0.458319,    0.616546,   -0.056152,   -0.041959,   -0.007174
    1     0.616546,    0.844229,   -0.147047,   -0.109160,   -0.022116
    2    -0.056152,   -0.147047,    0.351862,    0.258618,    0.061069
    3    -0.041959,   -0.109160,    0.258618,    0.203363,    0.047811
    4    -0.007174,   -0.022116,    0.061069,    0.047811,    0.012499
    5    -0.004454,   -0.008864,    0.010397,    0.059084,    0.010628
    6     0.002265,    0.004444,   -0.004560,   -0.034102,   -0.010584
    7     0.000000,    0.000000,   -0.000002,    0.000007,    0.000004
    8    -0.006913,   -0.012598,    0.014731,    0.038685,    0.007392
    9     0.003221,    0.005770,   -0.006013,   -0.021242,   -0.006909
   10    -0.000002,   -0.000003,    0.000001,    0.000007,    0.000004
   11    -0.000643,   -0.001459,    0.002518,    0.006898,    0.000805
   12     0.000465,    0.000774,   -0.000300,   -0.003900,   -0.001052
   13    -0.000001,   -0.000001,    0.000002,    0.000004,    0.000001
   14     0.000133,    0.000473,   -0.001580,    0.001745,    0.000300
   15    -0.000000,   -0.000000,    0.000001,    0.000001,    0.000000
   16     0.000404,    0.002772,   -0.010822,   -0.007191,   -0.001662
   17     0.000000,    0.000000,   -0.000001,   -0.000001,   -0.000000
   18    -0.000207,   -0.000568,    0.001665,   -0.000858,   -0.000324
   19    -0.000057,    0.000140,   -0.001028,    0.001583,    0.000378
   20     0.000000,    0.000000,    0.000001,    0.000001,    0.000000
   21    -0.002693,   -0.001770,   -0.008540,   -0.006513,   -0.001458
   22    -0.000000,    0.000000,   -0.000001,   -0.000001,   -0.000001
   23    -0.000523,   -0.000971,    0.001546,   -0.000666,   -0.000466
   24     0.001714,    0.001418,    0.004109,    0.002511,    0.000662
   25    -0.000000,   -0.000000,   -0.000000,   -0.000000,   -0.000000
   26     0.000298,    0.000430,   -0.000202,    0.000330,    0.000117
   27     0.000000,    0.000000,    0.000000,    0.000000,   -0.000000
   28    -0.000507,   -0.000728,    0.000332,   -0.000598,   -0.000120
   29     0.000000,    0.000000,    0.000000,    0.000000,    0.000000
   30     0.000174,    0.000253,   -0.000170,    0.000055,    0.000024
   31    -0.019266,   -0.041032,    0.073972,    0.068386,    0.017111
   32    -0.032119,   -0.058217,    0.074701,    0.070455,    0.017516
   33    -0.004844,   -0.008588,    0.009990,    0.012123,    0.003188
   34     0.000001,   -0.000039,    0.000140,    0.000698,    0.000119
   35    -0.003534,   -0.006404,    0.008276,    0.007413,    0.001817
   36    -0.000000,   -0.000001,    0.000001,    0.000001,    0.000000
   37     0.000213,    0.000193,    0.000353,    0.001444,    0.000289
   38    -0.008890,   -0.013562,    0.008727,    0.007188,    0.001645
   39    -0.000001,   -0.000001,    0.000001,    0.000001,    0.000000
   40     0.000121,    0.000159,   -0.000033,    0.000331,    0.000053
   41    -0.000000,   -0.000001,    0.000000,    0.000000,    0.000000
   42     0.000925,    0.001384,   -0.000782,   -0.000613,   -0.000132
   43     0.000000,    0.000000,   -0.000000,    0.000000,   -0.000000
   44     0.001720,    0.002527,   -0.001225,   -0.001057,   -0.000251
   45    -0.019860,   -0.042332,    0.076914,    0.069147,    0.014408
   46    -0.032048,   -0.058499,    0.077207,    0.069987,    0.014025
   47    -0.005358,   -0.009559,    0.011757,    0.012380,    0.001951
   48     0.003114,    0.005633,   -0.007284,   -0.006191,   -0.001296
   49     0.001772,    0.003242,   -0.004279,   -0.004231,   -0.000920
   50    -0.000000,   -0.000001,    0.000001,    0.000001,    0.000000
   51     0.007549,    0.011381,   -0.006788,   -0.005049,   -0.001009
   52     0.003955,    0.006155,   -0.004398,   -0.004614,   -0.001027
   53    -0.000001,   -0.000001,    0.000001,    0.000001,    0.000000
   54    -0.001398,   -0.002068,    0.001055,    0.001061,    0.000222
   55     0.000000,    0.000000,   -0.000000,   -0.000000,   -0.000000
   56     0.000934,    0.001390,   -0.000751,   -0.000593,   -0.000120
   57     0.000000,    0.000000,   -0.000000,   -0.000000,   -0.000000
   58    -0.000950,   -0.001364,    0.000536,    0.000246,    0.000040
   59     0.004300,    0.009271,   -0.016931,    0.012691,   -0.008126
   60     0.009317,    0.019470,   -0.033554,    0.016437,   -0.008258
   61    -0.013251,   -0.027986,    0.048321,   -0.002695,   -0.012754
   62    -0.015895,   -0.025774,    0.021135,   -0.015673,   -0.012087
   63    -0.001969,    0.000273,   -0.014541,   -0.014448,   -0.006136
   64    -0.026106,   -0.056003,    0.106906,    0.048421,    0.017311
   65     0.018226,    0.039080,   -0.078391,   -0.029440,   -0.008939
   66    -0.000003,   -0.000006,    0.000012,    0.000018,    0.000008
   67    -0.029759,   -0.050184,    0.054298,    0.024519,    0.009653
   68     0.018640,    0.032571,   -0.042135,   -0.014488,   -0.004843
   69    -0.000003,   -0.000005,    0.000008,    0.000013,    0.000006
   70     0.001134,    0.001751,   -0.001125,   -0.001956,   -0.000112
   71    -0.000153,    0.000855,   -0.005953,   -0.001160,   -0.000619
   72    -0.000000,   -0.000001,    0.000003,    0.000005,    0.000002
   73     0.002781,    0.005470,   -0.008944,   -0.004446,   -0.001534
   74     0.000000,    0.000000,    0.000000,   -0.000000,   -0.000000
   75     0.001651,    0.003075,   -0.004293,   -0.001660,   -0.000001
   76    -0.000000,   -0.000000,    0.000000,    0.000001,    0.000000
   77    -0.001521,   -0.003024,    0.005170,    0.002367,    0.000608
   78     0.011150,    0.016590,   -0.009326,   -0.005514,   -0.002188
   79    -0.000000,   -0.000000,   -0.000000,   -0.000001,   -0.000000
   80     0.003424,    0.005727,   -0.005804,   -0.002371,   -0.000179
   81    -0.000000,   -0.000001,    0.000001,    0.000001,    0.000000
   82    -0.005486,   -0.007944,    0.003635,    0.001789,    0.000539
   83     0.001808,    0.002817,   -0.002094,   -0.000654,    0.000076
   84     0.000000,    0.000000,   -0.000000,   -0.000000,   -0.000000
   85    -0.000926,   -0.001506,    0.001445,    0.000612,    0.000147
   86     0.000000,    0.000000,   -0.000000,   -0.000000,   -0.000000
   87     0.001555,    0.002558,   -0.002492,   -0.001351,   -0.000436
   88     0.000000,   -0.000000,    0.000000,    0.000000,    0.000000
   89    -0.000168,   -0.000246,    0.000092,    0.000072,   -0.000077
   90     0.004428,    0.009716,   -0.021711,   -0.012392,   -0.006043
   91     0.001006,    0.007195,   -0.031969,   -0.015744,   -0.006734
   92     0.003383,    0.005842,   -0.007764,   -0.002105,   -0.001036
   93    -0.000301,   -0.000640,    0.001208,    0.000559,    0.000186
   94    -0.000483,   -0.000977,    0.001922,    0.001267,    0.000588
   95     0.000000,    0.000000,   -0.000000,    0.000000,    0.000000
   96    -0.002327,   -0.003649,    0.002863,    0.001436,    0.000506
   97     0.001625,    0.001510,    0.003327,    0.001853,    0.000596
   98    -0.000000,   -0.000000,   -0.000000,    0.000000,    0.000000
   99     0.000513,    0.000835,   -0.000781,   -0.000373,   -0.000109
  100     0.000000,    0.000000,   -0.000000,   -0.000000,   -0.000000
  101    -0.000020,   -0.000005,   -0.000088,   -0.000049,    0.000002
  102    -0.000000,   -0.000000,    0.000000,    0.000000,    0.000000
  103     0.000028,   -0.000006,    0.000246,    0.000217,    0.000055
  104    -0.000812,   -0.001827,    0.003790,    0.001467,    0.002768
  105    -0.001837,   -0.004036,    0.008163,    0.003318,    0.004444
  106     0.004218,    0.008457,   -0.014790,   -0.006344,   -0.003560
  107    -0.000905,    0.001068,   -0.011407,   -0.002603,   -0.001933
  108     0.004578,    0.007144,   -0.005511,   -0.000600,    0.000321
  109     0.007633,    0.016667,   -0.033446,   -0.027291,   -0.017660
  110    -0.002348,   -0.005361,    0.013125,    0.003958,    0.005279
  111     0.000001,    0.000002,   -0.000003,   -0.000005,    0.000002
  112     0.000629,    0.005624,   -0.024298,   -0.017727,   -0.011498
  113    -0.004675,   -0.007712,    0.009012,    0.002361,    0.003775
  114     0.000002,    0.000003,   -0.000002,   -0.000003,    0.000001
  115     0.001449,    0.003237,   -0.006715,   -0.003823,   -0.002570
  116     0.000713,    0.000379,    0.003235,    0.001611,    0.001456
  117    -0.000000,    0.000000,   -0.000001,   -0.000001,    0.000000
  118     0.000493,    0.001110,   -0.002354,   -0.001553,   -0.000777
  119    -0.000000,   -0.000000,    0.000000,    0.000000,    0.000000
  120    -0.000262,   -0.000641,    0.001547,    0.001150,    0.000757
  121    -0.000000,   -0.000000,    0.000000,    0.000001,    0.000000
  122    -0.000212,   -0.000502,    0.001220,   -0.000040,    0.000006
  123     0.000878,    0.002027,   -0.004443,   -0.002493,   -0.001045
  124    -0.000000,   -0.000000,    0.000001,    0.000000,    0.000000
  125    -0.001146,   -0.002066,    0.002890,    0.001228,    0.000824
  126    -0.000001,   -0.000001,    0.000000,    0.000001,    0.000000
  127    -0.004176,   -0.006032,    0.002765,    0.000200,    0.000150
  128     0.000413,    0.000757,   -0.001067,   -0.000604,   -0.000236
  129    -0.000000,   -0.000000,    0.000000,    0.000000,    0.000000
  130     0.000029,    0.000000,    0.000194,    0.000132,    0.000053
  131     0.000000,    0.000000,   -0.000000,   -0.000000,   -0.000000
  132     0.000177,    0.000217,    0.000091,    0.000128,    0.000083
  133    -0.000000,   -0.000000,    0.000000,    0.000000,    0.000000
  134    -0.000263,   -0.000433,    0.000471,    0.000036,    0.000014
  135    -0.001505,   -0.003401,    0.007405,    0.005796,    0.004082
  136    -0.001621,   -0.003885,    0.009093,    0.007226,    0.004943
  137    -0.001721,   -0.003081,    0.004231,    0.002242,    0.001544
  138     0.000038,    0.000080,   -0.000143,   -0.000049,    0.000001
  139    -0.000005,    0.000004,   -0.000040,   -0.000129,   -0.000062
  140    -0.000133,   -0.000318,    0.000743,    0.000606,    0.000414
  141     0.000316,    0.000517,   -0.000520,   -0.000171,   -0.000171
  142    -0.000291,   -0.000468,    0.000457,    0.000037,    0.000064
  143    -0.000196,   -0.000325,    0.000347,    0.000498,    0.000372
  144    -0.000028,   -0.000051,    0.000072,    0.000023,    0.000022
  145    -0.000061,   -0.000082,    0.000012,   -0.000032,   -0.000013
  146    -0.000120,   -0.000200,    0.000216,    0.000154,    0.000101
  147    -0.000030,   -0.000027,   -0.000062,   -0.000026,   -0.000014
  148     0.000116,    0.000156,   -0.000019,   -0.000029,   -0.000029
  149     0.002183,    0.004869,   -0.010965,   -0.003609,   -0.003525
  150    -0.001787,   -0.000188,   -0.012096,   -0.004728,   -0.004199
  151     0.001539,    0.002991,   -0.005315,   -0.001525,   -0.001518
  152     0.000056,    0.000111,   -0.000184,   -0.000265,   -0.000198
  153     0.000117,    0.000309,   -0.000855,   -0.000311,   -0.000319
  154     0.000000,    0.000000,    0.000000,   -0.000000,    0.000000
  155     0.000625,    0.000896,   -0.000403,   -0.000175,   -0.000304
  156    -0.001418,   -0.001749,   -0.000641,   -0.000682,   -0.000302
  157     0.000000,    0.000000,   -0.000000,   -0.000000,    0.000000
  158     0.000178,    0.000279,   -0.000218,   -0.000216,   -0.000120
  159     0.000000,    0.000000,    0.000000,   -0.000000,    0.000000
  160     0.000057,    0.000081,   -0.000022,   -0.000026,    0.000010
  161    -0.000000,   -0.000000,    0.000000,    0.000000,    0.000000
  162    -0.000011,   -0.000069,    0.000271,    0.000183,    0.000083
  163    -0.001505,   -0.003401,    0.007406,    0.005793,    0.004084
  164    -0.001623,   -0.003887,    0.009093,    0.007221,    0.004946
  165    -0.001720,   -0.003080,    0.004230,    0.002239,    0.001544
  166     0.000037,    0.000080,   -0.000143,   -0.000049,    0.000001
  167    -0.000005,    0.000004,   -0.000040,   -0.000129,   -0.000062
  168     0.000133,    0.000318,   -0.000743,   -0.000605,   -0.000414
  169     0.000316,    0.000517,   -0.000520,   -0.000171,   -0.000171
  170    -0.000291,   -0.000467,    0.000457,    0.000037,    0.000063
  171     0.000197,    0.000326,   -0.000347,   -0.000498,   -0.000372
  172    -0.000028,   -0.000051,    0.000072,    0.000023,    0.000022
  173     0.000061,    0.000082,   -0.000012,    0.000032,    0.000013
  174    -0.000120,   -0.000201,    0.000217,    0.000154,    0.000101
  175     0.000030,    0.000028,    0.000062,    0.000026,    0.000014
  176     0.000116,    0.000156,   -0.000019,   -0.000029,   -0.000029
                 5,           6,           7,           8,           9
    0    -0.004454,    0.002265,    0.000000,   -0.006913,    0.003221
    1    -0.008864,    0.004444,    0.000000,   -0.012598,    0.005770
    2     0.010397,   -0.004560,   -0.000002,    0.014731,   -0.006013
    3     0.059084,   -0.034102,    0.000007,    0.038685,   -0.021242
    4     0.010628,   -0.010584,    0.000004,    0.007392,   -0.006909
    5     0.310151,    0.015338,   -0.000000,    0.169238,    0.022042
    6     0.015338,    0.329153,   -0.000001,    0.023818,    0.194412
    7    -0.000000,   -0.000001,    0.254676,    0.000004,   -0.000004
    8     0.169238,    0.023818,    0.000004,    0.095171,    0.019617
    9     0.022042,    0.194412,   -0.000004,    0.019617,    0.116917
   10     0.000001,   -0.000003,    0.191814,    0.000003,   -0.000004
   11     0.039670,    0.013141,   -0.000001,    0.021728,    0.009751
   12     0.008972,    0.052906,   -0.000004,    0.007467,    0.031521
   13     0.000001,   -0.000002,    0.064835,    0.000002,   -0.000002
   14     0.014720,   -0.004017,   -0.000000,    0.007568,   -0.001436
   15    -0.000000,   -0.000003,    0.006278,   -0.000000,   -0.000002
   16     0.002726,   -0.001627,   -0.000000,    0.001178,   -0.000762
   17    -0.000002,   -0.000000,   -0.010573,   -0.000001,   -0.000000
   18    -0.004252,    0.010890,   -0.000000,   -0.002222,    0.006771
   19     0.008964,   -0.002611,    0.000001,    0.005133,   -0.001265
   20    -0.000000,   -0.000002,    0.008260,    0.000000,   -0.000002
   21    -0.000356,    0.000241,   -0.000002,   -0.000670,    0.000434
   22    -0.000002,   -0.000000,   -0.014668,   -0.000001,    0.000000
   23    -0.002151,    0.004102,   -0.000002,   -0.002542,    0.003928
   24    -0.002187,    0.001171,    0.000000,   -0.000998,    0.000511
   25     0.000000,   -0.000000,   -0.003592,   -0.000000,    0.000000
   26     0.000010,   -0.004281,    0.000000,   -0.000171,   -0.002524
   27     0.000000,   -0.000000,   -0.006204,   -0.000000,   -0.000000
   28    -0.004346,    0.000134,   -0.000000,   -0.002440,   -0.000035
   29    -0.000000,   -0.000000,    0.002114,    0.000000,   -0.000000
   30     0.001780,    0.002201,    0.000000,    0.001298,    0.001067
   31     0.000163,   -0.139066,   -0.000008,   -0.003782,   -0.083483
   32    -0.004362,   -0.174863,   -0.000013,   -0.009493,   -0.103360
   33    -0.002590,   -0.047728,   -0.000001,   -0.002458,   -0.029340
   34     0.004104,    0.001177,    0.000000,    0.002324,    0.000812
   35     0.000626,   -0.012579,   -0.000001,   -0.000016,   -0.007490
   36     0.000000,   -0.000002,    0.003905,    0.000000,   -0.000001
   37     0.008155,    0.002649,    0.000001,    0.004673,    0.001704
   38     0.000271,   -0.013283,   -0.000003,   -0.000983,   -0.007201
   39    -0.000000,   -0.000003,    0.009511,   -0.000000,   -0.000002
   40     0.002415,    0.000822,    0.000000,    0.001400,    0.000514
   41     0.000000,   -0.000000,    0.001807,    0.000000,   -0.000000
   42     0.000056,    0.000720,    0.000000,    0.000068,    0.000405
   43     0.000000,    0.000000,   -0.000409,    0.000000,    0.000000
   44    -0.000161,    0.001617,    0.000000,   -0.000020,    0.000940
   45     0.119327,    0.069092,   -0.000006,    0.069428,    0.045685
   46     0.143600,    0.091294,   -0.000009,    0.082123,    0.060958
   47     0.039074,    0.024707,   -0.000000,    0.021951,    0.017003
   48    -0.009410,   -0.006987,    0.000001,   -0.005612,   -0.004454
   49    -0.006168,    0.000837,    0.000000,   -0.003369,    0.000212
   50     0.000001,    0.000000,    0.003916,    0.000001,    0.000000
   51    -0.008493,   -0.009371,    0.000002,   -0.004823,   -0.006057
   52    -0.006580,    0.003750,    0.000000,   -0.003413,    0.001914
   53     0.000001,    0.000001,    0.009774,    0.000001,    0.000000
   54     0.001425,   -0.000665,   -0.000000,    0.000740,   -0.000305
   55    -0.000000,    0.000000,   -0.000496,   -0.000000,    0.000000
   56    -0.000581,   -0.000365,    0.000000,   -0.000341,   -0.000237
   57    -0.000000,   -0.000000,   -0.001794,   -0.000000,   -0.000000
   58     0.000584,    0.002342,   -0.000000,    0.000457,    0.001365
   59     0.029958,   -0.016212,   -0.000001,    0.032848,   -0.018325
   60     0.064260,   -0.034694,   -0.000002,    0.057778,   -0.031495
   61    -0.120378,    0.067016,    0.000004,   -0.069671,    0.036540
   62    -0.100828,    0.036540,    0.000008,   -0.060627,    0.019992
   63    -0.009253,    0.004578,   -0.000000,   -0.006578,    0.002510
   64    -0.157866,    0.107335,   -0.000002,   -0.066152,    0.046019
   65     0.116061,   -0.053426,    0.000010,    0.067611,   -0.038995
   66     0.000003,   -0.000006,    0.241784,    0.000006,   -0.000007
   67    -0.090667,    0.061538,    0.000002,   -0.035748,    0.024576
   68     0.060024,   -0.041581,    0.000008,    0.035349,   -0.029503
   69     0.000004,   -0.000005,    0.181896,    0.000005,   -0.000006
   70    -0.008371,    0.004693,    0.000001,   -0.003438,    0.001807
   71     0.008631,   -0.014478,    0.000006,    0.004926,   -0.009575
   72     0.000002,   -0.000003,    0.059845,    0.000002,   -0.000003
   73     0.013636,   -0.000609,    0.000000,    0.006653,    0.000796
   74    -0.000000,    0.000000,   -0.006329,   -0.000000,    0.000000
   75     0.004977,   -0.003193,   -0.000000,    0.002726,   -0.001771
   76     0.000000,   -0.000000,    0.011276,    0.000000,   -0.000000
   77     0.000290,    0.012817,   -0.000000,    0.000568,    0.007779
   78     0.015091,    0.002918,   -0.000001,    0.006510,    0.003995
   79     0.000001,    0.000001,   -0.008935,    0.000000,    0.000001
   80     0.007196,   -0.001389,    0.000000,    0.004193,   -0.000848
   81    -0.000000,   -0.000000,    0.016785,    0.000000,   -0.000000
   82     0.011769,    0.022753,   -0.000001,    0.006904,    0.013872
   83     0.003046,   -0.001846,    0.000000,    0.001725,   -0.001126
   84     0.000000,   -0.000000,   -0.003558,    0.000000,    0.000000
   85    -0.001822,    0.000386,   -0.000000,   -0.001132,    0.000378
   86    -0.000000,    0.000000,   -0.006188,   -0.000000,    0.000000
   87     0.002593,   -0.002200,    0.000000,    0.000951,   -0.000944
   88    -0.000000,   -0.000000,    0.002162,   -0.000000,   -0.000000
   89     0.002133,    0.004702,   -0.000000,    0.001507,    0.002866
   90     0.013765,   -0.023377,   -0.000001,    0.007650,   -0.017543
   91     0.035991,   -0.025521,   -0.000002,    0.020091,   -0.019329
   92     0.005883,   -0.022025,    0.000000,    0.003345,   -0.014488
   93    -0.001337,    0.002224,   -0.000000,   -0.000431,    0.001149
   94    -0.001370,    0.001051,    0.000000,   -0.000741,    0.000948
   95     0.000000,   -0.000000,    0.003686,    0.000000,   -0.000000
   96    -0.003438,    0.004056,   -0.000000,   -0.001108,    0.001866
   97    -0.007625,   -0.003974,    0.000001,   -0.004210,   -0.002169
   98     0.000001,   -0.000000,    0.008923,    0.000001,   -0.000000
   99     0.000709,   -0.001637,    0.000000,    0.000167,   -0.000858
  100    -0.000000,    0.000000,   -0.001759,   -0.000000,    0.000000
  101    -0.000177,   -0.000157,    0.000000,   -0.000092,   -0.000082
  102    -0.000000,    0.000000,    0.000330,   -0.000000,    0.000000
  103    -0.000265,   -0.000193,    0.000000,   -0.000128,   -0.000083
  104    -0.006951,   -0.002343,    0.000000,    0.004013,   -0.003977
  105    -0.015266,   -0.005386,    0.000000,    0.002792,   -0.007875
  106     0.029652,    0.012453,   -0.000001,    0.012402,    0.013452
  107     0.029684,    0.015070,   -0.000002,    0.014987,    0.012919
  108     0.014708,   -0.000043,    0.000001,    0.008498,    0.000785
  109     0.054314,    0.002249,   -0.000001,    0.012741,    0.020289
  110     0.000345,   -0.002966,   -0.000002,   -0.004047,   -0.005896
  111     0.000001,    0.000002,   -0.049822,    0.000001,    0.000001
  112     0.040348,    0.000844,    0.000002,    0.011735,    0.012531
  113    -0.008277,   -0.005444,   -0.000000,   -0.006785,   -0.006764
  114     0.000001,    0.000000,   -0.036743,    0.000001,    0.000000
  115     0.016547,    0.001419,    0.000001,    0.006541,    0.004259
  116    -0.000238,   -0.000364,    0.000001,   -0.000617,   -0.001065
  117     0.000000,    0.000002,   -0.013842,    0.000000,    0.000001
  118     0.003363,   -0.000795,    0.000000,    0.001193,    0.000054
  119    -0.000000,    0.000000,    0.000135,   -0.000000,   -0.000000
  120    -0.001534,    0.000656,    0.000001,   -0.000273,   -0.000272
  121     0.000000,   -0.000000,    0.008204,    0.000000,   -0.000000
  122    -0.002542,    0.000706,   -0.000000,   -0.001843,    0.000583
  123     0.004448,   -0.003432,    0.000002,    0.001800,   -0.001692
  124    -0.000002,   -0.000001,    0.001777,   -0.000001,   -0.000001
  125    -0.005230,    0.002612,    0.000002,   -0.002182,    0.000815
  126     0.000001,    0.000000,    0.018371,    0.000001,    0.000000
  127    -0.008473,    0.001172,    0.000000,   -0.004899,    0.000683
  128     0.001820,    0.000128,   -0.000000,    0.000806,    0.000293
  129     0.000000,   -0.000000,    0.001658,    0.000000,   -0.000000
  130    -0.000384,    0.000148,   -0.000000,   -0.000127,    0.000064
  131    -0.000000,   -0.000000,   -0.001817,   -0.000000,   -0.000000
  132    -0.000121,    0.000036,    0.000000,    0.000069,   -0.000120
  133    -0.000000,   -0.000000,    0.001786,   -0.000000,   -0.000000
  134    -0.001521,    0.000049,   -0.000000,   -0.000939,    0.000151
  135    -0.008651,    0.002307,    0.027164,   -0.002219,   -0.002239
  136    -0.009664,    0.001790,    0.033712,   -0.002451,   -0.003352
  137    -0.007397,    0.001272,    0.022260,   -0.003227,   -0.000661
  138     0.000621,    0.000165,    0.000837,    0.000253,    0.000137
  139     0.000313,   -0.000124,   -0.000985,    0.000021,   -0.000005
  140    -0.000796,    0.000201,    0.001440,   -0.000180,   -0.000258
  141     0.002216,   -0.000036,   -0.000165,    0.000864,    0.000283
  142    -0.000250,   -0.000039,   -0.000503,   -0.000299,   -0.000044
  143    -0.000051,   -0.000137,   -0.001055,    0.000160,   -0.000467
  144    -0.000082,   -0.000053,   -0.000218,   -0.000043,   -0.000060
  145     0.000146,   -0.000005,   -0.000262,    0.000030,    0.000019
  146    -0.000341,    0.000016,    0.000144,   -0.000118,   -0.000097
  147     0.000268,    0.000033,    0.000026,    0.000093,    0.000042
  148     0.000238,    0.000020,   -0.000184,    0.000060,    0.000062
  149     0.010897,   -0.000592,   -0.000002,    0.006523,    0.002922
  150     0.002638,   -0.006175,   -0.000001,    0.002154,   -0.000419
  151     0.006257,   -0.005472,   -0.000000,    0.003419,   -0.002268
  152     0.000363,    0.000024,    0.000000,   -0.000062,    0.000285
  153     0.000673,    0.000315,   -0.000000,    0.000390,    0.000517
  154    -0.000000,   -0.000000,   -0.000741,   -0.000000,   -0.000000
  155     0.000622,   -0.003412,    0.000000,   -0.000282,   -0.001493
  156    -0.003089,   -0.000552,    0.000000,   -0.001707,   -0.000194
  157     0.000000,    0.000000,   -0.000634,    0.000000,    0.000000
  158     0.000159,   -0.000142,    0.000000,   -0.000064,    0.000073
  159     0.000000,   -0.000000,   -0.000125,    0.000000,   -0.000000
  160     0.000154,    0.000174,    0.000000,    0.000095,    0.000090
  161     0.000000,    0.000000,    0.000214,    0.000000,    0.000000
  162    -0.000118,   -0.000311,    0.000000,   -0.000048,   -0.000240
  163    -0.008655,    0.002309,   -0.027161,   -0.002221,   -0.002240
  164    -0.009670,    0.001794,   -0.033707,   -0.002453,   -0.003351
  165    -0.007400,    0.001272,   -0.022258,   -0.003229,   -0.000661
  166     0.000621,    0.000165,   -0.000837,    0.000253,    0.000137
  167     0.000314,   -0.000124,    0.000985,    0.000021,   -0.000005
  168     0.000796,   -0.000201,    0.001440,    0.000180,    0.000258
  169     0.002217,   -0.000035,    0.000165,    0.000864,    0.000283
  170    -0.000250,   -0.000039,    0.000503,   -0.000299,   -0.000044
  171     0.000051,    0.000136,   -0.001056,   -0.000160,    0.000466
  172    -0.000082,   -0.000053,    0.000218,   -0.000043,   -0.000060
  173    -0.000146,    0.000005,   -0.000262,   -0.000030,   -0.000019
  174    -0.000341,    0.000016,   -0.000144,   -0.000118,   -0.000097
  175    -0.000267,   -0.000033,    0.000026,   -0.000093,   -0.000042
  176     0.000238,    0.000020,    0.000184,    0.000060,    0.000062
                10,          11,          12,          13,          14
    0    -0.000002,   -0.000643,    0.000465,   -0.000001,    0.000133
    1    -0.000003,   -0.001459,    0.000774,   -0.000001,    0.000473
    2     0.000001,    0.002518,   -0.000300,    0.000002,   -0.001580
    3     0.000007,    0.006898,   -0.003900,    0.000004,    0.001745
    4     0.000004,    0.000805,   -0.001052,    0.000001,    0.000300
    5     0.000001,    0.039670,    0.008972,    0.000001,    0.014720
    6    -0.000003,    0.013141,    0.052906,   -0.000002,   -0.004017
    7     0.191814,   -0.000001,   -0.000004,    0.064835,   -0.000000
    8     0.000003,    0.021728,    0.007467,    0.000002,    0.007568
    9    -0.000004,    0.009751,    0.031521,   -0.000002,   -0.001436
   10     0.144476,   -0.000000,   -0.000004,    0.048862,   -0.000000
   11    -0.000000,    0.005737,    0.002908,   -0.000000,    0.001793
   12    -0.000004,    0.002908,    0.008873,   -0.000001,   -0.000228
   13     0.048862,   -0.000000,   -0.000001,    0.016635,   -0.000000
   14    -0.000000,    0.001793,   -0.000228,   -0.000000,    0.000903
   15     0.004725,   -0.000000,   -0.000001,    0.001584,    0.000000
   16    -0.000000,    0.000231,   -0.000168,   -0.000000,    0.000237
   17    -0.007954,   -0.000000,    0.000000,   -0.002652,   -0.000000
   18    -0.000000,    0.000037,    0.001757,   -0.000000,   -0.000193
   19     0.000000,    0.000987,   -0.000020,    0.000000,    0.000606
   20     0.006214,   -0.000000,   -0.000001,    0.002072,   -0.000000
   21    -0.000001,    0.000024,    0.000108,   -0.000000,    0.000109
   22    -0.011031,   -0.000000,    0.000000,   -0.003666,   -0.000000
   23    -0.000001,    0.000416,    0.000726,   -0.000001,    0.000222
   24     0.000000,   -0.000243,    0.000143,    0.000000,   -0.000165
   25    -0.002705,    0.000000,    0.000000,   -0.000910,    0.000000
   26     0.000000,   -0.000150,   -0.000667,    0.000000,    0.000074
   27    -0.004670,    0.000000,    0.000000,   -0.001568,    0.000000
   28    -0.000000,   -0.000518,   -0.000085,   -0.000000,   -0.000210
   29     0.001588,   -0.000000,   -0.000000,    0.000522,   -0.000000
   30     0.000000,    0.000209,    0.000331,    0.000000,   -0.000044
   31    -0.000005,   -0.004749,   -0.022432,   -0.000001,    0.001261
   32    -0.000008,   -0.006156,   -0.028451,   -0.000002,    0.001693
   33    -0.000001,   -0.002282,   -0.007968,    0.000000,    0.000131
   34     0.000000,    0.000544,    0.000264,    0.000000,    0.000163
   35    -0.000001,   -0.000323,   -0.002003,   -0.000000,    0.000153
   36     0.002942,   -0.000000,   -0.000000,    0.000996,    0.000000
   37     0.000001,    0.001119,    0.000620,    0.000000,    0.000331
   38    -0.000002,   -0.000175,   -0.002125,   -0.000001,    0.000277
   39     0.007162,   -0.000000,   -0.000001,    0.002413,    0.000000
   40     0.000000,    0.000317,    0.000172,    0.000000,    0.000085
   41     0.001361,   -0.000000,   -0.000000,    0.000458,    0.000000
   42     0.000000,    0.000021,    0.000121,    0.000000,   -0.000007
   43    -0.000307,    0.000000,    0.000000,   -0.000103,    0.000000
   44     0.000000,    0.000018,    0.000252,    0.000000,   -0.000029
   45    -0.000004,    0.017984,    0.013746,   -0.000001,    0.004571
   46    -0.000006,    0.022293,    0.017809,   -0.000002,    0.005631
   47     0.000000,    0.006125,    0.004832,    0.000000,    0.001715
   48     0.000001,   -0.001464,   -0.001319,    0.000000,   -0.000316
   49     0.000000,   -0.000789,   -0.000009,    0.000000,   -0.000306
   50     0.002950,    0.000000,    0.000000,    0.001002,    0.000000
   51     0.000001,   -0.001523,   -0.001643,    0.000000,   -0.000249
   52     0.000000,   -0.000763,    0.000452,    0.000000,   -0.000362
   53     0.007363,    0.000000,   -0.000000,    0.002497,    0.000000
   54    -0.000000,    0.000177,   -0.000071,   -0.000000,    0.000085
   55    -0.000374,   -0.000000,    0.000000,   -0.000129,   -0.000000
   56     0.000000,   -0.000092,   -0.000064,    0.000000,   -0.000016
   57    -0.001352,   -0.000000,    0.000000,   -0.000459,   -0.000000
   58    -0.000000,    0.000147,    0.000376,   -0.000000,   -0.000023
   59    -0.000003,    0.003561,   -0.000723,    0.000000,    0.002842
   60    -0.000004,    0.006236,   -0.001214,   -0.000000,    0.005645
   61     0.000004,   -0.007601,    0.001804,    0.000001,   -0.009212
   62     0.000006,   -0.007391,   -0.001376,    0.000002,   -0.007385
   63    -0.000000,    0.000041,   -0.000673,   -0.000000,   -0.000881
   64    -0.000003,   -0.021065,    0.014279,   -0.000001,   -0.011949
   65     0.000007,    0.008824,   -0.010876,    0.000004,    0.001406
   66     0.181746,   -0.000001,   -0.000005,    0.060025,   -0.000000
   67    -0.000000,   -0.013004,    0.008221,    0.000000,   -0.007129
   68     0.000006,    0.003632,   -0.008501,    0.000003,    0.000372
   69     0.136729,   -0.000000,   -0.000004,    0.045155,   -0.000000
   70     0.000001,   -0.001371,    0.000529,    0.000000,   -0.000618
   71     0.000004,    0.000045,   -0.002914,    0.000002,   -0.000074
   72     0.045034,   -0.000000,   -0.000002,    0.015065,    0.000000
   73     0.000000,    0.001827,    0.000063,    0.000000,    0.000778
   74    -0.004752,    0.000000,    0.000000,   -0.001549,    0.000000
   75    -0.000000,    0.000334,   -0.000229,    0.000000,    0.000346
   76     0.008522,    0.000000,   -0.000000,    0.002994,   -0.000000
   77    -0.000000,    0.000663,    0.002252,   -0.000000,   -0.000031
   78    -0.000001,    0.002441,    0.000572,   -0.000000,    0.000966
   79    -0.006704,    0.000000,    0.000000,   -0.002167,    0.000000
   80    -0.000000,    0.000628,    0.000123,    0.000000,    0.000408
   81     0.012706,    0.000000,   -0.000000,    0.004544,   -0.000000
   82    -0.000001,    0.002595,    0.004140,   -0.000000,    0.000351
   83     0.000000,    0.000195,   -0.000167,    0.000000,    0.000163
   84    -0.002689,    0.000000,    0.000000,   -0.000942,    0.000000
   85    -0.000000,   -0.000143,    0.000075,   -0.000000,   -0.000023
   86    -0.004644,    0.000000,    0.000000,   -0.001504,   -0.000000
   87     0.000000,    0.000364,   -0.000308,    0.000000,    0.000219
   88     0.001618,   -0.000000,   -0.000000,    0.000506,   -0.000000
   89    -0.000000,    0.000347,    0.000756,   -0.000000,    0.000012
   90    -0.000001,    0.000225,   -0.006882,    0.000000,   -0.001613
   91    -0.000002,    0.002496,   -0.007155,    0.000000,   -0.001024
   92     0.000000,   -0.000726,   -0.004483,    0.000000,   -0.000337
   93    -0.000000,   -0.000165,    0.000334,   -0.000000,   -0.000124
   94     0.000000,   -0.000089,    0.000472,    0.000000,    0.000171
   95     0.002771,   -0.000000,   -0.000000,    0.000918,   -0.000000
   96    -0.000000,   -0.000486,    0.000594,   -0.000000,   -0.000316
   97     0.000001,   -0.001064,   -0.000529,    0.000000,   -0.000064
   98     0.006708,    0.000000,   -0.000000,    0.002216,    0.000000
   99     0.000000,    0.000083,   -0.000246,    0.000000,    0.000080
  100    -0.001322,    0.000000,    0.000000,   -0.000437,    0.000000
  101     0.000000,   -0.000026,   -0.000005,    0.000000,    0.000012
  102     0.000250,   -0.000000,    0.000000,    0.000089,   -0.000000
  103     0.000000,   -0.000027,    0.000008,    0.000000,    0.000029
  104    -0.000000,   -0.001067,    0.000921,    0.000000,   -0.000606
  105    -0.000000,   -0.002187,    0.001077,    0.000001,   -0.001341
  106    -0.000000,    0.003796,    0.001005,   -0.000001,    0.002621
  107    -0.000001,    0.003425,    0.002056,   -0.000001,    0.002300
  108     0.000001,    0.001183,    0.000276,    0.000000,    0.000825
  109     0.000001,    0.013907,   -0.000224,   -0.000000,    0.005487
  110    -0.000001,    0.004225,    0.002575,   -0.000001,    0.000670
  111    -0.039029,   -0.000002,    0.000000,   -0.019100,    0.000000
  112     0.000003,    0.009230,   -0.000208,    0.000000,    0.003757
  113    -0.000000,    0.001311,    0.001012,   -0.000001,    0.000027
  114    -0.028686,   -0.000001,   -0.000000,   -0.013673,    0.000000
  115     0.000001,    0.003035,    0.000345,    0.000000,    0.001272
  116     0.000000,    0.000610,    0.000646,   -0.000000,    0.000168
  117    -0.010698,   -0.000000,    0.000000,   -0.004688,    0.000000
  118     0.000000,    0.000646,   -0.000182,    0.000000,    0.000206
  119     0.000069,   -0.000000,    0.000000,   -0.000108,   -0.000000
  120     0.000001,   -0.000344,    0.000226,    0.000000,   -0.000145
  121     0.006218,    0.000000,   -0.000000,    0.002256,    0.000000
  122    -0.000000,    0.000010,    0.000191,   -0.000000,   -0.000006
  123     0.000001,    0.000586,   -0.000695,    0.000001,    0.000209
  124     0.001303,   -0.000000,   -0.000000,    0.000303,   -0.000000
  125     0.000001,   -0.000704,    0.000509,    0.000000,   -0.000328
  126     0.013851,    0.000000,   -0.000000,    0.004739,    0.000000
  127     0.000000,   -0.000803,    0.000169,   -0.000000,   -0.000266
  128    -0.000000,    0.000284,    0.000021,   -0.000000,    0.000110
  129     0.001244,    0.000000,   -0.000000,    0.000402,    0.000000
  130    -0.000000,   -0.000070,    0.000026,   -0.000000,   -0.000013
  131    -0.001361,    0.000000,    0.000000,   -0.000430,   -0.000000
  132     0.000000,   -0.000061,    0.000018,    0.000000,   -0.000039
  133     0.001338,   -0.000000,   -0.000000,    0.000424,   -0.000000
  134    -0.000000,   -0.000149,    0.000014,   -0.000000,   -0.000016
  135     0.020976,   -0.002097,    0.000709,    0.009120,   -0.000711
  136     0.026021,   -0.002421,    0.000704,    0.011272,   -0.000866
  137     0.016949,   -0.001146,    0.000325,    0.006452,   -0.000455
  138     0.000666,    0.000109,    0.000043,    0.000365,    0.000046
  139    -0.000760,    0.000138,    0.000013,   -0.000327,    0.000036
  140     0.001114,   -0.000207,    0.000065,    0.000491,   -0.000074
  141    -0.000085,    0.000372,    0.000003,    0.000127,    0.000151
  142    -0.000399,    0.000128,    0.000067,   -0.000214,    0.000013
  143    -0.000780,   -0.000149,   -0.000010,   -0.000206,   -0.000052
  144    -0.000169,   -0.000001,   -0.000002,   -0.000074,   -0.000007
  145    -0.000199,    0.000056,    0.000013,   -0.000077,    0.000013
  146     0.000105,   -0.000070,    0.000009,    0.000022,   -0.000027
  147     0.000027,    0.000048,    0.000005,    0.000035,    0.000017
  148    -0.000135,    0.000063,    0.000008,   -0.000032,    0.000021
  149    -0.000002,   -0.000492,   -0.001706,   -0.000001,    0.000453
  150    -0.000001,   -0.002213,   -0.003215,   -0.000000,   -0.000030
  151    -0.000000,   -0.000010,   -0.001534,    0.000000,    0.000193
  152     0.000000,    0.000162,    0.000007,    0.000000,    0.000070
  153    -0.000000,   -0.000068,   -0.000099,   -0.000000,    0.000038
  154    -0.000581,   -0.000000,    0.000000,   -0.000284,   -0.000000
  155     0.000000,    0.000152,   -0.000574,    0.000000,    0.000163
  156     0.000000,   -0.000595,   -0.000305,    0.000000,   -0.000132
  157    -0.000523,    0.000000,    0.000000,   -0.000353,    0.000000
  158     0.000000,    0.000072,   -0.000023,   -0.000000,    0.000040
  159    -0.000105,   -0.000000,    0.000000,   -0.000078,    0.000000
  160     0.000000,    0.000039,    0.000046,    0.000000,    0.000006
  161     0.000161,   -0.000000,    0.000000,    0.000055,   -0.000000
  162     0.000000,   -0.000008,   -0.000029,    0.000000,   -0.000007
  163    -0.020974,   -0.002099,    0.000710,   -0.009119,   -0.000711
  164    -0.026018,   -0.002423,    0.000705,   -0.011271,   -0.000866
  165    -0.016948,   -0.001147,    0.000325,   -0.006452,   -0.000455
  166    -0.000666,    0.000109,    0.000043,   -0.000365,    0.000046
  167     0.000760,    0.000138,    0.000013,    0.000328,    0.000036
  168     0.001113,    0.000207,   -0.000065,    0.000491,    0.000074
  169     0.000085,    0.000372,    0.000003,   -0.000127,    0.000151
  170     0.000399,    0.000128,    0.000067,    0.000213,    0.000013
  171    -0.000781,    0.000149,    0.000009,   -0.000206,    0.000052
  172     0.000169,   -0.000001,   -0.000002,    0.000074,   -0.000007
  173    -0.000199,   -0.000056,   -0.000013,   -0.000077,   -0.000013
  174    -0.000105,   -0.000070,    0.000009,   -0.000022,   -0.000027
  175     0.000027,   -0.000047,   -0.000005,    0.000035,   -0.000017
  176     0.000135,    0.000063,    0.000008,    0.000032,    0.000021
                15,          16,          17,          18,          19
    0    -0.000000,    0.000404,    0.000000,   -0.000207,   -0.000057
    1    -0.000000,    0.002772,    0.000000,   -0.000568,    0.000140
    2     0.000001,   -0.010822,   -0.000001,    0.001665,   -0.001028
    3     0.000001,   -0.007191,   -0.000001,   -0.000858,    0.001583
    4     0.000000,   -0.001662,   -0.000000,   -0.000324,    0.000378
    5    -0.000000,    0.002726,   -0.000002,   -0.004252,    0.008964
    6    -0.000003,   -0.001627,   -0.000000,    0.010890,   -0.002611
    7     0.006278,   -0.000000,   -0.010573,   -0.000000,    0.000001
    8    -0.000000,    0.001178,   -0.000001,   -0.002222,    0.005133
    9    -0.000002,   -0.000762,   -0.000000,    0.006771,   -0.001265
   10     0.004725,   -0.000000,   -0.007954,   -0.000000,    0.000000
   11    -0.000000,    0.000231,   -0.000000,    0.000037,    0.000987
   12    -0.000001,   -0.000168,    0.000000,    0.001757,   -0.000020
   13     0.001584,   -0.000000,   -0.002652,   -0.000000,    0.000000
   14     0.000000,    0.000237,   -0.000000,   -0.000193,    0.000606
   15     0.000156,   -0.000000,   -0.000265,   -0.000000,    0.000000
   16    -0.000000,    0.000387,    0.000000,   -0.000149,    0.000187
   17    -0.000265,    0.000000,    0.000451,    0.000000,   -0.000000
   18    -0.000000,   -0.000149,    0.000000,    0.000747,   -0.000127
   19     0.000000,    0.000187,   -0.000000,   -0.000127,    0.000680
   20     0.000207,   -0.000000,   -0.000352,   -0.000000,    0.000000
   21    -0.000000,    0.000282,    0.000000,    0.000100,    0.000037
   22    -0.000369,    0.000000,    0.000630,    0.000000,   -0.000000
   23    -0.000000,   -0.000105,    0.000000,    0.000917,   -0.000106
   24     0.000000,   -0.000164,   -0.000000,    0.000068,   -0.000106
   25    -0.000089,    0.000000,    0.000150,   -0.000000,   -0.000000
   26     0.000000,    0.000034,   -0.000000,   -0.000139,    0.000071
   27    -0.000154,   -0.000000,    0.000261,   -0.000000,   -0.000000
   28     0.000000,   -0.000058,    0.000000,    0.000094,   -0.000163
   29     0.000054,   -0.000000,   -0.000093,   -0.000000,    0.000000
   30    -0.000000,    0.000005,   -0.000000,   -0.000115,   -0.000034
   31     0.000001,   -0.001501,    0.000000,   -0.004806,    0.000783
   32     0.000001,   -0.001398,    0.000000,   -0.005544,    0.000512
   33     0.000000,   -0.000085,    0.000000,   -0.002128,    0.000072
   34    -0.000000,    0.000029,   -0.000000,   -0.000051,    0.000096
   35     0.000000,   -0.000173,    0.000000,   -0.000402,    0.000093
   36     0.000096,   -0.000000,   -0.000162,   -0.000000,    0.000000
   37    -0.000000,    0.000064,   -0.000000,   -0.000079,    0.000238
   38     0.000000,   -0.000189,    0.000000,   -0.000139,   -0.000018
   39     0.000235,   -0.000000,   -0.000397,   -0.000000,    0.000000
   40    -0.000000,    0.000020,   -0.000000,   -0.000043,    0.000054
   41     0.000045,   -0.000000,   -0.000076,   -0.000000,    0.000000
   42     0.000000,    0.000020,   -0.000000,    0.000009,    0.000004
   43    -0.000010,    0.000000,    0.000017,   -0.000000,    0.000000
   44    -0.000000,    0.000023,   -0.000000,    0.000039,   -0.000011
   45    -0.000001,   -0.001556,   -0.000001,    0.001366,    0.002757
   46    -0.000001,   -0.001446,   -0.000001,    0.002233,    0.002974
   47    -0.000000,   -0.000111,   -0.000000,    0.000744,    0.000988
   48     0.000000,    0.000167,    0.000000,   -0.000145,   -0.000185
   49    -0.000000,    0.000062,    0.000000,    0.000064,   -0.000186
   50     0.000096,   -0.000000,   -0.000161,    0.000000,    0.000000
   51     0.000000,    0.000177,   -0.000000,   -0.000301,    0.000015
   52    -0.000000,    0.000040,    0.000000,    0.000168,   -0.000195
   53     0.000240,   -0.000000,   -0.000403,    0.000000,    0.000000
   54     0.000000,   -0.000011,   -0.000000,   -0.000017,    0.000051
   55    -0.000012,    0.000000,    0.000020,    0.000000,   -0.000000
   56     0.000000,    0.000019,   -0.000000,   -0.000007,   -0.000001
   57    -0.000044,    0.000000,    0.000074,   -0.000000,   -0.000000
   58    -0.000000,   -0.000024,    0.000000,    0.000054,   -0.000025
   59     0.000000,    0.001611,   -0.000000,   -0.001237,    0.010649
   60     0.000000,    0.003072,   -0.000000,   -0.002430,    0.016372
   61    -0.000000,   -0.004392,    0.000000,    0.003823,   -0.011020
   62    -0.000000,   -0.002956,    0.000000,    0.002366,   -0.009654
   63    -0.000000,    0.000109,    0.000000,    0.000022,   -0.001461
   64    -0.000000,   -0.005255,    0.000001,    0.002063,   -0.005223
   65     0.000001,    0.003233,   -0.000001,   -0.012245,   -0.001032
   66     0.006136,   -0.000001,   -0.010503,    0.000000,    0.000001
   67    -0.000000,   -0.002689,    0.000000,    0.000390,   -0.002548
   68     0.000001,    0.001679,   -0.000000,   -0.007669,   -0.000913
   69     0.004616,   -0.000000,   -0.007902,   -0.000000,    0.000001
   70     0.000000,   -0.000067,    0.000000,   -0.000068,   -0.000189
   71     0.000000,    0.000240,   -0.000000,   -0.001738,   -0.000390
   72     0.001495,   -0.000000,   -0.002536,   -0.000000,    0.000000
   73    -0.000000,    0.000385,   -0.000000,   -0.000133,    0.000342
   74    -0.000163,    0.000000,    0.000282,    0.000000,    0.000000
   75     0.000000,    0.000236,   -0.000000,   -0.000237,    0.000351
   76     0.000264,   -0.000000,   -0.000430,    0.000000,    0.000000
   77    -0.000000,   -0.000198,   -0.000000,    0.000724,    0.000046
   78    -0.000000,    0.000330,   -0.000000,    0.000325,    0.000202
   79    -0.000233,    0.000000,    0.000404,    0.000000,    0.000000
   80    -0.000000,    0.000301,   -0.000000,   -0.000287,    0.000468
   81     0.000383,   -0.000000,   -0.000614,   -0.000000,    0.000000
   82    -0.000000,   -0.000068,   -0.000000,    0.000859,    0.000161
   83     0.000000,    0.000118,   -0.000000,   -0.000199,    0.000159
   84    -0.000084,    0.000000,    0.000137,   -0.000000,   -0.000000
   85    -0.000000,   -0.000058,    0.000000,    0.000178,   -0.000014
   86    -0.000161,    0.000000,    0.000279,   -0.000000,   -0.000000
   87     0.000000,    0.000107,   -0.000000,   -0.000025,    0.000081
   88     0.000058,   -0.000000,   -0.000103,   -0.000000,    0.000000
   89    -0.000000,   -0.000015,   -0.000000,    0.000078,    0.000012
   90     0.000000,    0.000365,    0.000000,   -0.004705,   -0.003046
   91     0.000000,    0.000891,    0.000000,   -0.006064,   -0.002931
   92     0.000000,    0.000251,    0.000000,   -0.002319,   -0.000695
   93    -0.000000,   -0.000060,    0.000000,    0.000051,   -0.000041
   94     0.000000,   -0.000021,   -0.000000,    0.000402,    0.000335
   95     0.000093,   -0.000000,   -0.000159,   -0.000000,   -0.000000
   96    -0.000000,   -0.000132,    0.000000,    0.000039,   -0.000098
   97     0.000000,   -0.000120,   -0.000000,    0.000340,    0.000217
   98     0.000226,   -0.000000,   -0.000387,   -0.000000,    0.000000
   99     0.000000,    0.000039,   -0.000000,   -0.000031,    0.000026
  100    -0.000045,    0.000000,    0.000076,    0.000000,    0.000000
  101     0.000000,    0.000006,   -0.000000,    0.000018,    0.000030
  102     0.000008,   -0.000000,   -0.000012,    0.000000,   -0.000000
  103     0.000000,   -0.000001,   -0.000000,    0.000049,    0.000067
  104     0.000000,   -0.000173,    0.000000,   -0.000384,    0.000659
  105     0.000000,   -0.000352,    0.000000,   -0.000895,    0.000434
  106    -0.000000,    0.000592,   -0.000000,    0.001921,    0.002160
  107    -0.000000,    0.000604,   -0.000000,    0.001338,    0.002512
  108     0.000000,    0.000335,   -0.000000,   -0.000300,    0.000837
  109    -0.000000,    0.000828,   -0.000000,    0.005362,   -0.000647
  110     0.000000,    0.000152,   -0.000000,    0.001592,    0.000353
  111    -0.000492,    0.000000,    0.000114,    0.000000,    0.000000
  112    -0.000000,    0.000708,   -0.000000,    0.003122,   -0.000021
  113     0.000000,    0.000059,   -0.000000,    0.000891,    0.000189
  114    -0.000410,    0.000000,    0.000210,    0.000000,    0.000000
  115    -0.000000,    0.000261,   -0.000000,    0.000734,    0.000225
  116     0.000000,    0.000029,   -0.000000,    0.000336,    0.000268
  117    -0.000208,    0.000000,    0.000220,    0.000000,    0.000000
  118     0.000000,    0.000077,   -0.000000,    0.000031,   -0.000063
  119     0.000020,   -0.000000,   -0.000049,    0.000000,    0.000000
  120     0.000000,   -0.000026,   -0.000000,   -0.000101,    0.000077
  121     0.000183,   -0.000000,   -0.000290,   -0.000000,    0.000000
  122    -0.000000,   -0.000053,    0.000000,    0.000329,   -0.000045
  123     0.000000,    0.000156,   -0.000000,   -0.000247,   -0.000070
  124     0.000061,   -0.000000,   -0.000119,    0.000000,   -0.000000
  125     0.000000,   -0.000113,   -0.000000,    0.000083,   -0.000043
  126     0.000446,   -0.000000,   -0.000744,    0.000000,    0.000000
  127    -0.000000,   -0.000145,    0.000000,    0.000480,   -0.000137
  128    -0.000000,    0.000042,   -0.000000,    0.000019,    0.000026
  129     0.000043,   -0.000000,   -0.000075,   -0.000000,    0.000000
  130    -0.000000,   -0.000008,    0.000000,    0.000015,    0.000026
  131    -0.000049,    0.000000,    0.000085,   -0.000000,   -0.000000
  132     0.000000,   -0.000001,   -0.000000,   -0.000060,   -0.000007
  133     0.000048,   -0.000000,   -0.000084,   -0.000000,    0.000000
  134    -0.000000,   -0.000026,    0.000000,    0.000123,   -0.000001
  135     0.000417,   -0.000100,   -0.000456,   -0.000496,    0.000597
  136     0.000522,   -0.000118,   -0.000580,   -0.000719,    0.000615
  137     0.000459,   -0.000124,   -0.000685,   -0.000031,    0.000030
  138     0.000003,    0.000013,    0.000011,    0.000026,    0.000032
  139    -0.000015,    0.000005,    0.000017,    0.000043,   -0.000015
  140     0.000021,   -0.000009,   -0.000022,   -0.000063,    0.000056
  141    -0.000023,    0.000031,    0.000058,    0.000054,    0.000035
  142    -0.000003,   -0.000009,   -0.000005,    0.000078,   -0.000030
  143    -0.000033,    0.000011,    0.000063,   -0.000122,    0.000054
  144    -0.000003,   -0.000002,    0.000004,   -0.000003,   -0.000007
  145    -0.000005,    0.000001,    0.000008,    0.000016,   -0.000006
  146     0.000005,   -0.000004,   -0.000010,   -0.000018,    0.000007
  147    -0.000003,    0.000005,    0.000008,    0.000006,    0.000003
  148    -0.000006,    0.000002,    0.000012,    0.000020,   -0.000001
  149    -0.000000,    0.000162,    0.000000,   -0.000642,    0.000228
  150     0.000000,    0.000083,    0.000000,   -0.001011,   -0.000168
  151     0.000000,    0.000125,   -0.000000,   -0.000664,   -0.000042
  152    -0.000000,    0.000001,   -0.000000,    0.000105,   -0.000011
  153    -0.000000,    0.000007,   -0.000000,   -0.000014,    0.000025
  154    -0.000007,    0.000000,    0.000002,    0.000000,    0.000000
  155     0.000000,    0.000016,   -0.000000,    0.000055,   -0.000011
  156     0.000000,   -0.000022,   -0.000000,    0.000008,   -0.000071
  157     0.000006,    0.000000,   -0.000032,    0.000000,    0.000000
  158    -0.000000,    0.000004,   -0.000000,    0.000052,   -0.000005
  159     0.000002,    0.000000,   -0.000009,    0.000000,    0.000000
  160    -0.000000,    0.000003,    0.000000,    0.000006,    0.000004
  161     0.000005,   -0.000000,   -0.000009,   -0.000000,    0.000000
  162     0.000000,   -0.000005,    0.000000,   -0.000012,   -0.000002
  163    -0.000416,   -0.000100,    0.000456,   -0.000496,    0.000597
  164    -0.000522,   -0.000118,    0.000580,   -0.000718,    0.000615
  165    -0.000459,   -0.000124,    0.000685,   -0.000031,    0.000030
  166    -0.000003,    0.000013,   -0.000011,    0.000026,    0.000032
  167     0.000015,    0.000005,   -0.000017,    0.000043,   -0.000015
  168     0.000021,    0.000009,   -0.000022,    0.000063,   -0.000056
  169     0.000023,    0.000031,   -0.000058,    0.000054,    0.000035
  170     0.000003,   -0.000009,    0.000005,    0.000078,   -0.000030
  171    -0.000033,   -0.000011,    0.000063,    0.000122,   -0.000054
  172     0.000003,   -0.000002,   -0.000004,   -0.000003,   -0.000007
  173    -0.000005,   -0.000001,    0.000008,   -0.000016,    0.000006
  174    -0.000005,   -0.000004,    0.000010,   -0.000018,    0.000007
  175    -0.000003,   -0.000005,    0.000008,   -0.000006,   -0.000003
  176     0.000006,    0.000002,   -0.000012,    0.000020,   -0.000001
                20,          21,          22,          23,          24
    0     0.000000,   -0.002693,   -0.000000,   -0.000523,    0.001714
    1     0.000000,   -0.001770,    0.000000,   -0.000971,    0.001418
    2     0.000001,   -0.008540,   -0.000001,    0.001546,    0.004109
    3     0.000001,   -0.006513,   -0.000001,   -0.000666,    0.002511
    4     0.000000,   -0.001458,   -0.000001,   -0.000466,    0.000662
    5    -0.000000,   -0.000356,   -0.000002,   -0.002151,   -0.002187
    6    -0.000002,    0.000241,   -0.000000,    0.004102,    0.001171
    7     0.008260,   -0.000002,   -0.014668,   -0.000002,    0.000000
    8     0.000000,   -0.000670,   -0.000001,   -0.002542,   -0.000998
    9    -0.000002,    0.000434,    0.000000,    0.003928,    0.000511
   10     0.006214,   -0.000001,   -0.011031,   -0.000001,    0.000000
   11    -0.000000,    0.000024,   -0.000000,    0.000416,   -0.000243
   12    -0.000001,    0.000108,    0.000000,    0.000726,    0.000143
   13     0.002072,   -0.000000,   -0.003666,   -0.000001,    0.000000
   14    -0.000000,    0.000109,   -0.000000,    0.000222,   -0.000165
   15     0.000207,   -0.000000,   -0.000369,   -0.000000,    0.000000
   16    -0.000000,    0.000282,    0.000000,   -0.000105,   -0.000164
   17    -0.000352,    0.000000,    0.000630,    0.000000,   -0.000000
   18    -0.000000,    0.000100,    0.000000,    0.000917,    0.000068
   19     0.000000,    0.000037,   -0.000000,   -0.000106,   -0.000106
   20     0.000275,   -0.000000,   -0.000492,   -0.000000,    0.000000
   21    -0.000000,    0.000340,    0.000000,    0.000311,   -0.000128
   22    -0.000492,    0.000000,    0.000881,    0.000000,   -0.000000
   23    -0.000000,    0.000311,    0.000000,    0.002067,   -0.000019
   24     0.000000,   -0.000128,   -0.000000,   -0.000019,    0.000087
   25    -0.000118,    0.000000,    0.000209,    0.000000,   -0.000000
   26     0.000000,    0.000001,   -0.000000,   -0.000057,   -0.000019
   27    -0.000204,    0.000000,    0.000363,    0.000000,    0.000000
   28    -0.000000,    0.000010,    0.000000,    0.000117,    0.000033
   29     0.000073,   -0.000000,   -0.000131,   -0.000000,    0.000000
   30     0.000000,   -0.000062,   -0.000000,   -0.000371,    0.000010
   31     0.000001,   -0.002044,    0.000000,   -0.002616,    0.000326
   32     0.000001,   -0.001764,    0.000001,   -0.001579,    0.000126
   33     0.000000,   -0.000541,    0.000000,   -0.001985,   -0.000017
   34     0.000000,   -0.000016,   -0.000000,   -0.000082,   -0.000022
   35     0.000000,   -0.000193,    0.000000,   -0.000152,    0.000033
   36     0.000126,   -0.000000,   -0.000224,   -0.000000,    0.000000
   37     0.000000,   -0.000011,   -0.000000,   -0.000173,   -0.000042
   38    -0.000000,   -0.000018,    0.000000,    0.000684,   -0.000013
   39     0.000310,   -0.000000,   -0.000552,    0.000000,    0.000000
   40     0.000000,   -0.000014,   -0.000000,   -0.000091,   -0.000012
   41     0.000059,   -0.000000,   -0.000105,   -0.000000,    0.000000
   42     0.000000,    0.000009,   -0.000000,   -0.000027,   -0.000002
   43    -0.000014,    0.000000,    0.000024,   -0.000000,   -0.000000
   44     0.000000,    0.000009,   -0.000000,   -0.000018,    0.000002
   45    -0.000001,   -0.001628,   -0.000001,    0.001415,    0.000208
   46    -0.000001,   -0.001211,   -0.000001,    0.003049,    0.000015
   47    -0.000000,   -0.000106,   -0.000000,    0.001210,   -0.000123
   48     0.000000,    0.000154,    0.000000,   -0.000090,   -0.000032
   49     0.000000,    0.000082,    0.000000,   -0.000051,    0.000008
   50     0.000126,   -0.000000,   -0.000223,   -0.000000,    0.000000
   51     0.000000,    0.000035,   -0.000000,   -0.000413,   -0.000017
   52    -0.000000,    0.000054,    0.000000,   -0.000033,    0.000033
   53     0.000315,   -0.000000,   -0.000558,   -0.000000,    0.000000
   54    -0.000000,   -0.000006,   -0.000000,    0.000041,   -0.000010
   55    -0.000015,    0.000000,    0.000027,   -0.000000,    0.000000
   56     0.000000,    0.000011,   -0.000000,   -0.000011,   -0.000002
   57    -0.000058,    0.000000,    0.000102,    0.000000,   -0.000000
   58    -0.000000,   -0.000010,    0.000000,   -0.000011,    0.000009
   59     0.000001,   -0.002057,   -0.000000,   -0.008124,   -0.000983
   60     0.000001,   -0.002351,   -0.000000,   -0.011872,   -0.001622
   61    -0.000000,   -0.001698,    0.000001,    0.005132,    0.001543
   62    -0.000000,   -0.000695,    0.000000,    0.004196,    0.001024
   63    -0.000000,    0.000243,    0.000000,    0.000349,   -0.000152
   64     0.000000,   -0.004679,    0.000001,   -0.009852,    0.003382
   65     0.000001,   -0.001946,   -0.000001,   -0.020194,   -0.001272
   66     0.008206,   -0.000002,   -0.014733,   -0.000002,    0.000000
   67     0.000000,   -0.002799,    0.000000,   -0.007973,    0.001844
   68     0.000001,   -0.001573,   -0.000001,   -0.012536,   -0.000619
   69     0.006174,   -0.000001,   -0.011085,   -0.000001,    0.000000
   70     0.000000,   -0.000196,   -0.000000,   -0.000850,    0.000109
   71     0.000000,   -0.000406,   -0.000000,   -0.002571,   -0.000106
   72     0.001981,   -0.000000,   -0.003537,   -0.000001,    0.000000
   73    -0.000000,    0.000228,   -0.000000,    0.000338,   -0.000226
   74    -0.000220,    0.000000,    0.000398,    0.000000,   -0.000000
   75     0.000000,    0.000100,   -0.000000,   -0.000289,   -0.000086
   76     0.000336,   -0.000000,   -0.000584,   -0.000000,    0.000000
   77    -0.000000,    0.000059,   -0.000000,    0.000761,    0.000085
   78    -0.000000,    0.000296,   -0.000000,    0.001477,   -0.000224
   79    -0.000315,    0.000000,    0.000572,    0.000000,   -0.000000
   80     0.000000,    0.000095,   -0.000000,   -0.000520,   -0.000102
   81     0.000480,   -0.000000,   -0.000823,   -0.000000,    0.000000
   82    -0.000000,    0.000275,    0.000000,    0.000834,    0.000004
   83     0.000000,    0.000018,   -0.000000,   -0.000299,   -0.000035
   84    -0.000107,    0.000000,    0.000186,    0.000000,   -0.000000
   85    -0.000000,    0.000030,    0.000000,    0.000340,    0.000017
   86    -0.000218,    0.000000,    0.000394,    0.000000,   -0.000000
   87     0.000000,    0.000102,   -0.000000,    0.000238,   -0.000064
   88     0.000081,   -0.000000,   -0.000148,   -0.000000,    0.000000
   89    -0.000000,   -0.000058,   -0.000000,   -0.000069,    0.000007
   90     0.000000,   -0.001262,    0.000000,   -0.007407,   -0.000177
   91     0.000000,   -0.001261,    0.000000,   -0.009566,   -0.000420
   92     0.000000,   -0.000614,    0.000000,   -0.003390,   -0.000093
   93    -0.000000,   -0.000061,    0.000000,   -0.000106,    0.000039
   94    -0.000000,    0.000109,   -0.000000,    0.000648,    0.000010
   95     0.000124,   -0.000000,   -0.000223,   -0.000000,    0.000000
   96    -0.000000,   -0.000143,    0.000000,   -0.000396,    0.000086
   97     0.000000,   -0.000018,   -0.000000,    0.000625,    0.000062
   98     0.000303,   -0.000000,   -0.000543,   -0.000000,   -0.000000
   99     0.000000,    0.000042,   -0.000000,    0.000084,   -0.000024
  100    -0.000060,    0.000000,    0.000107,    0.000000,   -0.000000
  101     0.000000,    0.000010,   -0.000000,    0.000029,   -0.000002
  102     0.000009,   -0.000000,   -0.000016,   -0.000000,    0.000000
  103     0.000000,    0.000009,   -0.000000,    0.000080,   -0.000001
  104     0.000000,   -0.000454,   -0.000000,   -0.003712,    0.000503
  105     0.000000,   -0.000738,   -0.000000,   -0.006083,    0.000803
  106    -0.000000,    0.000672,   -0.000000,    0.005684,   -0.000654
  107    -0.000000,    0.000375,   -0.000000,    0.003396,   -0.000551
  108     0.000000,   -0.000051,   -0.000000,   -0.000378,   -0.000141
  109    -0.000001,    0.002837,   -0.000000,    0.017892,   -0.001515
  110     0.000000,    0.002952,    0.000000,    0.003085,    0.000077
  111    -0.000086,    0.000000,   -0.000523,   -0.000000,   -0.000000
  112    -0.000001,    0.001744,   -0.000000,    0.010841,   -0.001073
  113     0.000000,    0.001865,    0.000000,    0.001489,    0.000106
  114    -0.000162,    0.000000,   -0.000167,   -0.000000,   -0.000000
  115    -0.000000,    0.000433,   -0.000000,    0.002689,   -0.000307
  116     0.000000,    0.000517,    0.000000,    0.000507,    0.000034
  117    -0.000171,    0.000000,    0.000182,    0.000000,   -0.000000
  118    -0.000000,    0.000111,   -0.000000,    0.000399,   -0.000073
  119     0.000038,    0.000000,   -0.000083,   -0.000000,    0.000000
  120     0.000000,   -0.000042,   -0.000000,   -0.000501,    0.000054
  121     0.000226,   -0.000000,   -0.000384,   -0.000000,    0.000000
  122    -0.000000,    0.000164,    0.000000,    0.000664,    0.000013
  123     0.000000,    0.000074,   -0.000000,   -0.000011,   -0.000106
  124     0.000093,   -0.000000,   -0.000181,   -0.000000,    0.000000
  125     0.000000,   -0.000042,   -0.000000,   -0.000330,    0.000103
  126     0.000581,   -0.000000,   -0.001025,   -0.000000,    0.000000
  127    -0.000000,    0.000146,    0.000000,    0.000776,    0.000056
  128    -0.000000,    0.000044,   -0.000000,    0.000143,   -0.000030
  129     0.000058,   -0.000000,   -0.000106,   -0.000000,    0.000000
  130    -0.000000,   -0.000013,    0.000000,   -0.000012,    0.000006
  131    -0.000067,    0.000000,    0.000122,    0.000000,   -0.000000
  132     0.000000,   -0.000029,   -0.000000,   -0.000173,    0.000009
  133     0.000065,   -0.000000,   -0.000119,   -0.000000,    0.000000
  134    -0.000000,    0.000027,    0.000000,    0.000242,    0.000008
  135     0.000356,   -0.000126,   -0.000399,   -0.002341,    0.000246
  136     0.000452,   -0.000159,   -0.000519,   -0.002945,    0.000291
  137     0.000535,   -0.000014,   -0.000867,   -0.000651,    0.000134
  138    -0.000009,    0.000033,    0.000032,    0.000080,   -0.000010
  139    -0.000014,    0.000048,    0.000016,    0.000131,   -0.000007
  140     0.000017,   -0.000017,   -0.000017,   -0.000259,    0.000025
  141    -0.000046,    0.000059,    0.000099,    0.000276,   -0.000036
  142     0.000004,    0.000083,   -0.000016,    0.000167,    0.000004
  143    -0.000049,   -0.000018,    0.000094,   -0.000317,    0.000011
  144    -0.000003,    0.000005,    0.000003,   -0.000010,    0.000002
  145    -0.000006,    0.000019,    0.000010,    0.000047,   -0.000002
  146     0.000008,   -0.000006,   -0.000016,   -0.000073,    0.000007
  147    -0.000006,    0.000012,    0.000014,    0.000034,   -0.000005
  148    -0.000010,    0.000015,    0.000019,    0.000065,   -0.000004
  149    -0.000000,   -0.001148,   -0.000000,   -0.000375,   -0.000249
  150    -0.000000,   -0.001473,   -0.000000,   -0.000906,   -0.000230
  151     0.000000,   -0.000467,   -0.000000,   -0.000658,   -0.000126
  152    -0.000000,    0.000049,   -0.000000,    0.000303,   -0.000016
  153    -0.000000,   -0.000096,   -0.000000,    0.000043,   -0.000021
  154    -0.000001,    0.000000,   -0.000008,   -0.000000,    0.000000
  155     0.000000,    0.000060,   -0.000000,    0.000478,   -0.000040
  156     0.000000,   -0.000076,   -0.000000,    0.000052,   -0.000002
  157     0.000025,    0.000000,   -0.000065,   -0.000000,   -0.000000
  158    -0.000000,    0.000026,   -0.000000,    0.000165,   -0.000010
  159     0.000007,    0.000000,   -0.000017,   -0.000000,    0.000000
  160    -0.000000,    0.000009,    0.000000,   -0.000002,    0.000000
  161     0.000007,   -0.000000,   -0.000012,   -0.000000,    0.000000
  162     0.000000,    0.000004,    0.000000,   -0.000029,    0.000006
  163    -0.000355,   -0.000126,    0.000399,   -0.002342,    0.000246
  164    -0.000452,   -0.000159,    0.000520,   -0.002946,    0.000291
  165    -0.000535,   -0.000014,    0.000867,   -0.000651,    0.000134
  166     0.000009,    0.000033,   -0.000032,    0.000080,   -0.000010
  167     0.000014,    0.000048,   -0.000016,    0.000131,   -0.000007
  168     0.000017,    0.000017,   -0.000017,    0.000259,   -0.000025
  169     0.000046,    0.000059,   -0.000099,    0.000276,   -0.000036
  170    -0.000004,    0.000083,    0.000016,    0.000168,    0.000004
  171    -0.000049,    0.000018,    0.000094,    0.000317,   -0.000011
  172     0.000003,    0.000005,   -0.000003,   -0.000010,    0.000002
  173    -0.000006,   -0.000019,    0.000010,   -0.000047,    0.000002
  174    -0.000008,   -0.000006,    0.000016,   -0.000073,    0.000007
  175    -0.000006,   -0.000012,    0.000014,   -0.000034,    0.000005
  176     0.000010,    0.000015,   -0.000019,    0.000065,   -0.000004
                25,          26,          27,          28,          29
    0    -0.000000,    0.000298,    0.000000,   -0.000507,    0.000000
    1    -0.000000,    0.000430,    0.000000,   -0.000728,    0.000000
    2    -0.000000,   -0.000202,    0.000000,    0.000332,    0.000000
    3    -0.000000,    0.000330,    0.000000,   -0.000598,    0.000000
    4    -0.000000,    0.000117,   -0.000000,   -0.000120,    0.000000
    5     0.000000,    0.000010,    0.000000,   -0.004346,   -0.000000
    6    -0.000000,   -0.004281,   -0.000000,    0.000134,   -0.000000
    7    -0.003592,    0.000000,   -0.006204,   -0.000000,    0.002114
    8    -0.000000,   -0.000171,   -0.000000,   -0.002440,    0.000000
    9     0.000000,   -0.002524,   -0.000000,   -0.000035,   -0.000000
   10    -0.002705,    0.000000,   -0.004670,   -0.000000,    0.001588
   11     0.000000,   -0.000150,    0.000000,   -0.000518,   -0.000000
   12     0.000000,   -0.000667,    0.000000,   -0.000085,   -0.000000
   13    -0.000910,    0.000000,   -0.001568,   -0.000000,    0.000522
   14     0.000000,    0.000074,    0.000000,   -0.000210,   -0.000000
   15    -0.000089,    0.000000,   -0.000154,    0.000000,    0.000054
   16     0.000000,    0.000034,   -0.000000,   -0.000058,   -0.000000
   17     0.000150,   -0.000000,    0.000261,    0.000000,   -0.000093
   18    -0.000000,   -0.000139,   -0.000000,    0.000094,   -0.000000
   19    -0.000000,    0.000071,   -0.000000,   -0.000163,    0.000000
   20    -0.000118,    0.000000,   -0.000204,   -0.000000,    0.000073
   21     0.000000,    0.000001,    0.000000,    0.000010,   -0.000000
   22     0.000209,   -0.000000,    0.000363,    0.000000,   -0.000131
   23     0.000000,   -0.000057,    0.000000,    0.000117,   -0.000000
   24    -0.000000,   -0.000019,    0.000000,    0.000033,    0.000000
   25     0.000051,   -0.000000,    0.000088,    0.000000,   -0.000030
   26    -0.000000,    0.000059,   -0.000000,   -0.000008,    0.000000
   27     0.000088,   -0.000000,    0.000152,   -0.000000,   -0.000053
   28     0.000000,   -0.000008,   -0.000000,    0.000069,   -0.000000
   29    -0.000030,    0.000000,   -0.000053,   -0.000000,    0.000020
   30    -0.000000,   -0.000032,   -0.000000,   -0.000033,    0.000000
   31     0.000000,    0.001737,    0.000000,   -0.000070,    0.000000
   32     0.000000,    0.002156,    0.000000,    0.000069,    0.000000
   33     0.000000,    0.000593,    0.000000,   -0.000033,    0.000000
   34    -0.000000,   -0.000014,   -0.000000,   -0.000058,    0.000000
   35     0.000000,    0.000156,    0.000000,   -0.000009,    0.000000
   36    -0.000055,    0.000000,   -0.000095,   -0.000000,    0.000032
   37    -0.000000,   -0.000028,   -0.000000,   -0.000120,    0.000000
   38     0.000000,    0.000153,    0.000000,    0.000044,   -0.000000
   39    -0.000134,    0.000000,   -0.000232,    0.000000,    0.000080
   40    -0.000000,   -0.000010,   -0.000000,   -0.000036,    0.000000
   41    -0.000026,    0.000000,   -0.000044,    0.000000,    0.000015
   42    -0.000000,   -0.000008,   -0.000000,   -0.000004,    0.000000
   43     0.000006,   -0.000000,    0.000010,   -0.000000,   -0.000004
   44    -0.000000,   -0.000019,   -0.000000,   -0.000001,    0.000000
   45     0.000000,   -0.000867,    0.000000,   -0.001469,   -0.000000
   46     0.000000,   -0.001172,    0.000000,   -0.001690,   -0.000000
   47    -0.000000,   -0.000297,   -0.000000,   -0.000469,   -0.000000
   48    -0.000000,    0.000091,   -0.000000,    0.000112,    0.000000
   49    -0.000000,   -0.000012,   -0.000000,    0.000078,    0.000000
   50    -0.000055,   -0.000000,   -0.000095,   -0.000000,    0.000032
   51    -0.000000,    0.000138,   -0.000000,    0.000068,    0.000000
   52    -0.000000,   -0.000047,   -0.000000,    0.000082,    0.000000
   53    -0.000138,   -0.000000,   -0.000237,   -0.000000,    0.000080
   54     0.000000,    0.000009,    0.000000,   -0.000016,   -0.000000
   55     0.000007,   -0.000000,    0.000012,    0.000000,   -0.000004
   56    -0.000000,    0.000006,   -0.000000,    0.000005,    0.000000
   57     0.000025,    0.000000,    0.000043,    0.000000,   -0.000015
   58     0.000000,   -0.000033,    0.000000,   -0.000004,   -0.000000
   59    -0.000000,    0.000963,    0.000000,   -0.001580,    0.000000
   60    -0.000000,    0.001590,    0.000000,   -0.002623,    0.000000
   61    -0.000000,   -0.001558,   -0.000000,    0.002565,    0.000000
   62    -0.000000,   -0.001078,   -0.000000,    0.002156,    0.000000
   63     0.000000,   -0.000158,   -0.000000,    0.000233,   -0.000000
   64    -0.000000,   -0.001497,    0.000000,    0.001898,    0.000000
   65     0.000000,    0.000445,   -0.000000,   -0.002086,    0.000000
   66    -0.003460,    0.000000,   -0.006022,   -0.000000,    0.002205
   67    -0.000000,   -0.000830,    0.000000,    0.000977,    0.000000
   68    -0.000000,    0.000382,   -0.000000,   -0.001136,    0.000000
   69    -0.002603,    0.000000,   -0.004530,   -0.000000,    0.001659
   70    -0.000000,   -0.000057,   -0.000000,    0.000078,    0.000000
   71    -0.000000,    0.000139,   -0.000000,   -0.000164,    0.000000
   72    -0.000850,    0.000000,   -0.001472,   -0.000000,    0.000519
   73     0.000000,    0.000017,   -0.000000,   -0.000177,   -0.000000
   74     0.000091,   -0.000000,    0.000160,    0.000000,   -0.000061
   75     0.000000,    0.000063,   -0.000000,   -0.000103,    0.000000
   76    -0.000155,    0.000000,   -0.000264,   -0.000000,    0.000078
   77    -0.000000,   -0.000161,   -0.000000,    0.000027,   -0.000000
   78     0.000000,   -0.000033,    0.000000,   -0.000146,   -0.000000
   79     0.000130,   -0.000000,    0.000227,   -0.000000,   -0.000088
   80     0.000000,    0.000047,    0.000000,   -0.000150,   -0.000000
   81    -0.000228,    0.000000,   -0.000386,   -0.000000,    0.000104
   82     0.000000,   -0.000299,    0.000000,   -0.000108,   -0.000000
   83     0.000000,    0.000033,    0.000000,   -0.000063,    0.000000
   84     0.000049,   -0.000000,    0.000084,   -0.000000,   -0.000025
   85     0.000000,   -0.000004,    0.000000,    0.000037,   -0.000000
   86     0.000090,   -0.000000,    0.000157,    0.000000,   -0.000061
   87     0.000000,    0.000030,   -0.000000,   -0.000029,   -0.000000
   88    -0.000032,    0.000000,   -0.000057,    0.000000,    0.000024
   89     0.000000,   -0.000059,    0.000000,   -0.000029,   -0.000000
   90     0.000000,    0.000041,    0.000000,   -0.000199,    0.000000
   91     0.000000,    0.000040,    0.000000,   -0.000545,    0.000000
   92     0.000000,    0.000218,    0.000000,   -0.000144,    0.000000
   93     0.000000,   -0.000028,    0.000000,    0.000015,   -0.000000
   94    -0.000000,    0.000014,   -0.000000,    0.000014,   -0.000000
   95    -0.000053,    0.000000,   -0.000092,   -0.000000,    0.000033
   96     0.000000,   -0.000053,    0.000000,    0.000034,    0.000000
   97    -0.000000,    0.000080,   -0.000000,    0.000092,    0.000000
   98    -0.000128,    0.000000,   -0.000222,   -0.000000,    0.000081
   99    -0.000000,    0.000021,   -0.000000,   -0.000007,    0.000000
  100     0.000025,   -0.000000,    0.000044,    0.000000,   -0.000016
  101    -0.000000,    0.000005,   -0.000000,    0.000000,    0.000000
  102    -0.000004,   -0.000000,   -0.000008,    0.000000,    0.000002
  103    -0.000000,    0.000008,   -0.000000,    0.000001,    0.000000
  104    -0.000000,    0.000141,    0.000000,   -0.000246,    0.000000
  105    -0.000000,    0.000212,    0.000000,   -0.000315,    0.000000
  106    -0.000000,   -0.000139,   -0.000000,   -0.000063,   -0.000000
  107    -0.000000,   -0.000124,   -0.000000,   -0.000225,   -0.000000
  108    -0.000000,    0.000039,   -0.000000,   -0.000233,    0.000000
  109     0.000000,   -0.000117,   -0.000000,    0.000058,   -0.000000
  110    -0.000000,   -0.000028,    0.000000,    0.000071,   -0.000000
  111     0.000495,   -0.000000,    0.000661,    0.000000,    0.000418
  112    -0.000000,   -0.000050,   -0.000000,   -0.000071,   -0.000000
  113    -0.000000,    0.000032,   -0.000000,    0.000133,    0.000000
  114     0.000378,   -0.000000,    0.000523,    0.000000,    0.000255
  115    -0.000000,   -0.000016,   -0.000000,   -0.000114,   -0.000000
  116    -0.000000,    0.000009,   -0.000000,   -0.000002,    0.000000
  117     0.000157,   -0.000000,    0.000237,    0.000000,    0.000036
  118    -0.000000,    0.000000,   -0.000000,   -0.000020,   -0.000000
  119    -0.000007,   -0.000000,   -0.000016,    0.000000,    0.000020
  120    -0.000000,   -0.000002,   -0.000000,   -0.000007,    0.000000
  121    -0.000110,    0.000000,   -0.000185,   -0.000000,    0.000046
  122    -0.000000,   -0.000012,   -0.000000,    0.000058,   -0.000000
  123    -0.000000,    0.000030,   -0.000000,   -0.000046,    0.000000
  124    -0.000030,    0.000000,   -0.000056,    0.000000,    0.000034
  125    -0.000000,   -0.000029,   -0.000000,    0.000050,    0.000000
  126    -0.000257,    0.000000,   -0.000442,   -0.000000,    0.000144
  127    -0.000000,   -0.000018,   -0.000000,    0.000145,   -0.000000
  128     0.000000,   -0.000003,   -0.000000,   -0.000016,   -0.000000
  129    -0.000024,    0.000000,   -0.000042,   -0.000000,    0.000016
  130     0.000000,    0.000001,    0.000000,    0.000003,   -0.000000
  131     0.000027,   -0.000000,    0.000047,    0.000000,   -0.000019
  132    -0.000000,    0.000001,    0.000000,   -0.000007,    0.000000
  133    -0.000026,    0.000000,   -0.000046,    0.000000,    0.000019
  134     0.000000,    0.000001,    0.000000,    0.000028,   -0.000000
  135    -0.000312,   -0.000011,   -0.000472,    0.000018,   -0.000060
  136    -0.000388,   -0.000007,   -0.000589,    0.000011,   -0.000069
  137    -0.000289,   -0.000015,   -0.000475,    0.000071,    0.000083
  138    -0.000007,   -0.000003,   -0.000007,   -0.000004,   -0.000013
  139     0.000011,   -0.000000,    0.000017,    0.000001,    0.000002
  140    -0.000016,   -0.000001,   -0.000024,    0.000000,   -0.000004
  141     0.000008,   -0.000002,    0.000019,   -0.000014,   -0.000023
  142     0.000004,   -0.000002,    0.000005,    0.000009,    0.000007
  143     0.000017,    0.000001,    0.000031,   -0.000008,   -0.000017
  144     0.000002,    0.000000,    0.000004,    0.000001,    0.000001
  145     0.000003,   -0.000001,    0.000006,   -0.000000,   -0.000001
  146    -0.000002,    0.000000,   -0.000005,    0.000002,    0.000003
  147     0.000001,   -0.000001,    0.000002,   -0.000001,   -0.000003
  148     0.000003,   -0.000001,    0.000006,   -0.000000,   -0.000003
  149     0.000000,    0.000029,    0.000000,   -0.000107,    0.000000
  150     0.000000,    0.000087,    0.000000,    0.000008,    0.000000
  151     0.000000,    0.000066,    0.000000,   -0.000084,    0.000000
  152    -0.000000,   -0.000001,   -0.000000,    0.000008,   -0.000000
  153     0.000000,   -0.000002,    0.000000,   -0.000002,    0.000000
  154     0.000007,   -0.000000,    0.000010,    0.000000,    0.000006
  155    -0.000000,    0.000042,   -0.000000,    0.000011,   -0.000000
  156    -0.000000,    0.000005,   -0.000000,    0.000053,    0.000000
  157     0.000003,   -0.000000,   -0.000001,   -0.000000,    0.000020
  158    -0.000000,    0.000002,   -0.000000,    0.000004,   -0.000000
  159     0.000000,    0.000000,   -0.000001,   -0.000000,    0.000005
  160    -0.000000,   -0.000002,    0.000000,   -0.000003,   -0.000000
  161    -0.000003,   -0.000000,   -0.000005,   -0.000000,    0.000002
  162    -0.000000,    0.000004,    0.000000,   -0.000001,    0.000000
  163     0.000312,   -0.000011,    0.000472,    0.000018,    0.000060
  164     0.000388,   -0.000008,    0.000589,    0.000011,    0.000069
  165     0.000288,   -0.000015,    0.000475,    0.000071,   -0.000083
  166     0.000007,   -0.000003,    0.000007,   -0.000004,    0.000013
  167    -0.000011,   -0.000000,   -0.000017,    0.000001,   -0.000002
  168    -0.000016,    0.000001,   -0.000024,   -0.000000,   -0.000004
  169    -0.000008,   -0.000002,   -0.000019,   -0.000014,    0.000023
  170    -0.000004,   -0.000002,   -0.000005,    0.000009,   -0.000007
  171     0.000017,   -0.000001,    0.000031,    0.000008,   -0.000017
  172    -0.000002,    0.000000,   -0.000004,    0.000001,   -0.000001
  173     0.000003,    0.000001,    0.000006,    0.000000,   -0.000001
  174     0.000002,    0.000000,    0.000005,    0.000002,   -0.000003
  175     0.000001,    0.000001,    0.000002,    0.000001,   -0.000003
  176    -0.000003,   -0.000001,   -0.000006,   -0.000000,    0.000003
                30,          31,          32,          33,          34
    0     0.000174,   -0.019266,   -0.032119,   -0.004844,    0.000001
    1     0.000253,   -0.041032,   -0.058217,   -0.008588,   -0.000039
    2    -0.000170,    0.073972,    0.074701,    0.009990,    0.000140
    3     0.000055,    0.068386,    0.070455,    0.012123,    0.000698
    4     0.000024,    0.017111,    0.017516,    0.003188,    0.000119
    5     0.001780,    0.000163,   -0.004362,   -0.002590,    0.004104
    6     0.002201,   -0.139066,   -0.174863,   -0.047728,    0.001177
    7     0.000000,   -0.000008,   -0.000013,   -0.000001,    0.000000
    8     0.001298,   -0.003782,   -0.009493,   -0.002458,    0.002324
    9     0.001067,   -0.083483,   -0.103360,   -0.029340,    0.000812
   10     0.000000,   -0.000005,   -0.000008,   -0.000001,    0.000000
   11     0.000209,   -0.004749,   -0.006156,   -0.002282,    0.000544
   12     0.000331,   -0.022432,   -0.028451,   -0.007968,    0.000264
   13     0.000000,   -0.000001,   -0.000002,    0.000000,    0.000000
   14    -0.000044,    0.001261,    0.001693,    0.000131,    0.000163
   15    -0.000000,    0.000001,    0.000001,    0.000000,   -0.000000
   16     0.000005,   -0.001501,   -0.001398,   -0.000085,    0.000029
   17    -0.000000,    0.000000,    0.000000,    0.000000,   -0.000000
   18    -0.000115,   -0.004806,   -0.005544,   -0.002128,   -0.000051
   19    -0.000034,    0.000783,    0.000512,    0.000072,    0.000096
   20     0.000000,    0.000001,    0.000001,    0.000000,    0.000000
   21    -0.000062,   -0.002044,   -0.001764,   -0.000541,   -0.000016
   22    -0.000000,    0.000000,    0.000001,    0.000000,   -0.000000
   23    -0.000371,   -0.002616,   -0.001579,   -0.001985,   -0.000082
   24     0.000010,    0.000326,    0.000126,   -0.000017,   -0.000022
   25    -0.000000,    0.000000,    0.000000,    0.000000,   -0.000000
   26    -0.000032,    0.001737,    0.002156,    0.000593,   -0.000014
   27    -0.000000,    0.000000,    0.000000,    0.000000,   -0.000000
   28    -0.000033,   -0.000070,    0.000069,   -0.000033,   -0.000058
   29     0.000000,    0.000000,    0.000000,    0.000000,    0.000000
   30     0.000111,   -0.000671,   -0.001138,   -0.000010,    0.000045
   31    -0.000671,    0.074572,    0.089366,    0.023178,   -0.000362
   32    -0.001138,    0.089366,    0.110151,    0.027784,   -0.000563
   33    -0.000010,    0.023178,    0.027784,    0.008470,   -0.000120
   34     0.000045,   -0.000362,   -0.000563,   -0.000120,    0.000060
   35    -0.000076,    0.007044,    0.008464,    0.002079,   -0.000028
   36    -0.000000,    0.000001,    0.000001,    0.000000,   -0.000000
   37     0.000092,   -0.000889,   -0.001448,   -0.000342,    0.000120
   38    -0.000230,    0.007079,    0.009487,    0.001700,   -0.000060
   39    -0.000000,    0.000001,    0.000001,    0.000000,   -0.000000
   40     0.000037,   -0.000267,   -0.000436,   -0.000063,    0.000037
   41    -0.000000,    0.000000,    0.000000,    0.000000,    0.000000
   42     0.000011,   -0.000462,   -0.000597,   -0.000115,    0.000004
   43     0.000000,   -0.000000,   -0.000000,   -0.000000,    0.000000
   44     0.000016,   -0.000935,   -0.001178,   -0.000252,    0.000004
   45     0.000808,   -0.012246,   -0.020014,   -0.009040,    0.001727
   46     0.000843,   -0.021787,   -0.030457,   -0.013204,    0.002071
   47     0.000119,   -0.008063,   -0.010271,   -0.004150,    0.000542
   48    -0.000084,    0.001306,    0.002065,    0.000850,   -0.000143
   49    -0.000006,   -0.001271,   -0.001387,   -0.000157,   -0.000075
   50     0.000000,   -0.000000,   -0.000000,   -0.000000,    0.000000
   51    -0.000068,    0.002452,    0.002960,    0.001308,   -0.000133
   52     0.000008,   -0.002551,   -0.003074,   -0.000586,   -0.000072
   53     0.000000,   -0.000000,   -0.000001,   -0.000000,    0.000000
   54    -0.000009,    0.000498,    0.000623,    0.000086,    0.000015
   55     0.000000,   -0.000000,   -0.000000,   -0.000000,   -0.000000
   56    -0.000005,   -0.000023,   -0.000019,    0.000026,   -0.000009
   57    -0.000000,    0.000000,    0.000000,    0.000000,   -0.000000
   58     0.000029,   -0.000820,   -0.001063,   -0.000281,    0.000016
   59    -0.000029,    0.003650,   -0.013172,    0.002750,    0.000326
   60    -0.000122,    0.007870,   -0.015196,    0.004561,    0.000677
   61     0.000471,   -0.017060,   -0.013865,   -0.004912,   -0.001190
   62     0.000300,   -0.009830,   -0.003632,   -0.001636,   -0.001051
   63     0.000183,   -0.004333,   -0.003364,   -0.000244,   -0.000061
   64     0.001979,   -0.017960,   -0.037130,   -0.003204,   -0.001381
   65     0.004777,    0.022372,    0.019894,    0.022489,    0.002148
   66     0.000000,   -0.000003,   -0.000007,   -0.000001,    0.000000
   67     0.001495,   -0.010286,   -0.022877,   -0.000462,   -0.000738
   68     0.002822,    0.018598,    0.017975,    0.015489,    0.001148
   69     0.000000,   -0.000002,   -0.000005,   -0.000001,    0.000000
   70     0.000142,   -0.001724,   -0.002843,    0.000022,   -0.000072
   71     0.000529,    0.006998,    0.007931,    0.004276,    0.000171
   72     0.000000,    0.000000,   -0.000001,    0.000000,    0.000000
   73    -0.000005,   -0.001572,   -0.001163,   -0.000413,    0.000163
   74    -0.000000,   -0.000000,    0.000000,   -0.000000,   -0.000000
   75     0.000013,    0.000508,    0.000478,    0.000324,    0.000055
   76     0.000000,   -0.000000,   -0.000000,   -0.000000,    0.000000
   77    -0.000047,   -0.004835,   -0.006088,   -0.002339,    0.000020
   78    -0.000168,   -0.003745,   -0.002913,   -0.001622,    0.000160
   79    -0.000000,   -0.000000,   -0.000000,   -0.000000,    0.000000
   80     0.000077,   -0.000463,   -0.001032,    0.000115,    0.000096
   81     0.000000,   -0.000000,   -0.000000,    0.000000,    0.000000
   82     0.000125,   -0.009193,   -0.011539,   -0.003951,    0.000208
   83     0.000044,    0.000466,    0.000373,    0.000313,    0.000040
   84    -0.000000,    0.000000,    0.000000,    0.000000,   -0.000000
   85    -0.000078,   -0.000099,    0.000071,   -0.000270,   -0.000035
   86    -0.000000,    0.000000,    0.000000,    0.000000,   -0.000000
   87    -0.000048,    0.000266,    0.000666,    0.000031,    0.000019
   88     0.000000,    0.000000,    0.000000,    0.000000,    0.000000
   89     0.000055,   -0.001806,   -0.002334,   -0.000537,    0.000044
   90     0.001933,    0.012332,    0.014155,    0.010774,    0.000476
   91     0.002541,    0.012976,    0.014177,    0.012474,    0.000846
   92     0.000648,    0.010415,    0.012012,    0.006149,    0.000145
   93     0.000028,   -0.000617,   -0.000950,   -0.000177,   -0.000008
   94    -0.000191,   -0.000696,   -0.000802,   -0.000840,   -0.000050
   95     0.000000,    0.000000,    0.000000,    0.000000,    0.000000
   96     0.000083,   -0.000866,   -0.001585,   -0.000149,   -0.000020
   97    -0.000274,    0.001640,    0.002120,    0.000014,   -0.000149
   98     0.000000,   -0.000000,   -0.000000,    0.000000,    0.000000
   99    -0.000023,    0.000462,    0.000698,    0.000124,    0.000002
  100    -0.000000,   -0.000000,    0.000000,   -0.000000,   -0.000000
  101    -0.000014,    0.000006,    0.000007,   -0.000024,   -0.000005
  102     0.000000,   -0.000000,   -0.000000,   -0.000000,    0.000000
  103    -0.000031,    0.000036,    0.000026,   -0.000070,   -0.000009
  104     0.000240,    0.002170,   -0.001038,    0.002464,   -0.000010
  105     0.000505,    0.004924,    0.000213,    0.004609,   -0.000047
  106    -0.000906,   -0.010480,   -0.008465,   -0.006775,    0.000172
  107    -0.000550,   -0.009945,   -0.010424,   -0.005696,    0.000244
  108     0.000050,   -0.000795,   -0.001274,   -0.000138,    0.000177
  109    -0.002959,   -0.015891,   -0.000305,   -0.011685,    0.000187
  110    -0.000119,   -0.001502,   -0.004072,   -0.005615,    0.000020
  111    -0.000000,    0.000000,   -0.000000,   -0.000001,   -0.000000
  112    -0.001800,   -0.010000,   -0.000393,   -0.007072,    0.000198
  113    -0.000071,    0.000742,   -0.000974,   -0.002839,   -0.000098
  114    -0.000000,    0.000001,    0.000001,   -0.000001,   -0.000000
  115    -0.000431,   -0.003082,   -0.000859,   -0.002002,    0.000132
  116    -0.000049,   -0.000293,   -0.001089,   -0.001149,   -0.000006
  117    -0.000000,   -0.000001,   -0.000001,   -0.000000,    0.000000
  118    -0.000037,   -0.000260,    0.000280,   -0.000145,    0.000035
  119     0.000000,    0.000000,   -0.000000,   -0.000000,   -0.000000
  120     0.000085,    0.000170,   -0.000504,    0.000131,   -0.000003
  121     0.000000,   -0.000000,   -0.000000,    0.000000,    0.000000
  122    -0.000121,   -0.000590,   -0.000389,   -0.000665,   -0.000049
  123     0.000037,    0.000726,    0.001379,    0.000507,    0.000055
  124    -0.000000,    0.000000,    0.000000,    0.000000,   -0.000000
  125     0.000047,   -0.000511,   -0.001271,   -0.000192,   -0.000050
  126     0.000000,   -0.000001,   -0.000001,   -0.000000,    0.000000
  127    -0.000184,   -0.000536,   -0.000225,   -0.000709,   -0.000132
  128    -0.000012,   -0.000317,   -0.000204,   -0.000145,    0.000020
  129     0.000000,   -0.000000,   -0.000000,   -0.000000,    0.000000
  130    -0.000006,   -0.000032,   -0.000089,   -0.000020,   -0.000006
  131     0.000000,    0.000000,    0.000000,    0.000000,   -0.000000
  132     0.000032,    0.000095,   -0.000039,    0.000122,    0.000004
  133    -0.000000,    0.000000,   -0.000000,   -0.000000,    0.000000
  134    -0.000062,   -0.000099,    0.000041,   -0.000178,   -0.000029
  135     0.000425,    0.001092,   -0.002368,    0.000369,   -0.000041
  136     0.000555,    0.001883,   -0.002164,    0.000733,   -0.000033
  137     0.000107,    0.000352,   -0.000772,    0.000018,   -0.000072
  138    -0.000007,   -0.000155,   -0.000164,   -0.000125,    0.000006
  139    -0.000017,   -0.000058,    0.000028,   -0.000098,    0.000002
  140     0.000048,    0.000141,   -0.000215,    0.000062,   -0.000002
  141    -0.000031,   -0.000207,    0.000003,   -0.000215,    0.000021
  142    -0.000021,   -0.000071,   -0.000029,   -0.000174,   -0.000005
  143     0.000069,    0.000274,   -0.000052,    0.000151,    0.000009
  144     0.000003,    0.000032,    0.000023,    0.000008,   -0.000000
  145    -0.000005,   -0.000032,   -0.000005,   -0.000041,    0.000001
  146     0.000013,    0.000062,   -0.000024,    0.000032,   -0.000002
  147    -0.000001,   -0.000041,   -0.000025,   -0.000037,    0.000003
  148    -0.000008,   -0.000051,   -0.000013,   -0.000055,    0.000002
  149    -0.000072,    0.000211,    0.002388,    0.001900,    0.000091
  150    -0.000072,    0.003083,    0.006422,    0.003658,   -0.000024
  151     0.000078,    0.002395,    0.003620,    0.001875,    0.000073
  152    -0.000054,   -0.000211,    0.000026,   -0.000205,   -0.000004
  153    -0.000021,   -0.000154,    0.000041,    0.000063,    0.000002
  154    -0.000000,    0.000000,   -0.000000,   -0.000000,   -0.000000
  155    -0.000115,    0.001097,    0.001921,    0.000182,   -0.000018
  156    -0.000042,    0.000223,    0.000564,    0.000197,   -0.000049
  157     0.000000,   -0.000000,   -0.000000,   -0.000000,    0.000000
  158    -0.000032,   -0.000074,    0.000075,   -0.000092,   -0.000004
  159    -0.000000,    0.000000,   -0.000000,   -0.000000,    0.000000
  160     0.000003,   -0.000090,   -0.000130,   -0.000037,    0.000003
  161     0.000000,   -0.000000,   -0.000000,    0.000000,    0.000000
  162     0.000004,    0.000176,    0.000167,    0.000052,   -0.000001
  163     0.000425,    0.001093,   -0.002368,    0.000368,   -0.000041
  164     0.000555,    0.001883,   -0.002165,    0.000732,   -0.000033
  165     0.000107,    0.000353,   -0.000771,    0.000018,   -0.000072
  166    -0.000007,   -0.000155,   -0.000164,   -0.000125,    0.000006
  167    -0.000017,   -0.000058,    0.000029,   -0.000098,    0.000002
  168    -0.000048,   -0.000141,    0.000215,   -0.000062,    0.000002
  169    -0.000031,   -0.000207,    0.000002,   -0.000215,    0.000021
  170    -0.000021,   -0.000071,   -0.000029,   -0.000174,   -0.000005
  171    -0.000069,   -0.000273,    0.000052,   -0.000151,   -0.000009
  172     0.000003,    0.000032,    0.000023,    0.000008,   -0.000000
  173     0.000005,    0.000032,    0.000005,    0.000041,   -0.000001
  174     0.000013,    0.000062,   -0.000024,    0.000032,   -0.000002
  175     0.000001,    0.000041,    0.000025,    0.000037,   -0.000003
  176    -0.000008,   -0.000051,   -0.000013,   -0.000055,    0.000002
                35,          36,          37,          38,          39
    0    -0.003534,   -0.000000,    0.000213,   -0.008890,   -0.000001
    1    -0.006404,   -0.000001,    0.000193,   -0.013562,   -0.000001
    2     0.008276,    0.000001,    0.000353,    0.008727,    0.000001
    3     0.007413,    0.000001,    0.001444,    0.007188,    0.000001
    4     0.001817,    0.000000,    0.000289,    0.001645,    0.000000
    5     0.000626,    0.000000,    0.008155,    0.000271,   -0.000000
    6    -0.012579,   -0.000002,    0.002649,   -0.013283,   -0.000003
    7    -0.000001,    0.003905,    0.000001,   -0.000003,    0.009511
    8    -0.000016,    0.000000,    0.004673,   -0.000983,   -0.000000
    9    -0.007490,   -0.000001,    0.001704,   -0.007201,   -0.000002
   10    -0.000001,    0.002942,    0.000001,   -0.000002,    0.007162
   11    -0.000323,   -0.000000,    0.001119,   -0.000175,   -0.000000
   12    -0.002003,   -0.000000,    0.000620,   -0.002125,   -0.000001
   13    -0.000000,    0.000996,    0.000000,   -0.000001,    0.002413
   14     0.000153,    0.000000,    0.000331,    0.000277,    0.000000
   15     0.000000,    0.000096,   -0.000000,    0.000000,    0.000235
   16    -0.000173,   -0.000000,    0.000064,   -0.000189,   -0.000000
   17     0.000000,   -0.000162,   -0.000000,    0.000000,   -0.000397
   18    -0.000402,   -0.000000,   -0.000079,   -0.000139,   -0.000000
   19     0.000093,    0.000000,    0.000238,   -0.000018,    0.000000
   20     0.000000,    0.000126,    0.000000,   -0.000000,    0.000310
   21    -0.000193,   -0.000000,   -0.000011,   -0.000018,   -0.000000
   22     0.000000,   -0.000224,   -0.000000,    0.000000,   -0.000552
   23    -0.000152,   -0.000000,   -0.000173,    0.000684,    0.000000
   24     0.000033,    0.000000,   -0.000042,   -0.000013,    0.000000
   25     0.000000,   -0.000055,   -0.000000,    0.000000,   -0.000134
   26     0.000156,    0.000000,   -0.000028,    0.000153,    0.000000
   27     0.000000,   -0.000095,   -0.000000,    0.000000,   -0.000232
   28    -0.000009,   -0.000000,   -0.000120,    0.000044,    0.000000
   29     0.000000,    0.000032,    0.000000,   -0.000000,    0.000080
   30    -0.000076,   -0.000000,    0.000092,   -0.000230,   -0.000000
   31     0.007044,    0.000001,   -0.000889,    0.007079,    0.000001
   32     0.008464,    0.000001,   -0.001448,    0.009487,    0.000001
   33     0.002079,    0.000000,   -0.000342,    0.001700,    0.000000
   34    -0.000028,   -0.000000,    0.000120,   -0.000060,   -0.000000
   35     0.000681,    0.000000,   -0.000068,    0.000735,    0.000000
   36     0.000000,    0.000060,    0.000000,    0.000000,    0.000146
   37    -0.000068,    0.000000,    0.000280,   -0.000166,   -0.000000
   38     0.000735,    0.000000,   -0.000166,    0.001240,    0.000000
   39     0.000000,    0.000146,   -0.000000,    0.000000,    0.000356
   40    -0.000024,    0.000000,    0.000078,   -0.000063,    0.000000
   41     0.000000,    0.000028,    0.000000,    0.000000,    0.000068
   42    -0.000049,   -0.000000,    0.000012,   -0.000076,    0.000000
   43    -0.000000,   -0.000006,    0.000000,   -0.000000,   -0.000015
   44    -0.000097,   -0.000000,    0.000008,   -0.000134,   -0.000000
   45    -0.000478,   -0.000000,    0.003521,   -0.000171,   -0.000000
   46    -0.001194,   -0.000000,    0.004224,   -0.000108,   -0.000001
   47    -0.000549,   -0.000000,    0.001076,   -0.000143,   -0.000000
   48     0.000061,    0.000000,   -0.000291,    0.000039,    0.000000
   49    -0.000153,   -0.000000,   -0.000149,   -0.000199,   -0.000000
   50    -0.000000,    0.000060,    0.000000,   -0.000000,    0.000146
   51     0.000143,    0.000000,   -0.000267,   -0.000087,    0.000000
   52    -0.000278,   -0.000000,   -0.000147,   -0.000369,   -0.000000
   53    -0.000000,    0.000150,    0.000000,   -0.000000,    0.000364
   54     0.000059,    0.000000,    0.000029,    0.000095,    0.000000
   55    -0.000000,   -0.000008,   -0.000000,   -0.000000,   -0.000018
   56    -0.000009,    0.000000,   -0.000016,   -0.000024,    0.000000
   57     0.000000,   -0.000028,   -0.000000,    0.000000,   -0.000067
   58    -0.000070,   -0.000000,    0.000034,   -0.000076,   -0.000000
   59     0.000218,    0.000000,    0.002100,   -0.006511,   -0.000001
   60     0.000553,    0.000000,    0.003307,   -0.008888,   -0.000001
   61    -0.001539,   -0.000000,   -0.002545,    0.000868,    0.000000
   62    -0.000954,   -0.000000,   -0.002477,    0.001620,    0.000001
   63    -0.000465,   -0.000000,   -0.000084,   -0.000193,   -0.000000
   64    -0.001956,   -0.000000,   -0.003082,   -0.006988,   -0.000001
   65     0.000983,    0.000000,    0.003627,   -0.005572,   -0.000000
   66    -0.000001,    0.003690,    0.000001,   -0.000003,    0.009124
   67    -0.001189,   -0.000000,   -0.001680,   -0.004941,   -0.000001
   68     0.001004,    0.000000,    0.001769,   -0.003114,    0.000000
   69    -0.000001,    0.002776,    0.000001,   -0.000002,    0.006864
   70    -0.000225,   -0.000000,   -0.000209,   -0.000629,   -0.000000
   71     0.000504,    0.000000,    0.000160,   -0.000212,    0.000000
   72    -0.000000,    0.000916,    0.000000,   -0.000001,    0.002245
   73    -0.000148,   -0.000000,    0.000279,    0.000041,    0.000000
   74     0.000000,   -0.000096,   -0.000000,    0.000000,   -0.000240
   75     0.000028,    0.000000,    0.000110,   -0.000084,   -0.000000
   76    -0.000000,    0.000174,    0.000000,   -0.000000,    0.000413
   77    -0.000378,   -0.000000,    0.000137,   -0.000214,   -0.000000
   78    -0.000334,   -0.000000,    0.000212,    0.000261,   -0.000000
   79    -0.000000,   -0.000136,    0.000000,    0.000000,   -0.000340
   80    -0.000073,   -0.000000,    0.000226,   -0.000337,   -0.000000
   81    -0.000000,    0.000260,    0.000000,   -0.000000,    0.000610
   82    -0.000732,   -0.000000,    0.000657,   -0.000547,   -0.000000
   83     0.000025,    0.000000,    0.000084,   -0.000097,   -0.000000
   84     0.000000,   -0.000055,   -0.000000,    0.000000,   -0.000131
   85     0.000010,   -0.000000,   -0.000067,    0.000142,    0.000000
   86     0.000000,   -0.000094,   -0.000000,    0.000000,   -0.000236
   87     0.000027,    0.000000,    0.000049,    0.000133,    0.000000
   88    -0.000000,    0.000033,    0.000000,   -0.000000,    0.000084
   89    -0.000168,   -0.000000,    0.000043,   -0.000207,   -0.000000
   90     0.000658,    0.000000,    0.000473,   -0.001397,   -0.000000
   91     0.000642,    0.000000,    0.001230,   -0.002056,   -0.000000
   92     0.000746,    0.000000,    0.000005,   -0.000209,    0.000000
   93    -0.000059,   -0.000000,   -0.000027,   -0.000120,   -0.000000
   94    -0.000021,   -0.000000,   -0.000058,    0.000152,    0.000000
   95    -0.000000,    0.000056,    0.000000,   -0.000000,    0.000139
   96    -0.000087,   -0.000000,   -0.000061,   -0.000266,   -0.000000
   97     0.000171,    0.000000,   -0.000322,    0.000339,    0.000000
   98    -0.000000,    0.000136,    0.000000,   -0.000000,    0.000337
   99     0.000044,    0.000000,    0.000014,    0.000086,    0.000000
  100     0.000000,   -0.000027,   -0.000000,    0.000000,   -0.000066
  101     0.000002,    0.000000,   -0.000007,    0.000007,    0.000000
  102    -0.000000,    0.000005,    0.000000,   -0.000000,    0.000012
  103     0.000009,    0.000000,   -0.000011,    0.000022,    0.000000
  104     0.000048,   -0.000000,   -0.000390,   -0.001348,   -0.000000
  105     0.000212,    0.000000,   -0.000590,   -0.002018,   -0.000000
  106    -0.000764,   -0.000000,    0.000381,    0.001067,    0.000000
  107    -0.000760,   -0.000000,    0.000580,    0.000081,   -0.000000
  108    -0.000104,    0.000000,    0.000224,   -0.000291,   -0.000000
  109    -0.000842,   -0.000000,   -0.000520,    0.007234,    0.000001
  110     0.000338,   -0.000000,    0.003175,    0.000559,   -0.000000
  111     0.000000,   -0.000837,   -0.000000,    0.000000,   -0.001463
  112    -0.000536,   -0.000000,   -0.000224,    0.004404,    0.000001
  113     0.000354,    0.000000,    0.001867,    0.000283,   -0.000000
  114     0.000000,   -0.000612,   -0.000000,    0.000000,   -0.001105
  115    -0.000184,   -0.000000,    0.000059,    0.001055,    0.000000
  116     0.000060,    0.000000,    0.000575,    0.000017,    0.000000
  117    -0.000000,   -0.000225,   -0.000000,   -0.000000,   -0.000445
  118    -0.000013,    0.000000,    0.000065,    0.000193,    0.000000
  119     0.000000,    0.000000,    0.000000,   -0.000000,    0.000014
  120     0.000007,    0.000000,    0.000073,   -0.000253,   -0.000000
  121    -0.000000,    0.000128,    0.000000,   -0.000000,    0.000296
  122    -0.000017,   -0.000000,    0.000006,    0.000204,    0.000000
  123     0.000051,    0.000000,    0.000092,    0.000123,    0.000000
  124     0.000000,    0.000026,   -0.000000,   -0.000000,    0.000076
  125    -0.000049,    0.000000,   -0.000029,   -0.000248,    0.000000
  126    -0.000000,    0.000282,    0.000000,   -0.000000,    0.000682
  127    -0.000003,   -0.000000,   -0.000192,    0.000284,    0.000000
  128    -0.000025,   -0.000000,    0.000041,    0.000038,    0.000000
  129    -0.000000,    0.000025,    0.000000,   -0.000000,    0.000063
  130    -0.000004,   -0.000000,   -0.000016,   -0.000018,   -0.000000
  131     0.000000,   -0.000027,   -0.000000,    0.000000,   -0.000070
  132     0.000001,    0.000000,    0.000006,   -0.000070,   -0.000000
  133    -0.000000,    0.000027,    0.000000,   -0.000000,    0.000069
  134     0.000001,   -0.000000,   -0.000063,    0.000093,    0.000000
  135     0.000070,    0.000442,    0.000530,   -0.001309,    0.000878
  136     0.000133,    0.000547,    0.000678,   -0.001545,    0.001092
  137     0.000032,    0.000350,    0.000090,   -0.000374,    0.000783
  138    -0.000008,    0.000015,    0.000040,    0.000011,    0.000022
  139     0.000003,   -0.000016,    0.000028,    0.000056,   -0.000032
  140     0.000009,    0.000023,    0.000057,   -0.000138,    0.000046
  141    -0.000006,   -0.000001,    0.000058,    0.000108,   -0.000017
  142     0.000009,   -0.000009,    0.000055,    0.000066,   -0.000014
  143     0.000019,   -0.000015,    0.000084,   -0.000144,   -0.000043
  144     0.000003,   -0.000004,    0.000007,   -0.000001,   -0.000007
  145     0.000001,   -0.000004,    0.000013,    0.000020,   -0.000009
  146     0.000004,    0.000002,    0.000010,   -0.000034,    0.000006
  147    -0.000001,    0.000001,    0.000015,    0.000010,   -0.000001
  148    -0.000001,   -0.000003,    0.000010,    0.000023,   -0.000008
  149    -0.000159,   -0.000000,   -0.001207,    0.000135,    0.000000
  150     0.000040,    0.000000,   -0.001785,    0.000339,    0.000000
  151     0.000129,    0.000000,   -0.000367,    0.000105,    0.000000
  152    -0.000007,   -0.000000,   -0.000015,    0.000123,    0.000000
  153    -0.000027,   -0.000000,   -0.000118,    0.000024,    0.000000
  154     0.000000,   -0.000012,    0.000000,   -0.000000,   -0.000022
  155     0.000115,    0.000000,   -0.000071,    0.000353,    0.000000
  156     0.000007,    0.000000,   -0.000208,    0.000072,    0.000000
  157    -0.000000,   -0.000012,    0.000000,   -0.000000,   -0.000012
  158    -0.000002,   -0.000000,   -0.000014,    0.000070,    0.000000
  159     0.000000,   -0.000002,    0.000000,   -0.000000,   -0.000002
  160    -0.000007,   -0.000000,    0.000014,   -0.000012,   -0.000000
  161    -0.000000,    0.000003,    0.000000,   -0.000000,    0.000008
  162     0.000017,    0.000000,    0.000011,    0.000004,    0.000000
  163     0.000070,   -0.000441,    0.000530,   -0.001309,   -0.000878
  164     0.000133,   -0.000547,    0.000678,   -0.001546,   -0.001092
  165     0.000033,   -0.000350,    0.000090,   -0.000373,   -0.000783
  166    -0.000008,   -0.000015,    0.000040,    0.000011,   -0.000022
  167     0.000003,    0.000016,    0.000028,    0.000056,    0.000032
  168    -0.000009,    0.000023,   -0.000057,    0.000138,    0.000046
  169    -0.000006,    0.000001,    0.000058,    0.000108,    0.000017
  170     0.000009,    0.000009,    0.000055,    0.000066,    0.000014
  171    -0.000019,   -0.000015,   -0.000084,    0.000145,   -0.000043
  172     0.000003,    0.000004,    0.000007,   -0.000001,    0.000007
  173    -0.000001,   -0.000004,   -0.000013,   -0.000020,   -0.000009
  174     0.000004,   -0.000002,    0.000010,   -0.000034,   -0.000006
  175     0.000001,    0.000001,   -0.000015,   -0.000010,   -0.000001
  176    -0.000001,    0.000003,    0.000010,    0.000023,    0.000008
                40,          41,          42,          43,          44
    0     0.000121,   -0.000000,    0.000925,    0.000000,    0.001720
    1     0.000159,   -0.000001,    0.001384,    0.000000,    0.002527
    2    -0.000033,    0.000000,   -0.000782,   -0.000000,   -0.001225
    3     0.000331,    0.000000,   -0.000613,    0.000000,   -0.001057
    4     0.000053,    0.000000,   -0.000132,   -0.000000,   -0.000251
    5     0.002415,    0.000000,    0.000056,    0.000000,   -0.000161
    6     0.000822,   -0.000000,    0.000720,    0.000000,    0.001617
    7     0.000000,    0.001807,    0.000000,   -0.000409,    0.000000
    8     0.001400,    0.000000,    0.000068,    0.000000,   -0.000020
    9     0.000514,   -0.000000,    0.000405,    0.000000,    0.000940
   10     0.000000,    0.001361,    0.000000,   -0.000307,    0.000000
   11     0.000317,   -0.000000,    0.000021,    0.000000,    0.000018
   12     0.000172,   -0.000000,    0.000121,    0.000000,    0.000252
   13     0.000000,    0.000458,    0.000000,   -0.000103,    0.000000
   14     0.000085,    0.000000,   -0.000007,    0.000000,   -0.000029
   15    -0.000000,    0.000045,    0.000000,   -0.000010,   -0.000000
   16     0.000020,   -0.000000,    0.000020,    0.000000,    0.000023
   17    -0.000000,   -0.000076,   -0.000000,    0.000017,   -0.000000
   18    -0.000043,   -0.000000,    0.000009,   -0.000000,    0.000039
   19     0.000054,    0.000000,    0.000004,    0.000000,   -0.000011
   20     0.000000,    0.000059,    0.000000,   -0.000014,    0.000000
   21    -0.000014,   -0.000000,    0.000009,    0.000000,    0.000009
   22    -0.000000,   -0.000105,   -0.000000,    0.000024,   -0.000000
   23    -0.000091,   -0.000000,   -0.000027,   -0.000000,   -0.000018
   24    -0.000012,    0.000000,   -0.000002,   -0.000000,    0.000002
   25    -0.000000,   -0.000026,   -0.000000,    0.000006,   -0.000000
   26    -0.000010,    0.000000,   -0.000008,   -0.000000,   -0.000019
   27    -0.000000,   -0.000044,   -0.000000,    0.000010,   -0.000000
   28    -0.000036,    0.000000,   -0.000004,   -0.000000,   -0.000001
   29     0.000000,    0.000015,    0.000000,   -0.000004,    0.000000
   30     0.000037,   -0.000000,    0.000011,    0.000000,    0.000016
   31    -0.000267,    0.000000,   -0.000462,   -0.000000,   -0.000935
   32    -0.000436,    0.000000,   -0.000597,   -0.000000,   -0.001178
   33    -0.000063,    0.000000,   -0.000115,   -0.000000,   -0.000252
   34     0.000037,    0.000000,    0.000004,    0.000000,    0.000004
   35    -0.000024,    0.000000,   -0.000049,   -0.000000,   -0.000097
   36     0.000000,    0.000028,   -0.000000,   -0.000006,   -0.000000
   37     0.000078,    0.000000,    0.000012,    0.000000,    0.000008
   38    -0.000063,    0.000000,   -0.000076,   -0.000000,   -0.000134
   39     0.000000,    0.000068,    0.000000,   -0.000015,   -0.000000
   40     0.000025,    0.000000,    0.000004,    0.000000,    0.000004
   41     0.000000,    0.000013,    0.000000,   -0.000003,   -0.000000
   42     0.000004,    0.000000,    0.000005,    0.000000,    0.000009
   43     0.000000,   -0.000003,    0.000000,    0.000001,    0.000000
   44     0.000004,   -0.000000,    0.000009,    0.000000,    0.000018
   45     0.000992,   -0.000000,   -0.000029,    0.000000,   -0.000039
   46     0.001172,   -0.000000,   -0.000024,    0.000000,   -0.000021
   47     0.000297,   -0.000000,    0.000008,    0.000000,    0.000030
   48    -0.000083,    0.000000,    0.000004,   -0.000000,    0.000004
   49    -0.000040,   -0.000000,    0.000013,   -0.000000,    0.000027
   50     0.000000,    0.000028,    0.000000,   -0.000006,    0.000000
   51    -0.000074,    0.000000,    0.000011,   -0.000000,    0.000013
   52    -0.000038,   -0.000000,    0.000024,   -0.000000,    0.000051
   53     0.000000,    0.000069,    0.000000,   -0.000016,    0.000000
   54     0.000007,    0.000000,   -0.000006,    0.000000,   -0.000013
   55    -0.000000,   -0.000003,   -0.000000,    0.000001,    0.000000
   56    -0.000005,    0.000000,    0.000003,   -0.000000,    0.000004
   57    -0.000000,   -0.000013,   -0.000000,    0.000003,   -0.000000
   58     0.000011,   -0.000000,    0.000003,    0.000000,    0.000007
   59     0.000405,   -0.000000,    0.000219,    0.000000,    0.000233
   60     0.000659,   -0.000000,    0.000332,    0.000000,    0.000300
   61    -0.000588,    0.000000,   -0.000171,   -0.000000,    0.000088
   62    -0.000562,    0.000000,   -0.000167,   -0.000000,    0.000005
   63     0.000003,    0.000000,    0.000008,    0.000000,    0.000038
   64    -0.000617,   -0.000000,    0.000144,   -0.000000,    0.000488
   65     0.001710,    0.000000,    0.000271,    0.000000,    0.000206
   66     0.000000,    0.001744,    0.000000,   -0.000405,    0.000000
   67    -0.000282,   -0.000000,    0.000107,   -0.000000,    0.000299
   68     0.000940,    0.000000,    0.000139,    0.000000,    0.000111
   69     0.000000,    0.001312,    0.000000,   -0.000305,    0.000000
   70    -0.000027,   -0.000000,    0.000024,   -0.000000,    0.000059
   71     0.000147,    0.000000,   -0.000004,    0.000000,   -0.000023
   72     0.000000,    0.000428,    0.000000,   -0.000098,    0.000000
   73     0.000088,   -0.000000,    0.000010,    0.000000,    0.000017
   74    -0.000000,   -0.000046,   -0.000000,    0.000011,   -0.000000
   75     0.000031,   -0.000000,    0.000012,    0.000000,    0.000004
   76     0.000000,    0.000078,    0.000000,   -0.000017,    0.000000
   77     0.000007,   -0.000000,    0.000014,    0.000000,    0.000029
   78     0.000064,   -0.000000,    0.000010,    0.000000,    0.000047
   79    -0.000000,   -0.000065,   -0.000000,    0.000016,   -0.000000
   80     0.000065,   -0.000000,    0.000028,    0.000000,    0.000024
   81     0.000000,    0.000114,    0.000000,   -0.000024,    0.000000
   82     0.000136,   -0.000000,    0.000042,    0.000000,    0.000047
   83     0.000028,   -0.000000,    0.000009,    0.000000,    0.000005
   84    -0.000000,   -0.000025,   -0.000000,    0.000005,   -0.000000
   85    -0.000028,   -0.000000,   -0.000008,   -0.000000,   -0.000009
   86    -0.000000,   -0.000045,   -0.000000,    0.000011,   -0.000000
   87     0.000008,    0.000000,   -0.000001,    0.000000,   -0.000006
   88     0.000000,    0.000016,    0.000000,   -0.000004,    0.000000
   89     0.000025,   -0.000000,    0.000008,    0.000000,    0.000026
   90     0.000469,    0.000000,    0.000029,    0.000000,    0.000039
   91     0.000744,    0.000000,    0.000069,    0.000000,    0.000050
   92     0.000143,    0.000000,   -0.000010,    0.000000,   -0.000026
   93    -0.000003,   -0.000000,    0.000003,    0.000000,    0.000011
   94    -0.000048,    0.000000,   -0.000005,   -0.000000,   -0.000007
   95     0.000000,    0.000027,    0.000000,   -0.000006,    0.000000
   96    -0.000006,   -0.000000,    0.000005,    0.000000,    0.000017
   97    -0.000114,    0.000000,   -0.000020,   -0.000000,   -0.000019
   98     0.000000,    0.000064,    0.000000,   -0.000015,    0.000000
   99    -0.000000,    0.000000,   -0.000002,   -0.000000,   -0.000008
  100    -0.000000,   -0.000013,   -0.000000,    0.000003,   -0.000000
  101    -0.000004,    0.000000,   -0.000000,   -0.000000,   -0.000001
  102     0.000000,    0.000002,    0.000000,   -0.000000,    0.000000
  103    -0.000008,    0.000000,   -0.000001,   -0.000000,   -0.000002
  104    -0.000081,   -0.000000,    0.000042,   -0.000000,    0.000065
  105    -0.000121,   -0.000000,    0.000065,   -0.000000,    0.000072
  106     0.000069,    0.000000,   -0.000044,   -0.000000,    0.000073
  107     0.000139,   -0.000000,   -0.000004,    0.000000,    0.000093
  108     0.000099,   -0.000000,    0.000018,    0.000000,    0.000047
  109    -0.000300,    0.000000,   -0.000298,   -0.000000,   -0.000182
  110     0.000212,    0.000000,    0.000155,    0.000000,   -0.000364
  111    -0.000000,   -0.000236,   -0.000000,    0.000007,   -0.000000
  112    -0.000137,    0.000000,   -0.000188,   -0.000000,   -0.000110
  113     0.000082,    0.000000,    0.000097,    0.000000,   -0.000250
  114    -0.000000,   -0.000182,   -0.000000,    0.000010,   -0.000000
  115     0.000007,    0.000000,   -0.000042,   -0.000000,   -0.000016
  116     0.000031,    0.000000,    0.000034,    0.000000,   -0.000060
  117    -0.000000,   -0.000077,   -0.000000,    0.000009,   -0.000000
  118     0.000016,    0.000000,   -0.000005,    0.000000,   -0.000008
  119     0.000000,    0.000004,    0.000000,   -0.000002,   -0.000000
  120     0.000013,    0.000000,    0.000014,    0.000000,    0.000003
  121     0.000000,    0.000055,    0.000000,   -0.000011,    0.000000
  122    -0.000034,    0.000000,   -0.000004,   -0.000000,   -0.000017
  123     0.000037,    0.000000,   -0.000003,    0.000000,   -0.000008
  124    -0.000000,    0.000015,    0.000000,   -0.000005,   -0.000000
  125    -0.000020,    0.000000,    0.000012,   -0.000000,    0.000007
  126     0.000000,    0.000129,    0.000000,   -0.000029,    0.000000
  127    -0.000089,    0.000000,   -0.000016,   -0.000000,   -0.000025
  128     0.000010,   -0.000000,    0.000000,    0.000000,    0.000001
  129     0.000000,    0.000012,    0.000000,   -0.000003,    0.000000
  130    -0.000004,   -0.000000,    0.000000,   -0.000000,    0.000002
  131    -0.000000,   -0.000013,   -0.000000,    0.000003,   -0.000000
  132     0.000005,   -0.000000,    0.000003,    0.000000,    0.000003
  133     0.000000,    0.000013,    0.000000,   -0.000003,    0.000000
  134    -0.000024,   -0.000000,   -0.000005,   -0.000000,   -0.000004
  135     0.000084,    0.000152,    0.000076,   -0.000018,    0.000008
  136     0.000114,    0.000190,    0.000091,   -0.000023,    0.000002
  137    -0.000008,    0.000144,    0.000022,   -0.000027,   -0.000007
  138     0.000006,    0.000003,    0.000001,    0.000000,   -0.000002
  139     0.000000,   -0.000006,   -0.000001,    0.000001,   -0.000006
  140     0.000010,    0.000008,    0.000008,   -0.000001,    0.000001
  141     0.000011,   -0.000004,   -0.000003,    0.000002,   -0.000005
  142    -0.000002,   -0.000002,    0.000001,   -0.000000,   -0.000011
  143     0.000020,   -0.000009,    0.000008,    0.000002,   -0.000000
  144     0.000001,   -0.000001,    0.000000,    0.000000,   -0.000001
  145     0.000001,   -0.000002,   -0.000000,    0.000000,   -0.000002
  146     0.000002,    0.000001,    0.000002,   -0.000000,   -0.000000
  147     0.000002,   -0.000000,    0.000000,    0.000000,   -0.000001
  148     0.000001,   -0.000002,   -0.000000,    0.000000,   -0.000001
  149    -0.000036,   -0.000000,   -0.000084,   -0.000000,    0.000155
  150    -0.000121,    0.000000,   -0.000121,   -0.000000,    0.000155
  151     0.000020,    0.000000,   -0.000033,   -0.000000,    0.000037
  152    -0.000009,    0.000000,   -0.000005,   -0.000000,   -0.000005
  153    -0.000008,   -0.000000,   -0.000008,   -0.000000,    0.000015
  154    -0.000000,   -0.000004,    0.000000,    0.000000,   -0.000000
  155    -0.000025,    0.000000,   -0.000017,   -0.000000,   -0.000021
  156    -0.000037,    0.000000,   -0.000012,   -0.000000,    0.000006
  157     0.000000,   -0.000001,    0.000000,   -0.000001,   -0.000000
  158    -0.000006,    0.000000,   -0.000003,   -0.000000,   -0.000002
  159     0.000000,   -0.000000,    0.000000,   -0.000000,   -0.000000
  160     0.000002,   -0.000000,    0.000001,    0.000000,    0.000000
  161     0.000000,    0.000002,    0.000000,   -0.000000,    0.000000
  162     0.000000,    0.000000,    0.000000,    0.000000,   -0.000003
  163     0.000083,   -0.000152,    0.000076,    0.000018,    0.000008
  164     0.000114,   -0.000190,    0.000091,    0.000023,    0.000002
  165    -0.000009,   -0.000144,    0.000022,    0.000027,   -0.000007
  166     0.000006,   -0.000003,    0.000001,   -0.000000,   -0.000002
  167     0.000000,    0.000006,   -0.000001,   -0.000001,   -0.000006
  168    -0.000010,    0.000008,   -0.000008,   -0.000001,   -0.000001
  169     0.000011,    0.000004,   -0.000003,   -0.000002,   -0.000005
  170    -0.000002,    0.000002,    0.000001,    0.000000,   -0.000011
  171    -0.000020,   -0.000009,   -0.000008,    0.000002,    0.000000
  172     0.000001,    0.000001,    0.000000,   -0.000000,   -0.000001
  173    -0.000001,   -0.000002,    0.000000,    0.000000,    0.000002
  174     0.000002,   -0.000001,    0.000002,    0.000000,   -0.000000
  175    -0.000002,   -0.000000,   -0.000000,    0.000000,    0.000001
  176     0.000001,    0.000002,   -0.000000,   -0.000000,   -0.000001
                45,          46,          47,          48,          49
    0    -0.019860,   -0.032048,   -0.005358,    0.003114,    0.001772
    1    -0.042332,   -0.058499,   -0.009559,    0.005633,    0.003242
    2     0.076914,    0.077207,    0.011757,   -0.007284,   -0.004279
    3     0.069147,    0.069987,    0.012380,   -0.006191,   -0.004231
    4     0.014408,    0.014025,    0.001951,   -0.001296,   -0.000920
    5     0.119327,    0.143600,    0.039074,   -0.009410,   -0.006168
    6     0.069092,    0.091294,    0.024707,   -0.006987,    0.000837
    7    -0.000006,   -0.000009,   -0.000000,    0.000001,    0.000000
    8     0.069428,    0.082123,    0.021951,   -0.005612,   -0.003369
    9     0.045685,    0.060958,    0.017003,   -0.004454,    0.000212
   10    -0.000004,   -0.000006,    0.000000,    0.000001,    0.000000
   11     0.017984,    0.022293,    0.006125,   -0.001464,   -0.000789
   12     0.013746,    0.017809,    0.004832,   -0.001319,   -0.000009
   13    -0.000001,   -0.000002,    0.000000,    0.000000,    0.000000
   14     0.004571,    0.005631,    0.001715,   -0.000316,   -0.000306
   15    -0.000001,   -0.000001,   -0.000000,    0.000000,   -0.000000
   16    -0.001556,   -0.001446,   -0.000111,    0.000167,    0.000062
   17    -0.000001,   -0.000001,   -0.000000,    0.000000,    0.000000
   18     0.001366,    0.002233,    0.000744,   -0.000145,    0.000064
   19     0.002757,    0.002974,    0.000988,   -0.000185,   -0.000186
   20    -0.000001,   -0.000001,   -0.000000,    0.000000,    0.000000
   21    -0.001628,   -0.001211,   -0.000106,    0.000154,    0.000082
   22    -0.000001,   -0.000001,   -0.000000,    0.000000,    0.000000
   23     0.001415,    0.003049,    0.001210,   -0.000090,   -0.000051
   24     0.000208,    0.000015,   -0.000123,   -0.000032,    0.000008
   25     0.000000,    0.000000,   -0.000000,   -0.000000,   -0.000000
   26    -0.000867,   -0.001172,   -0.000297,    0.000091,   -0.000012
   27     0.000000,    0.000000,   -0.000000,   -0.000000,   -0.000000
   28    -0.001469,   -0.001690,   -0.000469,    0.000112,    0.000078
   29    -0.000000,   -0.000000,   -0.000000,    0.000000,    0.000000
   30     0.000808,    0.000843,    0.000119,   -0.000084,   -0.000006
   31    -0.012246,   -0.021787,   -0.008063,    0.001306,   -0.001271
   32    -0.020014,   -0.030457,   -0.010271,    0.002065,   -0.001387
   33    -0.009040,   -0.013204,   -0.004150,    0.000850,   -0.000157
   34     0.001727,    0.002071,    0.000542,   -0.000143,   -0.000075
   35    -0.000478,   -0.001194,   -0.000549,    0.000061,   -0.000153
   36    -0.000000,   -0.000000,   -0.000000,    0.000000,   -0.000000
   37     0.003521,    0.004224,    0.001076,   -0.000291,   -0.000149
   38    -0.000171,   -0.000108,   -0.000143,    0.000039,   -0.000199
   39    -0.000000,   -0.000001,   -0.000000,    0.000000,   -0.000000
   40     0.000992,    0.001172,    0.000297,   -0.000083,   -0.000040
   41    -0.000000,   -0.000000,   -0.000000,    0.000000,   -0.000000
   42    -0.000029,   -0.000024,    0.000008,    0.000004,    0.000013
   43     0.000000,    0.000000,    0.000000,   -0.000000,   -0.000000
   44    -0.000039,   -0.000021,    0.000030,    0.000004,    0.000027
   45     0.074380,    0.088585,    0.022410,   -0.006410,   -0.003075
   46     0.088585,    0.107870,    0.027714,   -0.007639,   -0.003568
   47     0.022410,    0.027714,    0.007605,   -0.001889,   -0.000885
   48    -0.006410,   -0.007639,   -0.001889,    0.000566,    0.000252
   49    -0.003075,   -0.003568,   -0.000885,    0.000252,    0.000180
   50     0.000000,    0.000001,    0.000000,   -0.000000,   -0.000000
   51    -0.006582,   -0.008390,   -0.002050,    0.000602,    0.000238
   52    -0.002712,   -0.003168,   -0.000741,    0.000217,    0.000204
   53     0.000001,    0.000001,    0.000000,   -0.000000,   -0.000000
   54     0.000667,    0.000801,    0.000201,   -0.000055,   -0.000048
   55    -0.000000,   -0.000000,   -0.000000,    0.000000,    0.000000
   56    -0.000454,   -0.000555,   -0.000126,    0.000043,    0.000021
   57    -0.000000,   -0.000000,   -0.000000,    0.000000,    0.000000
   58     0.000768,    0.000972,    0.000226,   -0.000078,   -0.000010
   59     0.005172,   -0.008124,    0.002797,   -0.000107,   -0.000475
   60     0.011137,   -0.006966,    0.005104,   -0.000324,   -0.001028
   61    -0.022041,   -0.019805,   -0.007149,    0.000992,    0.002049
   62    -0.026419,   -0.024766,   -0.008133,    0.001595,    0.001873
   63    -0.005820,   -0.004954,   -0.001112,    0.000430,    0.000371
   64    -0.021139,   -0.037111,   -0.015415,    0.000430,    0.002755
   65     0.003427,   -0.001845,   -0.003479,   -0.000313,   -0.000573
   66    -0.000002,   -0.000005,    0.000001,    0.000000,    0.000000
   67    -0.014478,   -0.025442,   -0.010130,    0.000367,    0.001717
   68    -0.002677,   -0.007908,   -0.003895,    0.000226,   -0.000206
   69    -0.000002,   -0.000004,    0.000001,    0.000000,   -0.000000
   70    -0.002912,   -0.004233,   -0.001215,    0.000191,    0.000236
   71    -0.002503,   -0.004115,   -0.001527,    0.000203,   -0.000026
   72    -0.000001,   -0.000002,    0.000000,    0.000000,   -0.000000
   73     0.003219,    0.004541,    0.001645,   -0.000202,   -0.000183
   74     0.000000,    0.000000,    0.000000,   -0.000000,   -0.000000
   75     0.000253,    0.000162,    0.000135,    0.000018,   -0.000052
   76    -0.000000,   -0.000000,    0.000000,    0.000000,    0.000000
   77     0.004097,    0.005389,    0.001378,   -0.000386,   -0.000055
   78     0.004771,    0.007081,    0.002660,   -0.000292,   -0.000223
   79     0.000001,    0.000001,    0.000000,   -0.000000,   -0.000000
   80     0.000985,    0.000945,    0.000345,   -0.000042,   -0.000061
   81    -0.000000,   -0.000001,   -0.000000,    0.000000,    0.000000
   82     0.009944,    0.013278,    0.003241,   -0.000907,   -0.000234
   83     0.000182,    0.000058,    0.000009,    0.000004,   -0.000028
   84     0.000000,    0.000000,    0.000000,   -0.000000,   -0.000000
   85    -0.000090,    0.000020,    0.000044,    0.000007,    0.000003
   86     0.000000,    0.000000,   -0.000000,   -0.000000,    0.000000
   87     0.000132,    0.000423,    0.000235,    0.000019,   -0.000039
   88    -0.000000,   -0.000000,   -0.000000,    0.000000,    0.000000
   89     0.001665,    0.001963,    0.000575,   -0.000155,   -0.000023
   90    -0.009483,   -0.012911,   -0.005043,    0.000638,    0.000318
   91    -0.005155,   -0.007757,   -0.004160,    0.000261,    0.000087
   92    -0.005945,   -0.008806,   -0.002852,    0.000499,    0.000072
   93     0.000127,    0.000012,   -0.000038,   -0.000028,    0.000025
   94     0.000617,    0.000791,    0.000385,   -0.000032,   -0.000031
   95    -0.000000,   -0.000000,   -0.000000,    0.000000,    0.000000
   96    -0.000080,   -0.000487,   -0.000282,   -0.000039,    0.000064
   97    -0.002385,   -0.003236,   -0.000593,    0.000232,    0.000063
   98     0.000000,    0.000000,    0.000000,   -0.000000,   -0.000000
   99    -0.000175,   -0.000117,   -0.000005,    0.000028,   -0.000014
  100     0.000000,    0.000000,    0.000000,   -0.000000,   -0.000000
  101    -0.000081,   -0.000106,   -0.000008,    0.000009,    0.000001
  102     0.000000,    0.000000,    0.000000,   -0.000000,    0.000000
  103    -0.000006,   -0.000038,    0.000030,    0.000005,   -0.000004
  104    -0.002881,   -0.007766,   -0.002215,    0.000322,    0.000211
  105    -0.006439,   -0.013895,   -0.004409,    0.000619,    0.000409
  106     0.013188,    0.018100,    0.007281,   -0.000972,   -0.000637
  107     0.013540,    0.016941,    0.006462,   -0.001058,   -0.000593
  108     0.004145,    0.004287,    0.001544,   -0.000290,   -0.000213
  109     0.022735,    0.041426,    0.017468,   -0.001238,   -0.001456
  110     0.004130,    0.011840,   -0.001263,   -0.000340,   -0.000282
  111     0.000002,    0.000002,    0.000001,   -0.000000,   -0.000000
  112     0.015711,    0.027426,    0.011571,   -0.000895,   -0.001003
  113    -0.001212,    0.002479,   -0.002364,    0.000080,   -0.000021
  114     0.000001,    0.000002,    0.000001,   -0.000000,   -0.000000
  115     0.006416,    0.009785,    0.003766,   -0.000413,   -0.000365
  116     0.000888,    0.002034,   -0.000244,   -0.000067,   -0.000055
  117     0.000001,    0.000001,    0.000000,   -0.000000,   -0.000000
  118     0.000758,    0.001443,    0.000518,   -0.000041,   -0.000057
  119    -0.000000,   -0.000000,   -0.000000,    0.000000,    0.000000
  120    -0.000349,   -0.000790,   -0.000473,    0.000008,    0.000036
  121    -0.000000,   -0.000000,    0.000000,    0.000000,   -0.000000
  122    -0.000176,    0.000312,    0.000055,    0.000020,    0.000010
  123    -0.000036,    0.000311,    0.000187,    0.000029,   -0.000044
  124    -0.000001,   -0.000001,   -0.000000,    0.000000,    0.000000
  125    -0.000954,   -0.001459,   -0.000662,    0.000044,    0.000092
  126     0.000000,    0.000000,    0.000000,    0.000000,   -0.000000
  127    -0.001825,   -0.001758,   -0.000482,    0.000133,    0.000096
  128     0.000535,    0.000810,    0.000276,   -0.000036,   -0.000028
  129    -0.000000,   -0.000000,    0.000000,    0.000000,   -0.000000
  130    -0.000065,   -0.000150,   -0.000025,    0.000005,    0.000006
  131    -0.000000,   -0.000000,   -0.000000,   -0.000000,    0.000000
  132    -0.000113,   -0.000247,   -0.000108,    0.000006,    0.000010
  133    -0.000000,   -0.000000,   -0.000000,    0.000000,    0.000000
  134    -0.000304,   -0.000284,   -0.000018,    0.000028,    0.000013
  135    -0.002364,   -0.004669,   -0.002756,    0.000070,    0.000193
  136    -0.002845,   -0.005528,   -0.003393,    0.000082,    0.000221
  137    -0.001914,   -0.002779,   -0.001352,    0.000103,    0.000129
  138     0.000271,    0.000413,    0.000099,   -0.000021,   -0.000013
  139     0.000154,    0.000351,    0.000081,   -0.000008,   -0.000012
  140    -0.000233,   -0.000471,   -0.000284,    0.000006,    0.000019
  141     0.000826,    0.001254,    0.000390,   -0.000059,   -0.000049
  142     0.000093,    0.000355,    0.000009,   -0.000006,   -0.000007
  143    -0.000157,   -0.000363,   -0.000275,   -0.000001,    0.000011
  144    -0.000030,   -0.000027,   -0.000026,    0.000002,    0.000001
  145     0.000081,    0.000161,    0.000034,   -0.000005,   -0.000005
  146    -0.000115,   -0.000189,   -0.000093,    0.000006,    0.000007
  147     0.000105,    0.000172,    0.000041,   -0.000009,   -0.000006
  148     0.000118,    0.000204,    0.000059,   -0.000008,   -0.000007
  149     0.001244,   -0.000892,    0.002200,   -0.000058,   -0.000084
  150    -0.003454,   -0.007291,    0.000796,    0.000312,    0.000089
  151    -0.000334,   -0.001367,    0.000392,    0.000057,   -0.000052
  152     0.000262,    0.000536,    0.000228,   -0.000012,   -0.000018
  153     0.000139,   -0.000016,    0.000231,   -0.000009,   -0.000005
  154     0.000000,    0.000000,   -0.000000,   -0.000000,   -0.000000
  155    -0.000260,   -0.000044,    0.000163,    0.000053,   -0.000040
  156    -0.001362,   -0.001801,   -0.000301,    0.000105,    0.000061
  157     0.000000,    0.000000,    0.000000,   -0.000000,   -0.000000
  158     0.000072,    0.000200,    0.000107,    0.000000,   -0.000008
  159     0.000000,    0.000000,    0.000000,   -0.000000,   -0.000000
  160     0.000087,    0.000123,    0.000021,   -0.000007,   -0.000002
  161     0.000000,   -0.000000,   -0.000000,   -0.000000,    0.000000
  162    -0.000058,   -0.000079,   -0.000056,    0.000005,   -0.000000
  163    -0.002364,   -0.004669,   -0.002756,    0.000070,    0.000193
  164    -0.002845,   -0.005527,   -0.003393,    0.000082,    0.000221
  165    -0.001914,   -0.002779,   -0.001353,    0.000103,    0.000129
  166     0.000271,    0.000413,    0.000099,   -0.000021,   -0.000013
  167     0.000154,    0.000351,    0.000082,   -0.000008,   -0.000012
  168     0.000233,    0.000471,    0.000284,   -0.000006,   -0.000019
  169     0.000826,    0.001254,    0.000390,   -0.000059,   -0.000049
  170     0.000093,    0.000355,    0.000009,   -0.000006,   -0.000007
  171     0.000157,    0.000363,    0.000275,    0.000001,   -0.000011
  172    -0.000030,   -0.000027,   -0.000026,    0.000002,    0.000001
  173    -0.000081,   -0.000161,   -0.000034,    0.000005,    0.000005
  174    -0.000115,   -0.000189,   -0.000093,    0.000006,    0.000007
  175    -0.000105,   -0.000172,   -0.000041,    0.000009,    0.000006
  176     0.000118,    0.000204,    0.000059,   -0.000008,   -0.000007
                50,          51,          52,          53,          54
    0    -0.000000,    0.007549,    0.003955,   -0.000001,   -0.001398
    1    -0.000001,    0.011381,    0.006155,   -0.000001,   -0.002068
    2     0.000001,   -0.006788,   -0.004398,    0.000001,    0.001055
    3     0.000001,   -0.005049,   -0.004614,    0.000001,    0.001061
    4     0.000000,   -0.001009,   -0.001027,    0.000000,    0.000222
    5     0.000001,   -0.008493,   -0.006580,    0.000001,    0.001425
    6     0.000000,   -0.009371,    0.003750,    0.000001,   -0.000665
    7     0.003916,    0.000002,    0.000000,    0.009774,   -0.000000
    8     0.000001,   -0.004823,   -0.003413,    0.000001,    0.000740
    9     0.000000,   -0.006057,    0.001914,    0.000000,   -0.000305
   10     0.002950,    0.000001,    0.000000,    0.007363,   -0.000000
   11     0.000000,   -0.001523,   -0.000763,    0.000000,    0.000177
   12     0.000000,   -0.001643,    0.000452,   -0.000000,   -0.000071
   13     0.001002,    0.000000,    0.000000,    0.002497,   -0.000000
   14     0.000000,   -0.000249,   -0.000362,    0.000000,    0.000085
   15     0.000096,    0.000000,   -0.000000,    0.000240,    0.000000
   16    -0.000000,    0.000177,    0.000040,   -0.000000,   -0.000011
   17    -0.000161,   -0.000000,    0.000000,   -0.000403,   -0.000000
   18     0.000000,   -0.000301,    0.000168,    0.000000,   -0.000017
   19     0.000000,    0.000015,   -0.000195,    0.000000,    0.000051
   20     0.000126,    0.000000,   -0.000000,    0.000315,   -0.000000
   21    -0.000000,    0.000035,    0.000054,   -0.000000,   -0.000006
   22    -0.000223,   -0.000000,    0.000000,   -0.000558,   -0.000000
   23    -0.000000,   -0.000413,   -0.000033,   -0.000000,    0.000041
   24     0.000000,   -0.000017,    0.000033,    0.000000,   -0.000010
   25    -0.000055,   -0.000000,   -0.000000,   -0.000138,    0.000000
   26    -0.000000,    0.000138,   -0.000047,   -0.000000,    0.000009
   27    -0.000095,   -0.000000,   -0.000000,   -0.000237,    0.000000
   28    -0.000000,    0.000068,    0.000082,   -0.000000,   -0.000016
   29     0.000032,    0.000000,    0.000000,    0.000080,   -0.000000
   30     0.000000,   -0.000068,    0.000008,    0.000000,   -0.000009
   31    -0.000000,    0.002452,   -0.002551,   -0.000000,    0.000498
   32    -0.000000,    0.002960,   -0.003074,   -0.000001,    0.000623
   33    -0.000000,    0.001308,   -0.000586,   -0.000000,    0.000086
   34     0.000000,   -0.000133,   -0.000072,    0.000000,    0.000015
   35    -0.000000,    0.000143,   -0.000278,   -0.000000,    0.000059
   36     0.000060,    0.000000,   -0.000000,    0.000150,    0.000000
   37     0.000000,   -0.000267,   -0.000147,    0.000000,    0.000029
   38    -0.000000,   -0.000087,   -0.000369,   -0.000000,    0.000095
   39     0.000146,    0.000000,   -0.000000,    0.000364,    0.000000
   40     0.000000,   -0.000074,   -0.000038,    0.000000,    0.000007
   41     0.000028,    0.000000,   -0.000000,    0.000069,    0.000000
   42     0.000000,    0.000011,    0.000024,    0.000000,   -0.000006
   43    -0.000006,   -0.000000,   -0.000000,   -0.000016,    0.000000
   44     0.000000,    0.000013,    0.000051,    0.000000,   -0.000013
   45     0.000000,   -0.006582,   -0.002712,    0.000001,    0.000667
   46     0.000001,   -0.008390,   -0.003168,    0.000001,    0.000801
   47     0.000000,   -0.002050,   -0.000741,    0.000000,    0.000201
   48    -0.000000,    0.000602,    0.000217,   -0.000000,   -0.000055
   49    -0.000000,    0.000238,    0.000204,   -0.000000,   -0.000048
   50     0.000060,   -0.000000,   -0.000000,    0.000151,    0.000000
   51    -0.000000,    0.000822,    0.000224,   -0.000000,   -0.000062
   52    -0.000000,    0.000224,    0.000272,   -0.000000,   -0.000062
   53     0.000151,   -0.000000,   -0.000000,    0.000376,    0.000000
   54     0.000000,   -0.000062,   -0.000062,    0.000000,    0.000016
   55    -0.000008,    0.000000,    0.000000,   -0.000019,   -0.000000
   56    -0.000000,    0.000056,    0.000023,    0.000000,   -0.000006
   57    -0.000028,    0.000000,    0.000000,   -0.000069,   -0.000000
   58     0.000000,   -0.000104,    0.000004,   -0.000000,    0.000000
   59     0.000000,    0.005878,    0.000246,   -0.000001,    0.000133
   60     0.000000,    0.008307,   -0.000093,   -0.000001,    0.000269
   61    -0.000000,   -0.002402,    0.002193,    0.000000,   -0.000501
   62    -0.000000,   -0.001582,    0.001735,    0.000000,   -0.000426
   63    -0.000000,   -0.000123,    0.000270,   -0.000000,   -0.000077
   64    -0.000000,    0.001372,    0.004310,   -0.000001,   -0.001000
   65     0.000000,    0.001176,   -0.001385,    0.000000,   -0.000159
   66     0.003661,    0.000002,    0.000000,    0.009178,   -0.000000
   67    -0.000000,    0.001259,    0.002622,   -0.000000,   -0.000611
   68     0.000000,    0.001366,   -0.000677,    0.000000,   -0.000140
   69     0.002754,    0.000001,   -0.000000,    0.006905,   -0.000000
   70    -0.000000,    0.000344,    0.000348,   -0.000000,   -0.000082
   71     0.000000,    0.000406,   -0.000177,    0.000000,   -0.000018
   72     0.000914,    0.000000,   -0.000000,    0.002285,   -0.000000
   73     0.000000,   -0.000228,   -0.000204,    0.000000,    0.000047
   74    -0.000095,   -0.000000,   -0.000000,   -0.000239,    0.000000
   75     0.000000,    0.000132,   -0.000069,   -0.000000,    0.000010
   76     0.000178,    0.000000,    0.000000,    0.000441,   -0.000000
   77     0.000000,   -0.000535,    0.000039,    0.000000,    0.000009
   78     0.000000,   -0.000444,   -0.000182,    0.000000,    0.000051
   79    -0.000133,   -0.000000,   -0.000000,   -0.000336,    0.000000
   80     0.000000,    0.000127,   -0.000057,   -0.000000,    0.000004
   81     0.000268,    0.000000,    0.000000,    0.000662,   -0.000000
   82     0.000000,   -0.001291,   -0.000160,    0.000000,    0.000048
   83     0.000000,    0.000079,   -0.000038,   -0.000000,    0.000001
   84    -0.000056,   -0.000000,   -0.000000,   -0.000139,    0.000000
   85    -0.000000,   -0.000035,    0.000007,   -0.000000,    0.000006
   86    -0.000092,   -0.000000,   -0.000000,   -0.000233,    0.000000
   87     0.000000,   -0.000003,   -0.000068,    0.000000,    0.000015
   88     0.000032,    0.000000,    0.000000,    0.000080,   -0.000000
   89     0.000000,   -0.000146,    0.000032,    0.000000,   -0.000004
   90    -0.000000,    0.000602,   -0.000081,   -0.000000,   -0.000182
   91    -0.000000,    0.000223,   -0.000450,   -0.000000,   -0.000151
   92    -0.000000,    0.000814,   -0.000117,   -0.000000,   -0.000052
   93    -0.000000,   -0.000012,    0.000056,   -0.000000,   -0.000012
   94     0.000000,    0.000004,    0.000002,    0.000000,    0.000019
   95     0.000056,    0.000000,   -0.000000,    0.000140,   -0.000000
   96    -0.000000,    0.000004,    0.000116,   -0.000000,   -0.000025
   97     0.000000,    0.000374,    0.000100,    0.000000,   -0.000002
   98     0.000135,    0.000000,   -0.000000,    0.000339,   -0.000000
   99     0.000000,    0.000018,   -0.000035,    0.000000,    0.000007
  100    -0.000027,   -0.000000,    0.000000,   -0.000067,    0.000000
  101     0.000000,    0.000018,    0.000003,    0.000000,    0.000001
  102     0.000005,    0.000000,    0.000000,    0.000013,   -0.000000
  103     0.000000,    0.000026,    0.000000,    0.000000,    0.000003
  104    -0.000000,    0.001867,    0.000388,   -0.000000,   -0.000155
  105    -0.000000,    0.002667,    0.000570,   -0.000000,   -0.000255
  106     0.000000,   -0.001002,   -0.000267,    0.000000,    0.000240
  107     0.000000,   -0.000733,   -0.000208,    0.000000,    0.000198
  108     0.000000,    0.000056,   -0.000107,    0.000000,    0.000033
  109     0.000000,   -0.003917,   -0.001710,    0.000001,    0.000636
  110    -0.000000,   -0.002269,   -0.001467,    0.000000,    0.000183
  111    -0.001004,   -0.000000,   -0.000000,   -0.002334,    0.000000
  112     0.000000,   -0.002441,   -0.001145,    0.000000,    0.000427
  113    -0.000000,   -0.001072,   -0.000802,    0.000000,    0.000085
  114    -0.000725,   -0.000000,   -0.000000,   -0.001694,    0.000000
  115     0.000000,   -0.000747,   -0.000375,    0.000000,    0.000127
  116     0.000000,   -0.000322,   -0.000241,    0.000000,    0.000031
  117    -0.000256,   -0.000000,   -0.000000,   -0.000608,    0.000000
  118     0.000000,   -0.000150,   -0.000093,    0.000000,    0.000021
  119    -0.000003,    0.000000,   -0.000000,   -0.000004,   -0.000000
  120     0.000000,    0.000076,    0.000036,    0.000000,   -0.000017
  121     0.000132,    0.000000,    0.000000,    0.000326,   -0.000000
  122    -0.000000,   -0.000115,   -0.000021,    0.000000,    0.000010
  123     0.000000,   -0.000029,   -0.000103,    0.000000,    0.000016
  124     0.000022,    0.000000,    0.000000,    0.000058,   -0.000000
  125     0.000000,    0.000074,    0.000114,    0.000000,   -0.000030
  126     0.000285,    0.000000,   -0.000000,    0.000709,   -0.000000
  127    -0.000000,   -0.000016,    0.000085,   -0.000000,   -0.000002
  128     0.000000,   -0.000060,   -0.000033,    0.000000,    0.000008
  129     0.000025,    0.000000,   -0.000000,    0.000062,   -0.000000
  130    -0.000000,    0.000027,    0.000015,   -0.000000,   -0.000002
  131    -0.000027,   -0.000000,   -0.000000,   -0.000068,    0.000000
  132    -0.000000,    0.000027,    0.000012,   -0.000000,   -0.000006
  133     0.000026,    0.000000,    0.000000,    0.000067,   -0.000000
  134    -0.000000,    0.000010,    0.000019,   -0.000000,    0.000001
  135     0.000499,    0.000401,    0.000185,    0.001187,   -0.000076
  136     0.000618,    0.000425,    0.000178,    0.001471,   -0.000090
  137     0.000371,    0.000137,    0.000112,    0.000906,   -0.000037
  138     0.000018,   -0.000039,   -0.000020,    0.000042,    0.000005
  139    -0.000018,   -0.000048,   -0.000029,   -0.000043,    0.000006
  140     0.000027,    0.000039,    0.000017,    0.000063,   -0.000008
  141     0.000004,   -0.000113,   -0.000062,    0.000005,    0.000017
  142    -0.000011,   -0.000073,   -0.000039,   -0.000025,    0.000006
  143    -0.000014,    0.000022,    0.000001,   -0.000036,   -0.000006
  144    -0.000004,   -0.000002,   -0.000003,   -0.000010,   -0.000000
  145    -0.000004,   -0.000021,   -0.000012,   -0.000011,    0.000002
  146     0.000002,    0.000013,    0.000006,    0.000005,   -0.000003
  147     0.000001,   -0.000021,   -0.000009,    0.000003,    0.000002
  148    -0.000002,   -0.000022,   -0.000011,   -0.000006,    0.000003
  149    -0.000000,    0.000742,    0.000438,   -0.000000,   -0.000009
  150    -0.000000,    0.001238,    0.000665,   -0.000000,   -0.000048
  151    -0.000000,    0.000357,    0.000061,   -0.000000,    0.000000
  152     0.000000,   -0.000058,   -0.000023,    0.000000,    0.000009
  153    -0.000000,    0.000055,    0.000047,   -0.000000,   -0.000000
  154    -0.000015,   -0.000000,   -0.000000,   -0.000035,    0.000000
  155     0.000000,    0.000009,   -0.000072,    0.000000,    0.000022
  156    -0.000000,    0.000137,    0.000101,   -0.000000,   -0.000011
  157    -0.000017,   -0.000000,   -0.000000,   -0.000037,    0.000000
  158     0.000000,   -0.000020,   -0.000010,    0.000000,    0.000005
  159    -0.000004,   -0.000000,   -0.000000,   -0.000008,    0.000000
  160     0.000000,   -0.000010,   -0.000004,    0.000000,    0.000000
  161     0.000003,    0.000000,    0.000000,    0.000008,   -0.000000
  162    -0.000000,    0.000005,   -0.000009,    0.000000,    0.000000
  163    -0.000499,    0.000401,    0.000184,   -0.001187,   -0.000076
  164    -0.000618,    0.000425,    0.000178,   -0.001471,   -0.000090
  165    -0.000371,    0.000137,    0.000112,   -0.000906,   -0.000037
  166    -0.000018,   -0.000039,   -0.000020,   -0.000042,    0.000005
  167     0.000018,   -0.000048,   -0.000029,    0.000043,    0.000006
  168     0.000027,   -0.000039,   -0.000017,    0.000063,    0.000008
  169    -0.000004,   -0.000113,   -0.000062,   -0.000005,    0.000017
  170     0.000011,   -0.000073,   -0.000039,    0.000025,    0.000006
  171    -0.000014,   -0.000022,   -0.000001,   -0.000036,    0.000006
  172     0.000004,   -0.000002,   -0.000003,    0.000010,   -0.000000
  173    -0.000004,    0.000021,    0.000012,   -0.000011,   -0.000002
  174    -0.000002,    0.000013,    0.000006,   -0.000005,   -0.000003
  175     0.000001,    0.000021,    0.000009,    0.000003,   -0.000002
  176     0.000002,   -0.000022,   -0.000011,    0.000006,    0.000003
                55,          56,          57,          58,          59
    0     0.000000,    0.000934,    0.000000,   -0.000950,    0.004300
    1     0.000000,    0.001390,    0.000000,   -0.001364,    0.009271
    2    -0.000000,   -0.000751,   -0.000000,    0.000536,   -0.016931
    3    -0.000000,   -0.000593,   -0.000000,    0.000246,    0.012691
    4    -0.000000,   -0.000120,   -0.000000,    0.000040,   -0.008126
    5    -0.000000,   -0.000581,   -0.000000,    0.000584,    0.029958
    6     0.000000,   -0.000365,   -0.000000,    0.002342,   -0.016212
    7    -0.000496,    0.000000,   -0.001794,   -0.000000,   -0.000001
    8    -0.000000,   -0.000341,   -0.000000,    0.000457,    0.032848
    9     0.000000,   -0.000237,   -0.000000,    0.001365,   -0.018325
   10    -0.000374,    0.000000,   -0.001352,   -0.000000,   -0.000003
   11    -0.000000,   -0.000092,   -0.000000,    0.000147,    0.003561
   12     0.000000,   -0.000064,    0.000000,    0.000376,   -0.000723
   13    -0.000129,    0.000000,   -0.000459,   -0.000000,    0.000000
   14    -0.000000,   -0.000016,   -0.000000,   -0.000023,    0.002842
   15    -0.000012,    0.000000,   -0.000044,   -0.000000,    0.000000
   16     0.000000,    0.000019,    0.000000,   -0.000024,    0.001611
   17     0.000020,   -0.000000,    0.000074,    0.000000,   -0.000000
   18     0.000000,   -0.000007,   -0.000000,    0.000054,   -0.001237
   19    -0.000000,   -0.000001,   -0.000000,   -0.000025,    0.010649
   20    -0.000015,    0.000000,   -0.000058,   -0.000000,    0.000001
   21     0.000000,    0.000011,    0.000000,   -0.000010,   -0.002057
   22     0.000027,   -0.000000,    0.000102,    0.000000,   -0.000000
   23    -0.000000,   -0.000011,    0.000000,   -0.000011,   -0.008124
   24     0.000000,   -0.000002,   -0.000000,    0.000009,   -0.000983
   25     0.000007,   -0.000000,    0.000025,    0.000000,   -0.000000
   26    -0.000000,    0.000006,    0.000000,   -0.000033,    0.000963
   27     0.000012,   -0.000000,    0.000043,    0.000000,    0.000000
   28     0.000000,    0.000005,    0.000000,   -0.000004,   -0.001580
   29    -0.000004,    0.000000,   -0.000015,   -0.000000,    0.000000
   30     0.000000,   -0.000005,   -0.000000,    0.000029,   -0.000029
   31    -0.000000,   -0.000023,    0.000000,   -0.000820,    0.003650
   32    -0.000000,   -0.000019,    0.000000,   -0.001063,   -0.013172
   33    -0.000000,    0.000026,    0.000000,   -0.000281,    0.002750
   34    -0.000000,   -0.000009,   -0.000000,    0.000016,    0.000326
   35    -0.000000,   -0.000009,    0.000000,   -0.000070,    0.000218
   36    -0.000008,    0.000000,   -0.000028,   -0.000000,    0.000000
   37    -0.000000,   -0.000016,   -0.000000,    0.000034,    0.002100
   38    -0.000000,   -0.000024,    0.000000,   -0.000076,   -0.006511
   39    -0.000018,    0.000000,   -0.000067,   -0.000000,   -0.000001
   40    -0.000000,   -0.000005,   -0.000000,    0.000011,    0.000405
   41    -0.000003,    0.000000,   -0.000013,   -0.000000,   -0.000000
   42    -0.000000,    0.000003,   -0.000000,    0.000003,    0.000219
   43     0.000001,   -0.000000,    0.000003,    0.000000,    0.000000
   44     0.000000,    0.000004,   -0.000000,    0.000007,    0.000233
   45    -0.000000,   -0.000454,   -0.000000,    0.000768,    0.005172
   46    -0.000000,   -0.000555,   -0.000000,    0.000972,   -0.008124
   47    -0.000000,   -0.000126,   -0.000000,    0.000226,    0.002797
   48     0.000000,    0.000043,    0.000000,   -0.000078,   -0.000107
   49     0.000000,    0.000021,    0.000000,   -0.000010,   -0.000475
   50    -0.000008,   -0.000000,   -0.000028,    0.000000,    0.000000
   51     0.000000,    0.000056,    0.000000,   -0.000104,    0.005878
   52     0.000000,    0.000023,    0.000000,    0.000004,    0.000246
   53    -0.000019,    0.000000,   -0.000069,   -0.000000,   -0.000001
   54    -0.000000,   -0.000006,   -0.000000,    0.000000,    0.000133
   55     0.000001,    0.000000,    0.000004,    0.000000,   -0.000000
   56     0.000000,    0.000005,   -0.000000,   -0.000007,    0.000238
   57     0.000004,   -0.000000,    0.000013,   -0.000000,    0.000000
   58     0.000000,   -0.000007,   -0.000000,    0.000022,   -0.000478
   59    -0.000000,    0.000238,    0.000000,   -0.000478,    0.457621
   60    -0.000000,    0.000361,    0.000000,   -0.000754,    0.615273
   61     0.000000,   -0.000200,   -0.000000,    0.000596,   -0.047810
   62     0.000000,   -0.000129,   -0.000000,    0.000372,   -0.079668
   63     0.000000,   -0.000007,   -0.000000,    0.000049,    0.004137
   64     0.000000,   -0.000002,    0.000000,    0.000922,   -0.001989
   65     0.000000,   -0.000057,   -0.000000,    0.000251,   -0.005450
   66    -0.000437,    0.000000,   -0.001671,   -0.000000,    0.000001
   67     0.000000,    0.000004,    0.000000,    0.000573,    0.014196
   68     0.000000,   -0.000004,   -0.000000,    0.000064,   -0.000293
   69    -0.000329,    0.000000,   -0.001257,   -0.000000,    0.000000
   70     0.000000,    0.000019,   -0.000000,    0.000030,    0.001422
   71    -0.000000,   -0.000005,   -0.000000,   -0.000020,   -0.004077
   72    -0.000113,    0.000000,   -0.000418,   -0.000000,   -0.000000
   73    -0.000000,   -0.000007,   -0.000000,   -0.000009,    0.000151
   74     0.000011,   -0.000000,    0.000043,    0.000000,    0.000000
   75    -0.000000,    0.000012,    0.000000,   -0.000026,    0.000968
   76    -0.000025,    0.000000,   -0.000082,   -0.000000,   -0.000000
   77     0.000000,   -0.000023,   -0.000000,    0.000085,   -0.000412
   78    -0.000000,   -0.000006,    0.000000,   -0.000016,   -0.005630
   79     0.000015,   -0.000000,    0.000061,    0.000000,   -0.000000
   80     0.000000,    0.000014,    0.000000,   -0.000013,    0.004368
   81    -0.000039,    0.000000,   -0.000124,   -0.000000,   -0.000000
   82     0.000000,   -0.000062,   -0.000000,    0.000194,   -0.004819
   83     0.000000,    0.000006,    0.000000,   -0.000011,    0.000043
   84     0.000008,   -0.000000,    0.000026,    0.000000,    0.000000
   85    -0.000000,   -0.000001,    0.000000,   -0.000005,   -0.000668
   86     0.000010,   -0.000000,    0.000042,    0.000000,    0.000000
   87    -0.000000,    0.000003,   -0.000000,   -0.000022,   -0.000231
   88    -0.000003,    0.000000,   -0.000014,   -0.000000,    0.000000
   89     0.000000,   -0.000009,   -0.000000,    0.000037,    0.000152
   90     0.000000,   -0.000039,    0.000000,    0.000112,   -0.020007
   91     0.000000,   -0.000073,    0.000000,    0.000198,   -0.025630
   92     0.000000,    0.000012,    0.000000,   -0.000062,   -0.004779
   93     0.000000,   -0.000001,    0.000000,    0.000017,    0.000203
   94    -0.000000,    0.000006,   -0.000000,   -0.000020,    0.003262
   95    -0.000007,    0.000000,   -0.000026,   -0.000000,   -0.000000
   96     0.000000,   -0.000004,    0.000000,    0.000038,    0.000855
   97    -0.000000,    0.000024,   -0.000000,   -0.000074,    0.005699
   98    -0.000016,    0.000000,   -0.000062,   -0.000000,   -0.000000
   99    -0.000000,    0.000002,   -0.000000,   -0.000014,   -0.000246
  100     0.000003,   -0.000000,    0.000012,    0.000000,    0.000000
  101    -0.000000,    0.000001,   -0.000000,   -0.000004,    0.000609
  102    -0.000001,    0.000000,   -0.000002,    0.000000,    0.000000
  103    -0.000000,    0.000002,   -0.000000,   -0.000007,    0.001553
  104     0.000000,    0.000083,    0.000000,   -0.000115,    0.002501
  105     0.000000,    0.000122,    0.000000,   -0.000142,    0.005287
  106    -0.000000,   -0.000057,   -0.000000,   -0.000038,   -0.009512
  107    -0.000000,   -0.000049,   -0.000000,    0.000018,    0.011681
  108    -0.000000,    0.000002,   -0.000000,   -0.000011,   -0.001796
  109    -0.000000,   -0.000156,   -0.000000,   -0.000305,   -0.025801
  110     0.000000,   -0.000016,   -0.000000,    0.000082,   -0.011042
  111     0.000236,   -0.000000,    0.000486,   -0.000000,   -0.000001
  112    -0.000000,   -0.000106,   -0.000000,   -0.000186,   -0.008267
  113     0.000000,    0.000008,   -0.000000,    0.000027,   -0.004148
  114     0.000165,   -0.000000,    0.000349,   -0.000000,    0.000000
  115    -0.000000,   -0.000033,   -0.000000,   -0.000036,   -0.004140
  116     0.000000,    0.000004,   -0.000000,    0.000007,    0.000307
  117     0.000052,   -0.000000,    0.000122,    0.000000,   -0.000001
  118    -0.000000,   -0.000007,   -0.000000,   -0.000006,   -0.001528
  119     0.000003,    0.000000,    0.000002,    0.000000,   -0.000000
  120    -0.000000,    0.000005,   -0.000000,    0.000014,    0.001167
  121    -0.000020,    0.000000,   -0.000061,   -0.000000,   -0.000000
  122    -0.000000,    0.000000,   -0.000000,   -0.000007,   -0.001002
  123    -0.000000,   -0.000003,   -0.000000,   -0.000016,   -0.000782
  124    -0.000000,    0.000000,   -0.000009,   -0.000000,    0.000000
  125    -0.000000,    0.000006,   -0.000000,    0.000022,    0.000073
  126    -0.000037,    0.000000,   -0.000131,   -0.000000,   -0.000000
  127    -0.000000,    0.000002,   -0.000000,   -0.000009,   -0.001100
  128    -0.000000,   -0.000002,   -0.000000,   -0.000000,   -0.000843
  129    -0.000003,    0.000000,   -0.000011,   -0.000000,   -0.000000
  130     0.000000,    0.000001,    0.000000,   -0.000001,    0.000546
  131     0.000003,   -0.000000,    0.000012,    0.000000,   -0.000000
  132     0.000000,    0.000001,    0.000000,    0.000003,    0.000594
  133    -0.000003,    0.000000,   -0.000012,   -0.000000,   -0.000000
  134    -0.000000,    0.000002,    0.000000,   -0.000008,   -0.000296
  135    -0.000101,    0.000024,   -0.000238,    0.000071,    0.003139
  136    -0.000124,    0.000026,   -0.000294,    0.000090,    0.003154
  137    -0.000060,    0.000010,   -0.000173,    0.000026,    0.000179
  138    -0.000005,   -0.000001,   -0.000009,    0.000002,   -0.000221
  139     0.000004,   -0.000001,    0.000009,   -0.000001,   -0.000310
  140    -0.000005,    0.000002,   -0.000013,    0.000008,    0.000394
  141    -0.000003,   -0.000005,   -0.000002,   -0.000001,   -0.000906
  142     0.000003,   -0.000001,    0.000005,    0.000000,   -0.000786
  143     0.000001,    0.000001,    0.000006,    0.000010,    0.000172
  144     0.000001,    0.000000,    0.000002,    0.000000,   -0.000089
  145     0.000001,   -0.000001,    0.000002,    0.000000,   -0.000223
  146     0.000000,    0.000001,   -0.000001,    0.000002,    0.000181
  147    -0.000001,   -0.000001,   -0.000001,    0.000001,   -0.000181
  148     0.000000,   -0.000001,    0.000001,   -0.000000,   -0.000180
  149    -0.000000,   -0.000011,    0.000000,   -0.000058,    0.002461
  150    -0.000000,   -0.000001,    0.000000,   -0.000098,    0.000592
  151    -0.000000,   -0.000003,    0.000000,   -0.000039,    0.001669
  152    -0.000000,   -0.000002,   -0.000000,   -0.000006,   -0.000504
  153     0.000000,   -0.000001,    0.000000,   -0.000004,    0.000183
  154     0.000004,   -0.000000,    0.000007,    0.000000,   -0.000000
  155    -0.000000,    0.000001,   -0.000000,   -0.000035,   -0.000906
  156    -0.000000,    0.000003,   -0.000000,   -0.000011,   -0.000624
  157     0.000005,   -0.000000,    0.000008,    0.000000,    0.000000
  158    -0.000000,   -0.000000,   -0.000000,   -0.000005,   -0.000360
  159     0.000001,   -0.000000,    0.000002,   -0.000000,   -0.000000
  160    -0.000000,   -0.000000,   -0.000000,    0.000001,    0.000024
  161    -0.000000,    0.000000,   -0.000002,    0.000000,    0.000000
  162    -0.000000,    0.000000,   -0.000000,   -0.000001,   -0.000019
  163     0.000101,    0.000024,    0.000238,    0.000071,    0.003139
  164     0.000124,    0.000026,    0.000294,    0.000090,    0.003153
  165     0.000060,    0.000010,    0.000173,    0.000026,    0.000180
  166     0.000005,   -0.000001,    0.000009,    0.000002,   -0.000221
  167    -0.000004,   -0.000001,   -0.000009,   -0.000001,   -0.000310
  168    -0.000005,   -0.000002,   -0.000013,   -0.000008,   -0.000394
  169     0.000003,   -0.000005,    0.000002,   -0.000001,   -0.000906
  170    -0.000003,   -0.000001,   -0.000005,    0.000000,   -0.000786
  171     0.000001,   -0.000001,    0.000006,   -0.000010,   -0.000171
  172    -0.000001,    0.000000,   -0.000002,    0.000000,   -0.000089
  173     0.000001,    0.000001,    0.000002,   -0.000000,    0.000223
  174    -0.000000,    0.000001,    0.000001,    0.000002,    0.000181
  175    -0.000001,    0.000001,   -0.000001,   -0.000001,    0.000180
  176    -0.000000,   -0.000001,   -0.000001,   -0.000000,   -0.000180
                60,          61,          62,          63,          64
    0     0.009317,   -0.013251,   -0.015895,   -0.001969,   -0.026106
    1     0.019470,   -0.027986,   -0.025774,    0.000273,   -0.056003
    2    -0.033554,    0.048321,    0.021135,   -0.014541,    0.106906
    3     0.016437,   -0.002695,   -0.015673,   -0.014448,    0.048421
    4    -0.008258,   -0.012754,   -0.012087,   -0.006136,    0.017311
    5     0.064260,   -0.120378,   -0.100828,   -0.009253,   -0.157866
    6    -0.034694,    0.067016,    0.036540,    0.004578,    0.107335
    7    -0.000002,    0.000004,    0.000008,   -0.000000,   -0.000002
    8     0.057778,   -0.069671,   -0.060627,   -0.006578,   -0.066152
    9    -0.031495,    0.036540,    0.019992,    0.002510,    0.046019
   10    -0.000004,    0.000004,    0.000006,   -0.000000,   -0.000003
   11     0.006236,   -0.007601,   -0.007391,    0.000041,   -0.021065
   12    -0.001214,    0.001804,   -0.001376,   -0.000673,    0.014279
   13    -0.000000,    0.000001,    0.000002,   -0.000000,   -0.000001
   14     0.005645,   -0.009212,   -0.007385,   -0.000881,   -0.011949
   15     0.000000,   -0.000000,   -0.000000,   -0.000000,   -0.000000
   16     0.003072,   -0.004392,   -0.002956,    0.000109,   -0.005255
   17    -0.000000,    0.000000,    0.000000,    0.000000,    0.000001
   18    -0.002430,    0.003823,    0.002366,    0.000022,    0.002063
   19     0.016372,   -0.011020,   -0.009654,   -0.001461,   -0.005223
   20     0.000001,   -0.000000,   -0.000000,   -0.000000,    0.000000
   21    -0.002351,   -0.001698,   -0.000695,    0.000243,   -0.004679
   22    -0.000000,    0.000001,    0.000000,    0.000000,    0.000001
   23    -0.011872,    0.005132,    0.004196,    0.000349,   -0.009852
   24    -0.001622,    0.001543,    0.001024,   -0.000152,    0.003382
   25    -0.000000,   -0.000000,   -0.000000,    0.000000,   -0.000000
   26     0.001590,   -0.001558,   -0.001078,   -0.000158,   -0.001497
   27     0.000000,   -0.000000,   -0.000000,   -0.000000,    0.000000
   28    -0.002623,    0.002565,    0.002156,    0.000233,    0.001898
   29     0.000000,    0.000000,    0.000000,   -0.000000,    0.000000
   30    -0.000122,    0.000471,    0.000300,    0.000183,    0.001979
   31     0.007870,   -0.017060,   -0.009830,   -0.004333,   -0.017960
   32    -0.015196,   -0.013865,   -0.003632,   -0.003364,   -0.037130
   33     0.004561,   -0.004912,   -0.001636,   -0.000244,   -0.003204
   34     0.000677,   -0.001190,   -0.001051,   -0.000061,   -0.001381
   35     0.000553,   -0.001539,   -0.000954,   -0.000465,   -0.001956
   36     0.000000,   -0.000000,   -0.000000,   -0.000000,   -0.000000
   37     0.003307,   -0.002545,   -0.002477,   -0.000084,   -0.003082
   38    -0.008888,    0.000868,    0.001620,   -0.000193,   -0.006988
   39    -0.000001,    0.000000,    0.000001,   -0.000000,   -0.000001
   40     0.000659,   -0.000588,   -0.000562,    0.000003,   -0.000617
   41    -0.000000,    0.000000,    0.000000,    0.000000,   -0.000000
   42     0.000332,   -0.000171,   -0.000167,    0.000008,    0.000144
   43     0.000000,   -0.000000,   -0.000000,    0.000000,   -0.000000
   44     0.000300,    0.000088,    0.000005,    0.000038,    0.000488
   45     0.011137,   -0.022041,   -0.026419,   -0.005820,   -0.021139
   46    -0.006966,   -0.019805,   -0.024766,   -0.004954,   -0.037111
   47     0.005104,   -0.007149,   -0.008133,   -0.001112,   -0.015415
   48    -0.000324,    0.000992,    0.001595,    0.000430,    0.000430
   49    -0.001028,    0.002049,    0.001873,    0.000371,    0.002755
   50     0.000000,   -0.000000,   -0.000000,   -0.000000,   -0.000000
   51     0.008307,   -0.002402,   -0.001582,   -0.000123,    0.001372
   52    -0.000093,    0.002193,    0.001735,    0.000270,    0.004310
   53    -0.000001,    0.000000,    0.000000,   -0.000000,   -0.000001
   54     0.000269,   -0.000501,   -0.000426,   -0.000077,   -0.001000
   55    -0.000000,    0.000000,    0.000000,    0.000000,    0.000000
   56     0.000361,   -0.000200,   -0.000129,   -0.000007,   -0.000002
   57     0.000000,   -0.000000,   -0.000000,   -0.000000,    0.000000
   58    -0.000754,    0.000596,    0.000372,    0.000049,    0.000922
   59     0.615273,   -0.047810,   -0.079668,    0.004137,   -0.001989
   60     0.841716,   -0.133318,   -0.160004,   -0.006014,   -0.004569
   61    -0.133318,    0.334365,    0.260849,    0.054988,    0.012506
   62    -0.160004,    0.260849,    0.211462,    0.043618,    0.003808
   63    -0.006014,    0.054988,    0.043618,    0.012274,   -0.014950
   64    -0.004569,    0.012506,    0.003808,   -0.014950,    0.274256
   65    -0.011196,    0.020962,    0.027195,    0.019162,   -0.008942
   66     0.000001,   -0.000003,    0.000002,   -0.000004,   -0.000003
   67     0.020814,   -0.007606,   -0.010312,   -0.010872,    0.173388
   68    -0.003930,    0.018008,    0.020728,    0.011750,    0.001039
   69     0.000001,   -0.000002,    0.000002,   -0.000002,   -0.000003
   70     0.002466,   -0.002549,   -0.002352,   -0.001204,    0.014723
   71    -0.006779,    0.006696,    0.007175,    0.002545,    0.001123
   72    -0.000000,   -0.000000,    0.000001,   -0.000000,   -0.000002
   73     0.000637,   -0.002202,   -0.001472,    0.000715,   -0.014365
   74     0.000000,   -0.000001,   -0.000001,   -0.000000,   -0.000000
   75     0.003594,   -0.010993,   -0.008248,   -0.001507,   -0.001867
   76    -0.000000,    0.000000,    0.000000,    0.000000,   -0.000000
   77    -0.000883,    0.001620,   -0.000048,   -0.000426,    0.001562
   78    -0.008083,    0.002832,    0.002637,    0.001452,   -0.021277
   79    -0.000000,   -0.000001,   -0.000001,   -0.000000,   -0.000001
   80     0.008384,   -0.012331,   -0.009784,   -0.001483,   -0.001867
   81    -0.000000,    0.000000,    0.000000,    0.000000,    0.000000
   82    -0.006903,    0.002592,    0.000212,    0.000426,   -0.004717
   83     0.001170,   -0.005272,   -0.003935,   -0.000698,   -0.000641
   84     0.000000,   -0.000000,   -0.000000,   -0.000000,   -0.000000
   85    -0.000961,    0.000323,    0.000174,   -0.000183,   -0.000174
   86    -0.000000,    0.000000,    0.000000,    0.000000,    0.000000
   87    -0.000363,    0.000220,    0.000302,    0.000394,   -0.005697
   88     0.000000,    0.000000,    0.000000,   -0.000000,    0.000000
   89     0.000383,   -0.000835,   -0.000791,   -0.000262,    0.002363
   90    -0.042520,    0.077286,    0.066750,    0.018777,    0.001733
   91    -0.049206,    0.073883,    0.064978,    0.020396,   -0.004285
   92    -0.008587,    0.010961,    0.011525,    0.003689,    0.004181
   93     0.000353,   -0.000365,   -0.000418,   -0.000294,    0.003549
   94     0.006030,   -0.008256,   -0.007098,   -0.001905,   -0.000117
   95    -0.000001,    0.000001,    0.000001,    0.000000,   -0.000000
   96     0.001351,   -0.000949,   -0.000930,   -0.000654,    0.008766
   97     0.008824,   -0.006243,   -0.005240,   -0.001884,    0.002661
   98    -0.000000,    0.000000,    0.000001,    0.000000,   -0.000000
   99    -0.000367,    0.000172,    0.000211,    0.000173,   -0.002406
  100     0.000000,   -0.000000,   -0.000000,   -0.000000,   -0.000000
  101     0.000943,   -0.000659,   -0.000555,   -0.000120,   -0.000038
  102     0.000000,   -0.000000,   -0.000000,   -0.000000,    0.000000
  103     0.002277,   -0.001078,   -0.001014,   -0.000224,   -0.000155
  104     0.005237,   -0.008139,    0.011251,   -0.008673,    0.019664
  105     0.010909,   -0.016646,    0.014518,   -0.010622,    0.042520
  106    -0.018460,    0.025031,   -0.000964,   -0.004581,   -0.077963
  107     0.014767,    0.000980,   -0.018098,   -0.006614,   -0.051583
  108     0.001171,   -0.017205,   -0.015067,   -0.004371,   -0.005818
  109    -0.055728,    0.100307,    0.088003,    0.024662,   -0.173622
  110    -0.023811,    0.044642,    0.030210,    0.013420,   -0.078957
  111    -0.000003,    0.000004,    0.000008,   -0.000004,   -0.000006
  112    -0.023182,    0.056589,    0.048992,    0.014716,   -0.109746
  113    -0.010905,    0.026386,    0.017254,    0.007828,   -0.043509
  114    -0.000000,    0.000003,    0.000005,   -0.000003,   -0.000004
  115    -0.007057,    0.007053,    0.006937,    0.002383,   -0.028744
  116     0.000029,    0.001937,    0.000165,    0.001066,   -0.012026
  117    -0.000001,    0.000001,    0.000001,   -0.000001,   -0.000001
  118    -0.003183,    0.005471,    0.004662,    0.001482,   -0.007636
  119    -0.000000,    0.000000,    0.000000,   -0.000000,   -0.000000
  120     0.002438,   -0.004156,   -0.003686,   -0.000916,    0.004994
  121    -0.000000,   -0.000000,    0.000000,    0.000000,   -0.000000
  122    -0.002137,    0.003839,    0.002815,    0.000662,   -0.004255
  123    -0.002282,    0.005889,    0.004978,    0.001817,   -0.007996
  124     0.000000,    0.000000,    0.000000,   -0.000000,    0.000001
  125     0.000736,   -0.002903,   -0.002433,   -0.001002,    0.007872
  126    -0.000001,    0.000000,    0.000000,   -0.000000,   -0.000000
  127    -0.002218,    0.003580,    0.002493,    0.000059,    0.000675
  128    -0.001359,    0.001120,    0.000816,    0.000238,   -0.003046
  129    -0.000000,   -0.000000,    0.000000,   -0.000000,   -0.000000
  130     0.000837,   -0.000551,   -0.000536,   -0.000224,    0.000596
  131    -0.000000,   -0.000000,   -0.000000,    0.000000,    0.000000
  132     0.001031,   -0.001119,   -0.000765,   -0.000084,    0.001775
  133    -0.000000,    0.000000,    0.000000,   -0.000000,   -0.000000
  134    -0.000362,   -0.000170,   -0.000154,   -0.000196,   -0.000110
  135     0.006924,   -0.013101,   -0.017212,   -0.004989,    0.015692
  136     0.007581,   -0.016035,   -0.020472,   -0.005359,    0.019751
  137     0.000959,   -0.003313,   -0.004373,   -0.001368,    0.008434
  138    -0.000398,    0.000478,    0.000062,    0.000061,   -0.001598
  139    -0.000655,    0.001171,    0.001092,    0.000370,   -0.001765
  140     0.000817,   -0.001396,   -0.001792,   -0.000475,    0.001741
  141    -0.001513,    0.001423,    0.000807,    0.000374,   -0.004158
  142    -0.001428,    0.001877,    0.001700,    0.000498,   -0.002237
  143     0.000510,   -0.001339,   -0.001927,   -0.000341,    0.001314
  144    -0.000158,    0.000201,    0.000197,    0.000053,   -0.000066
  145    -0.000395,    0.000482,    0.000448,    0.000132,   -0.000685
  146     0.000317,   -0.000362,   -0.000422,   -0.000097,    0.000658
  147    -0.000308,    0.000321,    0.000145,    0.000077,   -0.000632
  148    -0.000341,    0.000479,    0.000359,    0.000116,   -0.000809
  149     0.005446,   -0.011411,   -0.010402,   -0.005319,    0.013203
  150     0.002982,   -0.011527,   -0.009410,   -0.005888,    0.025188
  151     0.002495,   -0.001640,   -0.000781,   -0.000482,    0.003269
  152    -0.000967,    0.001393,    0.001231,    0.000315,   -0.002459
  153     0.000426,   -0.000977,   -0.001067,   -0.000537,    0.001111
  154    -0.000000,    0.000000,    0.000000,    0.000000,   -0.000000
  155    -0.001653,    0.002054,    0.002090,    0.000534,   -0.005302
  156    -0.000782,   -0.000301,   -0.000589,   -0.000536,    0.003102
  157    -0.000000,    0.000000,    0.000000,   -0.000000,   -0.000001
  158    -0.000607,    0.000601,    0.000565,    0.000135,   -0.001346
  159    -0.000000,    0.000000,    0.000000,   -0.000000,   -0.000000
  160     0.000038,   -0.000020,    0.000026,    0.000027,   -0.000141
  161     0.000000,   -0.000000,   -0.000000,   -0.000000,    0.000000
  162    -0.000027,    0.000022,    0.000126,    0.000032,    0.000000
  163     0.006924,   -0.013100,   -0.017209,   -0.004992,    0.015693
  164     0.007579,   -0.016035,   -0.020470,   -0.005362,    0.019752
  165     0.000960,   -0.003313,   -0.004373,   -0.001369,    0.008435
  166    -0.000398,    0.000477,    0.000062,    0.000061,   -0.001598
  167    -0.000655,    0.001172,    0.001093,    0.000370,   -0.001766
  168    -0.000817,    0.001396,    0.001791,    0.000475,   -0.001741
  169    -0.001513,    0.001423,    0.000807,    0.000374,   -0.004158
  170    -0.001428,    0.001877,    0.001701,    0.000498,   -0.002238
  171    -0.000509,    0.001339,    0.001926,    0.000341,   -0.001314
  172    -0.000158,    0.000201,    0.000197,    0.000053,   -0.000066
  173     0.000395,   -0.000482,   -0.000448,   -0.000132,    0.000685
  174     0.000317,   -0.000362,   -0.000421,   -0.000097,    0.000658
  175     0.000308,   -0.000321,   -0.000145,   -0.000077,    0.000631
  176    -0.000341,    0.000479,    0.000359,    0.000116,   -0.000810
                65,          66,          67,          68,          69
    0     0.018226,   -0.000003,   -0.029759,    0.018640,   -0.000003
    1     0.039080,   -0.000006,   -0.050184,    0.032571,   -0.000005
    2    -0.078391,    0.000012,    0.054298,   -0.042135,    0.000008
    3    -0.029440,    0.000018,    0.024519,   -0.014488,    0.000013
    4    -0.008939,    0.000008,    0.009653,   -0.004843,    0.000006
    5     0.116061,    0.000003,   -0.090667,    0.060024,    0.000004
    6    -0.053426,   -0.000006,    0.061538,   -0.041581,   -0.000005
    7     0.000010,    0.241784,    0.000002,    0.000008,    0.181896
    8     0.067611,    0.000006,   -0.035748,    0.035349,    0.000005
    9    -0.038995,   -0.000007,    0.024576,   -0.029503,   -0.000006
   10     0.000007,    0.181746,   -0.000000,    0.000006,    0.136729
   11     0.008824,   -0.000001,   -0.013004,    0.003632,   -0.000000
   12    -0.010876,   -0.000005,    0.008221,   -0.008501,   -0.000004
   13     0.000004,    0.060025,    0.000000,    0.000003,    0.045155
   14     0.001406,   -0.000000,   -0.007129,    0.000372,   -0.000000
   15     0.000001,    0.006136,   -0.000000,    0.000001,    0.004616
   16     0.003233,   -0.000001,   -0.002689,    0.001679,   -0.000000
   17    -0.000001,   -0.010503,    0.000000,   -0.000000,   -0.007902
   18    -0.012245,    0.000000,    0.000390,   -0.007669,   -0.000000
   19    -0.001032,    0.000001,   -0.002548,   -0.000913,    0.000001
   20     0.000001,    0.008206,    0.000000,    0.000001,    0.006174
   21    -0.001946,   -0.000002,   -0.002799,   -0.001573,   -0.000001
   22    -0.000001,   -0.014733,    0.000000,   -0.000001,   -0.011085
   23    -0.020194,   -0.000002,   -0.007973,   -0.012536,   -0.000001
   24    -0.001272,    0.000000,    0.001844,   -0.000619,    0.000000
   25     0.000000,   -0.003460,   -0.000000,   -0.000000,   -0.002603
   26     0.000445,    0.000000,   -0.000830,    0.000382,    0.000000
   27    -0.000000,   -0.006022,    0.000000,   -0.000000,   -0.004530
   28    -0.002086,   -0.000000,    0.000977,   -0.001136,   -0.000000
   29     0.000000,    0.002205,    0.000000,    0.000000,    0.001659
   30     0.004777,    0.000000,    0.001495,    0.002822,    0.000000
   31     0.022372,   -0.000003,   -0.010286,    0.018598,   -0.000002
   32     0.019894,   -0.000007,   -0.022877,    0.017975,   -0.000005
   33     0.022489,   -0.000001,   -0.000462,    0.015489,   -0.000001
   34     0.002148,    0.000000,   -0.000738,    0.001148,    0.000000
   35     0.000983,   -0.000001,   -0.001189,    0.001004,   -0.000001
   36     0.000000,    0.003690,   -0.000000,    0.000000,    0.002776
   37     0.003627,    0.000001,   -0.001680,    0.001769,    0.000001
   38    -0.005572,   -0.000003,   -0.004941,   -0.003114,   -0.000002
   39    -0.000000,    0.009124,   -0.000001,    0.000000,    0.006864
   40     0.001710,    0.000000,   -0.000282,    0.000940,    0.000000
   41     0.000000,    0.001744,   -0.000000,    0.000000,    0.001312
   42     0.000271,    0.000000,    0.000107,    0.000139,    0.000000
   43     0.000000,   -0.000405,   -0.000000,    0.000000,   -0.000305
   44     0.000206,    0.000000,    0.000299,    0.000111,    0.000000
   45     0.003427,   -0.000002,   -0.014478,   -0.002677,   -0.000002
   46    -0.001845,   -0.000005,   -0.025442,   -0.007908,   -0.000004
   47    -0.003479,    0.000001,   -0.010130,   -0.003895,    0.000001
   48    -0.000313,    0.000000,    0.000367,    0.000226,    0.000000
   49    -0.000573,    0.000000,    0.001717,   -0.000206,   -0.000000
   50     0.000000,    0.003661,   -0.000000,    0.000000,    0.002754
   51     0.001176,    0.000002,    0.001259,    0.001366,    0.000001
   52    -0.001385,    0.000000,    0.002622,   -0.000677,   -0.000000
   53     0.000000,    0.009178,   -0.000000,    0.000000,    0.006905
   54    -0.000159,   -0.000000,   -0.000611,   -0.000140,   -0.000000
   55     0.000000,   -0.000437,    0.000000,    0.000000,   -0.000329
   56    -0.000057,    0.000000,    0.000004,   -0.000004,    0.000000
   57    -0.000000,   -0.001671,    0.000000,   -0.000000,   -0.001257
   58     0.000251,   -0.000000,    0.000573,    0.000064,   -0.000000
   59    -0.005450,    0.000001,    0.014196,   -0.000293,    0.000000
   60    -0.011196,    0.000001,    0.020814,   -0.003930,    0.000001
   61     0.020962,   -0.000003,   -0.007606,    0.018008,   -0.000002
   62     0.027195,    0.000002,   -0.010312,    0.020728,    0.000002
   63     0.019162,   -0.000004,   -0.010872,    0.011750,   -0.000002
   64    -0.008942,   -0.000003,    0.173388,    0.001039,   -0.000003
   65     0.319385,    0.000000,    0.011279,    0.194346,    0.000003
   66     0.000000,    0.247646,    0.000001,    0.000002,    0.186340
   67     0.011279,    0.000001,    0.112901,    0.010669,    0.000000
   68     0.194346,    0.000002,    0.010669,    0.119703,    0.000003
   69     0.000003,    0.186340,    0.000000,    0.000003,    0.140211
   70     0.003360,    0.000001,    0.010048,    0.002596,    0.000001
   71     0.040640,    0.000005,    0.002791,    0.025510,    0.000004
   72     0.000003,    0.058829,   -0.000000,    0.000002,    0.044261
   73     0.005102,   -0.000000,   -0.008730,    0.002685,   -0.000000
   74    -0.000002,   -0.006750,   -0.000000,   -0.000001,   -0.005080
   75     0.002170,    0.000000,   -0.000559,    0.001110,    0.000000
   76     0.000000,    0.009240,   -0.000000,    0.000000,    0.006949
   77    -0.011481,    0.000000,    0.000244,   -0.007612,    0.000000
   78    -0.002434,   -0.000002,   -0.014370,   -0.001817,   -0.000001
   79    -0.000002,   -0.009760,   -0.000001,   -0.000001,   -0.007345
   80     0.004459,   -0.000000,   -0.000303,    0.002337,   -0.000000
   81     0.000000,    0.012721,    0.000000,    0.000000,    0.009564
   82    -0.007533,   -0.000001,   -0.003695,   -0.006583,   -0.000001
   83     0.003143,    0.000000,   -0.000012,    0.001817,    0.000000
   84     0.000000,   -0.002948,   -0.000000,   -0.000000,   -0.002217
   85    -0.004741,   -0.000000,   -0.000401,   -0.002869,   -0.000000
   86     0.000000,   -0.006721,   -0.000000,    0.000000,   -0.005058
   87    -0.000156,    0.000000,   -0.003683,   -0.000212,    0.000000
   88     0.000000,    0.002585,    0.000000,    0.000000,    0.001945
   89     0.001119,   -0.000000,    0.001592,    0.000676,   -0.000000
   90     0.137766,   -0.000007,    0.004839,    0.086052,   -0.000004
   91     0.174677,   -0.000009,    0.003232,    0.107446,   -0.000005
   92     0.052931,   -0.000002,    0.005041,    0.033723,   -0.000001
   93    -0.000270,   -0.000000,    0.002268,   -0.000095,   -0.000000
   94    -0.012924,    0.000001,   -0.000329,   -0.008011,    0.000001
   95     0.000001,    0.003744,    0.000000,    0.000001,    0.002817
   96     0.000667,   -0.000000,    0.005749,    0.000562,   -0.000000
   97    -0.014487,    0.000002,    0.001292,   -0.008238,    0.000001
   98     0.000002,    0.009128,    0.000000,    0.000001,    0.006869
   99    -0.000053,    0.000000,   -0.001557,   -0.000075,    0.000000
  100    -0.000000,   -0.001799,   -0.000000,   -0.000000,   -0.001354
  101    -0.000781,    0.000000,   -0.000018,   -0.000475,    0.000000
  102     0.000000,    0.000250,    0.000000,    0.000000,    0.000188
  103    -0.001846,    0.000000,   -0.000109,   -0.001115,    0.000000
  104     0.011376,    0.000000,    0.015494,    0.010588,   -0.000001
  105     0.024669,    0.000000,    0.029588,    0.019704,   -0.000001
  106    -0.047843,    0.000000,   -0.042928,   -0.028519,    0.000000
  107    -0.035593,    0.000000,   -0.025828,   -0.021546,    0.000000
  108     0.003571,    0.000002,   -0.001287,    0.002439,    0.000001
  109    -0.092107,   -0.000003,   -0.125177,   -0.056799,   -0.000003
  110    -0.043165,    0.000002,   -0.056551,   -0.038317,    0.000002
  111    -0.000002,    0.028722,   -0.000003,   -0.000001,    0.021751
  112    -0.053224,    0.000000,   -0.077827,   -0.032813,   -0.000000
  113    -0.028709,    0.000002,   -0.031223,   -0.024972,    0.000002
  114    -0.000001,    0.016294,   -0.000002,   -0.000000,    0.012354
  115    -0.012315,    0.000000,   -0.020012,   -0.007717,    0.000000
  116    -0.011103,    0.000002,   -0.008580,   -0.008941,    0.000001
  117    -0.000001,    0.000650,   -0.000000,   -0.000001,    0.000515
  118     0.001065,    0.000000,   -0.005205,    0.000494,    0.000000
  119    -0.000000,    0.001815,   -0.000000,   -0.000000,    0.001368
  120     0.001117,    0.000000,    0.003543,    0.000478,    0.000000
  121     0.000000,    0.005802,   -0.000000,    0.000000,    0.004362
  122    -0.007817,   -0.000000,   -0.003437,   -0.005115,   -0.000000
  123     0.007043,    0.000001,   -0.004965,    0.004236,    0.000001
  124    -0.000001,    0.003460,    0.000001,   -0.000000,    0.002606
  125    -0.002422,    0.000001,    0.005038,   -0.001589,    0.000001
  126     0.000001,    0.016708,   -0.000000,    0.000000,    0.012568
  127    -0.012458,    0.000000,   -0.000287,   -0.007672,    0.000000
  128     0.000086,   -0.000000,   -0.001917,   -0.000015,   -0.000000
  129     0.000000,    0.001808,    0.000000,    0.000000,    0.001361
  130    -0.000596,   -0.000000,    0.000450,   -0.000306,   -0.000000
  131     0.000000,   -0.002110,    0.000000,    0.000000,   -0.001588
  132     0.001424,    0.000000,    0.001163,    0.000867,    0.000000
  133    -0.000000,    0.002063,   -0.000000,   -0.000000,    0.001553
  134    -0.003473,   -0.000000,   -0.000250,   -0.002064,   -0.000000
  135     0.002255,   -0.000337,    0.013538,    0.000124,   -0.000302
  136     0.005822,    0.000134,    0.016494,    0.001860,    0.000041
  137    -0.002374,    0.011830,    0.005946,   -0.001941,    0.008882
  138    -0.000656,   -0.001003,   -0.000978,   -0.000513,   -0.000758
  139    -0.000755,   -0.000025,   -0.001339,   -0.000592,   -0.000017
  140     0.000549,   -0.000103,    0.001464,    0.000202,   -0.000081
  141    -0.000971,   -0.002160,   -0.002746,   -0.000747,   -0.001628
  142    -0.001624,    0.000533,   -0.001755,   -0.001258,    0.000403
  143     0.001922,   -0.001745,    0.001279,    0.000985,   -0.001314
  144     0.000075,    0.000008,   -0.000063,    0.000019,    0.000006
  145    -0.000262,   -0.000131,   -0.000509,   -0.000213,   -0.000098
  146     0.000206,    0.000305,    0.000491,    0.000096,    0.000230
  147    -0.000105,   -0.000313,   -0.000405,   -0.000110,   -0.000236
  148    -0.000369,   -0.000355,   -0.000577,   -0.000263,   -0.000267
  149     0.017232,   -0.000000,    0.012527,    0.015809,   -0.000000
  150     0.023813,    0.000001,    0.020761,    0.021419,    0.000001
  151     0.016034,    0.000000,    0.003549,    0.011697,    0.000000
  152    -0.002155,    0.000000,   -0.001838,   -0.001338,    0.000000
  153     0.000496,    0.000000,    0.001057,    0.000775,    0.000000
  154    -0.000000,    0.000425,   -0.000000,   -0.000000,    0.000322
  155    -0.002634,    0.000000,   -0.003778,   -0.001465,    0.000000
  156    -0.000985,    0.000001,    0.002287,   -0.000077,    0.000001
  157    -0.000000,    0.001671,   -0.000001,   -0.000000,    0.001261
  158    -0.001166,    0.000000,   -0.000994,   -0.000706,   -0.000000
  159    -0.000000,    0.000426,   -0.000000,   -0.000000,    0.000321
  160    -0.000010,   -0.000000,   -0.000114,   -0.000049,   -0.000000
  161     0.000000,    0.000194,    0.000000,    0.000000,    0.000146
  162     0.000107,   -0.000000,   -0.000036,    0.000031,   -0.000000
  163     0.002253,    0.000337,    0.013539,    0.000122,    0.000303
  164     0.005818,   -0.000132,    0.016495,    0.001856,   -0.000039
  165    -0.002376,   -0.011828,    0.005946,   -0.001943,   -0.008881
  166    -0.000656,    0.001003,   -0.000978,   -0.000513,    0.000758
  167    -0.000755,    0.000025,   -0.001339,   -0.000591,    0.000017
  168    -0.000549,   -0.000103,   -0.001464,   -0.000202,   -0.000080
  169    -0.000971,    0.002160,   -0.002746,   -0.000747,    0.001629
  170    -0.001625,   -0.000534,   -0.001755,   -0.001258,   -0.000404
  171    -0.001922,   -0.001745,   -0.001279,   -0.000985,   -0.001314
  172     0.000074,   -0.000008,   -0.000063,    0.000019,   -0.000006
  173     0.000262,   -0.000131,    0.000509,    0.000213,   -0.000099
  174     0.000206,   -0.000305,    0.000491,    0.000096,   -0.000230
  175     0.000105,   -0.000313,    0.000405,    0.000110,   -0.000236
  176    -0.000369,    0.000355,   -0.000577,   -0.000263,    0.000267
                70,          71,          72,          73,          74
    0     0.001134,   -0.000153,   -0.000000,    0.002781,    0.000000
    1     0.001751,    0.000855,   -0.000001,    0.005470,    0.000000
    2    -0.001125,   -0.005953,    0.000003,   -0.008944,    0.000000
    3    -0.001956,   -0.001160,    0.000005,   -0.004446,   -0.000000
    4    -0.000112,   -0.000619,    0.000002,   -0.001534,   -0.000000
    5    -0.008371,    0.008631,    0.000002,    0.013636,   -0.000000
    6     0.004693,   -0.014478,   -0.000003,   -0.000609,    0.000000
    7     0.000001,    0.000006,    0.059845,    0.000000,   -0.006329
    8    -0.003438,    0.004926,    0.000002,    0.006653,   -0.000000
    9     0.001807,   -0.009575,   -0.000003,    0.000796,    0.000000
   10     0.000001,    0.000004,    0.045034,    0.000000,   -0.004752
   11    -0.001371,    0.000045,   -0.000000,    0.001827,    0.000000
   12     0.000529,   -0.002914,   -0.000002,    0.000063,    0.000000
   13     0.000000,    0.000002,    0.015065,    0.000000,   -0.001549
   14    -0.000618,   -0.000074,    0.000000,    0.000778,    0.000000
   15     0.000000,    0.000000,    0.001495,   -0.000000,   -0.000163
   16    -0.000067,    0.000240,   -0.000000,    0.000385,    0.000000
   17     0.000000,   -0.000000,   -0.002536,   -0.000000,    0.000282
   18    -0.000068,   -0.001738,   -0.000000,   -0.000133,    0.000000
   19    -0.000189,   -0.000390,    0.000000,    0.000342,    0.000000
   20     0.000000,    0.000000,    0.001981,   -0.000000,   -0.000220
   21    -0.000196,   -0.000406,   -0.000000,    0.000228,    0.000000
   22    -0.000000,   -0.000000,   -0.003537,   -0.000000,    0.000398
   23    -0.000850,   -0.002571,   -0.000001,    0.000338,    0.000000
   24     0.000109,   -0.000106,    0.000000,   -0.000226,   -0.000000
   25    -0.000000,   -0.000000,   -0.000850,    0.000000,    0.000091
   26    -0.000057,    0.000139,    0.000000,    0.000017,   -0.000000
   27    -0.000000,   -0.000000,   -0.001472,   -0.000000,    0.000160
   28     0.000078,   -0.000164,   -0.000000,   -0.000177,    0.000000
   29     0.000000,    0.000000,    0.000519,   -0.000000,   -0.000061
   30     0.000142,    0.000529,    0.000000,   -0.000005,   -0.000000
   31    -0.001724,    0.006998,    0.000000,   -0.001572,   -0.000000
   32    -0.002843,    0.007931,   -0.000001,   -0.001163,    0.000000
   33     0.000022,    0.004276,    0.000000,   -0.000413,   -0.000000
   34    -0.000072,    0.000171,    0.000000,    0.000163,   -0.000000
   35    -0.000225,    0.000504,   -0.000000,   -0.000148,    0.000000
   36    -0.000000,    0.000000,    0.000916,   -0.000000,   -0.000096
   37    -0.000209,    0.000160,    0.000000,    0.000279,   -0.000000
   38    -0.000629,   -0.000212,   -0.000001,    0.000041,    0.000000
   39    -0.000000,    0.000000,    0.002245,    0.000000,   -0.000240
   40    -0.000027,    0.000147,    0.000000,    0.000088,   -0.000000
   41    -0.000000,    0.000000,    0.000428,   -0.000000,   -0.000046
   42     0.000024,   -0.000004,    0.000000,    0.000010,   -0.000000
   43    -0.000000,    0.000000,   -0.000098,    0.000000,    0.000011
   44     0.000059,   -0.000023,    0.000000,    0.000017,   -0.000000
   45    -0.002912,   -0.002503,   -0.000001,    0.003219,    0.000000
   46    -0.004233,   -0.004115,   -0.000002,    0.004541,    0.000000
   47    -0.001215,   -0.001527,    0.000000,    0.001645,    0.000000
   48     0.000191,    0.000203,    0.000000,   -0.000202,   -0.000000
   49     0.000236,   -0.000026,   -0.000000,   -0.000183,   -0.000000
   50    -0.000000,    0.000000,    0.000914,    0.000000,   -0.000095
   51     0.000344,    0.000406,    0.000000,   -0.000228,   -0.000000
   52     0.000348,   -0.000177,   -0.000000,   -0.000204,   -0.000000
   53    -0.000000,    0.000000,    0.002285,    0.000000,   -0.000239
   54    -0.000082,   -0.000018,   -0.000000,    0.000047,    0.000000
   55     0.000000,   -0.000000,   -0.000113,   -0.000000,    0.000011
   56     0.000019,   -0.000005,    0.000000,   -0.000007,   -0.000000
   57    -0.000000,   -0.000000,   -0.000418,   -0.000000,    0.000043
   58     0.000030,   -0.000020,   -0.000000,   -0.000009,    0.000000
   59     0.001422,   -0.004077,   -0.000000,    0.000151,    0.000000
   60     0.002466,   -0.006779,   -0.000000,    0.000637,    0.000000
   61    -0.002549,    0.006696,   -0.000000,   -0.002202,   -0.000001
   62    -0.002352,    0.007175,    0.000001,   -0.001472,   -0.000001
   63    -0.001204,    0.002545,   -0.000000,    0.000715,   -0.000000
   64     0.014723,    0.001123,   -0.000002,   -0.014365,   -0.000000
   65     0.003360,    0.040640,    0.000003,    0.005102,   -0.000002
   66     0.000001,    0.000005,    0.058829,   -0.000000,   -0.006750
   67     0.010048,    0.002791,   -0.000000,   -0.008730,   -0.000000
   68     0.002596,    0.025510,    0.000002,    0.002685,   -0.000001
   69     0.000001,    0.000004,    0.044261,   -0.000000,   -0.005080
   70     0.001197,    0.000668,    0.000000,   -0.000573,   -0.000000
   71     0.000668,    0.005796,    0.000002,    0.000444,   -0.000000
   72     0.000000,    0.000002,    0.014287,    0.000000,   -0.001570
   73    -0.000573,    0.000444,    0.000000,    0.001098,   -0.000000
   74    -0.000000,   -0.000000,   -0.001570,   -0.000000,    0.000188
   75     0.000044,    0.000112,    0.000000,    0.000186,    0.000000
   76     0.000000,    0.000000,    0.002487,    0.000000,   -0.000220
   77    -0.000199,   -0.001882,   -0.000000,   -0.000156,    0.000000
   78    -0.001032,   -0.000493,   -0.000000,    0.001565,    0.000000
   79    -0.000000,   -0.000001,   -0.002242,    0.000000,    0.000274
   80     0.000085,    0.000227,   -0.000000,    0.000244,    0.000000
   81     0.000000,    0.000000,    0.003587,   -0.000000,   -0.000285
   82    -0.000807,   -0.002139,   -0.000000,    0.000234,    0.000000
   83     0.000062,    0.000316,    0.000000,    0.000092,   -0.000000
   84    -0.000000,   -0.000000,   -0.000788,    0.000000,    0.000071
   85    -0.000075,   -0.000568,   -0.000000,   -0.000065,    0.000000
   86    -0.000000,   -0.000000,   -0.001548,    0.000000,    0.000188
   87    -0.000310,   -0.000068,    0.000000,    0.000284,   -0.000000
   88     0.000000,    0.000000,    0.000567,   -0.000000,   -0.000076
   89     0.000200,    0.000104,   -0.000000,    0.000083,   -0.000000
   90     0.001228,    0.019227,   -0.000000,    0.001393,   -0.000001
   91     0.001234,    0.023434,   -0.000001,    0.002261,   -0.000001
   92     0.001024,    0.007778,    0.000000,    0.000401,   -0.000000
   93     0.000210,   -0.000020,   -0.000000,   -0.000144,    0.000000
   94    -0.000087,   -0.001775,    0.000000,   -0.000136,    0.000000
   95     0.000000,    0.000000,    0.000893,    0.000000,   -0.000102
   96     0.000506,    0.000132,   -0.000000,   -0.000396,   -0.000000
   97     0.000146,   -0.001579,    0.000000,   -0.000344,    0.000000
   98     0.000000,    0.000000,    0.002170,    0.000000,   -0.000249
   99    -0.000143,   -0.000015,    0.000000,    0.000088,   -0.000000
  100    -0.000000,   -0.000000,   -0.000428,   -0.000000,    0.000049
  101    -0.000003,   -0.000106,    0.000000,   -0.000009,   -0.000000
  102     0.000000,    0.000000,    0.000071,   -0.000000,   -0.000006
  103    -0.000015,   -0.000247,    0.000000,   -0.000017,    0.000000
  104     0.000711,    0.002399,   -0.000000,   -0.001399,   -0.000000
  105     0.000601,    0.003751,   -0.000000,   -0.002945,   -0.000000
  106     0.001654,   -0.003111,   -0.000000,    0.005200,    0.000000
  107     0.002152,   -0.002608,   -0.000000,    0.003864,    0.000000
  108     0.000962,    0.000841,    0.000000,    0.000954,   -0.000000
  109    -0.012470,   -0.011436,   -0.000001,    0.009886,    0.000000
  110    -0.010587,   -0.012796,    0.000000,   -0.002573,    0.000000
  111    -0.000001,    0.000002,   -0.003252,    0.000000,   -0.001875
  112    -0.007421,   -0.006498,    0.000000,    0.006584,    0.000000
  113    -0.006295,   -0.008179,    0.000000,   -0.002258,    0.000000
  114    -0.000000,    0.000001,   -0.002942,    0.000000,   -0.001183
  115    -0.001803,   -0.001571,    0.000000,    0.001933,    0.000000
  116    -0.001716,   -0.002785,    0.000000,   -0.000603,    0.000000
  117    -0.000000,    0.000000,   -0.001719,    0.000000,   -0.000221
  118    -0.000518,    0.000088,    0.000000,    0.000414,   -0.000000
  119    -0.000000,   -0.000000,    0.000219,   -0.000000,   -0.000072
  120     0.000257,   -0.000026,    0.000000,   -0.000385,    0.000000
  121     0.000000,    0.000000,    0.001707,    0.000000,   -0.000123
  122    -0.000541,   -0.001196,   -0.000000,   -0.000088,    0.000000
  123    -0.000373,    0.000939,    0.000000,    0.000503,   -0.000000
  124     0.000000,    0.000000,    0.000615,   -0.000000,   -0.000117
  125     0.000312,   -0.000447,    0.000000,   -0.000594,    0.000000
  126     0.000000,    0.000000,    0.004235,    0.000000,   -0.000427
  127    -0.000201,   -0.001564,   -0.000000,   -0.000393,    0.000000
  128    -0.000121,    0.000007,   -0.000000,    0.000188,    0.000000
  129    -0.000000,    0.000000,    0.000416,    0.000000,   -0.000051
  130     0.000074,   -0.000045,   -0.000000,   -0.000024,    0.000000
  131    -0.000000,   -0.000000,   -0.000470,   -0.000000,    0.000061
  132     0.000068,    0.000143,    0.000000,   -0.000077,   -0.000000
  133    -0.000000,    0.000000,    0.000461,   -0.000000,   -0.000059
  134    -0.000025,   -0.000401,   -0.000000,   -0.000035,    0.000000
  135     0.001814,   -0.000145,    0.003477,   -0.001681,    0.000395
  136     0.001996,    0.000059,    0.004377,   -0.002083,    0.000468
  137     0.000468,   -0.000555,    0.004196,   -0.000903,   -0.000172
  138    -0.000068,   -0.000120,   -0.000003,    0.000049,    0.000053
  139    -0.000221,   -0.000186,   -0.000130,    0.000023,   -0.000013
  140     0.000185,    0.000019,    0.000175,   -0.000173,    0.000024
  141    -0.000222,   -0.000161,   -0.000262,    0.000216,    0.000086
  142    -0.000349,   -0.000384,   -0.000006,   -0.000056,   -0.000029
  143     0.000198,    0.000187,   -0.000331,   -0.000130,    0.000057
  144    -0.000028,   -0.000010,   -0.000027,   -0.000017,   -0.000003
  145    -0.000083,   -0.000067,   -0.000048,    0.000008,    0.000002
  146     0.000046,    0.000011,    0.000053,   -0.000056,   -0.000010
  147    -0.000033,   -0.000027,   -0.000031,    0.000023,    0.000013
  148    -0.000066,   -0.000066,   -0.000063,    0.000027,    0.000012
  149     0.004593,    0.005977,   -0.000000,    0.002547,   -0.000000
  150     0.005894,    0.007915,   -0.000000,    0.002441,   -0.000000
  151     0.001391,    0.003355,    0.000000,    0.000995,   -0.000000
  152    -0.000204,   -0.000281,    0.000000,    0.000112,    0.000000
  153     0.000427,    0.000413,   -0.000000,    0.000230,   -0.000000
  154    -0.000000,   -0.000000,   -0.000049,   -0.000000,   -0.000028
  155    -0.000363,   -0.000216,    0.000000,    0.000241,   -0.000000
  156     0.000534,    0.000296,    0.000000,    0.000030,   -0.000000
  157    -0.000000,   -0.000000,    0.000104,   -0.000000,   -0.000077
  158    -0.000099,   -0.000140,    0.000000,    0.000066,    0.000000
  159    -0.000000,   -0.000000,    0.000031,   -0.000000,   -0.000019
  160    -0.000036,   -0.000037,   -0.000000,   -0.000007,    0.000000
  161     0.000000,    0.000000,    0.000049,   -0.000000,   -0.000005
  162    -0.000050,   -0.000019,   -0.000000,   -0.000039,    0.000000
  163     0.001814,   -0.000144,   -0.003477,   -0.001682,   -0.000395
  164     0.001995,    0.000059,   -0.004376,   -0.002084,   -0.000467
  165     0.000467,   -0.000555,   -0.004196,   -0.000903,    0.000172
  166    -0.000068,   -0.000120,    0.000003,    0.000049,   -0.000053
  167    -0.000221,   -0.000186,    0.000130,    0.000023,    0.000013
  168    -0.000185,   -0.000019,    0.000175,    0.000173,    0.000024
  169    -0.000222,   -0.000161,    0.000262,    0.000216,   -0.000086
  170    -0.000349,   -0.000384,    0.000006,   -0.000056,    0.000029
  171    -0.000198,   -0.000187,   -0.000331,    0.000130,    0.000057
  172    -0.000028,   -0.000010,    0.000027,   -0.000017,    0.000003
  173     0.000083,    0.000067,   -0.000048,   -0.000008,    0.000002
  174     0.000046,    0.000011,   -0.000053,   -0.000056,    0.000010
  175     0.000033,    0.000027,   -0.000031,   -0.000023,    0.000013
  176    -0.000066,   -0.000066,    0.000063,    0.000027,   -0.000012
                75,          76,          77,          78,          79
    0     0.001651,   -0.000000,   -0.001521,    0.011150,   -0.000000
    1     0.003075,   -0.000000,   -0.003024,    0.016590,   -0.000000
    2    -0.004293,    0.000000,    0.005170,   -0.009326,   -0.000000
    3    -0.001660,    0.000001,    0.002367,   -0.005514,   -0.000001
    4    -0.000001,    0.000000,    0.000608,   -0.002188,   -0.000000
    5     0.004977,    0.000000,    0.000290,    0.015091,    0.000001
    6    -0.003193,   -0.000000,    0.012817,    0.002918,    0.000001
    7    -0.000000,    0.011276,   -0.000000,   -0.000001,   -0.008935
    8     0.002726,    0.000000,    0.000568,    0.006510,    0.000000
    9    -0.001771,   -0.000000,    0.007779,    0.003995,    0.000001
   10    -0.000000,    0.008522,   -0.000000,   -0.000001,   -0.006704
   11     0.000334,    0.000000,    0.000663,    0.002441,    0.000000
   12    -0.000229,   -0.000000,    0.002252,    0.000572,    0.000000
   13     0.000000,    0.002994,   -0.000000,   -0.000000,   -0.002167
   14     0.000346,   -0.000000,   -0.000031,    0.000966,    0.000000
   15     0.000000,    0.000264,   -0.000000,   -0.000000,   -0.000233
   16     0.000236,   -0.000000,   -0.000198,    0.000330,    0.000000
   17    -0.000000,   -0.000430,   -0.000000,   -0.000000,    0.000404
   18    -0.000237,    0.000000,    0.000724,    0.000325,    0.000000
   19     0.000351,    0.000000,    0.000046,    0.000202,    0.000000
   20     0.000000,    0.000336,   -0.000000,   -0.000000,   -0.000315
   21     0.000100,   -0.000000,    0.000059,    0.000296,    0.000000
   22    -0.000000,   -0.000584,   -0.000000,   -0.000000,    0.000572
   23    -0.000289,   -0.000000,    0.000761,    0.001477,    0.000000
   24    -0.000086,    0.000000,    0.000085,   -0.000224,   -0.000000
   25     0.000000,   -0.000155,   -0.000000,    0.000000,    0.000130
   26     0.000063,    0.000000,   -0.000161,   -0.000033,   -0.000000
   27    -0.000000,   -0.000264,   -0.000000,    0.000000,    0.000227
   28    -0.000103,   -0.000000,    0.000027,   -0.000146,   -0.000000
   29     0.000000,    0.000078,   -0.000000,   -0.000000,   -0.000088
   30     0.000013,    0.000000,   -0.000047,   -0.000168,   -0.000000
   31     0.000508,   -0.000000,   -0.004835,   -0.003745,   -0.000000
   32     0.000478,   -0.000000,   -0.006088,   -0.002913,   -0.000000
   33     0.000324,   -0.000000,   -0.002339,   -0.001622,   -0.000000
   34     0.000055,    0.000000,    0.000020,    0.000160,    0.000000
   35     0.000028,   -0.000000,   -0.000378,   -0.000334,   -0.000000
   36     0.000000,    0.000174,   -0.000000,   -0.000000,   -0.000136
   37     0.000110,    0.000000,    0.000137,    0.000212,    0.000000
   38    -0.000084,   -0.000000,   -0.000214,    0.000261,    0.000000
   39    -0.000000,    0.000413,   -0.000000,   -0.000000,   -0.000340
   40     0.000031,    0.000000,    0.000007,    0.000064,   -0.000000
   41    -0.000000,    0.000078,   -0.000000,   -0.000000,   -0.000065
   42     0.000012,    0.000000,    0.000014,    0.000010,   -0.000000
   43     0.000000,   -0.000017,    0.000000,    0.000000,    0.000016
   44     0.000004,    0.000000,    0.000029,    0.000047,   -0.000000
   45     0.000253,   -0.000000,    0.004097,    0.004771,    0.000001
   46     0.000162,   -0.000000,    0.005389,    0.007081,    0.000001
   47     0.000135,    0.000000,    0.001378,    0.002660,    0.000000
   48     0.000018,    0.000000,   -0.000386,   -0.000292,   -0.000000
   49    -0.000052,    0.000000,   -0.000055,   -0.000223,   -0.000000
   50     0.000000,    0.000178,    0.000000,    0.000000,   -0.000133
   51     0.000132,    0.000000,   -0.000535,   -0.000444,   -0.000000
   52    -0.000069,    0.000000,    0.000039,   -0.000182,   -0.000000
   53    -0.000000,    0.000441,    0.000000,    0.000000,   -0.000336
   54     0.000010,   -0.000000,    0.000009,    0.000051,    0.000000
   55    -0.000000,   -0.000025,    0.000000,   -0.000000,    0.000015
   56     0.000012,    0.000000,   -0.000023,   -0.000006,   -0.000000
   57     0.000000,   -0.000082,   -0.000000,    0.000000,    0.000061
   58    -0.000026,   -0.000000,    0.000085,   -0.000016,    0.000000
   59     0.000968,   -0.000000,   -0.000412,   -0.005630,   -0.000000
   60     0.003594,   -0.000000,   -0.000883,   -0.008083,   -0.000000
   61    -0.010993,    0.000000,    0.001620,    0.002832,   -0.000001
   62    -0.008248,    0.000000,   -0.000048,    0.002637,   -0.000001
   63    -0.001507,    0.000000,   -0.000426,    0.001452,   -0.000000
   64    -0.001867,   -0.000000,    0.001562,   -0.021277,   -0.000001
   65     0.002170,    0.000000,   -0.011481,   -0.002434,   -0.000002
   66     0.000000,    0.009240,    0.000000,   -0.000002,   -0.009760
   67    -0.000559,   -0.000000,    0.000244,   -0.014370,   -0.000001
   68     0.001110,    0.000000,   -0.007612,   -0.001817,   -0.000001
   69     0.000000,    0.006949,    0.000000,   -0.000001,   -0.007345
   70     0.000044,    0.000000,   -0.000199,   -0.001032,   -0.000000
   71     0.000112,    0.000000,   -0.001882,   -0.000493,   -0.000001
   72     0.000000,    0.002487,   -0.000000,   -0.000000,   -0.002242
   73     0.000186,    0.000000,   -0.000156,    0.001565,    0.000000
   74     0.000000,   -0.000220,    0.000000,    0.000000,    0.000274
   75     0.000408,    0.000000,   -0.000187,    0.000004,    0.000000
   76     0.000000,    0.000618,    0.000000,   -0.000000,   -0.000292
   77    -0.000187,    0.000000,    0.001002,    0.000094,    0.000000
   78     0.000004,   -0.000000,    0.000094,    0.003007,    0.000000
   79     0.000000,   -0.000292,    0.000000,    0.000000,    0.000404
   80     0.000470,    0.000000,   -0.000141,   -0.000046,    0.000000
   81     0.000000,    0.001003,   -0.000000,   -0.000000,   -0.000362
   82    -0.000172,   -0.000000,    0.001665,    0.000411,    0.000000
   83     0.000211,   -0.000000,   -0.000142,   -0.000063,   -0.000000
   84     0.000000,   -0.000192,   -0.000000,    0.000000,    0.000094
   85    -0.000053,   -0.000000,    0.000153,    0.000073,    0.000000
   86    -0.000000,   -0.000205,   -0.000000,    0.000000,    0.000277
   87     0.000024,    0.000000,   -0.000025,    0.000461,    0.000000
   88    -0.000000,    0.000053,   -0.000000,   -0.000000,   -0.000113
   89     0.000020,   -0.000000,    0.000039,    0.000146,   -0.000000
   90    -0.001334,   -0.000000,   -0.005337,   -0.000654,   -0.000001
   91    -0.000891,   -0.000000,   -0.006214,   -0.000724,   -0.000001
   92     0.000086,   -0.000000,   -0.002750,   -0.000708,   -0.000000
   93    -0.000010,   -0.000000,    0.000038,   -0.000203,   -0.000000
   94     0.000157,    0.000000,    0.000443,    0.000024,    0.000000
   95    -0.000000,    0.000143,   -0.000000,   -0.000000,   -0.000147
   96    -0.000011,   -0.000000,    0.000029,   -0.000673,   -0.000000
   97     0.000073,    0.000000,    0.000113,   -0.000135,   -0.000000
   98     0.000000,    0.000342,   -0.000000,   -0.000000,   -0.000359
   99     0.000008,    0.000000,   -0.000020,    0.000134,    0.000000
  100     0.000000,   -0.000067,    0.000000,    0.000000,    0.000071
  101     0.000016,    0.000000,    0.000014,   -0.000008,   -0.000000
  102     0.000000,    0.000020,    0.000000,   -0.000000,   -0.000007
  103     0.000019,    0.000000,    0.000048,   -0.000000,   -0.000000
  104     0.000706,   -0.000000,   -0.001043,   -0.005787,   -0.000001
  105     0.001363,   -0.000000,   -0.002226,   -0.009284,   -0.000001
  106    -0.001970,    0.000000,    0.004162,    0.007808,    0.000000
  107    -0.001022,    0.000000,    0.003395,    0.005156,    0.000000
  108     0.000493,   -0.000000,   -0.000028,    0.000781,   -0.000000
  109    -0.002965,    0.000000,    0.001412,    0.023151,    0.000001
  110    -0.001296,    0.000000,    0.008027,   -0.005694,    0.000001
  111    -0.000000,   -0.008357,    0.000000,    0.000000,   -0.003619
  112    -0.001666,    0.000000,    0.000640,    0.014779,    0.000000
  113    -0.000805,    0.000000,    0.005080,   -0.004821,    0.000001
  114    -0.000000,   -0.005768,    0.000000,    0.000000,   -0.002324
  115    -0.000173,    0.000000,    0.000128,    0.004059,    0.000000
  116    -0.000080,    0.000000,    0.001570,   -0.001284,    0.000000
  117    -0.000000,   -0.001729,    0.000000,    0.000000,   -0.000488
  118    -0.000125,    0.000000,   -0.000019,    0.000756,    0.000000
  119    -0.000000,   -0.000130,    0.000000,   -0.000000,   -0.000124
  120     0.000117,    0.000000,    0.000133,   -0.000862,    0.000000
  121     0.000000,    0.000524,   -0.000000,    0.000000,   -0.000148
  122    -0.000163,    0.000000,    0.000462,    0.000103,    0.000000
  123    -0.000093,    0.000000,   -0.000294,    0.000675,   -0.000000
  124    -0.000000,   -0.000065,    0.000000,   -0.000000,   -0.000188
  125     0.000047,    0.000000,    0.000243,   -0.001027,    0.000000
  126     0.000000,    0.000873,    0.000000,   -0.000000,   -0.000593
  127    -0.000228,    0.000000,    0.000505,   -0.000255,    0.000000
  128    -0.000029,   -0.000000,    0.000046,    0.000289,    0.000000
  129     0.000000,    0.000054,   -0.000000,   -0.000000,   -0.000075
  130     0.000006,    0.000000,    0.000014,   -0.000047,    0.000000
  131     0.000000,   -0.000049,   -0.000000,    0.000000,    0.000091
  132     0.000050,   -0.000000,   -0.000075,   -0.000154,   -0.000000
  133    -0.000000,    0.000049,    0.000000,   -0.000000,   -0.000089
  134    -0.000023,   -0.000000,    0.000081,    0.000073,    0.000000
  135     0.000118,    0.003317,    0.001607,   -0.004461,    0.000892
  136     0.000205,    0.004071,    0.001757,   -0.005376,    0.001068
  137     0.000001,    0.001738,    0.000605,   -0.001822,   -0.000124
  138    -0.000026,    0.000182,    0.000111,    0.000055,    0.000098
  139    -0.000026,   -0.000117,    0.000065,    0.000073,   -0.000030
  140     0.000017,    0.000183,    0.000147,   -0.000456,    0.000053
  141    -0.000050,    0.000155,    0.000111,    0.000400,    0.000147
  142    -0.000048,   -0.000104,    0.000177,   -0.000068,   -0.000054
  143     0.000022,    0.000013,    0.000116,   -0.000416,    0.000089
  144    -0.000003,   -0.000027,    0.000012,   -0.000037,   -0.000008
  145    -0.000011,   -0.000021,    0.000030,    0.000020,    0.000001
  146     0.000007,   -0.000007,    0.000024,   -0.000128,   -0.000017
  147    -0.000013,    0.000029,    0.000033,    0.000037,    0.000023
  148    -0.000015,    0.000006,    0.000031,    0.000063,    0.000019
  149     0.000176,   -0.000000,   -0.003073,    0.004549,   -0.000001
  150     0.000172,   -0.000001,   -0.004268,    0.004594,   -0.000001
  151     0.000113,   -0.000000,   -0.001635,    0.001588,   -0.000000
  152    -0.000047,    0.000000,    0.000055,    0.000309,    0.000000
  153    -0.000000,   -0.000000,   -0.000225,    0.000447,   -0.000000
  154    -0.000000,   -0.000124,    0.000000,   -0.000000,   -0.000054
  155    -0.000055,    0.000000,   -0.000098,    0.000592,   -0.000000
  156    -0.000044,   -0.000000,   -0.000213,    0.000176,   -0.000000
  157    -0.000000,   -0.000212,    0.000000,   -0.000000,   -0.000138
  158    -0.000020,    0.000000,    0.000017,    0.000178,    0.000000
  159    -0.000000,   -0.000050,    0.000000,   -0.000000,   -0.000034
  160     0.000005,    0.000000,    0.000021,   -0.000020,    0.000000
  161     0.000000,    0.000010,   -0.000000,   -0.000000,   -0.000007
  162     0.000005,    0.000000,    0.000008,   -0.000083,    0.000000
  163     0.000118,   -0.003316,    0.001607,   -0.004462,   -0.000891
  164     0.000205,   -0.004071,    0.001758,   -0.005378,   -0.001067
  165     0.000001,   -0.001738,    0.000605,   -0.001823,    0.000124
  166    -0.000026,   -0.000183,    0.000111,    0.000055,   -0.000098
  167    -0.000026,    0.000117,    0.000065,    0.000073,    0.000030
  168    -0.000017,    0.000183,   -0.000147,    0.000456,    0.000053
  169    -0.000050,   -0.000155,    0.000111,    0.000400,   -0.000147
  170    -0.000048,    0.000104,    0.000177,   -0.000068,    0.000054
  171    -0.000022,    0.000013,   -0.000116,    0.000417,    0.000089
  172    -0.000003,    0.000027,    0.000012,   -0.000037,    0.000008
  173     0.000011,   -0.000021,   -0.000030,   -0.000020,    0.000001
  174     0.000007,    0.000007,    0.000024,   -0.000128,    0.000017
  175     0.000013,    0.000029,   -0.000033,   -0.000037,    0.000023
  176    -0.000015,   -0.000006,    0.000031,    0.000063,   -0.000019
                80,          81,          82,          83,          84
    0     0.003424,   -0.000000,   -0.005486,    0.001808,    0.000000
    1     0.005727,   -0.000001,   -0.007944,    0.002817,    0.000000
    2    -0.005804,    0.000001,    0.003635,   -0.002094,   -0.000000
    3    -0.002371,    0.000001,    0.001789,   -0.000654,   -0.000000
    4    -0.000179,    0.000000,    0.000539,    0.000076,   -0.000000
    5     0.007196,   -0.000000,    0.011769,    0.003046,    0.000000
    6    -0.001389,   -0.000000,    0.022753,   -0.001846,   -0.000000
    7     0.000000,    0.016785,   -0.000001,    0.000000,   -0.003558
    8     0.004193,    0.000000,    0.006904,    0.001725,    0.000000
    9    -0.000848,   -0.000000,    0.013872,   -0.001126,    0.000000
   10    -0.000000,    0.012706,   -0.000001,    0.000000,   -0.002689
   11     0.000628,    0.000000,    0.002595,    0.000195,    0.000000
   12     0.000123,   -0.000000,    0.004140,   -0.000167,    0.000000
   13     0.000000,    0.004544,   -0.000000,    0.000000,   -0.000942
   14     0.000408,   -0.000000,    0.000351,    0.000163,    0.000000
   15    -0.000000,    0.000383,   -0.000000,    0.000000,   -0.000084
   16     0.000301,   -0.000000,   -0.000068,    0.000118,    0.000000
   17    -0.000000,   -0.000614,   -0.000000,   -0.000000,    0.000137
   18    -0.000287,   -0.000000,    0.000859,   -0.000199,   -0.000000
   19     0.000468,    0.000000,    0.000161,    0.000159,   -0.000000
   20     0.000000,    0.000480,   -0.000000,    0.000000,   -0.000107
   21     0.000095,   -0.000000,    0.000275,    0.000018,    0.000000
   22    -0.000000,   -0.000823,    0.000000,   -0.000000,    0.000186
   23    -0.000520,   -0.000000,    0.000834,   -0.000299,    0.000000
   24    -0.000102,    0.000000,    0.000004,   -0.000035,   -0.000000
   25     0.000000,   -0.000228,    0.000000,    0.000000,    0.000049
   26     0.000047,    0.000000,   -0.000299,    0.000033,   -0.000000
   27     0.000000,   -0.000386,    0.000000,    0.000000,    0.000084
   28    -0.000150,   -0.000000,   -0.000108,   -0.000063,   -0.000000
   29    -0.000000,    0.000104,   -0.000000,    0.000000,   -0.000025
   30     0.000077,    0.000000,    0.000125,    0.000044,   -0.000000
   31    -0.000463,   -0.000000,   -0.009193,    0.000466,    0.000000
   32    -0.001032,   -0.000000,   -0.011539,    0.000373,    0.000000
   33     0.000115,    0.000000,   -0.003951,    0.000313,    0.000000
   34     0.000096,    0.000000,    0.000208,    0.000040,   -0.000000
   35    -0.000073,   -0.000000,   -0.000732,    0.000025,    0.000000
   36    -0.000000,    0.000260,   -0.000000,    0.000000,   -0.000055
   37     0.000226,    0.000000,    0.000657,    0.000084,   -0.000000
   38    -0.000337,   -0.000000,   -0.000547,   -0.000097,    0.000000
   39    -0.000000,    0.000610,   -0.000000,   -0.000000,   -0.000131
   40     0.000065,    0.000000,    0.000136,    0.000028,   -0.000000
   41    -0.000000,    0.000114,   -0.000000,   -0.000000,   -0.000025
   42     0.000028,    0.000000,    0.000042,    0.000009,   -0.000000
   43     0.000000,   -0.000024,    0.000000,    0.000000,    0.000005
   44     0.000024,    0.000000,    0.000047,    0.000005,   -0.000000
   45     0.000985,   -0.000000,    0.009944,    0.000182,    0.000000
   46     0.000945,   -0.000001,    0.013278,    0.000058,    0.000000
   47     0.000345,   -0.000000,    0.003241,    0.000009,    0.000000
   48    -0.000042,    0.000000,   -0.000907,    0.000004,   -0.000000
   49    -0.000061,    0.000000,   -0.000234,   -0.000028,   -0.000000
   50     0.000000,    0.000268,    0.000000,    0.000000,   -0.000056
   51     0.000127,    0.000000,   -0.001291,    0.000079,   -0.000000
   52    -0.000057,    0.000000,   -0.000160,   -0.000038,   -0.000000
   53    -0.000000,    0.000662,    0.000000,   -0.000000,   -0.000139
   54     0.000004,   -0.000000,    0.000048,    0.000001,    0.000000
   55     0.000000,   -0.000039,    0.000000,    0.000000,    0.000008
   56     0.000014,    0.000000,   -0.000062,    0.000006,   -0.000000
   57     0.000000,   -0.000124,   -0.000000,    0.000000,    0.000026
   58    -0.000013,   -0.000000,    0.000194,   -0.000011,    0.000000
   59     0.004368,   -0.000000,   -0.004819,    0.000043,    0.000000
   60     0.008384,   -0.000000,   -0.006903,    0.001170,    0.000000
   61    -0.012331,    0.000000,    0.002592,   -0.005272,   -0.000000
   62    -0.009784,    0.000000,    0.000212,   -0.003935,   -0.000000
   63    -0.001483,    0.000000,    0.000426,   -0.000698,   -0.000000
   64    -0.001867,    0.000000,   -0.004717,   -0.000641,   -0.000000
   65     0.004459,    0.000000,   -0.007533,    0.003143,    0.000000
   66    -0.000000,    0.012721,   -0.000001,    0.000000,   -0.002948
   67    -0.000303,    0.000000,   -0.003695,   -0.000012,   -0.000000
   68     0.002337,    0.000000,   -0.006583,    0.001817,   -0.000000
   69    -0.000000,    0.009564,   -0.000001,    0.000000,   -0.002217
   70     0.000085,    0.000000,   -0.000807,    0.000062,   -0.000000
   71     0.000227,    0.000000,   -0.002139,    0.000316,   -0.000000
   72    -0.000000,    0.003587,   -0.000000,    0.000000,   -0.000788
   73     0.000244,   -0.000000,    0.000234,    0.000092,    0.000000
   74     0.000000,   -0.000285,    0.000000,   -0.000000,    0.000071
   75     0.000470,    0.000000,   -0.000172,    0.000211,    0.000000
   76     0.000000,    0.001003,   -0.000000,   -0.000000,   -0.000192
   77    -0.000141,   -0.000000,    0.001665,   -0.000142,   -0.000000
   78    -0.000046,   -0.000000,    0.000411,   -0.000063,    0.000000
   79     0.000000,   -0.000362,    0.000000,   -0.000000,    0.000094
   80     0.000629,    0.000000,    0.000083,    0.000263,   -0.000000
   81     0.000000,    0.001677,   -0.000000,    0.000000,   -0.000311
   82     0.000083,   -0.000000,    0.003940,   -0.000089,    0.000000
   83     0.000263,    0.000000,   -0.000089,    0.000131,    0.000000
   84    -0.000000,   -0.000311,    0.000000,    0.000000,    0.000060
   85    -0.000103,   -0.000000,    0.000083,   -0.000060,    0.000000
   86     0.000000,   -0.000257,    0.000000,   -0.000000,    0.000066
   87     0.000024,   -0.000000,    0.000098,    0.000006,    0.000000
   88    -0.000000,    0.000048,   -0.000000,   -0.000000,   -0.000018
   89     0.000037,   -0.000000,    0.000008,    0.000007,    0.000000
   90    -0.000941,   -0.000000,   -0.004810,    0.000216,    0.000000
   91    -0.000104,   -0.000000,   -0.004142,    0.000681,    0.000000
   92     0.000168,    0.000000,   -0.003618,    0.000367,    0.000000
   93    -0.000006,   -0.000000,   -0.000046,   -0.000005,    0.000000
   94     0.000120,    0.000000,    0.000302,   -0.000007,   -0.000000
   95    -0.000000,    0.000199,   -0.000000,    0.000000,   -0.000046
   96     0.000000,   -0.000000,   -0.000160,    0.000004,   -0.000000
   97    -0.000077,    0.000000,   -0.000818,   -0.000067,   -0.000000
   98     0.000000,    0.000471,    0.000000,    0.000000,   -0.000109
   99     0.000005,    0.000000,    0.000034,    0.000004,   -0.000000
  100     0.000000,   -0.000093,    0.000000,   -0.000000,    0.000022
  101     0.000015,    0.000000,   -0.000012,    0.000002,   -0.000000
  102     0.000000,    0.000033,   -0.000000,   -0.000000,   -0.000006
  103     0.000017,    0.000000,   -0.000003,   -0.000004,   -0.000000
  104    -0.000756,    0.000000,   -0.006253,    0.000812,    0.000000
  105    -0.000612,    0.000000,   -0.009474,    0.001224,    0.000000
  106    -0.001738,   -0.000000,    0.005964,   -0.000692,    0.000000
  107    -0.000519,   -0.000000,    0.004912,   -0.000283,    0.000000
  108     0.000573,   -0.000000,   -0.000316,    0.000356,    0.000000
  109    -0.005167,    0.000000,    0.000795,   -0.002872,    0.000000
  110     0.000272,    0.000000,    0.023296,   -0.000251,   -0.000000
  111    -0.000001,   -0.016782,   -0.000000,   -0.000000,    0.002502
  112    -0.002939,    0.000000,    0.000118,   -0.001705,   -0.000000
  113     0.000218,    0.000000,    0.014616,   -0.000129,   -0.000000
  114    -0.000001,   -0.011509,   -0.000000,   -0.000000,    0.001729
  115    -0.000484,    0.000000,   -0.000006,   -0.000303,   -0.000000
  116     0.000234,    0.000000,    0.004236,    0.000022,   -0.000000
  117    -0.000000,   -0.003361,    0.000000,   -0.000000,    0.000521
  118    -0.000153,    0.000000,    0.000215,   -0.000073,   -0.000000
  119    -0.000000,   -0.000290,    0.000000,    0.000000,    0.000038
  120     0.000217,    0.000000,    0.000382,    0.000100,   -0.000000
  121     0.000000,    0.000893,   -0.000000,   -0.000000,   -0.000162
  122    -0.000185,    0.000000,    0.000869,   -0.000118,   -0.000000
  123    -0.000076,    0.000000,   -0.000078,   -0.000015,   -0.000000
  124    -0.000000,   -0.000198,   -0.000000,   -0.000000,    0.000017
  125     0.000086,    0.000000,    0.000335,    0.000040,   -0.000000
  126     0.000000,    0.001341,   -0.000000,    0.000000,   -0.000274
  127    -0.000326,    0.000000,    0.000526,   -0.000185,   -0.000000
  128    -0.000030,   -0.000000,    0.000156,   -0.000010,    0.000000
  129     0.000000,    0.000068,   -0.000000,    0.000000,   -0.000018
  130     0.000001,    0.000000,   -0.000057,    0.000003,   -0.000000
  131     0.000000,   -0.000051,   -0.000000,   -0.000000,    0.000016
  132     0.000068,   -0.000000,   -0.000099,    0.000028,    0.000000
  133    -0.000000,    0.000052,   -0.000000,   -0.000000,   -0.000016
  134    -0.000062,   -0.000000,   -0.000026,   -0.000037,    0.000000
  135     0.000848,    0.006430,    0.003965,    0.000443,   -0.001000
  136     0.001121,    0.007881,    0.004761,    0.000550,   -0.001228
  137     0.000207,    0.003119,    0.001387,    0.000091,   -0.000532
  138    -0.000003,    0.000374,    0.000283,   -0.000006,   -0.000054
  139    -0.000029,   -0.000226,    0.000207,   -0.000020,    0.000035
  140     0.000096,    0.000356,    0.000391,    0.000047,   -0.000055
  141    -0.000037,    0.000345,    0.000335,   -0.000030,   -0.000045
  142    -0.000045,   -0.000213,    0.000488,   -0.000027,    0.000031
  143     0.000129,    0.000062,    0.000456,    0.000057,   -0.000003
  144    -0.000001,   -0.000053,    0.000046,    0.000001,    0.000008
  145    -0.000013,   -0.000038,    0.000091,   -0.000007,    0.000006
  146     0.000025,   -0.000020,    0.000074,    0.000011,    0.000002
  147    -0.000004,    0.000062,    0.000102,   -0.000005,   -0.000008
  148    -0.000015,    0.000020,    0.000082,   -0.000010,   -0.000002
  149    -0.000440,   -0.000001,   -0.009219,   -0.000006,    0.000000
  150    -0.000683,   -0.000001,   -0.012318,   -0.000048,    0.000000
  151    -0.000080,   -0.000000,   -0.003799,    0.000055,    0.000000
  152    -0.000084,    0.000000,    0.000054,   -0.000048,   -0.000000
  153    -0.000056,   -0.000000,   -0.000770,   -0.000014,    0.000000
  154    -0.000000,   -0.000249,    0.000000,   -0.000000,    0.000037
  155    -0.000150,    0.000000,   -0.000294,   -0.000067,   -0.000000
  156    -0.000114,   -0.000000,   -0.000811,   -0.000043,    0.000000
  157    -0.000000,   -0.000445,    0.000000,    0.000000,    0.000063
  158    -0.000043,    0.000000,   -0.000006,   -0.000023,   -0.000000
  159    -0.000000,   -0.000105,    0.000000,    0.000000,    0.000015
  160     0.000009,    0.000000,    0.000065,    0.000003,   -0.000000
  161     0.000000,    0.000016,    0.000000,    0.000000,   -0.000003
  162     0.000006,    0.000000,    0.000047,    0.000006,   -0.000000
  163     0.000848,   -0.006428,    0.003966,    0.000443,    0.001000
  164     0.001120,   -0.007880,    0.004763,    0.000550,    0.001228
  165     0.000206,   -0.003119,    0.001387,    0.000091,    0.000532
  166    -0.000003,   -0.000374,    0.000283,   -0.000006,    0.000054
  167    -0.000029,    0.000227,    0.000207,   -0.000020,   -0.000035
  168    -0.000096,    0.000356,   -0.000391,   -0.000047,   -0.000055
  169    -0.000037,   -0.000345,    0.000335,   -0.000030,    0.000045
  170    -0.000045,    0.000213,    0.000488,   -0.000027,   -0.000031
  171    -0.000129,    0.000062,   -0.000456,   -0.000057,   -0.000003
  172    -0.000001,    0.000053,    0.000046,    0.000001,   -0.000008
  173     0.000013,   -0.000038,   -0.000091,    0.000007,    0.000006
  174     0.000025,    0.000020,    0.000074,    0.000011,   -0.000002
  175     0.000004,    0.000062,   -0.000102,    0.000005,   -0.000008
  176    -0.000015,   -0.000020,    0.000082,   -0.000010,    0.000002
                85,          86,          87,          88,          89
    0    -0.000926,    0.000000,    0.001555,    0.000000,   -0.000168
    1    -0.001506,    0.000000,    0.002558,   -0.000000,   -0.000246
    2     0.001445,   -0.000000,   -0.002492,    0.000000,    0.000092
    3     0.000612,   -0.000000,   -0.001351,    0.000000,    0.000072
    4     0.000147,   -0.000000,   -0.000436,    0.000000,   -0.000077
    5    -0.001822,   -0.000000,    0.002593,   -0.000000,    0.002133
    6     0.000386,    0.000000,   -0.002200,   -0.000000,    0.004702
    7    -0.000000,   -0.006188,    0.000000,    0.002162,   -0.000000
    8    -0.001132,   -0.000000,    0.000951,   -0.000000,    0.001507
    9     0.000378,    0.000000,   -0.000944,   -0.000000,    0.002866
   10    -0.000000,   -0.004644,    0.000000,    0.001618,   -0.000000
   11    -0.000143,    0.000000,    0.000364,   -0.000000,    0.000347
   12     0.000075,    0.000000,   -0.000308,   -0.000000,    0.000756
   13    -0.000000,   -0.001504,    0.000000,    0.000506,   -0.000000
   14    -0.000023,   -0.000000,    0.000219,   -0.000000,    0.000012
   15    -0.000000,   -0.000161,    0.000000,    0.000058,   -0.000000
   16    -0.000058,    0.000000,    0.000107,   -0.000000,   -0.000015
   17     0.000000,    0.000279,   -0.000000,   -0.000103,   -0.000000
   18     0.000178,   -0.000000,   -0.000025,   -0.000000,    0.000078
   19    -0.000014,   -0.000000,    0.000081,    0.000000,    0.000012
   20    -0.000000,   -0.000218,    0.000000,    0.000081,   -0.000000
   21     0.000030,    0.000000,    0.000102,   -0.000000,   -0.000058
   22     0.000000,    0.000394,   -0.000000,   -0.000148,   -0.000000
   23     0.000340,    0.000000,    0.000238,   -0.000000,   -0.000069
   24     0.000017,   -0.000000,   -0.000064,    0.000000,    0.000007
   25     0.000000,    0.000090,    0.000000,   -0.000032,    0.000000
   26    -0.000004,   -0.000000,    0.000030,    0.000000,   -0.000059
   27     0.000000,    0.000157,   -0.000000,   -0.000057,    0.000000
   28     0.000037,    0.000000,   -0.000029,    0.000000,   -0.000029
   29    -0.000000,   -0.000061,   -0.000000,    0.000024,   -0.000000
   30    -0.000078,   -0.000000,   -0.000048,    0.000000,    0.000055
   31    -0.000099,    0.000000,    0.000266,    0.000000,   -0.001806
   32     0.000071,    0.000000,    0.000666,    0.000000,   -0.002334
   33    -0.000270,    0.000000,    0.000031,    0.000000,   -0.000537
   34    -0.000035,   -0.000000,    0.000019,    0.000000,    0.000044
   35     0.000010,    0.000000,    0.000027,   -0.000000,   -0.000168
   36    -0.000000,   -0.000094,    0.000000,    0.000033,   -0.000000
   37    -0.000067,   -0.000000,    0.000049,    0.000000,    0.000043
   38     0.000142,    0.000000,    0.000133,   -0.000000,   -0.000207
   39     0.000000,   -0.000236,    0.000000,    0.000084,   -0.000000
   40    -0.000028,   -0.000000,    0.000008,    0.000000,    0.000025
   41    -0.000000,   -0.000045,    0.000000,    0.000016,   -0.000000
   42    -0.000008,   -0.000000,   -0.000001,    0.000000,    0.000008
   43    -0.000000,    0.000011,    0.000000,   -0.000004,    0.000000
   44    -0.000009,   -0.000000,   -0.000006,    0.000000,    0.000026
   45    -0.000090,    0.000000,    0.000132,   -0.000000,    0.001665
   46     0.000020,    0.000000,    0.000423,   -0.000000,    0.001963
   47     0.000044,   -0.000000,    0.000235,   -0.000000,    0.000575
   48     0.000007,   -0.000000,    0.000019,    0.000000,   -0.000155
   49     0.000003,    0.000000,   -0.000039,    0.000000,   -0.000023
   50    -0.000000,   -0.000092,    0.000000,    0.000032,    0.000000
   51    -0.000035,   -0.000000,   -0.000003,    0.000000,   -0.000146
   52     0.000007,   -0.000000,   -0.000068,    0.000000,    0.000032
   53    -0.000000,   -0.000233,    0.000000,    0.000080,    0.000000
   54     0.000006,    0.000000,    0.000015,   -0.000000,   -0.000004
   55    -0.000000,    0.000010,   -0.000000,   -0.000003,    0.000000
   56    -0.000001,   -0.000000,    0.000003,    0.000000,   -0.000009
   57     0.000000,    0.000042,   -0.000000,   -0.000014,   -0.000000
   58    -0.000005,    0.000000,   -0.000022,   -0.000000,    0.000037
   59    -0.000668,    0.000000,   -0.000231,    0.000000,    0.000152
   60    -0.000961,   -0.000000,   -0.000363,    0.000000,    0.000383
   61     0.000323,    0.000000,    0.000220,    0.000000,   -0.000835
   62     0.000174,    0.000000,    0.000302,    0.000000,   -0.000791
   63    -0.000183,    0.000000,    0.000394,   -0.000000,   -0.000262
   64    -0.000174,    0.000000,   -0.005697,    0.000000,    0.002363
   65    -0.004741,    0.000000,   -0.000156,    0.000000,    0.001119
   66    -0.000000,   -0.006721,    0.000000,    0.002585,   -0.000000
   67    -0.000401,   -0.000000,   -0.003683,    0.000000,    0.001592
   68    -0.002869,    0.000000,   -0.000212,    0.000000,    0.000676
   69    -0.000000,   -0.005058,    0.000000,    0.001945,   -0.000000
   70    -0.000075,   -0.000000,   -0.000310,    0.000000,    0.000200
   71    -0.000568,   -0.000000,   -0.000068,    0.000000,    0.000104
   72    -0.000000,   -0.001548,    0.000000,    0.000567,   -0.000000
   73    -0.000065,    0.000000,    0.000284,   -0.000000,    0.000083
   74     0.000000,    0.000188,   -0.000000,   -0.000076,   -0.000000
   75    -0.000053,   -0.000000,    0.000024,   -0.000000,    0.000020
   76    -0.000000,   -0.000205,    0.000000,    0.000053,   -0.000000
   77     0.000153,   -0.000000,   -0.000025,   -0.000000,    0.000039
   78     0.000073,    0.000000,    0.000461,   -0.000000,    0.000146
   79     0.000000,    0.000277,    0.000000,   -0.000113,   -0.000000
   80    -0.000103,    0.000000,    0.000024,   -0.000000,    0.000037
   81    -0.000000,   -0.000257,   -0.000000,    0.000048,   -0.000000
   82     0.000083,    0.000000,    0.000098,   -0.000000,    0.000008
   83    -0.000060,   -0.000000,    0.000006,   -0.000000,    0.000007
   84     0.000000,    0.000066,    0.000000,   -0.000018,    0.000000
   85     0.000076,    0.000000,    0.000009,   -0.000000,   -0.000021
   86     0.000000,    0.000190,   -0.000000,   -0.000077,    0.000000
   87     0.000009,   -0.000000,    0.000124,   -0.000000,   -0.000060
   88    -0.000000,   -0.000077,   -0.000000,    0.000034,   -0.000000
   89    -0.000021,    0.000000,   -0.000060,   -0.000000,    0.000162
   90    -0.001868,    0.000000,   -0.000072,    0.000000,    0.000225
   91    -0.002417,    0.000000,    0.000005,    0.000000,    0.000312
   92    -0.000731,    0.000000,   -0.000127,    0.000000,    0.000136
   93    -0.000001,    0.000000,   -0.000076,    0.000000,    0.000061
   94     0.000174,   -0.000000,    0.000004,   -0.000000,   -0.000023
   95    -0.000000,   -0.000101,    0.000000,    0.000038,   -0.000000
   96    -0.000023,    0.000000,   -0.000193,    0.000000,    0.000118
   97     0.000205,   -0.000000,   -0.000048,    0.000000,   -0.000029
   98    -0.000000,   -0.000248,    0.000000,    0.000095,   -0.000000
   99     0.000004,   -0.000000,    0.000053,   -0.000000,   -0.000048
  100     0.000000,    0.000049,   -0.000000,   -0.000019,   -0.000000
  101     0.000010,   -0.000000,    0.000001,    0.000000,   -0.000004
  102    -0.000000,   -0.000005,   -0.000000,    0.000001,    0.000000
  103     0.000024,   -0.000000,    0.000003,    0.000000,   -0.000007
  104    -0.000635,    0.000000,   -0.000971,    0.000000,    0.000442
  105    -0.001008,    0.000000,   -0.001618,    0.000000,    0.000677
  106     0.000825,   -0.000000,    0.001579,   -0.000000,   -0.000419
  107     0.000556,   -0.000000,    0.001000,   -0.000000,   -0.000093
  108    -0.000091,   -0.000000,    0.000047,    0.000000,    0.000272
  109     0.001945,    0.000000,    0.003779,   -0.000000,    0.000213
  110     0.000403,   -0.000000,    0.001982,   -0.000000,   -0.005064
  111     0.000000,   -0.002346,    0.000000,    0.001811,   -0.000000
  112     0.001155,    0.000000,    0.002360,   -0.000000,    0.000304
  113     0.000259,   -0.000000,    0.001126,   -0.000000,   -0.003374
  114     0.000000,   -0.001501,    0.000000,    0.001192,   -0.000000
  115     0.000265,    0.000000,    0.000596,   -0.000000,    0.000214
  116     0.000103,   -0.000000,    0.000308,   -0.000000,   -0.000905
  117     0.000000,   -0.000309,    0.000000,    0.000288,    0.000000
  118     0.000005,    0.000000,    0.000166,   -0.000000,   -0.000046
  119    -0.000000,   -0.000082,    0.000000,    0.000051,   -0.000000
  120    -0.000044,    0.000000,   -0.000106,   -0.000000,   -0.000067
  121    -0.000000,   -0.000106,   -0.000000,    0.000011,    0.000000
  122     0.000118,    0.000000,    0.000112,   -0.000000,   -0.000198
  123    -0.000081,   -0.000000,    0.000170,    0.000000,   -0.000053
  124     0.000000,   -0.000126,   -0.000000,    0.000067,   -0.000000
  125     0.000007,   -0.000000,   -0.000163,   -0.000000,   -0.000049
  126    -0.000000,   -0.000412,    0.000000,    0.000134,    0.000000
  127     0.000193,   -0.000000,    0.000008,   -0.000000,   -0.000168
  128     0.000003,    0.000000,    0.000062,   -0.000000,   -0.000012
  129    -0.000000,   -0.000051,    0.000000,    0.000021,    0.000000
  130     0.000006,    0.000000,   -0.000015,   -0.000000,    0.000011
  131     0.000000,    0.000062,   -0.000000,   -0.000027,    0.000000
  132    -0.000025,   -0.000000,   -0.000037,    0.000000,    0.000022
  133    -0.000000,   -0.000061,    0.000000,    0.000026,   -0.000000
  134     0.000055,    0.000000,    0.000006,   -0.000000,   -0.000008
  135    -0.000168,    0.000562,   -0.000318,   -0.000537,   -0.000769
  136    -0.000236,    0.000672,   -0.000384,   -0.000650,   -0.000928
  137    -0.000008,   -0.000106,   -0.000157,   -0.000084,   -0.000306
  138     0.000010,    0.000064,    0.000036,   -0.000046,   -0.000044
  139     0.000012,   -0.000019,    0.000041,    0.000018,   -0.000049
  140    -0.000021,    0.000034,   -0.000035,   -0.000031,   -0.000075
  141     0.000025,    0.000098,    0.000093,   -0.000060,   -0.000040
  142     0.000021,   -0.000035,    0.000054,    0.000025,   -0.000115
  143    -0.000037,    0.000060,   -0.000022,   -0.000031,   -0.000081
  144    -0.000002,   -0.000005,    0.000002,    0.000004,   -0.000014
  145     0.000004,    0.000001,    0.000015,    0.000001,   -0.000020
  146    -0.000006,   -0.000011,   -0.000013,    0.000006,   -0.000016
  147     0.000003,    0.000015,    0.000015,   -0.000010,   -0.000015
  148     0.000007,    0.000013,    0.000019,   -0.000007,   -0.000014
  149    -0.000104,   -0.000000,   -0.000430,    0.000000,    0.002107
  150    -0.000147,   -0.000000,   -0.000697,    0.000000,    0.002520
  151    -0.000171,   -0.000000,   -0.000121,    0.000000,    0.000719
  152     0.000040,    0.000000,    0.000055,   -0.000000,   -0.000010
  153     0.000008,   -0.000000,   -0.000035,    0.000000,    0.000188
  154     0.000000,   -0.000035,    0.000000,    0.000027,   -0.000000
  155     0.000059,   -0.000000,    0.000116,    0.000000,   -0.000037
  156     0.000035,   -0.000000,   -0.000067,    0.000000,    0.000136
  157    -0.000000,   -0.000091,    0.000000,    0.000061,   -0.000000
  158     0.000022,    0.000000,    0.000030,   -0.000000,   -0.000003
  159    -0.000000,   -0.000022,    0.000000,    0.000015,   -0.000000
  160    -0.000002,    0.000000,    0.000003,   -0.000000,   -0.000008
  161    -0.000000,   -0.000005,   -0.000000,    0.000002,    0.000000
  162    -0.000004,    0.000000,   -0.000000,   -0.000000,   -0.000023
  163    -0.000168,   -0.000562,   -0.000318,    0.000537,   -0.000769
  164    -0.000236,   -0.000672,   -0.000384,    0.000650,   -0.000928
  165    -0.000007,    0.000106,   -0.000157,    0.000084,   -0.000307
  166     0.000010,   -0.000064,    0.000036,    0.000046,   -0.000044
  167     0.000012,    0.000019,    0.000041,   -0.000018,   -0.000049
  168     0.000021,    0.000034,    0.000035,   -0.000031,    0.000075
  169     0.000025,   -0.000098,    0.000093,    0.000060,   -0.000040
  170     0.000021,    0.000035,    0.000054,   -0.000025,   -0.000115
  171     0.000037,    0.000060,    0.000022,   -0.000031,    0.000081
  172    -0.000002,    0.000005,    0.000002,   -0.000004,   -0.000014
  173    -0.000004,    0.000001,   -0.000015,    0.000001,    0.000020
  174    -0.000006,    0.000011,   -0.000013,   -0.000006,   -0.000016
  175    -0.000003,    0.000015,   -0.000015,   -0.000010,    0.000015
  176     0.000007,   -0.000013,    0.000019,    0.000007,   -0.000014
                90,          91,          92,          93,          94
    0     0.004428,    0.001006,    0.003383,   -0.000301,   -0.000483
    1     0.009716,    0.007195,    0.005842,   -0.000640,   -0.000977
    2    -0.021711,   -0.031969,   -0.007764,    0.001208,    0.001922
    3    -0.012392,   -0.015744,   -0.002105,    0.000559,    0.001267
    4    -0.006043,   -0.006734,   -0.001036,    0.000186,    0.000588
    5     0.013765,    0.035991,    0.005883,   -0.001337,   -0.001370
    6    -0.023377,   -0.025521,   -0.022025,    0.002224,    0.001051
    7    -0.000001,   -0.000002,    0.000000,   -0.000000,    0.000000
    8     0.007650,    0.020091,    0.003345,   -0.000431,   -0.000741
    9    -0.017543,   -0.019329,   -0.014488,    0.001149,    0.000948
   10    -0.000001,   -0.000002,    0.000000,   -0.000000,    0.000000
   11     0.000225,    0.002496,   -0.000726,   -0.000165,   -0.000089
   12    -0.006882,   -0.007155,   -0.004483,    0.000334,    0.000472
   13     0.000000,    0.000000,    0.000000,   -0.000000,    0.000000
   14    -0.001613,   -0.001024,   -0.000337,   -0.000124,    0.000171
   15     0.000000,    0.000000,    0.000000,   -0.000000,    0.000000
   16     0.000365,    0.000891,    0.000251,   -0.000060,   -0.000021
   17     0.000000,    0.000000,    0.000000,    0.000000,   -0.000000
   18    -0.004705,   -0.006064,   -0.002319,    0.000051,    0.000402
   19    -0.003046,   -0.002931,   -0.000695,   -0.000041,    0.000335
   20     0.000000,    0.000000,    0.000000,   -0.000000,   -0.000000
   21    -0.001262,   -0.001261,   -0.000614,   -0.000061,    0.000109
   22     0.000000,    0.000000,    0.000000,    0.000000,   -0.000000
   23    -0.007407,   -0.009566,   -0.003390,   -0.000106,    0.000648
   24    -0.000177,   -0.000420,   -0.000093,    0.000039,    0.000010
   25     0.000000,    0.000000,    0.000000,    0.000000,   -0.000000
   26     0.000041,    0.000040,    0.000218,   -0.000028,    0.000014
   27     0.000000,    0.000000,    0.000000,    0.000000,   -0.000000
   28    -0.000199,   -0.000545,   -0.000144,    0.000015,    0.000014
   29     0.000000,    0.000000,    0.000000,   -0.000000,   -0.000000
   30     0.001933,    0.002541,    0.000648,    0.000028,   -0.000191
   31     0.012332,    0.012976,    0.010415,   -0.000617,   -0.000696
   32     0.014155,    0.014177,    0.012012,   -0.000950,   -0.000802
   33     0.010774,    0.012474,    0.006149,   -0.000177,   -0.000840
   34     0.000476,    0.000846,    0.000145,   -0.000008,   -0.000050
   35     0.000658,    0.000642,    0.000746,   -0.000059,   -0.000021
   36     0.000000,    0.000000,    0.000000,   -0.000000,   -0.000000
   37     0.000473,    0.001230,    0.000005,   -0.000027,   -0.000058
   38    -0.001397,   -0.002056,   -0.000209,   -0.000120,    0.000152
   39    -0.000000,   -0.000000,    0.000000,   -0.000000,    0.000000
   40     0.000469,    0.000744,    0.000143,   -0.000003,   -0.000048
   41     0.000000,    0.000000,    0.000000,   -0.000000,    0.000000
   42     0.000029,    0.000069,   -0.000010,    0.000003,   -0.000005
   43     0.000000,    0.000000,    0.000000,    0.000000,   -0.000000
   44     0.000039,    0.000050,   -0.000026,    0.000011,   -0.000007
   45    -0.009483,   -0.005155,   -0.005945,    0.000127,    0.000617
   46    -0.012911,   -0.007757,   -0.008806,    0.000012,    0.000791
   47    -0.005043,   -0.004160,   -0.002852,   -0.000038,    0.000385
   48     0.000638,    0.000261,    0.000499,   -0.000028,   -0.000032
   49     0.000318,    0.000087,    0.000072,    0.000025,   -0.000031
   50    -0.000000,   -0.000000,   -0.000000,   -0.000000,    0.000000
   51     0.000602,    0.000223,    0.000814,   -0.000012,    0.000004
   52    -0.000081,   -0.000450,   -0.000117,    0.000056,    0.000002
   53    -0.000000,   -0.000000,   -0.000000,   -0.000000,    0.000000
   54    -0.000182,   -0.000151,   -0.000052,   -0.000012,    0.000019
   55     0.000000,    0.000000,    0.000000,    0.000000,   -0.000000
   56    -0.000039,   -0.000073,    0.000012,   -0.000001,    0.000006
   57     0.000000,    0.000000,    0.000000,    0.000000,   -0.000000
   58     0.000112,    0.000198,   -0.000062,    0.000017,   -0.000020
   59    -0.020007,   -0.025630,   -0.004779,    0.000203,    0.003262
   60    -0.042520,   -0.049206,   -0.008587,    0.000353,    0.006030
   61     0.077286,    0.073883,    0.010961,   -0.000365,   -0.008256
   62     0.066750,    0.064978,    0.011525,   -0.000418,   -0.007098
   63     0.018777,    0.020396,    0.003689,   -0.000294,   -0.001905
   64     0.001733,   -0.004285,    0.004181,    0.003549,   -0.000117
   65     0.137766,    0.174677,    0.052931,   -0.000270,   -0.012924
   66    -0.000007,   -0.000009,   -0.000002,   -0.000000,    0.000001
   67     0.004839,    0.003232,    0.005041,    0.002268,   -0.000329
   68     0.086052,    0.107446,    0.033723,   -0.000095,   -0.008011
   69    -0.000004,   -0.000005,   -0.000001,   -0.000000,    0.000001
   70     0.001228,    0.001234,    0.001024,    0.000210,   -0.000087
   71     0.019227,    0.023434,    0.007778,   -0.000020,   -0.001775
   72    -0.000000,   -0.000001,    0.000000,   -0.000000,    0.000000
   73     0.001393,    0.002261,    0.000401,   -0.000144,   -0.000136
   74    -0.000001,   -0.000001,   -0.000000,    0.000000,    0.000000
   75    -0.001334,   -0.000891,    0.000086,   -0.000010,    0.000157
   76    -0.000000,   -0.000000,   -0.000000,   -0.000000,    0.000000
   77    -0.005337,   -0.006214,   -0.002750,    0.000038,    0.000443
   78    -0.000654,   -0.000724,   -0.000708,   -0.000203,    0.000024
   79    -0.000001,   -0.000001,   -0.000000,   -0.000000,    0.000000
   80    -0.000941,   -0.000104,    0.000168,   -0.000006,    0.000120
   81    -0.000000,   -0.000000,    0.000000,   -0.000000,    0.000000
   82    -0.004810,   -0.004142,   -0.003618,   -0.000046,    0.000302
   83     0.000216,    0.000681,    0.000367,   -0.000005,   -0.000007
   84     0.000000,    0.000000,    0.000000,    0.000000,   -0.000000
   85    -0.001868,   -0.002417,   -0.000731,   -0.000001,    0.000174
   86     0.000000,    0.000000,    0.000000,    0.000000,   -0.000000
   87    -0.000072,    0.000005,   -0.000127,   -0.000076,    0.000004
   88     0.000000,    0.000000,    0.000000,    0.000000,   -0.000000
   89     0.000225,    0.000312,    0.000136,    0.000061,   -0.000023
   90     0.075014,    0.088994,    0.025997,   -0.000173,   -0.007182
   91     0.088994,    0.108295,    0.031071,   -0.000264,   -0.008536
   92     0.025997,    0.031071,    0.010729,    0.000001,   -0.002379
   93    -0.000173,   -0.000264,    0.000001,    0.000053,    0.000018
   94    -0.007182,   -0.008536,   -0.002379,    0.000018,    0.000699
   95     0.000001,    0.000001,    0.000000,   -0.000000,   -0.000000
   96     0.000136,    0.000059,    0.000225,    0.000123,   -0.000007
   97    -0.006782,   -0.008936,   -0.001845,    0.000048,    0.000700
   98     0.000001,    0.000001,    0.000000,   -0.000000,   -0.000000
   99     0.000008,    0.000049,   -0.000037,   -0.000037,   -0.000002
  100    -0.000000,   -0.000000,   -0.000000,    0.000000,    0.000000
  101    -0.000459,   -0.000554,   -0.000137,    0.000000,    0.000047
  102     0.000000,    0.000000,    0.000000,    0.000000,    0.000000
  103    -0.001002,   -0.001225,   -0.000321,    0.000000,    0.000102
  104     0.004051,   -0.005456,    0.002027,    0.000219,   -0.000353
  105     0.008722,   -0.003420,    0.004453,    0.000453,   -0.000748
  106    -0.017574,   -0.019629,   -0.008925,   -0.000759,    0.001485
  107    -0.017400,   -0.018258,   -0.007395,   -0.000414,    0.001589
  108    -0.002069,   -0.001516,    0.000377,    0.000024,    0.000238
  109    -0.016768,   -0.029671,   -0.013366,   -0.001903,    0.001291
  110    -0.021265,   -0.017045,   -0.021315,   -0.002008,    0.001146
  111    -0.000000,   -0.000002,   -0.000001,    0.000000,    0.000000
  112    -0.009891,   -0.017243,   -0.007580,   -0.001157,    0.000803
  113    -0.014321,   -0.011795,   -0.013614,   -0.001229,    0.000827
  114     0.000000,   -0.000001,   -0.000000,    0.000000,    0.000000
  115    -0.003524,   -0.005159,   -0.001909,   -0.000270,    0.000309
  116    -0.006520,   -0.006062,   -0.004519,   -0.000324,    0.000479
  117    -0.000000,   -0.000001,   -0.000000,    0.000000,    0.000000
  118     0.001462,    0.001625,    0.000101,   -0.000102,   -0.000161
  119    -0.000000,   -0.000000,   -0.000000,   -0.000000,    0.000000
  120    -0.000649,   -0.000286,   -0.000160,    0.000044,    0.000060
  121    -0.000000,   -0.000000,    0.000000,   -0.000000,    0.000000
  122    -0.002837,   -0.003499,   -0.001671,   -0.000086,    0.000232
  123     0.004138,    0.004987,    0.001214,   -0.000113,   -0.000402
  124    -0.000000,   -0.000000,   -0.000000,    0.000000,    0.000000
  125    -0.001784,   -0.002006,   -0.000639,    0.000081,    0.000162
  126    -0.000000,   -0.000000,   -0.000000,   -0.000000,    0.000000
  127    -0.004523,   -0.005884,   -0.002073,   -0.000017,    0.000406
  128     0.000178,    0.000245,   -0.000070,   -0.000036,   -0.000026
  129     0.000000,    0.000000,    0.000000,   -0.000000,    0.000000
  130    -0.000342,   -0.000460,   -0.000070,    0.000011,    0.000037
  131     0.000000,    0.000000,    0.000000,    0.000000,   -0.000000
  132     0.000394,    0.000549,    0.000245,    0.000023,   -0.000031
  133    -0.000000,   -0.000000,   -0.000000,   -0.000000,    0.000000
  134    -0.001411,   -0.001848,   -0.000500,    0.000002,    0.000135
  135    -0.004046,   -0.001353,   -0.001988,    0.000052,    0.000310
  136    -0.003574,    0.000237,   -0.001885,    0.000064,    0.000252
  137    -0.002376,   -0.001864,   -0.001152,    0.000039,    0.000194
  138    -0.000321,   -0.000245,   -0.000252,   -0.000025,    0.000021
  139    -0.000179,   -0.000220,   -0.000252,   -0.000032,    0.000006
  140    -0.000285,    0.000038,   -0.000145,    0.000007,    0.000020
  141    -0.000257,   -0.000149,   -0.000296,   -0.000053,    0.000011
  142    -0.000541,   -0.000615,   -0.000566,   -0.000053,    0.000028
  143     0.000276,    0.000897,    0.000064,    0.000001,   -0.000033
  144     0.000045,    0.000061,   -0.000020,   -0.000004,   -0.000007
  145    -0.000057,   -0.000070,   -0.000099,   -0.000013,    0.000001
  146    -0.000031,    0.000050,   -0.000012,    0.000004,    0.000002
  147    -0.000025,    0.000031,   -0.000062,   -0.000010,   -0.000001
  148    -0.000093,   -0.000104,   -0.000098,   -0.000012,    0.000005
  149     0.009821,    0.008559,    0.008943,    0.000643,   -0.000584
  150     0.014420,    0.012853,    0.012187,    0.000862,   -0.000916
  151     0.008326,    0.008896,    0.005013,    0.000186,   -0.000653
  152    -0.000607,   -0.000878,   -0.000345,   -0.000029,    0.000052
  153     0.000441,    0.000249,    0.000628,    0.000059,   -0.000012
  154    -0.000000,   -0.000000,   -0.000000,   -0.000000,    0.000000
  155    -0.000433,   -0.000899,   -0.000180,   -0.000067,    0.000046
  156     0.000072,   -0.000240,    0.000513,    0.000072,    0.000025
  157    -0.000000,   -0.000000,   -0.000000,   -0.000000,    0.000000
  158    -0.000338,   -0.000497,   -0.000167,   -0.000015,    0.000030
  159    -0.000000,   -0.000000,   -0.000000,   -0.000000,    0.000000
  160    -0.000052,   -0.000043,   -0.000058,   -0.000004,    0.000002
  161     0.000000,    0.000000,    0.000000,    0.000000,   -0.000000
  162     0.000018,    0.000023,   -0.000030,   -0.000006,   -0.000004
  163    -0.004047,   -0.001355,   -0.001990,    0.000052,    0.000310
  164    -0.003577,    0.000234,   -0.001888,    0.000064,    0.000252
  165    -0.002377,   -0.001865,   -0.001153,    0.000039,    0.000194
  166    -0.000321,   -0.000245,   -0.000252,   -0.000025,    0.000021
  167    -0.000179,   -0.000220,   -0.000252,   -0.000032,    0.000006
  168     0.000285,   -0.000037,    0.000145,   -0.000007,   -0.000020
  169    -0.000257,   -0.000149,   -0.000296,   -0.000053,    0.000011
  170    -0.000541,   -0.000615,   -0.000565,   -0.000053,    0.000028
  171    -0.000275,   -0.000897,   -0.000063,   -0.000001,    0.000033
  172     0.000045,    0.000061,   -0.000020,   -0.000004,   -0.000007
  173     0.000057,    0.000070,    0.000099,    0.000013,   -0.000001
  174    -0.000031,    0.000049,   -0.000012,    0.000004,    0.000002
  175     0.000025,   -0.000031,    0.000062,    0.000010,    0.000001
  176    -0.000093,   -0.000104,   -0.000098,   -0.000012,    0.000005
                95,          96,          97,          98,          99
    0     0.000000,   -0.002327,    0.001625,   -0.000000,    0.000513
    1     0.000000,   -0.003649,    0.001510,   -0.000000,    0.000835
    2    -0.000000,    0.002863,    0.003327,   -0.000000,   -0.000781
    3     0.000000,    0.001436,    0.001853,    0.000000,   -0.000373
    4     0.000000,    0.000506,    0.000596,    0.000000,   -0.000109
    5     0.000000,   -0.003438,   -0.007625,    0.000001,    0.000709
    6    -0.000000,    0.004056,   -0.003974,   -0.000000,   -0.001637
    7     0.003686,   -0.000000,    0.000001,    0.008923,    0.000000
    8     0.000000,   -0.001108,   -0.004210,    0.000001,    0.000167
    9    -0.000000,    0.001866,   -0.002169,   -0.000000,   -0.000858
   10     0.002771,   -0.000000,    0.000001,    0.006708,    0.000000
   11    -0.000000,   -0.000486,   -0.001064,    0.000000,    0.000083
   12    -0.000000,    0.000594,   -0.000529,   -0.000000,   -0.000246
   13     0.000918,   -0.000000,    0.000000,    0.002216,    0.000000
   14    -0.000000,   -0.000316,   -0.000064,    0.000000,    0.000080
   15     0.000093,   -0.000000,    0.000000,    0.000226,    0.000000
   16    -0.000000,   -0.000132,   -0.000120,   -0.000000,    0.000039
   17    -0.000159,    0.000000,   -0.000000,   -0.000387,   -0.000000
   18    -0.000000,    0.000039,    0.000340,   -0.000000,   -0.000031
   19    -0.000000,   -0.000098,    0.000217,    0.000000,    0.000026
   20     0.000124,   -0.000000,    0.000000,    0.000303,    0.000000
   21    -0.000000,   -0.000143,   -0.000018,   -0.000000,    0.000042
   22    -0.000223,    0.000000,   -0.000000,   -0.000543,   -0.000000
   23    -0.000000,   -0.000396,    0.000625,   -0.000000,    0.000084
   24     0.000000,    0.000086,    0.000062,   -0.000000,   -0.000024
   25    -0.000053,    0.000000,   -0.000000,   -0.000128,   -0.000000
   26     0.000000,   -0.000053,    0.000080,    0.000000,    0.000021
   27    -0.000092,    0.000000,   -0.000000,   -0.000222,   -0.000000
   28    -0.000000,    0.000034,    0.000092,   -0.000000,   -0.000007
   29     0.000033,    0.000000,    0.000000,    0.000081,    0.000000
   30     0.000000,    0.000083,   -0.000274,    0.000000,   -0.000023
   31     0.000000,   -0.000866,    0.001640,   -0.000000,    0.000462
   32     0.000000,   -0.001585,    0.002120,   -0.000000,    0.000698
   33     0.000000,   -0.000149,    0.000014,    0.000000,    0.000124
   34     0.000000,   -0.000020,   -0.000149,    0.000000,    0.000002
   35    -0.000000,   -0.000087,    0.000171,   -0.000000,    0.000044
   36     0.000056,   -0.000000,    0.000000,    0.000136,    0.000000
   37     0.000000,   -0.000061,   -0.000322,    0.000000,    0.000014
   38    -0.000000,   -0.000266,    0.000339,   -0.000000,    0.000086
   39     0.000139,   -0.000000,    0.000000,    0.000337,    0.000000
   40     0.000000,   -0.000006,   -0.000114,    0.000000,   -0.000000
   41     0.000027,   -0.000000,    0.000000,    0.000064,    0.000000
   42     0.000000,    0.000005,   -0.000020,    0.000000,   -0.000002
   43    -0.000006,    0.000000,   -0.000000,   -0.000015,   -0.000000
   44     0.000000,    0.000017,   -0.000019,    0.000000,   -0.000008
   45    -0.000000,   -0.000080,   -0.002385,    0.000000,   -0.000175
   46    -0.000000,   -0.000487,   -0.003236,    0.000000,   -0.000117
   47    -0.000000,   -0.000282,   -0.000593,    0.000000,   -0.000005
   48     0.000000,   -0.000039,    0.000232,   -0.000000,    0.000028
   49     0.000000,    0.000064,    0.000063,   -0.000000,   -0.000014
   50     0.000056,   -0.000000,    0.000000,    0.000135,    0.000000
   51     0.000000,    0.000004,    0.000374,    0.000000,    0.000018
   52    -0.000000,    0.000116,    0.000100,   -0.000000,   -0.000035
   53     0.000140,   -0.000000,    0.000000,    0.000339,    0.000000
   54    -0.000000,   -0.000025,   -0.000002,   -0.000000,    0.000007
   55    -0.000007,    0.000000,   -0.000000,   -0.000016,   -0.000000
   56     0.000000,   -0.000004,    0.000024,    0.000000,    0.000002
   57    -0.000026,    0.000000,   -0.000000,   -0.000062,   -0.000000
   58    -0.000000,    0.000038,   -0.000074,   -0.000000,   -0.000014
   59    -0.000000,    0.000855,    0.005699,   -0.000000,   -0.000246
   60    -0.000001,    0.001351,    0.008824,   -0.000000,   -0.000367
   61     0.000001,   -0.000949,   -0.006243,    0.000000,    0.000172
   62     0.000001,   -0.000930,   -0.005240,    0.000001,    0.000211
   63     0.000000,   -0.000654,   -0.001884,    0.000000,    0.000173
   64    -0.000000,    0.008766,    0.002661,   -0.000000,   -0.002406
   65     0.000001,    0.000667,   -0.014487,    0.000002,   -0.000053
   66     0.003744,   -0.000000,    0.000002,    0.009128,    0.000000
   67     0.000000,    0.005749,    0.001292,    0.000000,   -0.001557
   68     0.000001,    0.000562,   -0.008238,    0.000001,   -0.000075
   69     0.002817,   -0.000000,    0.000001,    0.006869,    0.000000
   70     0.000000,    0.000506,    0.000146,    0.000000,   -0.000143
   71     0.000000,    0.000132,   -0.001579,    0.000000,   -0.000015
   72     0.000893,   -0.000000,    0.000000,    0.002170,    0.000000
   73     0.000000,   -0.000396,   -0.000344,    0.000000,    0.000088
   74    -0.000102,   -0.000000,    0.000000,   -0.000249,   -0.000000
   75    -0.000000,   -0.000011,    0.000073,    0.000000,    0.000008
   76     0.000143,   -0.000000,    0.000000,    0.000342,    0.000000
   77    -0.000000,    0.000029,    0.000113,   -0.000000,   -0.000020
   78    -0.000000,   -0.000673,   -0.000135,   -0.000000,    0.000134
   79    -0.000147,   -0.000000,   -0.000000,   -0.000359,    0.000000
   80    -0.000000,    0.000000,   -0.000077,    0.000000,    0.000005
   81     0.000199,   -0.000000,    0.000000,    0.000471,    0.000000
   82    -0.000000,   -0.000160,   -0.000818,    0.000000,    0.000034
   83     0.000000,    0.000004,   -0.000067,    0.000000,    0.000004
   84    -0.000046,   -0.000000,   -0.000000,   -0.000109,   -0.000000
   85    -0.000000,   -0.000023,    0.000205,   -0.000000,    0.000004
   86    -0.000101,    0.000000,   -0.000000,   -0.000248,   -0.000000
   87     0.000000,   -0.000193,   -0.000048,    0.000000,    0.000053
   88     0.000038,    0.000000,    0.000000,    0.000095,   -0.000000
   89    -0.000000,    0.000118,   -0.000029,   -0.000000,   -0.000048
   90     0.000001,    0.000136,   -0.006782,    0.000001,    0.000008
   91     0.000001,    0.000059,   -0.008936,    0.000001,    0.000049
   92     0.000000,    0.000225,   -0.001845,    0.000000,   -0.000037
   93    -0.000000,    0.000123,    0.000048,   -0.000000,   -0.000037
   94    -0.000000,   -0.000007,    0.000700,   -0.000000,   -0.000002
   95     0.000057,   -0.000000,   -0.000000,    0.000138,    0.000000
   96    -0.000000,    0.000309,    0.000069,   -0.000000,   -0.000087
   97    -0.000000,    0.000069,    0.001119,   -0.000000,   -0.000023
   98     0.000138,   -0.000000,   -0.000000,    0.000336,    0.000000
   99     0.000000,   -0.000087,   -0.000023,    0.000000,    0.000027
  100    -0.000027,    0.000000,    0.000000,   -0.000066,   -0.000000
  101    -0.000000,   -0.000000,    0.000056,    0.000000,    0.000000
  102     0.000004,    0.000000,    0.000000,    0.000009,   -0.000000
  103    -0.000000,   -0.000005,    0.000120,   -0.000000,    0.000001
  104     0.000000,    0.002102,    0.003886,   -0.000000,   -0.000461
  105     0.000000,    0.003332,    0.005139,   -0.000000,   -0.000748
  106    -0.000000,   -0.002615,    0.000052,   -0.000000,    0.000649
  107    -0.000000,   -0.001633,    0.000211,   -0.000000,    0.000388
  108     0.000000,    0.000000,    0.000196,    0.000000,   -0.000018
  109    -0.000000,   -0.005752,    0.002574,   -0.000001,    0.001191
  110    -0.000000,   -0.003801,   -0.005350,    0.000000,    0.001540
  111     0.000308,   -0.000000,    0.000001,    0.001013,   -0.000000
  112    -0.000000,   -0.003561,    0.001561,   -0.000000,    0.000719
  113    -0.000000,   -0.002235,   -0.003239,    0.000000,    0.000957
  114     0.000161,   -0.000000,    0.000000,    0.000570,   -0.000000
  115    -0.000000,   -0.000869,    0.000445,   -0.000000,    0.000162
  116    -0.000000,   -0.000605,   -0.000703,    0.000000,    0.000258
  117    -0.000014,    0.000000,    0.000000,    0.000015,   -0.000000
  118     0.000000,   -0.000259,   -0.000220,    0.000000,    0.000065
  119     0.000025,   -0.000000,   -0.000000,    0.000066,    0.000000
  120    -0.000000,    0.000154,   -0.000090,    0.000000,   -0.000024
  121     0.000092,   -0.000000,    0.000000,    0.000215,    0.000000
  122    -0.000000,   -0.000208,    0.000079,   -0.000000,    0.000068
  123     0.000000,   -0.000263,   -0.000458,    0.000000,    0.000072
  124     0.000050,    0.000000,    0.000000,    0.000127,   -0.000000
  125    -0.000000,    0.000242,    0.000107,    0.000000,   -0.000050
  126     0.000256,   -0.000000,    0.000000,    0.000617,    0.000000
  127    -0.000000,   -0.000052,    0.000417,   -0.000000,    0.000023
  128     0.000000,   -0.000096,   -0.000072,    0.000000,    0.000024
  129     0.000027,   -0.000000,    0.000000,    0.000067,    0.000000
  130    -0.000000,    0.000026,    0.000068,   -0.000000,   -0.000008
  131    -0.000032,    0.000000,   -0.000000,   -0.000078,   -0.000000
  132     0.000000,    0.000061,   -0.000027,    0.000000,   -0.000016
  133     0.000031,   -0.000000,    0.000000,    0.000076,    0.000000
  134    -0.000000,   -0.000013,    0.000182,   -0.000000,    0.000001
  135     0.000039,    0.000335,   -0.001079,    0.000004,    0.000042
  136     0.000056,    0.000395,   -0.001520,    0.000025,    0.000052
  137     0.000196,    0.000176,   -0.000247,    0.000442,    0.000001
  138    -0.000012,   -0.000065,   -0.000067,   -0.000036,    0.000021
  139    -0.000002,   -0.000069,   -0.000039,   -0.000001,    0.000022
  140     0.000001,    0.000037,   -0.000126,   -0.000003,    0.000003
  141    -0.000030,   -0.000155,   -0.000105,   -0.000078,    0.000040
  142     0.000006,   -0.000097,   -0.000079,    0.000019,    0.000037
  143    -0.000025,    0.000012,   -0.000245,   -0.000064,    0.000010
  144    -0.000000,   -0.000004,   -0.000018,    0.000000,    0.000003
  145    -0.000002,   -0.000026,   -0.000019,   -0.000005,    0.000008
  146     0.000004,    0.000016,   -0.000029,    0.000011,   -0.000001
  147    -0.000004,   -0.000027,   -0.000038,   -0.000011,    0.000008
  148    -0.000005,   -0.000032,   -0.000016,   -0.000013,    0.000009
  149     0.000000,    0.000949,    0.001914,   -0.000000,   -0.000492
  150     0.000000,    0.001402,    0.002418,   -0.000000,   -0.000654
  151     0.000000,    0.000290,    0.000276,    0.000000,   -0.000155
  152    -0.000000,   -0.000087,    0.000067,   -0.000000,    0.000019
  153     0.000000,    0.000076,    0.000200,   -0.000000,   -0.000043
  154     0.000005,   -0.000000,   -0.000000,    0.000015,    0.000000
  155    -0.000000,   -0.000184,    0.000172,   -0.000000,    0.000044
  156     0.000000,    0.000110,    0.000249,    0.000000,   -0.000046
  157     0.000022,   -0.000000,   -0.000000,    0.000060,    0.000000
  158    -0.000000,   -0.000047,    0.000048,   -0.000000,    0.000010
  159     0.000006,   -0.000000,   -0.000000,    0.000015,    0.000000
  160    -0.000000,   -0.000004,   -0.000014,   -0.000000,    0.000002
  161     0.000003,    0.000000,   -0.000000,    0.000007,   -0.000000
  162    -0.000000,   -0.000001,   -0.000011,   -0.000000,    0.000004
  163    -0.000039,    0.000335,   -0.001079,   -0.000004,    0.000042
  164    -0.000056,    0.000395,   -0.001520,   -0.000024,    0.000052
  165    -0.000196,    0.000176,   -0.000248,   -0.000442,    0.000001
  166     0.000012,   -0.000065,   -0.000067,    0.000036,    0.000021
  167     0.000002,   -0.000069,   -0.000039,    0.000001,    0.000022
  168     0.000001,   -0.000037,    0.000126,   -0.000003,   -0.000003
  169     0.000030,   -0.000155,   -0.000105,    0.000078,    0.000040
  170    -0.000006,   -0.000097,   -0.000079,   -0.000019,    0.000037
  171    -0.000025,   -0.000012,    0.000245,   -0.000064,   -0.000010
  172     0.000000,   -0.000004,   -0.000018,   -0.000000,    0.000003
  173    -0.000002,    0.000026,    0.000019,   -0.000005,   -0.000008
  174    -0.000004,    0.000016,   -0.000029,   -0.000011,   -0.000001
  175    -0.000004,    0.000027,    0.000038,   -0.000011,   -0.000008
  176     0.000005,   -0.000032,   -0.000016,    0.000013,    0.000009
               100,         101,         102,         103,         104
    0     0.000000,   -0.000020,   -0.000000,    0.000028,   -0.000812
    1     0.000000,   -0.000005,   -0.000000,   -0.000006,   -0.001827
    2    -0.000000,   -0.000088,    0.000000,    0.000246,    0.003790
    3    -0.000000,   -0.000049,    0.000000,    0.000217,    0.001467
    4    -0.000000,    0.000002,    0.000000,    0.000055,    0.002768
    5    -0.000000,   -0.000177,   -0.000000,   -0.000265,   -0.006951
    6     0.000000,   -0.000157,    0.000000,   -0.000193,   -0.002343
    7    -0.001759,    0.000000,    0.000330,    0.000000,    0.000000
    8    -0.000000,   -0.000092,   -0.000000,   -0.000128,    0.004013
    9     0.000000,   -0.000082,    0.000000,   -0.000083,   -0.003977
   10    -0.001322,    0.000000,    0.000250,    0.000000,   -0.000000
   11     0.000000,   -0.000026,   -0.000000,   -0.000027,   -0.001067
   12     0.000000,   -0.000005,    0.000000,    0.000008,    0.000921
   13    -0.000437,    0.000000,    0.000089,    0.000000,    0.000000
   14     0.000000,    0.000012,   -0.000000,    0.000029,   -0.000606
   15    -0.000045,    0.000000,    0.000008,    0.000000,    0.000000
   16     0.000000,    0.000006,   -0.000000,   -0.000001,   -0.000173
   17     0.000076,   -0.000000,   -0.000012,   -0.000000,    0.000000
   18     0.000000,    0.000018,    0.000000,    0.000049,   -0.000384
   19     0.000000,    0.000030,   -0.000000,    0.000067,    0.000659
   20    -0.000060,    0.000000,    0.000009,    0.000000,    0.000000
   21     0.000000,    0.000010,   -0.000000,    0.000009,   -0.000454
   22     0.000107,   -0.000000,   -0.000016,   -0.000000,   -0.000000
   23     0.000000,    0.000029,   -0.000000,    0.000080,   -0.003712
   24    -0.000000,   -0.000002,    0.000000,   -0.000001,    0.000503
   25     0.000025,   -0.000000,   -0.000004,   -0.000000,   -0.000000
   26    -0.000000,    0.000005,   -0.000000,    0.000008,    0.000141
   27     0.000044,   -0.000000,   -0.000008,   -0.000000,    0.000000
   28     0.000000,    0.000000,    0.000000,    0.000001,   -0.000246
   29    -0.000016,    0.000000,    0.000002,    0.000000,    0.000000
   30    -0.000000,   -0.000014,    0.000000,   -0.000031,    0.000240
   31    -0.000000,    0.000006,   -0.000000,    0.000036,    0.002170
   32     0.000000,    0.000007,   -0.000000,    0.000026,   -0.001038
   33    -0.000000,   -0.000024,   -0.000000,   -0.000070,    0.002464
   34    -0.000000,   -0.000005,    0.000000,   -0.000009,   -0.000010
   35     0.000000,    0.000002,   -0.000000,    0.000009,    0.000048
   36    -0.000027,    0.000000,    0.000005,    0.000000,   -0.000000
   37    -0.000000,   -0.000007,    0.000000,   -0.000011,   -0.000390
   38     0.000000,    0.000007,   -0.000000,    0.000022,   -0.001348
   39    -0.000066,    0.000000,    0.000012,    0.000000,   -0.000000
   40    -0.000000,   -0.000004,    0.000000,   -0.000008,   -0.000081
   41    -0.000013,    0.000000,    0.000002,    0.000000,   -0.000000
   42    -0.000000,   -0.000000,    0.000000,   -0.000001,    0.000042
   43     0.000003,   -0.000000,   -0.000000,   -0.000000,   -0.000000
   44    -0.000000,   -0.000001,    0.000000,   -0.000002,    0.000065
   45     0.000000,   -0.000081,    0.000000,   -0.000006,   -0.002881
   46     0.000000,   -0.000106,    0.000000,   -0.000038,   -0.007766
   47     0.000000,   -0.000008,    0.000000,    0.000030,   -0.002215
   48    -0.000000,    0.000009,   -0.000000,    0.000005,    0.000322
   49    -0.000000,    0.000001,    0.000000,   -0.000004,    0.000211
   50    -0.000027,    0.000000,    0.000005,    0.000000,   -0.000000
   51    -0.000000,    0.000018,    0.000000,    0.000026,    0.001867
   52     0.000000,    0.000003,    0.000000,    0.000000,    0.000388
   53    -0.000067,    0.000000,    0.000013,    0.000000,   -0.000000
   54     0.000000,    0.000001,   -0.000000,    0.000003,   -0.000155
   55     0.000003,   -0.000000,   -0.000001,   -0.000000,    0.000000
   56    -0.000000,    0.000001,    0.000000,    0.000002,    0.000083
   57     0.000012,   -0.000000,   -0.000002,   -0.000000,    0.000000
   58     0.000000,   -0.000004,    0.000000,   -0.000007,   -0.000115
   59     0.000000,    0.000609,    0.000000,    0.001553,    0.002501
   60     0.000000,    0.000943,    0.000000,    0.002277,    0.005237
   61    -0.000000,   -0.000659,   -0.000000,   -0.001078,   -0.008139
   62    -0.000000,   -0.000555,   -0.000000,   -0.001014,    0.011251
   63    -0.000000,   -0.000120,   -0.000000,   -0.000224,   -0.008673
   64    -0.000000,   -0.000038,    0.000000,   -0.000155,    0.019664
   65    -0.000000,   -0.000781,    0.000000,   -0.001846,    0.011376
   66    -0.001799,    0.000000,    0.000250,    0.000000,    0.000000
   67    -0.000000,   -0.000018,    0.000000,   -0.000109,    0.015494
   68    -0.000000,   -0.000475,    0.000000,   -0.001115,    0.010588
   69    -0.001354,    0.000000,    0.000188,    0.000000,   -0.000001
   70    -0.000000,   -0.000003,    0.000000,   -0.000015,    0.000711
   71    -0.000000,   -0.000106,    0.000000,   -0.000247,    0.002399
   72    -0.000428,    0.000000,    0.000071,    0.000000,   -0.000000
   73    -0.000000,   -0.000009,   -0.000000,   -0.000017,   -0.001399
   74     0.000049,   -0.000000,   -0.000006,    0.000000,   -0.000000
   75     0.000000,    0.000016,    0.000000,    0.000019,    0.000706
   76    -0.000067,    0.000000,    0.000020,    0.000000,   -0.000000
   77     0.000000,    0.000014,    0.000000,    0.000048,   -0.001043
   78     0.000000,   -0.000008,   -0.000000,   -0.000000,   -0.005787
   79     0.000071,   -0.000000,   -0.000007,   -0.000000,   -0.000001
   80     0.000000,    0.000015,    0.000000,    0.000017,   -0.000756
   81    -0.000093,    0.000000,    0.000033,    0.000000,    0.000000
   82     0.000000,   -0.000012,   -0.000000,   -0.000003,   -0.006253
   83    -0.000000,    0.000002,   -0.000000,   -0.000004,    0.000812
   84     0.000022,   -0.000000,   -0.000006,   -0.000000,    0.000000
   85     0.000000,    0.000010,   -0.000000,    0.000024,   -0.000635
   86     0.000049,   -0.000000,   -0.000005,   -0.000000,    0.000000
   87    -0.000000,    0.000001,   -0.000000,    0.000003,   -0.000971
   88    -0.000019,    0.000000,    0.000001,    0.000000,    0.000000
   89    -0.000000,   -0.000004,    0.000000,   -0.000007,    0.000442
   90    -0.000000,   -0.000459,    0.000000,   -0.001002,    0.004051
   91    -0.000000,   -0.000554,    0.000000,   -0.001225,   -0.005456
   92    -0.000000,   -0.000137,    0.000000,   -0.000321,    0.002027
   93     0.000000,    0.000000,    0.000000,    0.000000,    0.000219
   94     0.000000,    0.000047,    0.000000,    0.000102,   -0.000353
   95    -0.000027,   -0.000000,    0.000004,   -0.000000,    0.000000
   96     0.000000,   -0.000000,    0.000000,   -0.000005,    0.002102
   97     0.000000,    0.000056,    0.000000,    0.000120,    0.003886
   98    -0.000066,    0.000000,    0.000009,   -0.000000,   -0.000000
   99    -0.000000,    0.000000,   -0.000000,    0.000001,   -0.000461
  100     0.000013,   -0.000000,   -0.000002,    0.000000,   -0.000000
  101    -0.000000,    0.000004,    0.000000,    0.000008,    0.000146
  102    -0.000002,    0.000000,    0.000001,    0.000000,    0.000000
  103     0.000000,    0.000008,    0.000000,    0.000018,    0.000060
  104    -0.000000,    0.000146,    0.000000,    0.000060,    0.457595
  105    -0.000000,    0.000212,    0.000000,    0.000038,    0.614896
  106     0.000000,   -0.000082,   -0.000000,    0.000213,   -0.052351
  107     0.000000,   -0.000028,   -0.000000,    0.000246,   -0.054383
  108    -0.000000,    0.000002,    0.000000,    0.000024,    0.012030
  109     0.000000,    0.000079,   -0.000000,    0.000312,    0.005786
  110     0.000000,    0.000003,   -0.000000,    0.000049,    0.002375
  111    -0.000198,    0.000000,   -0.000333,    0.000000,    0.000000
  112     0.000000,    0.000051,   -0.000000,    0.000208,   -0.007700
  113     0.000000,    0.000013,   -0.000000,    0.000050,    0.001088
  114    -0.000111,    0.000000,   -0.000228,    0.000000,   -0.000003
  115     0.000000,    0.000018,   -0.000000,    0.000058,    0.000795
  116     0.000000,    0.000019,   -0.000000,    0.000048,    0.000070
  117    -0.000003,   -0.000000,   -0.000067,    0.000000,   -0.000000
  118    -0.000000,   -0.000012,   -0.000000,   -0.000020,   -0.000300
  119    -0.000013,    0.000000,   -0.000006,    0.000000,   -0.000000
  120    -0.000000,    0.000003,    0.000000,    0.000002,    0.000191
  121    -0.000042,    0.000000,    0.000018,    0.000000,    0.000000
  122     0.000000,    0.000011,   -0.000000,    0.000031,   -0.000380
  123    -0.000000,   -0.000026,   -0.000000,   -0.000051,   -0.002314
  124    -0.000025,    0.000000,   -0.000004,    0.000000,    0.000000
  125    -0.000000,    0.000011,    0.000000,    0.000014,    0.003981
  126    -0.000122,    0.000000,    0.000026,    0.000000,    0.000000
  127     0.000000,    0.000023,   -0.000000,    0.000056,   -0.001110
  128    -0.000000,   -0.000004,   -0.000000,   -0.000004,    0.000611
  129    -0.000013,    0.000000,    0.000001,    0.000000,   -0.000000
  130     0.000000,    0.000003,    0.000000,    0.000007,    0.001270
  131     0.000015,   -0.000000,   -0.000001,   -0.000000,   -0.000001
  132    -0.000000,   -0.000000,    0.000000,   -0.000005,   -0.000925
  133    -0.000015,    0.000000,    0.000001,    0.000000,   -0.000000
  134     0.000000,    0.000009,   -0.000000,    0.000020,   -0.000190
  135    -0.000001,   -0.000023,    0.000128,    0.000000,   -0.017186
  136    -0.000005,   -0.000035,    0.000156,   -0.000022,   -0.031534
  137    -0.000087,    0.000001,    0.000062,    0.000010,   -0.007232
  138     0.000007,   -0.000002,    0.000007,    0.000001,   -0.001704
  139     0.000000,    0.000001,   -0.000004,    0.000001,    0.000933
  140     0.000001,   -0.000003,    0.000007,   -0.000002,   -0.002579
  141     0.000015,   -0.000004,    0.000007,   -0.000000,   -0.004736
  142    -0.000004,    0.000002,   -0.000004,    0.000002,    0.002974
  143     0.000013,   -0.000009,    0.000001,   -0.000011,   -0.007425
  144    -0.000000,   -0.000000,   -0.000001,   -0.000001,    0.000593
  145     0.000001,    0.000000,   -0.000001,   -0.000000,    0.000722
  146    -0.000002,   -0.000001,   -0.000000,   -0.000001,   -0.000863
  147     0.000002,   -0.000001,    0.000001,   -0.000001,   -0.001401
  148     0.000003,   -0.000000,    0.000000,    0.000001,   -0.000357
  149    -0.000000,   -0.000040,    0.000000,   -0.000028,   -0.017123
  150    -0.000000,   -0.000052,    0.000000,   -0.000064,   -0.025222
  151    -0.000000,   -0.000035,    0.000000,   -0.000066,   -0.007473
  152     0.000000,    0.000003,   -0.000000,    0.000009,    0.000178
  153    -0.000000,   -0.000002,    0.000000,    0.000003,   -0.003192
  154    -0.000003,    0.000000,   -0.000005,    0.000000,    0.000000
  155     0.000000,    0.000005,   -0.000000,    0.000014,    0.000842
  156    -0.000000,   -0.000001,    0.000000,    0.000006,   -0.007006
  157    -0.000012,    0.000000,   -0.000009,    0.000000,    0.000001
  158     0.000000,    0.000002,   -0.000000,    0.000005,    0.000173
  159    -0.000003,    0.000000,   -0.000002,    0.000000,    0.000000
  160     0.000000,    0.000000,    0.000000,   -0.000000,    0.000803
  161    -0.000001,   -0.000000,    0.000000,   -0.000000,   -0.000000
  162     0.000000,    0.000001,   -0.000000,   -0.000001,    0.001624
  163     0.000001,   -0.000023,   -0.000128,    0.000000,   -0.017185
  164     0.000005,   -0.000035,   -0.000156,   -0.000022,   -0.031531
  165     0.000087,    0.000001,   -0.000062,    0.000010,   -0.007232
  166    -0.000007,   -0.000002,   -0.000007,    0.000001,   -0.001705
  167    -0.000000,    0.000001,    0.000004,    0.000001,    0.000933
  168     0.000001,    0.000003,    0.000007,    0.000002,    0.002579
  169    -0.000015,   -0.000004,   -0.000007,   -0.000000,   -0.004736
  170     0.000004,    0.000002,    0.000004,    0.000002,    0.002975
  171     0.000013,    0.000009,    0.000001,    0.000011,    0.007423
  172     0.000000,   -0.000000,    0.000001,   -0.000001,    0.000593
  173     0.000001,   -0.000000,   -0.000001,    0.000000,   -0.000722
  174     0.000002,   -0.000001,    0.000000,   -0.000001,   -0.000863
  175     0.000002,    0.000001,    0.000001,    0.000001,    0.001401
  176    -0.000003,   -0.000000,   -0.000000,    0.000001,   -0.000357
               105,         106,         107,         108,         109
    0    -0.001837,    0.004218,   -0.000905,    0.004578,    0.007633
    1    -0.004036,    0.008457,    0.001068,    0.007144,    0.016667
    2     0.008163,   -0.014790,   -0.011407,   -0.005511,   -0.033446
    3     0.003318,   -0.006344,   -0.002603,   -0.000600,   -0.027291
    4     0.004444,   -0.003560,   -0.001933,    0.000321,   -0.017660
    5    -0.015266,    0.029652,    0.029684,    0.014708,    0.054314
    6    -0.005386,    0.012453,    0.015070,   -0.000043,    0.002249
    7     0.000000,   -0.000001,   -0.000002,    0.000001,   -0.000001
    8     0.002792,    0.012402,    0.014987,    0.008498,    0.012741
    9    -0.007875,    0.013452,    0.012919,    0.000785,    0.020289
   10    -0.000000,   -0.000000,   -0.000001,    0.000001,    0.000001
   11    -0.002187,    0.003796,    0.003425,    0.001183,    0.013907
   12     0.001077,    0.001005,    0.002056,    0.000276,   -0.000224
   13     0.000001,   -0.000001,   -0.000001,    0.000000,   -0.000000
   14    -0.001341,    0.002621,    0.002300,    0.000825,    0.005487
   15     0.000000,   -0.000000,   -0.000000,    0.000000,   -0.000000
   16    -0.000352,    0.000592,    0.000604,    0.000335,    0.000828
   17     0.000000,   -0.000000,   -0.000000,   -0.000000,   -0.000000
   18    -0.000895,    0.001921,    0.001338,   -0.000300,    0.005362
   19     0.000434,    0.002160,    0.002512,    0.000837,   -0.000647
   20     0.000000,   -0.000000,   -0.000000,    0.000000,   -0.000001
   21    -0.000738,    0.000672,    0.000375,   -0.000051,    0.002837
   22    -0.000000,   -0.000000,   -0.000000,   -0.000000,   -0.000000
   23    -0.006083,    0.005684,    0.003396,   -0.000378,    0.017892
   24     0.000803,   -0.000654,   -0.000551,   -0.000141,   -0.001515
   25    -0.000000,   -0.000000,   -0.000000,   -0.000000,    0.000000
   26     0.000212,   -0.000139,   -0.000124,    0.000039,   -0.000117
   27     0.000000,   -0.000000,   -0.000000,   -0.000000,   -0.000000
   28    -0.000315,   -0.000063,   -0.000225,   -0.000233,    0.000058
   29     0.000000,   -0.000000,   -0.000000,    0.000000,   -0.000000
   30     0.000505,   -0.000906,   -0.000550,    0.000050,   -0.002959
   31     0.004924,   -0.010480,   -0.009945,   -0.000795,   -0.015891
   32     0.000213,   -0.008465,   -0.010424,   -0.001274,   -0.000305
   33     0.004609,   -0.006775,   -0.005696,   -0.000138,   -0.011685
   34    -0.000047,    0.000172,    0.000244,    0.000177,    0.000187
   35     0.000212,   -0.000764,   -0.000760,   -0.000104,   -0.000842
   36     0.000000,   -0.000000,   -0.000000,    0.000000,   -0.000000
   37    -0.000590,    0.000381,    0.000580,    0.000224,   -0.000520
   38    -0.002018,    0.001067,    0.000081,   -0.000291,    0.007234
   39    -0.000000,    0.000000,   -0.000000,   -0.000000,    0.000001
   40    -0.000121,    0.000069,    0.000139,    0.000099,   -0.000300
   41    -0.000000,    0.000000,   -0.000000,   -0.000000,    0.000000
   42     0.000065,   -0.000044,   -0.000004,    0.000018,   -0.000298
   43    -0.000000,   -0.000000,    0.000000,    0.000000,   -0.000000
   44     0.000072,    0.000073,    0.000093,    0.000047,   -0.000182
   45    -0.006439,    0.013188,    0.013540,    0.004145,    0.022735
   46    -0.013895,    0.018100,    0.016941,    0.004287,    0.041426
   47    -0.004409,    0.007281,    0.006462,    0.001544,    0.017468
   48     0.000619,   -0.000972,   -0.001058,   -0.000290,   -0.001238
   49     0.000409,   -0.000637,   -0.000593,   -0.000213,   -0.001456
   50    -0.000000,    0.000000,    0.000000,    0.000000,    0.000000
   51     0.002667,   -0.001002,   -0.000733,    0.000056,   -0.003917
   52     0.000570,   -0.000267,   -0.000208,   -0.000107,   -0.001710
   53    -0.000000,    0.000000,    0.000000,    0.000000,    0.000001
   54    -0.000255,    0.000240,    0.000198,    0.000033,    0.000636
   55     0.000000,   -0.000000,   -0.000000,   -0.000000,   -0.000000
   56     0.000122,   -0.000057,   -0.000049,    0.000002,   -0.000156
   57     0.000000,   -0.000000,   -0.000000,   -0.000000,   -0.000000
   58    -0.000142,   -0.000038,    0.000018,   -0.000011,   -0.000305
   59     0.005287,   -0.009512,    0.011681,   -0.001796,   -0.025801
   60     0.010909,   -0.018460,    0.014767,    0.001171,   -0.055728
   61    -0.016646,    0.025031,    0.000980,   -0.017205,    0.100307
   62     0.014518,   -0.000964,   -0.018098,   -0.015067,    0.088003
   63    -0.010622,   -0.004581,   -0.006614,   -0.004371,    0.024662
   64     0.042520,   -0.077963,   -0.051583,   -0.005818,   -0.173622
   65     0.024669,   -0.047843,   -0.035593,    0.003571,   -0.092107
   66     0.000000,    0.000000,    0.000000,    0.000002,   -0.000003
   67     0.029588,   -0.042928,   -0.025828,   -0.001287,   -0.125177
   68     0.019704,   -0.028519,   -0.021546,    0.002439,   -0.056799
   69    -0.000001,    0.000000,    0.000000,    0.000001,   -0.000003
   70     0.000601,    0.001654,    0.002152,    0.000962,   -0.012470
   71     0.003751,   -0.003111,   -0.002608,    0.000841,   -0.011436
   72    -0.000000,   -0.000000,   -0.000000,    0.000000,   -0.000001
   73    -0.002945,    0.005200,    0.003864,    0.000954,    0.009886
   74    -0.000000,    0.000000,    0.000000,   -0.000000,    0.000000
   75     0.001363,   -0.001970,   -0.001022,    0.000493,   -0.002965
   76    -0.000000,    0.000000,    0.000000,   -0.000000,    0.000000
   77    -0.002226,    0.004162,    0.003395,   -0.000028,    0.001412
   78    -0.009284,    0.007808,    0.005156,    0.000781,    0.023151
   79    -0.000001,    0.000000,    0.000000,   -0.000000,    0.000001
   80    -0.000612,   -0.001738,   -0.000519,    0.000573,   -0.005167
   81     0.000000,   -0.000000,   -0.000000,   -0.000000,    0.000000
   82    -0.009474,    0.005964,    0.004912,   -0.000316,    0.000795
   83     0.001224,   -0.000692,   -0.000283,    0.000356,   -0.002872
   84     0.000000,    0.000000,    0.000000,    0.000000,    0.000000
   85    -0.001008,    0.000825,    0.000556,   -0.000091,    0.001945
   86     0.000000,   -0.000000,   -0.000000,   -0.000000,    0.000000
   87    -0.001618,    0.001579,    0.001000,    0.000047,    0.003779
   88     0.000000,   -0.000000,   -0.000000,    0.000000,   -0.000000
   89     0.000677,   -0.000419,   -0.000093,    0.000272,    0.000213
   90     0.008722,   -0.017574,   -0.017400,   -0.002069,   -0.016768
   91    -0.003420,   -0.019629,   -0.018258,   -0.001516,   -0.029671
   92     0.004453,   -0.008925,   -0.007395,    0.000377,   -0.013366
   93     0.000453,   -0.000759,   -0.000414,    0.000024,   -0.001903
   94    -0.000748,    0.001485,    0.001589,    0.000238,    0.001291
   95     0.000000,   -0.000000,   -0.000000,    0.000000,   -0.000000
   96     0.003332,   -0.002615,   -0.001633,    0.000000,   -0.005752
   97     0.005139,    0.000052,    0.000211,    0.000196,    0.002574
   98    -0.000000,   -0.000000,   -0.000000,    0.000000,   -0.000001
   99    -0.000748,    0.000649,    0.000388,   -0.000018,    0.001191
  100    -0.000000,    0.000000,    0.000000,   -0.000000,    0.000000
  101     0.000212,   -0.000082,   -0.000028,    0.000002,    0.000079
  102     0.000000,   -0.000000,   -0.000000,    0.000000,   -0.000000
  103     0.000038,    0.000213,    0.000246,    0.000024,    0.000312
  104     0.614896,   -0.052351,   -0.054383,    0.012030,    0.005786
  105     0.840730,   -0.139166,   -0.126975,    0.007285,    0.012182
  106    -0.139166,    0.333552,    0.262962,    0.041055,   -0.022625
  107    -0.126975,    0.262962,    0.210097,    0.033214,   -0.033419
  108     0.007285,    0.041055,    0.033214,    0.007862,   -0.012040
  109     0.012182,   -0.022625,   -0.033419,   -0.012040,    0.275628
  110     0.005053,   -0.009250,   -0.013593,   -0.015893,   -0.025443
  111     0.000000,   -0.000002,    0.000002,    0.000003,   -0.000000
  112    -0.009149,   -0.005418,   -0.012859,   -0.006035,    0.169444
  113     0.002252,   -0.003943,   -0.006681,   -0.009956,   -0.026681
  114    -0.000004,    0.000002,    0.000004,    0.000002,   -0.000001
  115     0.001169,   -0.000646,   -0.002403,   -0.000636,    0.042708
  116     0.000054,    0.000241,   -0.000454,   -0.002324,   -0.008514
  117    -0.000000,    0.000001,    0.000001,    0.000001,   -0.000000
  118    -0.000400,   -0.000054,   -0.000693,   -0.000444,    0.008159
  119    -0.000000,   -0.000000,   -0.000000,   -0.000000,   -0.000001
  120     0.000312,   -0.000227,    0.000337,    0.000122,   -0.009458
  121     0.000000,   -0.000000,   -0.000000,   -0.000000,    0.000001
  122    -0.000600,    0.000465,   -0.000150,   -0.000807,    0.004066
  123    -0.003518,    0.002085,    0.001120,   -0.000055,    0.005260
  124     0.000000,   -0.000000,   -0.000000,   -0.000000,   -0.000001
  125     0.005956,   -0.003270,   -0.002246,   -0.000288,   -0.008362
  126     0.000001,   -0.000001,   -0.000001,    0.000000,    0.000001
  127    -0.001970,    0.002429,    0.001578,   -0.000565,    0.002128
  128     0.000037,    0.003649,    0.002692,    0.000430,    0.001679
  129    -0.000000,   -0.000000,   -0.000000,   -0.000000,    0.000000
  130     0.001406,    0.001293,    0.001060,    0.000272,   -0.000683
  131    -0.000001,   -0.000001,   -0.000001,   -0.000000,    0.000000
  132    -0.000468,   -0.003579,   -0.002655,   -0.000389,   -0.001116
  133    -0.000000,   -0.000000,   -0.000000,   -0.000000,   -0.000000
  134    -0.000390,    0.000682,    0.000480,    0.000001,    0.001480
  135    -0.036667,    0.066811,    0.055634,    0.008139,   -0.069271
  136    -0.055973,    0.068607,    0.057916,    0.007817,   -0.081710
  137    -0.011936,    0.011474,    0.009943,    0.000909,   -0.021496
  138    -0.003044,    0.003781,    0.002977,    0.000319,   -0.000623
  139     0.001713,   -0.002307,   -0.002029,   -0.000490,    0.002066
  140    -0.004693,    0.006156,    0.005190,    0.000725,   -0.007057
  141    -0.007170,    0.004365,    0.003350,    0.000218,    0.002358
  142     0.004585,   -0.003151,   -0.002846,   -0.000733,    0.001690
  143    -0.011353,    0.007411,    0.006335,    0.000737,   -0.007953
  144     0.000883,   -0.000483,   -0.000420,   -0.000082,   -0.000085
  145     0.001091,   -0.000664,   -0.000617,   -0.000147,    0.000683
  146    -0.001299,    0.000766,    0.000699,    0.000072,   -0.001660
  147    -0.002083,    0.001114,    0.000886,    0.000046,   -0.000054
  148    -0.000520,    0.000229,    0.000123,   -0.000054,    0.000682
  149    -0.036478,    0.066019,    0.054571,    0.014278,    0.011249
  150    -0.046835,    0.064368,    0.053835,    0.015014,    0.011250
  151    -0.012127,    0.010659,    0.009107,    0.003343,    0.006206
  152     0.000355,   -0.000583,   -0.000705,   -0.000249,    0.004070
  153    -0.005794,    0.007529,    0.006212,    0.001406,    0.000966
  154     0.000001,   -0.000001,   -0.000001,   -0.000000,   -0.000000
  155     0.001323,   -0.001051,   -0.001346,   -0.000336,    0.007701
  156    -0.010952,    0.008122,    0.006769,    0.001209,   -0.001062
  157     0.000001,   -0.000001,   -0.000001,   -0.000000,   -0.000000
  158     0.000260,   -0.000154,   -0.000255,   -0.000090,    0.002209
  159     0.000000,   -0.000000,   -0.000000,   -0.000000,   -0.000000
  160     0.001210,   -0.000716,   -0.000596,   -0.000094,    0.000075
  161    -0.000000,    0.000000,    0.000000,    0.000000,   -0.000000
  162     0.002430,   -0.001363,   -0.001143,   -0.000170,   -0.000145
  163    -0.036665,    0.066808,    0.055635,    0.008140,   -0.069288
  164    -0.055968,    0.068605,    0.057918,    0.007819,   -0.081733
  165    -0.011936,    0.011475,    0.009945,    0.000910,   -0.021503
  166    -0.003044,    0.003782,    0.002978,    0.000319,   -0.000626
  167     0.001714,   -0.002308,   -0.002030,   -0.000490,    0.002068
  168     0.004691,   -0.006155,   -0.005189,   -0.000725,    0.007057
  169    -0.007171,    0.004367,    0.003351,    0.000218,    0.002355
  170     0.004586,   -0.003152,   -0.002847,   -0.000733,    0.001692
  171     0.011349,   -0.007409,   -0.006333,   -0.000737,    0.007954
  172     0.000884,   -0.000483,   -0.000420,   -0.000082,   -0.000085
  173    -0.001092,    0.000664,    0.000617,    0.000147,   -0.000684
  174    -0.001298,    0.000765,    0.000698,    0.000072,   -0.001659
  175     0.002083,   -0.001114,   -0.000886,   -0.000046,    0.000055
  176    -0.000520,    0.000229,    0.000123,   -0.000054,    0.000682
               110,         111,         112,         113,         114
    0    -0.002348,    0.000001,    0.000629,   -0.004675,    0.000002
    1    -0.005361,    0.000002,    0.005624,   -0.007712,    0.000003
    2     0.013125,   -0.000003,   -0.024298,    0.009012,   -0.000002
    3     0.003958,   -0.000005,   -0.017727,    0.002361,   -0.000003
    4     0.005279,    0.000002,   -0.011498,    0.003775,    0.000001
    5     0.000345,    0.000001,    0.040348,   -0.008277,    0.000001
    6    -0.002966,    0.000002,    0.000844,   -0.005444,    0.000000
    7    -0.000002,   -0.049822,    0.000002,   -0.000000,   -0.036743
    8    -0.004047,    0.000001,    0.011735,   -0.006785,    0.000001
    9    -0.005896,    0.000001,    0.012531,   -0.006764,    0.000000
   10    -0.000001,   -0.039029,    0.000003,   -0.000000,   -0.028686
   11     0.004225,   -0.000002,    0.009230,    0.001311,   -0.000001
   12     0.002575,    0.000000,   -0.000208,    0.001012,   -0.000000
   13    -0.000001,   -0.019100,    0.000000,   -0.000001,   -0.013673
   14     0.000670,    0.000000,    0.003757,    0.000027,    0.000000
   15     0.000000,   -0.000492,   -0.000000,    0.000000,   -0.000410
   16     0.000152,    0.000000,    0.000708,    0.000059,    0.000000
   17    -0.000000,    0.000114,   -0.000000,   -0.000000,    0.000210
   18     0.001592,    0.000000,    0.003122,    0.000891,    0.000000
   19     0.000353,    0.000000,   -0.000021,    0.000189,    0.000000
   20     0.000000,   -0.000086,   -0.000001,    0.000000,   -0.000162
   21     0.002952,    0.000000,    0.001744,    0.001865,    0.000000
   22     0.000000,   -0.000523,   -0.000000,    0.000000,   -0.000167
   23     0.003085,   -0.000000,    0.010841,    0.001489,   -0.000000
   24     0.000077,   -0.000000,   -0.001073,    0.000106,   -0.000000
   25    -0.000000,    0.000495,   -0.000000,   -0.000000,    0.000378
   26    -0.000028,   -0.000000,   -0.000050,    0.000032,   -0.000000
   27     0.000000,    0.000661,   -0.000000,   -0.000000,    0.000523
   28     0.000071,    0.000000,   -0.000071,    0.000133,    0.000000
   29    -0.000000,    0.000418,   -0.000000,    0.000000,    0.000255
   30    -0.000119,   -0.000000,   -0.001800,   -0.000071,   -0.000000
   31    -0.001502,    0.000000,   -0.010000,    0.000742,    0.000001
   32    -0.004072,   -0.000000,   -0.000393,   -0.000974,    0.000001
   33    -0.005615,   -0.000001,   -0.007072,   -0.002839,   -0.000001
   34     0.000020,   -0.000000,    0.000198,   -0.000098,   -0.000000
   35     0.000338,    0.000000,   -0.000536,    0.000354,    0.000000
   36    -0.000000,   -0.000837,   -0.000000,    0.000000,   -0.000612
   37     0.003175,   -0.000000,   -0.000224,    0.001867,   -0.000000
   38     0.000559,    0.000000,    0.004404,    0.000283,    0.000000
   39    -0.000000,   -0.001463,    0.000001,   -0.000000,   -0.001105
   40     0.000212,   -0.000000,   -0.000137,    0.000082,   -0.000000
   41     0.000000,   -0.000236,    0.000000,    0.000000,   -0.000182
   42     0.000155,   -0.000000,   -0.000188,    0.000097,   -0.000000
   43     0.000000,    0.000007,   -0.000000,    0.000000,    0.000010
   44    -0.000364,   -0.000000,   -0.000110,   -0.000250,   -0.000000
   45     0.004130,    0.000002,    0.015711,   -0.001212,    0.000001
   46     0.011840,    0.000002,    0.027426,    0.002479,    0.000002
   47    -0.001263,    0.000001,    0.011571,   -0.002364,    0.000001
   48    -0.000340,   -0.000000,   -0.000895,    0.000080,   -0.000000
   49    -0.000282,   -0.000000,   -0.001003,   -0.000021,   -0.000000
   50    -0.000000,   -0.001004,    0.000000,   -0.000000,   -0.000725
   51    -0.002269,   -0.000000,   -0.002441,   -0.001072,   -0.000000
   52    -0.001467,   -0.000000,   -0.001145,   -0.000802,   -0.000000
   53     0.000000,   -0.002334,    0.000000,    0.000000,   -0.001694
   54     0.000183,    0.000000,    0.000427,    0.000085,    0.000000
   55     0.000000,    0.000236,   -0.000000,    0.000000,    0.000165
   56    -0.000016,   -0.000000,   -0.000106,    0.000008,   -0.000000
   57    -0.000000,    0.000486,   -0.000000,   -0.000000,    0.000349
   58     0.000082,   -0.000000,   -0.000186,    0.000027,   -0.000000
   59    -0.011042,   -0.000001,   -0.008267,   -0.004148,    0.000000
   60    -0.023811,   -0.000003,   -0.023182,   -0.010905,   -0.000000
   61     0.044642,    0.000004,    0.056589,    0.026386,    0.000003
   62     0.030210,    0.000008,    0.048992,    0.017254,    0.000005
   63     0.013420,   -0.000004,    0.014716,    0.007828,   -0.000003
   64    -0.078957,   -0.000006,   -0.109746,   -0.043509,   -0.000004
   65    -0.043165,   -0.000002,   -0.053224,   -0.028709,   -0.000001
   66     0.000002,    0.028722,    0.000000,    0.000002,    0.016294
   67    -0.056551,   -0.000003,   -0.077827,   -0.031223,   -0.000002
   68    -0.038317,   -0.000001,   -0.032813,   -0.024972,   -0.000000
   69     0.000002,    0.021751,   -0.000000,    0.000002,    0.012354
   70    -0.010587,   -0.000001,   -0.007421,   -0.006295,   -0.000000
   71    -0.012796,    0.000002,   -0.006498,   -0.008179,    0.000001
   72     0.000000,   -0.003252,    0.000000,    0.000000,   -0.002942
   73    -0.002573,    0.000000,    0.006584,   -0.002258,    0.000000
   74     0.000000,   -0.001875,    0.000000,    0.000000,   -0.001183
   75    -0.001296,   -0.000000,   -0.001666,   -0.000805,   -0.000000
   76     0.000000,   -0.008357,    0.000000,    0.000000,   -0.005768
   77     0.008027,    0.000000,    0.000640,    0.005080,    0.000000
   78    -0.005694,    0.000000,    0.014779,   -0.004821,    0.000000
   79     0.000001,   -0.003619,    0.000000,    0.000001,   -0.002324
   80     0.000272,   -0.000001,   -0.002939,    0.000218,   -0.000001
   81     0.000000,   -0.016782,    0.000000,    0.000000,   -0.011509
   82     0.023296,   -0.000000,    0.000118,    0.014616,   -0.000000
   83    -0.000251,   -0.000000,   -0.001705,   -0.000129,   -0.000000
   84    -0.000000,    0.002502,   -0.000000,   -0.000000,    0.001729
   85     0.000403,    0.000000,    0.001155,    0.000259,    0.000000
   86    -0.000000,   -0.002346,    0.000000,   -0.000000,   -0.001501
   87     0.001982,    0.000000,    0.002360,    0.001126,    0.000000
   88    -0.000000,    0.001811,   -0.000000,   -0.000000,    0.001192
   89    -0.005064,   -0.000000,    0.000304,   -0.003374,   -0.000000
   90    -0.021265,   -0.000000,   -0.009891,   -0.014321,    0.000000
   91    -0.017045,   -0.000002,   -0.017243,   -0.011795,   -0.000001
   92    -0.021315,   -0.000001,   -0.007580,   -0.013614,   -0.000000
   93    -0.002008,    0.000000,   -0.001157,   -0.001229,    0.000000
   94     0.001146,    0.000000,    0.000803,    0.000827,    0.000000
   95    -0.000000,    0.000308,   -0.000000,   -0.000000,    0.000161
   96    -0.003801,   -0.000000,   -0.003561,   -0.002235,   -0.000000
   97    -0.005350,    0.000001,    0.001561,   -0.003239,    0.000000
   98     0.000000,    0.001013,   -0.000000,    0.000000,    0.000570
   99     0.001540,   -0.000000,    0.000719,    0.000957,   -0.000000
  100     0.000000,   -0.000198,    0.000000,    0.000000,   -0.000111
  101     0.000003,    0.000000,    0.000051,    0.000013,    0.000000
  102    -0.000000,   -0.000333,   -0.000000,   -0.000000,   -0.000228
  103     0.000049,    0.000000,    0.000208,    0.000050,    0.000000
  104     0.002375,    0.000000,   -0.007700,    0.001088,   -0.000003
  105     0.005053,    0.000000,   -0.009149,    0.002252,   -0.000004
  106    -0.009250,   -0.000002,   -0.005418,   -0.003943,    0.000002
  107    -0.013593,    0.000002,   -0.012859,   -0.006681,    0.000004
  108    -0.015893,    0.000003,   -0.006035,   -0.009956,    0.000002
  109    -0.025443,   -0.000000,    0.169444,   -0.026681,   -0.000001
  110     0.323024,   -0.000001,   -0.026232,    0.209471,   -0.000002
  111    -0.000001,    0.329012,   -0.000001,   -0.000000,    0.222111
  112    -0.026232,   -0.000001,    0.105242,   -0.023261,   -0.000001
  113     0.209471,   -0.000000,   -0.023261,    0.136443,   -0.000001
  114    -0.000002,    0.222111,   -0.000001,   -0.000001,    0.149983
  115    -0.011458,   -0.000000,    0.026723,   -0.009144,   -0.000000
  116     0.057854,    0.000000,   -0.007058,    0.037696,   -0.000000
  117     0.000001,    0.060623,   -0.000000,    0.000000,    0.040985
  118     0.002473,   -0.000001,    0.004970,    0.001241,   -0.000001
  119     0.000003,    0.007055,   -0.000001,    0.000002,    0.004747
  120     0.005584,   -0.000005,   -0.005985,    0.003951,   -0.000003
  121    -0.000001,   -0.009947,    0.000001,   -0.000001,   -0.006800
  122     0.011320,   -0.000001,    0.002066,    0.007251,   -0.000000
  123     0.000945,   -0.000001,    0.003388,    0.000339,   -0.000001
  124     0.000001,    0.007100,   -0.000001,    0.000001,    0.004757
  125     0.005216,   -0.000004,   -0.005544,    0.003730,   -0.000003
  126    -0.000000,   -0.006671,    0.000001,   -0.000000,   -0.004722
  127     0.007212,   -0.000000,    0.000974,    0.004841,   -0.000000
  128     0.000763,    0.000000,    0.001087,    0.000410,    0.000000
  129    -0.000000,    0.000660,    0.000000,   -0.000000,    0.000423
  130    -0.000803,   -0.000000,   -0.000396,   -0.000476,   -0.000000
  131    -0.000000,   -0.001261,    0.000000,   -0.000000,   -0.000826
  132    -0.000678,    0.000000,   -0.000705,   -0.000422,    0.000000
  133     0.000000,    0.001194,   -0.000000,    0.000000,    0.000781
  134    -0.000485,    0.000000,    0.000902,   -0.000309,    0.000000
  135     0.044329,   -0.115039,   -0.042210,    0.031480,   -0.077783
  136     0.054216,   -0.140448,   -0.049802,    0.038300,   -0.094971
  137     0.018074,   -0.043427,   -0.013483,    0.012614,   -0.029514
  138     0.002537,   -0.007713,   -0.000341,    0.001667,   -0.005203
  139     0.003251,    0.004015,    0.001096,    0.002013,    0.002715
  140     0.004356,   -0.006459,   -0.004287,    0.003098,   -0.004366
  141     0.002016,   -0.008380,    0.001596,    0.001199,   -0.005639
  142     0.007616,    0.004344,    0.000647,    0.004851,    0.002931
  143     0.004436,   -0.002913,   -0.004690,    0.003167,   -0.001948
  144     0.000916,    0.000946,   -0.000106,    0.000593,    0.000640
  145     0.001365,    0.000544,    0.000345,    0.000852,    0.000369
  146     0.000951,    0.000680,   -0.001015,    0.000681,    0.000456
  147     0.000841,   -0.001426,   -0.000004,    0.000545,   -0.000960
  148     0.000868,   -0.000720,    0.000402,    0.000534,   -0.000482
  149    -0.143361,    0.000016,    0.013386,   -0.092844,    0.000012
  150    -0.177986,    0.000019,    0.014502,   -0.114999,    0.000014
  151    -0.050742,    0.000005,    0.005956,   -0.033060,    0.000004
  152     0.000326,   -0.000000,    0.002460,    0.000070,   -0.000000
  153    -0.012968,    0.000002,    0.001237,   -0.008379,    0.000001
  154     0.000002,    0.004887,   -0.000000,    0.000001,    0.003299
  155    -0.001331,   -0.000000,    0.004712,   -0.001098,   -0.000000
  156    -0.012072,    0.000002,   -0.000003,   -0.007629,    0.000002
  157     0.000002,    0.009669,   -0.000000,    0.000002,    0.006517
  158    -0.000161,   -0.000000,    0.001346,   -0.000178,   -0.000000
  159     0.000001,    0.002309,   -0.000000,    0.000000,    0.001556
  160     0.000914,   -0.000001,   -0.000012,    0.000579,   -0.000000
  161     0.000000,   -0.000078,   -0.000000,    0.000000,   -0.000055
  162     0.001484,   -0.000000,   -0.000202,    0.000959,   -0.000000
  163     0.044353,    0.115014,   -0.042222,    0.031496,    0.077768
  164     0.054251,    0.140424,   -0.049817,    0.038323,    0.094956
  165     0.018084,    0.043421,   -0.013489,    0.012620,    0.029511
  166     0.002539,    0.007713,   -0.000342,    0.001668,    0.005203
  167     0.003249,   -0.004016,    0.001097,    0.002011,   -0.002716
  168    -0.004358,   -0.006455,    0.004287,   -0.003099,   -0.004364
  169     0.002019,    0.008381,    0.001594,    0.001202,    0.005640
  170     0.007613,   -0.004346,    0.000648,    0.004849,   -0.002932
  171    -0.004439,   -0.002910,    0.004690,   -0.003169,   -0.001945
  172     0.000916,   -0.000947,   -0.000106,    0.000592,   -0.000640
  173    -0.001364,    0.000544,   -0.000346,   -0.000851,    0.000369
  174     0.000951,   -0.000681,   -0.001014,    0.000681,   -0.000456
  175    -0.000842,   -0.001425,    0.000005,   -0.000545,   -0.000960
  176     0.000869,    0.000720,    0.000402,    0.000534,    0.000482
               115,         116,         117,         118,         119
    0     0.001449,    0.000713,   -0.000000,    0.000493,   -0.000000
    1     0.003237,    0.000379,    0.000000,    0.001110,   -0.000000
    2    -0.006715,    0.003235,   -0.000001,   -0.002354,    0.000000
    3    -0.003823,    0.001611,   -0.000001,   -0.001553,    0.000000
    4    -0.002570,    0.001456,    0.000000,   -0.000777,    0.000000
    5     0.016547,   -0.000238,    0.000000,    0.003363,   -0.000000
    6     0.001419,   -0.000364,    0.000002,   -0.000795,    0.000000
    7     0.000001,    0.000001,   -0.013842,    0.000000,    0.000135
    8     0.006541,   -0.000617,    0.000000,    0.001193,   -0.000000
    9     0.004259,   -0.001065,    0.000001,    0.000054,   -0.000000
   10     0.000001,    0.000000,   -0.010698,    0.000000,    0.000069
   11     0.003035,    0.000610,   -0.000000,    0.000646,   -0.000000
   12     0.000345,    0.000646,    0.000000,   -0.000182,    0.000000
   13     0.000000,   -0.000000,   -0.004688,    0.000000,   -0.000108
   14     0.001272,    0.000168,    0.000000,    0.000206,   -0.000000
   15    -0.000000,    0.000000,   -0.000208,    0.000000,    0.000020
   16     0.000261,    0.000029,    0.000000,    0.000077,   -0.000000
   17    -0.000000,   -0.000000,    0.000220,   -0.000000,   -0.000049
   18     0.000734,    0.000336,    0.000000,    0.000031,    0.000000
   19     0.000225,    0.000268,    0.000000,   -0.000063,    0.000000
   20    -0.000000,    0.000000,   -0.000171,   -0.000000,    0.000038
   21     0.000433,    0.000517,    0.000000,    0.000111,    0.000000
   22    -0.000000,    0.000000,    0.000182,   -0.000000,   -0.000083
   23     0.002689,    0.000507,    0.000000,    0.000399,   -0.000000
   24    -0.000307,    0.000034,   -0.000000,   -0.000073,    0.000000
   25    -0.000000,   -0.000000,    0.000157,   -0.000000,   -0.000007
   26    -0.000016,    0.000009,   -0.000000,    0.000000,   -0.000000
   27    -0.000000,   -0.000000,    0.000237,   -0.000000,   -0.000016
   28    -0.000114,   -0.000002,    0.000000,   -0.000020,    0.000000
   29    -0.000000,    0.000000,    0.000036,   -0.000000,    0.000020
   30    -0.000431,   -0.000049,   -0.000000,   -0.000037,    0.000000
   31    -0.003082,   -0.000293,   -0.000001,   -0.000260,    0.000000
   32    -0.000859,   -0.001089,   -0.000001,    0.000280,   -0.000000
   33    -0.002002,   -0.001149,   -0.000000,   -0.000145,   -0.000000
   34     0.000132,   -0.000006,    0.000000,    0.000035,   -0.000000
   35    -0.000184,    0.000060,   -0.000000,   -0.000013,    0.000000
   36    -0.000000,    0.000000,   -0.000225,    0.000000,    0.000000
   37     0.000059,    0.000575,   -0.000000,    0.000065,    0.000000
   38     0.001055,    0.000017,   -0.000000,    0.000193,   -0.000000
   39     0.000000,    0.000000,   -0.000445,    0.000000,    0.000014
   40     0.000007,    0.000031,   -0.000000,    0.000016,    0.000000
   41     0.000000,    0.000000,   -0.000077,    0.000000,    0.000004
   42    -0.000042,    0.000034,   -0.000000,   -0.000005,    0.000000
   43    -0.000000,    0.000000,    0.000009,    0.000000,   -0.000002
   44    -0.000016,   -0.000060,   -0.000000,   -0.000008,   -0.000000
   45     0.006416,    0.000888,    0.000001,    0.000758,   -0.000000
   46     0.009785,    0.002034,    0.000001,    0.001443,   -0.000000
   47     0.003766,   -0.000244,    0.000000,    0.000518,   -0.000000
   48    -0.000413,   -0.000067,   -0.000000,   -0.000041,    0.000000
   49    -0.000365,   -0.000055,   -0.000000,   -0.000057,    0.000000
   50     0.000000,    0.000000,   -0.000256,    0.000000,   -0.000003
   51    -0.000747,   -0.000322,   -0.000000,   -0.000150,    0.000000
   52    -0.000375,   -0.000241,   -0.000000,   -0.000093,   -0.000000
   53     0.000000,    0.000000,   -0.000608,    0.000000,   -0.000004
   54     0.000127,    0.000031,    0.000000,    0.000021,   -0.000000
   55    -0.000000,    0.000000,    0.000052,   -0.000000,    0.000003
   56    -0.000033,    0.000004,   -0.000000,   -0.000007,    0.000000
   57    -0.000000,   -0.000000,    0.000122,   -0.000000,    0.000002
   58    -0.000036,    0.000007,    0.000000,   -0.000006,    0.000000
   59    -0.004140,    0.000307,   -0.000001,   -0.001528,   -0.000000
   60    -0.007057,    0.000029,   -0.000001,   -0.003183,   -0.000000
   61     0.007053,    0.001937,    0.000001,    0.005471,    0.000000
   62     0.006937,    0.000165,    0.000001,    0.004662,    0.000000
   63     0.002383,    0.001066,   -0.000001,    0.001482,   -0.000000
   64    -0.028744,   -0.012026,   -0.000001,   -0.007636,   -0.000000
   65    -0.012315,   -0.011103,   -0.000001,    0.001065,   -0.000000
   66     0.000000,    0.000002,    0.000650,    0.000000,    0.001815
   67    -0.020012,   -0.008580,   -0.000000,   -0.005205,   -0.000000
   68    -0.007717,   -0.008941,   -0.000001,    0.000494,   -0.000000
   69     0.000000,    0.000001,    0.000515,    0.000000,    0.001368
   70    -0.001803,   -0.001716,   -0.000000,   -0.000518,   -0.000000
   71    -0.001571,   -0.002785,    0.000000,    0.000088,   -0.000000
   72     0.000000,    0.000000,   -0.001719,    0.000000,    0.000219
   73     0.001933,   -0.000603,    0.000000,    0.000414,   -0.000000
   74     0.000000,    0.000000,   -0.000221,   -0.000000,   -0.000072
   75    -0.000173,   -0.000080,   -0.000000,   -0.000125,   -0.000000
   76     0.000000,    0.000000,   -0.001729,    0.000000,   -0.000130
   77     0.000128,    0.001570,    0.000000,   -0.000019,    0.000000
   78     0.004059,   -0.001284,    0.000000,    0.000756,   -0.000000
   79     0.000000,    0.000000,   -0.000488,    0.000000,   -0.000124
   80    -0.000484,    0.000234,   -0.000000,   -0.000153,   -0.000000
   81     0.000000,    0.000000,   -0.003361,    0.000000,   -0.000290
   82    -0.000006,    0.004236,    0.000000,    0.000215,    0.000000
   83    -0.000303,    0.000022,   -0.000000,   -0.000073,    0.000000
   84    -0.000000,   -0.000000,    0.000521,   -0.000000,    0.000038
   85     0.000265,    0.000103,    0.000000,    0.000005,   -0.000000
   86     0.000000,   -0.000000,   -0.000309,    0.000000,   -0.000082
   87     0.000596,    0.000308,    0.000000,    0.000166,    0.000000
   88    -0.000000,   -0.000000,    0.000288,   -0.000000,    0.000051
   89     0.000214,   -0.000905,    0.000000,   -0.000046,   -0.000000
   90    -0.003524,   -0.006520,   -0.000000,    0.001462,   -0.000000
   91    -0.005159,   -0.006062,   -0.000001,    0.001625,   -0.000000
   92    -0.001909,   -0.004519,   -0.000000,    0.000101,   -0.000000
   93    -0.000270,   -0.000324,    0.000000,   -0.000102,   -0.000000
   94     0.000309,    0.000479,    0.000000,   -0.000161,    0.000000
   95    -0.000000,   -0.000000,   -0.000014,    0.000000,    0.000025
   96    -0.000869,   -0.000605,    0.000000,   -0.000259,   -0.000000
   97     0.000445,   -0.000703,    0.000000,   -0.000220,   -0.000000
   98    -0.000000,    0.000000,    0.000015,    0.000000,    0.000066
   99     0.000162,    0.000258,   -0.000000,    0.000065,    0.000000
  100     0.000000,    0.000000,   -0.000003,   -0.000000,   -0.000013
  101     0.000018,    0.000019,   -0.000000,   -0.000012,    0.000000
  102    -0.000000,   -0.000000,   -0.000067,   -0.000000,   -0.000006
  103     0.000058,    0.000048,    0.000000,   -0.000020,    0.000000
  104     0.000795,    0.000070,   -0.000000,   -0.000300,   -0.000000
  105     0.001169,    0.000054,   -0.000000,   -0.000400,   -0.000000
  106    -0.000646,    0.000241,    0.000001,   -0.000054,   -0.000000
  107    -0.002403,   -0.000454,    0.000001,   -0.000693,   -0.000000
  108    -0.000636,   -0.002324,    0.000001,   -0.000444,   -0.000000
  109     0.042708,   -0.008514,   -0.000000,    0.008159,   -0.000001
  110    -0.011458,    0.057854,    0.000001,    0.002473,    0.000003
  111    -0.000000,    0.000000,    0.060623,   -0.000001,    0.007055
  112     0.026723,   -0.007058,   -0.000000,    0.004970,   -0.000001
  113    -0.009144,    0.037696,    0.000000,    0.001241,    0.000002
  114    -0.000000,   -0.000000,    0.040985,   -0.000001,    0.004747
  115     0.007106,   -0.002558,   -0.000000,    0.001188,   -0.000000
  116    -0.002558,    0.010556,    0.000000,    0.000241,    0.000001
  117    -0.000000,    0.000000,    0.011258,   -0.000000,    0.001277
  118     0.001188,    0.000241,   -0.000000,    0.000351,   -0.000000
  119    -0.000000,    0.000001,    0.001277,   -0.000000,    0.000157
  120    -0.001547,    0.001166,   -0.000001,   -0.000262,   -0.000000
  121     0.000000,   -0.000000,   -0.001959,    0.000000,   -0.000181
  122     0.000296,    0.002014,   -0.000000,    0.000174,    0.000000
  123     0.000779,   -0.000068,   -0.000000,    0.000339,   -0.000000
  124    -0.000000,    0.000000,    0.001254,   -0.000000,    0.000166
  125    -0.001466,    0.001099,   -0.000001,   -0.000297,   -0.000000
  126     0.000000,   -0.000000,   -0.001557,    0.000000,   -0.000058
  127    -0.000011,    0.001366,   -0.000000,   -0.000006,    0.000000
  128     0.000293,    0.000110,    0.000000,    0.000089,   -0.000000
  129     0.000000,   -0.000000,    0.000088,    0.000000,    0.000023
  130    -0.000078,   -0.000112,   -0.000000,   -0.000041,   -0.000000
  131     0.000000,   -0.000000,   -0.000194,    0.000000,   -0.000037
  132    -0.000172,   -0.000121,    0.000000,   -0.000044,    0.000000
  133    -0.000000,    0.000000,    0.000183,   -0.000000,    0.000035
  134     0.000222,   -0.000058,    0.000000,   -0.000005,   -0.000000
  135    -0.011158,    0.009250,   -0.021380,   -0.001590,   -0.002419
  136    -0.013270,    0.011182,   -0.026113,   -0.001838,   -0.002950
  137    -0.003719,    0.003629,   -0.008298,   -0.000525,   -0.000855
  138    -0.000117,    0.000478,   -0.001415,    0.000019,   -0.000167
  139     0.000224,    0.000536,    0.000747,    0.000093,    0.000084
  140    -0.001137,    0.000908,   -0.001199,   -0.000161,   -0.000136
  141     0.000375,    0.000338,   -0.001517,    0.000121,   -0.000187
  142     0.000049,    0.001317,    0.000798,    0.000116,    0.000094
  143    -0.001261,    0.000920,   -0.000509,   -0.000160,   -0.000070
  144    -0.000040,    0.000159,    0.000176,    0.000007,    0.000020
  145     0.000069,    0.000228,    0.000104,    0.000034,    0.000011
  146    -0.000274,    0.000197,    0.000121,   -0.000041,    0.000016
  147    -0.000018,    0.000152,   -0.000259,    0.000014,   -0.000031
  148     0.000087,    0.000145,   -0.000127,    0.000032,   -0.000017
  149     0.005589,   -0.025525,    0.000003,   -0.000812,   -0.000001
  150     0.006108,   -0.031817,    0.000003,   -0.001124,   -0.000001
  151     0.002197,   -0.009276,    0.000001,   -0.000099,   -0.000000
  152     0.000608,    0.000009,   -0.000000,    0.000115,   -0.000000
  153     0.000503,   -0.002289,    0.000000,   -0.000083,   -0.000000
  154    -0.000000,    0.000000,    0.000900,   -0.000000,    0.000105
  155     0.001182,   -0.000343,   -0.000000,    0.000218,   -0.000000
  156     0.000087,   -0.002098,    0.000000,   -0.000156,   -0.000000
  157    -0.000000,    0.000000,    0.001766,   -0.000000,    0.000211
  158     0.000340,   -0.000053,   -0.000000,    0.000059,   -0.000000
  159    -0.000000,    0.000000,    0.000421,   -0.000000,    0.000051
  160    -0.000008,    0.000160,   -0.000000,    0.000009,   -0.000000
  161    -0.000000,    0.000000,   -0.000018,   -0.000000,   -0.000001
  162    -0.000067,    0.000259,   -0.000000,    0.000007,    0.000000
  163    -0.011161,    0.009255,    0.021377,   -0.001591,    0.002419
  164    -0.013275,    0.011188,    0.026110,   -0.001839,    0.002951
  165    -0.003720,    0.003631,    0.008297,   -0.000525,    0.000855
  166    -0.000118,    0.000478,    0.001415,    0.000019,    0.000167
  167     0.000224,    0.000536,   -0.000747,    0.000093,   -0.000084
  168     0.001137,   -0.000909,   -0.001198,    0.000161,   -0.000136
  169     0.000374,    0.000338,    0.001517,    0.000121,    0.000187
  170     0.000050,    0.001316,   -0.000798,    0.000116,   -0.000094
  171     0.001261,   -0.000921,   -0.000508,    0.000160,   -0.000070
  172    -0.000040,    0.000159,   -0.000176,    0.000007,   -0.000020
  173    -0.000069,   -0.000228,    0.000104,   -0.000034,    0.000011
  174    -0.000274,    0.000197,   -0.000121,   -0.000040,   -0.000016
  175     0.000019,   -0.000152,   -0.000259,   -0.000014,   -0.000031
  176     0.000087,    0.000145,    0.000127,    0.000032,    0.000017
               120,         121,         122,         123,         124
    0    -0.000262,   -0.000000,   -0.000212,    0.000878,   -0.000000
    1    -0.000641,   -0.000000,   -0.000502,    0.002027,   -0.000000
    2     0.001547,    0.000000,    0.001220,   -0.004443,    0.000001
    3     0.001150,    0.000001,   -0.000040,   -0.002493,    0.000000
    4     0.000757,    0.000000,    0.000006,   -0.001045,    0.000000
    5    -0.001534,    0.000000,   -0.002542,    0.004448,   -0.000002
    6     0.000656,   -0.000000,    0.000706,   -0.003432,   -0.000001
    7     0.000001,    0.008204,   -0.000000,    0.000002,    0.001777
    8    -0.000273,    0.000000,   -0.001843,    0.001800,   -0.000001
    9    -0.000272,   -0.000000,    0.000583,   -0.001692,   -0.000001
   10     0.000001,    0.006218,   -0.000000,    0.000001,    0.001303
   11    -0.000344,    0.000000,    0.000010,    0.000586,   -0.000000
   12     0.000226,   -0.000000,    0.000191,   -0.000695,   -0.000000
   13     0.000000,    0.002256,   -0.000000,    0.000001,    0.000303
   14    -0.000145,    0.000000,   -0.000006,    0.000209,   -0.000000
   15     0.000000,    0.000183,   -0.000000,    0.000000,    0.000061
   16    -0.000026,   -0.000000,   -0.000053,    0.000156,   -0.000000
   17    -0.000000,   -0.000290,    0.000000,   -0.000000,   -0.000119
   18    -0.000101,   -0.000000,    0.000329,   -0.000247,    0.000000
   19     0.000077,    0.000000,   -0.000045,   -0.000070,   -0.000000
   20     0.000000,    0.000226,   -0.000000,    0.000000,    0.000093
   21    -0.000042,   -0.000000,    0.000164,    0.000074,   -0.000000
   22    -0.000000,   -0.000384,    0.000000,   -0.000000,   -0.000181
   23    -0.000501,   -0.000000,    0.000664,   -0.000011,   -0.000000
   24     0.000054,    0.000000,    0.000013,   -0.000106,    0.000000
   25    -0.000000,   -0.000110,   -0.000000,   -0.000000,   -0.000030
   26    -0.000002,    0.000000,   -0.000012,    0.000030,    0.000000
   27    -0.000000,   -0.000185,   -0.000000,   -0.000000,   -0.000056
   28    -0.000007,   -0.000000,    0.000058,   -0.000046,    0.000000
   29     0.000000,    0.000046,   -0.000000,    0.000000,    0.000034
   30     0.000085,    0.000000,   -0.000121,    0.000037,   -0.000000
   31     0.000170,   -0.000000,   -0.000590,    0.000726,    0.000000
   32    -0.000504,   -0.000000,   -0.000389,    0.001379,    0.000000
   33     0.000131,    0.000000,   -0.000665,    0.000507,    0.000000
   34    -0.000003,    0.000000,   -0.000049,    0.000055,   -0.000000
   35     0.000007,   -0.000000,   -0.000017,    0.000051,    0.000000
   36     0.000000,    0.000128,   -0.000000,    0.000000,    0.000026
   37     0.000073,    0.000000,    0.000006,    0.000092,   -0.000000
   38    -0.000253,   -0.000000,    0.000204,    0.000123,   -0.000000
   39    -0.000000,    0.000296,    0.000000,    0.000000,    0.000076
   40     0.000013,    0.000000,   -0.000034,    0.000037,   -0.000000
   41     0.000000,    0.000055,    0.000000,    0.000000,    0.000015
   42     0.000014,    0.000000,   -0.000004,   -0.000003,    0.000000
   43     0.000000,   -0.000011,   -0.000000,    0.000000,   -0.000005
   44     0.000003,    0.000000,   -0.000017,   -0.000008,   -0.000000
   45    -0.000349,   -0.000000,   -0.000176,   -0.000036,   -0.000001
   46    -0.000790,   -0.000000,    0.000312,    0.000311,   -0.000001
   47    -0.000473,    0.000000,    0.000055,    0.000187,   -0.000000
   48     0.000008,    0.000000,    0.000020,    0.000029,    0.000000
   49     0.000036,   -0.000000,    0.000010,   -0.000044,    0.000000
   50     0.000000,    0.000132,   -0.000000,    0.000000,    0.000022
   51     0.000076,    0.000000,   -0.000115,   -0.000029,    0.000000
   52     0.000036,    0.000000,   -0.000021,   -0.000103,    0.000000
   53     0.000000,    0.000326,    0.000000,    0.000000,    0.000058
   54    -0.000017,   -0.000000,    0.000010,    0.000016,   -0.000000
   55    -0.000000,   -0.000020,   -0.000000,   -0.000000,   -0.000000
   56     0.000005,    0.000000,    0.000000,   -0.000003,    0.000000
   57    -0.000000,   -0.000061,   -0.000000,   -0.000000,   -0.000009
   58     0.000014,   -0.000000,   -0.000007,   -0.000016,   -0.000000
   59     0.001167,   -0.000000,   -0.001002,   -0.000782,    0.000000
   60     0.002438,   -0.000000,   -0.002137,   -0.002282,    0.000000
   61    -0.004156,   -0.000000,    0.003839,    0.005889,    0.000000
   62    -0.003686,    0.000000,    0.002815,    0.004978,    0.000000
   63    -0.000916,    0.000000,    0.000662,    0.001817,   -0.000000
   64     0.004994,   -0.000000,   -0.004255,   -0.007996,    0.000001
   65     0.001117,    0.000000,   -0.007817,    0.007043,   -0.000001
   66     0.000000,    0.005802,   -0.000000,    0.000001,    0.003460
   67     0.003543,   -0.000000,   -0.003437,   -0.004965,    0.000001
   68     0.000478,    0.000000,   -0.005115,    0.004236,   -0.000000
   69     0.000000,    0.004362,   -0.000000,    0.000001,    0.002606
   70     0.000257,    0.000000,   -0.000541,   -0.000373,    0.000000
   71    -0.000026,    0.000000,   -0.001196,    0.000939,    0.000000
   72     0.000000,    0.001707,   -0.000000,    0.000000,    0.000615
   73    -0.000385,    0.000000,   -0.000088,    0.000503,   -0.000000
   74     0.000000,   -0.000123,    0.000000,   -0.000000,   -0.000117
   75     0.000117,    0.000000,   -0.000163,   -0.000093,   -0.000000
   76     0.000000,    0.000524,    0.000000,    0.000000,   -0.000065
   77     0.000133,   -0.000000,    0.000462,   -0.000294,    0.000000
   78    -0.000862,    0.000000,    0.000103,    0.000675,   -0.000000
   79     0.000000,   -0.000148,    0.000000,   -0.000000,   -0.000188
   80     0.000217,    0.000000,   -0.000185,   -0.000076,   -0.000000
   81     0.000000,    0.000893,    0.000000,    0.000000,   -0.000198
   82     0.000382,   -0.000000,    0.000869,   -0.000078,   -0.000000
   83     0.000100,   -0.000000,   -0.000118,   -0.000015,   -0.000000
   84    -0.000000,   -0.000162,   -0.000000,   -0.000000,    0.000017
   85    -0.000044,   -0.000000,    0.000118,   -0.000081,    0.000000
   86     0.000000,   -0.000106,    0.000000,   -0.000000,   -0.000126
   87    -0.000106,   -0.000000,    0.000112,    0.000170,   -0.000000
   88    -0.000000,    0.000011,   -0.000000,    0.000000,    0.000067
   89    -0.000067,    0.000000,   -0.000198,   -0.000053,   -0.000000
   90    -0.000649,   -0.000000,   -0.002837,    0.004138,   -0.000000
   91    -0.000286,   -0.000000,   -0.003499,    0.004987,   -0.000000
   92    -0.000160,    0.000000,   -0.001671,    0.001214,   -0.000000
   93     0.000044,   -0.000000,   -0.000086,   -0.000113,    0.000000
   94     0.000060,    0.000000,    0.000232,   -0.000402,    0.000000
   95    -0.000000,    0.000092,   -0.000000,    0.000000,    0.000050
   96     0.000154,   -0.000000,   -0.000208,   -0.000263,    0.000000
   97    -0.000090,    0.000000,    0.000079,   -0.000458,    0.000000
   98     0.000000,    0.000215,   -0.000000,    0.000000,    0.000127
   99    -0.000024,    0.000000,    0.000068,    0.000072,   -0.000000
  100    -0.000000,   -0.000042,    0.000000,   -0.000000,   -0.000025
  101     0.000003,    0.000000,    0.000011,   -0.000026,    0.000000
  102     0.000000,    0.000018,   -0.000000,   -0.000000,   -0.000004
  103     0.000002,    0.000000,    0.000031,   -0.000051,    0.000000
  104     0.000191,    0.000000,   -0.000380,   -0.002314,    0.000000
  105     0.000312,    0.000000,   -0.000600,   -0.003518,    0.000000
  106    -0.000227,   -0.000000,    0.000465,    0.002085,   -0.000000
  107     0.000337,   -0.000000,   -0.000150,    0.001120,   -0.000000
  108     0.000122,   -0.000000,   -0.000807,   -0.000055,   -0.000000
  109    -0.009458,    0.000001,    0.004066,    0.005260,   -0.000001
  110     0.005584,   -0.000001,    0.011320,    0.000945,    0.000001
  111    -0.000005,   -0.009947,   -0.000001,   -0.000001,    0.007100
  112    -0.005985,    0.000001,    0.002066,    0.003388,   -0.000001
  113     0.003951,   -0.000001,    0.007251,    0.000339,    0.000001
  114    -0.000003,   -0.006800,   -0.000000,   -0.000001,    0.004757
  115    -0.001547,    0.000000,    0.000296,    0.000779,   -0.000000
  116     0.001166,   -0.000000,    0.002014,   -0.000068,    0.000000
  117    -0.000001,   -0.001959,   -0.000000,   -0.000000,    0.001254
  118    -0.000262,    0.000000,    0.000174,    0.000339,   -0.000000
  119    -0.000000,   -0.000181,    0.000000,   -0.000000,    0.000166
  120     0.000410,    0.000000,    0.000045,   -0.000228,   -0.000000
  121     0.000000,    0.000482,   -0.000000,    0.000000,   -0.000137
  122     0.000045,   -0.000000,    0.000571,   -0.000002,    0.000000
  123    -0.000228,    0.000000,   -0.000002,    0.000493,   -0.000000
  124    -0.000000,   -0.000137,    0.000000,   -0.000000,    0.000186
  125     0.000390,    0.000000,    0.000110,   -0.000373,    0.000000
  126     0.000000,    0.000672,   -0.000000,    0.000000,    0.000056
  127     0.000059,   -0.000000,    0.000501,   -0.000219,    0.000000
  128    -0.000058,   -0.000000,    0.000046,    0.000107,   -0.000000
  129    -0.000000,    0.000028,   -0.000000,    0.000000,    0.000035
  130     0.000013,    0.000000,   -0.000027,   -0.000041,   -0.000000
  131     0.000000,   -0.000016,    0.000000,   -0.000000,   -0.000050
  132     0.000036,   -0.000000,   -0.000064,   -0.000039,    0.000000
  133    -0.000000,    0.000017,    0.000000,    0.000000,    0.000048
  134    -0.000045,    0.000000,    0.000061,   -0.000064,    0.000000
  135     0.002796,    0.003742,    0.000659,   -0.000777,   -0.002370
  136     0.003338,    0.004583,    0.000789,   -0.000867,   -0.002887
  137     0.000963,    0.001738,    0.000407,   -0.000403,   -0.000756
  138     0.000048,    0.000224,    0.000092,    0.000039,   -0.000170
  139    -0.000016,   -0.000132,    0.000146,    0.000042,    0.000082
  140     0.000283,    0.000208,    0.000056,   -0.000074,   -0.000134
  141    -0.000064,    0.000214,    0.000116,    0.000139,   -0.000197
  142     0.000064,   -0.000127,    0.000303,    0.000025,    0.000096
  143     0.000301,    0.000047,    0.000029,   -0.000015,   -0.000080
  144     0.000017,   -0.000031,    0.000029,    0.000001,    0.000020
  145    -0.000001,   -0.000021,    0.000058,    0.000015,    0.000010
  146     0.000067,   -0.000014,    0.000010,   -0.000023,    0.000018
  147     0.000010,    0.000038,    0.000031,    0.000024,   -0.000033
  148    -0.000011,    0.000014,    0.000044,    0.000023,   -0.000019
  149    -0.002688,    0.000000,   -0.004935,    0.000411,   -0.000000
  150    -0.003244,    0.000000,   -0.006162,    0.000374,   -0.000000
  151    -0.001051,    0.000000,   -0.001880,    0.000435,   -0.000000
  152    -0.000125,    0.000000,    0.000097,    0.000054,   -0.000000
  153    -0.000242,   -0.000000,   -0.000427,    0.000026,   -0.000000
  154    -0.000000,   -0.000148,    0.000000,   -0.000000,    0.000105
  155    -0.000278,    0.000000,    0.000096,    0.000150,   -0.000000
  156    -0.000168,   -0.000000,   -0.000381,   -0.000033,    0.000000
  157    -0.000000,   -0.000270,    0.000000,   -0.000000,    0.000218
  158    -0.000073,    0.000000,    0.000041,    0.000029,   -0.000000
  159    -0.000000,   -0.000064,    0.000000,   -0.000000,    0.000052
  160     0.000014,    0.000000,    0.000030,   -0.000004,   -0.000000
  161     0.000000,    0.000008,   -0.000000,   -0.000000,    0.000001
  162     0.000030,    0.000000,    0.000045,   -0.000010,   -0.000000
  163     0.002793,   -0.003742,    0.000660,   -0.000778,    0.002370
  164     0.003335,   -0.004583,    0.000790,   -0.000868,    0.002887
  165     0.000962,   -0.001738,    0.000407,   -0.000404,    0.000756
  166     0.000048,   -0.000224,    0.000092,    0.000039,    0.000170
  167    -0.000016,    0.000132,    0.000146,    0.000042,   -0.000082
  168    -0.000283,    0.000208,   -0.000056,    0.000075,   -0.000134
  169    -0.000064,   -0.000215,    0.000116,    0.000139,    0.000197
  170     0.000064,    0.000127,    0.000303,    0.000025,   -0.000096
  171    -0.000301,    0.000047,   -0.000029,    0.000015,   -0.000080
  172     0.000017,    0.000031,    0.000029,    0.000001,   -0.000020
  173     0.000001,   -0.000021,   -0.000058,   -0.000015,    0.000010
  174     0.000067,    0.000014,    0.000010,   -0.000023,   -0.000018
  175    -0.000010,    0.000038,   -0.000031,   -0.000024,   -0.000033
  176    -0.000011,   -0.000014,    0.000044,    0.000023,    0.000019
               125,         126,         127,         128,         129
    0    -0.001146,   -0.000001,   -0.004176,    0.000413,   -0.000000
    1    -0.002066,   -0.000001,   -0.006032,    0.000757,   -0.000000
    2     0.002890,    0.000000,    0.002765,   -0.001067,    0.000000
    3     0.001228,    0.000001,    0.000200,   -0.000604,    0.000000
    4     0.000824,    0.000000,    0.000150,   -0.000236,    0.000000
    5    -0.005230,    0.000001,   -0.008473,    0.001820,    0.000000
    6     0.002612,    0.000000,    0.001172,    0.000128,   -0.000000
    7     0.000002,    0.018371,    0.000000,   -0.000000,    0.001658
    8    -0.002182,    0.000001,   -0.004899,    0.000806,    0.000000
    9     0.000815,    0.000000,    0.000683,    0.000293,   -0.000000
   10     0.000001,    0.013851,    0.000000,   -0.000000,    0.001244
   11    -0.000704,    0.000000,   -0.000803,    0.000284,    0.000000
   12     0.000509,   -0.000000,    0.000169,    0.000021,   -0.000000
   13     0.000000,    0.004739,   -0.000000,   -0.000000,    0.000402
   14    -0.000328,    0.000000,   -0.000266,    0.000110,    0.000000
   15     0.000000,    0.000446,   -0.000000,   -0.000000,    0.000043
   16    -0.000113,   -0.000000,   -0.000145,    0.000042,   -0.000000
   17    -0.000000,   -0.000744,    0.000000,   -0.000000,   -0.000075
   18     0.000083,    0.000000,    0.000480,    0.000019,   -0.000000
   19    -0.000043,    0.000000,   -0.000137,    0.000026,    0.000000
   20     0.000000,    0.000581,   -0.000000,   -0.000000,    0.000058
   21    -0.000042,   -0.000000,    0.000146,    0.000044,   -0.000000
   22    -0.000000,   -0.001025,    0.000000,   -0.000000,   -0.000106
   23    -0.000330,   -0.000000,    0.000776,    0.000143,   -0.000000
   24     0.000103,    0.000000,    0.000056,   -0.000030,    0.000000
   25    -0.000000,   -0.000257,   -0.000000,    0.000000,   -0.000024
   26    -0.000029,    0.000000,   -0.000018,   -0.000003,    0.000000
   27    -0.000000,   -0.000442,   -0.000000,   -0.000000,   -0.000042
   28     0.000050,   -0.000000,    0.000145,   -0.000016,   -0.000000
   29     0.000000,    0.000144,   -0.000000,   -0.000000,    0.000016
   30     0.000047,    0.000000,   -0.000184,   -0.000012,    0.000000
   31    -0.000511,   -0.000001,   -0.000536,   -0.000317,   -0.000000
   32    -0.001271,   -0.000001,   -0.000225,   -0.000204,   -0.000000
   33    -0.000192,   -0.000000,   -0.000709,   -0.000145,   -0.000000
   34    -0.000050,    0.000000,   -0.000132,    0.000020,    0.000000
   35    -0.000049,   -0.000000,   -0.000003,   -0.000025,   -0.000000
   36     0.000000,    0.000282,   -0.000000,   -0.000000,    0.000025
   37    -0.000029,    0.000000,   -0.000192,    0.000041,    0.000000
   38    -0.000248,   -0.000000,    0.000284,    0.000038,   -0.000000
   39     0.000000,    0.000682,    0.000000,    0.000000,    0.000063
   40    -0.000020,    0.000000,   -0.000089,    0.000010,    0.000000
   41     0.000000,    0.000129,    0.000000,   -0.000000,    0.000012
   42     0.000012,    0.000000,   -0.000016,    0.000000,    0.000000
   43    -0.000000,   -0.000029,   -0.000000,    0.000000,   -0.000003
   44     0.000007,    0.000000,   -0.000025,    0.000001,    0.000000
   45    -0.000954,    0.000000,   -0.001825,    0.000535,   -0.000000
   46    -0.001459,    0.000000,   -0.001758,    0.000810,   -0.000000
   47    -0.000662,    0.000000,   -0.000482,    0.000276,    0.000000
   48     0.000044,    0.000000,    0.000133,   -0.000036,    0.000000
   49     0.000092,   -0.000000,    0.000096,   -0.000028,   -0.000000
   50     0.000000,    0.000285,   -0.000000,    0.000000,    0.000025
   51     0.000074,    0.000000,   -0.000016,   -0.000060,    0.000000
   52     0.000114,   -0.000000,    0.000085,   -0.000033,   -0.000000
   53     0.000000,    0.000709,   -0.000000,    0.000000,    0.000062
   54    -0.000030,   -0.000000,   -0.000002,    0.000008,   -0.000000
   55    -0.000000,   -0.000037,   -0.000000,   -0.000000,   -0.000003
   56     0.000006,    0.000000,    0.000002,   -0.000002,    0.000000
   57    -0.000000,   -0.000131,   -0.000000,   -0.000000,   -0.000011
   58     0.000022,   -0.000000,   -0.000009,   -0.000000,   -0.000000
   59     0.000073,   -0.000000,   -0.001100,   -0.000843,   -0.000000
   60     0.000736,   -0.000001,   -0.002218,   -0.001359,   -0.000000
   61    -0.002903,    0.000000,    0.003580,    0.001120,   -0.000000
   62    -0.002433,    0.000000,    0.002493,    0.000816,    0.000000
   63    -0.001002,   -0.000000,    0.000059,    0.000238,   -0.000000
   64     0.007872,   -0.000000,    0.000675,   -0.003046,   -0.000000
   65    -0.002422,    0.000001,   -0.012458,    0.000086,    0.000000
   66     0.000001,    0.016708,    0.000000,   -0.000000,    0.001808
   67     0.005038,   -0.000000,   -0.000287,   -0.001917,    0.000000
   68    -0.001589,    0.000000,   -0.007672,   -0.000015,    0.000000
   69     0.000001,    0.012568,    0.000000,   -0.000000,    0.001361
   70     0.000312,    0.000000,   -0.000201,   -0.000121,   -0.000000
   71    -0.000447,    0.000000,   -0.001564,    0.000007,    0.000000
   72     0.000000,    0.004235,   -0.000000,   -0.000000,    0.000416
   73    -0.000594,    0.000000,   -0.000393,    0.000188,    0.000000
   74     0.000000,   -0.000427,    0.000000,    0.000000,   -0.000051
   75     0.000047,    0.000000,   -0.000228,   -0.000029,    0.000000
   76     0.000000,    0.000873,    0.000000,   -0.000000,    0.000054
   77     0.000243,    0.000000,    0.000505,    0.000046,   -0.000000
   78    -0.001027,   -0.000000,   -0.000255,    0.000289,   -0.000000
   79     0.000000,   -0.000593,    0.000000,    0.000000,   -0.000075
   80     0.000086,    0.000000,   -0.000326,   -0.000030,    0.000000
   81     0.000000,    0.001341,    0.000000,   -0.000000,    0.000068
   82     0.000335,   -0.000000,    0.000526,    0.000156,   -0.000000
   83     0.000040,    0.000000,   -0.000185,   -0.000010,    0.000000
   84    -0.000000,   -0.000274,   -0.000000,    0.000000,   -0.000018
   85     0.000007,   -0.000000,    0.000193,    0.000003,   -0.000000
   86    -0.000000,   -0.000412,   -0.000000,    0.000000,   -0.000051
   87    -0.000163,    0.000000,    0.000008,    0.000062,    0.000000
   88    -0.000000,    0.000134,   -0.000000,   -0.000000,    0.000021
   89    -0.000049,    0.000000,   -0.000168,   -0.000012,    0.000000
   90    -0.001784,   -0.000000,   -0.004523,    0.000178,    0.000000
   91    -0.002006,   -0.000000,   -0.005884,    0.000245,    0.000000
   92    -0.000639,   -0.000000,   -0.002073,   -0.000070,    0.000000
   93     0.000081,   -0.000000,   -0.000017,   -0.000036,   -0.000000
   94     0.000162,    0.000000,    0.000406,   -0.000026,    0.000000
   95    -0.000000,    0.000256,   -0.000000,    0.000000,    0.000027
   96     0.000242,   -0.000000,   -0.000052,   -0.000096,   -0.000000
   97     0.000107,    0.000000,    0.000417,   -0.000072,    0.000000
   98     0.000000,    0.000617,   -0.000000,    0.000000,    0.000067
   99    -0.000050,    0.000000,    0.000023,    0.000024,    0.000000
  100    -0.000000,   -0.000122,    0.000000,   -0.000000,   -0.000013
  101     0.000011,    0.000000,    0.000023,   -0.000004,    0.000000
  102     0.000000,    0.000026,   -0.000000,   -0.000000,    0.000001
  103     0.000014,    0.000000,    0.000056,   -0.000004,    0.000000
  104     0.003981,    0.000000,   -0.001110,    0.000611,   -0.000000
  105     0.005956,    0.000001,   -0.001970,    0.000037,   -0.000000
  106    -0.003270,   -0.000001,    0.002429,    0.003649,   -0.000000
  107    -0.002246,   -0.000001,    0.001578,    0.002692,   -0.000000
  108    -0.000288,    0.000000,   -0.000565,    0.000430,   -0.000000
  109    -0.008362,    0.000001,    0.002128,    0.001679,    0.000000
  110     0.005216,   -0.000000,    0.007212,    0.000763,   -0.000000
  111    -0.000004,   -0.006671,   -0.000000,    0.000000,    0.000660
  112    -0.005544,    0.000001,    0.000974,    0.001087,    0.000000
  113     0.003730,   -0.000000,    0.004841,    0.000410,   -0.000000
  114    -0.000003,   -0.004722,   -0.000000,    0.000000,    0.000423
  115    -0.001466,    0.000000,   -0.000011,    0.000293,    0.000000
  116     0.001099,   -0.000000,    0.001366,    0.000110,   -0.000000
  117    -0.000001,   -0.001557,   -0.000000,    0.000000,    0.000088
  118    -0.000297,    0.000000,   -0.000006,    0.000089,    0.000000
  119    -0.000000,   -0.000058,    0.000000,   -0.000000,    0.000023
  120     0.000390,    0.000000,    0.000059,   -0.000058,   -0.000000
  121     0.000000,    0.000672,   -0.000000,   -0.000000,    0.000028
  122     0.000110,   -0.000000,    0.000501,    0.000046,   -0.000000
  123    -0.000373,    0.000000,   -0.000219,    0.000107,    0.000000
  124     0.000000,    0.000056,    0.000000,   -0.000000,    0.000035
  125     0.000502,    0.000000,    0.000207,   -0.000100,   -0.000000
  126     0.000000,    0.001355,   -0.000000,   -0.000000,    0.000110
  127     0.000207,   -0.000000,    0.000694,    0.000003,   -0.000000
  128    -0.000100,   -0.000000,    0.000003,    0.000069,   -0.000000
  129    -0.000000,    0.000110,   -0.000000,   -0.000000,    0.000014
  130     0.000020,   -0.000000,    0.000009,    0.000007,   -0.000000
  131     0.000000,   -0.000115,   -0.000000,   -0.000000,   -0.000017
  132     0.000048,    0.000000,   -0.000076,   -0.000053,    0.000000
  133    -0.000000,    0.000114,    0.000000,   -0.000000,    0.000016
  134    -0.000005,   -0.000000,    0.000126,    0.000001,   -0.000000
  135     0.001939,    0.003017,    0.001040,    0.000369,   -0.000162
  136     0.002291,    0.003722,    0.001127,    0.000302,   -0.000193
  137     0.000825,    0.001982,    0.000537,   -0.000010,    0.000024
  138    -0.000003,    0.000133,    0.000076,    0.000046,   -0.000018
  139     0.000010,   -0.000108,    0.000073,    0.000001,    0.000005
  140     0.000192,    0.000163,    0.000090,    0.000028,   -0.000010
  141    -0.000147,    0.000069,    0.000066,    0.000071,   -0.000027
  142     0.000115,   -0.000077,    0.000183,    0.000005,    0.000010
  143     0.000143,   -0.000046,    0.000052,    0.000032,   -0.000016
  144     0.000023,   -0.000024,    0.000013,   -0.000001,    0.000001
  145     0.000009,   -0.000024,    0.000030,    0.000004,   -0.000000
  146     0.000050,    0.000004,    0.000018,   -0.000003,    0.000003
  147    -0.000013,    0.000016,    0.000023,    0.000013,   -0.000004
  148    -0.000015,   -0.000006,    0.000027,    0.000010,   -0.000004
  149    -0.003260,   -0.000000,   -0.002978,    0.000403,   -0.000000
  150    -0.003782,   -0.000000,   -0.003627,    0.000236,   -0.000000
  151    -0.001284,   -0.000000,   -0.001431,    0.000043,    0.000000
  152    -0.000097,    0.000000,    0.000073,    0.000020,    0.000000
  153    -0.000306,   -0.000000,   -0.000223,    0.000046,   -0.000000
  154    -0.000000,   -0.000099,    0.000000,   -0.000000,    0.000010
  155    -0.000247,    0.000000,    0.000059,    0.000038,    0.000000
  156    -0.000228,   -0.000000,   -0.000083,    0.000017,    0.000000
  157    -0.000000,   -0.000138,    0.000000,    0.000000,    0.000025
  158    -0.000059,    0.000000,    0.000033,    0.000012,    0.000000
  159    -0.000000,   -0.000031,    0.000000,    0.000000,    0.000006
  160     0.000024,    0.000000,    0.000009,   -0.000002,   -0.000000
  161     0.000000,    0.000016,   -0.000000,   -0.000000,    0.000001
  162     0.000049,    0.000000,    0.000017,   -0.000008,   -0.000000
  163     0.001937,   -0.003017,    0.001040,    0.000369,    0.000161
  164     0.002289,   -0.003722,    0.001127,    0.000302,    0.000193
  165     0.000824,   -0.001982,    0.000537,   -0.000010,   -0.000024
  166    -0.000003,   -0.000133,    0.000076,    0.000046,    0.000018
  167     0.000010,    0.000108,    0.000073,    0.000001,   -0.000005
  168    -0.000192,    0.000163,   -0.000090,   -0.000028,   -0.000010
  169    -0.000147,   -0.000069,    0.000066,    0.000071,    0.000027
  170     0.000115,    0.000077,    0.000183,    0.000005,   -0.000010
  171    -0.000143,   -0.000046,   -0.000052,   -0.000032,   -0.000016
  172     0.000023,    0.000024,    0.000013,   -0.000001,   -0.000001
  173    -0.000009,   -0.000024,   -0.000030,   -0.000004,   -0.000000
  174     0.000050,   -0.000004,    0.000018,   -0.000003,   -0.000003
  175     0.000013,    0.000016,   -0.000023,   -0.000013,   -0.000004
  176    -0.000015,    0.000006,    0.000027,    0.000010,    0.000004
               130,         131,         132,         133,         134
    0     0.000029,    0.000000,    0.000177,   -0.000000,   -0.000263
    1     0.000000,    0.000000,    0.000217,   -0.000000,   -0.000433
    2     0.000194,   -0.000000,    0.000091,    0.000000,    0.000471
    3     0.000132,   -0.000000,    0.000128,    0.000000,    0.000036
    4     0.000053,   -0.000000,    0.000083,    0.000000,    0.000014
    5    -0.000384,   -0.000000,   -0.000121,   -0.000000,   -0.001521
    6     0.000148,   -0.000000,    0.000036,   -0.000000,    0.000049
    7    -0.000000,   -0.001817,    0.000000,    0.001786,   -0.000000
    8    -0.000127,   -0.000000,    0.000069,   -0.000000,   -0.000939
    9     0.000064,   -0.000000,   -0.000120,   -0.000000,    0.000151
   10    -0.000000,   -0.001361,    0.000000,    0.001338,   -0.000000
   11    -0.000070,    0.000000,   -0.000061,   -0.000000,   -0.000149
   12     0.000026,    0.000000,    0.000018,   -0.000000,    0.000014
   13    -0.000000,   -0.000430,    0.000000,    0.000424,   -0.000000
   14    -0.000013,   -0.000000,   -0.000039,   -0.000000,   -0.000016
   15    -0.000000,   -0.000049,    0.000000,    0.000048,   -0.000000
   16    -0.000008,    0.000000,   -0.000001,   -0.000000,   -0.000026
   17     0.000000,    0.000085,   -0.000000,   -0.000084,    0.000000
   18     0.000015,   -0.000000,   -0.000060,   -0.000000,    0.000123
   19     0.000026,   -0.000000,   -0.000007,    0.000000,   -0.000001
   20    -0.000000,   -0.000067,    0.000000,    0.000065,   -0.000000
   21    -0.000013,    0.000000,   -0.000029,   -0.000000,    0.000027
   22     0.000000,    0.000122,   -0.000000,   -0.000119,    0.000000
   23    -0.000012,    0.000000,   -0.000173,   -0.000000,    0.000242
   24     0.000006,   -0.000000,    0.000009,    0.000000,    0.000008
   25     0.000000,    0.000027,   -0.000000,   -0.000026,    0.000000
   26     0.000001,   -0.000000,    0.000001,    0.000000,    0.000001
   27     0.000000,    0.000047,    0.000000,   -0.000046,    0.000000
   28     0.000003,    0.000000,   -0.000007,    0.000000,    0.000028
   29    -0.000000,   -0.000019,    0.000000,    0.000019,   -0.000000
   30    -0.000006,    0.000000,    0.000032,   -0.000000,   -0.000062
   31    -0.000032,    0.000000,    0.000095,    0.000000,   -0.000099
   32    -0.000089,    0.000000,   -0.000039,   -0.000000,    0.000041
   33    -0.000020,    0.000000,    0.000122,   -0.000000,   -0.000178
   34    -0.000006,   -0.000000,    0.000004,    0.000000,   -0.000029
   35    -0.000004,    0.000000,    0.000001,   -0.000000,    0.000001
   36    -0.000000,   -0.000027,    0.000000,    0.000027,   -0.000000
   37    -0.000016,   -0.000000,    0.000006,    0.000000,   -0.000063
   38    -0.000018,    0.000000,   -0.000070,   -0.000000,    0.000093
   39    -0.000000,   -0.000070,   -0.000000,    0.000069,    0.000000
   40    -0.000004,   -0.000000,    0.000005,    0.000000,   -0.000024
   41    -0.000000,   -0.000013,   -0.000000,    0.000013,   -0.000000
   42     0.000000,   -0.000000,    0.000003,    0.000000,   -0.000005
   43    -0.000000,    0.000003,    0.000000,   -0.000003,   -0.000000
   44     0.000002,   -0.000000,    0.000003,    0.000000,   -0.000004
   45    -0.000065,   -0.000000,   -0.000113,   -0.000000,   -0.000304
   46    -0.000150,   -0.000000,   -0.000247,   -0.000000,   -0.000284
   47    -0.000025,   -0.000000,   -0.000108,   -0.000000,   -0.000018
   48     0.000005,   -0.000000,    0.000006,    0.000000,    0.000028
   49     0.000006,    0.000000,    0.000010,    0.000000,    0.000013
   50    -0.000000,   -0.000027,   -0.000000,    0.000026,   -0.000000
   51     0.000027,   -0.000000,    0.000027,    0.000000,    0.000010
   52     0.000015,   -0.000000,    0.000012,    0.000000,    0.000019
   53    -0.000000,   -0.000068,   -0.000000,    0.000067,   -0.000000
   54    -0.000002,    0.000000,   -0.000006,   -0.000000,    0.000001
   55     0.000000,    0.000003,    0.000000,   -0.000003,   -0.000000
   56     0.000001,   -0.000000,    0.000001,    0.000000,    0.000002
   57     0.000000,    0.000012,    0.000000,   -0.000012,    0.000000
   58    -0.000001,    0.000000,    0.000003,   -0.000000,   -0.000008
   59     0.000546,   -0.000000,    0.000594,   -0.000000,   -0.000296
   60     0.000837,   -0.000000,    0.001031,   -0.000000,   -0.000362
   61    -0.000551,   -0.000000,   -0.001119,    0.000000,   -0.000170
   62    -0.000536,   -0.000000,   -0.000765,    0.000000,   -0.000154
   63    -0.000224,    0.000000,   -0.000084,   -0.000000,   -0.000196
   64     0.000596,    0.000000,    0.001775,   -0.000000,   -0.000110
   65    -0.000596,    0.000000,    0.001424,   -0.000000,   -0.003473
   66    -0.000000,   -0.002110,    0.000000,    0.002063,   -0.000000
   67     0.000450,    0.000000,    0.001163,   -0.000000,   -0.000250
   68    -0.000306,    0.000000,    0.000867,   -0.000000,   -0.002064
   69    -0.000000,   -0.001588,    0.000000,    0.001553,   -0.000000
   70     0.000074,   -0.000000,    0.000068,   -0.000000,   -0.000025
   71    -0.000045,   -0.000000,    0.000143,    0.000000,   -0.000401
   72    -0.000000,   -0.000470,    0.000000,    0.000461,   -0.000000
   73    -0.000024,   -0.000000,   -0.000077,   -0.000000,   -0.000035
   74     0.000000,    0.000061,   -0.000000,   -0.000059,    0.000000
   75     0.000006,    0.000000,    0.000050,   -0.000000,   -0.000023
   76     0.000000,   -0.000049,   -0.000000,    0.000049,   -0.000000
   77     0.000014,   -0.000000,   -0.000075,    0.000000,    0.000081
   78    -0.000047,    0.000000,   -0.000154,   -0.000000,    0.000073
   79     0.000000,    0.000091,   -0.000000,   -0.000089,    0.000000
   80     0.000001,    0.000000,    0.000068,   -0.000000,   -0.000062
   81     0.000000,   -0.000051,   -0.000000,    0.000052,   -0.000000
   82    -0.000057,   -0.000000,   -0.000099,   -0.000000,   -0.000026
   83     0.000003,   -0.000000,    0.000028,   -0.000000,   -0.000037
   84    -0.000000,    0.000016,    0.000000,   -0.000016,    0.000000
   85     0.000006,    0.000000,   -0.000025,   -0.000000,    0.000055
   86     0.000000,    0.000062,   -0.000000,   -0.000061,    0.000000
   87    -0.000015,   -0.000000,   -0.000037,    0.000000,    0.000006
   88    -0.000000,   -0.000027,    0.000000,    0.000026,   -0.000000
   89     0.000011,    0.000000,    0.000022,   -0.000000,   -0.000008
   90    -0.000342,    0.000000,    0.000394,   -0.000000,   -0.001411
   91    -0.000460,    0.000000,    0.000549,   -0.000000,   -0.001848
   92    -0.000070,    0.000000,    0.000245,   -0.000000,   -0.000500
   93     0.000011,    0.000000,    0.000023,   -0.000000,    0.000002
   94     0.000037,   -0.000000,   -0.000031,    0.000000,    0.000135
   95    -0.000000,   -0.000032,    0.000000,    0.000031,   -0.000000
   96     0.000026,    0.000000,    0.000061,   -0.000000,   -0.000013
   97     0.000068,   -0.000000,   -0.000027,    0.000000,    0.000182
   98    -0.000000,   -0.000078,    0.000000,    0.000076,   -0.000000
   99    -0.000008,   -0.000000,   -0.000016,    0.000000,    0.000001
  100     0.000000,    0.000015,   -0.000000,   -0.000015,    0.000000
  101     0.000003,   -0.000000,   -0.000000,    0.000000,    0.000009
  102     0.000000,   -0.000001,    0.000000,    0.000001,   -0.000000
  103     0.000007,   -0.000000,   -0.000005,    0.000000,    0.000020
  104     0.001270,   -0.000001,   -0.000925,   -0.000000,   -0.000190
  105     0.001406,   -0.000001,   -0.000468,   -0.000000,   -0.000390
  106     0.001293,   -0.000001,   -0.003579,   -0.000000,    0.000682
  107     0.001060,   -0.000001,   -0.002655,   -0.000000,    0.000480
  108     0.000272,   -0.000000,   -0.000389,   -0.000000,    0.000001
  109    -0.000683,    0.000000,   -0.001116,   -0.000000,    0.001480
  110    -0.000803,   -0.000000,   -0.000678,    0.000000,   -0.000485
  111    -0.000000,   -0.001261,    0.000000,    0.001194,    0.000000
  112    -0.000396,    0.000000,   -0.000705,   -0.000000,    0.000902
  113    -0.000476,   -0.000000,   -0.000422,    0.000000,   -0.000309
  114    -0.000000,   -0.000826,    0.000000,    0.000781,    0.000000
  115    -0.000078,    0.000000,   -0.000172,   -0.000000,    0.000222
  116    -0.000112,   -0.000000,   -0.000121,    0.000000,   -0.000058
  117    -0.000000,   -0.000194,    0.000000,    0.000183,    0.000000
  118    -0.000041,    0.000000,   -0.000044,   -0.000000,   -0.000005
  119    -0.000000,   -0.000037,    0.000000,    0.000035,   -0.000000
  120     0.000013,    0.000000,    0.000036,   -0.000000,   -0.000045
  121     0.000000,   -0.000016,   -0.000000,    0.000017,    0.000000
  122    -0.000027,    0.000000,   -0.000064,    0.000000,    0.000061
  123    -0.000041,   -0.000000,   -0.000039,    0.000000,   -0.000064
  124    -0.000000,   -0.000050,    0.000000,    0.000048,    0.000000
  125     0.000020,    0.000000,    0.000048,   -0.000000,   -0.000005
  126    -0.000000,   -0.000115,    0.000000,    0.000114,   -0.000000
  127     0.000009,   -0.000000,   -0.000076,    0.000000,    0.000126
  128     0.000007,   -0.000000,   -0.000053,   -0.000000,    0.000001
  129    -0.000000,   -0.000017,    0.000000,    0.000016,   -0.000000
  130     0.000016,   -0.000000,   -0.000014,   -0.000000,    0.000008
  131    -0.000000,    0.000021,    0.000000,   -0.000021,   -0.000000
  132    -0.000014,    0.000000,    0.000054,    0.000000,   -0.000018
  133    -0.000000,   -0.000021,    0.000000,    0.000020,   -0.000000
  134     0.000008,   -0.000000,   -0.000018,   -0.000000,    0.000043
  135     0.000287,    0.000361,   -0.000493,   -0.000340,   -0.000221
  136     0.000249,    0.000437,   -0.000429,   -0.000411,   -0.000304
  137     0.000043,    0.000039,   -0.000059,   -0.000033,   -0.000050
  138     0.000004,    0.000032,   -0.000042,   -0.000031,    0.000001
  139    -0.000020,   -0.000012,    0.000004,    0.000012,    0.000001
  140     0.000024,    0.000021,   -0.000039,   -0.000020,   -0.000026
  141    -0.000012,    0.000044,   -0.000052,   -0.000042,    0.000011
  142    -0.000027,   -0.000018,   -0.000004,    0.000017,   -0.000003
  143     0.000011,    0.000023,   -0.000032,   -0.000022,   -0.000041
  144    -0.000003,   -0.000003,    0.000001,    0.000003,   -0.000004
  145    -0.000006,   -0.000001,   -0.000002,    0.000001,   -0.000000
  146     0.000002,   -0.000005,   -0.000000,    0.000004,   -0.000007
  147    -0.000003,    0.000007,   -0.000010,   -0.000007,   -0.000001
  148    -0.000004,    0.000005,   -0.000007,   -0.000005,    0.000003
  149     0.000536,   -0.000000,   -0.000361,   -0.000000,    0.000273
  150     0.000586,   -0.000000,   -0.000235,   -0.000000,    0.000320
  151     0.000104,   -0.000000,    0.000020,   -0.000000,   -0.000008
  152    -0.000011,    0.000000,   -0.000017,   -0.000000,    0.000029
  153     0.000052,   -0.000000,   -0.000046,   -0.000000,    0.000037
  154    -0.000000,   -0.000019,    0.000000,    0.000018,   -0.000000
  155    -0.000016,    0.000000,   -0.000030,    0.000000,    0.000050
  156     0.000049,   -0.000000,   -0.000040,    0.000000,    0.000054
  157    -0.000000,   -0.000044,    0.000000,    0.000042,   -0.000000
  158    -0.000004,    0.000000,   -0.000010,   -0.000000,    0.000017
  159    -0.000000,   -0.000011,    0.000000,    0.000010,   -0.000000
  160    -0.000003,    0.000000,    0.000003,   -0.000000,   -0.000003
  161     0.000000,   -0.000001,    0.000000,    0.000001,   -0.000000
  162    -0.000004,    0.000000,    0.000007,   -0.000000,   -0.000006
  163     0.000287,   -0.000362,   -0.000493,    0.000340,   -0.000221
  164     0.000248,   -0.000437,   -0.000428,    0.000411,   -0.000304
  165     0.000043,   -0.000039,   -0.000059,    0.000033,   -0.000050
  166     0.000004,   -0.000032,   -0.000042,    0.000031,    0.000001
  167    -0.000020,    0.000012,    0.000004,   -0.000012,    0.000001
  168    -0.000024,    0.000021,    0.000039,   -0.000020,    0.000026
  169    -0.000012,   -0.000044,   -0.000052,    0.000042,    0.000011
  170    -0.000027,    0.000018,   -0.000004,   -0.000017,   -0.000003
  171    -0.000011,    0.000023,    0.000032,   -0.000022,    0.000041
  172    -0.000003,    0.000003,    0.000001,   -0.000003,   -0.000004
  173     0.000006,   -0.000001,    0.000002,    0.000001,    0.000000
  174     0.000002,    0.000005,   -0.000000,   -0.000004,   -0.000007
  175     0.000003,    0.000007,    0.000010,   -0.000007,    0.000001
  176    -0.000004,   -0.000005,   -0.000007,    0.000005,    0.000003
               135,         136,         137,         138,         139
    0    -0.001505,   -0.001621,   -0.001721,    0.000038,   -0.000005
    1    -0.003401,   -0.003885,   -0.003081,    0.000080,    0.000004
    2     0.007405,    0.009093,    0.004231,   -0.000143,   -0.000040
    3     0.005796,    0.007226,    0.002242,   -0.000049,   -0.000129
    4     0.004082,    0.004943,    0.001544,    0.000001,   -0.000062
    5    -0.008651,   -0.009664,   -0.007397,    0.000621,    0.000313
    6     0.002307,    0.001790,    0.001272,    0.000165,   -0.000124
    7     0.027164,    0.033712,    0.022260,    0.000837,   -0.000985
    8    -0.002219,   -0.002451,   -0.003227,    0.000253,    0.000021
    9    -0.002239,   -0.003352,   -0.000661,    0.000137,   -0.000005
   10     0.020976,    0.026021,    0.016949,    0.000666,   -0.000760
   11    -0.002097,   -0.002421,   -0.001146,    0.000109,    0.000138
   12     0.000709,    0.000704,    0.000325,    0.000043,    0.000013
   13     0.009120,    0.011272,    0.006452,    0.000365,   -0.000327
   14    -0.000711,   -0.000866,   -0.000455,    0.000046,    0.000036
   15     0.000417,    0.000522,    0.000459,    0.000003,   -0.000015
   16    -0.000100,   -0.000118,   -0.000124,    0.000013,    0.000005
   17    -0.000456,   -0.000580,   -0.000685,    0.000011,    0.000017
   18    -0.000496,   -0.000719,   -0.000031,    0.000026,    0.000043
   19     0.000597,    0.000615,    0.000030,    0.000032,   -0.000015
   20     0.000356,    0.000452,    0.000535,   -0.000009,   -0.000014
   21    -0.000126,   -0.000159,   -0.000014,    0.000033,    0.000048
   22    -0.000399,   -0.000519,   -0.000867,    0.000032,    0.000016
   23    -0.002341,   -0.002945,   -0.000651,    0.000080,    0.000131
   24     0.000246,    0.000291,    0.000134,   -0.000010,   -0.000007
   25    -0.000312,   -0.000388,   -0.000289,   -0.000007,    0.000011
   26    -0.000011,   -0.000007,   -0.000015,   -0.000003,   -0.000000
   27    -0.000472,   -0.000589,   -0.000475,   -0.000007,    0.000017
   28     0.000018,    0.000011,    0.000071,   -0.000004,    0.000001
   29    -0.000060,   -0.000069,    0.000083,   -0.000013,    0.000002
   30     0.000425,    0.000555,    0.000107,   -0.000007,   -0.000017
   31     0.001092,    0.001883,    0.000352,   -0.000155,   -0.000058
   32    -0.002368,   -0.002164,   -0.000772,   -0.000164,    0.000028
   33     0.000369,    0.000733,    0.000018,   -0.000125,   -0.000098
   34    -0.000041,   -0.000033,   -0.000072,    0.000006,    0.000002
   35     0.000070,    0.000133,    0.000032,   -0.000008,    0.000003
   36     0.000442,    0.000547,    0.000350,    0.000015,   -0.000016
   37     0.000530,    0.000678,    0.000090,    0.000040,    0.000028
   38    -0.001309,   -0.001545,   -0.000374,    0.000011,    0.000056
   39     0.000878,    0.001092,    0.000783,    0.000022,   -0.000032
   40     0.000084,    0.000114,   -0.000008,    0.000006,    0.000000
   41     0.000152,    0.000190,    0.000144,    0.000003,   -0.000006
   42     0.000076,    0.000091,    0.000022,    0.000001,   -0.000001
   43    -0.000018,   -0.000023,   -0.000027,    0.000000,    0.000001
   44     0.000008,    0.000002,   -0.000007,   -0.000002,   -0.000006
   45    -0.002364,   -0.002845,   -0.001914,    0.000271,    0.000154
   46    -0.004669,   -0.005528,   -0.002779,    0.000413,    0.000351
   47    -0.002756,   -0.003393,   -0.001352,    0.000099,    0.000081
   48     0.000070,    0.000082,    0.000103,   -0.000021,   -0.000008
   49     0.000193,    0.000221,    0.000129,   -0.000013,   -0.000012
   50     0.000499,    0.000618,    0.000371,    0.000018,   -0.000018
   51     0.000401,    0.000425,    0.000137,   -0.000039,   -0.000048
   52     0.000185,    0.000178,    0.000112,   -0.000020,   -0.000029
   53     0.001187,    0.001471,    0.000906,    0.000042,   -0.000043
   54    -0.000076,   -0.000090,   -0.000037,    0.000005,    0.000006
   55    -0.000101,   -0.000124,   -0.000060,   -0.000005,    0.000004
   56     0.000024,    0.000026,    0.000010,   -0.000001,   -0.000001
   57    -0.000238,   -0.000294,   -0.000173,   -0.000009,    0.000009
   58     0.000071,    0.000090,    0.000026,    0.000002,   -0.000001
   59     0.003139,    0.003154,    0.000179,   -0.000221,   -0.000310
   60     0.006924,    0.007581,    0.000959,   -0.000398,   -0.000655
   61    -0.013101,   -0.016035,   -0.003313,    0.000478,    0.001171
   62    -0.017212,   -0.020472,   -0.004373,    0.000062,    0.001092
   63    -0.004989,   -0.005359,   -0.001368,    0.000061,    0.000370
   64     0.015692,    0.019751,    0.008434,   -0.001598,   -0.001765
   65     0.002255,    0.005822,   -0.002374,   -0.000656,   -0.000755
   66    -0.000337,    0.000134,    0.011830,   -0.001003,   -0.000025
   67     0.013538,    0.016494,    0.005946,   -0.000978,   -0.001339
   68     0.000124,    0.001860,   -0.001941,   -0.000513,   -0.000592
   69    -0.000302,    0.000041,    0.008882,   -0.000758,   -0.000017
   70     0.001814,    0.001996,    0.000468,   -0.000068,   -0.000221
   71    -0.000145,    0.000059,   -0.000555,   -0.000120,   -0.000186
   72     0.003477,    0.004377,    0.004196,   -0.000003,   -0.000130
   73    -0.001681,   -0.002083,   -0.000903,    0.000049,    0.000023
   74     0.000395,    0.000468,   -0.000172,    0.000053,   -0.000013
   75     0.000118,    0.000205,    0.000001,   -0.000026,   -0.000026
   76     0.003317,    0.004071,    0.001738,    0.000182,   -0.000117
   77     0.001607,    0.001757,    0.000605,    0.000111,    0.000065
   78    -0.004461,   -0.005376,   -0.001822,    0.000055,    0.000073
   79     0.000892,    0.001068,   -0.000124,    0.000098,   -0.000030
   80     0.000848,    0.001121,    0.000207,   -0.000003,   -0.000029
   81     0.006430,    0.007881,    0.003119,    0.000374,   -0.000226
   82     0.003965,    0.004761,    0.001387,    0.000283,    0.000207
   83     0.000443,    0.000550,    0.000091,   -0.000006,   -0.000020
   84    -0.001000,   -0.001228,   -0.000532,   -0.000054,    0.000035
   85    -0.000168,   -0.000236,   -0.000008,    0.000010,    0.000012
   86     0.000562,    0.000672,   -0.000106,    0.000064,   -0.000019
   87    -0.000318,   -0.000384,   -0.000157,    0.000036,    0.000041
   88    -0.000537,   -0.000650,   -0.000084,   -0.000046,    0.000018
   89    -0.000769,   -0.000928,   -0.000306,   -0.000044,   -0.000049
   90    -0.004046,   -0.003574,   -0.002376,   -0.000321,   -0.000179
   91    -0.001353,    0.000237,   -0.001864,   -0.000245,   -0.000220
   92    -0.001988,   -0.001885,   -0.001152,   -0.000252,   -0.000252
   93     0.000052,    0.000064,    0.000039,   -0.000025,   -0.000032
   94     0.000310,    0.000252,    0.000194,    0.000021,    0.000006
   95     0.000039,    0.000056,    0.000196,   -0.000012,   -0.000002
   96     0.000335,    0.000395,    0.000176,   -0.000065,   -0.000069
   97    -0.001079,   -0.001520,   -0.000247,   -0.000067,   -0.000039
   98     0.000004,    0.000025,    0.000442,   -0.000036,   -0.000001
   99     0.000042,    0.000052,    0.000001,    0.000021,    0.000022
  100    -0.000001,   -0.000005,   -0.000087,    0.000007,    0.000000
  101    -0.000023,   -0.000035,    0.000001,   -0.000002,    0.000001
  102     0.000128,    0.000156,    0.000062,    0.000007,   -0.000004
  103     0.000000,   -0.000022,    0.000010,    0.000001,    0.000001
  104    -0.017186,   -0.031534,   -0.007232,   -0.001704,    0.000933
  105    -0.036667,   -0.055973,   -0.011936,   -0.003044,    0.001713
  106     0.066811,    0.068607,    0.011474,    0.003781,   -0.002307
  107     0.055634,    0.057916,    0.009943,    0.002977,   -0.002029
  108     0.008139,    0.007817,    0.000909,    0.000319,   -0.000490
  109    -0.069271,   -0.081710,   -0.021496,   -0.000623,    0.002066
  110     0.044329,    0.054216,    0.018074,    0.002537,    0.003251
  111    -0.115039,   -0.140448,   -0.043427,   -0.007713,    0.004015
  112    -0.042210,   -0.049802,   -0.013483,   -0.000341,    0.001096
  113     0.031480,    0.038300,    0.012614,    0.001667,    0.002013
  114    -0.077783,   -0.094971,   -0.029514,   -0.005203,    0.002715
  115    -0.011158,   -0.013270,   -0.003719,   -0.000117,    0.000224
  116     0.009250,    0.011182,    0.003629,    0.000478,    0.000536
  117    -0.021380,   -0.026113,   -0.008298,   -0.001415,    0.000747
  118    -0.001590,   -0.001838,   -0.000525,    0.000019,    0.000093
  119    -0.002419,   -0.002950,   -0.000855,   -0.000167,    0.000084
  120     0.002796,    0.003338,    0.000963,    0.000048,   -0.000016
  121     0.003742,    0.004583,    0.001738,    0.000224,   -0.000132
  122     0.000659,    0.000789,    0.000407,    0.000092,    0.000146
  123    -0.000777,   -0.000867,   -0.000403,    0.000039,    0.000042
  124    -0.002370,   -0.002887,   -0.000756,   -0.000170,    0.000082
  125     0.001939,    0.002291,    0.000825,   -0.000003,    0.000010
  126     0.003017,    0.003722,    0.001982,    0.000133,   -0.000108
  127     0.001040,    0.001127,    0.000537,    0.000076,    0.000073
  128     0.000369,    0.000302,   -0.000010,    0.000046,    0.000001
  129    -0.000162,   -0.000193,    0.000024,   -0.000018,    0.000005
  130     0.000287,    0.000249,    0.000043,    0.000004,   -0.000020
  131     0.000361,    0.000437,    0.000039,    0.000032,   -0.000012
  132    -0.000493,   -0.000429,   -0.000059,   -0.000042,    0.000004
  133    -0.000340,   -0.000411,   -0.000033,   -0.000031,    0.000012
  134    -0.000221,   -0.000304,   -0.000050,    0.000001,    0.000001
  135     0.074428,    0.087962,    0.025196,    0.003866,   -0.001920
  136     0.087962,    0.104735,    0.030304,    0.004602,   -0.002257
  137     0.025196,    0.030304,    0.009710,    0.001296,   -0.000614
  138     0.003866,    0.004602,    0.001296,    0.000249,   -0.000096
  139    -0.001920,   -0.002257,   -0.000614,   -0.000096,    0.000115
  140     0.005590,    0.006580,    0.001817,    0.000265,   -0.000129
  141     0.003461,    0.004196,    0.001111,    0.000275,   -0.000091
  142    -0.001564,   -0.001849,   -0.000410,   -0.000084,    0.000168
  143     0.004766,    0.005656,    0.001361,    0.000213,   -0.000102
  144    -0.000300,   -0.000363,   -0.000099,   -0.000021,    0.000024
  145    -0.000315,   -0.000371,   -0.000091,   -0.000011,    0.000032
  146     0.000419,    0.000490,    0.000127,    0.000003,   -0.000001
  147     0.000832,    0.001009,    0.000268,    0.000057,   -0.000017
  148     0.000242,    0.000301,    0.000082,    0.000027,    0.000004
  149    -0.008035,   -0.011981,   -0.006195,   -0.000391,   -0.001823
  150    -0.012568,   -0.017219,   -0.007864,   -0.000678,   -0.002186
  151    -0.005816,   -0.007207,   -0.002862,   -0.000273,   -0.000550
  152    -0.000973,   -0.001142,   -0.000276,   -0.000007,    0.000039
  153    -0.000391,   -0.000700,   -0.000476,   -0.000015,   -0.000177
  154    -0.001709,   -0.002086,   -0.000645,   -0.000115,    0.000060
  155    -0.002098,   -0.002482,   -0.000648,   -0.000030,    0.000055
  156     0.000369,    0.000274,   -0.000165,    0.000006,   -0.000192
  157    -0.003348,   -0.004086,   -0.001224,   -0.000228,    0.000117
  158    -0.000540,   -0.000644,   -0.000163,   -0.000005,    0.000017
  159    -0.000798,   -0.000974,   -0.000290,   -0.000054,    0.000028
  160    -0.000048,   -0.000049,    0.000009,   -0.000002,    0.000015
  161     0.000035,    0.000043,    0.000023,    0.000002,   -0.000001
  162    -0.000060,   -0.000060,    0.000026,   -0.000007,    0.000024
  163    -0.006772,   -0.011216,   -0.006404,   -0.001501,    0.000917
  164    -0.011217,   -0.016406,   -0.008346,   -0.001949,    0.001209
  165    -0.006404,   -0.008346,   -0.003743,   -0.000698,    0.000494
  166    -0.001501,   -0.001948,   -0.000698,   -0.000114,    0.000091
  167     0.000916,    0.001208,    0.000494,    0.000091,    0.000016
  168    -0.001038,   -0.001021,   -0.000054,    0.000037,   -0.000030
  169    -0.002284,   -0.002812,   -0.000919,   -0.000121,    0.000109
  170     0.001461,    0.001844,    0.000717,    0.000120,    0.000063
  171    -0.002849,   -0.003321,   -0.000782,   -0.000072,    0.000035
  172     0.000367,    0.000453,    0.000160,    0.000023,    0.000001
  173    -0.000079,   -0.000111,   -0.000076,   -0.000014,   -0.000018
  174     0.000875,    0.001046,    0.000275,    0.000035,   -0.000017
  175     0.000149,    0.000189,    0.000084,    0.000011,   -0.000017
  176    -0.000238,   -0.000284,   -0.000070,   -0.000007,    0.000021
               140,         141,         142,         143,         144
    0    -0.000133,    0.000316,   -0.000291,   -0.000196,   -0.000028
    1    -0.000318,    0.000517,   -0.000468,   -0.000325,   -0.000051
    2     0.000743,   -0.000520,    0.000457,    0.000347,    0.000072
    3     0.000606,   -0.000171,    0.000037,    0.000498,    0.000023
    4     0.000414,   -0.000171,    0.000064,    0.000372,    0.000022
    5    -0.000796,    0.002216,   -0.000250,   -0.000051,   -0.000082
    6     0.000201,   -0.000036,   -0.000039,   -0.000137,   -0.000053
    7     0.001440,   -0.000165,   -0.000503,   -0.001055,   -0.000218
    8    -0.000180,    0.000864,   -0.000299,    0.000160,   -0.000043
    9    -0.000258,    0.000283,   -0.000044,   -0.000467,   -0.000060
   10     0.001114,   -0.000085,   -0.000399,   -0.000780,   -0.000169
   11    -0.000207,    0.000372,    0.000128,   -0.000149,   -0.000001
   12     0.000065,    0.000003,    0.000067,   -0.000010,   -0.000002
   13     0.000491,    0.000127,   -0.000214,   -0.000206,   -0.000074
   14    -0.000074,    0.000151,    0.000013,   -0.000052,   -0.000007
   15     0.000021,   -0.000023,   -0.000003,   -0.000033,   -0.000003
   16    -0.000009,    0.000031,   -0.000009,    0.000011,   -0.000002
   17    -0.000022,    0.000058,   -0.000005,    0.000063,    0.000004
   18    -0.000063,    0.000054,    0.000078,   -0.000122,   -0.000003
   19     0.000056,    0.000035,   -0.000030,    0.000054,   -0.000007
   20     0.000017,   -0.000046,    0.000004,   -0.000049,   -0.000003
   21    -0.000017,    0.000059,    0.000083,   -0.000018,    0.000005
   22    -0.000017,    0.000099,   -0.000016,    0.000094,    0.000003
   23    -0.000259,    0.000276,    0.000167,   -0.000317,   -0.000010
   24     0.000025,   -0.000036,    0.000004,    0.000011,    0.000002
   25    -0.000016,    0.000008,    0.000004,    0.000017,    0.000002
   26    -0.000001,   -0.000002,   -0.000002,    0.000001,    0.000000
   27    -0.000024,    0.000019,    0.000005,    0.000031,    0.000004
   28     0.000000,   -0.000014,    0.000009,   -0.000008,    0.000001
   29    -0.000004,   -0.000023,    0.000007,   -0.000017,    0.000001
   30     0.000048,   -0.000031,   -0.000021,    0.000069,    0.000003
   31     0.000141,   -0.000207,   -0.000071,    0.000274,    0.000032
   32    -0.000215,    0.000003,   -0.000029,   -0.000052,    0.000023
   33     0.000062,   -0.000215,   -0.000174,    0.000151,    0.000008
   34    -0.000002,    0.000021,   -0.000005,    0.000009,   -0.000000
   35     0.000009,   -0.000006,    0.000009,    0.000019,    0.000003
   36     0.000023,   -0.000001,   -0.000009,   -0.000015,   -0.000004
   37     0.000057,    0.000058,    0.000055,    0.000084,    0.000007
   38    -0.000138,    0.000108,    0.000066,   -0.000144,   -0.000001
   39     0.000046,   -0.000017,   -0.000014,   -0.000043,   -0.000007
   40     0.000010,    0.000011,   -0.000002,    0.000020,    0.000001
   41     0.000008,   -0.000004,   -0.000002,   -0.000009,   -0.000001
   42     0.000008,   -0.000003,    0.000001,    0.000008,    0.000000
   43    -0.000001,    0.000002,   -0.000000,    0.000002,    0.000000
   44     0.000001,   -0.000005,   -0.000011,   -0.000000,   -0.000001
   45    -0.000233,    0.000826,    0.000093,   -0.000157,   -0.000030
   46    -0.000471,    0.001254,    0.000355,   -0.000363,   -0.000027
   47    -0.000284,    0.000390,    0.000009,   -0.000275,   -0.000026
   48     0.000006,   -0.000059,   -0.000006,   -0.000001,    0.000002
   49     0.000019,   -0.000049,   -0.000007,    0.000011,    0.000001
   50     0.000027,    0.000004,   -0.000011,   -0.000014,   -0.000004
   51     0.000039,   -0.000113,   -0.000073,    0.000022,   -0.000002
   52     0.000017,   -0.000062,   -0.000039,    0.000001,   -0.000003
   53     0.000063,    0.000005,   -0.000025,   -0.000036,   -0.000010
   54    -0.000008,    0.000017,    0.000006,   -0.000006,   -0.000000
   55    -0.000005,   -0.000003,    0.000003,    0.000001,    0.000001
   56     0.000002,   -0.000005,   -0.000001,    0.000001,    0.000000
   57    -0.000013,   -0.000002,    0.000005,    0.000006,    0.000002
   58     0.000008,   -0.000001,    0.000000,    0.000010,    0.000000
   59     0.000394,   -0.000906,   -0.000786,    0.000172,   -0.000089
   60     0.000817,   -0.001513,   -0.001428,    0.000510,   -0.000158
   61    -0.001396,    0.001423,    0.001877,   -0.001339,    0.000201
   62    -0.001792,    0.000807,    0.001700,   -0.001927,    0.000197
   63    -0.000475,    0.000374,    0.000498,   -0.000341,    0.000053
   64     0.001741,   -0.004158,   -0.002237,    0.001314,   -0.000066
   65     0.000549,   -0.000971,   -0.001624,    0.001922,    0.000075
   66    -0.000103,   -0.002160,    0.000533,   -0.001745,    0.000008
   67     0.001464,   -0.002746,   -0.001755,    0.001279,   -0.000063
   68     0.000202,   -0.000747,   -0.001258,    0.000985,    0.000019
   69    -0.000081,   -0.001628,    0.000403,   -0.001314,    0.000006
   70     0.000185,   -0.000222,   -0.000349,    0.000198,   -0.000028
   71     0.000019,   -0.000161,   -0.000384,    0.000187,   -0.000010
   72     0.000175,   -0.000262,   -0.000006,   -0.000331,   -0.000027
   73    -0.000173,    0.000216,   -0.000056,   -0.000130,   -0.000017
   74     0.000024,    0.000086,   -0.000029,    0.000057,   -0.000003
   75     0.000017,   -0.000050,   -0.000048,    0.000022,   -0.000003
   76     0.000183,    0.000155,   -0.000104,    0.000013,   -0.000027
   77     0.000147,    0.000111,    0.000177,    0.000116,    0.000012
   78    -0.000456,    0.000400,   -0.000068,   -0.000416,   -0.000037
   79     0.000053,    0.000147,   -0.000054,    0.000089,   -0.000008
   80     0.000096,   -0.000037,   -0.000045,    0.000129,   -0.000001
   81     0.000356,    0.000345,   -0.000213,    0.000062,   -0.000053
   82     0.000391,    0.000335,    0.000488,    0.000456,    0.000046
   83     0.000047,   -0.000030,   -0.000027,    0.000057,    0.000001
   84    -0.000055,   -0.000045,    0.000031,   -0.000003,    0.000008
   85    -0.000021,    0.000025,    0.000021,   -0.000037,   -0.000002
   86     0.000034,    0.000098,   -0.000035,    0.000060,   -0.000005
   87    -0.000035,    0.000093,    0.000054,   -0.000022,    0.000002
   88    -0.000031,   -0.000060,    0.000025,   -0.000031,    0.000004
   89    -0.000075,   -0.000040,   -0.000115,   -0.000081,   -0.000014
   90    -0.000285,   -0.000257,   -0.000541,    0.000276,    0.000045
   91     0.000038,   -0.000149,   -0.000615,    0.000897,    0.000061
   92    -0.000145,   -0.000296,   -0.000566,    0.000064,   -0.000020
   93     0.000007,   -0.000053,   -0.000053,    0.000001,   -0.000004
   94     0.000020,    0.000011,    0.000028,   -0.000033,   -0.000007
   95     0.000001,   -0.000030,    0.000006,   -0.000025,   -0.000000
   96     0.000037,   -0.000155,   -0.000097,    0.000012,   -0.000004
   97    -0.000126,   -0.000105,   -0.000079,   -0.000245,   -0.000018
   98    -0.000003,   -0.000078,    0.000019,   -0.000064,    0.000000
   99     0.000003,    0.000040,    0.000037,    0.000010,    0.000003
  100     0.000001,    0.000015,   -0.000004,    0.000013,   -0.000000
  101    -0.000003,   -0.000004,    0.000002,   -0.000009,   -0.000000
  102     0.000007,    0.000007,   -0.000004,    0.000001,   -0.000001
  103    -0.000002,   -0.000000,    0.000002,   -0.000011,   -0.000001
  104    -0.002579,   -0.004736,    0.002974,   -0.007425,    0.000593
  105    -0.004693,   -0.007170,    0.004585,   -0.011353,    0.000883
  106     0.006156,    0.004365,   -0.003151,    0.007411,   -0.000483
  107     0.005190,    0.003350,   -0.002846,    0.006335,   -0.000420
  108     0.000725,    0.000218,   -0.000733,    0.000737,   -0.000082
  109    -0.007057,    0.002358,    0.001690,   -0.007953,   -0.000085
  110     0.004356,    0.002016,    0.007616,    0.004436,    0.000916
  111    -0.006459,   -0.008380,    0.004344,   -0.002913,    0.000946
  112    -0.004287,    0.001596,    0.000647,   -0.004690,   -0.000106
  113     0.003098,    0.001199,    0.004851,    0.003167,    0.000593
  114    -0.004366,   -0.005639,    0.002931,   -0.001948,    0.000640
  115    -0.001137,    0.000375,    0.000049,   -0.001261,   -0.000040
  116     0.000908,    0.000338,    0.001317,    0.000920,    0.000159
  117    -0.001199,   -0.001517,    0.000798,   -0.000509,    0.000176
  118    -0.000161,    0.000121,    0.000116,   -0.000160,    0.000007
  119    -0.000136,   -0.000187,    0.000094,   -0.000070,    0.000020
  120     0.000283,   -0.000064,    0.000064,    0.000301,    0.000017
  121     0.000208,    0.000214,   -0.000127,    0.000047,   -0.000031
  122     0.000056,    0.000116,    0.000303,    0.000029,    0.000029
  123    -0.000074,    0.000139,    0.000025,   -0.000015,    0.000001
  124    -0.000134,   -0.000197,    0.000096,   -0.000080,    0.000020
  125     0.000192,   -0.000147,    0.000115,    0.000143,    0.000023
  126     0.000163,    0.000069,   -0.000077,   -0.000046,   -0.000024
  127     0.000090,    0.000066,    0.000183,    0.000052,    0.000013
  128     0.000028,    0.000071,    0.000005,    0.000032,   -0.000001
  129    -0.000010,   -0.000027,    0.000010,   -0.000016,    0.000001
  130     0.000024,   -0.000012,   -0.000027,    0.000011,   -0.000003
  131     0.000021,    0.000044,   -0.000018,    0.000023,   -0.000003
  132    -0.000039,   -0.000052,   -0.000004,   -0.000032,    0.000001
  133    -0.000020,   -0.000042,    0.000017,   -0.000022,    0.000003
  134    -0.000026,    0.000011,   -0.000003,   -0.000041,   -0.000004
  135     0.005590,    0.003461,   -0.001564,    0.004766,   -0.000300
  136     0.006580,    0.004196,   -0.001849,    0.005656,   -0.000363
  137     0.001817,    0.001111,   -0.000410,    0.001361,   -0.000099
  138     0.000265,    0.000275,   -0.000084,    0.000213,   -0.000021
  139    -0.000129,   -0.000091,    0.000168,   -0.000102,    0.000024
  140     0.000455,    0.000221,   -0.000094,    0.000440,   -0.000016
  141     0.000221,    0.000366,   -0.000105,    0.000198,   -0.000029
  142    -0.000094,   -0.000105,    0.000293,   -0.000090,    0.000041
  143     0.000440,    0.000198,   -0.000090,    0.000541,   -0.000011
  144    -0.000016,   -0.000029,    0.000041,   -0.000011,    0.000007
  145    -0.000024,   -0.000010,    0.000054,   -0.000027,    0.000007
  146     0.000053,   -0.000012,    0.000009,    0.000073,    0.000003
  147     0.000062,    0.000071,   -0.000015,    0.000067,   -0.000005
  148     0.000013,    0.000040,    0.000013,    0.000011,   -0.000000
  149    -0.000851,    0.000064,   -0.003937,   -0.000555,   -0.000496
  150    -0.001274,   -0.000162,   -0.004785,   -0.000899,   -0.000595
  151    -0.000566,   -0.000072,   -0.001299,   -0.000436,   -0.000158
  152    -0.000100,    0.000033,    0.000045,   -0.000118,    0.000001
  153    -0.000043,    0.000036,   -0.000376,   -0.000000,   -0.000049
  154    -0.000096,   -0.000124,    0.000065,   -0.000043,    0.000014
  155    -0.000214,    0.000049,    0.000039,   -0.000247,   -0.000003
  156     0.000038,    0.000050,   -0.000389,    0.000119,   -0.000051
  157    -0.000188,   -0.000251,    0.000128,   -0.000091,    0.000028
  158    -0.000056,    0.000017,    0.000016,   -0.000066,   -0.000001
  159    -0.000045,   -0.000060,    0.000031,   -0.000022,    0.000007
  160    -0.000005,   -0.000008,    0.000032,   -0.000015,    0.000004
  161     0.000002,    0.000001,   -0.000001,   -0.000001,   -0.000000
  162    -0.000007,   -0.000022,    0.000053,   -0.000026,    0.000008
  163     0.001038,   -0.002285,    0.001462,    0.002848,    0.000367
  164     0.001020,   -0.002813,    0.001845,    0.003321,    0.000453
  165     0.000054,   -0.000919,    0.000718,    0.000782,    0.000160
  166    -0.000037,   -0.000121,    0.000120,    0.000072,    0.000023
  167     0.000030,    0.000109,    0.000063,   -0.000036,    0.000001
  168    -0.000200,    0.000103,   -0.000076,   -0.000332,   -0.000022
  169    -0.000103,   -0.000077,    0.000118,    0.000033,    0.000018
  170     0.000076,    0.000118,    0.000178,   -0.000012,    0.000016
  171    -0.000332,   -0.000033,    0.000012,   -0.000471,   -0.000005
  172     0.000022,    0.000018,    0.000016,    0.000005,    0.000001
  173     0.000002,   -0.000016,   -0.000040,    0.000019,   -0.000004
  174     0.000079,    0.000025,   -0.000009,    0.000088,   -0.000001
  175    -0.000007,    0.000004,   -0.000023,   -0.000039,   -0.000004
  176    -0.000014,    0.000000,    0.000032,   -0.000006,    0.000004
               145,         146,         147,         148,         149
    0    -0.000061,   -0.000120,   -0.000030,    0.000116,    0.002183
    1    -0.000082,   -0.000200,   -0.000027,    0.000156,    0.004869
    2     0.000012,    0.000216,   -0.000062,   -0.000019,   -0.010965
    3    -0.000032,    0.000154,   -0.000026,   -0.000029,   -0.003609
    4    -0.000013,    0.000101,   -0.000014,   -0.000029,   -0.003525
    5     0.000146,   -0.000341,    0.000268,    0.000238,    0.010897
    6    -0.000005,    0.000016,    0.000033,    0.000020,   -0.000592
    7    -0.000262,    0.000144,    0.000026,   -0.000184,   -0.000002
    8     0.000030,   -0.000118,    0.000093,    0.000060,    0.006523
    9     0.000019,   -0.000097,    0.000042,    0.000062,    0.002922
   10    -0.000199,    0.000105,    0.000027,   -0.000135,   -0.000002
   11     0.000056,   -0.000070,    0.000048,    0.000063,   -0.000492
   12     0.000013,    0.000009,    0.000005,    0.000008,   -0.001706
   13    -0.000077,    0.000022,    0.000035,   -0.000032,   -0.000001
   14     0.000013,   -0.000027,    0.000017,    0.000021,    0.000453
   15    -0.000005,    0.000005,   -0.000003,   -0.000006,   -0.000000
   16     0.000001,   -0.000004,    0.000005,    0.000002,    0.000162
   17     0.000008,   -0.000010,    0.000008,    0.000012,    0.000000
   18     0.000016,   -0.000018,    0.000006,    0.000020,   -0.000642
   19    -0.000006,    0.000007,    0.000003,   -0.000001,    0.000228
   20    -0.000006,    0.000008,   -0.000006,   -0.000010,   -0.000000
   21     0.000019,   -0.000006,    0.000012,    0.000015,   -0.001148
   22     0.000010,   -0.000016,    0.000014,    0.000019,   -0.000000
   23     0.000047,   -0.000073,    0.000034,    0.000065,   -0.000375
   24    -0.000002,    0.000007,   -0.000005,   -0.000004,   -0.000249
   25     0.000003,   -0.000002,    0.000001,    0.000003,    0.000000
   26    -0.000001,    0.000000,   -0.000001,   -0.000001,    0.000029
   27     0.000006,   -0.000005,    0.000002,    0.000006,    0.000000
   28    -0.000000,    0.000002,   -0.000001,   -0.000000,   -0.000107
   29    -0.000001,    0.000003,   -0.000003,   -0.000003,    0.000000
   30    -0.000005,    0.000013,   -0.000001,   -0.000008,   -0.000072
   31    -0.000032,    0.000062,   -0.000041,   -0.000051,    0.000211
   32    -0.000005,   -0.000024,   -0.000025,   -0.000013,    0.002388
   33    -0.000041,    0.000032,   -0.000037,   -0.000055,    0.001900
   34     0.000001,   -0.000002,    0.000003,    0.000002,    0.000091
   35     0.000001,    0.000004,   -0.000001,   -0.000001,   -0.000159
   36    -0.000004,    0.000002,    0.000001,   -0.000003,   -0.000000
   37     0.000013,    0.000010,    0.000015,    0.000010,   -0.001207
   38     0.000020,   -0.000034,    0.000010,    0.000023,    0.000135
   39    -0.000009,    0.000006,   -0.000001,   -0.000008,    0.000000
   40     0.000001,    0.000002,    0.000002,    0.000001,   -0.000036
   41    -0.000002,    0.000001,   -0.000000,   -0.000002,   -0.000000
   42    -0.000000,    0.000002,    0.000000,   -0.000000,   -0.000084
   43     0.000000,   -0.000000,    0.000000,    0.000000,   -0.000000
   44    -0.000002,   -0.000000,   -0.000001,   -0.000001,    0.000155
   45     0.000081,   -0.000115,    0.000105,    0.000118,    0.001244
   46     0.000161,   -0.000189,    0.000172,    0.000204,   -0.000892
   47     0.000034,   -0.000093,    0.000041,    0.000059,    0.002200
   48    -0.000005,    0.000006,   -0.000009,   -0.000008,   -0.000058
   49    -0.000005,    0.000007,   -0.000006,   -0.000007,   -0.000084
   50    -0.000004,    0.000002,    0.000001,   -0.000002,   -0.000000
   51    -0.000021,    0.000013,   -0.000021,   -0.000022,    0.000742
   52    -0.000012,    0.000006,   -0.000009,   -0.000011,    0.000438
   53    -0.000011,    0.000005,    0.000003,   -0.000006,   -0.000000
   54     0.000002,   -0.000003,    0.000002,    0.000003,   -0.000009
   55     0.000001,    0.000000,   -0.000001,    0.000000,   -0.000000
   56    -0.000001,    0.000001,   -0.000001,   -0.000001,   -0.000011
   57     0.000002,   -0.000001,   -0.000001,    0.000001,    0.000000
   58     0.000000,    0.000002,    0.000001,   -0.000000,   -0.000058
   59    -0.000223,    0.000181,   -0.000181,   -0.000180,    0.002461
   60    -0.000395,    0.000317,   -0.000308,   -0.000341,    0.005446
   61     0.000482,   -0.000362,    0.000321,    0.000479,   -0.011411
   62     0.000448,   -0.000422,    0.000145,    0.000359,   -0.010402
   63     0.000132,   -0.000097,    0.000077,    0.000116,   -0.005319
   64    -0.000685,    0.000658,   -0.000632,   -0.000809,    0.013203
   65    -0.000262,    0.000206,   -0.000105,   -0.000369,    0.017232
   66    -0.000131,    0.000305,   -0.000313,   -0.000355,   -0.000000
   67    -0.000509,    0.000491,   -0.000405,   -0.000577,    0.012527
   68    -0.000213,    0.000096,   -0.000110,   -0.000263,    0.015809
   69    -0.000098,    0.000230,   -0.000236,   -0.000267,   -0.000000
   70    -0.000083,    0.000046,   -0.000033,   -0.000066,    0.004593
   71    -0.000067,    0.000011,   -0.000027,   -0.000066,    0.005977
   72    -0.000048,    0.000053,   -0.000031,   -0.000063,   -0.000000
   73     0.000008,   -0.000056,    0.000023,    0.000027,    0.002547
   74     0.000002,   -0.000010,    0.000013,    0.000012,   -0.000000
   75    -0.000011,    0.000007,   -0.000013,   -0.000015,    0.000176
   76    -0.000021,   -0.000007,    0.000029,    0.000006,   -0.000000
   77     0.000030,    0.000024,    0.000033,    0.000031,   -0.003073
   78     0.000020,   -0.000128,    0.000037,    0.000063,    0.004549
   79     0.000001,   -0.000017,    0.000023,    0.000019,   -0.000001
   80    -0.000013,    0.000025,   -0.000004,   -0.000015,   -0.000440
   81    -0.000038,   -0.000020,    0.000062,    0.000020,   -0.000001
   82     0.000091,    0.000074,    0.000102,    0.000082,   -0.009219
   83    -0.000007,    0.000011,   -0.000005,   -0.000010,   -0.000006
   84     0.000006,    0.000002,   -0.000008,   -0.000002,    0.000000
   85     0.000004,   -0.000006,    0.000003,    0.000007,   -0.000104
   86     0.000001,   -0.000011,    0.000015,    0.000013,   -0.000000
   87     0.000015,   -0.000013,    0.000015,    0.000019,   -0.000430
   88     0.000001,    0.000006,   -0.000010,   -0.000007,    0.000000
   89    -0.000020,   -0.000016,   -0.000015,   -0.000014,    0.002107
   90    -0.000057,   -0.000031,   -0.000025,   -0.000093,    0.009821
   91    -0.000070,    0.000050,    0.000031,   -0.000104,    0.008559
   92    -0.000099,   -0.000012,   -0.000062,   -0.000098,    0.008943
   93    -0.000013,    0.000004,   -0.000010,   -0.000012,    0.000643
   94     0.000001,    0.000002,   -0.000001,    0.000005,   -0.000584
   95    -0.000002,    0.000004,   -0.000004,   -0.000005,    0.000000
   96    -0.000026,    0.000016,   -0.000027,   -0.000032,    0.000949
   97    -0.000019,   -0.000029,   -0.000038,   -0.000016,    0.001914
   98    -0.000005,    0.000011,   -0.000011,   -0.000013,   -0.000000
   99     0.000008,   -0.000001,    0.000008,    0.000009,   -0.000492
  100     0.000001,   -0.000002,    0.000002,    0.000003,   -0.000000
  101     0.000000,   -0.000001,   -0.000001,   -0.000000,   -0.000040
  102    -0.000001,   -0.000000,    0.000001,    0.000000,    0.000000
  103    -0.000000,   -0.000001,   -0.000001,    0.000001,   -0.000028
  104     0.000722,   -0.000863,   -0.001401,   -0.000357,   -0.017123
  105     0.001091,   -0.001299,   -0.002083,   -0.000520,   -0.036478
  106    -0.000664,    0.000766,    0.001114,    0.000229,    0.066019
  107    -0.000617,    0.000699,    0.000886,    0.000123,    0.054571
  108    -0.000147,    0.000072,    0.000046,   -0.000054,    0.014278
  109     0.000683,   -0.001660,   -0.000054,    0.000682,    0.011249
  110     0.001365,    0.000951,    0.000841,    0.000868,   -0.143361
  111     0.000544,    0.000680,   -0.001426,   -0.000720,    0.000016
  112     0.000345,   -0.001015,   -0.000004,    0.000402,    0.013386
  113     0.000852,    0.000681,    0.000545,    0.000534,   -0.092844
  114     0.000369,    0.000456,   -0.000960,   -0.000482,    0.000012
  115     0.000069,   -0.000274,   -0.000018,    0.000087,    0.005589
  116     0.000228,    0.000197,    0.000152,    0.000145,   -0.025525
  117     0.000104,    0.000121,   -0.000259,   -0.000127,    0.000003
  118     0.000034,   -0.000041,    0.000014,    0.000032,   -0.000812
  119     0.000011,    0.000016,   -0.000031,   -0.000017,   -0.000001
  120    -0.000001,    0.000067,    0.000010,   -0.000011,   -0.002688
  121    -0.000021,   -0.000014,    0.000038,    0.000014,    0.000000
  122     0.000058,    0.000010,    0.000031,    0.000044,   -0.004935
  123     0.000015,   -0.000023,    0.000024,    0.000023,    0.000411
  124     0.000010,    0.000018,   -0.000033,   -0.000019,   -0.000000
  125     0.000009,    0.000050,   -0.000013,   -0.000015,   -0.003260
  126    -0.000024,    0.000004,    0.000016,   -0.000006,   -0.000000
  127     0.000030,    0.000018,    0.000023,    0.000027,   -0.002978
  128     0.000004,   -0.000003,    0.000013,    0.000010,    0.000403
  129    -0.000000,    0.000003,   -0.000004,   -0.000004,   -0.000000
  130    -0.000006,    0.000002,   -0.000003,   -0.000004,    0.000536
  131    -0.000001,   -0.000005,    0.000007,    0.000005,   -0.000000
  132    -0.000002,   -0.000000,   -0.000010,   -0.000007,   -0.000361
  133     0.000001,    0.000004,   -0.000007,   -0.000005,   -0.000000
  134    -0.000000,   -0.000007,   -0.000001,    0.000003,    0.000273
  135    -0.000315,    0.000419,    0.000832,    0.000242,   -0.008035
  136    -0.000371,    0.000490,    0.001009,    0.000301,   -0.011981
  137    -0.000091,    0.000127,    0.000268,    0.000082,   -0.006195
  138    -0.000011,    0.000003,    0.000057,    0.000027,   -0.000391
  139     0.000032,   -0.000001,   -0.000017,    0.000004,   -0.001823
  140    -0.000024,    0.000053,    0.000062,    0.000013,   -0.000851
  141    -0.000010,   -0.000012,    0.000071,    0.000040,    0.000064
  142     0.000054,    0.000009,   -0.000015,    0.000013,   -0.003937
  143    -0.000027,    0.000073,    0.000067,    0.000011,   -0.000555
  144     0.000007,    0.000003,   -0.000005,   -0.000000,   -0.000496
  145     0.000011,   -0.000002,   -0.000002,    0.000004,   -0.000716
  146    -0.000002,    0.000016,    0.000003,   -0.000002,   -0.000291
  147    -0.000002,    0.000003,    0.000016,    0.000008,   -0.000136
  148     0.000004,   -0.000002,    0.000008,    0.000007,   -0.000319
  149    -0.000716,   -0.000291,   -0.000136,   -0.000319,    0.075597
  150    -0.000875,   -0.000368,   -0.000213,   -0.000418,    0.090605
  151    -0.000228,   -0.000138,   -0.000075,   -0.000114,    0.024775
  152     0.000013,   -0.000023,   -0.000000,    0.000012,   -0.000210
  153    -0.000070,   -0.000020,   -0.000004,   -0.000027,    0.007121
  154     0.000008,    0.000010,   -0.000021,   -0.000011,   -0.000001
  155     0.000017,   -0.000050,   -0.000007,    0.000016,    0.000519
  156    -0.000078,    0.000002,    0.000009,   -0.000028,    0.006805
  157     0.000015,    0.000021,   -0.000043,   -0.000022,   -0.000001
  158     0.000006,   -0.000013,   -0.000001,    0.000005,    0.000062
  159     0.000004,    0.000005,   -0.000010,   -0.000005,   -0.000000
  160     0.000006,   -0.000001,   -0.000002,    0.000002,   -0.000543
  161    -0.000000,    0.000000,    0.000000,   -0.000000,   -0.000000
  162     0.000010,   -0.000000,   -0.000005,    0.000002,   -0.000922
  163     0.000079,    0.000875,   -0.000150,   -0.000238,   -0.008035
  164     0.000111,    0.001046,   -0.000189,   -0.000284,   -0.011983
  165     0.000076,    0.000275,   -0.000084,   -0.000070,   -0.006195
  166     0.000014,    0.000035,   -0.000011,   -0.000007,   -0.000391
  167     0.000018,   -0.000017,    0.000017,    0.000021,   -0.001823
  168     0.000002,   -0.000079,   -0.000007,    0.000014,    0.000851
  169     0.000016,    0.000025,   -0.000004,    0.000000,    0.000063
  170     0.000040,   -0.000009,    0.000023,    0.000032,   -0.003936
  171     0.000019,   -0.000088,   -0.000039,    0.000006,    0.000556
  172     0.000004,   -0.000001,    0.000004,    0.000004,   -0.000496
  173    -0.000009,    0.000004,   -0.000002,   -0.000006,    0.000716
  174    -0.000004,    0.000013,    0.000010,    0.000001,   -0.000292
  175    -0.000002,   -0.000010,   -0.000003,   -0.000001,    0.000136
  176     0.000006,    0.000001,    0.000001,    0.000003,   -0.000320
               150,         151,         152,         153,         154
    0    -0.001787,    0.001539,    0.000056,    0.000117,    0.000000
    1    -0.000188,    0.002991,    0.000111,    0.000309,    0.000000
    2    -0.012096,   -0.005315,   -0.000184,   -0.000855,    0.000000
    3    -0.004728,   -0.001525,   -0.000265,   -0.000311,   -0.000000
    4    -0.004199,   -0.001518,   -0.000198,   -0.000319,    0.000000
    5     0.002638,    0.006257,    0.000363,    0.000673,   -0.000000
    6    -0.006175,   -0.005472,    0.000024,    0.000315,   -0.000000
    7    -0.000001,   -0.000000,    0.000000,   -0.000000,   -0.000741
    8     0.002154,    0.003419,   -0.000062,    0.000390,   -0.000000
    9    -0.000419,   -0.002268,    0.000285,    0.000517,   -0.000000
   10    -0.000001,   -0.000000,    0.000000,   -0.000000,   -0.000581
   11    -0.002213,   -0.000010,    0.000162,   -0.000068,   -0.000000
   12    -0.003215,   -0.001534,    0.000007,   -0.000099,    0.000000
   13    -0.000000,    0.000000,    0.000000,   -0.000000,   -0.000284
   14    -0.000030,    0.000193,    0.000070,    0.000038,   -0.000000
   15     0.000000,    0.000000,   -0.000000,   -0.000000,   -0.000007
   16     0.000083,    0.000125,    0.000001,    0.000007,    0.000000
   17     0.000000,   -0.000000,   -0.000000,   -0.000000,    0.000002
   18    -0.001011,   -0.000664,    0.000105,   -0.000014,    0.000000
   19    -0.000168,   -0.000042,   -0.000011,    0.000025,    0.000000
   20    -0.000000,    0.000000,   -0.000000,   -0.000000,   -0.000001
   21    -0.001473,   -0.000467,    0.000049,   -0.000096,    0.000000
   22    -0.000000,   -0.000000,   -0.000000,   -0.000000,   -0.000008
   23    -0.000906,   -0.000658,    0.000303,    0.000043,   -0.000000
   24    -0.000230,   -0.000126,   -0.000016,   -0.000021,    0.000000
   25     0.000000,    0.000000,   -0.000000,    0.000000,    0.000007
   26     0.000087,    0.000066,   -0.000001,   -0.000002,   -0.000000
   27     0.000000,    0.000000,   -0.000000,    0.000000,    0.000010
   28     0.000008,   -0.000084,    0.000008,   -0.000002,    0.000000
   29     0.000000,    0.000000,   -0.000000,    0.000000,    0.000006
   30    -0.000072,    0.000078,   -0.000054,   -0.000021,   -0.000000
   31     0.003083,    0.002395,   -0.000211,   -0.000154,    0.000000
   32     0.006422,    0.003620,    0.000026,    0.000041,   -0.000000
   33     0.003658,    0.001875,   -0.000205,    0.000063,   -0.000000
   34    -0.000024,    0.000073,   -0.000004,    0.000002,   -0.000000
   35     0.000040,    0.000129,   -0.000007,   -0.000027,    0.000000
   36     0.000000,    0.000000,   -0.000000,   -0.000000,   -0.000012
   37    -0.001785,   -0.000367,   -0.000015,   -0.000118,    0.000000
   38     0.000339,    0.000105,    0.000123,    0.000024,   -0.000000
   39     0.000000,    0.000000,    0.000000,    0.000000,   -0.000022
   40    -0.000121,    0.000020,   -0.000009,   -0.000008,   -0.000000
   41     0.000000,    0.000000,    0.000000,   -0.000000,   -0.000004
   42    -0.000121,   -0.000033,   -0.000005,   -0.000008,    0.000000
   43    -0.000000,   -0.000000,   -0.000000,   -0.000000,    0.000000
   44     0.000155,    0.000037,   -0.000005,    0.000015,   -0.000000
   45    -0.003454,   -0.000334,    0.000262,    0.000139,    0.000000
   46    -0.007291,   -0.001367,    0.000536,   -0.000016,    0.000000
   47     0.000796,    0.000392,    0.000228,    0.000231,   -0.000000
   48     0.000312,    0.000057,   -0.000012,   -0.000009,   -0.000000
   49     0.000089,   -0.000052,   -0.000018,   -0.000005,   -0.000000
   50    -0.000000,   -0.000000,    0.000000,   -0.000000,   -0.000015
   51     0.001238,    0.000357,   -0.000058,    0.000055,   -0.000000
   52     0.000665,    0.000061,   -0.000023,    0.000047,   -0.000000
   53    -0.000000,   -0.000000,    0.000000,   -0.000000,   -0.000035
   54    -0.000048,    0.000000,    0.000009,   -0.000000,    0.000000
   55    -0.000000,   -0.000000,   -0.000000,    0.000000,    0.000004
   56    -0.000001,   -0.000003,   -0.000002,   -0.000001,   -0.000000
   57     0.000000,    0.000000,   -0.000000,    0.000000,    0.000007
   58    -0.000098,   -0.000039,   -0.000006,   -0.000004,    0.000000
   59     0.000592,    0.001669,   -0.000504,    0.000183,   -0.000000
   60     0.002982,    0.002495,   -0.000967,    0.000426,   -0.000000
   61    -0.011527,   -0.001640,    0.001393,   -0.000977,    0.000000
   62    -0.009410,   -0.000781,    0.001231,   -0.001067,    0.000000
   63    -0.005888,   -0.000482,    0.000315,   -0.000537,    0.000000
   64     0.025188,    0.003269,   -0.002459,    0.001111,   -0.000000
   65     0.023813,    0.016034,   -0.002155,    0.000496,   -0.000000
   66     0.000001,    0.000000,    0.000000,    0.000000,    0.000425
   67     0.020761,    0.003549,   -0.001838,    0.001057,   -0.000000
   68     0.021419,    0.011697,   -0.001338,    0.000775,   -0.000000
   69     0.000001,    0.000000,    0.000000,    0.000000,    0.000322
   70     0.005894,    0.001391,   -0.000204,    0.000427,   -0.000000
   71     0.007915,    0.003355,   -0.000281,    0.000413,   -0.000000
   72    -0.000000,    0.000000,    0.000000,   -0.000000,   -0.000049
   73     0.002441,    0.000995,    0.000112,    0.000230,   -0.000000
   74    -0.000000,   -0.000000,    0.000000,   -0.000000,   -0.000028
   75     0.000172,    0.000113,   -0.000047,   -0.000000,   -0.000000
   76    -0.000001,   -0.000000,    0.000000,   -0.000000,   -0.000124
   77    -0.004268,   -0.001635,    0.000055,   -0.000225,    0.000000
   78     0.004594,    0.001588,    0.000309,    0.000447,   -0.000000
   79    -0.000001,   -0.000000,    0.000000,   -0.000000,   -0.000054
   80    -0.000683,   -0.000080,   -0.000084,   -0.000056,   -0.000000
   81    -0.000001,   -0.000000,    0.000000,   -0.000000,   -0.000249
   82    -0.012318,   -0.003799,    0.000054,   -0.000770,    0.000000
   83    -0.000048,    0.000055,   -0.000048,   -0.000014,   -0.000000
   84     0.000000,    0.000000,   -0.000000,    0.000000,    0.000037
   85    -0.000147,   -0.000171,    0.000040,    0.000008,    0.000000
   86    -0.000000,   -0.000000,    0.000000,   -0.000000,   -0.000035
   87    -0.000697,   -0.000121,    0.000055,   -0.000035,    0.000000
   88     0.000000,    0.000000,   -0.000000,    0.000000,    0.000027
   89     0.002520,    0.000719,   -0.000010,    0.000188,   -0.000000
   90     0.014420,    0.008326,   -0.000607,    0.000441,   -0.000000
   91     0.012853,    0.008896,   -0.000878,    0.000249,   -0.000000
   92     0.012187,    0.005013,   -0.000345,    0.000628,   -0.000000
   93     0.000862,    0.000186,   -0.000029,    0.000059,   -0.000000
   94    -0.000916,   -0.000653,    0.000052,   -0.000012,    0.000000
   95     0.000000,    0.000000,   -0.000000,    0.000000,    0.000005
   96     0.001402,    0.000290,   -0.000087,    0.000076,   -0.000000
   97     0.002418,    0.000276,    0.000067,    0.000200,   -0.000000
   98    -0.000000,    0.000000,   -0.000000,   -0.000000,    0.000015
   99    -0.000654,   -0.000155,    0.000019,   -0.000043,    0.000000
  100    -0.000000,   -0.000000,    0.000000,   -0.000000,   -0.000003
  101    -0.000052,   -0.000035,    0.000003,   -0.000002,    0.000000
  102     0.000000,    0.000000,   -0.000000,    0.000000,   -0.000005
  103    -0.000064,   -0.000066,    0.000009,    0.000003,    0.000000
  104    -0.025222,   -0.007473,    0.000178,   -0.003192,    0.000000
  105    -0.046835,   -0.012127,    0.000355,   -0.005794,    0.000001
  106     0.064368,    0.010659,   -0.000583,    0.007529,   -0.000001
  107     0.053835,    0.009107,   -0.000705,    0.006212,   -0.000001
  108     0.015014,    0.003343,   -0.000249,    0.001406,   -0.000000
  109     0.011250,    0.006206,    0.004070,    0.000966,   -0.000000
  110    -0.177986,   -0.050742,    0.000326,   -0.012968,    0.000002
  111     0.000019,    0.000005,   -0.000000,    0.000002,    0.004887
  112     0.014502,    0.005956,    0.002460,    0.001237,   -0.000000
  113    -0.114999,   -0.033060,    0.000070,   -0.008379,    0.000001
  114     0.000014,    0.000004,   -0.000000,    0.000001,    0.003299
  115     0.006108,    0.002197,    0.000608,    0.000503,   -0.000000
  116    -0.031817,   -0.009276,    0.000009,   -0.002289,    0.000000
  117     0.000003,    0.000001,   -0.000000,    0.000000,    0.000900
  118    -0.001124,   -0.000099,    0.000115,   -0.000083,   -0.000000
  119    -0.000001,   -0.000000,   -0.000000,   -0.000000,    0.000105
  120    -0.003244,   -0.001051,   -0.000125,   -0.000242,   -0.000000
  121     0.000000,    0.000000,    0.000000,   -0.000000,   -0.000148
  122    -0.006162,   -0.001880,    0.000097,   -0.000427,    0.000000
  123     0.000374,    0.000435,    0.000054,    0.000026,   -0.000000
  124    -0.000000,   -0.000000,   -0.000000,   -0.000000,    0.000105
  125    -0.003782,   -0.001284,   -0.000097,   -0.000306,   -0.000000
  126    -0.000000,   -0.000000,    0.000000,   -0.000000,   -0.000099
  127    -0.003627,   -0.001431,    0.000073,   -0.000223,    0.000000
  128     0.000236,    0.000043,    0.000020,    0.000046,   -0.000000
  129    -0.000000,    0.000000,    0.000000,   -0.000000,    0.000010
  130     0.000586,    0.000104,   -0.000011,    0.000052,   -0.000000
  131    -0.000000,   -0.000000,    0.000000,   -0.000000,   -0.000019
  132    -0.000235,    0.000020,   -0.000017,   -0.000046,    0.000000
  133    -0.000000,   -0.000000,   -0.000000,   -0.000000,    0.000018
  134     0.000320,   -0.000008,    0.000029,    0.000037,   -0.000000
  135    -0.012568,   -0.005816,   -0.000973,   -0.000391,   -0.001709
  136    -0.017219,   -0.007207,   -0.001142,   -0.000700,   -0.002086
  137    -0.007864,   -0.002862,   -0.000276,   -0.000476,   -0.000645
  138    -0.000678,   -0.000273,   -0.000007,   -0.000015,   -0.000115
  139    -0.002186,   -0.000550,    0.000039,   -0.000177,    0.000060
  140    -0.001274,   -0.000566,   -0.000100,   -0.000043,   -0.000096
  141    -0.000162,   -0.000072,    0.000033,    0.000036,   -0.000124
  142    -0.004785,   -0.001299,    0.000045,   -0.000376,    0.000065
  143    -0.000899,   -0.000436,   -0.000118,   -0.000000,   -0.000043
  144    -0.000595,   -0.000158,    0.000001,   -0.000049,    0.000014
  145    -0.000875,   -0.000228,    0.000013,   -0.000070,    0.000008
  146    -0.000368,   -0.000138,   -0.000023,   -0.000020,    0.000010
  147    -0.000213,   -0.000075,   -0.000000,   -0.000004,   -0.000021
  148    -0.000418,   -0.000114,    0.000012,   -0.000027,   -0.000011
  149     0.090605,    0.024775,   -0.000210,    0.007121,   -0.000001
  150     0.109920,    0.030337,   -0.000283,    0.008489,   -0.000001
  151     0.030337,    0.008901,   -0.000055,    0.002266,   -0.000000
  152    -0.000283,   -0.000055,    0.000064,   -0.000019,    0.000000
  153     0.008489,    0.002266,   -0.000019,    0.000684,   -0.000000
  154    -0.000001,   -0.000000,    0.000000,   -0.000000,    0.000073
  155     0.000647,    0.000286,    0.000115,    0.000041,   -0.000000
  156     0.008269,    0.002106,   -0.000042,    0.000675,   -0.000000
  157    -0.000001,   -0.000000,    0.000000,   -0.000000,    0.000144
  158     0.000058,    0.000026,    0.000034,    0.000006,   -0.000000
  159    -0.000000,   -0.000000,    0.000000,   -0.000000,    0.000034
  160    -0.000659,   -0.000172,    0.000003,   -0.000054,   -0.000000
  161    -0.000000,   -0.000000,   -0.000000,   -0.000000,   -0.000001
  162    -0.001091,   -0.000283,    0.000002,   -0.000094,    0.000000
  163    -0.012568,   -0.005816,   -0.000973,   -0.000390,    0.001709
  164    -0.017223,   -0.007208,   -0.001143,   -0.000700,    0.002086
  165    -0.007864,   -0.002862,   -0.000276,   -0.000476,    0.000645
  166    -0.000679,   -0.000273,   -0.000007,   -0.000015,    0.000115
  167    -0.002185,   -0.000550,    0.000039,   -0.000177,   -0.000060
  168     0.001275,    0.000566,    0.000100,    0.000043,   -0.000096
  169    -0.000162,   -0.000072,    0.000033,    0.000036,    0.000124
  170    -0.004784,   -0.001299,    0.000045,   -0.000376,   -0.000065
  171     0.000901,    0.000436,    0.000118,    0.000001,   -0.000043
  172    -0.000596,   -0.000158,    0.000001,   -0.000049,   -0.000014
  173     0.000875,    0.000228,   -0.000013,    0.000070,    0.000008
  174    -0.000368,   -0.000138,   -0.000023,   -0.000020,   -0.000010
  175     0.000214,    0.000075,    0.000000,    0.000004,   -0.000021
  176    -0.000418,   -0.000114,    0.000012,   -0.000027,    0.000011
               155,         156,         157,         158,         159
    0     0.000625,   -0.001418,    0.000000,    0.000178,    0.000000
    1     0.000896,   -0.001749,    0.000000,    0.000279,    0.000000
    2    -0.000403,   -0.000641,   -0.000000,   -0.000218,    0.000000
    3    -0.000175,   -0.000682,   -0.000000,   -0.000216,   -0.000000
    4    -0.000304,   -0.000302,    0.000000,   -0.000120,    0.000000
    5     0.000622,   -0.003089,    0.000000,    0.000159,    0.000000
    6    -0.003412,   -0.000552,    0.000000,   -0.000142,   -0.000000
    7     0.000000,    0.000000,   -0.000634,    0.000000,   -0.000125
    8    -0.000282,   -0.001707,    0.000000,   -0.000064,    0.000000
    9    -0.001493,   -0.000194,    0.000000,    0.000073,   -0.000000
   10     0.000000,    0.000000,   -0.000523,    0.000000,   -0.000105
   11     0.000152,   -0.000595,    0.000000,    0.000072,   -0.000000
   12    -0.000574,   -0.000305,    0.000000,   -0.000023,    0.000000
   13     0.000000,    0.000000,   -0.000353,   -0.000000,   -0.000078
   14     0.000163,   -0.000132,    0.000000,    0.000040,    0.000000
   15     0.000000,    0.000000,    0.000006,   -0.000000,    0.000002
   16     0.000016,   -0.000022,    0.000000,    0.000004,    0.000000
   17    -0.000000,   -0.000000,   -0.000032,   -0.000000,   -0.000009
   18     0.000055,    0.000008,    0.000000,    0.000052,    0.000000
   19    -0.000011,   -0.000071,    0.000000,   -0.000005,    0.000000
   20     0.000000,    0.000000,    0.000025,   -0.000000,    0.000007
   21     0.000060,   -0.000076,    0.000000,    0.000026,    0.000000
   22    -0.000000,   -0.000000,   -0.000065,   -0.000000,   -0.000017
   23     0.000478,    0.000052,   -0.000000,    0.000165,   -0.000000
   24    -0.000040,   -0.000002,   -0.000000,   -0.000010,    0.000000
   25    -0.000000,   -0.000000,    0.000003,   -0.000000,    0.000000
   26     0.000042,    0.000005,   -0.000000,    0.000002,    0.000000
   27    -0.000000,   -0.000000,   -0.000001,   -0.000000,   -0.000001
   28     0.000011,    0.000053,   -0.000000,    0.000004,   -0.000000
   29    -0.000000,    0.000000,    0.000020,   -0.000000,    0.000005
   30    -0.000115,   -0.000042,    0.000000,   -0.000032,   -0.000000
   31     0.001097,    0.000223,   -0.000000,   -0.000074,    0.000000
   32     0.001921,    0.000564,   -0.000000,    0.000075,   -0.000000
   33     0.000182,    0.000197,   -0.000000,   -0.000092,   -0.000000
   34    -0.000018,   -0.000049,    0.000000,   -0.000004,    0.000000
   35     0.000115,    0.000007,   -0.000000,   -0.000002,    0.000000
   36     0.000000,    0.000000,   -0.000012,   -0.000000,   -0.000002
   37    -0.000071,   -0.000208,    0.000000,   -0.000014,    0.000000
   38     0.000353,    0.000072,   -0.000000,    0.000070,   -0.000000
   39     0.000000,    0.000000,   -0.000012,    0.000000,   -0.000002
   40    -0.000025,   -0.000037,    0.000000,   -0.000006,    0.000000
   41     0.000000,    0.000000,   -0.000001,    0.000000,   -0.000000
   42    -0.000017,   -0.000012,    0.000000,   -0.000003,    0.000000
   43    -0.000000,   -0.000000,   -0.000001,   -0.000000,   -0.000000
   44    -0.000021,    0.000006,   -0.000000,   -0.000002,   -0.000000
   45    -0.000260,   -0.001362,    0.000000,    0.000072,    0.000000
   46    -0.000044,   -0.001801,    0.000000,    0.000200,    0.000000
   47     0.000163,   -0.000301,    0.000000,    0.000107,    0.000000
   48     0.000053,    0.000105,   -0.000000,    0.000000,   -0.000000
   49    -0.000040,    0.000061,   -0.000000,   -0.000008,   -0.000000
   50     0.000000,   -0.000000,   -0.000017,    0.000000,   -0.000004
   51     0.000009,    0.000137,   -0.000000,   -0.000020,   -0.000000
   52    -0.000072,    0.000101,   -0.000000,   -0.000010,   -0.000000
   53     0.000000,   -0.000000,   -0.000037,    0.000000,   -0.000008
   54     0.000022,   -0.000011,    0.000000,    0.000005,    0.000000
   55    -0.000000,   -0.000000,    0.000005,   -0.000000,    0.000001
   56     0.000001,    0.000003,   -0.000000,   -0.000000,   -0.000000
   57    -0.000000,   -0.000000,    0.000008,   -0.000000,    0.000002
   58    -0.000035,   -0.000011,    0.000000,   -0.000005,   -0.000000
   59    -0.000906,   -0.000624,    0.000000,   -0.000360,   -0.000000
   60    -0.001653,   -0.000782,   -0.000000,   -0.000607,   -0.000000
   61     0.002054,   -0.000301,    0.000000,    0.000601,    0.000000
   62     0.002090,   -0.000589,    0.000000,    0.000565,    0.000000
   63     0.000534,   -0.000536,   -0.000000,    0.000135,   -0.000000
   64    -0.005302,    0.003102,   -0.000001,   -0.001346,   -0.000000
   65    -0.002634,   -0.000985,   -0.000000,   -0.001166,   -0.000000
   66     0.000000,    0.000001,    0.001671,    0.000000,    0.000426
   67    -0.003778,    0.002287,   -0.000001,   -0.000994,   -0.000000
   68    -0.001465,   -0.000077,   -0.000000,   -0.000706,   -0.000000
   69     0.000000,    0.000001,    0.001261,   -0.000000,    0.000321
   70    -0.000363,    0.000534,   -0.000000,   -0.000099,   -0.000000
   71    -0.000216,    0.000296,   -0.000000,   -0.000140,   -0.000000
   72     0.000000,    0.000000,    0.000104,    0.000000,    0.000031
   73     0.000241,    0.000030,   -0.000000,    0.000066,   -0.000000
   74    -0.000000,   -0.000000,   -0.000077,    0.000000,   -0.000019
   75    -0.000055,   -0.000044,   -0.000000,   -0.000020,   -0.000000
   76     0.000000,   -0.000000,   -0.000212,    0.000000,   -0.000050
   77    -0.000098,   -0.000213,    0.000000,    0.000017,    0.000000
   78     0.000592,    0.000176,   -0.000000,    0.000178,   -0.000000
   79    -0.000000,   -0.000000,   -0.000138,    0.000000,   -0.000034
   80    -0.000150,   -0.000114,   -0.000000,   -0.000043,   -0.000000
   81     0.000000,   -0.000000,   -0.000445,    0.000000,   -0.000105
   82    -0.000294,   -0.000811,    0.000000,   -0.000006,    0.000000
   83    -0.000067,   -0.000043,    0.000000,   -0.000023,    0.000000
   84    -0.000000,    0.000000,    0.000063,   -0.000000,    0.000015
   85     0.000059,    0.000035,   -0.000000,    0.000022,   -0.000000
   86    -0.000000,   -0.000000,   -0.000091,    0.000000,   -0.000022
   87     0.000116,   -0.000067,    0.000000,    0.000030,    0.000000
   88     0.000000,    0.000000,    0.000061,   -0.000000,    0.000015
   89    -0.000037,    0.000136,   -0.000000,   -0.000003,   -0.000000
   90    -0.000433,    0.000072,   -0.000000,   -0.000338,   -0.000000
   91    -0.000899,   -0.000240,   -0.000000,   -0.000497,   -0.000000
   92    -0.000180,    0.000513,   -0.000000,   -0.000167,   -0.000000
   93    -0.000067,    0.000072,   -0.000000,   -0.000015,   -0.000000
   94     0.000046,    0.000025,    0.000000,    0.000030,    0.000000
   95    -0.000000,    0.000000,    0.000022,   -0.000000,    0.000006
   96    -0.000184,    0.000110,   -0.000000,   -0.000047,   -0.000000
   97     0.000172,    0.000249,   -0.000000,    0.000048,   -0.000000
   98    -0.000000,    0.000000,    0.000060,   -0.000000,    0.000015
   99     0.000044,   -0.000046,    0.000000,    0.000010,    0.000000
  100     0.000000,   -0.000000,   -0.000012,    0.000000,   -0.000003
  101     0.000005,   -0.000001,    0.000000,    0.000002,    0.000000
  102    -0.000000,    0.000000,   -0.000009,   -0.000000,   -0.000002
  103     0.000014,    0.000006,    0.000000,    0.000005,    0.000000
  104     0.000842,   -0.007006,    0.000001,    0.000173,    0.000000
  105     0.001323,   -0.010952,    0.000001,    0.000260,    0.000000
  106    -0.001051,    0.008122,   -0.000001,   -0.000154,   -0.000000
  107    -0.001346,    0.006769,   -0.000001,   -0.000255,   -0.000000
  108    -0.000336,    0.001209,   -0.000000,   -0.000090,   -0.000000
  109     0.007701,   -0.001062,   -0.000000,    0.002209,   -0.000000
  110    -0.001331,   -0.012072,    0.000002,   -0.000161,    0.000001
  111    -0.000000,    0.000002,    0.009669,   -0.000000,    0.002309
  112     0.004712,   -0.000003,   -0.000000,    0.001346,   -0.000000
  113    -0.001098,   -0.007629,    0.000002,   -0.000178,    0.000000
  114    -0.000000,    0.000002,    0.006517,   -0.000000,    0.001556
  115     0.001182,    0.000087,   -0.000000,    0.000340,   -0.000000
  116    -0.000343,   -0.002098,    0.000000,   -0.000053,    0.000000
  117    -0.000000,    0.000000,    0.001766,   -0.000000,    0.000421
  118     0.000218,   -0.000156,   -0.000000,    0.000059,   -0.000000
  119    -0.000000,   -0.000000,    0.000211,   -0.000000,    0.000051
  120    -0.000278,   -0.000168,   -0.000000,   -0.000073,   -0.000000
  121     0.000000,   -0.000000,   -0.000270,    0.000000,   -0.000064
  122     0.000096,   -0.000381,    0.000000,    0.000041,    0.000000
  123     0.000150,   -0.000033,   -0.000000,    0.000029,   -0.000000
  124    -0.000000,    0.000000,    0.000218,   -0.000000,    0.000052
  125    -0.000247,   -0.000228,   -0.000000,   -0.000059,   -0.000000
  126     0.000000,   -0.000000,   -0.000138,    0.000000,   -0.000031
  127     0.000059,   -0.000083,    0.000000,    0.000033,    0.000000
  128     0.000038,    0.000017,    0.000000,    0.000012,    0.000000
  129     0.000000,    0.000000,    0.000025,    0.000000,    0.000006
  130    -0.000016,    0.000049,   -0.000000,   -0.000004,   -0.000000
  131     0.000000,   -0.000000,   -0.000044,    0.000000,   -0.000011
  132    -0.000030,   -0.000040,    0.000000,   -0.000010,    0.000000
  133     0.000000,    0.000000,    0.000042,   -0.000000,    0.000010
  134     0.000050,    0.000054,   -0.000000,    0.000017,   -0.000000
  135    -0.002098,    0.000369,   -0.003348,   -0.000540,   -0.000798
  136    -0.002482,    0.000274,   -0.004086,   -0.000644,   -0.000974
  137    -0.000648,   -0.000165,   -0.001224,   -0.000163,   -0.000290
  138    -0.000030,    0.000006,   -0.000228,   -0.000005,   -0.000054
  139     0.000055,   -0.000192,    0.000117,    0.000017,    0.000028
  140    -0.000214,    0.000038,   -0.000188,   -0.000056,   -0.000045
  141     0.000049,    0.000050,   -0.000251,    0.000017,   -0.000060
  142     0.000039,   -0.000389,    0.000128,    0.000016,    0.000031
  143    -0.000247,    0.000119,   -0.000091,   -0.000066,   -0.000022
  144    -0.000003,   -0.000051,    0.000028,   -0.000001,    0.000007
  145     0.000017,   -0.000078,    0.000015,    0.000006,    0.000004
  146    -0.000050,    0.000002,    0.000021,   -0.000013,    0.000005
  147    -0.000007,    0.000009,   -0.000043,   -0.000001,   -0.000010
  148     0.000016,   -0.000028,   -0.000022,    0.000005,   -0.000005
  149     0.000519,    0.006805,   -0.000001,    0.000062,   -0.000000
  150     0.000647,    0.008269,   -0.000001,    0.000058,   -0.000000
  151     0.000286,    0.002106,   -0.000000,    0.000026,   -0.000000
  152     0.000115,   -0.000042,    0.000000,    0.000034,    0.000000
  153     0.000041,    0.000675,   -0.000000,    0.000006,   -0.000000
  154    -0.000000,   -0.000000,    0.000144,   -0.000000,    0.000034
  155     0.000258,   -0.000006,   -0.000000,    0.000065,   -0.000000
  156    -0.000006,    0.000763,   -0.000000,   -0.000007,   -0.000000
  157    -0.000000,   -0.000000,    0.000287,   -0.000000,    0.000069
  158     0.000065,   -0.000007,   -0.000000,    0.000019,    0.000000
  159    -0.000000,   -0.000000,    0.000069,    0.000000,    0.000016
  160    -0.000000,   -0.000063,   -0.000000,    0.000001,   -0.000000
  161    -0.000000,    0.000000,   -0.000002,   -0.000000,   -0.000000
  162    -0.000001,   -0.000103,    0.000000,   -0.000001,    0.000000
  163    -0.002099,    0.000369,    0.003348,   -0.000541,    0.000798
  164    -0.002483,    0.000275,    0.004085,   -0.000644,    0.000974
  165    -0.000648,   -0.000165,    0.001224,   -0.000163,    0.000290
  166    -0.000030,    0.000006,    0.000228,   -0.000005,    0.000054
  167     0.000055,   -0.000192,   -0.000117,    0.000017,   -0.000028
  168     0.000214,   -0.000038,   -0.000188,    0.000056,   -0.000045
  169     0.000049,    0.000050,    0.000251,    0.000017,    0.000060
  170     0.000039,   -0.000389,   -0.000128,    0.000016,   -0.000031
  171     0.000247,   -0.000118,   -0.000091,    0.000066,   -0.000022
  172    -0.000003,   -0.000051,   -0.000028,   -0.000001,   -0.000007
  173    -0.000017,    0.000078,    0.000015,   -0.000006,    0.000004
  174    -0.000050,    0.000002,   -0.000021,   -0.000013,   -0.000005
  175     0.000007,   -0.000009,   -0.000043,    0.000001,   -0.000010
  176     0.000016,   -0.000028,    0.000022,    0.000005,    0.000005
               160,         161,         162,         163,         164
    0     0.000057,   -0.000000,   -0.000011,   -0.001505,   -0.001623
    1     0.000081,   -0.000000,   -0.000069,   -0.003401,   -0.003887
    2    -0.000022,    0.000000,    0.000271,    0.007406,    0.009093
    3    -0.000026,    0.000000,    0.000183,    0.005793,    0.007221
    4     0.000010,    0.000000,    0.000083,    0.004084,    0.004946
    5     0.000154,    0.000000,   -0.000118,   -0.008655,   -0.009670
    6     0.000174,    0.000000,   -0.000311,    0.002309,    0.001794
    7     0.000000,    0.000214,    0.000000,   -0.027161,   -0.033707
    8     0.000095,    0.000000,   -0.000048,   -0.002221,   -0.002453
    9     0.000090,    0.000000,   -0.000240,   -0.002240,   -0.003351
   10     0.000000,    0.000161,    0.000000,   -0.020974,   -0.026018
   11     0.000039,   -0.000000,   -0.000008,   -0.002099,   -0.002423
   12     0.000046,    0.000000,   -0.000029,    0.000710,    0.000705
   13     0.000000,    0.000055,    0.000000,   -0.009119,   -0.011271
   14     0.000006,   -0.000000,   -0.000007,   -0.000711,   -0.000866
   15    -0.000000,    0.000005,    0.000000,   -0.000416,   -0.000522
   16     0.000003,   -0.000000,   -0.000005,   -0.000100,   -0.000118
   17     0.000000,   -0.000009,    0.000000,    0.000456,    0.000580
   18     0.000006,   -0.000000,   -0.000012,   -0.000496,   -0.000718
   19     0.000004,    0.000000,   -0.000002,    0.000597,    0.000615
   20    -0.000000,    0.000007,    0.000000,   -0.000355,   -0.000452
   21     0.000009,   -0.000000,    0.000004,   -0.000126,   -0.000159
   22     0.000000,   -0.000012,    0.000000,    0.000399,    0.000520
   23    -0.000002,   -0.000000,   -0.000029,   -0.002342,   -0.002946
   24     0.000000,    0.000000,    0.000006,    0.000246,    0.000291
   25    -0.000000,   -0.000003,   -0.000000,    0.000312,    0.000388
   26    -0.000002,   -0.000000,    0.000004,   -0.000011,   -0.000008
   27     0.000000,   -0.000005,    0.000000,    0.000472,    0.000589
   28    -0.000003,   -0.000000,   -0.000001,    0.000018,    0.000011
   29    -0.000000,    0.000002,    0.000000,    0.000060,    0.000069
   30     0.000003,    0.000000,    0.000004,    0.000425,    0.000555
   31    -0.000090,   -0.000000,    0.000176,    0.001093,    0.001883
   32    -0.000130,   -0.000000,    0.000167,   -0.002368,   -0.002165
   33    -0.000037,    0.000000,    0.000052,    0.000368,    0.000732
   34     0.000003,    0.000000,   -0.000001,   -0.000041,   -0.000033
   35    -0.000007,   -0.000000,    0.000017,    0.000070,    0.000133
   36    -0.000000,    0.000003,    0.000000,   -0.000441,   -0.000547
   37     0.000014,    0.000000,    0.000011,    0.000530,    0.000678
   38    -0.000012,   -0.000000,    0.000004,   -0.001309,   -0.001546
   39    -0.000000,    0.000008,    0.000000,   -0.000878,   -0.001092
   40     0.000002,    0.000000,    0.000000,    0.000083,    0.000114
   41    -0.000000,    0.000002,    0.000000,   -0.000152,   -0.000190
   42     0.000001,    0.000000,    0.000000,    0.000076,    0.000091
   43     0.000000,   -0.000000,    0.000000,    0.000018,    0.000023
   44     0.000000,    0.000000,   -0.000003,    0.000008,    0.000002
   45     0.000087,    0.000000,   -0.000058,   -0.002364,   -0.002845
   46     0.000123,   -0.000000,   -0.000079,   -0.004669,   -0.005527
   47     0.000021,   -0.000000,   -0.000056,   -0.002756,   -0.003393
   48    -0.000007,   -0.000000,    0.000005,    0.000070,    0.000082
   49    -0.000002,    0.000000,   -0.000000,    0.000193,    0.000221
   50     0.000000,    0.000003,   -0.000000,   -0.000499,   -0.000618
   51    -0.000010,    0.000000,    0.000005,    0.000401,    0.000425
   52    -0.000004,    0.000000,   -0.000009,    0.000184,    0.000178
   53     0.000000,    0.000008,    0.000000,   -0.001187,   -0.001471
   54     0.000000,   -0.000000,    0.000000,   -0.000076,   -0.000090
   55    -0.000000,   -0.000000,   -0.000000,    0.000101,    0.000124
   56    -0.000000,    0.000000,    0.000000,    0.000024,    0.000026
   57    -0.000000,   -0.000002,   -0.000000,    0.000238,    0.000294
   58     0.000001,    0.000000,   -0.000001,    0.000071,    0.000090
   59     0.000024,    0.000000,   -0.000019,    0.003139,    0.003153
   60     0.000038,    0.000000,   -0.000027,    0.006924,    0.007579
   61    -0.000020,   -0.000000,    0.000022,   -0.013100,   -0.016035
   62     0.000026,   -0.000000,    0.000126,   -0.017209,   -0.020470
   63     0.000027,   -0.000000,    0.000032,   -0.004992,   -0.005362
   64    -0.000141,    0.000000,    0.000000,    0.015693,    0.019752
   65    -0.000010,    0.000000,    0.000107,    0.002253,    0.005818
   66    -0.000000,    0.000194,   -0.000000,    0.000337,   -0.000132
   67    -0.000114,    0.000000,   -0.000036,    0.013539,    0.016495
   68    -0.000049,    0.000000,    0.000031,    0.000122,    0.001856
   69    -0.000000,    0.000146,   -0.000000,    0.000303,   -0.000039
   70    -0.000036,    0.000000,   -0.000050,    0.001814,    0.001995
   71    -0.000037,    0.000000,   -0.000019,   -0.000144,    0.000059
   72    -0.000000,    0.000049,   -0.000000,   -0.003477,   -0.004376
   73    -0.000007,   -0.000000,   -0.000039,   -0.001682,   -0.002084
   74     0.000000,   -0.000005,    0.000000,   -0.000395,   -0.000467
   75     0.000005,    0.000000,    0.000005,    0.000118,    0.000205
   76     0.000000,    0.000010,    0.000000,   -0.003316,   -0.004071
   77     0.000021,   -0.000000,    0.000008,    0.001607,    0.001758
   78    -0.000020,   -0.000000,   -0.000083,   -0.004462,   -0.005378
   79     0.000000,   -0.000007,    0.000000,   -0.000891,   -0.001067
   80     0.000009,    0.000000,    0.000006,    0.000848,    0.001120
   81     0.000000,    0.000016,    0.000000,   -0.006428,   -0.007880
   82     0.000065,    0.000000,    0.000047,    0.003966,    0.004763
   83     0.000003,    0.000000,    0.000006,    0.000443,    0.000550
   84    -0.000000,   -0.000003,   -0.000000,    0.001000,    0.001228
   85    -0.000002,   -0.000000,   -0.000004,   -0.000168,   -0.000236
   86     0.000000,   -0.000005,    0.000000,   -0.000562,   -0.000672
   87     0.000003,   -0.000000,   -0.000000,   -0.000318,   -0.000384
   88    -0.000000,    0.000002,   -0.000000,    0.000537,    0.000650
   89    -0.000008,    0.000000,   -0.000023,   -0.000769,   -0.000928
   90    -0.000052,    0.000000,    0.000018,   -0.004047,   -0.003577
   91    -0.000043,    0.000000,    0.000023,   -0.001355,    0.000234
   92    -0.000058,    0.000000,   -0.000030,   -0.001990,   -0.001888
   93    -0.000004,    0.000000,   -0.000006,    0.000052,    0.000064
   94     0.000002,   -0.000000,   -0.000004,    0.000310,    0.000252
   95    -0.000000,    0.000003,   -0.000000,   -0.000039,   -0.000056
   96    -0.000004,    0.000000,   -0.000001,    0.000335,    0.000395
   97    -0.000014,   -0.000000,   -0.000011,   -0.001079,   -0.001520
   98    -0.000000,    0.000007,   -0.000000,   -0.000004,   -0.000024
   99     0.000002,   -0.000000,    0.000004,    0.000042,    0.000052
  100     0.000000,   -0.000001,    0.000000,    0.000001,    0.000005
  101     0.000000,   -0.000000,    0.000001,   -0.000023,   -0.000035
  102     0.000000,    0.000000,   -0.000000,   -0.000128,   -0.000156
  103    -0.000000,   -0.000000,   -0.000001,    0.000000,   -0.000022
  104     0.000803,   -0.000000,    0.001624,   -0.017185,   -0.031531
  105     0.001210,   -0.000000,    0.002430,   -0.036665,   -0.055968
  106    -0.000716,    0.000000,   -0.001363,    0.066808,    0.068605
  107    -0.000596,    0.000000,   -0.001143,    0.055635,    0.057918
  108    -0.000094,    0.000000,   -0.000170,    0.008140,    0.007819
  109     0.000075,   -0.000000,   -0.000145,   -0.069288,   -0.081733
  110     0.000914,    0.000000,    0.001484,    0.044353,    0.054251
  111    -0.000001,   -0.000078,   -0.000000,    0.115014,    0.140424
  112    -0.000012,   -0.000000,   -0.000202,   -0.042222,   -0.049817
  113     0.000579,    0.000000,    0.000959,    0.031496,    0.038323
  114    -0.000000,   -0.000055,   -0.000000,    0.077768,    0.094956
  115    -0.000008,   -0.000000,   -0.000067,   -0.011161,   -0.013275
  116     0.000160,    0.000000,    0.000259,    0.009255,    0.011188
  117    -0.000000,   -0.000018,   -0.000000,    0.021377,    0.026110
  118     0.000009,   -0.000000,    0.000007,   -0.001591,   -0.001839
  119    -0.000000,   -0.000001,    0.000000,    0.002419,    0.002951
  120     0.000014,    0.000000,    0.000030,    0.002793,    0.003335
  121     0.000000,    0.000008,    0.000000,   -0.003742,   -0.004583
  122     0.000030,   -0.000000,    0.000045,    0.000660,    0.000790
  123    -0.000004,   -0.000000,   -0.000010,   -0.000778,   -0.000868
  124    -0.000000,    0.000001,   -0.000000,    0.002370,    0.002887
  125     0.000024,    0.000000,    0.000049,    0.001937,    0.002289
  126     0.000000,    0.000016,    0.000000,   -0.003017,   -0.003722
  127     0.000009,   -0.000000,    0.000017,    0.001040,    0.001127
  128    -0.000002,   -0.000000,   -0.000008,    0.000369,    0.000302
  129    -0.000000,    0.000001,   -0.000000,    0.000161,    0.000193
  130    -0.000003,    0.000000,   -0.000004,    0.000287,    0.000248
  131     0.000000,   -0.000001,    0.000000,   -0.000362,   -0.000437
  132     0.000003,    0.000000,    0.000007,   -0.000493,   -0.000428
  133    -0.000000,    0.000001,   -0.000000,    0.000340,    0.000411
  134    -0.000003,   -0.000000,   -0.000006,   -0.000221,   -0.000304
  135    -0.000048,    0.000035,   -0.000060,   -0.006772,   -0.011217
  136    -0.000049,    0.000043,   -0.000060,   -0.011216,   -0.016406
  137     0.000009,    0.000023,    0.000026,   -0.006404,   -0.008346
  138    -0.000002,    0.000002,   -0.000007,   -0.001501,   -0.001949
  139     0.000015,   -0.000001,    0.000024,    0.000917,    0.001209
  140    -0.000005,    0.000002,   -0.000007,    0.001038,    0.001020
  141    -0.000008,    0.000001,   -0.000022,   -0.002285,   -0.002813
  142     0.000032,   -0.000001,    0.000053,    0.001462,    0.001845
  143    -0.000015,   -0.000001,   -0.000026,    0.002848,    0.003321
  144     0.000004,   -0.000000,    0.000008,    0.000367,    0.000453
  145     0.000006,   -0.000000,    0.000010,    0.000079,    0.000111
  146    -0.000001,    0.000000,   -0.000000,    0.000875,    0.001046
  147    -0.000002,    0.000000,   -0.000005,   -0.000150,   -0.000189
  148     0.000002,   -0.000000,    0.000002,   -0.000238,   -0.000284
  149    -0.000543,   -0.000000,   -0.000922,   -0.008035,   -0.011983
  150    -0.000659,   -0.000000,   -0.001091,   -0.012568,   -0.017223
  151    -0.000172,   -0.000000,   -0.000283,   -0.005816,   -0.007208
  152     0.000003,   -0.000000,    0.000002,   -0.000973,   -0.001143
  153    -0.000054,   -0.000000,   -0.000094,   -0.000390,   -0.000700
  154    -0.000000,   -0.000001,    0.000000,    0.001709,    0.002086
  155    -0.000000,   -0.000000,   -0.000001,   -0.002099,   -0.002483
  156    -0.000063,    0.000000,   -0.000103,    0.000369,    0.000275
  157    -0.000000,   -0.000002,    0.000000,    0.003348,    0.004085
  158     0.000001,   -0.000000,   -0.000001,   -0.000541,   -0.000644
  159    -0.000000,   -0.000000,    0.000000,    0.000798,    0.000974
  160     0.000005,   -0.000000,    0.000009,   -0.000048,   -0.000049
  161    -0.000000,    0.000000,    0.000000,   -0.000035,   -0.000043
  162     0.000009,    0.000000,    0.000017,   -0.000060,   -0.000061
  163    -0.000048,   -0.000035,   -0.000060,    0.074424,    0.087960
  164    -0.000049,   -0.000043,   -0.000061,    0.087960,    0.104737
  165     0.000009,   -0.000023,    0.000026,    0.025196,    0.030305
  166    -0.000002,   -0.000002,   -0.000007,    0.003867,    0.004604
  167     0.000015,    0.000001,    0.000024,   -0.001921,   -0.002258
  168     0.000005,    0.000002,    0.000007,   -0.005589,   -0.006579
  169    -0.000008,   -0.000001,   -0.000022,    0.003462,    0.004198
  170     0.000032,    0.000001,    0.000053,   -0.001565,   -0.001850
  171     0.000015,   -0.000001,    0.000025,   -0.004766,   -0.005655
  172     0.000004,    0.000000,    0.000008,   -0.000300,   -0.000363
  173    -0.000006,   -0.000000,   -0.000010,    0.000315,    0.000371
  174    -0.000001,   -0.000000,   -0.000000,    0.000419,    0.000490
  175     0.000002,    0.000000,    0.000005,   -0.000833,   -0.001009
  176     0.000002,    0.000000,    0.000002,    0.000243,    0.000301
               165,         166,         167,         168,         169
    0    -0.001720,    0.000037,   -0.000005,    0.000133,    0.000316
    1    -0.003080,    0.000080,    0.000004,    0.000318,    0.000517
    2     0.004230,   -0.000143,   -0.000040,   -0.000743,   -0.000520
    3     0.002239,   -0.000049,   -0.000129,   -0.000605,   -0.000171
    4     0.001544,    0.000001,   -0.000062,   -0.000414,   -0.000171
    5    -0.007400,    0.000621,    0.000314,    0.000796,    0.002217
    6     0.001272,    0.000165,   -0.000124,   -0.000201,   -0.000035
    7    -0.022258,   -0.000837,    0.000985,    0.001440,    0.000165
    8    -0.003229,    0.000253,    0.000021,    0.000180,    0.000864
    9    -0.000661,    0.000137,   -0.000005,    0.000258,    0.000283
   10    -0.016948,   -0.000666,    0.000760,    0.001113,    0.000085
   11    -0.001147,    0.000109,    0.000138,    0.000207,    0.000372
   12     0.000325,    0.000043,    0.000013,   -0.000065,    0.000003
   13    -0.006452,   -0.000365,    0.000328,    0.000491,   -0.000127
   14    -0.000455,    0.000046,    0.000036,    0.000074,    0.000151
   15    -0.000459,   -0.000003,    0.000015,    0.000021,    0.000023
   16    -0.000124,    0.000013,    0.000005,    0.000009,    0.000031
   17     0.000685,   -0.000011,   -0.000017,   -0.000022,   -0.000058
   18    -0.000031,    0.000026,    0.000043,    0.000063,    0.000054
   19     0.000030,    0.000032,   -0.000015,   -0.000056,    0.000035
   20    -0.000535,    0.000009,    0.000014,    0.000017,    0.000046
   21    -0.000014,    0.000033,    0.000048,    0.000017,    0.000059
   22     0.000867,   -0.000032,   -0.000016,   -0.000017,   -0.000099
   23    -0.000651,    0.000080,    0.000131,    0.000259,    0.000276
   24     0.000134,   -0.000010,   -0.000007,   -0.000025,   -0.000036
   25     0.000288,    0.000007,   -0.000011,   -0.000016,   -0.000008
   26    -0.000015,   -0.000003,   -0.000000,    0.000001,   -0.000002
   27     0.000475,    0.000007,   -0.000017,   -0.000024,   -0.000019
   28     0.000071,   -0.000004,    0.000001,   -0.000000,   -0.000014
   29    -0.000083,    0.000013,   -0.000002,   -0.000004,    0.000023
   30     0.000107,   -0.000007,   -0.000017,   -0.000048,   -0.000031
   31     0.000353,   -0.000155,   -0.000058,   -0.000141,   -0.000207
   32    -0.000771,   -0.000164,    0.000029,    0.000215,    0.000002
   33     0.000018,   -0.000125,   -0.000098,   -0.000062,   -0.000215
   34    -0.000072,    0.000006,    0.000002,    0.000002,    0.000021
   35     0.000033,   -0.000008,    0.000003,   -0.000009,   -0.000006
   36    -0.000350,   -0.000015,    0.000016,    0.000023,    0.000001
   37     0.000090,    0.000040,    0.000028,   -0.000057,    0.000058
   38    -0.000373,    0.000011,    0.000056,    0.000138,    0.000108
   39    -0.000783,   -0.000022,    0.000032,    0.000046,    0.000017
   40    -0.000009,    0.000006,    0.000000,   -0.000010,    0.000011
   41    -0.000144,   -0.000003,    0.000006,    0.000008,    0.000004
   42     0.000022,    0.000001,   -0.000001,   -0.000008,   -0.000003
   43     0.000027,   -0.000000,   -0.000001,   -0.000001,   -0.000002
   44    -0.000007,   -0.000002,   -0.000006,   -0.000001,   -0.000005
   45    -0.001914,    0.000271,    0.000154,    0.000233,    0.000826
   46    -0.002779,    0.000413,    0.000351,    0.000471,    0.001254
   47    -0.001353,    0.000099,    0.000082,    0.000284,    0.000390
   48     0.000103,   -0.000021,   -0.000008,   -0.000006,   -0.000059
   49     0.000129,   -0.000013,   -0.000012,   -0.000019,   -0.000049
   50    -0.000371,   -0.000018,    0.000018,    0.000027,   -0.000004
   51     0.000137,   -0.000039,   -0.000048,   -0.000039,   -0.000113
   52     0.000112,   -0.000020,   -0.000029,   -0.000017,   -0.000062
   53    -0.000906,   -0.000042,    0.000043,    0.000063,   -0.000005
   54    -0.000037,    0.000005,    0.000006,    0.000008,    0.000017
   55     0.000060,    0.000005,   -0.000004,   -0.000005,    0.000003
   56     0.000010,   -0.000001,   -0.000001,   -0.000002,   -0.000005
   57     0.000173,    0.000009,   -0.000009,   -0.000013,    0.000002
   58     0.000026,    0.000002,   -0.000001,   -0.000008,   -0.000001
   59     0.000180,   -0.000221,   -0.000310,   -0.000394,   -0.000906
   60     0.000960,   -0.000398,   -0.000655,   -0.000817,   -0.001513
   61    -0.003313,    0.000477,    0.001172,    0.001396,    0.001423
   62    -0.004373,    0.000062,    0.001093,    0.001791,    0.000807
   63    -0.001369,    0.000061,    0.000370,    0.000475,    0.000374
   64     0.008435,   -0.001598,   -0.001766,   -0.001741,   -0.004158
   65    -0.002376,   -0.000656,   -0.000755,   -0.000549,   -0.000971
   66    -0.011828,    0.001003,    0.000025,   -0.000103,    0.002160
   67     0.005946,   -0.000978,   -0.001339,   -0.001464,   -0.002746
   68    -0.001943,   -0.000513,   -0.000591,   -0.000202,   -0.000747
   69    -0.008881,    0.000758,    0.000017,   -0.000080,    0.001629
   70     0.000467,   -0.000068,   -0.000221,   -0.000185,   -0.000222
   71    -0.000555,   -0.000120,   -0.000186,   -0.000019,   -0.000161
   72    -0.004196,    0.000003,    0.000130,    0.000175,    0.000262
   73    -0.000903,    0.000049,    0.000023,    0.000173,    0.000216
   74     0.000172,   -0.000053,    0.000013,    0.000024,   -0.000086
   75     0.000001,   -0.000026,   -0.000026,   -0.000017,   -0.000050
   76    -0.001738,   -0.000183,    0.000117,    0.000183,   -0.000155
   77     0.000605,    0.000111,    0.000065,   -0.000147,    0.000111
   78    -0.001823,    0.000055,    0.000073,    0.000456,    0.000400
   79     0.000124,   -0.000098,    0.000030,    0.000053,   -0.000147
   80     0.000206,   -0.000003,   -0.000029,   -0.000096,   -0.000037
   81    -0.003119,   -0.000374,    0.000227,    0.000356,   -0.000345
   82     0.001387,    0.000283,    0.000207,   -0.000391,    0.000335
   83     0.000091,   -0.000006,   -0.000020,   -0.000047,   -0.000030
   84     0.000532,    0.000054,   -0.000035,   -0.000055,    0.000045
   85    -0.000007,    0.000010,    0.000012,    0.000021,    0.000025
   86     0.000106,   -0.000064,    0.000019,    0.000034,   -0.000098
   87    -0.000157,    0.000036,    0.000041,    0.000035,    0.000093
   88     0.000084,    0.000046,   -0.000018,   -0.000031,    0.000060
   89    -0.000307,   -0.000044,   -0.000049,    0.000075,   -0.000040
   90    -0.002377,   -0.000321,   -0.000179,    0.000285,   -0.000257
   91    -0.001865,   -0.000245,   -0.000220,   -0.000037,   -0.000149
   92    -0.001153,   -0.000252,   -0.000252,    0.000145,   -0.000296
   93     0.000039,   -0.000025,   -0.000032,   -0.000007,   -0.000053
   94     0.000194,    0.000021,    0.000006,   -0.000020,    0.000011
   95    -0.000196,    0.000012,    0.000002,    0.000001,    0.000030
   96     0.000176,   -0.000065,   -0.000069,   -0.000037,   -0.000155
   97    -0.000248,   -0.000067,   -0.000039,    0.000126,   -0.000105
   98    -0.000442,    0.000036,    0.000001,   -0.000003,    0.000078
   99     0.000001,    0.000021,    0.000022,   -0.000003,    0.000040
  100     0.000087,   -0.000007,   -0.000000,    0.000001,   -0.000015
  101     0.000001,   -0.000002,    0.000001,    0.000003,   -0.000004
  102    -0.000062,   -0.000007,    0.000004,    0.000007,   -0.000007
  103     0.000010,    0.000001,    0.000001,    0.000002,   -0.000000
  104    -0.007232,   -0.001705,    0.000933,    0.002579,   -0.004736
  105    -0.011936,   -0.003044,    0.001714,    0.004691,   -0.007171
  106     0.011475,    0.003782,   -0.002308,   -0.006155,    0.004367
  107     0.009945,    0.002978,   -0.002030,   -0.005189,    0.003351
  108     0.000910,    0.000319,   -0.000490,   -0.000725,    0.000218
  109    -0.021503,   -0.000626,    0.002068,    0.007057,    0.002355
  110     0.018084,    0.002539,    0.003249,   -0.004358,    0.002019
  111     0.043421,    0.007713,   -0.004016,   -0.006455,    0.008381
  112    -0.013489,   -0.000342,    0.001097,    0.004287,    0.001594
  113     0.012620,    0.001668,    0.002011,   -0.003099,    0.001202
  114     0.029511,    0.005203,   -0.002716,   -0.004364,    0.005640
  115    -0.003720,   -0.000118,    0.000224,    0.001137,    0.000374
  116     0.003631,    0.000478,    0.000536,   -0.000909,    0.000338
  117     0.008297,    0.001415,   -0.000747,   -0.001198,    0.001517
  118    -0.000525,    0.000019,    0.000093,    0.000161,    0.000121
  119     0.000855,    0.000167,   -0.000084,   -0.000136,    0.000187
  120     0.000962,    0.000048,   -0.000016,   -0.000283,   -0.000064
  121    -0.001738,   -0.000224,    0.000132,    0.000208,   -0.000215
  122     0.000407,    0.000092,    0.000146,   -0.000056,    0.000116
  123    -0.000404,    0.000039,    0.000042,    0.000075,    0.000139
  124     0.000756,    0.000170,   -0.000082,   -0.000134,    0.000197
  125     0.000824,   -0.000003,    0.000010,   -0.000192,   -0.000147
  126    -0.001982,   -0.000133,    0.000108,    0.000163,   -0.000069
  127     0.000537,    0.000076,    0.000073,   -0.000090,    0.000066
  128    -0.000010,    0.000046,    0.000001,   -0.000028,    0.000071
  129    -0.000024,    0.000018,   -0.000005,   -0.000010,    0.000027
  130     0.000043,    0.000004,   -0.000020,   -0.000024,   -0.000012
  131    -0.000039,   -0.000032,    0.000012,    0.000021,   -0.000044
  132    -0.000059,   -0.000042,    0.000004,    0.000039,   -0.000052
  133     0.000033,    0.000031,   -0.000012,   -0.000020,    0.000042
  134    -0.000050,    0.000001,    0.000001,    0.000026,    0.000011
  135    -0.006404,   -0.001501,    0.000916,   -0.001038,   -0.002284
  136    -0.008346,   -0.001948,    0.001208,   -0.001021,   -0.002812
  137    -0.003743,   -0.000698,    0.000494,   -0.000054,   -0.000919
  138    -0.000698,   -0.000114,    0.000091,    0.000037,   -0.000121
  139     0.000494,    0.000091,    0.000016,   -0.000030,    0.000109
  140     0.000054,   -0.000037,    0.000030,   -0.000200,   -0.000103
  141    -0.000919,   -0.000121,    0.000109,    0.000103,   -0.000077
  142     0.000718,    0.000120,    0.000063,   -0.000076,    0.000118
  143     0.000782,    0.000072,   -0.000036,   -0.000332,    0.000033
  144     0.000160,    0.000023,    0.000001,   -0.000022,    0.000018
  145     0.000076,    0.000014,    0.000018,    0.000002,    0.000016
  146     0.000275,    0.000035,   -0.000017,   -0.000079,    0.000025
  147    -0.000084,   -0.000011,    0.000017,   -0.000007,   -0.000004
  148    -0.000070,   -0.000007,    0.000021,    0.000014,    0.000000
  149    -0.006195,   -0.000391,   -0.001823,    0.000851,    0.000063
  150    -0.007864,   -0.000679,   -0.002185,    0.001275,   -0.000162
  151    -0.002862,   -0.000273,   -0.000550,    0.000566,   -0.000072
  152    -0.000276,   -0.000007,    0.000039,    0.000100,    0.000033
  153    -0.000476,   -0.000015,   -0.000177,    0.000043,    0.000036
  154     0.000645,    0.000115,   -0.000060,   -0.000096,    0.000124
  155    -0.000648,   -0.000030,    0.000055,    0.000214,    0.000049
  156    -0.000165,    0.000006,   -0.000192,   -0.000038,    0.000050
  157     0.001224,    0.000228,   -0.000117,   -0.000188,    0.000251
  158    -0.000163,   -0.000005,    0.000017,    0.000056,    0.000017
  159     0.000290,    0.000054,   -0.000028,   -0.000045,    0.000060
  160     0.000009,   -0.000002,    0.000015,    0.000005,   -0.000008
  161    -0.000023,   -0.000002,    0.000001,    0.000002,   -0.000001
  162     0.000026,   -0.000007,    0.000024,    0.000007,   -0.000022
  163     0.025196,    0.003867,   -0.001921,   -0.005589,    0.003462
  164     0.030305,    0.004604,   -0.002258,   -0.006579,    0.004198
  165     0.009711,    0.001297,   -0.000614,   -0.001817,    0.001111
  166     0.001297,    0.000249,   -0.000096,   -0.000265,    0.000275
  167    -0.000614,   -0.000096,    0.000115,    0.000129,   -0.000091
  168    -0.001817,   -0.000265,    0.000129,    0.000455,   -0.000221
  169     0.001111,    0.000275,   -0.000091,   -0.000221,    0.000366
  170    -0.000410,   -0.000084,    0.000168,    0.000094,   -0.000105
  171    -0.001361,   -0.000213,    0.000102,    0.000440,   -0.000198
  172    -0.000099,   -0.000021,    0.000024,    0.000016,   -0.000029
  173     0.000091,    0.000011,   -0.000032,   -0.000024,    0.000010
  174     0.000127,    0.000003,   -0.000001,   -0.000053,   -0.000012
  175    -0.000268,   -0.000057,    0.000017,    0.000062,   -0.000071
  176     0.000082,    0.000027,    0.000004,   -0.000013,    0.000040
               170,         171,         172,         173,         174
    0    -0.000291,    0.000197,   -0.000028,    0.000061,   -0.000120
    1    -0.000467,    0.000326,   -0.000051,    0.000082,   -0.000201
    2     0.000457,   -0.000347,    0.000072,   -0.000012,    0.000217
    3     0.000037,   -0.000498,    0.000023,    0.000032,    0.000154
    4     0.000063,   -0.000372,    0.000022,    0.000013,    0.000101
    5    -0.000250,    0.000051,   -0.000082,   -0.000146,   -0.000341
    6    -0.000039,    0.000136,   -0.000053,    0.000005,    0.000016
    7     0.000503,   -0.001056,    0.000218,   -0.000262,   -0.000144
    8    -0.000299,   -0.000160,   -0.000043,   -0.000030,   -0.000118
    9    -0.000044,    0.000466,   -0.000060,   -0.000019,   -0.000097
   10     0.000399,   -0.000781,    0.000169,   -0.000199,   -0.000105
   11     0.000128,    0.000149,   -0.000001,   -0.000056,   -0.000070
   12     0.000067,    0.000009,   -0.000002,   -0.000013,    0.000009
   13     0.000213,   -0.000206,    0.000074,   -0.000077,   -0.000022
   14     0.000013,    0.000052,   -0.000007,   -0.000013,   -0.000027
   15     0.000003,   -0.000033,    0.000003,   -0.000005,   -0.000005
   16    -0.000009,   -0.000011,   -0.000002,   -0.000001,   -0.000004
   17     0.000005,    0.000063,   -0.000004,    0.000008,    0.000010
   18     0.000078,    0.000122,   -0.000003,   -0.000016,   -0.000018
   19    -0.000030,   -0.000054,   -0.000007,    0.000006,    0.000007
   20    -0.000004,   -0.000049,    0.000003,   -0.000006,   -0.000008
   21     0.000083,    0.000018,    0.000005,   -0.000019,   -0.000006
   22     0.000016,    0.000094,   -0.000003,    0.000010,    0.000016
   23     0.000168,    0.000317,   -0.000010,   -0.000047,   -0.000073
   24     0.000004,   -0.000011,    0.000002,    0.000002,    0.000007
   25    -0.000004,    0.000017,   -0.000002,    0.000003,    0.000002
   26    -0.000002,   -0.000001,    0.000000,    0.000001,    0.000000
   27    -0.000005,    0.000031,   -0.000004,    0.000006,    0.000005
   28     0.000009,    0.000008,    0.000001,    0.000000,    0.000002
   29    -0.000007,   -0.000017,   -0.000001,   -0.000001,   -0.000003
   30    -0.000021,   -0.000069,    0.000003,    0.000005,    0.000013
   31    -0.000071,   -0.000273,    0.000032,    0.000032,    0.000062
   32    -0.000029,    0.000052,    0.000023,    0.000005,   -0.000024
   33    -0.000174,   -0.000151,    0.000008,    0.000041,    0.000032
   34    -0.000005,   -0.000009,   -0.000000,   -0.000001,   -0.000002
   35     0.000009,   -0.000019,    0.000003,   -0.000001,    0.000004
   36     0.000009,   -0.000015,    0.000004,   -0.000004,   -0.000002
   37     0.000055,   -0.000084,    0.000007,   -0.000013,    0.000010
   38     0.000066,    0.000145,   -0.000001,   -0.000020,   -0.000034
   39     0.000014,   -0.000043,    0.000007,   -0.000009,   -0.000006
   40    -0.000002,   -0.000020,    0.000001,   -0.000001,    0.000002
   41     0.000002,   -0.000009,    0.000001,   -0.000002,   -0.000001
   42     0.000001,   -0.000008,    0.000000,    0.000000,    0.000002
   43     0.000000,    0.000002,   -0.000000,    0.000000,    0.000000
   44    -0.000011,    0.000000,   -0.000001,    0.000002,   -0.000000
   45     0.000093,    0.000157,   -0.000030,   -0.000081,   -0.000115
   46     0.000355,    0.000363,   -0.000027,   -0.000161,   -0.000189
   47     0.000009,    0.000275,   -0.000026,   -0.000034,   -0.000093
   48    -0.000006,    0.000001,    0.000002,    0.000005,    0.000006
   49    -0.000007,   -0.000011,    0.000001,    0.000005,    0.000007
   50     0.000011,   -0.000014,    0.000004,   -0.000004,   -0.000002
   51    -0.000073,   -0.000022,   -0.000002,    0.000021,    0.000013
   52    -0.000039,   -0.000001,   -0.000003,    0.000012,    0.000006
   53     0.000025,   -0.000036,    0.000010,   -0.000011,   -0.000005
   54     0.000006,    0.000006,   -0.000000,   -0.000002,   -0.000003
   55    -0.000003,    0.000001,   -0.000001,    0.000001,   -0.000000
   56    -0.000001,   -0.000001,    0.000000,    0.000001,    0.000001
   57    -0.000005,    0.000006,   -0.000002,    0.000002,    0.000001
   58     0.000000,   -0.000010,    0.000000,   -0.000000,    0.000002
   59    -0.000786,   -0.000171,   -0.000089,    0.000223,    0.000181
   60    -0.001428,   -0.000509,   -0.000158,    0.000395,    0.000317
   61     0.001877,    0.001339,    0.000201,   -0.000482,   -0.000362
   62     0.001701,    0.001926,    0.000197,   -0.000448,   -0.000421
   63     0.000498,    0.000341,    0.000053,   -0.000132,   -0.000097
   64    -0.002238,   -0.001314,   -0.000066,    0.000685,    0.000658
   65    -0.001625,   -0.001922,    0.000074,    0.000262,    0.000206
   66    -0.000534,   -0.001745,   -0.000008,   -0.000131,   -0.000305
   67    -0.001755,   -0.001279,   -0.000063,    0.000509,    0.000491
   68    -0.001258,   -0.000985,    0.000019,    0.000213,    0.000096
   69    -0.000404,   -0.001314,   -0.000006,   -0.000099,   -0.000230
   70    -0.000349,   -0.000198,   -0.000028,    0.000083,    0.000046
   71    -0.000384,   -0.000187,   -0.000010,    0.000067,    0.000011
   72     0.000006,   -0.000331,    0.000027,   -0.000048,   -0.000053
   73    -0.000056,    0.000130,   -0.000017,   -0.000008,   -0.000056
   74     0.000029,    0.000057,    0.000003,    0.000002,    0.000010
   75    -0.000048,   -0.000022,   -0.000003,    0.000011,    0.000007
   76     0.000104,    0.000013,    0.000027,   -0.000021,    0.000007
   77     0.000177,   -0.000116,    0.000012,   -0.000030,    0.000024
   78    -0.000068,    0.000417,   -0.000037,   -0.000020,   -0.000128
   79     0.000054,    0.000089,    0.000008,    0.000001,    0.000017
   80    -0.000045,   -0.000129,   -0.000001,    0.000013,    0.000025
   81     0.000213,    0.000062,    0.000053,   -0.000038,    0.000020
   82     0.000488,   -0.000456,    0.000046,   -0.000091,    0.000074
   83    -0.000027,   -0.000057,    0.000001,    0.000007,    0.000011
   84    -0.000031,   -0.000003,   -0.000008,    0.000006,   -0.000002
   85     0.000021,    0.000037,   -0.000002,   -0.000004,   -0.000006
   86     0.000035,    0.000060,    0.000005,    0.000001,    0.000011
   87     0.000054,    0.000022,    0.000002,   -0.000015,   -0.000013
   88    -0.000025,   -0.000031,   -0.000004,    0.000001,   -0.000006
   89    -0.000115,    0.000081,   -0.000014,    0.000020,   -0.000016
   90    -0.000541,   -0.000275,    0.000045,    0.000057,   -0.000031
   91    -0.000615,   -0.000897,    0.000061,    0.000070,    0.000049
   92    -0.000565,   -0.000063,   -0.000020,    0.000099,   -0.000012
   93    -0.000053,   -0.000001,   -0.000004,    0.000013,    0.000004
   94     0.000028,    0.000033,   -0.000007,   -0.000001,    0.000002
   95    -0.000006,   -0.000025,    0.000000,   -0.000002,   -0.000004
   96    -0.000097,   -0.000012,   -0.000004,    0.000026,    0.000016
   97    -0.000079,    0.000245,   -0.000018,    0.000019,   -0.000029
   98    -0.000019,   -0.000064,   -0.000000,   -0.000005,   -0.000011
   99     0.000037,   -0.000010,    0.000003,   -0.000008,   -0.000001
  100     0.000004,    0.000013,    0.000000,    0.000001,    0.000002
  101     0.000002,    0.000009,   -0.000000,   -0.000000,   -0.000001
  102     0.000004,    0.000001,    0.000001,   -0.000001,    0.000000
  103     0.000002,    0.000011,   -0.000001,    0.000000,   -0.000001
  104     0.002975,    0.007423,    0.000593,   -0.000722,   -0.000863
  105     0.004586,    0.011349,    0.000884,   -0.001092,   -0.001298
  106    -0.003152,   -0.007409,   -0.000483,    0.000664,    0.000765
  107    -0.002847,   -0.006333,   -0.000420,    0.000617,    0.000698
  108    -0.000733,   -0.000737,   -0.000082,    0.000147,    0.000072
  109     0.001692,    0.007954,   -0.000085,   -0.000684,   -0.001659
  110     0.007613,   -0.004439,    0.000916,   -0.001364,    0.000951
  111    -0.004346,   -0.002910,   -0.000947,    0.000544,   -0.000681
  112     0.000648,    0.004690,   -0.000106,   -0.000346,   -0.001014
  113     0.004849,   -0.003169,    0.000592,   -0.000851,    0.000681
  114    -0.002932,   -0.001945,   -0.000640,    0.000369,   -0.000456
  115     0.000050,    0.001261,   -0.000040,   -0.000069,   -0.000274
  116     0.001316,   -0.000921,    0.000159,   -0.000228,    0.000197
  117    -0.000798,   -0.000508,   -0.000176,    0.000104,   -0.000121
  118     0.000116,    0.000160,    0.000007,   -0.000034,   -0.000040
  119    -0.000094,   -0.000070,   -0.000020,    0.000011,   -0.000016
  120     0.000064,   -0.000301,    0.000017,    0.000001,    0.000067
  121     0.000127,    0.000047,    0.000031,   -0.000021,    0.000014
  122     0.000303,   -0.000029,    0.000029,   -0.000058,    0.000010
  123     0.000025,    0.000015,    0.000001,   -0.000015,   -0.000023
  124    -0.000096,   -0.000080,   -0.000020,    0.000010,   -0.000018
  125     0.000115,   -0.000143,    0.000023,   -0.000009,    0.000050
  126     0.000077,   -0.000046,    0.000024,   -0.000024,   -0.000004
  127     0.000183,   -0.000052,    0.000013,   -0.000030,    0.000018
  128     0.000005,   -0.000032,   -0.000001,   -0.000004,   -0.000003
  129    -0.000010,   -0.000016,   -0.000001,   -0.000000,   -0.000003
  130    -0.000027,   -0.000011,   -0.000003,    0.000006,    0.000002
  131     0.000018,    0.000023,    0.000003,   -0.000001,    0.000005
  132    -0.000004,    0.000032,    0.000001,    0.000002,   -0.000000
  133    -0.000017,   -0.000022,   -0.000003,    0.000001,   -0.000004
  134    -0.000003,    0.000041,   -0.000004,    0.000000,   -0.000007
  135     0.001461,   -0.002849,    0.000367,   -0.000079,    0.000875
  136     0.001844,   -0.003321,    0.000453,   -0.000111,    0.001046
  137     0.000717,   -0.000782,    0.000160,   -0.000076,    0.000275
  138     0.000120,   -0.000072,    0.000023,   -0.000014,    0.000035
  139     0.000063,    0.000035,    0.000001,   -0.000018,   -0.000017
  140     0.000076,   -0.000332,    0.000022,    0.000002,    0.000079
  141     0.000118,   -0.000033,    0.000018,   -0.000016,    0.000025
  142     0.000178,    0.000012,    0.000016,   -0.000040,   -0.000009
  143    -0.000012,   -0.000471,    0.000005,    0.000019,    0.000088
  144     0.000016,   -0.000005,    0.000001,   -0.000004,   -0.000001
  145     0.000040,    0.000019,    0.000004,   -0.000009,   -0.000004
  146    -0.000009,   -0.000088,   -0.000001,    0.000004,    0.000013
  147     0.000023,   -0.000039,    0.000004,   -0.000002,    0.000010
  148     0.000032,    0.000006,    0.000004,   -0.000006,    0.000001
  149    -0.003936,    0.000556,   -0.000496,    0.000716,   -0.000292
  150    -0.004784,    0.000901,   -0.000596,    0.000875,   -0.000368
  151    -0.001299,    0.000436,   -0.000158,    0.000228,   -0.000138
  152     0.000045,    0.000118,    0.000001,   -0.000013,   -0.000023
  153    -0.000376,    0.000001,   -0.000049,    0.000070,   -0.000020
  154    -0.000065,   -0.000043,   -0.000014,    0.000008,   -0.000010
  155     0.000039,    0.000247,   -0.000003,   -0.000017,   -0.000050
  156    -0.000389,   -0.000118,   -0.000051,    0.000078,    0.000002
  157    -0.000128,   -0.000091,   -0.000028,    0.000015,   -0.000021
  158     0.000016,    0.000066,   -0.000001,   -0.000006,   -0.000013
  159    -0.000031,   -0.000022,   -0.000007,    0.000004,   -0.000005
  160     0.000032,    0.000015,    0.000004,   -0.000006,   -0.000001
  161     0.000001,   -0.000001,    0.000000,   -0.000000,   -0.000000
  162     0.000053,    0.000025,    0.000008,   -0.000010,   -0.000000
  163    -0.001565,   -0.004766,   -0.000300,    0.000315,    0.000419
  164    -0.001850,   -0.005655,   -0.000363,    0.000371,    0.000490
  165    -0.000410,   -0.001361,   -0.000099,    0.000091,    0.000127
  166    -0.000084,   -0.000213,   -0.000021,    0.000011,    0.000003
  167     0.000168,    0.000102,    0.000024,   -0.000032,   -0.000001
  168     0.000094,    0.000440,    0.000016,   -0.000024,   -0.000053
  169    -0.000105,   -0.000198,   -0.000029,    0.000010,   -0.000012
  170     0.000293,    0.000090,    0.000041,   -0.000054,    0.000009
  171     0.000090,    0.000541,    0.000011,   -0.000027,   -0.000073
  172     0.000041,    0.000011,    0.000007,   -0.000007,    0.000003
  173    -0.000054,   -0.000027,   -0.000007,    0.000011,    0.000002
  174     0.000009,   -0.000073,    0.000003,    0.000002,    0.000016
  175     0.000015,    0.000067,    0.000005,   -0.000002,   -0.000003
  176     0.000013,   -0.000011,   -0.000000,   -0.000004,   -0.000002
               175,         176
    0     0.000030,    0.000116
    1     0.000028,    0.000156
    2     0.000062,   -0.000019
    3     0.000026,   -0.000029
    4     0.000014,   -0.000029
    5    -0.000267,    0.000238
    6    -0.000033,    0.000020
    7     0.000026,    0.000184
    8    -0.000093,    0.000060
    9    -0.000042,    0.000062
   10     0.000027,    0.000135
   11    -0.000047,    0.000063
   12    -0.000005,    0.000008
   13     0.000035,    0.000032
   14    -0.000017,    0.000021
   15    -0.000003,    0.000006
   16    -0.000005,    0.000002
   17     0.000008,   -0.000012
   18    -0.000006,    0.000020
   19    -0.000003,   -0.000001
   20    -0.000006,    0.000010
   21    -0.000012,    0.000015
   22     0.000014,   -0.000019
   23    -0.000034,    0.000065
   24     0.000005,   -0.000004
   25     0.000001,   -0.000003
   26     0.000001,   -0.000001
   27     0.000002,   -0.000006
   28     0.000001,   -0.000000
   29    -0.000003,    0.000003
   30     0.000001,   -0.000008
   31     0.000041,   -0.000051
   32     0.000025,   -0.000013
   33     0.000037,   -0.000055
   34    -0.000003,    0.000002
   35     0.000001,   -0.000001
   36     0.000001,    0.000003
   37    -0.000015,    0.000010
   38    -0.000010,    0.000023
   39    -0.000001,    0.000008
   40    -0.000002,    0.000001
   41    -0.000000,    0.000002
   42    -0.000000,   -0.000000
   43     0.000000,   -0.000000
   44     0.000001,   -0.000001
   45    -0.000105,    0.000118
   46    -0.000172,    0.000204
   47    -0.000041,    0.000059
   48     0.000009,   -0.000008
   49     0.000006,   -0.000007
   50     0.000001,    0.000002
   51     0.000021,   -0.000022
   52     0.000009,   -0.000011
   53     0.000003,    0.000006
   54    -0.000002,    0.000003
   55    -0.000001,   -0.000000
   56     0.000001,   -0.000001
   57    -0.000001,   -0.000001
   58    -0.000001,   -0.000000
   59     0.000180,   -0.000180
   60     0.000308,   -0.000341
   61    -0.000321,    0.000479
   62    -0.000145,    0.000359
   63    -0.000077,    0.000116
   64     0.000631,   -0.000810
   65     0.000105,   -0.000369
   66    -0.000313,    0.000355
   67     0.000405,   -0.000577
   68     0.000110,   -0.000263
   69    -0.000236,    0.000267
   70     0.000033,   -0.000066
   71     0.000027,   -0.000066
   72    -0.000031,    0.000063
   73    -0.000023,    0.000027
   74     0.000013,   -0.000012
   75     0.000013,   -0.000015
   76     0.000029,   -0.000006
   77    -0.000033,    0.000031
   78    -0.000037,    0.000063
   79     0.000023,   -0.000019
   80     0.000004,   -0.000015
   81     0.000062,   -0.000020
   82    -0.000102,    0.000082
   83     0.000005,   -0.000010
   84    -0.000008,    0.000002
   85    -0.000003,    0.000007
   86     0.000015,   -0.000013
   87    -0.000015,    0.000019
   88    -0.000010,    0.000007
   89     0.000015,   -0.000014
   90     0.000025,   -0.000093
   91    -0.000031,   -0.000104
   92     0.000062,   -0.000098
   93     0.000010,   -0.000012
   94     0.000001,    0.000005
   95    -0.000004,    0.000005
   96     0.000027,   -0.000032
   97     0.000038,   -0.000016
   98    -0.000011,    0.000013
   99    -0.000008,    0.000009
  100     0.000002,   -0.000003
  101     0.000001,   -0.000000
  102     0.000001,   -0.000000
  103     0.000001,    0.000001
  104     0.001401,   -0.000357
  105     0.002083,   -0.000520
  106    -0.001114,    0.000229
  107    -0.000886,    0.000123
  108    -0.000046,   -0.000054
  109     0.000055,    0.000682
  110    -0.000842,    0.000869
  111    -0.001425,    0.000720
  112     0.000005,    0.000402
  113    -0.000545,    0.000534
  114    -0.000960,    0.000482
  115     0.000019,    0.000087
  116    -0.000152,    0.000145
  117    -0.000259,    0.000127
  118    -0.000014,    0.000032
  119    -0.000031,    0.000017
  120    -0.000010,   -0.000011
  121     0.000038,   -0.000014
  122    -0.000031,    0.000044
  123    -0.000024,    0.000023
  124    -0.000033,    0.000019
  125     0.000013,   -0.000015
  126     0.000016,    0.000006
  127    -0.000023,    0.000027
  128    -0.000013,    0.000010
  129    -0.000004,    0.000004
  130     0.000003,   -0.000004
  131     0.000007,   -0.000005
  132     0.000010,   -0.000007
  133    -0.000007,    0.000005
  134     0.000001,    0.000003
  135     0.000149,   -0.000238
  136     0.000189,   -0.000284
  137     0.000084,   -0.000070
  138     0.000011,   -0.000007
  139    -0.000017,    0.000021
  140    -0.000007,   -0.000014
  141     0.000004,    0.000000
  142    -0.000023,    0.000032
  143    -0.000039,   -0.000006
  144    -0.000004,    0.000004
  145    -0.000002,    0.000006
  146    -0.000010,    0.000001
  147    -0.000003,    0.000001
  148    -0.000001,    0.000003
  149     0.000136,   -0.000320
  150     0.000214,   -0.000418
  151     0.000075,   -0.000114
  152     0.000000,    0.000012
  153     0.000004,   -0.000027
  154    -0.000021,    0.000011
  155     0.000007,    0.000016
  156    -0.000009,   -0.000028
  157    -0.000043,    0.000022
  158     0.000001,    0.000005
  159    -0.000010,    0.000005
  160     0.000002,    0.000002
  161     0.000000,    0.000000
  162     0.000005,    0.000002
  163    -0.000833,    0.000243
  164    -0.001009,    0.000301
  165    -0.000268,    0.000082
  166    -0.000057,    0.000027
  167     0.000017,    0.000004
  168     0.000062,   -0.000013
  169    -0.000071,    0.000040
  170     0.000015,    0.000013
  171     0.000067,   -0.000011
  172     0.000005,   -0.000000
  173    -0.000002,   -0.000004
  174    -0.000003,   -0.000002
  175     0.000016,   -0.000008
  176    -0.000008,    0.000007
Detailed time report:
DFT Grids |:    2.482 s for Initialization of the tabulated Grids and AOs
CInt      |:    0.258 s for Two, Three, and Four-center integrals
Overall   |:    3.504 s for SCF Preparation
ISDF      |:    0.000 s for ISDF initialization
InitGuess |:    0.764 s for Prepare initial guess
total electron number:      24.00001573
The evaluation of Vj, Vk and Vxc matrices cost       0.00,       0.03 and       0.25 seconds, respectively
Exc:     -15.46276109, Vxc:      -9.90709901
The total energy:      -117.6471564962 Ha by the initial guess
total electron number:      23.99999115
The evaluation of Vj, Vk and Vxc matrices cost       0.00,       0.03 and       0.25 seconds, respectively
Exc:     -14.43640417, Vxc:      -9.23637800
Hamiltonian: generation by       0.29s and DIIS extrapolation by       0.00s
Energy:    -117.4639048688 Ha after    1 iterations (in       0.31 seconds).
Detailed timing info in this SCF step:
prepare_next_input:            0.29s
diagonalize_hamiltonian:       0.02s
generate_density_matrix:       0.00s
check_scf_convergence:         0.00s
scf_records.update:            0.00s
total electron number:      24.00001598
The evaluation of Vj, Vk and Vxc matrices cost       0.00,       0.02 and       0.25 seconds, respectively
Exc:     -15.62591023, Vxc:     -10.01403171
Hamiltonian: generation by       0.28s and DIIS extrapolation by       0.00s
SCF Change: DM 5.37132e-3; eev  2.60582e0 Ha; etot 1.73298e-1 Ha
Energy:    -117.2906065906 Ha after    2 iterations (in       0.30 seconds).
Detailed timing info in this SCF step:
prepare_next_input:            0.28s
diagonalize_hamiltonian:       0.02s
generate_density_matrix:       0.00s
check_scf_convergence:         0.00s
scf_records.update:            0.00s
total electron number:      24.00000819
The evaluation of Vj, Vk and Vxc matrices cost       0.00,       0.03 and       0.23 seconds, respectively
Exc:     -15.00929861, Vxc:      -9.61059607
Hamiltonian: generation by       0.26s and DIIS extrapolation by       0.00s
SCF Change: DM 1.10031e-3; eev 1.72179e-1 Ha; etot -6.55355e-1 Ha
Energy:    -117.9459615939 Ha after    3 iterations (in       0.28 seconds).
Detailed timing info in this SCF step:
prepare_next_input:            0.26s
diagonalize_hamiltonian:       0.02s
generate_density_matrix:       0.00s
check_scf_convergence:         0.00s
scf_records.update:            0.00s
total electron number:      24.00000380
The evaluation of Vj, Vk and Vxc matrices cost       0.00,       0.02 and       0.21 seconds, respectively
Exc:     -14.98442549, Vxc:      -9.59435231
Hamiltonian: generation by       0.24s and DIIS extrapolation by       0.00s
SCF Change: DM 3.95362e-4; eev 8.82444e-2 Ha; etot -1.08224e-2 Ha
Energy:    -117.9567839915 Ha after    4 iterations (in       0.26 seconds).
Detailed timing info in this SCF step:
prepare_next_input:            0.24s
diagonalize_hamiltonian:       0.02s
generate_density_matrix:       0.00s
check_scf_convergence:         0.00s
scf_records.update:            0.00s
total electron number:      24.00000479
The evaluation of Vj, Vk and Vxc matrices cost       0.00,       0.03 and       0.23 seconds, respectively
Exc:     -14.98465981, Vxc:      -9.59447996
Hamiltonian: generation by       0.26s and DIIS extrapolation by       0.01s
SCF Change: DM 4.19569e-5; eev 9.25803e-3 Ha; etot -3.37926e-3 Ha
Energy:    -117.9601632473 Ha after    5 iterations (in       0.29 seconds).
Detailed timing info in this SCF step:
prepare_next_input:            0.27s
diagonalize_hamiltonian:       0.02s
generate_density_matrix:       0.00s
check_scf_convergence:         0.00s
scf_records.update:            0.00s
total electron number:      24.00000479
The evaluation of Vj, Vk and Vxc matrices cost       0.00,       0.03 and       0.21 seconds, respectively
Exc:     -14.98533436, Vxc:      -9.59491324
Hamiltonian: generation by       0.24s and DIIS extrapolation by       0.01s
SCF Change: DM 8.74470e-6; eev 1.87193e-3 Ha; etot -1.17822e-5 Ha
Energy:    -117.9601750295 Ha after    6 iterations (in       0.27 seconds).
Detailed timing info in this SCF step:
prepare_next_input:            0.25s
diagonalize_hamiltonian:       0.02s
generate_density_matrix:       0.00s
check_scf_convergence:         0.00s
scf_records.update:            0.00s
total electron number:      24.00000473
The evaluation of Vj, Vk and Vxc matrices cost       0.00,       0.02 and       0.22 seconds, respectively
Exc:     -14.98509636, Vxc:      -9.59475892
Hamiltonian: generation by       0.24s and DIIS extrapolation by       0.01s
SCF Change: DM 2.44110e-6; eev 5.81265e-4 Ha; etot -7.85742e-7 Ha
Energy:    -117.9601758153 Ha after    7 iterations (in       0.27 seconds).
Detailed timing info in this SCF step:
prepare_next_input:            0.25s
diagonalize_hamiltonian:       0.02s
generate_density_matrix:       0.00s
check_scf_convergence:         0.00s
scf_records.update:            0.00s
total electron number:      24.00000474
The evaluation of Vj, Vk and Vxc matrices cost       0.00,       0.03 and       0.22 seconds, respectively
Exc:     -14.98502668, Vxc:      -9.59471350
Hamiltonian: generation by       0.25s and DIIS extrapolation by       0.01s
SCF Change: DM 5.56099e-7; eev 1.27836e-4 Ha; etot -8.67611e-8 Ha
Energy:    -117.9601759020 Ha after    8 iterations (in       0.28 seconds).
Detailed timing info in this SCF step:
prepare_next_input:            0.26s
diagonalize_hamiltonian:       0.02s
generate_density_matrix:       0.00s
check_scf_convergence:         0.00s
scf_records.update:            0.00s
total electron number:      24.00000474
The evaluation of Vj, Vk and Vxc matrices cost       0.00,       0.02 and       0.22 seconds, respectively
Exc:     -14.98501401, Vxc:      -9.59470526
Hamiltonian: generation by       0.24s and DIIS extrapolation by       0.01s
SCF Change: DM 8.89311e-8; eev 2.08497e-5 Ha; etot -5.70427e-9 Ha
Energy:    -117.9601759077 Ha after    9 iterations (in       0.27 seconds).
Detailed timing info in this SCF step:
prepare_next_input:            0.25s
diagonalize_hamiltonian:       0.02s
generate_density_matrix:       0.00s
check_scf_convergence:         0.00s
scf_records.update:            0.00s
total electron number:      24.00000474
The evaluation of Vj, Vk and Vxc matrices cost       0.00,       0.02 and       0.21 seconds, respectively
Exc:     -14.98501267, Vxc:      -9.59470437
Hamiltonian: generation by       0.24s and DIIS extrapolation by       0.01s
SCF Change: DM 1.21409e-8; eev 1.22120e-6 Ha; etot -6.65352e-11 Ha
Energy:    -117.9601759078 Ha after   10 iterations (in       0.26 seconds).
Detailed timing info in this SCF step:
prepare_next_input:            0.25s
diagonalize_hamiltonian:       0.02s
generate_density_matrix:       0.00s
check_scf_convergence:         0.00s
scf_records.update:            0.00s
total electron number:      24.00000474
The evaluation of Vj, Vk and Vxc matrices cost       0.00,       0.02 and       0.21 seconds, respectively
Exc:     -14.98501290, Vxc:      -9.59470452
Hamiltonian: generation by       0.23s and DIIS extrapolation by       0.01s
SCF Change: DM 1.96471e-9; eev 2.01443e-7 Ha; etot -1.69109e-12 Ha
Energy:    -117.9601759078 Ha after   11 iterations (in       0.26 seconds).
Detailed timing info in this SCF step:
prepare_next_input:            0.24s
diagonalize_hamiltonian:       0.02s
generate_density_matrix:       0.00s
check_scf_convergence:         0.00s
scf_records.update:            0.00s
SCF is converged after   11 iterations.
   State    Occupation        Eigenvalue
       0       2.00000        -10.176678
       1       2.00000        -10.168360
       2       2.00000        -10.161128
       3       2.00000         -0.789837
       4       2.00000         -0.688701
       5       2.00000         -0.556832
       6       2.00000         -0.470874
       7       2.00000         -0.425743
       8       2.00000         -0.416575
       9       2.00000         -0.376048
      10       2.00000         -0.349153
      11       2.00000         -0.262849
      12       0.00000          0.006841
      13       0.00000          0.048573
      14       0.00000          0.077577
==========================================
Now evaluate the    PT2 correlation energy
==========================================
generate RI3MO only for occ_range:0..12, vir_range:12..177
Finish the RI3MO generation
Exc_scf: (-14.985012888503157,0.2),Exc_pos: (-4.261252664683081,0.7731)
----------------------------------------------------------------------
Methods         :       Total Corr,          OS Corr,          SS Corr
----------------------------------------------------------------------
PT2             :      -0.78727875,      -0.61747639,      -0.16980236
----------------------------------------------------------------------
Fifth-rung correlation energy :      -0.269466696281 Ha
E[XYGJOS]=:    -117.62412519 Ha, Ex[HF]:     -17.65528321 Ha, Ec[PT2  ]:      -0.78727875 Ha
Detailed time report:
xc_energy |:    0.285 s for for x_hf, xc_scf, xc_xdh
c_r5dft   |:    0.024 s for for advanced correlations
ao2mo     |:    0.067 s for for the generation of RI3MO
Mulliken population:
 0-C-S-0              0.85443
 0-C-S-0              1.11578
 0-C-S-0              0.54348
 0-C-S-0              0.57839
 0-C-S-0              0.12595
 0-C-P-0              0.50077
 0-C-P-1              0.47586
 0-C-P-2              0.35910
 0-C-P-0              0.37802
 0-C-P-1              0.39437
 0-C-P-2              0.40028
 0-C-P-0              0.08323
 0-C-P-1              0.11177
 0-C-P-2              0.24212
 0-C-D-0              0.00560
 0-C-D-1              0.00057
 0-C-D-2              0.00176
 0-C-D-3              0.00164
 0-C-D-4              0.00658
 0-C-D-0              0.00660
 0-C-D-1              0.00252
 0-C-D-2              0.00204
 0-C-D-3              0.00770
 0-C-D-4              0.02568
 0-C-F-0              0.00078
 0-C-F-1              0.00060
 0-C-F-2              0.00049
 0-C-F-3              0.00087
 0-C-F-4              0.00037
 0-C-F-5              0.00022
 0-C-F-6              0.00134
 1-H-S-0              0.27850
 1-H-S-0              0.47002
 1-H-S-0              0.12781
 1-H-P-0              0.00107
 1-H-P-1              0.00615
 1-H-P-2              0.00131
 1-H-P-0              0.00722
 1-H-P-1              0.00934
 1-H-P-2              0.01114
 1-H-D-0              0.00081
 1-H-D-1              0.00074
 1-H-D-2              0.00002
 1-H-D-3              0.00001
 1-H-D-4              0.00004
 2-H-S-0              0.27898
 2-H-S-0              0.46264
 2-H-S-0              0.12114
 2-H-P-0              0.00503
 2-H-P-1              0.00219
 2-H-P-2              0.00132
 2-H-P-0              0.00728
 2-H-P-1              0.00712
 2-H-P-2              0.01165
 2-H-D-0              0.00025
 2-H-D-1              0.00009
 2-H-D-2              0.00000
 2-H-D-3              0.00067
 2-H-D-4              0.00054
 3-C-S-0              0.85444
 3-C-S-0              1.11597
 3-C-S-0              0.53780
 3-C-S-0              0.60778
 3-C-S-0              0.10268
 3-C-P-0              0.49802
 3-C-P-1              0.47963
 3-C-P-2              0.34407
 3-C-P-0              0.37293
 3-C-P-1              0.39539
 3-C-P-2              0.38907
 3-C-P-0              0.01375
 3-C-P-1              0.08801
 3-C-P-2              0.20103
 3-C-D-0              0.00607
 3-C-D-1              0.00069
 3-C-D-2              0.00181
 3-C-D-3              0.00308
 3-C-D-4              0.00795
 3-C-D-0              0.01249
 3-C-D-1              0.00306
 3-C-D-2              0.00221
 3-C-D-3              0.02377
 3-C-D-4              0.04024
 3-C-F-0              0.00108
 3-C-F-1              0.00090
 3-C-F-2              0.00049
 3-C-F-3              0.00115
 3-C-F-4              0.00048
 3-C-F-5              0.00046
 3-C-F-6              0.00215
 4-H-S-0              0.28047
 4-H-S-0              0.46292
 4-H-S-0              0.12427
 4-H-P-0              0.00110
 4-H-P-1              0.00614
 4-H-P-2              0.00118
 4-H-P-0              0.00774
 4-H-P-1              0.00748
 4-H-P-2              0.01057
 4-H-D-0              0.00091
 4-H-D-1              0.00070
 4-H-D-2              0.00002
 4-H-D-3              0.00002
 4-H-D-4              0.00006
 5-C-S-0              0.85349
 5-C-S-0              1.11678
 5-C-S-0              0.52020
 5-C-S-0              0.58966
 5-C-S-0              0.13202
 5-C-P-0              0.45008
 5-C-P-1              0.45816
 5-C-P-2              0.45510
 5-C-P-0              0.36737
 5-C-P-1              0.40304
 5-C-P-2              0.42907
 5-C-P-0              0.08556
 5-C-P-1              0.13616
 5-C-P-2              0.13447
 5-C-D-0              0.00261
 5-C-D-1              0.00129
 5-C-D-2              0.00336
 5-C-D-3              0.00486
 5-C-D-4              0.00475
 5-C-D-0              0.00653
 5-C-D-1              0.00255
 5-C-D-2              0.00349
 5-C-D-3              0.02055
 5-C-D-4              0.01082
 5-C-F-0              0.00086
 5-C-F-1              0.00026
 5-C-F-2              0.00030
 5-C-F-3              0.00030
 5-C-F-4              0.00072
 5-C-F-5              0.00034
 5-C-F-6              0.00070
 6-H-S-0              0.27757
 6-H-S-0              0.47313
 6-H-S-0              0.12635
 6-H-P-0              0.00254
 6-H-P-1              0.00153
 6-H-P-2              0.00419
 6-H-P-0              0.00851
 6-H-P-1              0.00874
 6-H-P-2              0.00877
 6-H-D-0              0.00019
 6-H-D-1              0.00035
 6-H-D-2              0.00059
 6-H-D-3              0.00023
 6-H-D-4              0.00031
 7-H-S-0              0.27926
 7-H-S-0              0.47877
 7-H-S-0              0.13027
 7-H-P-0              0.00116
 7-H-P-1              0.00595
 7-H-P-2              0.00117
 7-H-P-0              0.00884
 7-H-P-1              0.00782
 7-H-P-2              0.00933
 7-H-D-0              0.00085
 7-H-D-1              0.00072
 7-H-D-2              0.00004
 7-H-D-3              0.00003
 7-H-D-4              0.00009
 8-H-S-0              0.27757
 8-H-S-0              0.47314
 8-H-S-0              0.12636
 8-H-P-0              0.00254
 8-H-P-1              0.00153
 8-H-P-2              0.00419
 8-H-P-0              0.00851
 8-H-P-1              0.00874
 8-H-P-2              0.00877
 8-H-D-0              0.00019
 8-H-D-1              0.00035
 8-H-D-2              0.00059
 8-H-D-3              0.00023
 8-H-D-4              0.00031
Mulliken population analysis:
  0-C  :  -0.228910
  1-H  :   0.085831
  2-H  :   0.101085
  3-C  :  -0.108637
  4-H  :   0.096407
  5-C  :  -0.195439
  6-H  :   0.086984
  7-H  :   0.075703
  8-H  :   0.086976

====================================================
              REST: Mission accomplished
====================================================
The SCF energy        :    -117.9601759078 Ha
The (R)-xDH energy    :    -117.6241251900 Ha
Detailed time report:
SCF       |:    6.863 s for the scf procedure
Overall   |:    7.703 s for the whole job
PT2       |:    0.376 s for the PT2 evaluation
