=========================================================
Input parameters for the REST calculation
=========================================================
Calculation type: Single-point energy
The exchange-correlation method: xygjos
Print level:                3
The number of threads used for parallelism:      4
The spheric-GTO basis set is taken from /home/symei/def2-TZVPP
The pruning method is nwchem
The radial grid generation method is treutler
ERI Type: ri_v
Turn on the basis pair symmetry for RI 3D-tensors
The spheric-GTO auxiliary basis set is taken from /home/symei/def2-SV(P)-JKFIT
Spin polarization: Off
Charge:   0; Spin:   1
min_num_angular_points: 110
max_num_angular_points: 590
hardness: 3
Grid generation level: 3
Even tempered basis generation: false
SCF convergency thresholds: 1e-8 for density matrix
                            1e-6 Ha. for sum of eigenvalues
                            1e-8 Ha. for total energy
Max. SCF cycle number:      100
The diis mixing with (param, max_vec_len) = (0.2, 8) is employed for the SCF procedure
Turn on the diis mixing after 1 step(s) of SCF iteractions with the linear mixing
The specified checkfile exists but is not loaded because the keyword 'external_init_guess' is specified
It will be updated after the SCF procedure 
(none)
Initial guess is prepared by (sad).
It is a finite cluster calculation
the scf functional for 'xygjos' contains
The density functional 'B3LYP' belongs to the 'Hybrid GGA' family and is defined in the reference(s):
(0): P. J. Stephens, F. J. Devlin, C. F. Chabalowski, and M. J. Frisch.,  J. Phys. Chem. 98, 11623 (1994)
the post-scf functional 'xygjos' is employed, which contains
The density functional 'Slater exchange' belongs to the 'LDA' family and is defined in the reference(s):
(0): P. A. M. Dirac.,  Math. Proc. Cambridge Philos. Soc. 26, 376 (1930)
(1): F. Bloch.,  Z. Phys. 57, 545 (1929)
The density functional 'Becke 88' belongs to the 'GGA' family and is defined in the reference(s):
(0): A. D. Becke.,  Phys. Rev. A 38, 3098 (1988)
The density functional 'Vosko, Wilk & Nusair (VWN5_RPA)' belongs to the 'LDA' family and is defined in the reference(s):
(0): S. H. Vosko, L. Wilk, and M. Nusair.,  Can. J. Phys. 58, 1200 (1980)
The density functional 'Lee, Yang & Parr' belongs to the 'GGA' family and is defined in the reference(s):
(0): C. Lee, W. Yang, and R. G. Parr.,  Phys. Rev. B 37, 785 (1988)
(1): B. Miehlich, A. Savin, H. Stoll, and H. Preuss.,  Chem. Phys. Lett. 157, 200 (1989)
For SCF calculation, no core orbital is frozen by effective core potential (ECP) approximation
Libxc version used in REST: 7.0.0
nbas: 35, natm: 5 for standard basis sets
First valence state for the frozen-core algorithm:     0
final nbas: 84,final natm: 10
numbasis: 87, num_auxbas: 147
Molecule_name: ch4
job_type = "SinglePoint"
print_level = 3
basis_path = "/home/symei/def2-TZVPP"
basis_type = "spheric"
auxbas_path = "/home/symei/def2-SV(P)-JKFIT"
auxbas_type = "spheric"
use_auxbas = true
even_tempered_basis = false
etb_start_atom_number = 1
etb_beta = 1.0
ri_k_only = false
auxbasis_response = false
use_isdf = false
isdf_k_only = false
isdf_k_mu = 8
isdf_new = false
eri_type = "ri_v"
use_ri_symm = true
xc = "xygjos"
post_xc = []
post_correlation = []
post_ai_correction = "none"
charge = 0.0
spin = 1.0
spin_channel = 1
spin_polarization = false
frozen_core_postscf = 0
frequency_points = 20
lambda_points = 20
freq_grid_type = 0
freq_cut_off = 10.0
radial_precision = 0.000000000001
min_num_angular_points = 110
max_num_angular_points = 590
grid_gen_level = 3
hardness = 3
pruning = "nwchem"
rad_grid_method = "treutler"
external_grids = "grids"
mixer = "diis"
mix_param = 0.2
num_max_diis = 8
start_diis_cycle = 1
start_check_oscillation = 20
max_scf_cycle = 100
scf_acc_rho = 0.00000001
scf_acc_eev = 0.000001
scf_acc_etot = 0.00000001
restart = false
chkfile = "none"
chkfile_type = "hdf5"
guessfile = "none"
guessfile_type = "none"
external_init_guess = false
initial_guess = "sad"
noiter = false
check_stab = false
use_dm_only = false
use_ri_vj = true
fciqmc_dump = false
outputs = []
cube_orb_setting = [3.0, 80.0]
cube_orb_indices = []
atom_sad = false
occupation_type = "INTEGER"
frac_tolerant = 0.001
deep_pot = false
bench_eps = false
num_threads = 4
batch_size = 64
nforce_displacement = 0.0013
force_state_occupation = []
auxiliary_reference_states = []
pt2_mpi_mode = 0

Restricted Hartree-Fock (or Kohn-Sham) algorithm is invoked.
Nuc_energy:      13.45820319 Hartree
no empirical dispersion correction is employed
No ghost effective potential
No ghost point charges
Detailed time report:
ri_v      |:    0.006 s for for RI dot aux_v^{-1/2}
prim ri   |:    0.016 s for for the pure three-center integrals
all ri    |:    0.047 s for for the total evaluations of ri3fn
aux_ij    |:    0.003 s for for the coulomb matrix of auxiliary basis
inv_sqrt  |:    0.023 s for for the sqrt inverse of aux_ij
Overlap matrix is nonsigular:
  Lowest eigenvalue:       0.00053263 with the total number of basis functions:     87
Grid size: 53998
Generate SAD of C
the functional of 'hf' contains
For SCF calculation, no core orbital is frozen by effective core potential (ECP) approximation
Libxc version used in REST: 7.0.0
nbas: 11, natm: 1 for standard basis sets
First valence state for the frozen-core algorithm:     0
final nbas: 36,final natm: 2
numbasis: 31, num_auxbas: 75
Restricted Hartree-Fock (or Kohn-Sham) algorithm is invoked.
Nuc_energy:       0.00000000 Hartree
no empirical dispersion correction is employed
No ghost effective potential
No ghost point charges
Detailed time report:
inv_sqrt  |:    0.001 s for for the sqrt inverse of aux_ij
aux_ij    |:    0.001 s for for the coulomb matrix of auxiliary basis
ri_v      |:    0.000 s for for RI dot aux_v^{-1/2}
all ri    |:    0.005 s for for the total evaluations of ri3fn
prim ri   |:    0.002 s for for the pure three-center integrals
Overlap matrix is nonsigular:
  Lowest eigenvalue:       0.02859941 with the total number of basis functions:     31
Grid size: 13902
Initial guess from SAP
The evaluation of vmat costs             0.01 seconds
Detailed time report:
CInt      |:    0.005 s for Two, Three, and Four-center integrals
DFT Grids |:    0.030 s for Initialization of the tabulated Grids and AOs
InitGuess |:    0.011 s for Prepare initial guess
ISDF      |:    0.000 s for ISDF initialization
Overall   |:    0.046 s for SCF Preparation
Exc:       0.00000000, Vxc:       0.00000000
The total energy:       -37.3118631552 Ha by the initial guess
Exc:       0.00000000, Vxc:       0.00000000
Energy:     -37.3534544776 Ha after    1 iterations (in       0.00 seconds).
Detailed timing info in this SCF step:
prepare_next_input:            0.00s
diagonalize_hamiltonian:       0.00s
generate_density_matrix:       0.00s
check_scf_convergence:         0.00s
scf_records.update:            0.00s
Exc:       0.00000000, Vxc:       0.00000000
SCF Change: DM 2.19957e-3; eev 1.98117e-1 Ha; etot 1.39255e-2 Ha
Energy:     -37.3395289986 Ha after    2 iterations (in       0.00 seconds).
Detailed timing info in this SCF step:
prepare_next_input:            0.00s
diagonalize_hamiltonian:       0.00s
generate_density_matrix:       0.00s
check_scf_convergence:         0.00s
scf_records.update:            0.00s
Exc:       0.00000000, Vxc:       0.00000000
SCF Change: DM 2.75898e-4; eev 8.27411e-2 Ha; etot 4.91166e-3 Ha
Energy:     -37.3346173426 Ha after    3 iterations (in       0.00 seconds).
Detailed timing info in this SCF step:
prepare_next_input:            0.00s
diagonalize_hamiltonian:       0.00s
generate_density_matrix:       0.00s
check_scf_convergence:         0.00s
scf_records.update:            0.00s
Exc:       0.00000000, Vxc:       0.00000000
SCF Change: DM 7.48385e-4; eev 5.26451e-2 Ha; etot -5.83989e-3 Ha
Energy:     -37.3404572308 Ha after    4 iterations (in       0.00 seconds).
Detailed timing info in this SCF step:
prepare_next_input:            0.00s
diagonalize_hamiltonian:       0.00s
generate_density_matrix:       0.00s
check_scf_convergence:         0.00s
scf_records.update:            0.00s
Exc:       0.00000000, Vxc:       0.00000000
SCF Change: DM 1.50994e-4; eev 3.25359e-2 Ha; etot -1.32711e-3 Ha
Energy:     -37.3417843366 Ha after    5 iterations (in       0.00 seconds).
Detailed timing info in this SCF step:
prepare_next_input:            0.00s
diagonalize_hamiltonian:       0.00s
generate_density_matrix:       0.00s
check_scf_convergence:         0.00s
scf_records.update:            0.00s
Exc:       0.00000000, Vxc:       0.00000000
SCF Change: DM 2.39738e-4; eev 1.55190e-2 Ha; etot 1.96241e-3 Ha
Energy:     -37.3398219292 Ha after    6 iterations (in       0.00 seconds).
Detailed timing info in this SCF step:
prepare_next_input:            0.00s
diagonalize_hamiltonian:       0.00s
generate_density_matrix:       0.00s
check_scf_convergence:         0.00s
scf_records.update:            0.00s
Exc:       0.00000000, Vxc:       0.00000000
SCF Change: DM 6.22195e-5; eev 1.20159e-2 Ha; etot 2.64520e-4 Ha
Energy:     -37.3395574095 Ha after    7 iterations (in       0.00 seconds).
Detailed timing info in this SCF step:
prepare_next_input:            0.00s
diagonalize_hamiltonian:       0.00s
generate_density_matrix:       0.00s
check_scf_convergence:         0.00s
scf_records.update:            0.00s
Exc:       0.00000000, Vxc:       0.00000000
SCF Change: DM 5.69283e-5; eev 2.75140e-3 Ha; etot -5.52643e-4 Ha
Energy:     -37.3401100521 Ha after    8 iterations (in       0.01 seconds).
Detailed timing info in this SCF step:
prepare_next_input:            0.01s
diagonalize_hamiltonian:       0.00s
generate_density_matrix:       0.00s
check_scf_convergence:         0.00s
scf_records.update:            0.00s
Exc:       0.00000000, Vxc:       0.00000000
SCF Change: DM 1.64934e-5; eev 2.56091e-3 Ha; etot -6.07626e-7 Ha
Energy:     -37.3401106598 Ha after    9 iterations (in       0.00 seconds).
Detailed timing info in this SCF step:
prepare_next_input:            0.00s
diagonalize_hamiltonian:       0.00s
generate_density_matrix:       0.00s
check_scf_convergence:         0.00s
scf_records.update:            0.00s
Exc:       0.00000000, Vxc:       0.00000000
SCF Change: DM 1.87824e-6; eev 2.26777e-5 Ha; etot -1.25578e-7 Ha
Energy:     -37.3401107853 Ha after   10 iterations (in       0.00 seconds).
Detailed timing info in this SCF step:
prepare_next_input:            0.00s
diagonalize_hamiltonian:       0.00s
generate_density_matrix:       0.00s
check_scf_convergence:         0.00s
scf_records.update:            0.00s
Exc:       0.00000000, Vxc:       0.00000000
SCF Change: DM 3.76649e-7; eev 1.74992e-5 Ha; etot -4.21466e-10 Ha
Energy:     -37.3401107858 Ha after   11 iterations (in       0.00 seconds).
Detailed timing info in this SCF step:
prepare_next_input:            0.00s
diagonalize_hamiltonian:       0.00s
generate_density_matrix:       0.00s
check_scf_convergence:         0.00s
scf_records.update:            0.00s
Exc:       0.00000000, Vxc:       0.00000000
SCF Change: DM 1.30812e-8; eev 2.79744e-7 Ha; etot -1.88152e-11 Ha
Energy:     -37.3401107858 Ha after   12 iterations (in       0.00 seconds).
Detailed timing info in this SCF step:
prepare_next_input:            0.00s
diagonalize_hamiltonian:       0.00s
generate_density_matrix:       0.00s
check_scf_convergence:         0.00s
scf_records.update:            0.00s
Exc:       0.00000000, Vxc:       0.00000000
SCF Change: DM 2.33061e-9; eev 2.95397e-8 Ha; etot -1.42109e-14 Ha
Energy:     -37.3401107858 Ha after   13 iterations (in       0.00 seconds).
Detailed timing info in this SCF step:
prepare_next_input:            0.00s
diagonalize_hamiltonian:       0.00s
generate_density_matrix:       0.00s
check_scf_convergence:         0.00s
scf_records.update:            0.00s
Exc:       0.00000000, Vxc:       0.00000000
SCF Change: DM 5.18704e-12; eev 3.12563e-10 Ha; etot -1.42109e-14 Ha
Energy:     -37.3401107858 Ha after   14 iterations (in       0.00 seconds).
Detailed timing info in this SCF step:
prepare_next_input:            0.00s
diagonalize_hamiltonian:       0.00s
generate_density_matrix:       0.00s
check_scf_convergence:         0.00s
scf_records.update:            0.00s
SCF is converged after   14 iterations.
   State    Occupation        Eigenvalue
       0       2.00000        -11.472430
       1       2.00000         -0.775722
       2       0.66667         -0.123052
       3       0.66667         -0.123052
       4       0.66667         -0.123052
       5       0.00000          0.234768
       6       0.00000          0.349642
       7       0.00000          0.349642
the job spends             0.08 seconds
Generate SAD of H
the functional of 'hf' contains
For SCF calculation, no core orbital is frozen by effective core potential (ECP) approximation
Libxc version used in REST: 7.0.0
nbas: 6, natm: 1 for standard basis sets
First valence state for the frozen-core algorithm:     0
final nbas: 12,final natm: 2
numbasis: 14, num_auxbas: 18
Unrestricted Hartree-Fock (or Kohn-Sham) algorithm is invoked.
Nuc_energy:       0.00000000 Hartree
no empirical dispersion correction is employed
No ghost effective potential
No ghost point charges
Detailed time report:
all ri    |:    0.000 s for for the total evaluations of ri3fn
inv_sqrt  |:    0.000 s for for the sqrt inverse of aux_ij
ri_v      |:    0.000 s for for RI dot aux_v^{-1/2}
aux_ij    |:    0.000 s for for the coulomb matrix of auxiliary basis
prim ri   |:    0.000 s for for the pure three-center integrals
Overlap matrix is nonsigular:
  Lowest eigenvalue:       0.10940728 with the total number of basis functions:     14
Grid size: 10024
Initial guess from SAP
The evaluation of vmat costs             0.00 seconds
Detailed time report:
Overall   |:    0.011 s for SCF Preparation
DFT Grids |:    0.006 s for Initialization of the tabulated Grids and AOs
CInt      |:    0.001 s for Two, Three, and Four-center integrals
InitGuess |:    0.004 s for Prepare initial guess
ISDF      |:    0.000 s for ISDF initialization
Exc:       0.00000000, Vxc:       0.00000000
The total energy:        -0.4746750264 Ha by the initial guess
Exc:       0.00000000, Vxc:       0.00000000
Energy:      -0.4947605578 Ha with <S^2> =  0.750 and <2S+1> =  2.000 after    1 iterations (in       0.00 seconds).
Detailed timing info in this SCF step:
prepare_next_input:            0.00s
diagonalize_hamiltonian:       0.00s
generate_density_matrix:       0.00s
check_scf_convergence:         0.00s
scf_records.update:            0.00s
Exc:       0.00000000, Vxc:       0.00000000
SCF Change: DM (2.42831e-3, 0.00000e0); eev 1.75389e-1 Ha; etot -7.45427e-3 Ha
Energy:      -0.5022148265 Ha with <S^2> =  0.750 and <2S+1> =  2.000 after    2 iterations (in       0.00 seconds).
Detailed timing info in this SCF step:
prepare_next_input:            0.00s
diagonalize_hamiltonian:       0.00s
generate_density_matrix:       0.00s
check_scf_convergence:         0.00s
scf_records.update:            0.00s
Exc:       0.00000000, Vxc:       0.00000000
SCF Change: DM (4.89184e-4, 0.00000e0); eev 6.79785e-2 Ha; etot 1.31784e-3 Ha
Energy:      -0.5008969838 Ha with <S^2> =  0.750 and <2S+1> =  2.000 after    3 iterations (in       0.00 seconds).
Detailed timing info in this SCF step:
prepare_next_input:            0.00s
diagonalize_hamiltonian:       0.00s
generate_density_matrix:       0.00s
check_scf_convergence:         0.00s
scf_records.update:            0.00s
Exc:       0.00000000, Vxc:       0.00000000
SCF Change: DM (6.14473e-5, 0.00000e0); eev 1.58155e-2 Ha; etot 9.31515e-4 Ha
Energy:      -0.4999654685 Ha with <S^2> =  0.750 and <2S+1> =  2.000 after    4 iterations (in       0.00 seconds).
Detailed timing info in this SCF step:
prepare_next_input:            0.00s
diagonalize_hamiltonian:       0.00s
generate_density_matrix:       0.00s
check_scf_convergence:         0.00s
scf_records.update:            0.00s
Exc:       0.00000000, Vxc:       0.00000000
SCF Change: DM (3.39240e-5, 0.00000e0); eev 1.39012e-3 Ha; etot 1.87791e-4 Ha
Energy:      -0.4997776776 Ha with <S^2> =  0.750 and <2S+1> =  2.000 after    5 iterations (in       0.00 seconds).
Detailed timing info in this SCF step:
prepare_next_input:            0.00s
diagonalize_hamiltonian:       0.00s
generate_density_matrix:       0.00s
check_scf_convergence:         0.00s
scf_records.update:            0.00s
Exc:       0.00000000, Vxc:       0.00000000
SCF Change: DM (1.39081e-5, 0.00000e0); eev 7.49941e-4 Ha; etot -4.66356e-6 Ha
Energy:      -0.4997823411 Ha with <S^2> =  0.750 and <2S+1> =  2.000 after    6 iterations (in       0.00 seconds).
Detailed timing info in this SCF step:
prepare_next_input:            0.00s
diagonalize_hamiltonian:       0.00s
generate_density_matrix:       0.00s
check_scf_convergence:         0.00s
scf_records.update:            0.00s
Exc:       0.00000000, Vxc:       0.00000000
SCF Change: DM (3.24050e-6, 0.00000e0); eev 4.38958e-4 Ha; etot -1.82058e-5 Ha
Energy:      -0.4998005469 Ha with <S^2> =  0.750 and <2S+1> =  2.000 after    7 iterations (in       0.00 seconds).
Detailed timing info in this SCF step:
prepare_next_input:            0.00s
diagonalize_hamiltonian:       0.00s
generate_density_matrix:       0.00s
check_scf_convergence:         0.00s
scf_records.update:            0.00s
Exc:       0.00000000, Vxc:       0.00000000
SCF Change: DM (3.23524e-7, 0.00000e0); eev 1.46853e-4 Ha; etot -9.28526e-6 Ha
Energy:      -0.4998098322 Ha with <S^2> =  0.750 and <2S+1> =  2.000 after    8 iterations (in       0.00 seconds).
Detailed timing info in this SCF step:
prepare_next_input:            0.00s
diagonalize_hamiltonian:       0.00s
generate_density_matrix:       0.00s
check_scf_convergence:         0.00s
scf_records.update:            0.00s
Exc:       0.00000000, Vxc:       0.00000000
SCF Change: DM (1.39114e-7, 0.00000e0); eev 8.51566e-6 Ha; etot -2.91848e-11 Ha
Energy:      -0.4998098322 Ha with <S^2> =  0.750 and <2S+1> =  2.000 after    9 iterations (in       0.00 seconds).
Detailed timing info in this SCF step:
prepare_next_input:            0.00s
diagonalize_hamiltonian:       0.00s
generate_density_matrix:       0.00s
check_scf_convergence:         0.00s
scf_records.update:            0.00s
Exc:       0.00000000, Vxc:       0.00000000
SCF Change: DM (4.82128e-8, 0.00000e0); eev 1.22527e-6 Ha; etot -2.64538e-12 Ha
Energy:      -0.4998098322 Ha with <S^2> =  0.750 and <2S+1> =  2.000 after   10 iterations (in       0.00 seconds).
Detailed timing info in this SCF step:
prepare_next_input:            0.00s
diagonalize_hamiltonian:       0.00s
generate_density_matrix:       0.00s
check_scf_convergence:         0.00s
scf_records.update:            0.00s
Exc:       0.00000000, Vxc:       0.00000000
SCF Change: DM (4.02611e-14, 0.00000e0); eev 2.49590e-12 Ha; etot -5.89528e-14 Ha
Energy:      -0.4998098322 Ha with <S^2> =  0.750 and <2S+1> =  2.000 after   11 iterations (in       0.00 seconds).
Detailed timing info in this SCF step:
prepare_next_input:            0.00s
diagonalize_hamiltonian:       0.00s
generate_density_matrix:       0.00s
check_scf_convergence:         0.00s
scf_records.update:            0.00s
SCF is converged after   11 iterations.
Spin-up eigenvalues
 
   State    Occupation        Eigenvalue
       0       1.00000         -0.499810
       1       0.00000          0.354348
       2       0.00000          0.738499
       3       0.00000          0.738499
 
Spin-down eigenvalues
 
   State    Occupation        Eigenvalue
the number of eigenvalues in 1 spin channel is 1
the job spends             0.02 seconds
total electron number:      10.00001486
The evaluation of Vj, Vk and Vxc matrices cost       0.00,       0.01 and       0.11 seconds, respectively
Exc:      -5.31503349, Vxc:      -3.40110963
Initial guess HF energy:     -40.4215992619811004
Initial density matrix by Atom SAD:
                 0,           1,           2,           3,           4
    0     0.458145,    0.615863,   -0.056409,   -0.042653,    0.005030
    1     0.615863,    0.842586,   -0.146560,   -0.110561,   -0.001936
    2    -0.056409,   -0.146560,    0.347091,    0.261209,    0.041207
    3    -0.042653,   -0.110561,    0.261209,    0.196577,    0.031006
    4     0.005030,   -0.001936,    0.041207,    0.031006,    0.005198
    5     0.000000,    0.000000,   -0.000000,    0.000000,   -0.000000
    6    -0.000000,   -0.000000,    0.000000,   -0.000000,    0.000000
    7    -0.000000,   -0.000000,    0.000000,   -0.000000,   -0.000000
    8    -0.000000,   -0.000000,    0.000000,    0.000000,   -0.000000
    9     0.000000,    0.000000,   -0.000000,   -0.000000,    0.000000
   10    -0.000000,   -0.000000,    0.000000,   -0.000000,   -0.000000
   11    -0.000000,   -0.000000,    0.000000,    0.000000,   -0.000000
   12    -0.000000,   -0.000000,    0.000000,   -0.000000,    0.000000
   13     0.000000,    0.000000,   -0.000000,   -0.000000,   -0.000000
   14    -0.000000,   -0.000000,    0.000000,   -0.000000,   -0.000000
   15    -0.000000,   -0.000000,    0.000000,    0.000000,   -0.000000
   16    -0.000000,   -0.000000,    0.000000,    0.000000,    0.000000
   17     0.000000,    0.000000,   -0.000000,   -0.000000,    0.000000
   18     0.000000,    0.000000,   -0.000000,   -0.000000,   -0.000000
   19    -0.000000,   -0.000000,    0.000000,    0.000000,    0.000000
   20    -0.000000,   -0.000000,    0.000000,    0.000000,    0.000000
   21    -0.000000,   -0.000000,    0.000000,    0.000000,    0.000000
   22     0.000000,    0.000000,   -0.000000,   -0.000000,   -0.000000
   23    -0.000000,   -0.000000,    0.000000,    0.000000,    0.000000
   24     0.000000,    0.000000,   -0.000000,   -0.000000,   -0.000000
   25     0.002601,    0.002574,    0.004114,    0.003095,    0.000574
   26     0.000000,    0.000000,   -0.000000,   -0.000000,   -0.000000
   27     0.000000,    0.000000,   -0.000000,   -0.000000,   -0.000000
   28    -0.000000,   -0.000000,    0.000000,    0.000000,    0.000000
   29     0.000000,    0.000000,   -0.000000,   -0.000000,   -0.000000
   30     0.000000,    0.000000,   -0.000000,   -0.000000,   -0.000000
   31    -0.017072,   -0.036292,    0.066269,    0.049874,    0.007703
   32    -0.028791,   -0.051603,    0.065584,    0.049364,    0.007313
   33    -0.005957,   -0.009828,    0.009488,    0.007142,    0.001011
   34     0.001938,    0.003480,   -0.004450,   -0.003349,   -0.000497
   35     0.001938,    0.003480,   -0.004450,   -0.003349,   -0.000497
   36     0.001938,    0.003480,   -0.004450,   -0.003349,   -0.000497
   37     0.004954,    0.007571,   -0.004997,   -0.003762,   -0.000485
   38     0.004954,    0.007571,   -0.004997,   -0.003762,   -0.000485
   39     0.004954,    0.007571,   -0.004997,   -0.003762,   -0.000485
   40    -0.001113,   -0.001664,    0.000944,    0.000710,    0.000087
   41    -0.001113,   -0.001664,    0.000944,    0.000710,    0.000087
   42    -0.000000,   -0.000000,   -0.000000,    0.000000,   -0.000000
   43    -0.001113,   -0.001664,    0.000944,    0.000710,    0.000087
   44    -0.000000,   -0.000000,    0.000000,   -0.000000,    0.000000
   45    -0.017072,   -0.036292,    0.066269,    0.049874,    0.007703
   46    -0.028791,   -0.051603,    0.065584,    0.049364,    0.007313
   47    -0.005957,   -0.009828,    0.009488,    0.007142,    0.001011
   48    -0.001938,   -0.003480,    0.004450,    0.003349,    0.000497
   49    -0.001938,   -0.003480,    0.004450,    0.003349,    0.000497
   50     0.001938,    0.003480,   -0.004450,   -0.003349,   -0.000497
   51    -0.004954,   -0.007571,    0.004997,    0.003762,    0.000485
   52    -0.004954,   -0.007571,    0.004997,    0.003762,    0.000485
   53     0.004954,    0.007571,   -0.004997,   -0.003762,   -0.000485
   54    -0.001113,   -0.001664,    0.000944,    0.000710,    0.000087
   55     0.001113,    0.001664,   -0.000944,   -0.000710,   -0.000087
   56    -0.000000,   -0.000000,    0.000000,    0.000000,    0.000000
   57     0.001113,    0.001664,   -0.000944,   -0.000710,   -0.000087
   58     0.000000,    0.000000,   -0.000000,    0.000000,   -0.000000
   59    -0.017072,   -0.036292,    0.066269,    0.049874,    0.007703
   60    -0.028791,   -0.051603,    0.065584,    0.049364,    0.007313
   61    -0.005957,   -0.009828,    0.009488,    0.007142,    0.001011
   62    -0.001938,   -0.003480,    0.004450,    0.003349,    0.000497
   63     0.001938,    0.003480,   -0.004450,   -0.003349,   -0.000497
   64    -0.001938,   -0.003480,    0.004450,    0.003349,    0.000497
   65    -0.004954,   -0.007571,    0.004997,    0.003762,    0.000485
   66     0.004954,    0.007571,   -0.004997,   -0.003762,   -0.000485
   67    -0.004954,   -0.007571,    0.004997,    0.003762,    0.000485
   68     0.001113,    0.001664,   -0.000944,   -0.000710,   -0.000087
   69     0.001113,    0.001664,   -0.000944,   -0.000710,   -0.000087
   70     0.000000,    0.000000,    0.000000,   -0.000000,    0.000000
   71    -0.001113,   -0.001664,    0.000944,    0.000710,    0.000087
   72    -0.000000,   -0.000000,   -0.000000,    0.000000,   -0.000000
   73    -0.017072,   -0.036292,    0.066269,    0.049874,    0.007703
   74    -0.028791,   -0.051603,    0.065584,    0.049364,    0.007313
   75    -0.005957,   -0.009828,    0.009488,    0.007142,    0.001011
   76     0.001938,    0.003480,   -0.004450,   -0.003349,   -0.000497
   77    -0.001938,   -0.003480,    0.004450,    0.003349,    0.000497
   78    -0.001938,   -0.003480,    0.004450,    0.003349,    0.000497
   79     0.004954,    0.007571,   -0.004997,   -0.003762,   -0.000485
   80    -0.004954,   -0.007571,    0.004997,    0.003762,    0.000485
   81    -0.004954,   -0.007571,    0.004997,    0.003762,    0.000485
   82     0.001113,    0.001664,   -0.000944,   -0.000710,   -0.000087
   83    -0.001113,   -0.001664,    0.000944,    0.000710,    0.000087
   84     0.000000,    0.000000,   -0.000000,   -0.000000,   -0.000000
   85     0.001113,    0.001664,   -0.000944,   -0.000710,   -0.000087
   86    -0.000000,   -0.000000,    0.000000,   -0.000000,    0.000000
                 5,           6,           7,           8,           9
    0     0.000000,   -0.000000,   -0.000000,   -0.000000,    0.000000
    1     0.000000,   -0.000000,   -0.000000,   -0.000000,    0.000000
    2    -0.000000,    0.000000,    0.000000,    0.000000,   -0.000000
    3     0.000000,   -0.000000,   -0.000000,    0.000000,   -0.000000
    4    -0.000000,    0.000000,   -0.000000,   -0.000000,    0.000000
    5     0.331637,   -0.000000,    0.000000,    0.220200,    0.000000
    6    -0.000000,    0.331637,   -0.000000,   -0.000000,    0.220200
    7     0.000000,   -0.000000,    0.331637,   -0.000000,    0.000000
    8     0.220200,   -0.000000,   -0.000000,    0.146208,    0.000000
    9     0.000000,    0.220200,    0.000000,    0.000000,    0.146208
   10    -0.000000,    0.000000,    0.220200,   -0.000000,    0.000000
   11     0.061208,   -0.000000,    0.000000,    0.040641,    0.000000
   12    -0.000000,    0.061208,    0.000000,   -0.000000,    0.040641
   13     0.000000,    0.000000,    0.061208,   -0.000000,    0.000000
   14    -0.000000,    0.000000,    0.013284,   -0.000000,    0.000000
   15     0.013284,    0.000000,   -0.000000,    0.008820,    0.000000
   16    -0.000000,    0.000000,    0.000000,   -0.000000,    0.000000
   17     0.000000,    0.013284,    0.000000,    0.000000,    0.008820
   18     0.000000,    0.000000,   -0.000000,    0.000000,    0.000000
   19    -0.000000,    0.000000,    0.010304,   -0.000000,    0.000000
   20     0.010304,   -0.000000,   -0.000000,    0.006842,    0.000000
   21     0.000000,   -0.000000,   -0.000000,    0.000000,   -0.000000
   22     0.000000,    0.010304,    0.000000,    0.000000,    0.006842
   23    -0.000000,   -0.000000,   -0.000000,   -0.000000,   -0.000000
   24     0.000000,    0.000455,    0.000000,    0.000000,    0.000302
   25     0.000000,    0.000000,   -0.000000,    0.000000,   -0.000000
   26     0.000000,    0.000352,    0.000000,    0.000000,    0.000234
   27     0.000000,   -0.000000,   -0.000575,    0.000000,   -0.000000
   28     0.000352,   -0.000000,   -0.000000,    0.000234,   -0.000000
   29    -0.000000,   -0.000000,    0.000000,   -0.000000,   -0.000000
   30    -0.000455,   -0.000000,    0.000000,   -0.000302,   -0.000000
   31     0.084216,    0.084216,    0.084216,    0.055918,    0.055918
   32     0.102878,    0.102878,    0.102878,    0.068309,    0.068309
   33     0.030983,    0.030983,    0.030983,    0.020572,    0.020572
   34    -0.000980,   -0.005961,   -0.005961,   -0.000651,   -0.003958
   35    -0.005961,   -0.000980,   -0.005961,   -0.003958,   -0.000651
   36    -0.005961,   -0.005961,   -0.000980,   -0.003958,   -0.003958
   37     0.003104,   -0.006604,   -0.006604,    0.002061,   -0.004385
   38    -0.006604,    0.003104,   -0.006604,   -0.004385,    0.002061
   39    -0.006604,   -0.006604,    0.003104,   -0.004385,   -0.004385
   40     0.000048,    0.000048,    0.001419,    0.000032,    0.000032
   41     0.001419,    0.000048,    0.000048,    0.000942,    0.000032
   42     0.000763,    0.000763,   -0.001525,    0.000506,    0.000506
   43     0.000048,    0.001419,    0.000048,    0.000032,    0.000942
   44    -0.001321,    0.001321,    0.000000,   -0.000877,    0.000877
   45    -0.084216,   -0.084216,    0.084216,   -0.055918,   -0.055918
   46    -0.102878,   -0.102878,    0.102878,   -0.068309,   -0.068309
   47    -0.030983,   -0.030983,    0.030983,   -0.020572,   -0.020572
   48    -0.000980,   -0.005961,    0.005961,   -0.000651,   -0.003958
   49    -0.005961,   -0.000980,    0.005961,   -0.003958,   -0.000651
   50     0.005961,    0.005961,   -0.000980,    0.003958,    0.003958
   51     0.003104,   -0.006604,    0.006604,    0.002061,   -0.004385
   52    -0.006604,    0.003104,    0.006604,   -0.004385,    0.002061
   53     0.006604,    0.006604,    0.003104,    0.004385,    0.004385
   54    -0.000048,   -0.000048,    0.001419,   -0.000032,   -0.000032
   55     0.001419,    0.000048,   -0.000048,    0.000942,    0.000032
   56    -0.000763,   -0.000763,   -0.001525,   -0.000506,   -0.000506
   57     0.000048,    0.001419,   -0.000048,    0.000032,    0.000942
   58     0.001321,   -0.001321,   -0.000000,    0.000877,   -0.000877
   59    -0.084216,    0.084216,   -0.084216,   -0.055918,    0.055918
   60    -0.102878,    0.102878,   -0.102878,   -0.068309,    0.068309
   61    -0.030983,    0.030983,   -0.030983,   -0.020572,    0.020572
   62    -0.000980,    0.005961,   -0.005961,   -0.000651,    0.003958
   63     0.005961,   -0.000980,    0.005961,    0.003958,   -0.000651
   64    -0.005961,    0.005961,   -0.000980,   -0.003958,    0.003958
   65     0.003104,    0.006604,   -0.006604,    0.002061,    0.004385
   66     0.006604,    0.003104,    0.006604,    0.004385,    0.002061
   67    -0.006604,    0.006604,    0.003104,   -0.004385,    0.004385
   68     0.000048,   -0.000048,    0.001419,    0.000032,   -0.000032
   69     0.001419,   -0.000048,    0.000048,    0.000942,   -0.000032
   70    -0.000763,    0.000763,    0.001525,   -0.000506,    0.000506
   71    -0.000048,    0.001419,   -0.000048,   -0.000032,    0.000942
   72     0.001321,    0.001321,   -0.000000,    0.000877,    0.000877
   73     0.084216,   -0.084216,   -0.084216,    0.055918,   -0.055918
   74     0.102878,   -0.102878,   -0.102878,    0.068309,   -0.068309
   75     0.030983,   -0.030983,   -0.030983,    0.020572,   -0.020572
   76    -0.000980,    0.005961,    0.005961,   -0.000651,    0.003958
   77     0.005961,   -0.000980,   -0.005961,    0.003958,   -0.000651
   78     0.005961,   -0.005961,   -0.000980,    0.003958,   -0.003958
   79     0.003104,    0.006604,    0.006604,    0.002061,    0.004385
   80     0.006604,    0.003104,   -0.006604,    0.004385,    0.002061
   81     0.006604,   -0.006604,    0.003104,    0.004385,   -0.004385
   82    -0.000048,    0.000048,    0.001419,   -0.000032,    0.000032
   83     0.001419,   -0.000048,   -0.000048,    0.000942,   -0.000032
   84     0.000763,   -0.000763,    0.001525,    0.000506,   -0.000506
   85    -0.000048,    0.001419,    0.000048,   -0.000032,    0.000942
   86    -0.001321,   -0.001321,    0.000000,   -0.000877,   -0.000877
                10,          11,          12,          13,          14
    0    -0.000000,   -0.000000,   -0.000000,    0.000000,   -0.000000
    1    -0.000000,   -0.000000,   -0.000000,    0.000000,   -0.000000
    2     0.000000,    0.000000,    0.000000,   -0.000000,    0.000000
    3    -0.000000,    0.000000,   -0.000000,   -0.000000,   -0.000000
    4    -0.000000,   -0.000000,    0.000000,   -0.000000,   -0.000000
    5    -0.000000,    0.061208,   -0.000000,    0.000000,   -0.000000
    6     0.000000,   -0.000000,    0.061208,    0.000000,    0.000000
    7     0.220200,    0.000000,    0.000000,    0.061208,    0.013284
    8    -0.000000,    0.040641,   -0.000000,   -0.000000,   -0.000000
    9     0.000000,    0.000000,    0.040641,    0.000000,    0.000000
   10     0.146208,   -0.000000,    0.000000,    0.040641,    0.008820
   11    -0.000000,    0.011297,   -0.000000,    0.000000,   -0.000000
   12     0.000000,   -0.000000,    0.011297,    0.000000,    0.000000
   13     0.040641,    0.000000,    0.000000,    0.011297,    0.002452
   14     0.008820,   -0.000000,    0.000000,    0.002452,    0.000532
   15    -0.000000,    0.002452,   -0.000000,   -0.000000,   -0.000000
   16     0.000000,   -0.000000,    0.000000,    0.000000,    0.000000
   17     0.000000,    0.000000,    0.002452,    0.000000,    0.000000
   18    -0.000000,    0.000000,    0.000000,   -0.000000,   -0.000000
   19     0.006842,   -0.000000,    0.000000,    0.001902,    0.000413
   20    -0.000000,    0.001902,   -0.000000,   -0.000000,   -0.000000
   21    -0.000000,    0.000000,   -0.000000,   -0.000000,   -0.000000
   22     0.000000,    0.000000,    0.001902,    0.000000,    0.000000
   23    -0.000000,   -0.000000,   -0.000000,   -0.000000,   -0.000000
   24     0.000000,    0.000000,    0.000084,    0.000000,    0.000000
   25    -0.000000,    0.000000,    0.000000,   -0.000000,   -0.000000
   26     0.000000,    0.000000,    0.000065,    0.000000,    0.000000
   27    -0.000382,    0.000000,   -0.000000,   -0.000106,   -0.000023
   28    -0.000000,    0.000065,   -0.000000,   -0.000000,   -0.000000
   29     0.000000,   -0.000000,   -0.000000,    0.000000,    0.000000
   30     0.000000,   -0.000084,   -0.000000,    0.000000,    0.000000
   31     0.055918,    0.015543,    0.015543,    0.015543,    0.003373
   32     0.068309,    0.018988,    0.018988,    0.018988,    0.004121
   33     0.020572,    0.005718,    0.005718,    0.005718,    0.001241
   34    -0.003958,   -0.000181,   -0.001100,   -0.001100,   -0.000239
   35    -0.003958,   -0.001100,   -0.000181,   -0.001100,   -0.000239
   36    -0.000651,   -0.001100,   -0.001100,   -0.000181,   -0.000039
   37    -0.004385,    0.000573,   -0.001219,   -0.001219,   -0.000265
   38    -0.004385,   -0.001219,    0.000573,   -0.001219,   -0.000265
   39     0.002061,   -0.001219,   -0.001219,    0.000573,    0.000124
   40     0.000942,    0.000009,    0.000009,    0.000262,    0.000057
   41     0.000032,    0.000262,    0.000009,    0.000009,    0.000002
   42    -0.001013,    0.000141,    0.000141,   -0.000282,   -0.000061
   43     0.000032,    0.000009,    0.000262,    0.000009,    0.000002
   44     0.000000,   -0.000244,    0.000244,    0.000000,    0.000000
   45     0.055918,   -0.015543,   -0.015543,    0.015543,    0.003373
   46     0.068309,   -0.018988,   -0.018988,    0.018988,    0.004121
   47     0.020572,   -0.005718,   -0.005718,    0.005718,    0.001241
   48     0.003958,   -0.000181,   -0.001100,    0.001100,    0.000239
   49     0.003958,   -0.001100,   -0.000181,    0.001100,    0.000239
   50    -0.000651,    0.001100,    0.001100,   -0.000181,   -0.000039
   51     0.004385,    0.000573,   -0.001219,    0.001219,    0.000265
   52     0.004385,   -0.001219,    0.000573,    0.001219,    0.000265
   53     0.002061,    0.001219,    0.001219,    0.000573,    0.000124
   54     0.000942,   -0.000009,   -0.000009,    0.000262,    0.000057
   55    -0.000032,    0.000262,    0.000009,   -0.000009,   -0.000002
   56    -0.001013,   -0.000141,   -0.000141,   -0.000282,   -0.000061
   57    -0.000032,    0.000009,    0.000262,   -0.000009,   -0.000002
   58    -0.000000,    0.000244,   -0.000244,   -0.000000,   -0.000000
   59    -0.055918,   -0.015543,    0.015543,   -0.015543,   -0.003373
   60    -0.068309,   -0.018988,    0.018988,   -0.018988,   -0.004121
   61    -0.020572,   -0.005718,    0.005718,   -0.005718,   -0.001241
   62    -0.003958,   -0.000181,    0.001100,   -0.001100,   -0.000239
   63     0.003958,    0.001100,   -0.000181,    0.001100,    0.000239
   64    -0.000651,   -0.001100,    0.001100,   -0.000181,   -0.000039
   65    -0.004385,    0.000573,    0.001219,   -0.001219,   -0.000265
   66     0.004385,    0.001219,    0.000573,    0.001219,    0.000265
   67     0.002061,   -0.001219,    0.001219,    0.000573,    0.000124
   68     0.000942,    0.000009,   -0.000009,    0.000262,    0.000057
   69     0.000032,    0.000262,   -0.000009,    0.000009,    0.000002
   70     0.001013,   -0.000141,    0.000141,    0.000282,    0.000061
   71    -0.000032,   -0.000009,    0.000262,   -0.000009,   -0.000002
   72    -0.000000,    0.000244,    0.000244,    0.000000,   -0.000000
   73    -0.055918,    0.015543,   -0.015543,   -0.015543,   -0.003373
   74    -0.068309,    0.018988,   -0.018988,   -0.018988,   -0.004121
   75    -0.020572,    0.005718,   -0.005718,   -0.005718,   -0.001241
   76     0.003958,   -0.000181,    0.001100,    0.001100,    0.000239
   77    -0.003958,    0.001100,   -0.000181,   -0.001100,   -0.000239
   78    -0.000651,    0.001100,   -0.001100,   -0.000181,   -0.000039
   79     0.004385,    0.000573,    0.001219,    0.001219,    0.000265
   80    -0.004385,    0.001219,    0.000573,   -0.001219,   -0.000265
   81     0.002061,    0.001219,   -0.001219,    0.000573,    0.000124
   82     0.000942,   -0.000009,    0.000009,    0.000262,    0.000057
   83    -0.000032,    0.000262,   -0.000009,   -0.000009,   -0.000002
   84     0.001013,    0.000141,   -0.000141,    0.000282,    0.000061
   85     0.000032,   -0.000009,    0.000262,    0.000009,    0.000002
   86     0.000000,   -0.000244,   -0.000244,   -0.000000,    0.000000
                15,          16,          17,          18,          19
    0    -0.000000,   -0.000000,    0.000000,    0.000000,   -0.000000
    1    -0.000000,   -0.000000,    0.000000,    0.000000,   -0.000000
    2     0.000000,    0.000000,   -0.000000,   -0.000000,    0.000000
    3     0.000000,    0.000000,   -0.000000,   -0.000000,    0.000000
    4    -0.000000,    0.000000,    0.000000,   -0.000000,    0.000000
    5     0.013284,   -0.000000,    0.000000,    0.000000,   -0.000000
    6     0.000000,    0.000000,    0.013284,    0.000000,    0.000000
    7    -0.000000,    0.000000,    0.000000,   -0.000000,    0.010304
    8     0.008820,   -0.000000,    0.000000,    0.000000,   -0.000000
    9     0.000000,    0.000000,    0.008820,    0.000000,    0.000000
   10    -0.000000,    0.000000,    0.000000,   -0.000000,    0.006842
   11     0.002452,   -0.000000,    0.000000,    0.000000,   -0.000000
   12    -0.000000,    0.000000,    0.002452,    0.000000,    0.000000
   13    -0.000000,    0.000000,    0.000000,   -0.000000,    0.001902
   14    -0.000000,    0.000000,    0.000000,   -0.000000,    0.000413
   15     0.000532,   -0.000000,    0.000000,    0.000000,   -0.000000
   16    -0.000000,    0.000000,    0.000000,    0.000000,    0.000000
   17     0.000000,    0.000000,    0.000532,    0.000000,    0.000000
   18     0.000000,    0.000000,    0.000000,    0.000000,   -0.000000
   19    -0.000000,    0.000000,    0.000000,   -0.000000,    0.000320
   20     0.000413,   -0.000000,   -0.000000,    0.000000,   -0.000000
   21     0.000000,   -0.000000,   -0.000000,    0.000000,   -0.000000
   22     0.000000,    0.000000,    0.000413,    0.000000,    0.000000
   23    -0.000000,   -0.000000,   -0.000000,   -0.000000,   -0.000000
   24     0.000000,    0.000000,    0.000018,    0.000000,    0.000000
   25     0.000000,    0.000000,   -0.000000,   -0.000000,    0.000000
   26     0.000000,    0.000000,    0.000014,    0.000000,    0.000000
   27     0.000000,   -0.000000,   -0.000000,    0.000000,   -0.000018
   28     0.000014,   -0.000000,   -0.000000,    0.000000,   -0.000000
   29    -0.000000,    0.000000,   -0.000000,   -0.000000,    0.000000
   30    -0.000018,    0.000000,   -0.000000,   -0.000000,    0.000000
   31     0.003373,    0.000000,    0.003373,    0.000000,    0.002617
   32     0.004121,    0.000000,    0.004121,    0.000000,    0.003196
   33     0.001241,    0.000000,    0.001241,    0.000000,    0.000963
   34    -0.000039,   -0.000000,   -0.000239,   -0.000000,   -0.000185
   35    -0.000239,   -0.000000,   -0.000039,   -0.000000,   -0.000185
   36    -0.000239,   -0.000000,   -0.000239,   -0.000000,   -0.000030
   37     0.000124,   -0.000000,   -0.000265,   -0.000000,   -0.000205
   38    -0.000265,    0.000000,    0.000124,    0.000000,   -0.000205
   39    -0.000265,    0.000000,   -0.000265,   -0.000000,    0.000096
   40     0.000002,    0.000000,    0.000002,   -0.000000,    0.000044
   41     0.000057,   -0.000000,    0.000002,    0.000000,    0.000001
   42     0.000031,   -0.000000,    0.000031,    0.000000,   -0.000047
   43     0.000002,    0.000000,    0.000057,    0.000000,    0.000001
   44    -0.000053,    0.000000,    0.000053,    0.000000,    0.000000
   45    -0.003373,    0.000000,   -0.003373,   -0.000000,    0.002617
   46    -0.004121,    0.000000,   -0.004121,   -0.000000,    0.003196
   47    -0.001241,    0.000000,   -0.001241,   -0.000000,    0.000963
   48    -0.000039,    0.000000,   -0.000239,   -0.000000,    0.000185
   49    -0.000239,    0.000000,   -0.000039,   -0.000000,    0.000185
   50     0.000239,    0.000000,    0.000239,    0.000000,   -0.000030
   51     0.000124,   -0.000000,   -0.000265,   -0.000000,    0.000205
   52    -0.000265,    0.000000,    0.000124,   -0.000000,    0.000205
   53     0.000265,    0.000000,    0.000265,    0.000000,    0.000096
   54    -0.000002,    0.000000,   -0.000002,   -0.000000,    0.000044
   55     0.000057,   -0.000000,    0.000002,    0.000000,   -0.000001
   56    -0.000031,   -0.000000,   -0.000031,   -0.000000,   -0.000047
   57     0.000002,    0.000000,    0.000057,    0.000000,   -0.000001
   58     0.000053,   -0.000000,   -0.000053,   -0.000000,   -0.000000
   59    -0.003373,    0.000000,    0.003373,    0.000000,   -0.002617
   60    -0.004121,    0.000000,    0.004121,    0.000000,   -0.003196
   61    -0.001241,    0.000000,    0.001241,    0.000000,   -0.000963
   62    -0.000039,    0.000000,    0.000239,    0.000000,   -0.000185
   63     0.000239,    0.000000,   -0.000039,    0.000000,    0.000185
   64    -0.000239,    0.000000,    0.000239,    0.000000,   -0.000030
   65     0.000124,   -0.000000,    0.000265,    0.000000,   -0.000205
   66     0.000265,    0.000000,    0.000124,    0.000000,    0.000205
   67    -0.000265,    0.000000,    0.000265,    0.000000,    0.000096
   68     0.000002,    0.000000,   -0.000002,   -0.000000,    0.000044
   69     0.000057,   -0.000000,   -0.000002,    0.000000,    0.000001
   70    -0.000031,    0.000000,    0.000031,    0.000000,    0.000047
   71    -0.000002,    0.000000,    0.000057,    0.000000,   -0.000001
   72     0.000053,    0.000000,    0.000053,    0.000000,   -0.000000
   73     0.003373,   -0.000000,   -0.003373,   -0.000000,   -0.002617
   74     0.004121,   -0.000000,   -0.004121,   -0.000000,   -0.003196
   75     0.001241,   -0.000000,   -0.001241,   -0.000000,   -0.000963
   76    -0.000039,    0.000000,    0.000239,    0.000000,    0.000185
   77     0.000239,   -0.000000,   -0.000039,    0.000000,   -0.000185
   78     0.000239,   -0.000000,   -0.000239,   -0.000000,   -0.000030
   79     0.000124,    0.000000,    0.000265,    0.000000,    0.000205
   80     0.000265,   -0.000000,    0.000124,    0.000000,   -0.000205
   81     0.000265,   -0.000000,   -0.000265,   -0.000000,    0.000096
   82    -0.000002,    0.000000,    0.000002,    0.000000,    0.000044
   83     0.000057,   -0.000000,   -0.000002,    0.000000,   -0.000001
   84     0.000031,    0.000000,   -0.000031,   -0.000000,    0.000047
   85    -0.000002,    0.000000,    0.000057,    0.000000,    0.000001
   86    -0.000053,   -0.000000,   -0.000053,   -0.000000,    0.000000
                20,          21,          22,          23,          24
    0    -0.000000,   -0.000000,    0.000000,   -0.000000,    0.000000
    1    -0.000000,   -0.000000,    0.000000,   -0.000000,    0.000000
    2     0.000000,    0.000000,   -0.000000,    0.000000,   -0.000000
    3     0.000000,    0.000000,   -0.000000,    0.000000,   -0.000000
    4     0.000000,    0.000000,   -0.000000,    0.000000,   -0.000000
    5     0.010304,    0.000000,    0.000000,   -0.000000,    0.000000
    6    -0.000000,   -0.000000,    0.010304,   -0.000000,    0.000455
    7    -0.000000,   -0.000000,    0.000000,   -0.000000,    0.000000
    8     0.006842,    0.000000,    0.000000,   -0.000000,    0.000000
    9     0.000000,   -0.000000,    0.006842,   -0.000000,    0.000302
   10    -0.000000,   -0.000000,    0.000000,   -0.000000,    0.000000
   11     0.001902,    0.000000,    0.000000,   -0.000000,    0.000000
   12    -0.000000,   -0.000000,    0.001902,   -0.000000,    0.000084
   13    -0.000000,   -0.000000,    0.000000,   -0.000000,    0.000000
   14    -0.000000,   -0.000000,    0.000000,   -0.000000,    0.000000
   15     0.000413,    0.000000,    0.000000,   -0.000000,    0.000000
   16    -0.000000,   -0.000000,    0.000000,   -0.000000,    0.000000
   17    -0.000000,   -0.000000,    0.000413,   -0.000000,    0.000018
   18     0.000000,    0.000000,    0.000000,   -0.000000,    0.000000
   19    -0.000000,   -0.000000,    0.000000,   -0.000000,    0.000000
   20     0.000320,    0.000000,    0.000000,   -0.000000,    0.000000
   21     0.000000,    0.000000,   -0.000000,    0.000000,   -0.000000
   22     0.000000,   -0.000000,    0.000320,   -0.000000,    0.000014
   23    -0.000000,    0.000000,   -0.000000,    0.000000,   -0.000000
   24     0.000000,   -0.000000,    0.000014,   -0.000000,    0.000001
   25     0.000000,    0.000000,   -0.000000,    0.000000,   -0.000000
   26     0.000000,   -0.000000,    0.000011,   -0.000000,    0.000000
   27     0.000000,    0.000000,   -0.000000,    0.000000,   -0.000000
   28     0.000011,    0.000000,    0.000000,   -0.000000,    0.000000
   29    -0.000000,   -0.000000,   -0.000000,   -0.000000,   -0.000000
   30    -0.000014,   -0.000000,   -0.000000,    0.000000,   -0.000000
   31     0.002617,    0.000000,    0.002617,    0.000000,    0.000116
   32     0.003196,    0.000000,    0.003196,    0.000000,    0.000141
   33     0.000963,    0.000000,    0.000963,   -0.000000,    0.000043
   34    -0.000030,    0.000000,   -0.000185,   -0.000000,   -0.000008
   35    -0.000185,   -0.000000,   -0.000030,   -0.000000,   -0.000001
   36    -0.000185,   -0.000000,   -0.000185,   -0.000000,   -0.000008
   37     0.000096,    0.000000,   -0.000205,   -0.000000,   -0.000009
   38    -0.000205,   -0.000000,    0.000096,   -0.000000,    0.000004
   39    -0.000205,   -0.000000,   -0.000205,   -0.000000,   -0.000009
   40     0.000001,   -0.000000,    0.000001,    0.000000,    0.000000
   41     0.000044,    0.000000,    0.000001,    0.000000,    0.000000
   42     0.000024,    0.000000,    0.000024,    0.000000,    0.000001
   43     0.000001,   -0.000000,    0.000044,    0.000000,    0.000002
   44    -0.000041,   -0.000000,    0.000041,   -0.000000,    0.000002
   45    -0.002617,   -0.000000,   -0.002617,    0.000000,   -0.000116
   46    -0.003196,   -0.000000,   -0.003196,    0.000000,   -0.000141
   47    -0.000963,   -0.000000,   -0.000963,    0.000000,   -0.000043
   48    -0.000030,   -0.000000,   -0.000185,    0.000000,   -0.000008
   49    -0.000185,   -0.000000,   -0.000030,    0.000000,   -0.000001
   50     0.000185,    0.000000,    0.000185,   -0.000000,    0.000008
   51     0.000096,    0.000000,   -0.000205,    0.000000,   -0.000009
   52    -0.000205,   -0.000000,    0.000096,    0.000000,    0.000004
   53     0.000205,    0.000000,    0.000205,   -0.000000,    0.000009
   54    -0.000001,   -0.000000,   -0.000001,    0.000000,   -0.000000
   55     0.000044,    0.000000,    0.000001,   -0.000000,    0.000000
   56    -0.000024,    0.000000,   -0.000024,    0.000000,   -0.000001
   57     0.000001,   -0.000000,    0.000044,   -0.000000,    0.000002
   58     0.000041,    0.000000,   -0.000041,    0.000000,   -0.000002
   59    -0.002617,   -0.000000,    0.002617,    0.000000,    0.000116
   60    -0.003196,   -0.000000,    0.003196,    0.000000,    0.000141
   61    -0.000963,   -0.000000,    0.000963,    0.000000,    0.000043
   62    -0.000030,    0.000000,    0.000185,    0.000000,    0.000008
   63     0.000185,    0.000000,   -0.000030,   -0.000000,   -0.000001
   64    -0.000185,   -0.000000,    0.000185,    0.000000,    0.000008
   65     0.000096,    0.000000,    0.000205,    0.000000,    0.000009
   66     0.000205,    0.000000,    0.000096,   -0.000000,    0.000004
   67    -0.000205,   -0.000000,    0.000205,    0.000000,    0.000009
   68     0.000001,   -0.000000,   -0.000001,   -0.000000,   -0.000000
   69     0.000044,    0.000000,   -0.000001,   -0.000000,   -0.000000
   70    -0.000024,   -0.000000,    0.000024,   -0.000000,    0.000001
   71    -0.000001,   -0.000000,    0.000044,    0.000000,    0.000002
   72     0.000041,    0.000000,    0.000041,   -0.000000,    0.000002
   73     0.002617,    0.000000,   -0.002617,    0.000000,   -0.000116
   74     0.003196,    0.000000,   -0.003196,    0.000000,   -0.000141
   75     0.000963,    0.000000,   -0.000963,    0.000000,   -0.000043
   76    -0.000030,   -0.000000,    0.000185,   -0.000000,    0.000008
   77     0.000185,    0.000000,   -0.000030,    0.000000,   -0.000001
   78     0.000185,    0.000000,   -0.000185,    0.000000,   -0.000008
   79     0.000096,   -0.000000,    0.000205,   -0.000000,    0.000009
   80     0.000205,    0.000000,    0.000096,    0.000000,    0.000004
   81     0.000205,    0.000000,   -0.000205,    0.000000,   -0.000009
   82    -0.000001,   -0.000000,    0.000001,   -0.000000,    0.000000
   83     0.000044,    0.000000,   -0.000001,    0.000000,   -0.000000
   84     0.000024,   -0.000000,   -0.000024,   -0.000000,   -0.000001
   85    -0.000001,   -0.000000,    0.000044,   -0.000000,    0.000002
   86    -0.000041,   -0.000000,   -0.000041,    0.000000,   -0.000002
                25,          26,          27,          28,          29
    0     0.002601,    0.000000,    0.000000,   -0.000000,    0.000000
    1     0.002574,    0.000000,    0.000000,   -0.000000,    0.000000
    2     0.004114,   -0.000000,   -0.000000,    0.000000,   -0.000000
    3     0.003095,   -0.000000,   -0.000000,    0.000000,   -0.000000
    4     0.000574,   -0.000000,   -0.000000,    0.000000,   -0.000000
    5     0.000000,    0.000000,    0.000000,    0.000352,   -0.000000
    6     0.000000,    0.000352,   -0.000000,   -0.000000,   -0.000000
    7    -0.000000,    0.000000,   -0.000575,   -0.000000,    0.000000
    8     0.000000,    0.000000,    0.000000,    0.000234,   -0.000000
    9    -0.000000,    0.000234,   -0.000000,   -0.000000,   -0.000000
   10    -0.000000,    0.000000,   -0.000382,   -0.000000,    0.000000
   11     0.000000,    0.000000,    0.000000,    0.000065,   -0.000000
   12     0.000000,    0.000065,   -0.000000,   -0.000000,   -0.000000
   13    -0.000000,    0.000000,   -0.000106,   -0.000000,    0.000000
   14    -0.000000,    0.000000,   -0.000023,   -0.000000,    0.000000
   15     0.000000,    0.000000,    0.000000,    0.000014,   -0.000000
   16     0.000000,    0.000000,   -0.000000,   -0.000000,    0.000000
   17    -0.000000,    0.000014,   -0.000000,   -0.000000,   -0.000000
   18    -0.000000,    0.000000,    0.000000,    0.000000,   -0.000000
   19     0.000000,    0.000000,   -0.000018,   -0.000000,    0.000000
   20     0.000000,    0.000000,    0.000000,    0.000011,   -0.000000
   21     0.000000,   -0.000000,    0.000000,    0.000000,   -0.000000
   22    -0.000000,    0.000011,   -0.000000,    0.000000,   -0.000000
   23     0.000000,   -0.000000,    0.000000,   -0.000000,   -0.000000
   24    -0.000000,    0.000000,   -0.000000,    0.000000,   -0.000000
   25     0.000073,   -0.000000,   -0.000000,    0.000000,   -0.000000
   26    -0.000000,    0.000000,   -0.000000,    0.000000,   -0.000000
   27    -0.000000,   -0.000000,    0.000001,    0.000000,   -0.000000
   28     0.000000,    0.000000,    0.000000,    0.000000,   -0.000000
   29    -0.000000,   -0.000000,   -0.000000,   -0.000000,    0.000000
   30    -0.000000,   -0.000000,   -0.000000,   -0.000000,    0.000000
   31     0.000740,    0.000089,   -0.000146,    0.000089,   -0.000000
   32     0.000645,    0.000109,   -0.000179,    0.000109,   -0.000000
   33     0.000080,    0.000033,   -0.000054,    0.000033,   -0.000000
   34    -0.000044,   -0.000006,    0.000010,   -0.000001,    0.000000
   35    -0.000044,   -0.000001,    0.000010,   -0.000006,    0.000000
   36    -0.000044,   -0.000006,    0.000002,   -0.000006,    0.000000
   37    -0.000029,   -0.000007,    0.000011,    0.000003,   -0.000000
   38    -0.000029,    0.000003,    0.000011,   -0.000007,    0.000000
   39    -0.000029,   -0.000007,   -0.000005,   -0.000007,    0.000000
   40     0.000004,    0.000000,   -0.000002,    0.000000,   -0.000000
   41     0.000004,    0.000000,   -0.000000,    0.000002,   -0.000000
   42     0.000000,    0.000001,    0.000003,    0.000001,   -0.000000
   43     0.000004,    0.000002,   -0.000000,    0.000000,   -0.000000
   44    -0.000000,    0.000001,   -0.000000,   -0.000001,    0.000000
   45     0.000740,   -0.000089,   -0.000146,   -0.000089,    0.000000
   46     0.000645,   -0.000109,   -0.000179,   -0.000109,    0.000000
   47     0.000080,   -0.000033,   -0.000054,   -0.000033,    0.000000
   48     0.000044,   -0.000006,   -0.000010,   -0.000001,    0.000000
   49     0.000044,   -0.000001,   -0.000010,   -0.000006,    0.000000
   50    -0.000044,    0.000006,    0.000002,    0.000006,   -0.000000
   51     0.000029,   -0.000007,   -0.000011,    0.000003,   -0.000000
   52     0.000029,    0.000003,   -0.000011,   -0.000007,    0.000000
   53    -0.000029,    0.000007,   -0.000005,    0.000007,   -0.000000
   54     0.000004,   -0.000000,   -0.000002,   -0.000000,   -0.000000
   55    -0.000004,    0.000000,    0.000000,    0.000002,   -0.000000
   56     0.000000,   -0.000001,    0.000003,   -0.000001,    0.000000
   57    -0.000004,    0.000002,    0.000000,    0.000000,   -0.000000
   58     0.000000,   -0.000001,    0.000000,    0.000001,   -0.000000
   59     0.000740,    0.000089,    0.000146,   -0.000089,    0.000000
   60     0.000645,    0.000109,    0.000179,   -0.000109,    0.000000
   61     0.000080,    0.000033,    0.000054,   -0.000033,    0.000000
   62     0.000044,    0.000006,    0.000010,   -0.000001,   -0.000000
   63    -0.000044,   -0.000001,   -0.000010,    0.000006,   -0.000000
   64     0.000044,    0.000006,    0.000002,   -0.000006,    0.000000
   65     0.000029,    0.000007,    0.000011,    0.000003,   -0.000000
   66    -0.000029,    0.000003,   -0.000011,    0.000007,   -0.000000
   67     0.000029,    0.000007,   -0.000005,   -0.000007,    0.000000
   68    -0.000004,   -0.000000,   -0.000002,    0.000000,    0.000000
   69    -0.000004,   -0.000000,   -0.000000,    0.000002,   -0.000000
   70    -0.000000,    0.000001,   -0.000003,   -0.000001,    0.000000
   71     0.000004,    0.000002,    0.000000,   -0.000000,   -0.000000
   72     0.000000,    0.000001,    0.000000,    0.000001,   -0.000000
   73     0.000740,   -0.000089,    0.000146,    0.000089,   -0.000000
   74     0.000645,   -0.000109,    0.000179,    0.000109,   -0.000000
   75     0.000080,   -0.000033,    0.000054,    0.000033,   -0.000000
   76    -0.000044,    0.000006,   -0.000010,   -0.000001,    0.000000
   77     0.000044,   -0.000001,    0.000010,    0.000006,   -0.000000
   78     0.000044,   -0.000006,    0.000002,    0.000006,   -0.000000
   79    -0.000029,    0.000007,   -0.000011,    0.000003,   -0.000000
   80     0.000029,    0.000003,    0.000011,    0.000007,   -0.000000
   81     0.000029,   -0.000007,   -0.000005,    0.000007,   -0.000000
   82    -0.000004,    0.000000,   -0.000002,   -0.000000,    0.000000
   83     0.000004,   -0.000000,    0.000000,    0.000002,   -0.000000
   84    -0.000000,   -0.000001,   -0.000003,    0.000001,   -0.000000
   85    -0.000004,    0.000002,   -0.000000,   -0.000000,   -0.000000
   86    -0.000000,   -0.000001,   -0.000000,   -0.000001,    0.000000
                30,          31,          32,          33,          34
    0     0.000000,   -0.017072,   -0.028791,   -0.005957,    0.001938
    1     0.000000,   -0.036292,   -0.051603,   -0.009828,    0.003480
    2    -0.000000,    0.066269,    0.065584,    0.009488,   -0.004450
    3    -0.000000,    0.049874,    0.049364,    0.007142,   -0.003349
    4    -0.000000,    0.007703,    0.007313,    0.001011,   -0.000497
    5    -0.000455,    0.084216,    0.102878,    0.030983,   -0.000980
    6    -0.000000,    0.084216,    0.102878,    0.030983,   -0.005961
    7     0.000000,    0.084216,    0.102878,    0.030983,   -0.005961
    8    -0.000302,    0.055918,    0.068309,    0.020572,   -0.000651
    9    -0.000000,    0.055918,    0.068309,    0.020572,   -0.003958
   10     0.000000,    0.055918,    0.068309,    0.020572,   -0.003958
   11    -0.000084,    0.015543,    0.018988,    0.005718,   -0.000181
   12    -0.000000,    0.015543,    0.018988,    0.005718,   -0.001100
   13     0.000000,    0.015543,    0.018988,    0.005718,   -0.001100
   14     0.000000,    0.003373,    0.004121,    0.001241,   -0.000239
   15    -0.000018,    0.003373,    0.004121,    0.001241,   -0.000039
   16     0.000000,    0.000000,    0.000000,    0.000000,   -0.000000
   17    -0.000000,    0.003373,    0.004121,    0.001241,   -0.000239
   18    -0.000000,    0.000000,    0.000000,    0.000000,   -0.000000
   19     0.000000,    0.002617,    0.003196,    0.000963,   -0.000185
   20    -0.000014,    0.002617,    0.003196,    0.000963,   -0.000030
   21    -0.000000,    0.000000,    0.000000,    0.000000,    0.000000
   22    -0.000000,    0.002617,    0.003196,    0.000963,   -0.000185
   23     0.000000,    0.000000,    0.000000,   -0.000000,   -0.000000
   24    -0.000000,    0.000116,    0.000141,    0.000043,   -0.000008
   25    -0.000000,    0.000740,    0.000645,    0.000080,   -0.000044
   26    -0.000000,    0.000089,    0.000109,    0.000033,   -0.000006
   27    -0.000000,   -0.000146,   -0.000179,   -0.000054,    0.000010
   28    -0.000000,    0.000089,    0.000109,    0.000033,   -0.000001
   29     0.000000,   -0.000000,   -0.000000,   -0.000000,    0.000000
   30     0.000001,   -0.000116,   -0.000141,   -0.000043,    0.000001
   31    -0.000116,    0.076898,    0.091151,    0.025477,   -0.004143
   32    -0.000141,    0.091151,    0.108867,    0.030805,   -0.004892
   33    -0.000043,    0.025477,    0.030805,    0.008986,   -0.001339
   34     0.000001,   -0.004143,   -0.004892,   -0.001339,    0.000278
   35     0.000008,   -0.004143,   -0.004892,   -0.001339,    0.000203
   36     0.000008,   -0.004143,   -0.004892,   -0.001339,    0.000203
   37    -0.000004,   -0.003578,   -0.004246,   -0.001121,    0.000304
   38     0.000009,   -0.003578,   -0.004246,   -0.001121,    0.000158
   39     0.000009,   -0.003578,   -0.004246,   -0.001121,    0.000158
   40    -0.000000,    0.000578,    0.000687,    0.000177,   -0.000041
   41    -0.000002,    0.000578,    0.000687,    0.000177,   -0.000021
   42    -0.000001,   -0.000000,    0.000000,    0.000000,    0.000011
   43    -0.000000,    0.000578,    0.000687,    0.000177,   -0.000041
   44     0.000002,    0.000000,   -0.000000,   -0.000000,   -0.000020
   45     0.000116,   -0.008645,   -0.013349,   -0.005994,   -0.000618
   46     0.000141,   -0.013349,   -0.018790,   -0.007640,   -0.000586
   47     0.000043,   -0.005994,   -0.007640,   -0.002592,   -0.000042
   48     0.000001,    0.000618,    0.000586,    0.000042,   -0.000057
   49     0.000008,    0.000618,    0.000586,    0.000042,   -0.000132
   50    -0.000008,    0.001912,    0.002504,    0.000889,   -0.000047
   51    -0.000004,    0.001800,    0.002074,    0.000467,   -0.000084
   52     0.000009,    0.001800,    0.002074,    0.000467,   -0.000230
   53    -0.000009,    0.003130,    0.003949,    0.001347,   -0.000119
   54     0.000000,    0.000530,    0.000628,    0.000159,   -0.000039
   55    -0.000002,    0.000167,    0.000223,    0.000097,    0.000011
   56     0.000001,   -0.000775,   -0.000946,   -0.000285,    0.000043
   57    -0.000000,    0.000167,    0.000223,    0.000097,   -0.000010
   58    -0.000002,   -0.000000,    0.000000,    0.000000,    0.000020
   59     0.000116,   -0.008645,   -0.013349,   -0.005994,   -0.000618
   60     0.000141,   -0.013349,   -0.018790,   -0.007640,   -0.000586
   61     0.000043,   -0.005994,   -0.007640,   -0.002592,   -0.000042
   62     0.000001,    0.000618,    0.000586,    0.000042,   -0.000057
   63    -0.000008,    0.001912,    0.002504,    0.000889,   -0.000047
   64     0.000008,    0.000618,    0.000586,    0.000042,   -0.000132
   65    -0.000004,    0.001800,    0.002074,    0.000467,   -0.000084
   66    -0.000009,    0.003130,    0.003949,    0.001347,   -0.000119
   67     0.000009,    0.001800,    0.002074,    0.000467,   -0.000230
   68    -0.000000,    0.000167,    0.000223,    0.000097,   -0.000010
   69    -0.000002,    0.000167,    0.000223,    0.000097,    0.000011
   70     0.000001,    0.000387,    0.000473,    0.000143,   -0.000039
   71     0.000000,    0.000530,    0.000628,    0.000159,   -0.000039
   72    -0.000002,    0.000671,    0.000820,    0.000247,   -0.000028
   73    -0.000116,   -0.008645,   -0.013349,   -0.005994,    0.001912
   74    -0.000141,   -0.013349,   -0.018790,   -0.007640,    0.002504
   75    -0.000043,   -0.005994,   -0.007640,   -0.002592,    0.000889
   76     0.000001,    0.001912,    0.002504,    0.000889,   -0.000151
   77    -0.000008,    0.000618,    0.000586,    0.000042,    0.000047
   78    -0.000008,    0.000618,    0.000586,    0.000042,    0.000047
   79    -0.000004,    0.003130,    0.003949,    0.001347,   -0.000171
   80    -0.000009,    0.001800,    0.002074,    0.000467,   -0.000032
   81    -0.000009,    0.001800,    0.002074,    0.000467,   -0.000032
   82     0.000000,    0.000167,    0.000223,    0.000097,   -0.000012
   83    -0.000002,    0.000530,    0.000628,    0.000159,   -0.000017
   84    -0.000001,    0.000387,    0.000473,    0.000143,   -0.000016
   85     0.000000,    0.000167,    0.000223,    0.000097,   -0.000012
   86     0.000002,   -0.000671,   -0.000820,   -0.000247,    0.000028
                35,          36,          37,          38,          39
    0     0.001938,    0.001938,    0.004954,    0.004954,    0.004954
    1     0.003480,    0.003480,    0.007571,    0.007571,    0.007571
    2    -0.004450,   -0.004450,   -0.004997,   -0.004997,   -0.004997
    3    -0.003349,   -0.003349,   -0.003762,   -0.003762,   -0.003762
    4    -0.000497,   -0.000497,   -0.000485,   -0.000485,   -0.000485
    5    -0.005961,   -0.005961,    0.003104,   -0.006604,   -0.006604
    6    -0.000980,   -0.005961,   -0.006604,    0.003104,   -0.006604
    7    -0.005961,   -0.000980,   -0.006604,   -0.006604,    0.003104
    8    -0.003958,   -0.003958,    0.002061,   -0.004385,   -0.004385
    9    -0.000651,   -0.003958,   -0.004385,    0.002061,   -0.004385
   10    -0.003958,   -0.000651,   -0.004385,   -0.004385,    0.002061
   11    -0.001100,   -0.001100,    0.000573,   -0.001219,   -0.001219
   12    -0.000181,   -0.001100,   -0.001219,    0.000573,   -0.001219
   13    -0.001100,   -0.000181,   -0.001219,   -0.001219,    0.000573
   14    -0.000239,   -0.000039,   -0.000265,   -0.000265,    0.000124
   15    -0.000239,   -0.000239,    0.000124,   -0.000265,   -0.000265
   16    -0.000000,   -0.000000,   -0.000000,    0.000000,    0.000000
   17    -0.000039,   -0.000239,   -0.000265,    0.000124,   -0.000265
   18    -0.000000,   -0.000000,   -0.000000,    0.000000,   -0.000000
   19    -0.000185,   -0.000030,   -0.000205,   -0.000205,    0.000096
   20    -0.000185,   -0.000185,    0.000096,   -0.000205,   -0.000205
   21    -0.000000,   -0.000000,    0.000000,   -0.000000,   -0.000000
   22    -0.000030,   -0.000185,   -0.000205,    0.000096,   -0.000205
   23    -0.000000,   -0.000000,   -0.000000,   -0.000000,   -0.000000
   24    -0.000001,   -0.000008,   -0.000009,    0.000004,   -0.000009
   25    -0.000044,   -0.000044,   -0.000029,   -0.000029,   -0.000029
   26    -0.000001,   -0.000006,   -0.000007,    0.000003,   -0.000007
   27     0.000010,    0.000002,    0.000011,    0.000011,   -0.000005
   28    -0.000006,   -0.000006,    0.000003,   -0.000007,   -0.000007
   29     0.000000,    0.000000,   -0.000000,    0.000000,    0.000000
   30     0.000008,    0.000008,   -0.000004,    0.000009,    0.000009
   31    -0.004143,   -0.004143,   -0.003578,   -0.003578,   -0.003578
   32    -0.004892,   -0.004892,   -0.004246,   -0.004246,   -0.004246
   33    -0.001339,   -0.001339,   -0.001121,   -0.001121,   -0.001121
   34     0.000203,    0.000203,    0.000304,    0.000158,    0.000158
   35     0.000278,    0.000203,    0.000158,    0.000304,    0.000158
   36     0.000203,    0.000278,    0.000158,    0.000158,    0.000304
   37     0.000158,    0.000158,    0.000402,    0.000118,    0.000118
   38     0.000304,    0.000158,    0.000118,    0.000402,    0.000118
   39     0.000158,    0.000304,    0.000118,    0.000118,    0.000402
   40    -0.000041,   -0.000021,   -0.000051,   -0.000051,   -0.000011
   41    -0.000041,   -0.000041,   -0.000011,   -0.000051,   -0.000051
   42     0.000011,   -0.000023,    0.000022,    0.000022,   -0.000045
   43    -0.000021,   -0.000041,   -0.000051,   -0.000011,   -0.000051
   44     0.000020,   -0.000000,   -0.000039,    0.000039,    0.000000
   45    -0.000618,    0.001912,   -0.001800,   -0.001800,    0.003130
   46    -0.000586,    0.002504,   -0.002074,   -0.002074,    0.003949
   47    -0.000042,    0.000889,   -0.000467,   -0.000467,    0.001347
   48    -0.000132,    0.000047,   -0.000084,   -0.000230,    0.000119
   49    -0.000057,    0.000047,   -0.000230,   -0.000084,    0.000119
   50    -0.000047,   -0.000151,    0.000032,    0.000032,   -0.000171
   51    -0.000230,   -0.000032,   -0.000081,   -0.000365,    0.000021
   52    -0.000084,   -0.000032,   -0.000365,   -0.000081,    0.000021
   53    -0.000119,   -0.000171,   -0.000021,   -0.000021,   -0.000124
   54    -0.000039,   -0.000017,   -0.000050,   -0.000050,   -0.000007
   55    -0.000010,   -0.000012,    0.000036,   -0.000004,   -0.000007
   56     0.000043,    0.000032,    0.000038,    0.000038,    0.000016
   57     0.000011,   -0.000012,   -0.000004,    0.000036,   -0.000007
   58    -0.000020,    0.000000,    0.000039,   -0.000039,   -0.000000
   59     0.001912,   -0.000618,   -0.001800,    0.003130,   -0.001800
   60     0.002504,   -0.000586,   -0.002074,    0.003949,   -0.002074
   61     0.000889,   -0.000042,   -0.000467,    0.001347,   -0.000467
   62     0.000047,   -0.000132,   -0.000084,    0.000119,   -0.000230
   63    -0.000151,   -0.000047,    0.000032,   -0.000171,    0.000032
   64     0.000047,   -0.000057,   -0.000230,    0.000119,   -0.000084
   65    -0.000032,   -0.000230,   -0.000081,    0.000021,   -0.000365
   66    -0.000171,   -0.000119,   -0.000021,   -0.000124,   -0.000021
   67    -0.000032,   -0.000084,   -0.000365,    0.000021,   -0.000081
   68    -0.000012,    0.000011,   -0.000004,   -0.000007,    0.000036
   69    -0.000012,   -0.000010,    0.000036,   -0.000007,   -0.000004
   70    -0.000016,   -0.000005,   -0.000053,   -0.000008,    0.000014
   71    -0.000017,   -0.000039,   -0.000050,   -0.000007,   -0.000050
   72    -0.000028,   -0.000047,   -0.000014,   -0.000014,   -0.000053
   73    -0.000618,   -0.000618,    0.003130,   -0.001800,   -0.001800
   74    -0.000586,   -0.000586,    0.003949,   -0.002074,   -0.002074
   75    -0.000042,   -0.000042,    0.001347,   -0.000467,   -0.000467
   76    -0.000047,   -0.000047,   -0.000171,    0.000032,    0.000032
   77    -0.000057,   -0.000132,    0.000119,   -0.000084,   -0.000230
   78    -0.000132,   -0.000057,    0.000119,   -0.000230,   -0.000084
   79    -0.000119,   -0.000119,   -0.000124,   -0.000021,   -0.000021
   80    -0.000084,   -0.000230,    0.000021,   -0.000081,   -0.000365
   81    -0.000230,   -0.000084,    0.000021,   -0.000365,   -0.000081
   82    -0.000010,    0.000011,   -0.000007,   -0.000004,    0.000036
   83    -0.000039,   -0.000039,   -0.000007,   -0.000050,   -0.000050
   84    -0.000039,   -0.000005,   -0.000008,   -0.000053,    0.000014
   85     0.000011,   -0.000010,   -0.000007,    0.000036,   -0.000004
   86     0.000028,    0.000047,    0.000014,    0.000014,    0.000053
                40,          41,          42,          43,          44
    0    -0.001113,   -0.001113,   -0.000000,   -0.001113,   -0.000000
    1    -0.001664,   -0.001664,   -0.000000,   -0.001664,   -0.000000
    2     0.000944,    0.000944,   -0.000000,    0.000944,    0.000000
    3     0.000710,    0.000710,    0.000000,    0.000710,   -0.000000
    4     0.000087,    0.000087,   -0.000000,    0.000087,    0.000000
    5     0.000048,    0.001419,    0.000763,    0.000048,   -0.001321
    6     0.000048,    0.000048,    0.000763,    0.001419,    0.001321
    7     0.001419,    0.000048,   -0.001525,    0.000048,    0.000000
    8     0.000032,    0.000942,    0.000506,    0.000032,   -0.000877
    9     0.000032,    0.000032,    0.000506,    0.000942,    0.000877
   10     0.000942,    0.000032,   -0.001013,    0.000032,    0.000000
   11     0.000009,    0.000262,    0.000141,    0.000009,   -0.000244
   12     0.000009,    0.000009,    0.000141,    0.000262,    0.000244
   13     0.000262,    0.000009,   -0.000282,    0.000009,    0.000000
   14     0.000057,    0.000002,   -0.000061,    0.000002,    0.000000
   15     0.000002,    0.000057,    0.000031,    0.000002,   -0.000053
   16     0.000000,   -0.000000,   -0.000000,    0.000000,    0.000000
   17     0.000002,    0.000002,    0.000031,    0.000057,    0.000053
   18    -0.000000,    0.000000,    0.000000,    0.000000,    0.000000
   19     0.000044,    0.000001,   -0.000047,    0.000001,    0.000000
   20     0.000001,    0.000044,    0.000024,    0.000001,   -0.000041
   21    -0.000000,    0.000000,    0.000000,   -0.000000,   -0.000000
   22     0.000001,    0.000001,    0.000024,    0.000044,    0.000041
   23     0.000000,    0.000000,    0.000000,    0.000000,   -0.000000
   24     0.000000,    0.000000,    0.000001,    0.000002,    0.000002
   25     0.000004,    0.000004,    0.000000,    0.000004,   -0.000000
   26     0.000000,    0.000000,    0.000001,    0.000002,    0.000001
   27    -0.000002,   -0.000000,    0.000003,   -0.000000,   -0.000000
   28     0.000000,    0.000002,    0.000001,    0.000000,   -0.000001
   29    -0.000000,   -0.000000,   -0.000000,   -0.000000,    0.000000
   30    -0.000000,   -0.000002,   -0.000001,   -0.000000,    0.000002
   31     0.000578,    0.000578,   -0.000000,    0.000578,    0.000000
   32     0.000687,    0.000687,    0.000000,    0.000687,   -0.000000
   33     0.000177,    0.000177,    0.000000,    0.000177,   -0.000000
   34    -0.000041,   -0.000021,    0.000011,   -0.000041,   -0.000020
   35    -0.000041,   -0.000041,    0.000011,   -0.000021,    0.000020
   36    -0.000021,   -0.000041,   -0.000023,   -0.000041,   -0.000000
   37    -0.000051,   -0.000011,    0.000022,   -0.000051,   -0.000039
   38    -0.000051,   -0.000051,    0.000022,   -0.000011,    0.000039
   39    -0.000011,   -0.000051,   -0.000045,   -0.000051,    0.000000
   40     0.000011,    0.000005,   -0.000006,    0.000005,   -0.000000
   41     0.000005,    0.000011,    0.000003,    0.000005,   -0.000005
   42    -0.000006,    0.000003,    0.000011,    0.000003,   -0.000000
   43     0.000005,    0.000005,    0.000003,    0.000011,    0.000005
   44    -0.000000,   -0.000005,   -0.000000,    0.000005,    0.000011
   45     0.000530,   -0.000167,   -0.000775,   -0.000167,    0.000000
   46     0.000628,   -0.000223,   -0.000946,   -0.000223,    0.000000
   47     0.000159,   -0.000097,   -0.000285,   -0.000097,   -0.000000
   48     0.000039,    0.000011,   -0.000043,   -0.000010,   -0.000020
   49     0.000039,   -0.000010,   -0.000043,    0.000011,    0.000020
   50    -0.000017,    0.000012,    0.000032,    0.000012,   -0.000000
   51     0.000050,    0.000036,   -0.000038,   -0.000004,   -0.000039
   52     0.000050,   -0.000004,   -0.000038,    0.000036,    0.000039
   53    -0.000007,    0.000007,    0.000016,    0.000007,   -0.000000
   54     0.000011,    0.000005,   -0.000007,    0.000005,   -0.000000
   55    -0.000005,    0.000001,    0.000004,   -0.000004,   -0.000005
   56    -0.000007,   -0.000004,    0.000004,   -0.000004,   -0.000000
   57    -0.000005,   -0.000004,    0.000004,    0.000001,    0.000005
   58     0.000000,    0.000005,    0.000000,   -0.000005,   -0.000011
   59    -0.000167,   -0.000167,    0.000387,    0.000530,    0.000671
   60    -0.000223,   -0.000223,    0.000473,    0.000628,    0.000820
   61    -0.000097,   -0.000097,    0.000143,    0.000159,    0.000247
   62    -0.000010,    0.000011,    0.000039,    0.000039,    0.000028
   63     0.000012,    0.000012,   -0.000016,   -0.000017,   -0.000028
   64     0.000011,   -0.000010,    0.000005,    0.000039,    0.000047
   65    -0.000004,    0.000036,    0.000053,    0.000050,    0.000014
   66     0.000007,    0.000007,   -0.000008,   -0.000007,   -0.000014
   67     0.000036,   -0.000004,   -0.000014,    0.000050,    0.000053
   68     0.000001,   -0.000004,   -0.000007,   -0.000005,   -0.000000
   69    -0.000004,    0.000001,    0.000003,   -0.000005,   -0.000006
   70     0.000007,   -0.000003,   -0.000007,    0.000003,    0.000006
   71     0.000005,    0.000005,    0.000003,    0.000011,    0.000006
   72     0.000000,    0.000006,    0.000006,    0.000006,   -0.000000
   73    -0.000167,    0.000530,    0.000387,   -0.000167,   -0.000671
   74    -0.000223,    0.000628,    0.000473,   -0.000223,   -0.000820
   75    -0.000097,    0.000159,    0.000143,   -0.000097,   -0.000247
   76     0.000012,   -0.000017,   -0.000016,    0.000012,    0.000028
   77    -0.000010,    0.000039,    0.000039,    0.000011,   -0.000028
   78     0.000011,    0.000039,    0.000005,   -0.000010,   -0.000047
   79     0.000007,   -0.000007,   -0.000008,    0.000007,    0.000014
   80    -0.000004,    0.000050,    0.000053,    0.000036,   -0.000014
   81     0.000036,    0.000050,   -0.000014,   -0.000004,   -0.000053
   82     0.000001,   -0.000005,   -0.000007,   -0.000004,    0.000000
   83     0.000005,    0.000011,    0.000003,    0.000005,   -0.000006
   84     0.000007,    0.000003,   -0.000007,   -0.000003,   -0.000006
   85    -0.000004,   -0.000005,    0.000003,    0.000001,    0.000006
   86    -0.000000,   -0.000006,   -0.000006,   -0.000006,    0.000000
                45,          46,          47,          48,          49
    0    -0.017072,   -0.028791,   -0.005957,   -0.001938,   -0.001938
    1    -0.036292,   -0.051603,   -0.009828,   -0.003480,   -0.003480
    2     0.066269,    0.065584,    0.009488,    0.004450,    0.004450
    3     0.049874,    0.049364,    0.007142,    0.003349,    0.003349
    4     0.007703,    0.007313,    0.001011,    0.000497,    0.000497
    5    -0.084216,   -0.102878,   -0.030983,   -0.000980,   -0.005961
    6    -0.084216,   -0.102878,   -0.030983,   -0.005961,   -0.000980
    7     0.084216,    0.102878,    0.030983,    0.005961,    0.005961
    8    -0.055918,   -0.068309,   -0.020572,   -0.000651,   -0.003958
    9    -0.055918,   -0.068309,   -0.020572,   -0.003958,   -0.000651
   10     0.055918,    0.068309,    0.020572,    0.003958,    0.003958
   11    -0.015543,   -0.018988,   -0.005718,   -0.000181,   -0.001100
   12    -0.015543,   -0.018988,   -0.005718,   -0.001100,   -0.000181
   13     0.015543,    0.018988,    0.005718,    0.001100,    0.001100
   14     0.003373,    0.004121,    0.001241,    0.000239,    0.000239
   15    -0.003373,   -0.004121,   -0.001241,   -0.000039,   -0.000239
   16     0.000000,    0.000000,    0.000000,    0.000000,    0.000000
   17    -0.003373,   -0.004121,   -0.001241,   -0.000239,   -0.000039
   18    -0.000000,   -0.000000,   -0.000000,   -0.000000,   -0.000000
   19     0.002617,    0.003196,    0.000963,    0.000185,    0.000185
   20    -0.002617,   -0.003196,   -0.000963,   -0.000030,   -0.000185
   21    -0.000000,   -0.000000,   -0.000000,   -0.000000,   -0.000000
   22    -0.002617,   -0.003196,   -0.000963,   -0.000185,   -0.000030
   23     0.000000,    0.000000,    0.000000,    0.000000,    0.000000
   24    -0.000116,   -0.000141,   -0.000043,   -0.000008,   -0.000001
   25     0.000740,    0.000645,    0.000080,    0.000044,    0.000044
   26    -0.000089,   -0.000109,   -0.000033,   -0.000006,   -0.000001
   27    -0.000146,   -0.000179,   -0.000054,   -0.000010,   -0.000010
   28    -0.000089,   -0.000109,   -0.000033,   -0.000001,   -0.000006
   29     0.000000,    0.000000,    0.000000,    0.000000,    0.000000
   30     0.000116,    0.000141,    0.000043,    0.000001,    0.000008
   31    -0.008645,   -0.013349,   -0.005994,    0.000618,    0.000618
   32    -0.013349,   -0.018790,   -0.007640,    0.000586,    0.000586
   33    -0.005994,   -0.007640,   -0.002592,    0.000042,    0.000042
   34    -0.000618,   -0.000586,   -0.000042,   -0.000057,   -0.000132
   35    -0.000618,   -0.000586,   -0.000042,   -0.000132,   -0.000057
   36     0.001912,    0.002504,    0.000889,    0.000047,    0.000047
   37    -0.001800,   -0.002074,   -0.000467,   -0.000084,   -0.000230
   38    -0.001800,   -0.002074,   -0.000467,   -0.000230,   -0.000084
   39     0.003130,    0.003949,    0.001347,    0.000119,    0.000119
   40     0.000530,    0.000628,    0.000159,    0.000039,    0.000039
   41    -0.000167,   -0.000223,   -0.000097,    0.000011,   -0.000010
   42    -0.000775,   -0.000946,   -0.000285,   -0.000043,   -0.000043
   43    -0.000167,   -0.000223,   -0.000097,   -0.000010,    0.000011
   44     0.000000,    0.000000,   -0.000000,   -0.000020,    0.000020
   45     0.076898,    0.091151,    0.025477,    0.004143,    0.004143
   46     0.091151,    0.108867,    0.030805,    0.004892,    0.004892
   47     0.025477,    0.030805,    0.008986,    0.001339,    0.001339
   48     0.004143,    0.004892,    0.001339,    0.000278,    0.000203
   49     0.004143,    0.004892,    0.001339,    0.000203,    0.000278
   50    -0.004143,   -0.004892,   -0.001339,   -0.000203,   -0.000203
   51     0.003578,    0.004246,    0.001121,    0.000304,    0.000158
   52     0.003578,    0.004246,    0.001121,    0.000158,    0.000304
   53    -0.003578,   -0.004246,   -0.001121,   -0.000158,   -0.000158
   54     0.000578,    0.000687,    0.000177,    0.000041,    0.000041
   55    -0.000578,   -0.000687,   -0.000177,   -0.000021,   -0.000041
   56    -0.000000,    0.000000,   -0.000000,   -0.000011,   -0.000011
   57    -0.000578,   -0.000687,   -0.000177,   -0.000041,   -0.000021
   58    -0.000000,    0.000000,    0.000000,    0.000020,   -0.000020
   59    -0.008645,   -0.013349,   -0.005994,   -0.001912,    0.000618
   60    -0.013349,   -0.018790,   -0.007640,   -0.002504,    0.000586
   61    -0.005994,   -0.007640,   -0.002592,   -0.000889,    0.000042
   62    -0.001912,   -0.002504,   -0.000889,   -0.000151,   -0.000047
   63    -0.000618,   -0.000586,   -0.000042,    0.000047,   -0.000057
   64     0.000618,    0.000586,    0.000042,   -0.000047,    0.000132
   65    -0.003130,   -0.003949,   -0.001347,   -0.000171,   -0.000119
   66    -0.001800,   -0.002074,   -0.000467,   -0.000032,   -0.000084
   67     0.001800,    0.002074,    0.000467,    0.000032,    0.000230
   68     0.000167,    0.000223,    0.000097,    0.000012,    0.000010
   69    -0.000530,   -0.000628,   -0.000159,   -0.000017,   -0.000039
   70     0.000387,    0.000473,    0.000143,    0.000016,    0.000039
   71    -0.000167,   -0.000223,   -0.000097,   -0.000012,    0.000011
   72    -0.000671,   -0.000820,   -0.000247,   -0.000028,   -0.000028
   73    -0.008645,   -0.013349,   -0.005994,    0.000618,   -0.001912
   74    -0.013349,   -0.018790,   -0.007640,    0.000586,   -0.002504
   75    -0.005994,   -0.007640,   -0.002592,    0.000042,   -0.000889
   76    -0.000618,   -0.000586,   -0.000042,   -0.000057,    0.000047
   77    -0.001912,   -0.002504,   -0.000889,   -0.000047,   -0.000151
   78     0.000618,    0.000586,    0.000042,    0.000132,   -0.000047
   79    -0.001800,   -0.002074,   -0.000467,   -0.000084,   -0.000032
   80    -0.003130,   -0.003949,   -0.001347,   -0.000119,   -0.000171
   81     0.001800,    0.002074,    0.000467,    0.000230,    0.000032
   82     0.000167,    0.000223,    0.000097,    0.000010,    0.000012
   83    -0.000167,   -0.000223,   -0.000097,    0.000011,   -0.000012
   84     0.000387,    0.000473,    0.000143,    0.000039,    0.000016
   85    -0.000530,   -0.000628,   -0.000159,   -0.000039,   -0.000017
   86     0.000671,    0.000820,    0.000247,    0.000028,    0.000028
                50,          51,          52,          53,          54
    0     0.001938,   -0.004954,   -0.004954,    0.004954,   -0.001113
    1     0.003480,   -0.007571,   -0.007571,    0.007571,   -0.001664
    2    -0.004450,    0.004997,    0.004997,   -0.004997,    0.000944
    3    -0.003349,    0.003762,    0.003762,   -0.003762,    0.000710
    4    -0.000497,    0.000485,    0.000485,   -0.000485,    0.000087
    5     0.005961,    0.003104,   -0.006604,    0.006604,   -0.000048
    6     0.005961,   -0.006604,    0.003104,    0.006604,   -0.000048
    7    -0.000980,    0.006604,    0.006604,    0.003104,    0.001419
    8     0.003958,    0.002061,   -0.004385,    0.004385,   -0.000032
    9     0.003958,   -0.004385,    0.002061,    0.004385,   -0.000032
   10    -0.000651,    0.004385,    0.004385,    0.002061,    0.000942
   11     0.001100,    0.000573,   -0.001219,    0.001219,   -0.000009
   12     0.001100,   -0.001219,    0.000573,    0.001219,   -0.000009
   13    -0.000181,    0.001219,    0.001219,    0.000573,    0.000262
   14    -0.000039,    0.000265,    0.000265,    0.000124,    0.000057
   15     0.000239,    0.000124,   -0.000265,    0.000265,   -0.000002
   16     0.000000,   -0.000000,    0.000000,    0.000000,    0.000000
   17     0.000239,   -0.000265,    0.000124,    0.000265,   -0.000002
   18     0.000000,   -0.000000,   -0.000000,    0.000000,   -0.000000
   19    -0.000030,    0.000205,    0.000205,    0.000096,    0.000044
   20     0.000185,    0.000096,   -0.000205,    0.000205,   -0.000001
   21     0.000000,    0.000000,   -0.000000,    0.000000,   -0.000000
   22     0.000185,   -0.000205,    0.000096,    0.000205,   -0.000001
   23    -0.000000,    0.000000,    0.000000,   -0.000000,    0.000000
   24     0.000008,   -0.000009,    0.000004,    0.000009,   -0.000000
   25    -0.000044,    0.000029,    0.000029,   -0.000029,    0.000004
   26     0.000006,   -0.000007,    0.000003,    0.000007,   -0.000000
   27     0.000002,   -0.000011,   -0.000011,   -0.000005,   -0.000002
   28     0.000006,    0.000003,   -0.000007,    0.000007,   -0.000000
   29    -0.000000,   -0.000000,    0.000000,   -0.000000,   -0.000000
   30    -0.000008,   -0.000004,    0.000009,   -0.000009,    0.000000
   31     0.001912,    0.001800,    0.001800,    0.003130,    0.000530
   32     0.002504,    0.002074,    0.002074,    0.003949,    0.000628
   33     0.000889,    0.000467,    0.000467,    0.001347,    0.000159
   34    -0.000047,   -0.000084,   -0.000230,   -0.000119,   -0.000039
   35    -0.000047,   -0.000230,   -0.000084,   -0.000119,   -0.000039
   36    -0.000151,   -0.000032,   -0.000032,   -0.000171,   -0.000017
   37     0.000032,   -0.000081,   -0.000365,   -0.000021,   -0.000050
   38     0.000032,   -0.000365,   -0.000081,   -0.000021,   -0.000050
   39    -0.000171,    0.000021,    0.000021,   -0.000124,   -0.000007
   40    -0.000017,    0.000050,    0.000050,   -0.000007,    0.000011
   41     0.000012,    0.000036,   -0.000004,    0.000007,    0.000005
   42     0.000032,   -0.000038,   -0.000038,    0.000016,   -0.000007
   43     0.000012,   -0.000004,    0.000036,    0.000007,    0.000005
   44    -0.000000,   -0.000039,    0.000039,   -0.000000,   -0.000000
   45    -0.004143,    0.003578,    0.003578,   -0.003578,    0.000578
   46    -0.004892,    0.004246,    0.004246,   -0.004246,    0.000687
   47    -0.001339,    0.001121,    0.001121,   -0.001121,    0.000177
   48    -0.000203,    0.000304,    0.000158,   -0.000158,    0.000041
   49    -0.000203,    0.000158,    0.000304,   -0.000158,    0.000041
   50     0.000278,   -0.000158,   -0.000158,    0.000304,   -0.000021
   51    -0.000158,    0.000402,    0.000118,   -0.000118,    0.000051
   52    -0.000158,    0.000118,    0.000402,   -0.000118,    0.000051
   53     0.000304,   -0.000118,   -0.000118,    0.000402,   -0.000011
   54    -0.000021,    0.000051,    0.000051,   -0.000011,    0.000011
   55     0.000041,   -0.000011,   -0.000051,    0.000051,   -0.000005
   56    -0.000023,   -0.000022,   -0.000022,   -0.000045,   -0.000006
   57     0.000041,   -0.000051,   -0.000011,    0.000051,   -0.000005
   58    -0.000000,    0.000039,   -0.000039,    0.000000,    0.000000
   59    -0.000618,   -0.003130,    0.001800,   -0.001800,   -0.000167
   60    -0.000586,   -0.003949,    0.002074,   -0.002074,   -0.000223
   61    -0.000042,   -0.001347,    0.000467,   -0.000467,   -0.000097
   62     0.000047,   -0.000171,    0.000032,   -0.000032,   -0.000012
   63     0.000132,    0.000119,   -0.000084,    0.000230,    0.000010
   64    -0.000057,   -0.000119,    0.000230,   -0.000084,    0.000011
   65     0.000119,   -0.000124,   -0.000021,    0.000021,   -0.000007
   66     0.000230,    0.000021,   -0.000081,    0.000365,    0.000004
   67    -0.000084,   -0.000021,    0.000365,   -0.000081,    0.000036
   68     0.000011,    0.000007,    0.000004,    0.000036,    0.000001
   69     0.000039,   -0.000007,   -0.000050,    0.000050,   -0.000005
   70    -0.000005,    0.000008,    0.000053,    0.000014,    0.000007
   71     0.000010,   -0.000007,    0.000036,    0.000004,    0.000004
   72     0.000047,   -0.000014,   -0.000014,    0.000053,   -0.000000
   73    -0.000618,    0.001800,   -0.003130,   -0.001800,   -0.000167
   74    -0.000586,    0.002074,   -0.003949,   -0.002074,   -0.000223
   75    -0.000042,    0.000467,   -0.001347,   -0.000467,   -0.000097
   76     0.000132,   -0.000084,    0.000119,    0.000230,    0.000010
   77     0.000047,    0.000032,   -0.000171,   -0.000032,   -0.000012
   78    -0.000057,    0.000230,   -0.000119,   -0.000084,    0.000011
   79     0.000230,   -0.000081,    0.000021,    0.000365,    0.000004
   80     0.000119,   -0.000021,   -0.000124,    0.000021,   -0.000007
   81    -0.000084,    0.000365,   -0.000021,   -0.000081,    0.000036
   82     0.000011,    0.000004,    0.000007,    0.000036,    0.000001
   83     0.000010,    0.000036,   -0.000007,    0.000004,    0.000004
   84    -0.000005,    0.000053,    0.000008,    0.000014,    0.000007
   85     0.000039,   -0.000050,   -0.000007,    0.000050,   -0.000005
   86    -0.000047,    0.000014,    0.000014,   -0.000053,    0.000000
                55,          56,          57,          58,          59
    0     0.001113,   -0.000000,    0.001113,    0.000000,   -0.017072
    1     0.001664,   -0.000000,    0.001664,    0.000000,   -0.036292
    2    -0.000944,    0.000000,   -0.000944,   -0.000000,    0.066269
    3    -0.000710,    0.000000,   -0.000710,    0.000000,    0.049874
    4    -0.000087,    0.000000,   -0.000087,   -0.000000,    0.007703
    5     0.001419,   -0.000763,    0.000048,    0.001321,   -0.084216
    6     0.000048,   -0.000763,    0.001419,   -0.001321,    0.084216
    7    -0.000048,   -0.001525,   -0.000048,   -0.000000,   -0.084216
    8     0.000942,   -0.000506,    0.000032,    0.000877,   -0.055918
    9     0.000032,   -0.000506,    0.000942,   -0.000877,    0.055918
   10    -0.000032,   -0.001013,   -0.000032,   -0.000000,   -0.055918
   11     0.000262,   -0.000141,    0.000009,    0.000244,   -0.015543
   12     0.000009,   -0.000141,    0.000262,   -0.000244,    0.015543
   13    -0.000009,   -0.000282,   -0.000009,   -0.000000,   -0.015543
   14    -0.000002,   -0.000061,   -0.000002,   -0.000000,   -0.003373
   15     0.000057,   -0.000031,    0.000002,    0.000053,   -0.003373
   16    -0.000000,   -0.000000,    0.000000,   -0.000000,    0.000000
   17     0.000002,   -0.000031,    0.000057,   -0.000053,    0.003373
   18     0.000000,   -0.000000,    0.000000,   -0.000000,    0.000000
   19    -0.000001,   -0.000047,   -0.000001,   -0.000000,   -0.002617
   20     0.000044,   -0.000024,    0.000001,    0.000041,   -0.002617
   21     0.000000,    0.000000,   -0.000000,    0.000000,   -0.000000
   22     0.000001,   -0.000024,    0.000044,   -0.000041,    0.002617
   23    -0.000000,    0.000000,   -0.000000,    0.000000,    0.000000
   24     0.000000,   -0.000001,    0.000002,   -0.000002,    0.000116
   25    -0.000004,    0.000000,   -0.000004,    0.000000,    0.000740
   26     0.000000,   -0.000001,    0.000002,   -0.000001,    0.000089
   27     0.000000,    0.000003,    0.000000,    0.000000,    0.000146
   28     0.000002,   -0.000001,    0.000000,    0.000001,   -0.000089
   29    -0.000000,    0.000000,   -0.000000,   -0.000000,    0.000000
   30    -0.000002,    0.000001,   -0.000000,   -0.000002,    0.000116
   31     0.000167,   -0.000775,    0.000167,   -0.000000,   -0.008645
   32     0.000223,   -0.000946,    0.000223,    0.000000,   -0.013349
   33     0.000097,   -0.000285,    0.000097,    0.000000,   -0.005994
   34     0.000011,    0.000043,   -0.000010,    0.000020,   -0.000618
   35    -0.000010,    0.000043,    0.000011,   -0.000020,    0.001912
   36    -0.000012,    0.000032,   -0.000012,    0.000000,   -0.000618
   37     0.000036,    0.000038,   -0.000004,    0.000039,   -0.001800
   38    -0.000004,    0.000038,    0.000036,   -0.000039,    0.003130
   39    -0.000007,    0.000016,   -0.000007,   -0.000000,   -0.001800
   40    -0.000005,   -0.000007,   -0.000005,    0.000000,   -0.000167
   41     0.000001,   -0.000004,   -0.000004,    0.000005,   -0.000167
   42     0.000004,    0.000004,    0.000004,    0.000000,    0.000387
   43    -0.000004,   -0.000004,    0.000001,   -0.000005,    0.000530
   44    -0.000005,   -0.000000,    0.000005,   -0.000011,    0.000671
   45    -0.000578,   -0.000000,   -0.000578,   -0.000000,   -0.008645
   46    -0.000687,    0.000000,   -0.000687,    0.000000,   -0.013349
   47    -0.000177,   -0.000000,   -0.000177,    0.000000,   -0.005994
   48    -0.000021,   -0.000011,   -0.000041,    0.000020,   -0.001912
   49    -0.000041,   -0.000011,   -0.000021,   -0.000020,    0.000618
   50     0.000041,   -0.000023,    0.000041,   -0.000000,   -0.000618
   51    -0.000011,   -0.000022,   -0.000051,    0.000039,   -0.003130
   52    -0.000051,   -0.000022,   -0.000011,   -0.000039,    0.001800
   53     0.000051,   -0.000045,    0.000051,    0.000000,   -0.001800
   54    -0.000005,   -0.000006,   -0.000005,    0.000000,   -0.000167
   55     0.000011,   -0.000003,    0.000005,    0.000005,   -0.000530
   56    -0.000003,    0.000011,   -0.000003,    0.000000,    0.000387
   57     0.000005,   -0.000003,    0.000011,   -0.000005,    0.000167
   58     0.000005,    0.000000,   -0.000005,    0.000011,   -0.000671
   59    -0.000530,    0.000387,    0.000167,   -0.000671,    0.076898
   60    -0.000628,    0.000473,    0.000223,   -0.000820,    0.091151
   61    -0.000159,    0.000143,    0.000097,   -0.000247,    0.025477
   62    -0.000017,    0.000016,    0.000012,   -0.000028,    0.004143
   63     0.000039,   -0.000039,    0.000011,    0.000028,   -0.004143
   64    -0.000039,    0.000005,    0.000010,   -0.000047,    0.004143
   65    -0.000007,    0.000008,    0.000007,   -0.000014,    0.003578
   66     0.000050,   -0.000053,    0.000036,    0.000014,   -0.003578
   67    -0.000050,   -0.000014,    0.000004,   -0.000053,    0.003578
   68     0.000005,   -0.000007,    0.000004,    0.000000,   -0.000578
   69     0.000011,   -0.000003,    0.000005,    0.000006,   -0.000578
   70    -0.000003,   -0.000007,    0.000003,   -0.000006,   -0.000000
   71    -0.000005,   -0.000003,    0.000001,   -0.000006,    0.000578
   72     0.000006,   -0.000006,    0.000006,   -0.000000,    0.000000
   73     0.000167,    0.000387,   -0.000530,    0.000671,   -0.008645
   74     0.000223,    0.000473,   -0.000628,    0.000820,   -0.013349
   75     0.000097,    0.000143,   -0.000159,    0.000247,   -0.005994
   76     0.000011,   -0.000039,    0.000039,   -0.000028,   -0.000618
   77     0.000012,    0.000016,   -0.000017,    0.000028,    0.000618
   78     0.000010,    0.000005,   -0.000039,    0.000047,   -0.001912
   79     0.000036,   -0.000053,    0.000050,   -0.000014,   -0.001800
   80     0.000007,    0.000008,   -0.000007,    0.000014,    0.001800
   81     0.000004,   -0.000014,   -0.000050,    0.000053,   -0.003130
   82     0.000004,   -0.000007,    0.000005,   -0.000000,   -0.000530
   83     0.000001,   -0.000003,   -0.000005,    0.000006,   -0.000167
   84     0.000003,   -0.000007,   -0.000003,    0.000006,   -0.000775
   85     0.000005,   -0.000003,    0.000011,   -0.000006,    0.000167
   86    -0.000006,    0.000006,   -0.000006,    0.000000,    0.000000
                60,          61,          62,          63,          64
    0    -0.028791,   -0.005957,   -0.001938,    0.001938,   -0.001938
    1    -0.051603,   -0.009828,   -0.003480,    0.003480,   -0.003480
    2     0.065584,    0.009488,    0.004450,   -0.004450,    0.004450
    3     0.049364,    0.007142,    0.003349,   -0.003349,    0.003349
    4     0.007313,    0.001011,    0.000497,   -0.000497,    0.000497
    5    -0.102878,   -0.030983,   -0.000980,    0.005961,   -0.005961
    6     0.102878,    0.030983,    0.005961,   -0.000980,    0.005961
    7    -0.102878,   -0.030983,   -0.005961,    0.005961,   -0.000980
    8    -0.068309,   -0.020572,   -0.000651,    0.003958,   -0.003958
    9     0.068309,    0.020572,    0.003958,   -0.000651,    0.003958
   10    -0.068309,   -0.020572,   -0.003958,    0.003958,   -0.000651
   11    -0.018988,   -0.005718,   -0.000181,    0.001100,   -0.001100
   12     0.018988,    0.005718,    0.001100,   -0.000181,    0.001100
   13    -0.018988,   -0.005718,   -0.001100,    0.001100,   -0.000181
   14    -0.004121,   -0.001241,   -0.000239,    0.000239,   -0.000039
   15    -0.004121,   -0.001241,   -0.000039,    0.000239,   -0.000239
   16     0.000000,    0.000000,    0.000000,    0.000000,    0.000000
   17     0.004121,    0.001241,    0.000239,   -0.000039,    0.000239
   18     0.000000,    0.000000,    0.000000,    0.000000,    0.000000
   19    -0.003196,   -0.000963,   -0.000185,    0.000185,   -0.000030
   20    -0.003196,   -0.000963,   -0.000030,    0.000185,   -0.000185
   21    -0.000000,   -0.000000,    0.000000,    0.000000,   -0.000000
   22     0.003196,    0.000963,    0.000185,   -0.000030,    0.000185
   23     0.000000,    0.000000,    0.000000,   -0.000000,    0.000000
   24     0.000141,    0.000043,    0.000008,   -0.000001,    0.000008
   25     0.000645,    0.000080,    0.000044,   -0.000044,    0.000044
   26     0.000109,    0.000033,    0.000006,   -0.000001,    0.000006
   27     0.000179,    0.000054,    0.000010,   -0.000010,    0.000002
   28    -0.000109,   -0.000033,   -0.000001,    0.000006,   -0.000006
   29     0.000000,    0.000000,   -0.000000,   -0.000000,    0.000000
   30     0.000141,    0.000043,    0.000001,   -0.000008,    0.000008
   31    -0.013349,   -0.005994,    0.000618,    0.001912,    0.000618
   32    -0.018790,   -0.007640,    0.000586,    0.002504,    0.000586
   33    -0.007640,   -0.002592,    0.000042,    0.000889,    0.000042
   34    -0.000586,   -0.000042,   -0.000057,   -0.000047,   -0.000132
   35     0.002504,    0.000889,    0.000047,   -0.000151,    0.000047
   36    -0.000586,   -0.000042,   -0.000132,   -0.000047,   -0.000057
   37    -0.002074,   -0.000467,   -0.000084,    0.000032,   -0.000230
   38     0.003949,    0.001347,    0.000119,   -0.000171,    0.000119
   39    -0.002074,   -0.000467,   -0.000230,    0.000032,   -0.000084
   40    -0.000223,   -0.000097,   -0.000010,    0.000012,    0.000011
   41    -0.000223,   -0.000097,    0.000011,    0.000012,   -0.000010
   42     0.000473,    0.000143,    0.000039,   -0.000016,    0.000005
   43     0.000628,    0.000159,    0.000039,   -0.000017,    0.000039
   44     0.000820,    0.000247,    0.000028,   -0.000028,    0.000047
   45    -0.013349,   -0.005994,   -0.001912,   -0.000618,    0.000618
   46    -0.018790,   -0.007640,   -0.002504,   -0.000586,    0.000586
   47    -0.007640,   -0.002592,   -0.000889,   -0.000042,    0.000042
   48    -0.002504,   -0.000889,   -0.000151,    0.000047,   -0.000047
   49     0.000586,    0.000042,   -0.000047,   -0.000057,    0.000132
   50    -0.000586,   -0.000042,    0.000047,    0.000132,   -0.000057
   51    -0.003949,   -0.001347,   -0.000171,    0.000119,   -0.000119
   52     0.002074,    0.000467,    0.000032,   -0.000084,    0.000230
   53    -0.002074,   -0.000467,   -0.000032,    0.000230,   -0.000084
   54    -0.000223,   -0.000097,   -0.000012,    0.000010,    0.000011
   55    -0.000628,   -0.000159,   -0.000017,    0.000039,   -0.000039
   56     0.000473,    0.000143,    0.000016,   -0.000039,    0.000005
   57     0.000223,    0.000097,    0.000012,    0.000011,    0.000010
   58    -0.000820,   -0.000247,   -0.000028,    0.000028,   -0.000047
   59     0.091151,    0.025477,    0.004143,   -0.004143,    0.004143
   60     0.108867,    0.030805,    0.004892,   -0.004892,    0.004892
   61     0.030805,    0.008986,    0.001339,   -0.001339,    0.001339
   62     0.004892,    0.001339,    0.000278,   -0.000203,    0.000203
   63    -0.004892,   -0.001339,   -0.000203,    0.000278,   -0.000203
   64     0.004892,    0.001339,    0.000203,   -0.000203,    0.000278
   65     0.004246,    0.001121,    0.000304,   -0.000158,    0.000158
   66    -0.004246,   -0.001121,   -0.000158,    0.000304,   -0.000158
   67     0.004246,    0.001121,    0.000158,   -0.000158,    0.000304
   68    -0.000687,   -0.000177,   -0.000041,    0.000041,   -0.000021
   69    -0.000687,   -0.000177,   -0.000021,    0.000041,   -0.000041
   70     0.000000,   -0.000000,   -0.000011,    0.000011,    0.000023
   71     0.000687,    0.000177,    0.000041,   -0.000021,    0.000041
   72    -0.000000,    0.000000,    0.000020,    0.000020,   -0.000000
   73    -0.013349,   -0.005994,    0.000618,   -0.000618,   -0.001912
   74    -0.018790,   -0.007640,    0.000586,   -0.000586,   -0.002504
   75    -0.007640,   -0.002592,    0.000042,   -0.000042,   -0.000889
   76    -0.000586,   -0.000042,   -0.000057,    0.000132,    0.000047
   77     0.000586,    0.000042,    0.000132,   -0.000057,   -0.000047
   78    -0.002504,   -0.000889,   -0.000047,    0.000047,   -0.000151
   79    -0.002074,   -0.000467,   -0.000084,    0.000230,   -0.000032
   80     0.002074,    0.000467,    0.000230,   -0.000084,    0.000032
   81    -0.003949,   -0.001347,   -0.000119,    0.000119,   -0.000171
   82    -0.000628,   -0.000159,   -0.000039,    0.000039,   -0.000017
   83    -0.000223,   -0.000097,    0.000011,    0.000010,   -0.000012
   84    -0.000946,   -0.000285,   -0.000043,    0.000043,   -0.000032
   85     0.000223,    0.000097,    0.000010,    0.000011,    0.000012
   86     0.000000,   -0.000000,   -0.000020,   -0.000020,    0.000000
                65,          66,          67,          68,          69
    0    -0.004954,    0.004954,   -0.004954,    0.001113,    0.001113
    1    -0.007571,    0.007571,   -0.007571,    0.001664,    0.001664
    2     0.004997,   -0.004997,    0.004997,   -0.000944,   -0.000944
    3     0.003762,   -0.003762,    0.003762,   -0.000710,   -0.000710
    4     0.000485,   -0.000485,    0.000485,   -0.000087,   -0.000087
    5     0.003104,    0.006604,   -0.006604,    0.000048,    0.001419
    6     0.006604,    0.003104,    0.006604,   -0.000048,   -0.000048
    7    -0.006604,    0.006604,    0.003104,    0.001419,    0.000048
    8     0.002061,    0.004385,   -0.004385,    0.000032,    0.000942
    9     0.004385,    0.002061,    0.004385,   -0.000032,   -0.000032
   10    -0.004385,    0.004385,    0.002061,    0.000942,    0.000032
   11     0.000573,    0.001219,   -0.001219,    0.000009,    0.000262
   12     0.001219,    0.000573,    0.001219,   -0.000009,   -0.000009
   13    -0.001219,    0.001219,    0.000573,    0.000262,    0.000009
   14    -0.000265,    0.000265,    0.000124,    0.000057,    0.000002
   15     0.000124,    0.000265,   -0.000265,    0.000002,    0.000057
   16    -0.000000,    0.000000,    0.000000,    0.000000,   -0.000000
   17     0.000265,    0.000124,    0.000265,   -0.000002,   -0.000002
   18     0.000000,    0.000000,    0.000000,   -0.000000,    0.000000
   19    -0.000205,    0.000205,    0.000096,    0.000044,    0.000001
   20     0.000096,    0.000205,   -0.000205,    0.000001,    0.000044
   21     0.000000,    0.000000,   -0.000000,   -0.000000,    0.000000
   22     0.000205,    0.000096,    0.000205,   -0.000001,   -0.000001
   23     0.000000,   -0.000000,    0.000000,   -0.000000,   -0.000000
   24     0.000009,    0.000004,    0.000009,   -0.000000,   -0.000000
   25     0.000029,   -0.000029,    0.000029,   -0.000004,   -0.000004
   26     0.000007,    0.000003,    0.000007,   -0.000000,   -0.000000
   27     0.000011,   -0.000011,   -0.000005,   -0.000002,   -0.000000
   28     0.000003,    0.000007,   -0.000007,    0.000000,    0.000002
   29    -0.000000,   -0.000000,    0.000000,    0.000000,   -0.000000
   30    -0.000004,   -0.000009,    0.000009,   -0.000000,   -0.000002
   31     0.001800,    0.003130,    0.001800,    0.000167,    0.000167
   32     0.002074,    0.003949,    0.002074,    0.000223,    0.000223
   33     0.000467,    0.001347,    0.000467,    0.000097,    0.000097
   34    -0.000084,   -0.000119,   -0.000230,   -0.000010,    0.000011
   35    -0.000032,   -0.000171,   -0.000032,   -0.000012,   -0.000012
   36    -0.000230,   -0.000119,   -0.000084,    0.000011,   -0.000010
   37    -0.000081,   -0.000021,   -0.000365,   -0.000004,    0.000036
   38     0.000021,   -0.000124,    0.000021,   -0.000007,   -0.000007
   39    -0.000365,   -0.000021,   -0.000081,    0.000036,   -0.000004
   40    -0.000004,    0.000007,    0.000036,    0.000001,   -0.000004
   41     0.000036,    0.000007,   -0.000004,   -0.000004,    0.000001
   42     0.000053,   -0.000008,   -0.000014,   -0.000007,    0.000003
   43     0.000050,   -0.000007,    0.000050,   -0.000005,   -0.000005
   44     0.000014,   -0.000014,    0.000053,   -0.000000,   -0.000006
   45    -0.003130,   -0.001800,    0.001800,    0.000167,   -0.000530
   46    -0.003949,   -0.002074,    0.002074,    0.000223,   -0.000628
   47    -0.001347,   -0.000467,    0.000467,    0.000097,   -0.000159
   48    -0.000171,   -0.000032,    0.000032,    0.000012,   -0.000017
   49    -0.000119,   -0.000084,    0.000230,    0.000010,   -0.000039
   50     0.000119,    0.000230,   -0.000084,    0.000011,    0.000039
   51    -0.000124,    0.000021,   -0.000021,    0.000007,   -0.000007
   52    -0.000021,   -0.000081,    0.000365,    0.000004,   -0.000050
   53     0.000021,    0.000365,   -0.000081,    0.000036,    0.000050
   54    -0.000007,    0.000004,    0.000036,    0.000001,   -0.000005
   55    -0.000007,    0.000050,   -0.000050,    0.000005,    0.000011
   56     0.000008,   -0.000053,   -0.000014,   -0.000007,   -0.000003
   57     0.000007,    0.000036,    0.000004,    0.000004,    0.000005
   58    -0.000014,    0.000014,   -0.000053,    0.000000,    0.000006
   59     0.003578,   -0.003578,    0.003578,   -0.000578,   -0.000578
   60     0.004246,   -0.004246,    0.004246,   -0.000687,   -0.000687
   61     0.001121,   -0.001121,    0.001121,   -0.000177,   -0.000177
   62     0.000304,   -0.000158,    0.000158,   -0.000041,   -0.000021
   63    -0.000158,    0.000304,   -0.000158,    0.000041,    0.000041
   64     0.000158,   -0.000158,    0.000304,   -0.000021,   -0.000041
   65     0.000402,   -0.000118,    0.000118,   -0.000051,   -0.000011
   66    -0.000118,    0.000402,   -0.000118,    0.000051,    0.000051
   67     0.000118,   -0.000118,    0.000402,   -0.000011,   -0.000051
   68    -0.000051,    0.000051,   -0.000011,    0.000011,    0.000005
   69    -0.000011,    0.000051,   -0.000051,    0.000005,    0.000011
   70    -0.000022,    0.000022,    0.000045,    0.000006,   -0.000003
   71     0.000051,   -0.000011,    0.000051,   -0.000005,   -0.000005
   72     0.000039,    0.000039,   -0.000000,    0.000000,    0.000005
   73     0.001800,   -0.001800,   -0.003130,   -0.000530,    0.000167
   74     0.002074,   -0.002074,   -0.003949,   -0.000628,    0.000223
   75     0.000467,   -0.000467,   -0.001347,   -0.000159,    0.000097
   76    -0.000084,    0.000230,    0.000119,    0.000039,    0.000011
   77     0.000230,   -0.000084,   -0.000119,   -0.000039,    0.000010
   78     0.000032,   -0.000032,   -0.000171,   -0.000017,    0.000012
   79    -0.000081,    0.000365,    0.000021,    0.000050,    0.000036
   80     0.000365,   -0.000081,   -0.000021,   -0.000050,    0.000004
   81    -0.000021,    0.000021,   -0.000124,   -0.000007,    0.000007
   82    -0.000050,    0.000050,   -0.000007,    0.000011,    0.000005
   83     0.000036,    0.000004,   -0.000007,   -0.000005,    0.000001
   84    -0.000038,    0.000038,   -0.000016,    0.000007,    0.000004
   85     0.000004,    0.000036,    0.000007,    0.000005,    0.000004
   86    -0.000039,   -0.000039,    0.000000,   -0.000000,   -0.000005
                70,          71,          72,          73,          74
    0     0.000000,   -0.001113,   -0.000000,   -0.017072,   -0.028791
    1     0.000000,   -0.001664,   -0.000000,   -0.036292,   -0.051603
    2     0.000000,    0.000944,   -0.000000,    0.066269,    0.065584
    3    -0.000000,    0.000710,    0.000000,    0.049874,    0.049364
    4     0.000000,    0.000087,   -0.000000,    0.007703,    0.007313
    5    -0.000763,   -0.000048,    0.001321,    0.084216,    0.102878
    6     0.000763,    0.001419,    0.001321,   -0.084216,   -0.102878
    7     0.001525,   -0.000048,   -0.000000,   -0.084216,   -0.102878
    8    -0.000506,   -0.000032,    0.000877,    0.055918,    0.068309
    9     0.000506,    0.000942,    0.000877,   -0.055918,   -0.068309
   10     0.001013,   -0.000032,   -0.000000,   -0.055918,   -0.068309
   11    -0.000141,   -0.000009,    0.000244,    0.015543,    0.018988
   12     0.000141,    0.000262,    0.000244,   -0.015543,   -0.018988
   13     0.000282,   -0.000009,    0.000000,   -0.015543,   -0.018988
   14     0.000061,   -0.000002,   -0.000000,   -0.003373,   -0.004121
   15    -0.000031,   -0.000002,    0.000053,    0.003373,    0.004121
   16     0.000000,    0.000000,    0.000000,   -0.000000,   -0.000000
   17     0.000031,    0.000057,    0.000053,   -0.003373,   -0.004121
   18     0.000000,    0.000000,    0.000000,   -0.000000,   -0.000000
   19     0.000047,   -0.000001,   -0.000000,   -0.002617,   -0.003196
   20    -0.000024,   -0.000001,    0.000041,    0.002617,    0.003196
   21    -0.000000,   -0.000000,    0.000000,    0.000000,    0.000000
   22     0.000024,    0.000044,    0.000041,   -0.002617,   -0.003196
   23    -0.000000,    0.000000,   -0.000000,    0.000000,    0.000000
   24     0.000001,    0.000002,    0.000002,   -0.000116,   -0.000141
   25    -0.000000,    0.000004,    0.000000,    0.000740,    0.000645
   26     0.000001,    0.000002,    0.000001,   -0.000089,   -0.000109
   27    -0.000003,    0.000000,    0.000000,    0.000146,    0.000179
   28    -0.000001,   -0.000000,    0.000001,    0.000089,    0.000109
   29     0.000000,   -0.000000,   -0.000000,   -0.000000,   -0.000000
   30     0.000001,    0.000000,   -0.000002,   -0.000116,   -0.000141
   31     0.000387,    0.000530,    0.000671,   -0.008645,   -0.013349
   32     0.000473,    0.000628,    0.000820,   -0.013349,   -0.018790
   33     0.000143,    0.000159,    0.000247,   -0.005994,   -0.007640
   34    -0.000039,   -0.000039,   -0.000028,    0.001912,    0.002504
   35    -0.000016,   -0.000017,   -0.000028,   -0.000618,   -0.000586
   36    -0.000005,   -0.000039,   -0.000047,   -0.000618,   -0.000586
   37    -0.000053,   -0.000050,   -0.000014,    0.003130,    0.003949
   38    -0.000008,   -0.000007,   -0.000014,   -0.001800,   -0.002074
   39     0.000014,   -0.000050,   -0.000053,   -0.001800,   -0.002074
   40     0.000007,    0.000005,    0.000000,   -0.000167,   -0.000223
   41    -0.000003,    0.000005,    0.000006,    0.000530,    0.000628
   42    -0.000007,    0.000003,    0.000006,    0.000387,    0.000473
   43     0.000003,    0.000011,    0.000006,   -0.000167,   -0.000223
   44     0.000006,    0.000006,   -0.000000,   -0.000671,   -0.000820
   45     0.000387,   -0.000167,   -0.000671,   -0.008645,   -0.013349
   46     0.000473,   -0.000223,   -0.000820,   -0.013349,   -0.018790
   47     0.000143,   -0.000097,   -0.000247,   -0.005994,   -0.007640
   48     0.000016,   -0.000012,   -0.000028,    0.000618,    0.000586
   49     0.000039,    0.000011,   -0.000028,   -0.001912,   -0.002504
   50    -0.000005,    0.000010,    0.000047,   -0.000618,   -0.000586
   51     0.000008,   -0.000007,   -0.000014,    0.001800,    0.002074
   52     0.000053,    0.000036,   -0.000014,   -0.003130,   -0.003949
   53     0.000014,    0.000004,    0.000053,   -0.001800,   -0.002074
   54     0.000007,    0.000004,   -0.000000,   -0.000167,   -0.000223
   55    -0.000003,   -0.000005,    0.000006,    0.000167,    0.000223
   56    -0.000007,   -0.000003,   -0.000006,    0.000387,    0.000473
   57     0.000003,    0.000001,    0.000006,   -0.000530,   -0.000628
   58    -0.000006,   -0.000006,   -0.000000,    0.000671,    0.000820
   59    -0.000000,    0.000578,    0.000000,   -0.008645,   -0.013349
   60     0.000000,    0.000687,   -0.000000,   -0.013349,   -0.018790
   61    -0.000000,    0.000177,    0.000000,   -0.005994,   -0.007640
   62    -0.000011,    0.000041,    0.000020,    0.000618,    0.000586
   63     0.000011,   -0.000021,    0.000020,   -0.000618,   -0.000586
   64     0.000023,    0.000041,   -0.000000,   -0.001912,   -0.002504
   65    -0.000022,    0.000051,    0.000039,    0.001800,    0.002074
   66     0.000022,   -0.000011,    0.000039,   -0.001800,   -0.002074
   67     0.000045,    0.000051,   -0.000000,   -0.003130,   -0.003949
   68     0.000006,   -0.000005,    0.000000,   -0.000530,   -0.000628
   69    -0.000003,   -0.000005,    0.000005,    0.000167,    0.000223
   70     0.000011,    0.000003,   -0.000000,   -0.000775,   -0.000946
   71     0.000003,    0.000011,    0.000005,   -0.000167,   -0.000223
   72    -0.000000,    0.000005,    0.000011,    0.000000,    0.000000
   73    -0.000775,   -0.000167,    0.000000,    0.076898,    0.091151
   74    -0.000946,   -0.000223,    0.000000,    0.091151,    0.108867
   75    -0.000285,   -0.000097,    0.000000,    0.025477,    0.030805
   76     0.000043,    0.000010,    0.000020,   -0.004143,   -0.004892
   77    -0.000043,    0.000011,    0.000020,    0.004143,    0.004892
   78    -0.000032,   -0.000012,   -0.000000,    0.004143,    0.004892
   79     0.000038,    0.000004,    0.000039,   -0.003578,   -0.004246
   80    -0.000038,    0.000036,    0.000039,    0.003578,    0.004246
   81    -0.000016,   -0.000007,    0.000000,    0.003578,    0.004246
   82     0.000007,   -0.000005,   -0.000000,   -0.000578,   -0.000687
   83    -0.000004,    0.000004,    0.000005,    0.000578,    0.000687
   84     0.000004,   -0.000004,    0.000000,   -0.000000,    0.000000
   85     0.000004,    0.000001,    0.000005,   -0.000578,   -0.000687
   86     0.000000,   -0.000005,   -0.000011,    0.000000,   -0.000000
                75,          76,          77,          78,          79
    0    -0.005957,    0.001938,   -0.001938,   -0.001938,    0.004954
    1    -0.009828,    0.003480,   -0.003480,   -0.003480,    0.007571
    2     0.009488,   -0.004450,    0.004450,    0.004450,   -0.004997
    3     0.007142,   -0.003349,    0.003349,    0.003349,   -0.003762
    4     0.001011,   -0.000497,    0.000497,    0.000497,   -0.000485
    5     0.030983,   -0.000980,    0.005961,    0.005961,    0.003104
    6    -0.030983,    0.005961,   -0.000980,   -0.005961,    0.006604
    7    -0.030983,    0.005961,   -0.005961,   -0.000980,    0.006604
    8     0.020572,   -0.000651,    0.003958,    0.003958,    0.002061
    9    -0.020572,    0.003958,   -0.000651,   -0.003958,    0.004385
   10    -0.020572,    0.003958,   -0.003958,   -0.000651,    0.004385
   11     0.005718,   -0.000181,    0.001100,    0.001100,    0.000573
   12    -0.005718,    0.001100,   -0.000181,   -0.001100,    0.001219
   13    -0.005718,    0.001100,   -0.001100,   -0.000181,    0.001219
   14    -0.001241,    0.000239,   -0.000239,   -0.000039,    0.000265
   15     0.001241,   -0.000039,    0.000239,    0.000239,    0.000124
   16    -0.000000,    0.000000,   -0.000000,   -0.000000,    0.000000
   17    -0.001241,    0.000239,   -0.000039,   -0.000239,    0.000265
   18    -0.000000,    0.000000,    0.000000,   -0.000000,    0.000000
   19    -0.000963,    0.000185,   -0.000185,   -0.000030,    0.000205
   20     0.000963,   -0.000030,    0.000185,    0.000185,    0.000096
   21     0.000000,   -0.000000,    0.000000,    0.000000,   -0.000000
   22    -0.000963,    0.000185,   -0.000030,   -0.000185,    0.000205
   23     0.000000,   -0.000000,    0.000000,    0.000000,   -0.000000
   24    -0.000043,    0.000008,   -0.000001,   -0.000008,    0.000009
   25     0.000080,   -0.000044,    0.000044,    0.000044,   -0.000029
   26    -0.000033,    0.000006,   -0.000001,   -0.000006,    0.000007
   27     0.000054,   -0.000010,    0.000010,    0.000002,   -0.000011
   28     0.000033,   -0.000001,    0.000006,    0.000006,    0.000003
   29    -0.000000,    0.000000,   -0.000000,   -0.000000,   -0.000000
   30    -0.000043,    0.000001,   -0.000008,   -0.000008,   -0.000004
   31    -0.005994,    0.001912,    0.000618,    0.000618,    0.003130
   32    -0.007640,    0.002504,    0.000586,    0.000586,    0.003949
   33    -0.002592,    0.000889,    0.000042,    0.000042,    0.001347
   34     0.000889,   -0.000151,    0.000047,    0.000047,   -0.000171
   35    -0.000042,   -0.000047,   -0.000057,   -0.000132,   -0.000119
   36    -0.000042,   -0.000047,   -0.000132,   -0.000057,   -0.000119
   37     0.001347,   -0.000171,    0.000119,    0.000119,   -0.000124
   38    -0.000467,    0.000032,   -0.000084,   -0.000230,   -0.000021
   39    -0.000467,    0.000032,   -0.000230,   -0.000084,   -0.000021
   40    -0.000097,    0.000012,   -0.000010,    0.000011,    0.000007
   41     0.000159,   -0.000017,    0.000039,    0.000039,   -0.000007
   42     0.000143,   -0.000016,    0.000039,    0.000005,   -0.000008
   43    -0.000097,    0.000012,    0.000011,   -0.000010,    0.000007
   44    -0.000247,    0.000028,   -0.000028,   -0.000047,    0.000014
   45    -0.005994,   -0.000618,   -0.001912,    0.000618,   -0.001800
   46    -0.007640,   -0.000586,   -0.002504,    0.000586,   -0.002074
   47    -0.002592,   -0.000042,   -0.000889,    0.000042,   -0.000467
   48     0.000042,   -0.000057,   -0.000047,    0.000132,   -0.000084
   49    -0.000889,    0.000047,   -0.000151,   -0.000047,   -0.000032
   50    -0.000042,    0.000132,    0.000047,   -0.000057,    0.000230
   51     0.000467,   -0.000084,    0.000032,    0.000230,   -0.000081
   52    -0.001347,    0.000119,   -0.000171,   -0.000119,    0.000021
   53    -0.000467,    0.000230,   -0.000032,   -0.000084,    0.000365
   54    -0.000097,    0.000010,   -0.000012,    0.000011,    0.000004
   55     0.000097,    0.000011,    0.000012,    0.000010,    0.000036
   56     0.000143,   -0.000039,    0.000016,    0.000005,   -0.000053
   57    -0.000159,    0.000039,   -0.000017,   -0.000039,    0.000050
   58     0.000247,   -0.000028,    0.000028,    0.000047,   -0.000014
   59    -0.005994,   -0.000618,    0.000618,   -0.001912,   -0.001800
   60    -0.007640,   -0.000586,    0.000586,   -0.002504,   -0.002074
   61    -0.002592,   -0.000042,    0.000042,   -0.000889,   -0.000467
   62     0.000042,   -0.000057,    0.000132,   -0.000047,   -0.000084
   63    -0.000042,    0.000132,   -0.000057,    0.000047,    0.000230
   64    -0.000889,    0.000047,   -0.000047,   -0.000151,   -0.000032
   65     0.000467,   -0.000084,    0.000230,    0.000032,   -0.000081
   66    -0.000467,    0.000230,   -0.000084,   -0.000032,    0.000365
   67    -0.001347,    0.000119,   -0.000119,   -0.000171,    0.000021
   68    -0.000159,    0.000039,   -0.000039,   -0.000017,    0.000050
   69     0.000097,    0.000011,    0.000010,    0.000012,    0.000036
   70    -0.000285,    0.000043,   -0.000043,   -0.000032,    0.000038
   71    -0.000097,    0.000010,    0.000011,   -0.000012,    0.000004
   72     0.000000,    0.000020,    0.000020,   -0.000000,    0.000039
   73     0.025477,   -0.004143,    0.004143,    0.004143,   -0.003578
   74     0.030805,   -0.004892,    0.004892,    0.004892,   -0.004246
   75     0.008986,   -0.001339,    0.001339,    0.001339,   -0.001121
   76    -0.001339,    0.000278,   -0.000203,   -0.000203,    0.000304
   77     0.001339,   -0.000203,    0.000278,    0.000203,   -0.000158
   78     0.001339,   -0.000203,    0.000203,    0.000278,   -0.000158
   79    -0.001121,    0.000304,   -0.000158,   -0.000158,    0.000402
   80     0.001121,   -0.000158,    0.000304,    0.000158,   -0.000118
   81     0.001121,   -0.000158,    0.000158,    0.000304,   -0.000118
   82    -0.000177,    0.000041,   -0.000041,   -0.000021,    0.000051
   83     0.000177,   -0.000021,    0.000041,    0.000041,   -0.000011
   84     0.000000,    0.000011,   -0.000011,    0.000023,    0.000022
   85    -0.000177,    0.000041,   -0.000021,   -0.000041,    0.000051
   86    -0.000000,   -0.000020,   -0.000020,    0.000000,   -0.000039
                80,          81,          82,          83,          84
    0    -0.004954,   -0.004954,    0.001113,   -0.001113,    0.000000
    1    -0.007571,   -0.007571,    0.001664,   -0.001664,    0.000000
    2     0.004997,    0.004997,   -0.000944,    0.000944,   -0.000000
    3     0.003762,    0.003762,   -0.000710,    0.000710,   -0.000000
    4     0.000485,    0.000485,   -0.000087,    0.000087,   -0.000000
    5     0.006604,    0.006604,   -0.000048,    0.001419,    0.000763
    6     0.003104,   -0.006604,    0.000048,   -0.000048,   -0.000763
    7    -0.006604,    0.003104,    0.001419,   -0.000048,    0.001525
    8     0.004385,    0.004385,   -0.000032,    0.000942,    0.000506
    9     0.002061,   -0.004385,    0.000032,   -0.000032,   -0.000506
   10    -0.004385,    0.002061,    0.000942,   -0.000032,    0.001013
   11     0.001219,    0.001219,   -0.000009,    0.000262,    0.000141
   12     0.000573,   -0.001219,    0.000009,   -0.000009,   -0.000141
   13    -0.001219,    0.000573,    0.000262,   -0.000009,    0.000282
   14    -0.000265,    0.000124,    0.000057,   -0.000002,    0.000061
   15     0.000265,    0.000265,   -0.000002,    0.000057,    0.000031
   16    -0.000000,   -0.000000,    0.000000,   -0.000000,    0.000000
   17     0.000124,   -0.000265,    0.000002,   -0.000002,   -0.000031
   18     0.000000,   -0.000000,    0.000000,    0.000000,   -0.000000
   19    -0.000205,    0.000096,    0.000044,   -0.000001,    0.000047
   20     0.000205,    0.000205,   -0.000001,    0.000044,    0.000024
   21     0.000000,    0.000000,   -0.000000,    0.000000,   -0.000000
   22     0.000096,   -0.000205,    0.000001,   -0.000001,   -0.000024
   23     0.000000,    0.000000,   -0.000000,    0.000000,   -0.000000
   24     0.000004,   -0.000009,    0.000000,   -0.000000,   -0.000001
   25     0.000029,    0.000029,   -0.000004,    0.000004,   -0.000000
   26     0.000003,   -0.000007,    0.000000,   -0.000000,   -0.000001
   27     0.000011,   -0.000005,   -0.000002,    0.000000,   -0.000003
   28     0.000007,    0.000007,   -0.000000,    0.000002,    0.000001
   29    -0.000000,   -0.000000,    0.000000,   -0.000000,   -0.000000
   30    -0.000009,   -0.000009,    0.000000,   -0.000002,   -0.000001
   31     0.001800,    0.001800,    0.000167,    0.000530,    0.000387
   32     0.002074,    0.002074,    0.000223,    0.000628,    0.000473
   33     0.000467,    0.000467,    0.000097,    0.000159,    0.000143
   34    -0.000032,   -0.000032,   -0.000012,   -0.000017,   -0.000016
   35    -0.000084,   -0.000230,   -0.000010,   -0.000039,   -0.000039
   36    -0.000230,   -0.000084,    0.000011,   -0.000039,   -0.000005
   37     0.000021,    0.000021,   -0.000007,   -0.000007,   -0.000008
   38    -0.000081,   -0.000365,   -0.000004,   -0.000050,   -0.000053
   39    -0.000365,   -0.000081,    0.000036,   -0.000050,    0.000014
   40    -0.000004,    0.000036,    0.000001,    0.000005,    0.000007
   41     0.000050,    0.000050,   -0.000005,    0.000011,    0.000003
   42     0.000053,   -0.000014,   -0.000007,    0.000003,   -0.000007
   43     0.000036,   -0.000004,   -0.000004,    0.000005,   -0.000003
   44    -0.000014,   -0.000053,    0.000000,   -0.000006,   -0.000006
   45    -0.003130,    0.001800,    0.000167,   -0.000167,    0.000387
   46    -0.003949,    0.002074,    0.000223,   -0.000223,    0.000473
   47    -0.001347,    0.000467,    0.000097,   -0.000097,    0.000143
   48    -0.000119,    0.000230,    0.000010,    0.000011,    0.000039
   49    -0.000171,    0.000032,    0.000012,   -0.000012,    0.000016
   50     0.000119,   -0.000084,    0.000011,    0.000010,   -0.000005
   51    -0.000021,    0.000365,    0.000004,    0.000036,    0.000053
   52    -0.000124,   -0.000021,    0.000007,   -0.000007,    0.000008
   53     0.000021,   -0.000081,    0.000036,    0.000004,    0.000014
   54    -0.000007,    0.000036,    0.000001,    0.000004,    0.000007
   55     0.000007,    0.000004,    0.000004,    0.000001,    0.000003
   56     0.000008,   -0.000014,   -0.000007,   -0.000003,   -0.000007
   57    -0.000007,   -0.000050,    0.000005,   -0.000005,   -0.000003
   58     0.000014,    0.000053,   -0.000000,    0.000006,    0.000006
   59     0.001800,   -0.003130,   -0.000530,   -0.000167,   -0.000775
   60     0.002074,   -0.003949,   -0.000628,   -0.000223,   -0.000946
   61     0.000467,   -0.001347,   -0.000159,   -0.000097,   -0.000285
   62     0.000230,   -0.000119,   -0.000039,    0.000011,   -0.000043
   63    -0.000084,    0.000119,    0.000039,    0.000010,    0.000043
   64     0.000032,   -0.000171,   -0.000017,   -0.000012,   -0.000032
   65     0.000365,   -0.000021,   -0.000050,    0.000036,   -0.000038
   66    -0.000081,    0.000021,    0.000050,    0.000004,    0.000038
   67    -0.000021,   -0.000124,   -0.000007,   -0.000007,   -0.000016
   68    -0.000050,   -0.000007,    0.000011,   -0.000005,    0.000007
   69     0.000004,    0.000007,    0.000005,    0.000001,    0.000004
   70    -0.000038,   -0.000016,    0.000007,   -0.000004,    0.000004
   71     0.000036,   -0.000007,   -0.000005,    0.000004,   -0.000004
   72     0.000039,    0.000000,   -0.000000,    0.000005,    0.000000
   73     0.003578,    0.003578,   -0.000578,    0.000578,   -0.000000
   74     0.004246,    0.004246,   -0.000687,    0.000687,    0.000000
   75     0.001121,    0.001121,   -0.000177,    0.000177,    0.000000
   76    -0.000158,   -0.000158,    0.000041,   -0.000021,    0.000011
   77     0.000304,    0.000158,   -0.000041,    0.000041,   -0.000011
   78     0.000158,    0.000304,   -0.000021,    0.000041,    0.000023
   79    -0.000118,   -0.000118,    0.000051,   -0.000011,    0.000022
   80     0.000402,    0.000118,   -0.000051,    0.000051,   -0.000022
   81     0.000118,    0.000402,   -0.000011,    0.000051,    0.000045
   82    -0.000051,   -0.000011,    0.000011,   -0.000005,    0.000006
   83     0.000051,    0.000051,   -0.000005,    0.000011,    0.000003
   84    -0.000022,    0.000045,    0.000006,    0.000003,    0.000011
   85    -0.000011,   -0.000051,    0.000005,   -0.000005,   -0.000003
   86    -0.000039,   -0.000000,    0.000000,   -0.000005,   -0.000000
                85,          86
    0     0.001113,   -0.000000
    1     0.001664,   -0.000000
    2    -0.000944,    0.000000
    3    -0.000710,   -0.000000
    4    -0.000087,    0.000000
    5    -0.000048,   -0.001321
    6     0.001419,   -0.001321
    7     0.000048,    0.000000
    8    -0.000032,   -0.000877
    9     0.000942,   -0.000877
   10     0.000032,    0.000000
   11    -0.000009,   -0.000244
   12     0.000262,   -0.000244
   13     0.000009,   -0.000000
   14     0.000002,    0.000000
   15    -0.000002,   -0.000053
   16     0.000000,   -0.000000
   17     0.000057,   -0.000053
   18     0.000000,   -0.000000
   19     0.000001,    0.000000
   20    -0.000001,   -0.000041
   21    -0.000000,   -0.000000
   22     0.000044,   -0.000041
   23    -0.000000,    0.000000
   24     0.000002,   -0.000002
   25    -0.000004,   -0.000000
   26     0.000002,   -0.000001
   27    -0.000000,   -0.000000
   28    -0.000000,   -0.000001
   29    -0.000000,    0.000000
   30     0.000000,    0.000002
   31     0.000167,   -0.000671
   32     0.000223,   -0.000820
   33     0.000097,   -0.000247
   34    -0.000012,    0.000028
   35     0.000011,    0.000028
   36    -0.000010,    0.000047
   37    -0.000007,    0.000014
   38     0.000036,    0.000014
   39    -0.000004,    0.000053
   40    -0.000004,   -0.000000
   41    -0.000005,   -0.000006
   42     0.000003,   -0.000006
   43     0.000001,   -0.000006
   44     0.000006,    0.000000
   45    -0.000530,    0.000671
   46    -0.000628,    0.000820
   47    -0.000159,    0.000247
   48    -0.000039,    0.000028
   49    -0.000017,    0.000028
   50     0.000039,   -0.000047
   51    -0.000050,    0.000014
   52    -0.000007,    0.000014
   53     0.000050,   -0.000053
   54    -0.000005,    0.000000
   55     0.000005,   -0.000006
   56    -0.000003,    0.000006
   57     0.000011,   -0.000006
   58    -0.000006,    0.000000
   59     0.000167,    0.000000
   60     0.000223,    0.000000
   61     0.000097,   -0.000000
   62     0.000010,   -0.000020
   63     0.000011,   -0.000020
   64     0.000012,    0.000000
   65     0.000004,   -0.000039
   66     0.000036,   -0.000039
   67     0.000007,    0.000000
   68     0.000005,   -0.000000
   69     0.000004,   -0.000005
   70     0.000004,    0.000000
   71     0.000001,   -0.000005
   72     0.000005,   -0.000011
   73    -0.000578,    0.000000
   74    -0.000687,   -0.000000
   75    -0.000177,   -0.000000
   76     0.000041,   -0.000020
   77    -0.000021,   -0.000020
   78    -0.000041,    0.000000
   79     0.000051,   -0.000039
   80    -0.000011,   -0.000039
   81    -0.000051,   -0.000000
   82     0.000005,    0.000000
   83    -0.000005,   -0.000005
   84    -0.000003,   -0.000000
   85     0.000011,   -0.000005
   86    -0.000005,    0.000011
Detailed time report:
InitGuess |:    0.252 s for Prepare initial guess
ISDF      |:    0.000 s for ISDF initialization
CInt      |:    0.056 s for Two, Three, and Four-center integrals
DFT Grids |:    0.691 s for Initialization of the tabulated Grids and AOs
Overall   |:    0.999 s for SCF Preparation
total electron number:       9.99999888
The evaluation of Vj, Vk and Vxc matrices cost       0.00,       0.00 and       0.07 seconds, respectively
Exc:      -5.83229274, Vxc:      -3.73746238
The total energy:       -40.3814495772 Ha by the initial guess
total electron number:      10.00000329
The evaluation of Vj, Vk and Vxc matrices cost       0.00,       0.00 and       0.07 seconds, respectively
Exc:      -5.34161770, Vxc:      -3.41601468
Hamiltonian: generation by       0.07s and DIIS extrapolation by       0.00s
Energy:     -40.3199689506 Ha after    1 iterations (in       0.08 seconds).
Detailed timing info in this SCF step:
prepare_next_input:            0.07s
diagonalize_hamiltonian:       0.01s
generate_density_matrix:       0.00s
check_scf_convergence:         0.00s
scf_records.update:            0.00s
total electron number:       9.99999879
The evaluation of Vj, Vk and Vxc matrices cost       0.00,       0.00 and       0.06 seconds, respectively
Exc:      -5.92800616, Vxc:      -3.80009159
Hamiltonian: generation by       0.07s and DIIS extrapolation by       0.00s
SCF Change: DM 6.63763e-3; eev  1.50590e0 Ha; etot 9.13726e-2 Ha
Energy:     -40.2285963321 Ha after    2 iterations (in       0.07 seconds).
Detailed timing info in this SCF step:
prepare_next_input:            0.07s
diagonalize_hamiltonian:       0.01s
generate_density_matrix:       0.00s
check_scf_convergence:         0.00s
scf_records.update:            0.00s
total electron number:      10.00000040
The evaluation of Vj, Vk and Vxc matrices cost       0.00,       0.00 and       0.06 seconds, respectively
Exc:      -5.59743058, Vxc:      -3.58347980
Hamiltonian: generation by       0.07s and DIIS extrapolation by       0.00s
SCF Change: DM 2.64440e-4; eev 9.57330e-2 Ha; etot -3.10447e-1 Ha
Energy:     -40.5390434678 Ha after    3 iterations (in       0.07 seconds).
Detailed timing info in this SCF step:
prepare_next_input:            0.07s
diagonalize_hamiltonian:       0.01s
generate_density_matrix:       0.00s
check_scf_convergence:         0.00s
scf_records.update:            0.00s
total electron number:      10.00000060
The evaluation of Vj, Vk and Vxc matrices cost       0.00,       0.00 and       0.06 seconds, respectively
Exc:      -5.59802866, Vxc:      -3.58388037
Hamiltonian: generation by       0.07s and DIIS extrapolation by       0.00s
SCF Change: DM 9.17471e-6; eev 3.79912e-3 Ha; etot -1.31871e-4 Ha
Energy:     -40.5391753393 Ha after    4 iterations (in       0.07 seconds).
Detailed timing info in this SCF step:
prepare_next_input:            0.07s
diagonalize_hamiltonian:       0.01s
generate_density_matrix:       0.00s
check_scf_convergence:         0.00s
scf_records.update:            0.00s
total electron number:      10.00000059
The evaluation of Vj, Vk and Vxc matrices cost       0.00,       0.00 and       0.05 seconds, respectively
Exc:      -5.59806016, Vxc:      -3.58389924
Hamiltonian: generation by       0.06s and DIIS extrapolation by       0.00s
SCF Change: DM 1.30006e-6; eev 2.36750e-4 Ha; etot -2.04849e-7 Ha
Energy:     -40.5391755441 Ha after    5 iterations (in       0.06 seconds).
Detailed timing info in this SCF step:
prepare_next_input:            0.06s
diagonalize_hamiltonian:       0.00s
generate_density_matrix:       0.00s
check_scf_convergence:         0.00s
scf_records.update:            0.00s
total electron number:      10.00000059
The evaluation of Vj, Vk and Vxc matrices cost       0.00,       0.00 and       0.05 seconds, respectively
Exc:      -5.59806370, Vxc:      -3.58390153
Hamiltonian: generation by       0.06s and DIIS extrapolation by       0.00s
SCF Change: DM 9.49122e-8; eev 9.81869e-6 Ha; etot -2.43066e-9 Ha
Energy:     -40.5391755465 Ha after    6 iterations (in       0.06 seconds).
Detailed timing info in this SCF step:
prepare_next_input:            0.06s
diagonalize_hamiltonian:       0.00s
generate_density_matrix:       0.00s
check_scf_convergence:         0.00s
scf_records.update:            0.00s
total electron number:      10.00000059
The evaluation of Vj, Vk and Vxc matrices cost       0.00,       0.00 and       0.05 seconds, respectively
Exc:      -5.59806647, Vxc:      -3.58390335
Hamiltonian: generation by       0.06s and DIIS extrapolation by       0.00s
SCF Change: DM 6.08261e-9; eev 1.60667e-6 Ha; etot -3.02833e-11 Ha
Energy:     -40.5391755466 Ha after    7 iterations (in       0.06 seconds).
Detailed timing info in this SCF step:
prepare_next_input:            0.06s
diagonalize_hamiltonian:       0.01s
generate_density_matrix:       0.00s
check_scf_convergence:         0.00s
scf_records.update:            0.00s
total electron number:      10.00000059
The evaluation of Vj, Vk and Vxc matrices cost       0.00,       0.00 and       0.05 seconds, respectively
Exc:      -5.59806672, Vxc:      -3.58390352
Hamiltonian: generation by       0.06s and DIIS extrapolation by       0.00s
SCF Change: DM 3.60784e-10; eev 5.06705e-8 Ha; etot -1.11555e-12 Ha
Energy:     -40.5391755466 Ha after    8 iterations (in       0.06 seconds).
Detailed timing info in this SCF step:
prepare_next_input:            0.06s
diagonalize_hamiltonian:       0.01s
generate_density_matrix:       0.00s
check_scf_convergence:         0.00s
scf_records.update:            0.00s
SCF is converged after    8 iterations.
   State    Occupation        Eigenvalue
       0       2.00000        -10.153677
       1       2.00000         -0.696840
       2       2.00000         -0.395618
       3       2.00000         -0.395618
       4       2.00000         -0.395618
       5       0.00000          0.048265
       6       0.00000          0.123880
       7       0.00000          0.123880
==========================================
Now evaluate the    PT2 correlation energy
==========================================
generate RI3MO only for occ_range:0..5, vir_range:5..87
Finish the RI3MO generation
Exc_scf: (-5.598066731788164,0.2),Exc_pos: (-1.5997163522525184,0.7731)
----------------------------------------------------------------------
Methods         :       Total Corr,          OS Corr,          SS Corr
----------------------------------------------------------------------
PT2             :      -0.29529898,      -0.24026904,      -0.05502994
----------------------------------------------------------------------
Fifth-rung correlation energy :      -0.104853409528 Ha
E[XYGJOS]=:     -40.41838019 Ha, Ex[HF]:      -6.58297264 Ha, Ec[PT2  ]:      -0.29529898 Ha
Detailed time report:
c_r5dft   |:    0.003 s for for advanced correlations
ao2mo     |:    0.005 s for for the generation of RI3MO
xc_energy |:    0.090 s for for x_hf, xc_scf, xc_xdh
Mulliken population:
 0-C-S-0              0.85350
 0-C-S-0              1.11663
 0-C-S-0              0.52409
 0-C-S-0              0.57874
 0-C-S-0              0.15111
 0-C-P-0              0.45636
 0-C-P-1              0.45636
 0-C-P-2              0.45636
 0-C-P-0              0.43328
 0-C-P-1              0.43328
 0-C-P-2              0.43328
 0-C-P-0              0.15503
 0-C-P-1              0.15503
 0-C-P-2              0.15503
 0-C-D-0              0.00465
 0-C-D-1              0.00465
 0-C-D-2              0.00000
 0-C-D-3              0.00465
 0-C-D-4             -0.00000
 0-C-D-0              0.00757
 0-C-D-1              0.00757
 0-C-D-2             -0.00000
 0-C-D-3              0.00757
 0-C-D-4             -0.00000
 0-C-F-0              0.00010
 0-C-F-1              0.00105
 0-C-F-2              0.00006
 0-C-F-3              0.00016
 0-C-F-4              0.00006
 0-C-F-5              0.00000
 0-C-F-6              0.00010
 1-H-S-0              0.27802
 1-H-S-0              0.46193
 1-H-S-0              0.12652
 1-H-P-0              0.00276
 1-H-P-1              0.00276
 1-H-P-2              0.00276
 1-H-P-0              0.00823
 1-H-P-1              0.00823
 1-H-P-2              0.00823
 1-H-D-0              0.00021
 1-H-D-1              0.00021
 1-H-D-2              0.00043
 1-H-D-3              0.00021
 1-H-D-4              0.00043
 2-H-S-0              0.27802
 2-H-S-0              0.46193
 2-H-S-0              0.12652
 2-H-P-0              0.00276
 2-H-P-1              0.00276
 2-H-P-2              0.00276
 2-H-P-0              0.00823
 2-H-P-1              0.00823
 2-H-P-2              0.00823
 2-H-D-0              0.00021
 2-H-D-1              0.00021
 2-H-D-2              0.00043
 2-H-D-3              0.00021
 2-H-D-4              0.00043
 3-H-S-0              0.27802
 3-H-S-0              0.46193
 3-H-S-0              0.12652
 3-H-P-0              0.00276
 3-H-P-1              0.00276
 3-H-P-2              0.00276
 3-H-P-0              0.00823
 3-H-P-1              0.00823
 3-H-P-2              0.00823
 3-H-D-0              0.00021
 3-H-D-1              0.00021
 3-H-D-2              0.00043
 3-H-D-3              0.00021
 3-H-D-4              0.00043
 4-H-S-0              0.27802
 4-H-S-0              0.46193
 4-H-S-0              0.12652
 4-H-P-0              0.00276
 4-H-P-1              0.00276
 4-H-P-2              0.00276
 4-H-P-0              0.00823
 4-H-P-1              0.00823
 4-H-P-2              0.00823
 4-H-D-0              0.00021
 4-H-D-1              0.00021
 4-H-D-2              0.00043
 4-H-D-3              0.00021
 4-H-D-4              0.00043
Mulliken population analysis:
  0-C  :  -0.396237
  1-H  :   0.099059
  2-H  :   0.099059
  3-H  :   0.099059
  4-H  :   0.099059

====================================================
              REST: Mission accomplished
====================================================
The SCF energy        :     -40.5391755466 Ha
The (R)-xDH energy    :     -40.4183801944 Ha
Detailed time report:
Overall   |:    2.200 s for the whole job
SCF       |:    1.636 s for the scf procedure
PT2       |:    0.098 s for the PT2 evaluation
