=========================================================
Input parameters for the REST calculation
=========================================================
Calculation type: Single-point energy
The exchange-correlation method: xygjos
Print level:                3
The number of threads used for parallelism:      4
The spheric-GTO basis set is taken from /home/symei/def2-TZVPP-ECP28MWB
The pruning method is nwchem
The radial grid generation method is treutler
ERI Type: ri_v
Turn on the basis pair symmetry for RI 3D-tensors
The spheric-GTO auxiliary basis set is taken from /home/symei/def2-SV(P)-JKFIT
Spin polarization: Off
Charge:   0; Spin:   1
min_num_angular_points: 110
max_num_angular_points: 590
hardness: 3
Grid generation level: 3
Even tempered basis generation: false
SCF convergency thresholds: 1e-8 for density matrix
                            1e-6 Ha. for sum of eigenvalues
                            1e-8 Ha. for total energy
Max. SCF cycle number:      100
The diis mixing with (param, max_vec_len) = (0.2, 8) is employed for the SCF procedure
Turn on the diis mixing after 1 step(s) of SCF iteractions with the linear mixing
The specified checkfile exists but is not loaded because the keyword 'external_init_guess' is specified
It will be updated after the SCF procedure 
(none)
Initial guess is prepared by (sad).
It is a finite cluster calculation
the scf functional for 'xygjos' contains
The density functional 'B3LYP' belongs to the 'Hybrid GGA' family and is defined in the reference(s):
(0): P. J. Stephens, F. J. Devlin, C. F. Chabalowski, and M. J. Frisch.,  J. Phys. Chem. 98, 11623 (1994)
the post-scf functional 'xygjos' is employed, which contains
The density functional 'Slater exchange' belongs to the 'LDA' family and is defined in the reference(s):
(0): P. A. M. Dirac.,  Math. Proc. Cambridge Philos. Soc. 26, 376 (1930)
(1): F. Bloch.,  Z. Phys. 57, 545 (1929)
The density functional 'Becke 88' belongs to the 'GGA' family and is defined in the reference(s):
(0): A. D. Becke.,  Phys. Rev. A 38, 3098 (1988)
The density functional 'Vosko, Wilk & Nusair (VWN5_RPA)' belongs to the 'LDA' family and is defined in the reference(s):
(0): S. H. Vosko, L. Wilk, and M. Nusair.,  Can. J. Phys. 58, 1200 (1980)
The density functional 'Lee, Yang & Parr' belongs to the 'GGA' family and is defined in the reference(s):
(0): C. Lee, W. Yang, and R. G. Parr.,  Phys. Rev. B 37, 785 (1988)
(1): B. Miehlich, A. Savin, H. Stoll, and H. Preuss.,  Chem. Phys. Lett. 157, 200 (1989)
<start_mo> for the frozen-core post-SCF methods 6 is smaller than the number of ecp orbitals 14. Set <start_mo> = 0
Libxc version used in REST: 7.0.0
nbas: 30, natm: 2 for standard basis sets
First valence state for the frozen-core algorithm:     0
final nbas: 128,final natm: 4
numbasis: 90, num_auxbas: 394
Molecule_name: brcl
job_type = "SinglePoint"
print_level = 3
basis_path = "/home/symei/def2-TZVPP-ECP28MWB"
basis_type = "spheric"
auxbas_path = "/home/symei/def2-SV(P)-JKFIT"
auxbas_type = "spheric"
use_auxbas = true
even_tempered_basis = false
etb_start_atom_number = 1
etb_beta = 1.0
ri_k_only = false
auxbasis_response = false
use_isdf = false
isdf_k_only = false
isdf_k_mu = 8
isdf_new = false
eri_type = "ri_v"
use_ri_symm = true
xc = "xygjos"
post_xc = []
post_correlation = []
post_ai_correction = "none"
charge = 0.0
spin = 1.0
spin_channel = 1
spin_polarization = false
frozen_core_postscf = 2
frequency_points = 20
lambda_points = 20
freq_grid_type = 0
freq_cut_off = 10.0
radial_precision = 0.000000000001
min_num_angular_points = 110
max_num_angular_points = 590
grid_gen_level = 3
hardness = 3
pruning = "nwchem"
rad_grid_method = "treutler"
external_grids = "grids"
mixer = "diis"
mix_param = 0.2
num_max_diis = 8
start_diis_cycle = 1
start_check_oscillation = 20
max_scf_cycle = 100
scf_acc_rho = 0.00000001
scf_acc_eev = 0.000001
scf_acc_etot = 0.00000001
restart = false
chkfile = "none"
chkfile_type = "hdf5"
guessfile = "none"
guessfile_type = "none"
external_init_guess = false
initial_guess = "sad"
noiter = false
check_stab = false
use_dm_only = false
use_ri_vj = true
fciqmc_dump = false
outputs = []
cube_orb_setting = [3.0, 80.0]
cube_orb_indices = []
atom_sad = false
occupation_type = "INTEGER"
frac_tolerant = 0.001
deep_pot = false
bench_eps = false
num_threads = 4
batch_size = 64
nforce_displacement = 0.0013
force_state_occupation = []
auxiliary_reference_states = []
pt2_mpi_mode = 0

Restricted Hartree-Fock (or Kohn-Sham) algorithm is invoked.
Nuc_energy:      29.08125662 Hartree
no empirical dispersion correction is employed
No ghost effective potential
No ghost point charges
Detailed time report:
aux_ij    |:    0.005 s for for the coulomb matrix of auxiliary basis
ri_v      |:    0.028 s for for RI dot aux_v^{-1/2}
all ri    |:    0.145 s for for the total evaluations of ri3fn
inv_sqrt  |:    0.060 s for for the sqrt inverse of aux_ij
prim ri   |:    0.052 s for for the pure three-center integrals
Overlap matrix is nonsigular:
  Lowest eigenvalue:       0.00912335 with the total number of basis functions:     90
Grid size: 39784
Generate SAD of Br
the functional of 'hf' contains
<start_mo> for the frozen-core post-SCF methods 0 is smaller than the number of ecp orbitals 14. Set <start_mo> = 0
Libxc version used in REST: 7.0.0
nbas: 16, natm: 1 for standard basis sets
First valence state for the frozen-core algorithm:     0
final nbas: 76,final natm: 2
numbasis: 48, num_auxbas: 266
Restricted Hartree-Fock (or Kohn-Sham) algorithm is invoked.
Nuc_energy:       0.00000000 Hartree
no empirical dispersion correction is employed
No ghost effective potential
No ghost point charges
Detailed time report:
aux_ij    |:    0.004 s for for the coulomb matrix of auxiliary basis
prim ri   |:    0.017 s for for the pure three-center integrals
all ri    |:    0.039 s for for the total evaluations of ri3fn
inv_sqrt  |:    0.013 s for for the sqrt inverse of aux_ij
ri_v      |:    0.004 s for for RI dot aux_v^{-1/2}
Overlap matrix is nonsigular:
  Lowest eigenvalue:       0.02573177 with the total number of basis functions:     48
Grid size: 20904
Initial guess from SAP
The evaluation of vmat costs             0.03 seconds
Detailed time report:
ISDF      |:    0.000 s for ISDF initialization
InitGuess |:    0.027 s for Prepare initial guess
CInt      |:    0.056 s for Two, Three, and Four-center integrals
Overall   |:    0.152 s for SCF Preparation
DFT Grids |:    0.069 s for Initialization of the tabulated Grids and AOs
Exc:       0.00000000, Vxc:       0.00000000
The total energy:      1518.2453524047 Ha by the initial guess
Exc:       0.00000000, Vxc:       0.00000000
Energy:     576.5550265900 Ha after    1 iterations (in       0.01 seconds).
Detailed timing info in this SCF step:
prepare_next_input:            0.00s
diagonalize_hamiltonian:       0.00s
generate_density_matrix:       0.00s
check_scf_convergence:         0.00s
scf_records.update:            0.00s
Exc:       0.00000000, Vxc:       0.00000000
SCF Change: DM 5.72721e-2; eev  4.44662e1 Ha; etot -5.88122e2 Ha
Energy:     -11.5665529343 Ha after    2 iterations (in       0.01 seconds).
Detailed timing info in this SCF step:
prepare_next_input:            0.00s
diagonalize_hamiltonian:       0.00s
generate_density_matrix:       0.00s
check_scf_convergence:         0.00s
scf_records.update:            0.00s
Exc:       0.00000000, Vxc:       0.00000000
SCF Change: DM 7.25587e-3; eev  5.59459e0 Ha; etot -1.99317e0 Ha
Energy:     -13.5597247486 Ha after    3 iterations (in       0.00 seconds).
Detailed timing info in this SCF step:
prepare_next_input:            0.00s
diagonalize_hamiltonian:       0.00s
generate_density_matrix:       0.00s
check_scf_convergence:         0.00s
scf_records.update:            0.00s
Exc:       0.00000000, Vxc:       0.00000000
SCF Change: DM 1.61709e-2; eev  1.74924e0 Ha; etot -3.16857e-2 Ha
Energy:     -13.5914104712 Ha after    4 iterations (in       0.01 seconds).
Detailed timing info in this SCF step:
prepare_next_input:            0.00s
diagonalize_hamiltonian:       0.00s
generate_density_matrix:       0.00s
check_scf_convergence:         0.00s
scf_records.update:            0.00s
Exc:       0.00000000, Vxc:       0.00000000
SCF Change: DM 9.00742e-4; eev  1.12698e0 Ha; etot -7.26769e-2 Ha
Energy:     -13.6640873517 Ha after    5 iterations (in       0.00 seconds).
Detailed timing info in this SCF step:
prepare_next_input:            0.00s
diagonalize_hamiltonian:       0.00s
generate_density_matrix:       0.00s
check_scf_convergence:         0.00s
scf_records.update:            0.00s
Exc:       0.00000000, Vxc:       0.00000000
SCF Change: DM 4.22679e-3; eev 5.26666e-1 Ha; etot -6.47387e-2 Ha
Energy:     -13.7288260609 Ha after    6 iterations (in       0.00 seconds).
Detailed timing info in this SCF step:
prepare_next_input:            0.00s
diagonalize_hamiltonian:       0.00s
generate_density_matrix:       0.00s
check_scf_convergence:         0.00s
scf_records.update:            0.00s
Exc:       0.00000000, Vxc:       0.00000000
SCF Change: DM 4.25560e-4; eev 2.56107e-1 Ha; etot -1.43728e-2 Ha
Energy:     -13.7431988356 Ha after    7 iterations (in       0.00 seconds).
Detailed timing info in this SCF step:
prepare_next_input:            0.00s
diagonalize_hamiltonian:       0.00s
generate_density_matrix:       0.00s
check_scf_convergence:         0.00s
scf_records.update:            0.00s
Exc:       0.00000000, Vxc:       0.00000000
SCF Change: DM 1.11464e-3; eev 1.65631e-1 Ha; etot 1.02339e-2 Ha
Energy:     -13.7329649525 Ha after    8 iterations (in       0.01 seconds).
Detailed timing info in this SCF step:
prepare_next_input:            0.01s
diagonalize_hamiltonian:       0.00s
generate_density_matrix:       0.00s
check_scf_convergence:         0.00s
scf_records.update:            0.00s
Exc:       0.00000000, Vxc:       0.00000000
SCF Change: DM 1.36993e-4; eev 8.24133e-2 Ha; etot -4.14099e-4 Ha
Energy:     -13.7333790516 Ha after    9 iterations (in       0.00 seconds).
Detailed timing info in this SCF step:
prepare_next_input:            0.00s
diagonalize_hamiltonian:       0.00s
generate_density_matrix:       0.00s
check_scf_convergence:         0.00s
scf_records.update:            0.00s
Exc:       0.00000000, Vxc:       0.00000000
SCF Change: DM 7.64060e-6; eev 2.34120e-3 Ha; etot -1.43071e-5 Ha
Energy:     -13.7333933587 Ha after   10 iterations (in       0.00 seconds).
Detailed timing info in this SCF step:
prepare_next_input:            0.00s
diagonalize_hamiltonian:       0.00s
generate_density_matrix:       0.00s
check_scf_convergence:         0.00s
scf_records.update:            0.00s
Exc:       0.00000000, Vxc:       0.00000000
SCF Change: DM 3.07933e-7; eev 2.75159e-5 Ha; etot -1.52036e-8 Ha
Energy:     -13.7333933739 Ha after   11 iterations (in       0.00 seconds).
Detailed timing info in this SCF step:
prepare_next_input:            0.00s
diagonalize_hamiltonian:       0.00s
generate_density_matrix:       0.00s
check_scf_convergence:         0.00s
scf_records.update:            0.00s
Exc:       0.00000000, Vxc:       0.00000000
SCF Change: DM 1.96373e-8; eev 3.71799e-6 Ha; etot -1.74225e-11 Ha
Energy:     -13.7333933739 Ha after   12 iterations (in       0.00 seconds).
Detailed timing info in this SCF step:
prepare_next_input:            0.00s
diagonalize_hamiltonian:       0.00s
generate_density_matrix:       0.00s
check_scf_convergence:         0.00s
scf_records.update:            0.00s
Exc:       0.00000000, Vxc:       0.00000000
SCF Change: DM 3.41657e-10; eev 7.30680e-9 Ha; etot -6.21725e-14 Ha
Energy:     -13.7333933739 Ha after   13 iterations (in       0.00 seconds).
Detailed timing info in this SCF step:
prepare_next_input:            0.00s
diagonalize_hamiltonian:       0.00s
generate_density_matrix:       0.00s
check_scf_convergence:         0.00s
scf_records.update:            0.00s
SCF is converged after   13 iterations.
   State    Occupation        Eigenvalue
       0       2.00000         -1.148338
       1       1.66667         -0.401641
       2       1.66667         -0.401641
       3       1.66667         -0.401641
       4       0.00000          0.342927
       5       0.00000          0.342927
       6       0.00000          0.342927
the job spends             0.22 seconds
Generate SAD of Cl
the functional of 'hf' contains
For SCF calculation, no core orbital is frozen by effective core potential (ECP) approximation
Libxc version used in REST: 7.0.0
nbas: 14, natm: 1 for standard basis sets
First valence state for the frozen-core algorithm:     0
final nbas: 52,final natm: 2
numbasis: 42, num_auxbas: 128
Restricted Hartree-Fock (or Kohn-Sham) algorithm is invoked.
Nuc_energy:       0.00000000 Hartree
no empirical dispersion correction is employed
No ghost effective potential
No ghost point charges
Detailed time report:
inv_sqrt  |:    0.002 s for for the sqrt inverse of aux_ij
ri_v      |:    0.001 s for for RI dot aux_v^{-1/2}
all ri    |:    0.007 s for for the total evaluations of ri3fn
prim ri   |:    0.003 s for for the pure three-center integrals
aux_ij    |:    0.001 s for for the coulomb matrix of auxiliary basis
Overlap matrix is nonsigular:
  Lowest eigenvalue:       0.04652848 with the total number of basis functions:     42
Grid size: 18880
Initial guess from SAP
The evaluation of vmat costs             0.01 seconds
Detailed time report:
DFT Grids |:    0.035 s for Initialization of the tabulated Grids and AOs
Overall   |:    0.058 s for SCF Preparation
CInt      |:    0.008 s for Two, Three, and Four-center integrals
ISDF      |:    0.000 s for ISDF initialization
InitGuess |:    0.016 s for Prepare initial guess
Exc:       0.00000000, Vxc:       0.00000000
The total energy:      -459.2587787392 Ha by the initial guess
Exc:       0.00000000, Vxc:       0.00000000
Energy:    -459.2783308781 Ha after    1 iterations (in       0.00 seconds).
Detailed timing info in this SCF step:
prepare_next_input:            0.00s
diagonalize_hamiltonian:       0.00s
generate_density_matrix:       0.00s
check_scf_convergence:         0.00s
scf_records.update:            0.00s
Exc:       0.00000000, Vxc:       0.00000000
SCF Change: DM 4.16297e-4; eev 3.41258e-2 Ha; etot 4.97374e-3 Ha
Energy:    -459.2733571368 Ha after    2 iterations (in       0.00 seconds).
Detailed timing info in this SCF step:
prepare_next_input:            0.00s
diagonalize_hamiltonian:       0.00s
generate_density_matrix:       0.00s
check_scf_convergence:         0.00s
scf_records.update:            0.00s
Exc:       0.00000000, Vxc:       0.00000000
SCF Change: DM 8.87050e-5; eev 9.75889e-3 Ha; etot -2.08542e-4 Ha
Energy:    -459.2735656792 Ha after    3 iterations (in       0.00 seconds).
Detailed timing info in this SCF step:
prepare_next_input:            0.00s
diagonalize_hamiltonian:       0.00s
generate_density_matrix:       0.00s
check_scf_convergence:         0.00s
scf_records.update:            0.00s
Exc:       0.00000000, Vxc:       0.00000000
SCF Change: DM 9.63077e-5; eev 1.28779e-2 Ha; etot 3.74402e-5 Ha
Energy:    -459.2735282390 Ha after    4 iterations (in       0.00 seconds).
Detailed timing info in this SCF step:
prepare_next_input:            0.00s
diagonalize_hamiltonian:       0.00s
generate_density_matrix:       0.00s
check_scf_convergence:         0.00s
scf_records.update:            0.00s
Exc:       0.00000000, Vxc:       0.00000000
SCF Change: DM 2.99590e-5; eev 1.91773e-3 Ha; etot 4.99156e-4 Ha
Energy:    -459.2730290828 Ha after    5 iterations (in       0.00 seconds).
Detailed timing info in this SCF step:
prepare_next_input:            0.00s
diagonalize_hamiltonian:       0.00s
generate_density_matrix:       0.00s
check_scf_convergence:         0.00s
scf_records.update:            0.00s
Exc:       0.00000000, Vxc:       0.00000000
SCF Change: DM 2.55777e-5; eev 4.25452e-3 Ha; etot -1.89356e-4 Ha
Energy:    -459.2732184384 Ha after    6 iterations (in       0.00 seconds).
Detailed timing info in this SCF step:
prepare_next_input:            0.00s
diagonalize_hamiltonian:       0.00s
generate_density_matrix:       0.00s
check_scf_convergence:         0.00s
scf_records.update:            0.00s
Exc:       0.00000000, Vxc:       0.00000000
SCF Change: DM 9.88118e-6; eev 4.11389e-4 Ha; etot -1.92860e-4 Ha
Energy:    -459.2734112981 Ha after    7 iterations (in       0.00 seconds).
Detailed timing info in this SCF step:
prepare_next_input:            0.00s
diagonalize_hamiltonian:       0.00s
generate_density_matrix:       0.00s
check_scf_convergence:         0.00s
scf_records.update:            0.00s
Exc:       0.00000000, Vxc:       0.00000000
SCF Change: DM 9.62776e-6; eev 1.61996e-3 Ha; etot 1.03541e-4 Ha
Energy:    -459.2733077569 Ha after    8 iterations (in       0.00 seconds).
Detailed timing info in this SCF step:
prepare_next_input:            0.00s
diagonalize_hamiltonian:       0.00s
generate_density_matrix:       0.00s
check_scf_convergence:         0.00s
scf_records.update:            0.00s
Exc:       0.00000000, Vxc:       0.00000000
SCF Change: DM 1.76789e-6; eev 6.36802e-4 Ha; etot -1.98251e-8 Ha
Energy:    -459.2733077768 Ha after    9 iterations (in       0.00 seconds).
Detailed timing info in this SCF step:
prepare_next_input:            0.00s
diagonalize_hamiltonian:       0.00s
generate_density_matrix:       0.00s
check_scf_convergence:         0.00s
scf_records.update:            0.00s
Exc:       0.00000000, Vxc:       0.00000000
SCF Change: DM 7.16332e-8; eev 3.10868e-5 Ha; etot -1.65227e-9 Ha
Energy:    -459.2733077784 Ha after   10 iterations (in       0.00 seconds).
Detailed timing info in this SCF step:
prepare_next_input:            0.00s
diagonalize_hamiltonian:       0.00s
generate_density_matrix:       0.00s
check_scf_convergence:         0.00s
scf_records.update:            0.00s
Exc:       0.00000000, Vxc:       0.00000000
SCF Change: DM 5.57786e-9; eev 1.39520e-6 Ha; etot -2.38742e-12 Ha
Energy:    -459.2733077784 Ha after   11 iterations (in       0.00 seconds).
Detailed timing info in this SCF step:
prepare_next_input:            0.00s
diagonalize_hamiltonian:       0.00s
generate_density_matrix:       0.00s
check_scf_convergence:         0.00s
scf_records.update:            0.00s
Exc:       0.00000000, Vxc:       0.00000000
SCF Change: DM 1.04090e-9; eev 7.42124e-8 Ha; etot -3.41061e-13 Ha
Energy:    -459.2733077784 Ha after   12 iterations (in       0.00 seconds).
Detailed timing info in this SCF step:
prepare_next_input:            0.00s
diagonalize_hamiltonian:       0.00s
generate_density_matrix:       0.00s
check_scf_convergence:         0.00s
scf_records.update:            0.00s
Exc:       0.00000000, Vxc:       0.00000000
SCF Change: DM 8.96248e-11; eev 1.70526e-9 Ha; etot -5.68434e-13 Ha
Energy:    -459.2733077784 Ha after   13 iterations (in       0.00 seconds).
Detailed timing info in this SCF step:
prepare_next_input:            0.00s
diagonalize_hamiltonian:       0.00s
generate_density_matrix:       0.00s
check_scf_convergence:         0.00s
scf_records.update:            0.00s
SCF is converged after   13 iterations.
   State    Occupation        Eigenvalue
       0       2.00000       -104.917068
       1       2.00000        -10.637929
       2       2.00000         -8.102687
       3       2.00000         -8.102687
       4       2.00000         -8.102687
       5       2.00000         -1.087188
       6       1.66667         -0.437988
       7       1.66667         -0.437988
       8       1.66667         -0.437988
       9       0.00000          0.476786
      10       0.00000          0.476786
      11       0.00000          0.476786
the job spends             0.10 seconds
total electron number:      24.00000065
The evaluation of Vj, Vk and Vxc matrices cost       0.00,       0.02 and       0.08 seconds, respectively
Exc:     -24.88390268, Vxc:     -16.04417638
Initial guess HF energy:    -474.4310949355853495
Initial density matrix by Atom SAD:
                 0,           1,           2,           3,           4
    0     0.000000,   -0.000000,   -0.000013,   -0.000132,    0.000358
    1    -0.000000,    0.000001,    0.000020,    0.000170,   -0.000492
    2    -0.000013,    0.000020,    0.002400,    0.023751,   -0.064966
    3    -0.000132,    0.000170,    0.023751,    0.236199,   -0.645162
    4     0.000358,   -0.000492,   -0.064966,   -0.645162,    1.763105
    5     0.000107,   -0.000197,   -0.020182,   -0.198843,    0.544399
    6     0.000000,    0.000000,    0.000000,    0.000000,   -0.000000
    7    -0.000000,   -0.000000,   -0.000000,    0.000000,    0.000000
    8    -0.000000,   -0.000002,   -0.000021,   -0.000136,    0.000430
    9    -0.000000,   -0.000000,   -0.000000,    0.000000,   -0.000000
   10     0.000000,    0.000000,    0.000000,   -0.000000,    0.000000
   11     0.000002,    0.000053,    0.000500,    0.003226,   -0.010188
   12     0.000000,    0.000000,    0.000000,   -0.000000,    0.000000
   13    -0.000000,   -0.000000,   -0.000000,    0.000000,   -0.000000
   14    -0.000011,   -0.000266,   -0.002383,   -0.014918,    0.047601
   15     0.000000,    0.000000,    0.000000,   -0.000000,    0.000000
   16    -0.000000,   -0.000000,   -0.000000,    0.000000,   -0.000000
   17    -0.000016,   -0.000506,   -0.005480,   -0.038033,    0.116793
   18     0.000000,    0.000000,    0.000000,    0.000000,   -0.000000
   19    -0.000000,   -0.000000,   -0.000000,    0.000000,   -0.000000
   20     0.000007,   -0.000133,   -0.003233,   -0.028253,    0.080130
   21     0.000000,   -0.000000,   -0.000000,   -0.000000,    0.000000
   22     0.000000,   -0.000000,   -0.000000,   -0.000000,    0.000000
   23     0.000000,    0.000000,   -0.000005,   -0.000051,    0.000138
   24     0.000000,   -0.000000,   -0.000000,   -0.000000,    0.000000
   25     0.000000,   -0.000000,   -0.000000,   -0.000000,    0.000000
   26    -0.000000,    0.000000,    0.000000,    0.000000,   -0.000000
   27     0.000000,    0.000000,   -0.000000,   -0.000000,    0.000000
   28    -0.000001,   -0.000002,    0.000170,    0.001806,   -0.004809
   29    -0.000000,    0.000000,    0.000000,    0.000000,   -0.000000
   30    -0.000000,    0.000000,    0.000000,    0.000000,   -0.000000
   31     0.000000,   -0.000000,   -0.000000,   -0.000000,    0.000000
   32    -0.000000,    0.000000,    0.000000,    0.000000,   -0.000000
   33     0.000006,    0.000034,   -0.000402,   -0.005290,    0.013268
   34    -0.000000,   -0.000000,    0.000000,    0.000000,   -0.000000
   35    -0.000000,    0.000000,    0.000000,    0.000000,   -0.000000
   36     0.000000,   -0.000000,   -0.000000,   -0.000000,    0.000000
   37     0.000000,    0.000000,    0.000000,   -0.000000,    0.000000
   38    -0.000005,    0.000048,    0.001620,    0.014851,   -0.041653
   39     0.000000,    0.000000,   -0.000000,   -0.000000,    0.000000
   40    -0.000000,    0.000000,    0.000000,    0.000000,   -0.000000
   41    -0.000000,    0.000000,    0.000000,    0.000000,   -0.000000
   42     0.000000,   -0.000000,   -0.000000,   -0.000000,    0.000000
   43    -0.000000,   -0.000000,   -0.000000,   -0.000000,    0.000000
   44    -0.000000,   -0.000019,   -0.000227,   -0.001668,    0.005099
   45    -0.000000,   -0.000000,    0.000000,    0.000000,   -0.000000
   46     0.000000,    0.000000,    0.000000,    0.000000,   -0.000000
   47    -0.000000,    0.000000,    0.000000,    0.000000,   -0.000000
   48     0.000000,    0.000042,    0.000414,    0.003181,   -0.010596
   49     0.000005,    0.000082,    0.000529,    0.002316,   -0.008090
   50    -0.000020,   -0.000397,   -0.003181,   -0.018264,    0.061669
   51    -0.000002,    0.000311,    0.005060,    0.042135,   -0.132843
   52     0.000012,    0.000074,   -0.000763,   -0.009505,    0.017769
   53    -0.000000,   -0.000000,   -0.000000,    0.000000,   -0.000000
   54    -0.000000,   -0.000000,   -0.000000,    0.000000,   -0.000000
   55    -0.000018,   -0.000229,   -0.000722,    0.000950,    0.000466
   56    -0.000000,   -0.000000,   -0.000000,    0.000000,   -0.000000
   57    -0.000000,   -0.000000,   -0.000000,    0.000000,   -0.000000
   58    -0.000008,   -0.000108,   -0.000377,    0.000065,    0.001218
   59    -0.000000,   -0.000000,   -0.000000,   -0.000000,    0.000000
   60     0.000000,    0.000000,    0.000000,   -0.000000,   -0.000000
   61     0.000017,    0.000254,    0.001316,    0.004406,   -0.018623
   62     0.000000,   -0.000000,   -0.000000,   -0.000000,    0.000000
   63     0.000000,    0.000000,    0.000000,   -0.000000,   -0.000000
   64     0.000042,    0.000509,    0.001323,   -0.004600,   -0.000297
   65    -0.000000,   -0.000000,   -0.000000,   -0.000000,    0.000000
   66     0.000000,    0.000000,    0.000000,   -0.000000,    0.000000
   67     0.000021,    0.000220,    0.000144,   -0.006376,    0.012001
   68     0.000000,    0.000000,    0.000000,    0.000000,   -0.000000
   69    -0.000000,   -0.000000,   -0.000000,    0.000000,   -0.000000
   70     0.000009,    0.000016,   -0.001197,   -0.012782,    0.034270
   71     0.000000,    0.000000,    0.000000,    0.000000,   -0.000000
   72    -0.000000,    0.000000,    0.000000,    0.000000,   -0.000000
   73     0.000000,    0.000000,    0.000000,    0.000000,   -0.000000
   74    -0.000000,   -0.000000,   -0.000000,    0.000000,   -0.000000
   75     0.000001,    0.000005,   -0.000075,   -0.000937,    0.002410
   76     0.000000,    0.000000,    0.000000,   -0.000000,    0.000000
   77    -0.000000,    0.000000,    0.000000,    0.000000,   -0.000000
   78     0.000000,   -0.000000,   -0.000000,   -0.000000,    0.000000
   79    -0.000000,   -0.000000,   -0.000000,    0.000000,   -0.000000
   80     0.000004,    0.000025,   -0.000304,   -0.003974,    0.010090
   81     0.000000,    0.000000,    0.000000,   -0.000000,    0.000000
   82    -0.000000,    0.000000,    0.000000,    0.000000,   -0.000000
   83     0.000000,    0.000000,    0.000000,    0.000000,   -0.000000
   84    -0.000000,    0.000000,    0.000000,    0.000000,   -0.000000
   85    -0.000000,   -0.000000,   -0.000000,    0.000000,   -0.000000
   86     0.000002,    0.000005,   -0.000279,   -0.003014,    0.008041
   87     0.000000,    0.000000,    0.000000,    0.000000,   -0.000000
   88     0.000000,    0.000000,    0.000000,    0.000000,   -0.000000
   89    -0.000000,   -0.000000,   -0.000000,   -0.000000,    0.000000
                 5,           6,           7,           8,           9
    0     0.000107,    0.000000,   -0.000000,   -0.000000,   -0.000000
    1    -0.000197,    0.000000,   -0.000000,   -0.000002,   -0.000000
    2    -0.020182,    0.000000,   -0.000000,   -0.000021,   -0.000000
    3    -0.198843,    0.000000,    0.000000,   -0.000136,    0.000000
    4     0.544399,   -0.000000,    0.000000,    0.000430,   -0.000000
    5     0.170990,   -0.000000,    0.000000,    0.000249,    0.000000
    6    -0.000000,    0.000013,   -0.000000,    0.000000,   -0.000308
    7     0.000000,   -0.000000,    0.000013,   -0.000000,    0.000000
    8     0.000249,    0.000000,   -0.000000,    0.000006,    0.000000
    9     0.000000,   -0.000308,    0.000000,    0.000000,    0.007192
   10    -0.000000,    0.000000,   -0.000308,    0.000000,   -0.000000
   11    -0.005846,   -0.000000,    0.000000,   -0.000129,   -0.000000
   12    -0.000000,    0.001605,   -0.000000,   -0.000000,   -0.037505
   13     0.000000,   -0.000000,    0.001605,   -0.000000,    0.000000
   14     0.028389,    0.000000,    0.000000,    0.000647,    0.000000
   15    -0.000000,    0.002925,   -0.000000,   -0.000000,   -0.068336
   16     0.000000,   -0.000000,    0.002925,   -0.000000,   -0.000000
   17     0.061660,    0.000000,   -0.000000,    0.001220,   -0.000000
   18    -0.000000,    0.001310,   -0.000000,   -0.000000,   -0.030622
   19     0.000000,   -0.000000,    0.001310,   -0.000000,    0.000000
   20     0.031060,    0.000000,   -0.000000,    0.000307,    0.000000
   21     0.000000,    0.000000,   -0.000000,    0.000000,   -0.000000
   22     0.000000,    0.000000,   -0.000000,    0.000000,   -0.000000
   23     0.000041,   -0.000000,   -0.000000,   -0.000000,    0.000000
   24     0.000000,   -0.000000,   -0.000000,   -0.000000,    0.000001
   25     0.000000,    0.000000,   -0.000000,    0.000000,   -0.000000
   26    -0.000000,   -0.000000,   -0.000000,   -0.000000,    0.000000
   27    -0.000000,    0.000000,    0.000002,   -0.000000,   -0.000000
   28    -0.001371,    0.000000,    0.000000,    0.000006,   -0.000000
   29    -0.000000,    0.000002,   -0.000000,   -0.000000,   -0.000043
   30    -0.000000,   -0.000000,    0.000000,   -0.000000,    0.000000
   31     0.000000,    0.000000,    0.000000,    0.000000,   -0.000000
   32    -0.000000,   -0.000000,   -0.000011,    0.000000,    0.000000
   33     0.002495,   -0.000000,   -0.000000,   -0.000084,    0.000000
   34    -0.000000,   -0.000011,    0.000000,    0.000000,    0.000249
   35    -0.000000,    0.000000,   -0.000000,   -0.000000,   -0.000000
   36     0.000000,    0.000000,   -0.000000,    0.000000,   -0.000000
   37    -0.000000,    0.000000,   -0.000039,   -0.000000,   -0.000000
   38    -0.014604,   -0.000000,    0.000000,   -0.000098,    0.000000
   39     0.000000,   -0.000039,    0.000000,   -0.000000,    0.000899
   40    -0.000000,   -0.000000,    0.000000,   -0.000000,    0.000000
   41    -0.000000,    0.000000,   -0.000000,   -0.000000,   -0.000000
   42     0.000000,   -0.000000,   -0.000000,    0.000000,    0.000000
   43     0.000000,    0.000000,    0.000018,    0.000000,   -0.000000
   44     0.002300,    0.000000,    0.000000,    0.000041,   -0.000000
   45    -0.000000,    0.000018,    0.000000,    0.000000,   -0.000408
   46    -0.000000,   -0.000000,    0.000000,   -0.000000,    0.000000
   47    -0.000000,    0.000000,   -0.000000,   -0.000000,   -0.000000
   48    -0.002631,   -0.000000,    0.000000,   -0.000020,    0.000000
   49    -0.004056,    0.000000,    0.000000,   -0.000016,   -0.000000
   50     0.020781,   -0.000000,   -0.000000,    0.000113,    0.000000
   51    -0.026647,    0.000000,    0.000000,   -0.000178,    0.000000
   52     0.019103,    0.000000,   -0.000000,    0.000160,   -0.000000
   53     0.000000,    0.000088,   -0.000000,   -0.000000,   -0.002125
   54     0.000000,    0.000000,    0.000088,   -0.000000,   -0.000000
   55     0.018569,    0.000000,   -0.000000,    0.000539,    0.000000
   56     0.000000,    0.000042,   -0.000000,   -0.000000,   -0.001022
   57     0.000000,    0.000000,    0.000042,   -0.000000,   -0.000000
   58     0.009099,    0.000000,   -0.000000,    0.000252,    0.000000
   59    -0.000000,   -0.000140,    0.000000,    0.000000,    0.003340
   60     0.000000,    0.000000,   -0.000140,    0.000000,   -0.000000
   61    -0.020038,   -0.000000,   -0.000000,   -0.000663,    0.000000
   62    -0.000000,   -0.000229,    0.000000,   -0.000000,    0.005490
   63     0.000000,    0.000000,   -0.000229,    0.000000,   -0.000000
   64    -0.030261,   -0.000000,   -0.000000,   -0.001327,   -0.000000
   65    -0.000000,   -0.000297,    0.000000,   -0.000000,    0.007024
   66     0.000000,    0.000000,   -0.000297,    0.000000,    0.000000
   67    -0.010102,   -0.000000,   -0.000000,   -0.000589,   -0.000000
   68    -0.000000,   -0.000000,    0.000000,   -0.000000,    0.000000
   69     0.000000,   -0.000000,    0.000145,   -0.000000,    0.000000
   70     0.009143,   -0.000000,   -0.000000,   -0.000055,    0.000000
   71    -0.000000,    0.000145,   -0.000000,   -0.000000,   -0.003381
   72    -0.000000,    0.000000,   -0.000000,    0.000000,   -0.000000
   73    -0.000000,   -0.000000,    0.000000,   -0.000000,    0.000000
   74     0.000000,   -0.000000,    0.000020,    0.000000,    0.000000
   75     0.000436,   -0.000000,    0.000000,   -0.000014,    0.000000
   76    -0.000000,    0.000020,   -0.000000,    0.000000,   -0.000471
   77    -0.000000,    0.000000,    0.000000,    0.000000,   -0.000000
   78     0.000000,    0.000000,   -0.000000,   -0.000000,   -0.000000
   79     0.000000,   -0.000000,    0.000080,   -0.000000,    0.000000
   80     0.001657,   -0.000000,    0.000000,   -0.000067,    0.000000
   81    -0.000000,    0.000080,   -0.000000,    0.000000,   -0.001870
   82    -0.000000,    0.000000,   -0.000000,   -0.000000,   -0.000000
   83    -0.000000,    0.000000,    0.000000,   -0.000000,   -0.000000
   84     0.000000,    0.000000,    0.000000,    0.000000,   -0.000000
   85    -0.000000,    0.000000,    0.000027,   -0.000000,   -0.000000
   86     0.002132,   -0.000000,    0.000000,   -0.000015,   -0.000000
   87    -0.000000,    0.000027,   -0.000000,   -0.000000,   -0.000641
   88    -0.000000,    0.000000,    0.000000,   -0.000000,   -0.000000
   89     0.000000,   -0.000000,   -0.000000,    0.000000,    0.000000
                10,          11,          12,          13,          14
    0     0.000000,    0.000002,    0.000000,   -0.000000,   -0.000011
    1     0.000000,    0.000053,    0.000000,   -0.000000,   -0.000266
    2     0.000000,    0.000500,    0.000000,   -0.000000,   -0.002383
    3    -0.000000,    0.003226,   -0.000000,    0.000000,   -0.014918
    4     0.000000,   -0.010188,    0.000000,   -0.000000,    0.047601
    5    -0.000000,   -0.005846,   -0.000000,    0.000000,    0.028389
    6     0.000000,   -0.000000,    0.001605,   -0.000000,    0.000000
    7    -0.000308,    0.000000,   -0.000000,    0.001605,    0.000000
    8     0.000000,   -0.000129,   -0.000000,   -0.000000,    0.000647
    9    -0.000000,   -0.000000,   -0.037505,    0.000000,    0.000000
   10     0.007192,   -0.000000,    0.000000,   -0.037505,    0.000000
   11    -0.000000,    0.002982,    0.000000,    0.000000,   -0.015000
   12     0.000000,    0.000000,    0.195605,   -0.000000,   -0.000000
   13    -0.037505,    0.000000,   -0.000000,    0.195605,   -0.000000
   14     0.000000,   -0.015000,   -0.000000,   -0.000000,    0.075496
   15     0.000000,   -0.000000,    0.356393,   -0.000000,   -0.000000
   16    -0.068336,    0.000000,   -0.000000,    0.356393,   -0.000000
   17     0.000000,   -0.028312,    0.000000,   -0.000000,    0.142419
   18     0.000000,    0.000000,    0.159832,   -0.000000,   -0.000000
   19    -0.030622,    0.000000,   -0.000000,    0.159832,   -0.000000
   20     0.000000,   -0.007124,   -0.000000,   -0.000000,    0.035779
   21     0.000000,   -0.000000,    0.000000,   -0.000000,    0.000000
   22     0.000001,   -0.000000,    0.000000,   -0.000005,    0.000000
   23     0.000000,    0.000002,   -0.000000,   -0.000000,   -0.000008
   24     0.000000,    0.000000,   -0.000005,   -0.000000,   -0.000000
   25     0.000000,   -0.000000,    0.000000,   -0.000000,    0.000000
   26     0.000000,    0.000000,   -0.000000,   -0.000000,   -0.000000
   27    -0.000043,    0.000000,    0.000000,    0.000218,   -0.000000
   28    -0.000000,   -0.000148,    0.000000,    0.000000,    0.000743
   29     0.000000,    0.000000,    0.000218,   -0.000000,   -0.000000
   30    -0.000000,    0.000000,   -0.000000,    0.000000,   -0.000000
   31    -0.000000,   -0.000000,    0.000000,    0.000000,    0.000000
   32     0.000249,   -0.000000,   -0.000000,   -0.001199,    0.000000
   33     0.000000,    0.001937,   -0.000000,   -0.000000,   -0.009712
   34    -0.000000,   -0.000000,   -0.001199,    0.000000,    0.000000
   35     0.000000,    0.000000,    0.000000,   -0.000000,   -0.000000
   36     0.000000,   -0.000000,    0.000000,   -0.000000,    0.000000
   37     0.000899,    0.000000,    0.000000,   -0.004572,   -0.000000
   38    -0.000000,    0.002285,   -0.000000,    0.000000,   -0.011389
   39    -0.000000,    0.000000,   -0.004572,    0.000000,   -0.000000
   40    -0.000000,    0.000000,   -0.000000,    0.000000,   -0.000000
   41     0.000000,    0.000000,    0.000000,   -0.000000,   -0.000000
   42     0.000000,   -0.000000,   -0.000000,   -0.000000,    0.000000
   43    -0.000408,   -0.000000,    0.000000,    0.002077,    0.000000
   44    -0.000000,   -0.000946,    0.000000,    0.000000,    0.004723
   45    -0.000000,   -0.000000,    0.002077,    0.000000,    0.000000
   46    -0.000000,    0.000000,   -0.000000,    0.000000,   -0.000000
   47     0.000000,    0.000000,    0.000000,   -0.000000,   -0.000000
   48    -0.000000,    0.000441,   -0.000000,    0.000000,   -0.001604
   49     0.000000,    0.000331,    0.000000,   -0.000000,   -0.001245
   50     0.000000,   -0.002427,    0.000000,    0.000000,    0.009152
   51    -0.000000,    0.003869,   -0.000000,   -0.000000,   -0.014317
   52     0.000000,   -0.003884,    0.000000,   -0.000000,    0.022520
   53     0.000000,   -0.000000,    0.012159,   -0.000000,    0.000000
   54    -0.002125,    0.000000,    0.000000,    0.012159,   -0.000000
   55    -0.000000,   -0.012465,   -0.000000,    0.000000,    0.064422
   56     0.000000,   -0.000000,    0.005821,   -0.000000,    0.000000
   57    -0.001022,    0.000000,   -0.000000,    0.005821,   -0.000000
   58    -0.000000,   -0.005832,   -0.000000,    0.000000,    0.030160
   59    -0.000000,    0.000000,   -0.018973,    0.000000,   -0.000000
   60     0.003340,   -0.000000,    0.000000,   -0.018973,    0.000000
   61     0.000000,    0.015387,    0.000000,   -0.000000,   -0.077576
   62    -0.000000,    0.000000,   -0.031750,    0.000000,   -0.000000
   63     0.005490,   -0.000000,    0.000000,   -0.031750,    0.000000
   64     0.000000,    0.030813,    0.000000,   -0.000000,   -0.155727
   65     0.000000,    0.000000,   -0.038550,   -0.000000,   -0.000000
   66     0.007024,   -0.000000,    0.000000,   -0.038550,    0.000000
   67     0.000000,    0.013682,    0.000000,   -0.000000,   -0.069264
   68    -0.000000,    0.000000,   -0.000000,    0.000000,   -0.000000
   69    -0.003381,   -0.000000,   -0.000000,    0.017582,    0.000000
   70     0.000000,    0.001282,    0.000000,   -0.000000,   -0.006545
   71     0.000000,    0.000000,    0.017582,   -0.000000,   -0.000000
   72     0.000000,   -0.000000,    0.000000,   -0.000000,    0.000000
   73    -0.000000,    0.000000,   -0.000000,    0.000000,   -0.000000
   74    -0.000471,   -0.000000,   -0.000000,    0.002452,    0.000000
   75    -0.000000,    0.000315,   -0.000000,    0.000000,   -0.001591
   76     0.000000,   -0.000000,    0.002452,   -0.000000,    0.000000
   77    -0.000000,   -0.000000,    0.000000,    0.000000,    0.000000
   78     0.000000,    0.000000,    0.000000,   -0.000000,   -0.000000
   79    -0.001870,    0.000000,   -0.000000,    0.009739,   -0.000000
   80    -0.000000,    0.001552,   -0.000000,    0.000000,   -0.007835
   81     0.000000,   -0.000000,    0.009739,   -0.000000,    0.000000
   82     0.000000,    0.000000,    0.000000,   -0.000000,   -0.000000
   83    -0.000000,    0.000000,    0.000000,    0.000000,   -0.000000
   84    -0.000000,   -0.000000,   -0.000000,    0.000000,    0.000000
   85    -0.000641,    0.000000,    0.000000,    0.003327,   -0.000000
   86    -0.000000,    0.000343,    0.000000,    0.000000,   -0.001739
   87    -0.000000,    0.000000,    0.003327,    0.000000,   -0.000000
   88    -0.000000,    0.000000,    0.000000,    0.000000,   -0.000000
   89     0.000000,   -0.000000,   -0.000000,   -0.000000,    0.000000
                15,          16,          17,          18,          19
    0     0.000000,   -0.000000,   -0.000016,    0.000000,   -0.000000
    1     0.000000,   -0.000000,   -0.000506,    0.000000,   -0.000000
    2     0.000000,   -0.000000,   -0.005480,    0.000000,   -0.000000
    3    -0.000000,    0.000000,   -0.038033,    0.000000,    0.000000
    4     0.000000,   -0.000000,    0.116793,   -0.000000,   -0.000000
    5    -0.000000,    0.000000,    0.061660,   -0.000000,    0.000000
    6     0.002925,   -0.000000,    0.000000,    0.001310,   -0.000000
    7    -0.000000,    0.002925,   -0.000000,   -0.000000,    0.001310
    8    -0.000000,   -0.000000,    0.001220,   -0.000000,   -0.000000
    9    -0.068336,   -0.000000,   -0.000000,   -0.030622,    0.000000
   10     0.000000,   -0.068336,    0.000000,    0.000000,   -0.030622
   11    -0.000000,    0.000000,   -0.028312,    0.000000,    0.000000
   12     0.356393,   -0.000000,    0.000000,    0.159832,   -0.000000
   13    -0.000000,    0.356393,   -0.000000,   -0.000000,    0.159832
   14    -0.000000,   -0.000000,    0.142419,   -0.000000,   -0.000000
   15     0.649359,    0.000000,    0.000000,    0.291126,   -0.000000
   16     0.000000,    0.649359,   -0.000000,    0.000000,    0.291126
   17     0.000000,   -0.000000,    0.269174,    0.000000,   -0.000000
   18     0.291126,    0.000000,    0.000000,    0.131571,   -0.000000
   19    -0.000000,    0.291126,   -0.000000,   -0.000000,    0.131571
   20    -0.000000,   -0.000000,    0.068414,   -0.000000,   -0.000000
   21     0.000000,   -0.000000,    0.000000,    0.000000,   -0.000000
   22     0.000000,   -0.000010,    0.000000,    0.000000,   -0.000004
   23    -0.000000,   -0.000000,   -0.000013,   -0.000000,   -0.000000
   24    -0.000010,   -0.000000,   -0.000000,   -0.000004,   -0.000000
   25     0.000000,   -0.000000,    0.000000,    0.000000,   -0.000000
   26    -0.000000,   -0.000000,   -0.000000,   -0.000000,   -0.000000
   27     0.000000,    0.000403,   -0.000000,    0.000000,    0.000118
   28     0.000000,    0.000000,    0.001329,    0.000000,    0.000000
   29     0.000403,   -0.000000,   -0.000000,    0.000118,   -0.000000
   30    -0.000000,    0.000000,   -0.000000,   -0.000000,    0.000000
   31     0.000000,    0.000000,    0.000000,    0.000000,    0.000000
   32    -0.000000,   -0.002255,    0.000000,   -0.000000,   -0.000220
   33    -0.000000,   -0.000000,   -0.018047,   -0.000000,   -0.000000
   34    -0.002255,    0.000000,    0.000000,   -0.000220,    0.000000
   35     0.000000,   -0.000000,   -0.000000,    0.000000,   -0.000000
   36     0.000000,   -0.000000,    0.000000,    0.000000,   -0.000000
   37     0.000000,   -0.008412,    0.000000,    0.000000,   -0.002829
   38    -0.000000,    0.000000,   -0.022065,   -0.000000,    0.000000
   39    -0.008412,    0.000000,   -0.000000,   -0.002829,    0.000000
   40    -0.000000,    0.000000,   -0.000000,   -0.000000,    0.000000
   41     0.000000,   -0.000000,   -0.000000,    0.000000,   -0.000000
   42    -0.000000,   -0.000000,    0.000000,   -0.000000,   -0.000000
   43     0.000000,    0.003820,    0.000000,    0.000000,    0.001300
   44     0.000000,    0.000000,    0.008965,    0.000000,    0.000000
   45     0.003820,    0.000000,    0.000000,    0.001300,    0.000000
   46    -0.000000,    0.000000,   -0.000000,   -0.000000,    0.000000
   47     0.000000,   -0.000000,   -0.000000,    0.000000,   -0.000000
   48     0.000000,    0.000000,   -0.003289,   -0.000000,   -0.000000
   49    -0.000000,    0.000000,   -0.001601,    0.000000,   -0.000000
   50     0.000000,   -0.000000,    0.015249,   -0.000000,    0.000000
   51     0.000000,    0.000000,   -0.029951,    0.000000,   -0.000000
   52     0.000000,   -0.000000,    0.042131,    0.000000,   -0.000000
   53     0.022386,    0.000000,   -0.000000,    0.018860,    0.000000
   54     0.000000,    0.022386,   -0.000000,    0.000000,    0.018860
   55     0.000000,    0.000000,    0.112082,   -0.000000,    0.000000
   56     0.010742,   -0.000000,   -0.000000,    0.008856,    0.000000
   57     0.000000,    0.010742,   -0.000000,    0.000000,    0.008856
   58     0.000000,    0.000000,    0.052330,   -0.000000,    0.000000
   59    -0.033360,   -0.000000,    0.000000,   -0.027623,    0.000000
   60    -0.000000,   -0.033360,    0.000000,    0.000000,   -0.027623
   61    -0.000000,   -0.000000,   -0.146784,    0.000000,    0.000000
   62    -0.055645,   -0.000000,   -0.000000,   -0.050371,    0.000000
   63    -0.000000,   -0.055645,    0.000000,   -0.000000,   -0.050371
   64    -0.000000,   -0.000000,   -0.292060,    0.000000,   -0.000000
   65    -0.068873,   -0.000000,   -0.000000,   -0.046499,   -0.000000
   66    -0.000000,   -0.068873,    0.000000,   -0.000000,   -0.046499
   67    -0.000000,   -0.000000,   -0.129766,    0.000000,   -0.000000
   68    -0.000000,    0.000000,   -0.000000,   -0.000000,    0.000000
   69    -0.000000,    0.032071,   -0.000000,   -0.000000,    0.013960
   70    -0.000000,   -0.000000,   -0.011715,   -0.000000,   -0.000000
   71     0.032071,   -0.000000,   -0.000000,    0.013960,   -0.000000
   72     0.000000,   -0.000000,    0.000000,    0.000000,   -0.000000
   73    -0.000000,    0.000000,   -0.000000,    0.000000,    0.000000
   74    -0.000000,    0.004470,    0.000000,   -0.000000,    0.001972
   75    -0.000000,    0.000000,   -0.002950,   -0.000000,    0.000000
   76     0.004470,    0.000000,    0.000000,    0.001972,   -0.000000
   77     0.000000,    0.000000,    0.000000,    0.000000,    0.000000
   78     0.000000,   -0.000000,   -0.000000,    0.000000,   -0.000000
   79    -0.000000,    0.017755,   -0.000000,   -0.000000,    0.007841
   80    -0.000000,    0.000000,   -0.014562,   -0.000000,    0.000000
   81     0.017755,   -0.000000,    0.000000,    0.007841,   -0.000000
   82     0.000000,   -0.000000,   -0.000000,    0.000000,   -0.000000
   83     0.000000,    0.000000,   -0.000000,    0.000000,   -0.000000
   84    -0.000000,    0.000000,    0.000000,   -0.000000,    0.000000
   85     0.000000,    0.006074,   -0.000000,    0.000000,    0.002577
   86     0.000000,    0.000000,   -0.003133,    0.000000,    0.000000
   87     0.006074,    0.000000,   -0.000000,    0.002577,    0.000000
   88     0.000000,    0.000000,   -0.000000,    0.000000,    0.000000
   89    -0.000000,   -0.000000,    0.000000,    0.000000,   -0.000000
                20,          21,          22,          23,          24
    0     0.000007,    0.000000,    0.000000,    0.000000,    0.000000
    1    -0.000133,   -0.000000,   -0.000000,    0.000000,   -0.000000
    2    -0.003233,   -0.000000,   -0.000000,   -0.000005,   -0.000000
    3    -0.028253,   -0.000000,   -0.000000,   -0.000051,   -0.000000
    4     0.080130,    0.000000,    0.000000,    0.000138,    0.000000
    5     0.031060,    0.000000,    0.000000,    0.000041,    0.000000
    6     0.000000,    0.000000,    0.000000,   -0.000000,   -0.000000
    7    -0.000000,   -0.000000,   -0.000000,   -0.000000,   -0.000000
    8     0.000307,    0.000000,    0.000000,   -0.000000,   -0.000000
    9     0.000000,   -0.000000,   -0.000000,    0.000000,    0.000001
   10     0.000000,    0.000000,    0.000001,    0.000000,    0.000000
   11    -0.007124,   -0.000000,   -0.000000,    0.000002,    0.000000
   12    -0.000000,    0.000000,    0.000000,   -0.000000,   -0.000005
   13    -0.000000,   -0.000000,   -0.000005,   -0.000000,   -0.000000
   14     0.035779,    0.000000,    0.000000,   -0.000008,   -0.000000
   15    -0.000000,    0.000000,    0.000000,   -0.000000,   -0.000010
   16    -0.000000,   -0.000000,   -0.000010,   -0.000000,   -0.000000
   17     0.068414,    0.000000,    0.000000,   -0.000013,   -0.000000
   18    -0.000000,    0.000000,    0.000000,   -0.000000,   -0.000004
   19    -0.000000,   -0.000000,   -0.000004,   -0.000000,   -0.000000
   20     0.019021,    0.000000,    0.000000,    0.000002,    0.000000
   21     0.000000,    0.000000,    0.000000,    0.000000,   -0.000000
   22     0.000000,    0.000000,    0.000000,    0.000000,    0.000000
   23     0.000002,    0.000000,    0.000000,    0.000000,    0.000000
   24     0.000000,   -0.000000,    0.000000,    0.000000,    0.000000
   25     0.000000,    0.000000,    0.000000,    0.000000,   -0.000000
   26    -0.000000,   -0.000000,   -0.000000,   -0.000000,    0.000000
   27    -0.000000,   -0.000000,   -0.000000,    0.000000,   -0.000000
   28     0.000146,   -0.000000,    0.000000,   -0.000001,   -0.000000
   29    -0.000000,    0.000000,   -0.000000,   -0.000000,   -0.000000
   30    -0.000000,   -0.000000,   -0.000000,   -0.000000,    0.000000
   31     0.000000,    0.000000,   -0.000000,    0.000000,   -0.000000
   32     0.000000,    0.000000,    0.000001,   -0.000000,    0.000000
   33    -0.003777,    0.000000,   -0.000000,    0.000003,    0.000000
   34     0.000000,   -0.000000,    0.000000,    0.000000,    0.000001
   35    -0.000000,   -0.000000,    0.000000,   -0.000000,   -0.000000
   36     0.000000,    0.000000,    0.000000,    0.000000,   -0.000000
   37    -0.000000,    0.000000,    0.000001,   -0.000000,    0.000000
   38    -0.006479,   -0.000000,   -0.000000,   -0.000001,   -0.000000
   39    -0.000000,   -0.000000,   -0.000000,    0.000000,    0.000001
   40    -0.000000,   -0.000000,   -0.000000,   -0.000000,    0.000000
   41    -0.000000,    0.000000,    0.000000,   -0.000000,   -0.000000
   42     0.000000,   -0.000000,    0.000000,    0.000000,    0.000000
   43     0.000000,   -0.000000,   -0.000000,    0.000000,   -0.000000
   44     0.002232,    0.000000,    0.000000,   -0.000001,   -0.000000
   45     0.000000,    0.000000,    0.000000,   -0.000000,   -0.000000
   46    -0.000000,   -0.000000,   -0.000000,    0.000000,   -0.000000
   47    -0.000000,    0.000000,    0.000000,   -0.000000,   -0.000000
   48     0.000918,    0.000000,   -0.000000,    0.000008,    0.000000
   49     0.001813,    0.000000,   -0.000000,    0.000009,    0.000000
   50    -0.007143,   -0.000000,    0.000000,   -0.000046,   -0.000000
   51     0.000869,    0.000000,   -0.000000,    0.000040,   -0.000000
   52     0.018247,    0.000000,   -0.000000,    0.000028,   -0.000000
   53     0.000000,   -0.000000,   -0.000000,    0.000000,   -0.000008
   54    -0.000000,    0.000000,   -0.000008,    0.000000,    0.000000
   55     0.027455,    0.000000,    0.000000,    0.000034,    0.000000
   56     0.000000,   -0.000000,   -0.000000,    0.000000,   -0.000004
   57    -0.000000,    0.000000,   -0.000004,    0.000000,    0.000000
   58     0.012843,    0.000000,    0.000000,    0.000017,    0.000000
   59    -0.000000,   -0.000000,   -0.000000,   -0.000000,   -0.000009
   60     0.000000,   -0.000000,   -0.000009,    0.000000,    0.000000
   61    -0.036542,   -0.000000,   -0.000000,    0.000013,    0.000000
   62    -0.000000,    0.000000,   -0.000000,   -0.000000,   -0.000015
   63     0.000000,   -0.000000,   -0.000015,    0.000000,    0.000000
   64    -0.071557,   -0.000000,   -0.000000,    0.000019,    0.000000
   65    -0.000000,    0.000000,   -0.000000,   -0.000000,   -0.000009
   66     0.000000,   -0.000000,   -0.000009,    0.000000,    0.000000
   67    -0.031675,   -0.000000,   -0.000000,    0.000009,    0.000000
   68    -0.000000,    0.000000,    0.000000,    0.000000,   -0.000000
   69    -0.000000,   -0.000000,   -0.000001,   -0.000000,   -0.000000
   70    -0.001822,    0.000000,    0.000000,    0.000004,    0.000000
   71    -0.000000,    0.000000,    0.000000,   -0.000000,   -0.000001
   72     0.000000,   -0.000000,   -0.000000,    0.000000,    0.000000
   73    -0.000000,    0.000000,   -0.000000,   -0.000000,    0.000000
   74     0.000000,   -0.000000,   -0.000000,   -0.000000,   -0.000000
   75    -0.000643,   -0.000000,   -0.000000,    0.000000,    0.000000
   76     0.000000,    0.000000,    0.000000,   -0.000000,   -0.000000
   77     0.000000,   -0.000000,    0.000000,    0.000000,    0.000000
   78    -0.000000,    0.000000,    0.000000,   -0.000000,   -0.000000
   79    -0.000000,   -0.000000,   -0.000000,   -0.000000,   -0.000000
   80    -0.003208,   -0.000000,   -0.000000,    0.000002,    0.000000
   81     0.000000,    0.000000,    0.000000,   -0.000000,   -0.000000
   82    -0.000000,   -0.000000,   -0.000000,    0.000000,    0.000000
   83     0.000000,   -0.000000,   -0.000000,    0.000000,    0.000000
   84     0.000000,    0.000000,   -0.000000,    0.000000,   -0.000000
   85    -0.000000,   -0.000000,   -0.000000,   -0.000000,   -0.000000
   86    -0.000504,    0.000000,   -0.000000,    0.000001,    0.000000
   87    -0.000000,    0.000000,    0.000000,   -0.000000,   -0.000000
   88    -0.000000,   -0.000000,    0.000000,    0.000000,   -0.000000
   89     0.000000,    0.000000,   -0.000000,   -0.000000,    0.000000
                25,          26,          27,          28,          29
    0     0.000000,   -0.000000,    0.000000,   -0.000001,   -0.000000
    1    -0.000000,    0.000000,    0.000000,   -0.000002,    0.000000
    2    -0.000000,    0.000000,   -0.000000,    0.000170,    0.000000
    3    -0.000000,    0.000000,   -0.000000,    0.001806,    0.000000
    4     0.000000,   -0.000000,    0.000000,   -0.004809,   -0.000000
    5     0.000000,   -0.000000,   -0.000000,   -0.001371,   -0.000000
    6     0.000000,   -0.000000,    0.000000,    0.000000,    0.000002
    7    -0.000000,   -0.000000,    0.000002,    0.000000,   -0.000000
    8     0.000000,   -0.000000,   -0.000000,    0.000006,   -0.000000
    9    -0.000000,    0.000000,   -0.000000,   -0.000000,   -0.000043
   10     0.000000,    0.000000,   -0.000043,   -0.000000,    0.000000
   11    -0.000000,    0.000000,    0.000000,   -0.000148,    0.000000
   12     0.000000,   -0.000000,    0.000000,    0.000000,    0.000218
   13    -0.000000,   -0.000000,    0.000218,    0.000000,   -0.000000
   14     0.000000,   -0.000000,   -0.000000,    0.000743,   -0.000000
   15     0.000000,   -0.000000,    0.000000,    0.000000,    0.000403
   16    -0.000000,   -0.000000,    0.000403,    0.000000,   -0.000000
   17     0.000000,   -0.000000,   -0.000000,    0.001329,   -0.000000
   18     0.000000,   -0.000000,    0.000000,    0.000000,    0.000118
   19    -0.000000,   -0.000000,    0.000118,    0.000000,   -0.000000
   20     0.000000,   -0.000000,   -0.000000,    0.000146,   -0.000000
   21     0.000000,   -0.000000,   -0.000000,   -0.000000,    0.000000
   22     0.000000,   -0.000000,   -0.000000,    0.000000,   -0.000000
   23     0.000000,   -0.000000,    0.000000,   -0.000001,   -0.000000
   24    -0.000000,    0.000000,   -0.000000,   -0.000000,   -0.000000
   25     0.000000,   -0.000000,   -0.000000,   -0.000000,   -0.000000
   26    -0.000000,    0.000000,    0.000000,    0.000000,   -0.000000
   27    -0.000000,    0.000000,    0.000004,   -0.000000,   -0.000000
   28    -0.000000,    0.000000,   -0.000000,    0.000032,    0.000000
   29    -0.000000,   -0.000000,   -0.000000,    0.000000,    0.000004
   30    -0.000000,    0.000000,    0.000000,    0.000000,   -0.000000
   31     0.000000,   -0.000000,   -0.000000,   -0.000000,    0.000000
   32     0.000000,   -0.000000,   -0.000048,    0.000000,    0.000000
   33     0.000000,   -0.000000,    0.000000,   -0.000201,    0.000000
   34     0.000000,    0.000000,    0.000000,   -0.000000,   -0.000048
   35    -0.000000,    0.000000,   -0.000000,    0.000000,    0.000000
   36     0.000000,    0.000000,   -0.000000,   -0.000000,   -0.000000
   37     0.000000,   -0.000000,   -0.000061,    0.000000,    0.000000
   38    -0.000000,    0.000000,    0.000000,   -0.000030,    0.000000
   39    -0.000000,    0.000000,    0.000000,   -0.000000,   -0.000061
   40    -0.000000,    0.000000,    0.000000,    0.000000,   -0.000000
   41     0.000000,    0.000000,   -0.000000,    0.000000,   -0.000000
   42     0.000000,    0.000000,   -0.000000,   -0.000000,   -0.000000
   43    -0.000000,    0.000000,    0.000027,   -0.000000,   -0.000000
   44     0.000000,   -0.000000,   -0.000000,    0.000061,   -0.000000
   45     0.000000,   -0.000000,   -0.000000,    0.000000,    0.000027
   46    -0.000000,    0.000000,    0.000000,   -0.000000,    0.000000
   47     0.000000,   -0.000000,   -0.000000,    0.000000,    0.000000
   48    -0.000000,   -0.000000,    0.000000,   -0.000411,   -0.000000
   49    -0.000000,   -0.000000,    0.000000,   -0.000335,    0.000000
   50     0.000000,    0.000000,   -0.000000,    0.002071,    0.000000
   51    -0.000000,    0.000000,    0.000000,   -0.002692,   -0.000000
   52     0.000000,    0.000000,    0.000000,   -0.001587,   -0.000000
   53     0.000000,    0.000000,   -0.000000,   -0.000000,   -0.000367
   54    -0.000000,    0.000000,   -0.000367,   -0.000000,    0.000000
   55     0.000000,    0.000000,   -0.000000,   -0.000222,   -0.000000
   56     0.000000,    0.000000,   -0.000000,   -0.000000,   -0.000164
   57    -0.000000,    0.000000,   -0.000164,   -0.000000,    0.000000
   58     0.000000,    0.000000,   -0.000000,   -0.000122,   -0.000000
   59    -0.000000,    0.000000,   -0.000000,    0.000000,    0.000746
   60     0.000000,    0.000000,    0.000746,   -0.000000,    0.000000
   61    -0.000000,    0.000000,    0.000000,   -0.000816,    0.000000
   62    -0.000000,   -0.000000,   -0.000000,    0.000000,    0.001473
   63     0.000000,    0.000000,    0.001473,   -0.000000,    0.000000
   64    -0.000000,    0.000000,    0.000000,   -0.001566,    0.000000
   65    -0.000000,   -0.000000,   -0.000000,    0.000000,    0.000885
   66     0.000000,    0.000000,    0.000885,   -0.000000,    0.000000
   67     0.000000,    0.000000,    0.000000,   -0.000681,    0.000000
   68    -0.000000,   -0.000000,   -0.000000,   -0.000000,    0.000000
   69    -0.000000,   -0.000000,    0.000045,    0.000000,   -0.000000
   70     0.000000,   -0.000000,    0.000000,   -0.000176,    0.000000
   71     0.000000,   -0.000000,    0.000000,    0.000000,    0.000045
   72    -0.000000,    0.000000,    0.000000,   -0.000000,   -0.000000
   73    -0.000000,   -0.000000,   -0.000000,    0.000000,   -0.000000
   74    -0.000000,   -0.000000,    0.000005,    0.000000,   -0.000000
   75     0.000000,   -0.000000,    0.000000,   -0.000026,    0.000000
   76     0.000000,   -0.000000,    0.000000,    0.000000,    0.000005
   77    -0.000000,    0.000000,   -0.000000,   -0.000000,   -0.000000
   78     0.000000,   -0.000000,   -0.000000,    0.000000,    0.000000
   79    -0.000000,   -0.000000,    0.000018,    0.000000,   -0.000000
   80     0.000000,   -0.000000,    0.000000,   -0.000127,    0.000000
   81     0.000000,   -0.000000,    0.000000,    0.000000,    0.000018
   82    -0.000000,    0.000000,    0.000000,   -0.000000,   -0.000000
   83    -0.000000,    0.000000,    0.000000,   -0.000000,   -0.000000
   84    -0.000000,   -0.000000,    0.000000,   -0.000000,    0.000000
   85    -0.000000,   -0.000000,    0.000012,    0.000000,   -0.000000
   86     0.000000,   -0.000000,    0.000000,   -0.000048,    0.000000
   87     0.000000,   -0.000000,    0.000000,    0.000000,    0.000012
   88    -0.000000,    0.000000,   -0.000000,   -0.000000,   -0.000000
   89     0.000000,   -0.000000,    0.000000,    0.000000,   -0.000000
                30,          31,          32,          33,          34
    0    -0.000000,    0.000000,   -0.000000,    0.000006,   -0.000000
    1     0.000000,   -0.000000,    0.000000,    0.000034,   -0.000000
    2     0.000000,   -0.000000,    0.000000,   -0.000402,    0.000000
    3     0.000000,   -0.000000,    0.000000,   -0.005290,    0.000000
    4    -0.000000,    0.000000,   -0.000000,    0.013268,   -0.000000
    5    -0.000000,    0.000000,   -0.000000,    0.002495,   -0.000000
    6    -0.000000,    0.000000,   -0.000000,   -0.000000,   -0.000011
    7     0.000000,    0.000000,   -0.000011,   -0.000000,    0.000000
    8    -0.000000,    0.000000,    0.000000,   -0.000084,    0.000000
    9     0.000000,   -0.000000,    0.000000,    0.000000,    0.000249
   10    -0.000000,   -0.000000,    0.000249,    0.000000,   -0.000000
   11     0.000000,   -0.000000,   -0.000000,    0.001937,   -0.000000
   12    -0.000000,    0.000000,   -0.000000,   -0.000000,   -0.001199
   13     0.000000,    0.000000,   -0.001199,   -0.000000,    0.000000
   14    -0.000000,    0.000000,    0.000000,   -0.009712,    0.000000
   15    -0.000000,    0.000000,   -0.000000,   -0.000000,   -0.002255
   16     0.000000,    0.000000,   -0.002255,   -0.000000,    0.000000
   17    -0.000000,    0.000000,    0.000000,   -0.018047,    0.000000
   18    -0.000000,    0.000000,   -0.000000,   -0.000000,   -0.000220
   19     0.000000,    0.000000,   -0.000220,   -0.000000,    0.000000
   20    -0.000000,    0.000000,    0.000000,   -0.003777,    0.000000
   21    -0.000000,    0.000000,    0.000000,    0.000000,   -0.000000
   22    -0.000000,   -0.000000,    0.000001,   -0.000000,    0.000000
   23    -0.000000,    0.000000,   -0.000000,    0.000003,    0.000000
   24     0.000000,   -0.000000,    0.000000,    0.000000,    0.000001
   25    -0.000000,    0.000000,    0.000000,    0.000000,    0.000000
   26     0.000000,   -0.000000,   -0.000000,   -0.000000,    0.000000
   27     0.000000,   -0.000000,   -0.000048,    0.000000,    0.000000
   28     0.000000,   -0.000000,    0.000000,   -0.000201,   -0.000000
   29    -0.000000,    0.000000,    0.000000,    0.000000,   -0.000048
   30     0.000000,   -0.000000,   -0.000000,   -0.000000,   -0.000000
   31    -0.000000,    0.000000,    0.000000,   -0.000000,   -0.000000
   32    -0.000000,    0.000000,    0.000604,   -0.000000,   -0.000000
   33    -0.000000,   -0.000000,   -0.000000,    0.001732,   -0.000000
   34    -0.000000,   -0.000000,   -0.000000,   -0.000000,    0.000604
   35     0.000000,   -0.000000,    0.000000,   -0.000000,   -0.000000
   36    -0.000000,   -0.000000,   -0.000000,   -0.000000,    0.000000
   37    -0.000000,   -0.000000,    0.000740,   -0.000000,   -0.000000
   38     0.000000,   -0.000000,   -0.000000,    0.001200,   -0.000000
   39     0.000000,   -0.000000,    0.000000,    0.000000,    0.000740
   40     0.000000,   -0.000000,   -0.000000,   -0.000000,    0.000000
   41    -0.000000,   -0.000000,    0.000000,   -0.000000,    0.000000
   42    -0.000000,   -0.000000,    0.000000,   -0.000000,    0.000000
   43     0.000000,    0.000000,   -0.000324,    0.000000,    0.000000
   44    -0.000000,    0.000000,    0.000000,   -0.000702,    0.000000
   45    -0.000000,    0.000000,   -0.000000,   -0.000000,   -0.000324
   46     0.000000,   -0.000000,   -0.000000,    0.000000,   -0.000000
   47    -0.000000,    0.000000,    0.000000,    0.000000,   -0.000000
   48     0.000000,    0.000000,   -0.000000,    0.002286,    0.000000
   49     0.000000,   -0.000000,   -0.000000,    0.001945,   -0.000000
   50    -0.000000,   -0.000000,    0.000000,   -0.012506,   -0.000000
   51     0.000000,   -0.000000,   -0.000000,    0.017470,    0.000000
   52    -0.000000,   -0.000000,   -0.000000,    0.007598,    0.000000
   53    -0.000000,   -0.000000,    0.000000,    0.000000,    0.007095
   54     0.000000,   -0.000000,    0.007095,    0.000000,   -0.000000
   55    -0.000000,    0.000000,    0.000000,   -0.006579,    0.000000
   56    -0.000000,   -0.000000,    0.000000,    0.000000,    0.003263
   57     0.000000,   -0.000000,    0.003263,    0.000000,   -0.000000
   58    -0.000000,    0.000000,    0.000000,   -0.003047,    0.000000
   59     0.000000,    0.000000,    0.000000,   -0.000000,   -0.009378
   60     0.000000,   -0.000000,   -0.009378,    0.000000,   -0.000000
   61     0.000000,   -0.000000,   -0.000000,    0.009711,   -0.000000
   62     0.000000,    0.000000,    0.000000,   -0.000000,   -0.018980
   63    -0.000000,   -0.000000,   -0.018980,    0.000000,    0.000000
   64     0.000000,   -0.000000,   -0.000000,    0.019642,   -0.000000
   65     0.000000,    0.000000,    0.000000,   -0.000000,   -0.011534
   66    -0.000000,   -0.000000,   -0.011534,    0.000000,   -0.000000
   67     0.000000,   -0.000000,   -0.000000,    0.008529,   -0.000000
   68     0.000000,    0.000000,    0.000000,    0.000000,   -0.000000
   69     0.000000,    0.000000,   -0.000427,   -0.000000,    0.000000
   70    -0.000000,    0.000000,   -0.000000,    0.001249,   -0.000000
   71    -0.000000,    0.000000,   -0.000000,   -0.000000,   -0.000427
   72     0.000000,   -0.000000,   -0.000000,    0.000000,    0.000000
   73     0.000000,    0.000000,    0.000000,    0.000000,    0.000000
   74     0.000000,    0.000000,   -0.000039,   -0.000000,    0.000000
   75    -0.000000,   -0.000000,   -0.000000,    0.000240,   -0.000000
   76    -0.000000,    0.000000,   -0.000000,   -0.000000,   -0.000039
   77     0.000000,   -0.000000,    0.000000,    0.000000,    0.000000
   78    -0.000000,    0.000000,    0.000000,   -0.000000,   -0.000000
   79     0.000000,    0.000000,   -0.000151,    0.000000,    0.000000
   80    -0.000000,   -0.000000,   -0.000000,    0.001198,   -0.000000
   81    -0.000000,    0.000000,   -0.000000,   -0.000000,   -0.000151
   82     0.000000,   -0.000000,   -0.000000,    0.000000,    0.000000
   83     0.000000,   -0.000000,   -0.000000,    0.000000,    0.000000
   84    -0.000000,    0.000000,   -0.000000,    0.000000,   -0.000000
   85     0.000000,    0.000000,   -0.000132,    0.000000,    0.000000
   86    -0.000000,    0.000000,    0.000000,    0.000344,   -0.000000
   87    -0.000000,    0.000000,   -0.000000,    0.000000,   -0.000132
   88     0.000000,   -0.000000,    0.000000,    0.000000,    0.000000
   89     0.000000,    0.000000,   -0.000000,   -0.000000,    0.000000
                35,          36,          37,          38,          39
    0    -0.000000,    0.000000,    0.000000,   -0.000005,    0.000000
    1     0.000000,   -0.000000,    0.000000,    0.000048,    0.000000
    2     0.000000,   -0.000000,    0.000000,    0.001620,   -0.000000
    3     0.000000,   -0.000000,   -0.000000,    0.014851,   -0.000000
    4    -0.000000,    0.000000,    0.000000,   -0.041653,    0.000000
    5    -0.000000,    0.000000,   -0.000000,   -0.014604,    0.000000
    6     0.000000,    0.000000,    0.000000,   -0.000000,   -0.000039
    7    -0.000000,   -0.000000,   -0.000039,    0.000000,    0.000000
    8    -0.000000,    0.000000,   -0.000000,   -0.000098,   -0.000000
    9    -0.000000,   -0.000000,   -0.000000,    0.000000,    0.000899
   10     0.000000,    0.000000,    0.000899,   -0.000000,   -0.000000
   11     0.000000,   -0.000000,    0.000000,    0.002285,    0.000000
   12     0.000000,    0.000000,    0.000000,   -0.000000,   -0.004572
   13    -0.000000,   -0.000000,   -0.004572,    0.000000,    0.000000
   14    -0.000000,    0.000000,   -0.000000,   -0.011389,   -0.000000
   15     0.000000,    0.000000,    0.000000,   -0.000000,   -0.008412
   16    -0.000000,   -0.000000,   -0.008412,    0.000000,    0.000000
   17    -0.000000,    0.000000,    0.000000,   -0.022065,   -0.000000
   18     0.000000,    0.000000,    0.000000,   -0.000000,   -0.002829
   19    -0.000000,   -0.000000,   -0.002829,    0.000000,    0.000000
   20    -0.000000,    0.000000,   -0.000000,   -0.006479,   -0.000000
   21    -0.000000,    0.000000,    0.000000,   -0.000000,   -0.000000
   22     0.000000,    0.000000,    0.000001,   -0.000000,   -0.000000
   23    -0.000000,    0.000000,   -0.000000,   -0.000001,    0.000000
   24    -0.000000,   -0.000000,    0.000000,   -0.000000,    0.000001
   25    -0.000000,    0.000000,    0.000000,   -0.000000,   -0.000000
   26     0.000000,    0.000000,   -0.000000,    0.000000,    0.000000
   27    -0.000000,   -0.000000,   -0.000061,    0.000000,    0.000000
   28     0.000000,   -0.000000,    0.000000,   -0.000030,   -0.000000
   29     0.000000,   -0.000000,    0.000000,    0.000000,   -0.000061
   30     0.000000,   -0.000000,   -0.000000,    0.000000,    0.000000
   31    -0.000000,   -0.000000,   -0.000000,   -0.000000,   -0.000000
   32     0.000000,   -0.000000,    0.000740,   -0.000000,    0.000000
   33    -0.000000,   -0.000000,   -0.000000,    0.001200,    0.000000
   34    -0.000000,    0.000000,   -0.000000,   -0.000000,    0.000740
   35     0.000000,   -0.000000,    0.000000,    0.000000,   -0.000000
   36    -0.000000,    0.000000,    0.000000,   -0.000000,    0.000000
   37     0.000000,    0.000000,    0.000956,   -0.000000,    0.000000
   38     0.000000,   -0.000000,   -0.000000,    0.002471,    0.000000
   39    -0.000000,    0.000000,    0.000000,    0.000000,    0.000956
   40     0.000000,   -0.000000,   -0.000000,    0.000000,    0.000000
   41     0.000000,    0.000000,    0.000000,    0.000000,   -0.000000
   42    -0.000000,    0.000000,    0.000000,   -0.000000,    0.000000
   43    -0.000000,   -0.000000,   -0.000420,    0.000000,   -0.000000
   44    -0.000000,    0.000000,    0.000000,   -0.000812,   -0.000000
   45     0.000000,   -0.000000,   -0.000000,   -0.000000,   -0.000420
   46     0.000000,   -0.000000,   -0.000000,    0.000000,   -0.000000
   47     0.000000,    0.000000,    0.000000,    0.000000,   -0.000000
   48     0.000000,   -0.000000,    0.000000,    0.001148,   -0.000000
   49     0.000000,    0.000000,    0.000000,    0.000451,   -0.000000
   50    -0.000000,   -0.000000,   -0.000000,   -0.005132,    0.000000
   51     0.000000,    0.000000,    0.000000,    0.012158,   -0.000000
   52     0.000000,    0.000000,    0.000000,    0.001035,   -0.000000
   53     0.000000,    0.000000,   -0.000000,    0.000000,    0.008770
   54    -0.000000,    0.000000,    0.008770,    0.000000,   -0.000000
   55    -0.000000,    0.000000,    0.000000,   -0.005196,   -0.000000
   56     0.000000,    0.000000,   -0.000000,    0.000000,    0.004042
   57    -0.000000,    0.000000,    0.004042,    0.000000,   -0.000000
   58    -0.000000,    0.000000,    0.000000,   -0.002393,   -0.000000
   59    -0.000000,   -0.000000,   -0.000000,   -0.000000,   -0.010830
   60    -0.000000,    0.000000,   -0.010830,    0.000000,   -0.000000
   61     0.000000,   -0.000000,   -0.000000,    0.011138,    0.000000
   62    -0.000000,   -0.000000,   -0.000000,   -0.000000,   -0.022136
   63    -0.000000,    0.000000,   -0.022136,    0.000000,   -0.000000
   64     0.000000,   -0.000000,   -0.000000,    0.020862,    0.000000
   65    -0.000000,   -0.000000,   -0.000000,   -0.000000,   -0.013136
   66    -0.000000,    0.000000,   -0.013136,    0.000000,   -0.000000
   67     0.000000,   -0.000000,    0.000000,    0.008903,    0.000000
   68     0.000000,   -0.000000,    0.000000,    0.000000,   -0.000000
   69    -0.000000,   -0.000000,   -0.000791,    0.000000,   -0.000000
   70    -0.000000,   -0.000000,    0.000000,    0.000200,    0.000000
   71     0.000000,    0.000000,   -0.000000,    0.000000,   -0.000791
   72     0.000000,    0.000000,   -0.000000,    0.000000,    0.000000
   73     0.000000,   -0.000000,    0.000000,    0.000000,    0.000000
   74    -0.000000,   -0.000000,   -0.000086,    0.000000,   -0.000000
   75    -0.000000,   -0.000000,   -0.000000,    0.000171,    0.000000
   76     0.000000,    0.000000,   -0.000000,   -0.000000,   -0.000086
   77     0.000000,    0.000000,    0.000000,    0.000000,    0.000000
   78    -0.000000,   -0.000000,    0.000000,   -0.000000,   -0.000000
   79    -0.000000,   -0.000000,   -0.000336,    0.000000,   -0.000000
   80    -0.000000,   -0.000000,   -0.000000,    0.000899,    0.000000
   81     0.000000,    0.000000,   -0.000000,   -0.000000,   -0.000336
   82     0.000000,    0.000000,   -0.000000,    0.000000,    0.000000
   83    -0.000000,    0.000000,   -0.000000,    0.000000,    0.000000
   84     0.000000,   -0.000000,   -0.000000,   -0.000000,   -0.000000
   85    -0.000000,   -0.000000,   -0.000210,    0.000000,   -0.000000
   86    -0.000000,   -0.000000,    0.000000,    0.000086,    0.000000
   87     0.000000,    0.000000,   -0.000000,    0.000000,   -0.000210
   88     0.000000,   -0.000000,    0.000000,    0.000000,    0.000000
   89    -0.000000,   -0.000000,   -0.000000,   -0.000000,    0.000000
                40,          41,          42,          43,          44
    0    -0.000000,   -0.000000,    0.000000,   -0.000000,   -0.000000
    1     0.000000,    0.000000,   -0.000000,   -0.000000,   -0.000019
    2     0.000000,    0.000000,   -0.000000,   -0.000000,   -0.000227
    3     0.000000,    0.000000,   -0.000000,   -0.000000,   -0.001668
    4    -0.000000,   -0.000000,    0.000000,    0.000000,    0.005099
    5    -0.000000,   -0.000000,    0.000000,    0.000000,    0.002300
    6    -0.000000,    0.000000,   -0.000000,    0.000000,    0.000000
    7     0.000000,   -0.000000,   -0.000000,    0.000018,    0.000000
    8    -0.000000,   -0.000000,    0.000000,    0.000000,    0.000041
    9     0.000000,   -0.000000,    0.000000,   -0.000000,   -0.000000
   10    -0.000000,    0.000000,    0.000000,   -0.000408,   -0.000000
   11     0.000000,    0.000000,   -0.000000,   -0.000000,   -0.000946
   12    -0.000000,    0.000000,   -0.000000,    0.000000,    0.000000
   13     0.000000,   -0.000000,   -0.000000,    0.002077,    0.000000
   14    -0.000000,   -0.000000,    0.000000,    0.000000,    0.004723
   15    -0.000000,    0.000000,   -0.000000,    0.000000,    0.000000
   16     0.000000,   -0.000000,   -0.000000,    0.003820,    0.000000
   17    -0.000000,   -0.000000,    0.000000,    0.000000,    0.008965
   18    -0.000000,    0.000000,   -0.000000,    0.000000,    0.000000
   19     0.000000,   -0.000000,   -0.000000,    0.001300,    0.000000
   20    -0.000000,   -0.000000,    0.000000,    0.000000,    0.002232
   21    -0.000000,    0.000000,   -0.000000,   -0.000000,    0.000000
   22    -0.000000,    0.000000,    0.000000,   -0.000000,    0.000000
   23    -0.000000,   -0.000000,    0.000000,    0.000000,   -0.000001
   24     0.000000,   -0.000000,    0.000000,   -0.000000,   -0.000000
   25    -0.000000,    0.000000,    0.000000,   -0.000000,    0.000000
   26     0.000000,    0.000000,    0.000000,    0.000000,   -0.000000
   27     0.000000,   -0.000000,   -0.000000,    0.000027,   -0.000000
   28     0.000000,    0.000000,   -0.000000,   -0.000000,    0.000061
   29    -0.000000,   -0.000000,   -0.000000,   -0.000000,   -0.000000
   30     0.000000,   -0.000000,   -0.000000,    0.000000,   -0.000000
   31    -0.000000,   -0.000000,   -0.000000,    0.000000,    0.000000
   32    -0.000000,    0.000000,    0.000000,   -0.000324,    0.000000
   33    -0.000000,   -0.000000,   -0.000000,    0.000000,   -0.000702
   34     0.000000,    0.000000,    0.000000,    0.000000,    0.000000
   35     0.000000,    0.000000,   -0.000000,   -0.000000,   -0.000000
   36    -0.000000,    0.000000,    0.000000,   -0.000000,    0.000000
   37    -0.000000,    0.000000,    0.000000,   -0.000420,    0.000000
   38     0.000000,    0.000000,   -0.000000,    0.000000,   -0.000812
   39     0.000000,   -0.000000,    0.000000,   -0.000000,   -0.000000
   40     0.000000,   -0.000000,   -0.000000,    0.000000,   -0.000000
   41    -0.000000,    0.000000,    0.000000,   -0.000000,   -0.000000
   42    -0.000000,    0.000000,    0.000000,   -0.000000,    0.000000
   43     0.000000,   -0.000000,   -0.000000,    0.000185,   -0.000000
   44    -0.000000,   -0.000000,    0.000000,   -0.000000,    0.000352
   45    -0.000000,    0.000000,   -0.000000,    0.000000,    0.000000
   46     0.000000,   -0.000000,   -0.000000,    0.000000,   -0.000000
   47    -0.000000,    0.000000,   -0.000000,   -0.000000,   -0.000000
   48    -0.000000,    0.000000,    0.000000,    0.000000,   -0.001081
   49    -0.000000,    0.000000,    0.000000,    0.000000,   -0.000857
   50     0.000000,   -0.000000,   -0.000000,   -0.000000,    0.005716
   51     0.000000,    0.000000,   -0.000000,    0.000000,   -0.008553
   52    -0.000000,   -0.000000,    0.000000,    0.000000,   -0.003183
   53    -0.000000,    0.000000,    0.000000,    0.000000,   -0.000000
   54     0.000000,   -0.000000,    0.000000,   -0.003488,   -0.000000
   55    -0.000000,   -0.000000,    0.000000,    0.000000,    0.002035
   56    -0.000000,    0.000000,    0.000000,    0.000000,   -0.000000
   57     0.000000,   -0.000000,    0.000000,   -0.001599,   -0.000000
   58    -0.000000,   -0.000000,    0.000000,    0.000000,    0.000926
   59    -0.000000,   -0.000000,   -0.000000,   -0.000000,    0.000000
   60     0.000000,    0.000000,   -0.000000,    0.004767,   -0.000000
   61     0.000000,    0.000000,   -0.000000,   -0.000000,   -0.004656
   62    -0.000000,   -0.000000,   -0.000000,   -0.000000,    0.000000
   63     0.000000,    0.000000,   -0.000000,    0.009669,   -0.000000
   64     0.000000,    0.000000,   -0.000000,   -0.000000,   -0.008955
   65    -0.000000,   -0.000000,   -0.000000,   -0.000000,    0.000000
   66     0.000000,    0.000000,   -0.000000,    0.005735,   -0.000000
   67     0.000000,    0.000000,   -0.000000,   -0.000000,   -0.003826
   68     0.000000,   -0.000000,   -0.000000,   -0.000000,   -0.000000
   69     0.000000,   -0.000000,   -0.000000,    0.000353,   -0.000000
   70    -0.000000,   -0.000000,    0.000000,   -0.000000,   -0.000349
   71    -0.000000,    0.000000,   -0.000000,    0.000000,   -0.000000
   72     0.000000,    0.000000,   -0.000000,    0.000000,   -0.000000
   73     0.000000,   -0.000000,   -0.000000,   -0.000000,   -0.000000
   74     0.000000,   -0.000000,   -0.000000,    0.000039,    0.000000
   75    -0.000000,   -0.000000,   -0.000000,    0.000000,   -0.000094
   76    -0.000000,    0.000000,   -0.000000,    0.000000,    0.000000
   77     0.000000,    0.000000,   -0.000000,   -0.000000,   -0.000000
   78     0.000000,    0.000000,   -0.000000,   -0.000000,    0.000000
   79     0.000000,   -0.000000,   -0.000000,    0.000151,   -0.000000
   80    -0.000000,   -0.000000,   -0.000000,    0.000000,   -0.000483
   81    -0.000000,    0.000000,   -0.000000,    0.000000,    0.000000
   82     0.000000,    0.000000,   -0.000000,    0.000000,   -0.000000
   83     0.000000,   -0.000000,    0.000000,    0.000000,   -0.000000
   84    -0.000000,   -0.000000,   -0.000000,    0.000000,   -0.000000
   85     0.000000,   -0.000000,   -0.000000,    0.000093,   -0.000000
   86    -0.000000,   -0.000000,    0.000000,   -0.000000,   -0.000105
   87    -0.000000,    0.000000,   -0.000000,    0.000000,   -0.000000
   88     0.000000,   -0.000000,   -0.000000,   -0.000000,   -0.000000
   89     0.000000,    0.000000,    0.000000,    0.000000,    0.000000
                45,          46,          47,          48,          49
    0    -0.000000,    0.000000,   -0.000000,    0.000000,    0.000005
    1    -0.000000,    0.000000,    0.000000,    0.000042,    0.000082
    2     0.000000,    0.000000,    0.000000,    0.000414,    0.000529
    3     0.000000,    0.000000,    0.000000,    0.003181,    0.002316
    4    -0.000000,   -0.000000,   -0.000000,   -0.010596,   -0.008090
    5    -0.000000,   -0.000000,   -0.000000,   -0.002631,   -0.004056
    6     0.000018,   -0.000000,    0.000000,   -0.000000,    0.000000
    7     0.000000,    0.000000,   -0.000000,    0.000000,    0.000000
    8     0.000000,   -0.000000,   -0.000000,   -0.000020,   -0.000016
    9    -0.000408,    0.000000,   -0.000000,    0.000000,   -0.000000
   10    -0.000000,   -0.000000,    0.000000,   -0.000000,    0.000000
   11    -0.000000,    0.000000,    0.000000,    0.000441,    0.000331
   12     0.002077,   -0.000000,    0.000000,   -0.000000,    0.000000
   13     0.000000,    0.000000,   -0.000000,    0.000000,   -0.000000
   14     0.000000,   -0.000000,   -0.000000,   -0.001604,   -0.001245
   15     0.003820,   -0.000000,    0.000000,    0.000000,   -0.000000
   16     0.000000,    0.000000,   -0.000000,    0.000000,    0.000000
   17     0.000000,   -0.000000,   -0.000000,   -0.003289,   -0.001601
   18     0.001300,   -0.000000,    0.000000,   -0.000000,    0.000000
   19     0.000000,    0.000000,   -0.000000,   -0.000000,   -0.000000
   20     0.000000,   -0.000000,   -0.000000,    0.000918,    0.001813
   21     0.000000,   -0.000000,    0.000000,    0.000000,    0.000000
   22     0.000000,   -0.000000,    0.000000,   -0.000000,   -0.000000
   23    -0.000000,    0.000000,   -0.000000,    0.000008,    0.000009
   24    -0.000000,   -0.000000,   -0.000000,    0.000000,    0.000000
   25     0.000000,   -0.000000,    0.000000,   -0.000000,   -0.000000
   26    -0.000000,    0.000000,   -0.000000,   -0.000000,   -0.000000
   27    -0.000000,    0.000000,   -0.000000,    0.000000,    0.000000
   28     0.000000,   -0.000000,    0.000000,   -0.000411,   -0.000335
   29     0.000027,    0.000000,    0.000000,   -0.000000,    0.000000
   30    -0.000000,    0.000000,   -0.000000,    0.000000,    0.000000
   31     0.000000,   -0.000000,    0.000000,    0.000000,   -0.000000
   32    -0.000000,   -0.000000,    0.000000,   -0.000000,   -0.000000
   33    -0.000000,    0.000000,    0.000000,    0.002286,    0.001945
   34    -0.000324,   -0.000000,   -0.000000,    0.000000,   -0.000000
   35     0.000000,    0.000000,    0.000000,    0.000000,    0.000000
   36    -0.000000,   -0.000000,    0.000000,   -0.000000,    0.000000
   37    -0.000000,   -0.000000,    0.000000,    0.000000,    0.000000
   38    -0.000000,    0.000000,    0.000000,    0.001148,    0.000451
   39    -0.000420,   -0.000000,   -0.000000,   -0.000000,   -0.000000
   40    -0.000000,    0.000000,   -0.000000,   -0.000000,   -0.000000
   41     0.000000,   -0.000000,    0.000000,    0.000000,    0.000000
   42    -0.000000,   -0.000000,   -0.000000,    0.000000,    0.000000
   43     0.000000,    0.000000,   -0.000000,    0.000000,    0.000000
   44     0.000000,   -0.000000,   -0.000000,   -0.001081,   -0.000857
   45     0.000185,    0.000000,    0.000000,   -0.000000,    0.000000
   46     0.000000,    0.000000,   -0.000000,    0.000000,    0.000000
   47     0.000000,   -0.000000,    0.000000,    0.000000,    0.000000
   48    -0.000000,    0.000000,    0.000000,    2.189472,    0.077559
   49     0.000000,    0.000000,    0.000000,    0.077559,    0.109618
   50    -0.000000,   -0.000000,   -0.000000,   -0.603540,   -0.445687
   51     0.000000,    0.000000,    0.000000,    0.125450,    0.109020
   52     0.000000,   -0.000000,    0.000000,    0.085629,    0.080435
   53    -0.003488,    0.000000,    0.000000,   -0.000000,   -0.000000
   54     0.000000,   -0.000000,   -0.000000,    0.000000,   -0.000000
   55     0.000000,   -0.000000,   -0.000000,    0.003699,    0.003532
   56    -0.001599,    0.000000,    0.000000,    0.000000,   -0.000000
   57     0.000000,   -0.000000,   -0.000000,   -0.000000,   -0.000000
   58     0.000000,   -0.000000,   -0.000000,    0.001563,    0.001607
   59     0.004767,    0.000000,   -0.000000,   -0.000000,    0.000000
   60    -0.000000,    0.000000,    0.000000,    0.000000,    0.000000
   61    -0.000000,    0.000000,    0.000000,   -0.004611,   -0.004740
   62     0.009669,    0.000000,   -0.000000,   -0.000000,   -0.000000
   63    -0.000000,    0.000000,    0.000000,   -0.000000,   -0.000000
   64    -0.000000,    0.000000,    0.000000,   -0.008973,   -0.008646
   65     0.005735,    0.000000,   -0.000000,    0.000000,    0.000000
   66    -0.000000,    0.000000,    0.000000,    0.000000,    0.000000
   67    -0.000000,    0.000000,    0.000000,   -0.006203,   -0.004857
   68     0.000000,    0.000000,   -0.000000,   -0.000000,   -0.000000
   69     0.000000,    0.000000,   -0.000000,    0.000000,    0.000000
   70    -0.000000,    0.000000,   -0.000000,   -0.000026,    0.000619
   71     0.000353,   -0.000000,    0.000000,   -0.000000,    0.000000
   72    -0.000000,   -0.000000,    0.000000,    0.000000,    0.000000
   73    -0.000000,    0.000000,   -0.000000,    0.000000,   -0.000000
   74     0.000000,    0.000000,   -0.000000,   -0.000000,   -0.000000
   75    -0.000000,    0.000000,   -0.000000,   -0.000043,    0.000008
   76     0.000039,   -0.000000,    0.000000,    0.000000,    0.000000
   77    -0.000000,   -0.000000,   -0.000000,    0.000000,    0.000000
   78     0.000000,    0.000000,    0.000000,   -0.000000,   -0.000000
   79     0.000000,    0.000000,   -0.000000,    0.000000,    0.000000
   80    -0.000000,    0.000000,    0.000000,    0.000149,   -0.000134
   81     0.000151,   -0.000000,    0.000000,   -0.000000,   -0.000000
   82    -0.000000,    0.000000,    0.000000,    0.000000,    0.000000
   83    -0.000000,    0.000000,    0.000000,    0.000000,    0.000000
   84     0.000000,   -0.000000,    0.000000,    0.000000,    0.000000
   85     0.000000,    0.000000,   -0.000000,   -0.000000,   -0.000000
   86    -0.000000,    0.000000,   -0.000000,    0.000126,    0.000236
   87     0.000093,   -0.000000,    0.000000,    0.000000,    0.000000
   88    -0.000000,    0.000000,    0.000000,    0.000000,    0.000000
   89    -0.000000,   -0.000000,   -0.000000,   -0.000000,   -0.000000
                50,          51,          52,          53,          54
    0    -0.000020,   -0.000002,    0.000012,   -0.000000,   -0.000000
    1    -0.000397,    0.000311,    0.000074,   -0.000000,   -0.000000
    2    -0.003181,    0.005060,   -0.000763,   -0.000000,   -0.000000
    3    -0.018264,    0.042135,   -0.009505,    0.000000,    0.000000
    4     0.061669,   -0.132843,    0.017769,   -0.000000,   -0.000000
    5     0.020781,   -0.026647,    0.019103,    0.000000,    0.000000
    6    -0.000000,    0.000000,    0.000000,    0.000088,    0.000000
    7    -0.000000,    0.000000,   -0.000000,   -0.000000,    0.000088
    8     0.000113,   -0.000178,    0.000160,   -0.000000,   -0.000000
    9     0.000000,    0.000000,   -0.000000,   -0.002125,   -0.000000
   10     0.000000,   -0.000000,    0.000000,    0.000000,   -0.002125
   11    -0.002427,    0.003869,   -0.003884,   -0.000000,    0.000000
   12     0.000000,   -0.000000,    0.000000,    0.012159,    0.000000
   13     0.000000,   -0.000000,   -0.000000,   -0.000000,    0.012159
   14     0.009152,   -0.014317,    0.022520,    0.000000,   -0.000000
   15     0.000000,    0.000000,    0.000000,    0.022386,    0.000000
   16    -0.000000,    0.000000,   -0.000000,    0.000000,    0.022386
   17     0.015249,   -0.029951,    0.042131,   -0.000000,   -0.000000
   18    -0.000000,    0.000000,    0.000000,    0.018860,    0.000000
   19     0.000000,   -0.000000,   -0.000000,    0.000000,    0.018860
   20    -0.007143,    0.000869,    0.018247,    0.000000,   -0.000000
   21    -0.000000,    0.000000,    0.000000,   -0.000000,    0.000000
   22     0.000000,   -0.000000,   -0.000000,   -0.000000,   -0.000008
   23    -0.000046,    0.000040,    0.000028,    0.000000,    0.000000
   24    -0.000000,   -0.000000,   -0.000000,   -0.000008,    0.000000
   25     0.000000,   -0.000000,    0.000000,    0.000000,   -0.000000
   26     0.000000,    0.000000,    0.000000,    0.000000,    0.000000
   27    -0.000000,    0.000000,    0.000000,   -0.000000,   -0.000367
   28     0.002071,   -0.002692,   -0.001587,   -0.000000,   -0.000000
   29     0.000000,   -0.000000,   -0.000000,   -0.000367,    0.000000
   30    -0.000000,    0.000000,   -0.000000,   -0.000000,    0.000000
   31    -0.000000,   -0.000000,   -0.000000,   -0.000000,   -0.000000
   32     0.000000,   -0.000000,   -0.000000,    0.000000,    0.007095
   33    -0.012506,    0.017470,    0.007598,    0.000000,    0.000000
   34    -0.000000,    0.000000,    0.000000,    0.007095,   -0.000000
   35    -0.000000,    0.000000,    0.000000,    0.000000,   -0.000000
   36    -0.000000,    0.000000,    0.000000,    0.000000,    0.000000
   37    -0.000000,    0.000000,    0.000000,   -0.000000,    0.008770
   38    -0.005132,    0.012158,    0.001035,    0.000000,    0.000000
   39     0.000000,   -0.000000,   -0.000000,    0.008770,   -0.000000
   40     0.000000,    0.000000,   -0.000000,   -0.000000,    0.000000
   41    -0.000000,    0.000000,   -0.000000,    0.000000,   -0.000000
   42    -0.000000,   -0.000000,    0.000000,    0.000000,    0.000000
   43    -0.000000,    0.000000,    0.000000,    0.000000,   -0.003488
   44     0.005716,   -0.008553,   -0.003183,   -0.000000,   -0.000000
   45    -0.000000,    0.000000,    0.000000,   -0.003488,    0.000000
   46    -0.000000,    0.000000,   -0.000000,    0.000000,   -0.000000
   47    -0.000000,    0.000000,    0.000000,    0.000000,   -0.000000
   48    -0.603540,    0.125450,    0.085629,   -0.000000,    0.000000
   49    -0.445687,    0.109020,    0.080435,   -0.000000,   -0.000000
   50     1.929753,   -0.730816,   -0.496526,   -0.000000,   -0.000000
   51    -0.730816,    1.112721,    0.671175,    0.000000,   -0.000000
   52    -0.496526,    0.671175,    0.423519,   -0.000000,   -0.000000
   53    -0.000000,    0.000000,   -0.000000,    1.098695,   -0.000000
   54    -0.000000,   -0.000000,   -0.000000,   -0.000000,    1.098695
   55    -0.021784,    0.031988,    0.035959,   -0.000000,    0.000000
   56    -0.000000,    0.000000,   -0.000000,    0.532595,   -0.000000
   57     0.000000,   -0.000000,   -0.000000,   -0.000000,    0.532595
   58    -0.009873,    0.014506,    0.016436,   -0.000000,   -0.000000
   59     0.000000,   -0.000000,    0.000000,   -0.016141,    0.000000
   60    -0.000000,    0.000000,    0.000000,   -0.000000,   -0.016141
   61     0.028139,   -0.037277,   -0.054724,    0.000000,    0.000000
   62     0.000000,   -0.000000,    0.000000,   -0.256855,    0.000000
   63     0.000000,   -0.000000,   -0.000000,    0.000000,   -0.256855
   64     0.052320,   -0.072312,   -0.104558,    0.000000,   -0.000000
   65    -0.000000,   -0.000000,    0.000000,   -0.145535,   -0.000000
   66    -0.000000,    0.000000,    0.000000,   -0.000000,   -0.145535
   67     0.034034,   -0.056363,   -0.060689,   -0.000000,   -0.000000
   68     0.000000,   -0.000000,   -0.000000,   -0.000000,    0.000000
   69    -0.000000,    0.000000,    0.000000,   -0.000000,   -0.002845
   70    -0.001679,   -0.002817,   -0.002539,   -0.000000,   -0.000000
   71     0.000000,   -0.000000,   -0.000000,   -0.002845,   -0.000000
   72    -0.000000,    0.000000,    0.000000,    0.000000,   -0.000000
   73     0.000000,   -0.000000,   -0.000000,   -0.000000,    0.000000
   74     0.000000,    0.000000,    0.000000,   -0.000000,    0.000000
   75    -0.000007,   -0.000136,   -0.000586,    0.000000,   -0.000000
   76    -0.000000,    0.000000,    0.000000,    0.000000,   -0.000000
   77    -0.000000,    0.000000,    0.000000,   -0.000000,   -0.000000
   78     0.000000,   -0.000000,   -0.000000,   -0.000000,   -0.000000
   79    -0.000000,    0.000000,    0.000000,   -0.000000,   -0.000384
   80    -0.000102,    0.001716,   -0.001565,    0.000000,    0.000000
   81     0.000000,   -0.000000,    0.000000,   -0.000384,   -0.000000
   82    -0.000000,    0.000000,    0.000000,    0.000000,   -0.000000
   83    -0.000000,    0.000000,    0.000000,    0.000000,    0.000000
   84    -0.000000,    0.000000,    0.000000,   -0.000000,   -0.000000
   85     0.000000,   -0.000000,   -0.000000,    0.000000,   -0.001155
   86    -0.001189,    0.000905,    0.000277,   -0.000000,    0.000000
   87    -0.000000,    0.000000,   -0.000000,   -0.001155,   -0.000000
   88    -0.000000,    0.000000,    0.000000,    0.000000,    0.000000
   89     0.000000,   -0.000000,   -0.000000,   -0.000000,   -0.000000
                55,          56,          57,          58,          59
    0    -0.000018,   -0.000000,   -0.000000,   -0.000008,   -0.000000
    1    -0.000229,   -0.000000,   -0.000000,   -0.000108,   -0.000000
    2    -0.000722,   -0.000000,   -0.000000,   -0.000377,   -0.000000
    3     0.000950,    0.000000,    0.000000,    0.000065,   -0.000000
    4     0.000466,   -0.000000,   -0.000000,    0.001218,    0.000000
    5     0.018569,    0.000000,    0.000000,    0.009099,   -0.000000
    6     0.000000,    0.000042,    0.000000,    0.000000,   -0.000140
    7    -0.000000,   -0.000000,    0.000042,   -0.000000,    0.000000
    8     0.000539,   -0.000000,   -0.000000,    0.000252,    0.000000
    9     0.000000,   -0.001022,   -0.000000,    0.000000,    0.003340
   10    -0.000000,    0.000000,   -0.001022,   -0.000000,   -0.000000
   11    -0.012465,   -0.000000,    0.000000,   -0.005832,    0.000000
   12    -0.000000,    0.005821,   -0.000000,   -0.000000,   -0.018973
   13     0.000000,   -0.000000,    0.005821,    0.000000,    0.000000
   14     0.064422,    0.000000,   -0.000000,    0.030160,   -0.000000
   15     0.000000,    0.010742,    0.000000,    0.000000,   -0.033360
   16     0.000000,   -0.000000,    0.010742,    0.000000,   -0.000000
   17     0.112082,   -0.000000,   -0.000000,    0.052330,    0.000000
   18    -0.000000,    0.008856,    0.000000,   -0.000000,   -0.027623
   19     0.000000,    0.000000,    0.008856,    0.000000,    0.000000
   20     0.027455,    0.000000,   -0.000000,    0.012843,   -0.000000
   21     0.000000,   -0.000000,    0.000000,    0.000000,   -0.000000
   22     0.000000,   -0.000000,   -0.000004,    0.000000,   -0.000000
   23     0.000034,    0.000000,    0.000000,    0.000017,   -0.000000
   24     0.000000,   -0.000004,    0.000000,    0.000000,   -0.000009
   25     0.000000,    0.000000,   -0.000000,    0.000000,   -0.000000
   26     0.000000,    0.000000,    0.000000,    0.000000,    0.000000
   27    -0.000000,   -0.000000,   -0.000164,   -0.000000,   -0.000000
   28    -0.000222,   -0.000000,   -0.000000,   -0.000122,    0.000000
   29    -0.000000,   -0.000164,    0.000000,   -0.000000,    0.000746
   30    -0.000000,   -0.000000,    0.000000,   -0.000000,    0.000000
   31     0.000000,   -0.000000,   -0.000000,    0.000000,    0.000000
   32     0.000000,    0.000000,    0.003263,    0.000000,    0.000000
   33    -0.006579,    0.000000,    0.000000,   -0.003047,   -0.000000
   34     0.000000,    0.003263,   -0.000000,    0.000000,   -0.009378
   35    -0.000000,    0.000000,   -0.000000,   -0.000000,   -0.000000
   36     0.000000,    0.000000,    0.000000,    0.000000,   -0.000000
   37     0.000000,   -0.000000,    0.004042,    0.000000,   -0.000000
   38    -0.005196,    0.000000,    0.000000,   -0.002393,   -0.000000
   39    -0.000000,    0.004042,   -0.000000,   -0.000000,   -0.010830
   40    -0.000000,   -0.000000,    0.000000,   -0.000000,   -0.000000
   41    -0.000000,    0.000000,   -0.000000,   -0.000000,   -0.000000
   42     0.000000,    0.000000,    0.000000,    0.000000,   -0.000000
   43     0.000000,    0.000000,   -0.001599,    0.000000,   -0.000000
   44     0.002035,   -0.000000,   -0.000000,    0.000926,    0.000000
   45     0.000000,   -0.001599,    0.000000,    0.000000,    0.004767
   46    -0.000000,    0.000000,   -0.000000,   -0.000000,    0.000000
   47    -0.000000,    0.000000,   -0.000000,   -0.000000,   -0.000000
   48     0.003699,    0.000000,   -0.000000,    0.001563,   -0.000000
   49     0.003532,   -0.000000,   -0.000000,    0.001607,    0.000000
   50    -0.021784,   -0.000000,    0.000000,   -0.009873,    0.000000
   51     0.031988,    0.000000,   -0.000000,    0.014506,   -0.000000
   52     0.035959,   -0.000000,   -0.000000,    0.016436,    0.000000
   53    -0.000000,    0.532595,   -0.000000,   -0.000000,   -0.016141
   54     0.000000,   -0.000000,    0.532595,   -0.000000,    0.000000
   55     1.057626,    0.000000,    0.000000,    0.513280,    0.000000
   56     0.000000,    0.258234,   -0.000000,    0.000000,   -0.004787
   57     0.000000,   -0.000000,    0.258234,   -0.000000,    0.000000
   58     0.513280,    0.000000,   -0.000000,    0.249122,    0.000000
   59     0.000000,   -0.004787,    0.000000,    0.000000,    0.162596
   60    -0.000000,   -0.000000,   -0.004787,   -0.000000,   -0.000000
   61     0.039323,    0.000000,    0.000000,    0.020409,   -0.000000
   62     0.000000,   -0.118854,    0.000000,    0.000000,    0.305714
   63    -0.000000,    0.000000,   -0.118854,   -0.000000,   -0.000000
   64    -0.151490,   -0.000000,   -0.000000,   -0.071064,   -0.000000
   65     0.000000,   -0.067041,   -0.000000,   -0.000000,    0.190822
   66    -0.000000,   -0.000000,   -0.067041,   -0.000000,   -0.000000
   67    -0.058688,   -0.000000,   -0.000000,   -0.027345,    0.000000
   68    -0.000000,   -0.000000,    0.000000,   -0.000000,    0.000000
   69     0.000000,   -0.000000,   -0.001291,    0.000000,    0.000000
   70    -0.009348,   -0.000000,   -0.000000,   -0.004405,    0.000000
   71    -0.000000,   -0.001291,   -0.000000,   -0.000000,    0.003360
   72     0.000000,    0.000000,   -0.000000,    0.000000,   -0.000000
   73    -0.000000,   -0.000000,    0.000000,   -0.000000,   -0.000000
   74     0.000000,   -0.000000,    0.000007,    0.000000,   -0.000000
   75    -0.001301,    0.000000,   -0.000000,   -0.000604,    0.000000
   76     0.000000,    0.000007,   -0.000000,    0.000000,    0.000165
   77     0.000000,   -0.000000,   -0.000000,    0.000000,   -0.000000
   78    -0.000000,   -0.000000,   -0.000000,   -0.000000,    0.000000
   79     0.000000,   -0.000000,   -0.000162,    0.000000,    0.000000
   80    -0.005667,    0.000000,    0.000000,   -0.002621,    0.000000
   81     0.000000,   -0.000162,   -0.000000,    0.000000,    0.000519
   82     0.000000,    0.000000,   -0.000000,    0.000000,   -0.000000
   83     0.000000,    0.000000,    0.000000,    0.000000,   -0.000000
   84     0.000000,   -0.000000,   -0.000000,    0.000000,    0.000000
   85    -0.000000,    0.000000,   -0.000528,   -0.000000,    0.000000
   86    -0.002292,   -0.000000,    0.000000,   -0.001080,    0.000000
   87    -0.000000,   -0.000528,   -0.000000,   -0.000000,    0.001443
   88    -0.000000,    0.000000,    0.000000,   -0.000000,   -0.000000
   89    -0.000000,   -0.000000,   -0.000000,   -0.000000,   -0.000000
                60,          61,          62,          63,          64
    0     0.000000,    0.000017,    0.000000,    0.000000,    0.000042
    1     0.000000,    0.000254,   -0.000000,    0.000000,    0.000509
    2     0.000000,    0.001316,   -0.000000,    0.000000,    0.001323
    3    -0.000000,    0.004406,   -0.000000,   -0.000000,   -0.004600
    4    -0.000000,   -0.018623,    0.000000,   -0.000000,   -0.000297
    5     0.000000,   -0.020038,   -0.000000,    0.000000,   -0.030261
    6     0.000000,   -0.000000,   -0.000229,    0.000000,   -0.000000
    7    -0.000140,   -0.000000,    0.000000,   -0.000229,   -0.000000
    8     0.000000,   -0.000663,   -0.000000,    0.000000,   -0.001327
    9    -0.000000,    0.000000,    0.005490,   -0.000000,   -0.000000
   10     0.003340,    0.000000,   -0.000000,    0.005490,    0.000000
   11    -0.000000,    0.015387,    0.000000,   -0.000000,    0.030813
   12     0.000000,    0.000000,   -0.031750,    0.000000,    0.000000
   13    -0.018973,   -0.000000,    0.000000,   -0.031750,   -0.000000
   14     0.000000,   -0.077576,   -0.000000,    0.000000,   -0.155727
   15    -0.000000,   -0.000000,   -0.055645,   -0.000000,   -0.000000
   16    -0.033360,   -0.000000,   -0.000000,   -0.055645,   -0.000000
   17     0.000000,   -0.146784,   -0.000000,    0.000000,   -0.292060
   18     0.000000,    0.000000,   -0.050371,   -0.000000,    0.000000
   19    -0.027623,    0.000000,    0.000000,   -0.050371,   -0.000000
   20     0.000000,   -0.036542,   -0.000000,    0.000000,   -0.071557
   21    -0.000000,   -0.000000,    0.000000,   -0.000000,   -0.000000
   22    -0.000009,   -0.000000,   -0.000000,   -0.000015,   -0.000000
   23     0.000000,    0.000013,   -0.000000,    0.000000,    0.000019
   24     0.000000,    0.000000,   -0.000015,    0.000000,    0.000000
   25     0.000000,   -0.000000,   -0.000000,    0.000000,   -0.000000
   26     0.000000,    0.000000,   -0.000000,    0.000000,    0.000000
   27     0.000746,    0.000000,   -0.000000,    0.001473,    0.000000
   28    -0.000000,   -0.000816,    0.000000,   -0.000000,   -0.001566
   29     0.000000,    0.000000,    0.001473,    0.000000,    0.000000
   30     0.000000,    0.000000,    0.000000,   -0.000000,    0.000000
   31    -0.000000,   -0.000000,    0.000000,   -0.000000,   -0.000000
   32    -0.009378,   -0.000000,    0.000000,   -0.018980,   -0.000000
   33     0.000000,    0.009711,   -0.000000,    0.000000,    0.019642
   34    -0.000000,   -0.000000,   -0.018980,    0.000000,   -0.000000
   35    -0.000000,    0.000000,   -0.000000,   -0.000000,    0.000000
   36     0.000000,   -0.000000,   -0.000000,    0.000000,   -0.000000
   37    -0.010830,   -0.000000,   -0.000000,   -0.022136,   -0.000000
   38     0.000000,    0.011138,   -0.000000,    0.000000,    0.020862
   39    -0.000000,    0.000000,   -0.022136,   -0.000000,    0.000000
   40     0.000000,    0.000000,   -0.000000,    0.000000,    0.000000
   41     0.000000,    0.000000,   -0.000000,    0.000000,    0.000000
   42    -0.000000,   -0.000000,   -0.000000,   -0.000000,   -0.000000
   43     0.004767,   -0.000000,   -0.000000,    0.009669,   -0.000000
   44    -0.000000,   -0.004656,    0.000000,   -0.000000,   -0.008955
   45    -0.000000,   -0.000000,    0.009669,   -0.000000,   -0.000000
   46     0.000000,    0.000000,    0.000000,    0.000000,    0.000000
   47     0.000000,    0.000000,   -0.000000,    0.000000,    0.000000
   48     0.000000,   -0.004611,   -0.000000,   -0.000000,   -0.008973
   49     0.000000,   -0.004740,   -0.000000,   -0.000000,   -0.008646
   50    -0.000000,    0.028139,    0.000000,    0.000000,    0.052320
   51     0.000000,   -0.037277,   -0.000000,   -0.000000,   -0.072312
   52     0.000000,   -0.054724,    0.000000,   -0.000000,   -0.104558
   53    -0.000000,    0.000000,   -0.256855,    0.000000,    0.000000
   54    -0.016141,    0.000000,    0.000000,   -0.256855,   -0.000000
   55    -0.000000,    0.039323,    0.000000,   -0.000000,   -0.151490
   56    -0.000000,    0.000000,   -0.118854,    0.000000,   -0.000000
   57    -0.004787,    0.000000,    0.000000,   -0.118854,   -0.000000
   58    -0.000000,    0.020409,    0.000000,   -0.000000,   -0.071064
   59    -0.000000,   -0.000000,    0.305714,   -0.000000,   -0.000000
   60     0.162596,    0.000000,   -0.000000,    0.305714,    0.000000
   61     0.000000,    0.094189,   -0.000000,    0.000000,    0.164654
   62    -0.000000,   -0.000000,    0.621758,   -0.000000,   -0.000000
   63     0.305714,    0.000000,   -0.000000,    0.621758,    0.000000
   64     0.000000,    0.164654,   -0.000000,    0.000000,    0.335105
   65     0.000000,   -0.000000,    0.384448,    0.000000,   -0.000000
   66     0.190822,    0.000000,    0.000000,    0.384448,    0.000000
   67    -0.000000,    0.075553,    0.000000,   -0.000000,    0.151598
   68    -0.000000,    0.000000,    0.000000,   -0.000000,    0.000000
   69     0.003360,   -0.000000,    0.000000,    0.007398,   -0.000000
   70    -0.000000,    0.007143,    0.000000,   -0.000000,    0.015807
   71     0.000000,    0.000000,    0.007398,    0.000000,    0.000000
   72     0.000000,   -0.000000,   -0.000000,    0.000000,   -0.000000
   73     0.000000,    0.000000,   -0.000000,   -0.000000,    0.000000
   74     0.000165,   -0.000000,    0.000000,    0.000384,   -0.000000
   75     0.000000,    0.001719,    0.000000,    0.000000,    0.003490
   76     0.000000,   -0.000000,    0.000384,    0.000000,   -0.000000
   77    -0.000000,   -0.000000,   -0.000000,   -0.000000,   -0.000000
   78    -0.000000,    0.000000,    0.000000,   -0.000000,    0.000000
   79     0.000519,   -0.000000,    0.000000,    0.001351,   -0.000000
   80     0.000000,    0.008401,    0.000000,    0.000000,    0.016886
   81     0.000000,   -0.000000,    0.001351,    0.000000,   -0.000000
   82     0.000000,    0.000000,   -0.000000,    0.000000,    0.000000
   83     0.000000,   -0.000000,   -0.000000,    0.000000,   -0.000000
   84     0.000000,   -0.000000,    0.000000,    0.000000,   -0.000000
   85     0.001443,    0.000000,    0.000000,    0.003032,    0.000000
   86    -0.000000,    0.001820,    0.000000,   -0.000000,    0.004004
   87     0.000000,    0.000000,    0.003032,    0.000000,    0.000000
   88    -0.000000,    0.000000,   -0.000000,   -0.000000,    0.000000
   89     0.000000,    0.000000,   -0.000000,    0.000000,    0.000000
                65,          66,          67,          68,          69
    0    -0.000000,    0.000000,    0.000021,    0.000000,   -0.000000
    1    -0.000000,    0.000000,    0.000220,    0.000000,   -0.000000
    2    -0.000000,    0.000000,    0.000144,    0.000000,   -0.000000
    3    -0.000000,   -0.000000,   -0.006376,    0.000000,    0.000000
    4     0.000000,    0.000000,    0.012001,   -0.000000,   -0.000000
    5    -0.000000,    0.000000,   -0.010102,   -0.000000,    0.000000
    6    -0.000297,    0.000000,   -0.000000,   -0.000000,   -0.000000
    7     0.000000,   -0.000297,   -0.000000,    0.000000,    0.000145
    8    -0.000000,    0.000000,   -0.000589,   -0.000000,   -0.000000
    9     0.007024,    0.000000,   -0.000000,    0.000000,    0.000000
   10     0.000000,    0.007024,    0.000000,   -0.000000,   -0.003381
   11     0.000000,   -0.000000,    0.013682,    0.000000,   -0.000000
   12    -0.038550,    0.000000,    0.000000,   -0.000000,   -0.000000
   13    -0.000000,   -0.038550,   -0.000000,    0.000000,    0.017582
   14    -0.000000,    0.000000,   -0.069264,   -0.000000,    0.000000
   15    -0.068873,   -0.000000,   -0.000000,   -0.000000,   -0.000000
   16    -0.000000,   -0.068873,   -0.000000,    0.000000,    0.032071
   17    -0.000000,    0.000000,   -0.129766,   -0.000000,   -0.000000
   18    -0.046499,   -0.000000,    0.000000,   -0.000000,   -0.000000
   19    -0.000000,   -0.046499,   -0.000000,    0.000000,    0.013960
   20    -0.000000,    0.000000,   -0.031675,   -0.000000,   -0.000000
   21     0.000000,   -0.000000,   -0.000000,    0.000000,   -0.000000
   22    -0.000000,   -0.000009,   -0.000000,    0.000000,   -0.000001
   23    -0.000000,    0.000000,    0.000009,    0.000000,   -0.000000
   24    -0.000009,    0.000000,    0.000000,   -0.000000,   -0.000000
   25    -0.000000,    0.000000,    0.000000,   -0.000000,   -0.000000
   26    -0.000000,    0.000000,    0.000000,   -0.000000,   -0.000000
   27    -0.000000,    0.000885,    0.000000,   -0.000000,    0.000045
   28     0.000000,   -0.000000,   -0.000681,   -0.000000,    0.000000
   29     0.000885,    0.000000,    0.000000,    0.000000,   -0.000000
   30     0.000000,   -0.000000,    0.000000,    0.000000,    0.000000
   31     0.000000,   -0.000000,   -0.000000,    0.000000,    0.000000
   32     0.000000,   -0.011534,   -0.000000,    0.000000,   -0.000427
   33    -0.000000,    0.000000,    0.008529,    0.000000,   -0.000000
   34    -0.011534,   -0.000000,   -0.000000,   -0.000000,    0.000000
   35    -0.000000,   -0.000000,    0.000000,    0.000000,   -0.000000
   36    -0.000000,    0.000000,   -0.000000,   -0.000000,   -0.000000
   37    -0.000000,   -0.013136,    0.000000,    0.000000,   -0.000791
   38    -0.000000,    0.000000,    0.008903,    0.000000,    0.000000
   39    -0.013136,   -0.000000,    0.000000,   -0.000000,   -0.000000
   40    -0.000000,    0.000000,    0.000000,    0.000000,    0.000000
   41    -0.000000,    0.000000,    0.000000,   -0.000000,   -0.000000
   42    -0.000000,   -0.000000,   -0.000000,   -0.000000,   -0.000000
   43    -0.000000,    0.005735,   -0.000000,   -0.000000,    0.000353
   44     0.000000,   -0.000000,   -0.003826,   -0.000000,   -0.000000
   45     0.005735,   -0.000000,   -0.000000,    0.000000,    0.000000
   46     0.000000,    0.000000,    0.000000,    0.000000,    0.000000
   47    -0.000000,    0.000000,    0.000000,   -0.000000,   -0.000000
   48     0.000000,    0.000000,   -0.006203,   -0.000000,    0.000000
   49     0.000000,    0.000000,   -0.004857,   -0.000000,    0.000000
   50    -0.000000,   -0.000000,    0.034034,    0.000000,   -0.000000
   51    -0.000000,    0.000000,   -0.056363,   -0.000000,    0.000000
   52     0.000000,    0.000000,   -0.060689,   -0.000000,    0.000000
   53    -0.145535,   -0.000000,   -0.000000,   -0.000000,   -0.000000
   54    -0.000000,   -0.145535,   -0.000000,    0.000000,   -0.002845
   55     0.000000,   -0.000000,   -0.058688,   -0.000000,    0.000000
   56    -0.067041,   -0.000000,   -0.000000,   -0.000000,   -0.000000
   57    -0.000000,   -0.067041,   -0.000000,    0.000000,   -0.001291
   58    -0.000000,   -0.000000,   -0.027345,   -0.000000,    0.000000
   59     0.190822,   -0.000000,    0.000000,    0.000000,    0.000000
   60     0.000000,    0.190822,   -0.000000,   -0.000000,    0.003360
   61    -0.000000,    0.000000,    0.075553,    0.000000,   -0.000000
   62     0.384448,    0.000000,    0.000000,    0.000000,    0.000000
   63     0.000000,    0.384448,   -0.000000,   -0.000000,    0.007398
   64    -0.000000,    0.000000,    0.151598,    0.000000,   -0.000000
   65     0.239734,    0.000000,    0.000000,    0.000000,    0.000000
   66     0.000000,    0.239734,   -0.000000,   -0.000000,    0.002827
   67     0.000000,   -0.000000,    0.069256,    0.000000,   -0.000000
   68     0.000000,   -0.000000,    0.000000,    0.000000,   -0.000000
   69     0.000000,    0.002827,   -0.000000,   -0.000000,    0.001751
   70     0.000000,   -0.000000,    0.007311,    0.000000,   -0.000000
   71     0.002827,    0.000000,    0.000000,    0.000000,    0.000000
   72    -0.000000,    0.000000,   -0.000000,   -0.000000,    0.000000
   73    -0.000000,   -0.000000,    0.000000,   -0.000000,    0.000000
   74     0.000000,   -0.000001,   -0.000000,    0.000000,    0.000233
   75     0.000000,    0.000000,    0.001582,    0.000000,    0.000000
   76    -0.000001,    0.000000,   -0.000000,   -0.000000,    0.000000
   77    -0.000000,   -0.000000,   -0.000000,   -0.000000,    0.000000
   78     0.000000,   -0.000000,    0.000000,    0.000000,   -0.000000
   79     0.000000,   -0.000118,   -0.000000,    0.000000,    0.000924
   80     0.000000,    0.000000,    0.007597,    0.000000,    0.000000
   81    -0.000118,    0.000000,   -0.000000,   -0.000000,    0.000000
   82    -0.000000,    0.000000,   -0.000000,   -0.000000,    0.000000
   83    -0.000000,    0.000000,   -0.000000,   -0.000000,    0.000000
   84     0.000000,    0.000000,   -0.000000,    0.000000,    0.000000
   85     0.000000,    0.001537,    0.000000,   -0.000000,    0.000358
   86     0.000000,   -0.000000,    0.001814,    0.000000,   -0.000000
   87     0.001537,    0.000000,    0.000000,    0.000000,    0.000000
   88    -0.000000,   -0.000000,    0.000000,    0.000000,   -0.000000
   89    -0.000000,    0.000000,    0.000000,   -0.000000,    0.000000
                70,          71,          72,          73,          74
    0     0.000009,    0.000000,   -0.000000,    0.000000,   -0.000000
    1     0.000016,    0.000000,    0.000000,    0.000000,   -0.000000
    2    -0.001197,    0.000000,    0.000000,    0.000000,   -0.000000
    3    -0.012782,    0.000000,    0.000000,    0.000000,    0.000000
    4     0.034270,   -0.000000,   -0.000000,   -0.000000,   -0.000000
    5     0.009143,   -0.000000,   -0.000000,   -0.000000,    0.000000
    6    -0.000000,    0.000145,    0.000000,   -0.000000,   -0.000000
    7    -0.000000,   -0.000000,   -0.000000,    0.000000,    0.000020
    8    -0.000055,   -0.000000,    0.000000,   -0.000000,    0.000000
    9     0.000000,   -0.003381,   -0.000000,    0.000000,    0.000000
   10     0.000000,    0.000000,    0.000000,   -0.000000,   -0.000471
   11     0.001282,    0.000000,   -0.000000,    0.000000,   -0.000000
   12     0.000000,    0.017582,    0.000000,   -0.000000,   -0.000000
   13    -0.000000,   -0.000000,   -0.000000,    0.000000,    0.002452
   14    -0.006545,   -0.000000,    0.000000,   -0.000000,    0.000000
   15    -0.000000,    0.032071,    0.000000,   -0.000000,   -0.000000
   16    -0.000000,   -0.000000,   -0.000000,    0.000000,    0.004470
   17    -0.011715,   -0.000000,    0.000000,   -0.000000,    0.000000
   18    -0.000000,    0.013960,    0.000000,    0.000000,   -0.000000
   19    -0.000000,   -0.000000,   -0.000000,    0.000000,    0.001972
   20    -0.001822,   -0.000000,    0.000000,   -0.000000,    0.000000
   21     0.000000,    0.000000,   -0.000000,    0.000000,   -0.000000
   22     0.000000,    0.000000,   -0.000000,   -0.000000,   -0.000000
   23     0.000004,   -0.000000,    0.000000,   -0.000000,   -0.000000
   24     0.000000,   -0.000001,    0.000000,    0.000000,   -0.000000
   25     0.000000,    0.000000,   -0.000000,   -0.000000,   -0.000000
   26    -0.000000,   -0.000000,    0.000000,   -0.000000,   -0.000000
   27     0.000000,    0.000000,    0.000000,   -0.000000,    0.000005
   28    -0.000176,    0.000000,   -0.000000,    0.000000,    0.000000
   29     0.000000,    0.000045,   -0.000000,   -0.000000,   -0.000000
   30    -0.000000,   -0.000000,    0.000000,    0.000000,    0.000000
   31     0.000000,    0.000000,   -0.000000,    0.000000,    0.000000
   32    -0.000000,   -0.000000,   -0.000000,    0.000000,   -0.000039
   33     0.001249,   -0.000000,    0.000000,    0.000000,   -0.000000
   34    -0.000000,   -0.000427,    0.000000,    0.000000,    0.000000
   35    -0.000000,    0.000000,    0.000000,    0.000000,   -0.000000
   36    -0.000000,    0.000000,    0.000000,   -0.000000,   -0.000000
   37     0.000000,   -0.000000,   -0.000000,    0.000000,   -0.000086
   38     0.000200,    0.000000,    0.000000,    0.000000,    0.000000
   39     0.000000,   -0.000791,    0.000000,    0.000000,   -0.000000
   40    -0.000000,   -0.000000,    0.000000,    0.000000,    0.000000
   41    -0.000000,    0.000000,    0.000000,   -0.000000,   -0.000000
   42     0.000000,   -0.000000,   -0.000000,   -0.000000,   -0.000000
   43    -0.000000,    0.000000,    0.000000,   -0.000000,    0.000039
   44    -0.000349,   -0.000000,   -0.000000,   -0.000000,    0.000000
   45    -0.000000,    0.000353,   -0.000000,   -0.000000,    0.000000
   46     0.000000,   -0.000000,   -0.000000,    0.000000,    0.000000
   47    -0.000000,    0.000000,    0.000000,   -0.000000,   -0.000000
   48    -0.000026,   -0.000000,    0.000000,    0.000000,   -0.000000
   49     0.000619,    0.000000,    0.000000,   -0.000000,   -0.000000
   50    -0.001679,    0.000000,   -0.000000,    0.000000,    0.000000
   51    -0.002817,   -0.000000,    0.000000,   -0.000000,    0.000000
   52    -0.002539,   -0.000000,    0.000000,   -0.000000,    0.000000
   53    -0.000000,   -0.002845,    0.000000,   -0.000000,   -0.000000
   54    -0.000000,   -0.000000,   -0.000000,    0.000000,    0.000000
   55    -0.009348,   -0.000000,    0.000000,   -0.000000,    0.000000
   56    -0.000000,   -0.001291,    0.000000,   -0.000000,   -0.000000
   57    -0.000000,   -0.000000,   -0.000000,    0.000000,    0.000007
   58    -0.004405,   -0.000000,    0.000000,   -0.000000,    0.000000
   59     0.000000,    0.003360,   -0.000000,   -0.000000,   -0.000000
   60    -0.000000,    0.000000,    0.000000,    0.000000,    0.000165
   61     0.007143,    0.000000,   -0.000000,    0.000000,   -0.000000
   62     0.000000,    0.007398,   -0.000000,   -0.000000,    0.000000
   63    -0.000000,    0.000000,    0.000000,   -0.000000,    0.000384
   64     0.015807,    0.000000,   -0.000000,    0.000000,   -0.000000
   65     0.000000,    0.002827,   -0.000000,   -0.000000,    0.000000
   66    -0.000000,    0.000000,    0.000000,   -0.000000,   -0.000001
   67     0.007311,    0.000000,   -0.000000,    0.000000,   -0.000000
   68     0.000000,    0.000000,   -0.000000,   -0.000000,    0.000000
   69    -0.000000,    0.000000,    0.000000,    0.000000,    0.000233
   70     0.001434,    0.000000,   -0.000000,    0.000000,   -0.000000
   71     0.000000,    0.001751,   -0.000000,   -0.000000,    0.000000
   72    -0.000000,   -0.000000,    0.000000,   -0.000000,    0.000000
   73     0.000000,   -0.000000,   -0.000000,    0.000000,    0.000000
   74    -0.000000,    0.000000,    0.000000,    0.000000,    0.000032
   75     0.000214,    0.000000,   -0.000000,    0.000000,   -0.000000
   76    -0.000000,    0.000233,    0.000000,   -0.000000,   -0.000000
   77    -0.000000,   -0.000000,    0.000000,   -0.000000,   -0.000000
   78     0.000000,    0.000000,   -0.000000,    0.000000,   -0.000000
   79    -0.000000,    0.000000,   -0.000000,    0.000000,    0.000126
   80     0.001004,    0.000000,   -0.000000,    0.000000,   -0.000000
   81    -0.000000,    0.000924,    0.000000,   -0.000000,   -0.000000
   82    -0.000000,   -0.000000,    0.000000,   -0.000000,    0.000000
   83    -0.000000,   -0.000000,    0.000000,    0.000000,    0.000000
   84    -0.000000,    0.000000,    0.000000,   -0.000000,    0.000000
   85     0.000000,    0.000000,    0.000000,   -0.000000,    0.000046
   86     0.000355,    0.000000,   -0.000000,    0.000000,   -0.000000
   87     0.000000,    0.000358,   -0.000000,   -0.000000,    0.000000
   88     0.000000,    0.000000,    0.000000,    0.000000,   -0.000000
   89     0.000000,   -0.000000,    0.000000,    0.000000,   -0.000000
                75,          76,          77,          78,          79
    0     0.000001,    0.000000,   -0.000000,    0.000000,   -0.000000
    1     0.000005,    0.000000,    0.000000,   -0.000000,   -0.000000
    2    -0.000075,    0.000000,    0.000000,   -0.000000,   -0.000000
    3    -0.000937,   -0.000000,    0.000000,   -0.000000,    0.000000
    4     0.002410,    0.000000,   -0.000000,    0.000000,   -0.000000
    5     0.000436,   -0.000000,   -0.000000,    0.000000,    0.000000
    6    -0.000000,    0.000020,    0.000000,    0.000000,   -0.000000
    7     0.000000,   -0.000000,    0.000000,   -0.000000,    0.000080
    8    -0.000014,    0.000000,    0.000000,   -0.000000,   -0.000000
    9     0.000000,   -0.000471,   -0.000000,   -0.000000,    0.000000
   10    -0.000000,    0.000000,   -0.000000,    0.000000,   -0.001870
   11     0.000315,   -0.000000,   -0.000000,    0.000000,    0.000000
   12    -0.000000,    0.002452,    0.000000,    0.000000,   -0.000000
   13     0.000000,   -0.000000,    0.000000,   -0.000000,    0.009739
   14    -0.001591,    0.000000,    0.000000,   -0.000000,   -0.000000
   15    -0.000000,    0.004470,    0.000000,    0.000000,   -0.000000
   16     0.000000,    0.000000,    0.000000,   -0.000000,    0.017755
   17    -0.002950,    0.000000,    0.000000,   -0.000000,   -0.000000
   18    -0.000000,    0.001972,    0.000000,    0.000000,   -0.000000
   19     0.000000,   -0.000000,    0.000000,   -0.000000,    0.007841
   20    -0.000643,    0.000000,    0.000000,   -0.000000,   -0.000000
   21    -0.000000,    0.000000,   -0.000000,    0.000000,   -0.000000
   22    -0.000000,    0.000000,    0.000000,    0.000000,   -0.000000
   23     0.000000,   -0.000000,    0.000000,   -0.000000,   -0.000000
   24     0.000000,   -0.000000,    0.000000,   -0.000000,   -0.000000
   25     0.000000,    0.000000,   -0.000000,    0.000000,   -0.000000
   26    -0.000000,   -0.000000,    0.000000,   -0.000000,   -0.000000
   27     0.000000,    0.000000,   -0.000000,   -0.000000,    0.000018
   28    -0.000026,    0.000000,   -0.000000,    0.000000,    0.000000
   29     0.000000,    0.000005,   -0.000000,    0.000000,   -0.000000
   30    -0.000000,   -0.000000,    0.000000,   -0.000000,    0.000000
   31    -0.000000,    0.000000,   -0.000000,    0.000000,    0.000000
   32    -0.000000,   -0.000000,    0.000000,    0.000000,   -0.000151
   33     0.000240,   -0.000000,    0.000000,   -0.000000,    0.000000
   34    -0.000000,   -0.000039,    0.000000,   -0.000000,    0.000000
   35    -0.000000,    0.000000,    0.000000,   -0.000000,   -0.000000
   36    -0.000000,    0.000000,    0.000000,   -0.000000,   -0.000000
   37    -0.000000,   -0.000000,    0.000000,    0.000000,   -0.000336
   38     0.000171,   -0.000000,    0.000000,   -0.000000,    0.000000
   39     0.000000,   -0.000086,    0.000000,   -0.000000,   -0.000000
   40    -0.000000,   -0.000000,    0.000000,    0.000000,    0.000000
   41    -0.000000,    0.000000,    0.000000,    0.000000,   -0.000000
   42    -0.000000,   -0.000000,   -0.000000,   -0.000000,   -0.000000
   43     0.000000,    0.000000,   -0.000000,   -0.000000,    0.000151
   44    -0.000094,    0.000000,   -0.000000,    0.000000,   -0.000000
   45    -0.000000,    0.000039,   -0.000000,    0.000000,    0.000000
   46     0.000000,   -0.000000,   -0.000000,    0.000000,    0.000000
   47    -0.000000,    0.000000,   -0.000000,    0.000000,   -0.000000
   48    -0.000043,    0.000000,    0.000000,   -0.000000,    0.000000
   49     0.000008,    0.000000,    0.000000,   -0.000000,    0.000000
   50    -0.000007,   -0.000000,   -0.000000,    0.000000,   -0.000000
   51    -0.000136,    0.000000,    0.000000,   -0.000000,    0.000000
   52    -0.000586,    0.000000,    0.000000,   -0.000000,    0.000000
   53     0.000000,    0.000000,   -0.000000,   -0.000000,   -0.000000
   54    -0.000000,   -0.000000,   -0.000000,   -0.000000,   -0.000384
   55    -0.001301,    0.000000,    0.000000,   -0.000000,    0.000000
   56     0.000000,    0.000007,   -0.000000,   -0.000000,   -0.000000
   57    -0.000000,   -0.000000,   -0.000000,   -0.000000,   -0.000162
   58    -0.000604,    0.000000,    0.000000,   -0.000000,    0.000000
   59     0.000000,    0.000165,   -0.000000,    0.000000,    0.000000
   60     0.000000,    0.000000,   -0.000000,   -0.000000,    0.000519
   61     0.001719,   -0.000000,   -0.000000,    0.000000,   -0.000000
   62     0.000000,    0.000384,   -0.000000,    0.000000,    0.000000
   63     0.000000,    0.000000,   -0.000000,   -0.000000,    0.001351
   64     0.003490,   -0.000000,   -0.000000,    0.000000,   -0.000000
   65     0.000000,   -0.000001,   -0.000000,    0.000000,    0.000000
   66     0.000000,    0.000000,   -0.000000,   -0.000000,   -0.000118
   67     0.001582,   -0.000000,   -0.000000,    0.000000,   -0.000000
   68     0.000000,   -0.000000,   -0.000000,    0.000000,    0.000000
   69     0.000000,    0.000000,    0.000000,   -0.000000,    0.000924
   70     0.000214,   -0.000000,   -0.000000,    0.000000,   -0.000000
   71     0.000000,    0.000233,   -0.000000,    0.000000,    0.000000
   72    -0.000000,    0.000000,    0.000000,   -0.000000,   -0.000000
   73     0.000000,   -0.000000,   -0.000000,    0.000000,    0.000000
   74    -0.000000,   -0.000000,   -0.000000,   -0.000000,    0.000126
   75     0.000040,   -0.000000,   -0.000000,    0.000000,    0.000000
   76    -0.000000,    0.000032,   -0.000000,    0.000000,   -0.000000
   77    -0.000000,   -0.000000,    0.000000,   -0.000000,    0.000000
   78     0.000000,    0.000000,   -0.000000,    0.000000,   -0.000000
   79     0.000000,   -0.000000,    0.000000,   -0.000000,    0.000499
   80     0.000195,   -0.000000,   -0.000000,    0.000000,    0.000000
   81    -0.000000,    0.000126,   -0.000000,    0.000000,   -0.000000
   82     0.000000,   -0.000000,    0.000000,   -0.000000,    0.000000
   83    -0.000000,    0.000000,   -0.000000,   -0.000000,    0.000000
   84    -0.000000,    0.000000,    0.000000,   -0.000000,    0.000000
   85     0.000000,    0.000000,   -0.000000,   -0.000000,    0.000183
   86     0.000054,   -0.000000,   -0.000000,    0.000000,    0.000000
   87     0.000000,    0.000046,   -0.000000,    0.000000,    0.000000
   88     0.000000,    0.000000,    0.000000,   -0.000000,   -0.000000
   89    -0.000000,   -0.000000,    0.000000,    0.000000,   -0.000000
                80,          81,          82,          83,          84
    0     0.000004,    0.000000,   -0.000000,    0.000000,   -0.000000
    1     0.000025,    0.000000,    0.000000,    0.000000,    0.000000
    2    -0.000304,    0.000000,    0.000000,    0.000000,    0.000000
    3    -0.003974,   -0.000000,    0.000000,    0.000000,    0.000000
    4     0.010090,    0.000000,   -0.000000,   -0.000000,   -0.000000
    5     0.001657,   -0.000000,   -0.000000,   -0.000000,    0.000000
    6    -0.000000,    0.000080,    0.000000,    0.000000,    0.000000
    7     0.000000,   -0.000000,   -0.000000,    0.000000,    0.000000
    8    -0.000067,    0.000000,   -0.000000,   -0.000000,    0.000000
    9     0.000000,   -0.001870,   -0.000000,   -0.000000,   -0.000000
   10    -0.000000,    0.000000,    0.000000,   -0.000000,   -0.000000
   11     0.001552,   -0.000000,    0.000000,    0.000000,   -0.000000
   12    -0.000000,    0.009739,    0.000000,    0.000000,   -0.000000
   13     0.000000,   -0.000000,   -0.000000,    0.000000,    0.000000
   14    -0.007835,    0.000000,   -0.000000,   -0.000000,    0.000000
   15    -0.000000,    0.017755,    0.000000,    0.000000,   -0.000000
   16     0.000000,   -0.000000,   -0.000000,    0.000000,    0.000000
   17    -0.014562,    0.000000,   -0.000000,   -0.000000,    0.000000
   18    -0.000000,    0.007841,    0.000000,    0.000000,   -0.000000
   19     0.000000,   -0.000000,   -0.000000,   -0.000000,    0.000000
   20    -0.003208,    0.000000,   -0.000000,    0.000000,    0.000000
   21    -0.000000,    0.000000,   -0.000000,   -0.000000,    0.000000
   22    -0.000000,    0.000000,   -0.000000,   -0.000000,   -0.000000
   23     0.000002,   -0.000000,    0.000000,    0.000000,    0.000000
   24     0.000000,   -0.000000,    0.000000,    0.000000,   -0.000000
   25     0.000000,    0.000000,   -0.000000,   -0.000000,   -0.000000
   26    -0.000000,   -0.000000,    0.000000,    0.000000,   -0.000000
   27     0.000000,    0.000000,    0.000000,    0.000000,    0.000000
   28    -0.000127,    0.000000,   -0.000000,   -0.000000,   -0.000000
   29     0.000000,    0.000018,   -0.000000,   -0.000000,    0.000000
   30    -0.000000,   -0.000000,    0.000000,    0.000000,   -0.000000
   31    -0.000000,    0.000000,   -0.000000,   -0.000000,    0.000000
   32    -0.000000,   -0.000000,   -0.000000,   -0.000000,   -0.000000
   33     0.001198,   -0.000000,    0.000000,    0.000000,    0.000000
   34    -0.000000,   -0.000151,    0.000000,    0.000000,   -0.000000
   35    -0.000000,    0.000000,    0.000000,   -0.000000,    0.000000
   36    -0.000000,    0.000000,    0.000000,    0.000000,   -0.000000
   37    -0.000000,   -0.000000,   -0.000000,   -0.000000,   -0.000000
   38     0.000899,   -0.000000,    0.000000,    0.000000,   -0.000000
   39     0.000000,   -0.000336,    0.000000,    0.000000,   -0.000000
   40    -0.000000,   -0.000000,    0.000000,    0.000000,   -0.000000
   41    -0.000000,    0.000000,    0.000000,   -0.000000,   -0.000000
   42    -0.000000,   -0.000000,   -0.000000,    0.000000,   -0.000000
   43     0.000000,    0.000000,    0.000000,    0.000000,    0.000000
   44    -0.000483,    0.000000,   -0.000000,   -0.000000,   -0.000000
   45    -0.000000,    0.000151,   -0.000000,   -0.000000,    0.000000
   46     0.000000,   -0.000000,    0.000000,    0.000000,   -0.000000
   47     0.000000,    0.000000,    0.000000,    0.000000,    0.000000
   48     0.000149,   -0.000000,    0.000000,    0.000000,    0.000000
   49    -0.000134,   -0.000000,    0.000000,    0.000000,    0.000000
   50    -0.000102,    0.000000,   -0.000000,   -0.000000,   -0.000000
   51     0.001716,   -0.000000,    0.000000,    0.000000,    0.000000
   52    -0.001565,    0.000000,    0.000000,    0.000000,    0.000000
   53     0.000000,   -0.000384,    0.000000,    0.000000,   -0.000000
   54     0.000000,   -0.000000,   -0.000000,    0.000000,   -0.000000
   55    -0.005667,    0.000000,    0.000000,    0.000000,    0.000000
   56     0.000000,   -0.000162,    0.000000,    0.000000,   -0.000000
   57     0.000000,   -0.000000,   -0.000000,    0.000000,   -0.000000
   58    -0.002621,    0.000000,    0.000000,    0.000000,    0.000000
   59     0.000000,    0.000519,   -0.000000,   -0.000000,    0.000000
   60     0.000000,    0.000000,    0.000000,    0.000000,    0.000000
   61     0.008401,   -0.000000,    0.000000,   -0.000000,   -0.000000
   62     0.000000,    0.001351,   -0.000000,   -0.000000,    0.000000
   63     0.000000,    0.000000,    0.000000,    0.000000,    0.000000
   64     0.016886,   -0.000000,    0.000000,   -0.000000,   -0.000000
   65     0.000000,   -0.000118,   -0.000000,   -0.000000,    0.000000
   66     0.000000,    0.000000,    0.000000,    0.000000,    0.000000
   67     0.007597,   -0.000000,   -0.000000,   -0.000000,   -0.000000
   68     0.000000,   -0.000000,   -0.000000,   -0.000000,    0.000000
   69     0.000000,    0.000000,    0.000000,    0.000000,    0.000000
   70     0.001004,   -0.000000,   -0.000000,   -0.000000,   -0.000000
   71     0.000000,    0.000924,   -0.000000,   -0.000000,    0.000000
   72    -0.000000,    0.000000,    0.000000,    0.000000,    0.000000
   73     0.000000,   -0.000000,   -0.000000,    0.000000,   -0.000000
   74    -0.000000,   -0.000000,    0.000000,    0.000000,    0.000000
   75     0.000195,   -0.000000,    0.000000,   -0.000000,   -0.000000
   76    -0.000000,    0.000126,   -0.000000,    0.000000,    0.000000
   77    -0.000000,   -0.000000,    0.000000,   -0.000000,    0.000000
   78     0.000000,    0.000000,   -0.000000,   -0.000000,   -0.000000
   79     0.000000,   -0.000000,    0.000000,    0.000000,    0.000000
   80     0.000948,   -0.000000,    0.000000,    0.000000,   -0.000000
   81    -0.000000,    0.000499,   -0.000000,    0.000000,    0.000000
   82     0.000000,   -0.000000,    0.000000,    0.000000,    0.000000
   83     0.000000,    0.000000,    0.000000,    0.000000,    0.000000
   84    -0.000000,    0.000000,    0.000000,    0.000000,    0.000000
   85     0.000000,    0.000000,    0.000000,    0.000000,    0.000000
   86     0.000260,   -0.000000,    0.000000,    0.000000,   -0.000000
   87     0.000000,    0.000183,   -0.000000,   -0.000000,    0.000000
   88     0.000000,    0.000000,    0.000000,   -0.000000,    0.000000
   89    -0.000000,   -0.000000,    0.000000,    0.000000,   -0.000000
                85,          86,          87,          88,          89
    0    -0.000000,    0.000002,    0.000000,    0.000000,   -0.000000
    1    -0.000000,    0.000005,    0.000000,    0.000000,   -0.000000
    2    -0.000000,   -0.000279,    0.000000,    0.000000,   -0.000000
    3     0.000000,   -0.003014,    0.000000,    0.000000,   -0.000000
    4    -0.000000,    0.008041,   -0.000000,   -0.000000,    0.000000
    5    -0.000000,    0.002132,   -0.000000,   -0.000000,    0.000000
    6     0.000000,   -0.000000,    0.000027,    0.000000,   -0.000000
    7     0.000027,    0.000000,   -0.000000,    0.000000,   -0.000000
    8    -0.000000,   -0.000015,   -0.000000,   -0.000000,    0.000000
    9    -0.000000,   -0.000000,   -0.000641,   -0.000000,    0.000000
   10    -0.000641,   -0.000000,   -0.000000,   -0.000000,    0.000000
   11     0.000000,    0.000343,    0.000000,    0.000000,   -0.000000
   12     0.000000,    0.000000,    0.003327,    0.000000,   -0.000000
   13     0.003327,    0.000000,    0.000000,    0.000000,   -0.000000
   14    -0.000000,   -0.001739,   -0.000000,   -0.000000,    0.000000
   15     0.000000,    0.000000,    0.006074,    0.000000,   -0.000000
   16     0.006074,    0.000000,    0.000000,    0.000000,   -0.000000
   17    -0.000000,   -0.003133,   -0.000000,   -0.000000,    0.000000
   18     0.000000,    0.000000,    0.002577,    0.000000,    0.000000
   19     0.002577,    0.000000,    0.000000,    0.000000,   -0.000000
   20    -0.000000,   -0.000504,   -0.000000,   -0.000000,    0.000000
   21    -0.000000,    0.000000,    0.000000,   -0.000000,    0.000000
   22    -0.000000,   -0.000000,    0.000000,    0.000000,   -0.000000
   23    -0.000000,    0.000001,   -0.000000,    0.000000,   -0.000000
   24    -0.000000,    0.000000,   -0.000000,   -0.000000,    0.000000
   25    -0.000000,    0.000000,    0.000000,   -0.000000,    0.000000
   26    -0.000000,   -0.000000,   -0.000000,    0.000000,   -0.000000
   27     0.000012,    0.000000,    0.000000,   -0.000000,    0.000000
   28     0.000000,   -0.000048,    0.000000,   -0.000000,    0.000000
   29    -0.000000,    0.000000,    0.000012,   -0.000000,   -0.000000
   30     0.000000,   -0.000000,   -0.000000,    0.000000,    0.000000
   31     0.000000,    0.000000,    0.000000,   -0.000000,    0.000000
   32    -0.000132,    0.000000,   -0.000000,    0.000000,   -0.000000
   33     0.000000,    0.000344,    0.000000,    0.000000,   -0.000000
   34     0.000000,   -0.000000,   -0.000132,    0.000000,    0.000000
   35    -0.000000,   -0.000000,    0.000000,    0.000000,   -0.000000
   36    -0.000000,   -0.000000,    0.000000,   -0.000000,   -0.000000
   37    -0.000210,    0.000000,   -0.000000,    0.000000,   -0.000000
   38     0.000000,    0.000086,    0.000000,    0.000000,   -0.000000
   39    -0.000000,    0.000000,   -0.000210,    0.000000,    0.000000
   40     0.000000,   -0.000000,   -0.000000,    0.000000,    0.000000
   41    -0.000000,   -0.000000,    0.000000,   -0.000000,    0.000000
   42    -0.000000,    0.000000,   -0.000000,   -0.000000,    0.000000
   43     0.000093,   -0.000000,    0.000000,   -0.000000,    0.000000
   44    -0.000000,   -0.000105,   -0.000000,   -0.000000,    0.000000
   45     0.000000,   -0.000000,    0.000093,   -0.000000,   -0.000000
   46     0.000000,    0.000000,   -0.000000,    0.000000,   -0.000000
   47    -0.000000,   -0.000000,    0.000000,    0.000000,   -0.000000
   48    -0.000000,    0.000126,    0.000000,    0.000000,   -0.000000
   49    -0.000000,    0.000236,    0.000000,    0.000000,   -0.000000
   50     0.000000,   -0.001189,   -0.000000,   -0.000000,    0.000000
   51    -0.000000,    0.000905,    0.000000,    0.000000,   -0.000000
   52    -0.000000,    0.000277,   -0.000000,    0.000000,   -0.000000
   53     0.000000,   -0.000000,   -0.001155,    0.000000,   -0.000000
   54    -0.001155,    0.000000,   -0.000000,    0.000000,   -0.000000
   55    -0.000000,   -0.002292,   -0.000000,   -0.000000,   -0.000000
   56     0.000000,   -0.000000,   -0.000528,    0.000000,   -0.000000
   57    -0.000528,    0.000000,   -0.000000,    0.000000,   -0.000000
   58    -0.000000,   -0.001080,   -0.000000,   -0.000000,   -0.000000
   59     0.000000,    0.000000,    0.001443,   -0.000000,   -0.000000
   60     0.001443,   -0.000000,    0.000000,   -0.000000,    0.000000
   61     0.000000,    0.001820,    0.000000,    0.000000,    0.000000
   62     0.000000,    0.000000,    0.003032,   -0.000000,   -0.000000
   63     0.003032,   -0.000000,    0.000000,   -0.000000,    0.000000
   64     0.000000,    0.004004,    0.000000,    0.000000,    0.000000
   65     0.000000,    0.000000,    0.001537,   -0.000000,   -0.000000
   66     0.001537,   -0.000000,    0.000000,   -0.000000,    0.000000
   67     0.000000,    0.001814,    0.000000,    0.000000,    0.000000
   68    -0.000000,    0.000000,    0.000000,    0.000000,   -0.000000
   69     0.000358,   -0.000000,    0.000000,   -0.000000,    0.000000
   70     0.000000,    0.000355,    0.000000,    0.000000,    0.000000
   71     0.000000,    0.000000,    0.000358,    0.000000,   -0.000000
   72     0.000000,   -0.000000,   -0.000000,    0.000000,    0.000000
   73    -0.000000,    0.000000,   -0.000000,    0.000000,    0.000000
   74     0.000046,   -0.000000,    0.000000,   -0.000000,   -0.000000
   75     0.000000,    0.000054,    0.000000,    0.000000,   -0.000000
   76     0.000000,   -0.000000,    0.000046,    0.000000,   -0.000000
   77    -0.000000,   -0.000000,   -0.000000,    0.000000,    0.000000
   78    -0.000000,    0.000000,    0.000000,   -0.000000,    0.000000
   79     0.000183,    0.000000,    0.000000,   -0.000000,   -0.000000
   80     0.000000,    0.000260,    0.000000,    0.000000,   -0.000000
   81     0.000000,   -0.000000,    0.000183,    0.000000,   -0.000000
   82     0.000000,    0.000000,   -0.000000,    0.000000,    0.000000
   83     0.000000,    0.000000,   -0.000000,   -0.000000,    0.000000
   84     0.000000,   -0.000000,    0.000000,    0.000000,   -0.000000
   85     0.000077,    0.000000,    0.000000,   -0.000000,    0.000000
   86     0.000000,    0.000090,    0.000000,    0.000000,   -0.000000
   87     0.000000,    0.000000,    0.000077,    0.000000,   -0.000000
   88    -0.000000,    0.000000,    0.000000,    0.000000,    0.000000
   89     0.000000,   -0.000000,   -0.000000,    0.000000,    0.000000
Detailed time report:
DFT Grids |:    0.665 s for Initialization of the tabulated Grids and AOs
InitGuess |:    0.441 s for Prepare initial guess
Overall   |:    1.301 s for SCF Preparation
CInt      |:    0.196 s for Two, Three, and Four-center integrals
ISDF      |:    0.000 s for ISDF initialization
total electron number:      24.00000077
The evaluation of Vj, Vk and Vxc matrices cost       0.00,       0.01 and       0.06 seconds, respectively
Exc:     -24.98176894, Vxc:     -16.10761149
The total energy:      -474.3735598041 Ha by the initial guess
total electron number:      24.00000076
The evaluation of Vj, Vk and Vxc matrices cost       0.00,       0.01 and       0.06 seconds, respectively
Exc:     -24.90209415, Vxc:     -16.05547865
Hamiltonian: generation by       0.07s and DIIS extrapolation by       0.00s
Energy:    -474.3681641246 Ha after    1 iterations (in       0.07 seconds).
Detailed timing info in this SCF step:
prepare_next_input:            0.07s
diagonalize_hamiltonian:       0.01s
generate_density_matrix:       0.00s
check_scf_convergence:         0.00s
scf_records.update:            0.00s
total electron number:      24.00000077
The evaluation of Vj, Vk and Vxc matrices cost       0.00,       0.01 and       0.06 seconds, respectively
Exc:     -25.00713571, Vxc:     -16.12454452
Hamiltonian: generation by       0.07s and DIIS extrapolation by       0.00s
SCF Change: DM 3.20560e-3; eev 4.72961e-1 Ha; etot 2.33418e-2 Ha
Energy:    -474.3448223445 Ha after    2 iterations (in       0.07 seconds).
Detailed timing info in this SCF step:
prepare_next_input:            0.07s
diagonalize_hamiltonian:       0.00s
generate_density_matrix:       0.00s
check_scf_convergence:         0.00s
scf_records.update:            0.00s
total electron number:      24.00000076
The evaluation of Vj, Vk and Vxc matrices cost       0.00,       0.01 and       0.05 seconds, respectively
Exc:     -24.94325561, Vxc:     -16.08249634
Hamiltonian: generation by       0.06s and DIIS extrapolation by       0.00s
SCF Change: DM 1.22006e-4; eev 1.12122e-2 Ha; etot -3.55217e-2 Ha
Energy:    -474.3803440511 Ha after    3 iterations (in       0.07 seconds).
Detailed timing info in this SCF step:
prepare_next_input:            0.07s
diagonalize_hamiltonian:       0.01s
generate_density_matrix:       0.00s
check_scf_convergence:         0.00s
scf_records.update:            0.00s
total electron number:      24.00000076
The evaluation of Vj, Vk and Vxc matrices cost       0.00,       0.01 and       0.05 seconds, respectively
Exc:     -24.94402721, Vxc:     -16.08302404
Hamiltonian: generation by       0.06s and DIIS extrapolation by       0.00s
SCF Change: DM 4.34917e-5; eev 8.30985e-3 Ha; etot -4.80237e-5 Ha
Energy:    -474.3803920749 Ha after    4 iterations (in       0.07 seconds).
Detailed timing info in this SCF step:
prepare_next_input:            0.06s
diagonalize_hamiltonian:       0.01s
generate_density_matrix:       0.00s
check_scf_convergence:         0.00s
scf_records.update:            0.00s
total electron number:      24.00000076
The evaluation of Vj, Vk and Vxc matrices cost       0.00,       0.01 and       0.05 seconds, respectively
Exc:     -24.94258528, Vxc:     -16.08207927
Hamiltonian: generation by       0.06s and DIIS extrapolation by       0.00s
SCF Change: DM 1.28916e-5; eev 3.34936e-3 Ha; etot -4.29445e-6 Ha
Energy:    -474.3803963693 Ha after    5 iterations (in       0.07 seconds).
Detailed timing info in this SCF step:
prepare_next_input:            0.06s
diagonalize_hamiltonian:       0.00s
generate_density_matrix:       0.00s
check_scf_convergence:         0.00s
scf_records.update:            0.00s
total electron number:      24.00000076
The evaluation of Vj, Vk and Vxc matrices cost       0.00,       0.01 and       0.05 seconds, respectively
Exc:     -24.94310009, Vxc:     -16.08241527
Hamiltonian: generation by       0.06s and DIIS extrapolation by       0.00s
SCF Change: DM 1.28550e-6; eev 2.98984e-4 Ha; etot -2.50723e-7 Ha
Energy:    -474.3803966200 Ha after    6 iterations (in       0.07 seconds).
Detailed timing info in this SCF step:
prepare_next_input:            0.06s
diagonalize_hamiltonian:       0.01s
generate_density_matrix:       0.00s
check_scf_convergence:         0.00s
scf_records.update:            0.00s
total electron number:      24.00000076
The evaluation of Vj, Vk and Vxc matrices cost       0.00,       0.01 and       0.05 seconds, respectively
Exc:     -24.94304534, Vxc:     -16.08237951
Hamiltonian: generation by       0.06s and DIIS extrapolation by       0.00s
SCF Change: DM 1.17583e-7; eev 2.95336e-5 Ha; etot -3.94022e-9 Ha
Energy:    -474.3803966240 Ha after    7 iterations (in       0.07 seconds).
Detailed timing info in this SCF step:
prepare_next_input:            0.06s
diagonalize_hamiltonian:       0.01s
generate_density_matrix:       0.00s
check_scf_convergence:         0.00s
scf_records.update:            0.00s
total electron number:      24.00000076
The evaluation of Vj, Vk and Vxc matrices cost       0.00,       0.01 and       0.05 seconds, respectively
Exc:     -24.94304349, Vxc:     -16.08237832
Hamiltonian: generation by       0.06s and DIIS extrapolation by       0.00s
SCF Change: DM 4.24321e-8; eev 8.24646e-6 Ha; etot -5.66729e-11 Ha
Energy:    -474.3803966240 Ha after    8 iterations (in       0.07 seconds).
Detailed timing info in this SCF step:
prepare_next_input:            0.06s
diagonalize_hamiltonian:       0.01s
generate_density_matrix:       0.00s
check_scf_convergence:         0.00s
scf_records.update:            0.00s
total electron number:      24.00000076
The evaluation of Vj, Vk and Vxc matrices cost       0.00,       0.01 and       0.05 seconds, respectively
Exc:     -24.94304376, Vxc:     -16.08237849
Hamiltonian: generation by       0.06s and DIIS extrapolation by       0.00s
SCF Change: DM 2.51412e-9; eev 5.82903e-7 Ha; etot -5.62750e-12 Ha
Energy:    -474.3803966240 Ha after    9 iterations (in       0.07 seconds).
Detailed timing info in this SCF step:
prepare_next_input:            0.06s
diagonalize_hamiltonian:       0.00s
generate_density_matrix:       0.00s
check_scf_convergence:         0.00s
scf_records.update:            0.00s
SCF is converged after    9 iterations.
   State    Occupation        Eigenvalue
       0       2.00000       -101.566748
       1       2.00000         -9.495808
       2       2.00000         -7.260348
       3       2.00000         -7.247407
       4       2.00000         -7.247407
       5       2.00000         -0.957798
       6       2.00000         -0.809654
       7       2.00000         -0.450412
       8       2.00000         -0.384256
       9       2.00000         -0.384256
      10       2.00000         -0.302145
      11       2.00000         -0.302145
      12       0.00000         -0.149595
      13       0.00000          0.177891
      14       0.00000          0.224347
==========================================
Now evaluate the    PT2 correlation energy
==========================================
generate RI3MO only for occ_range:0..12, vir_range:12..90
Finish the RI3MO generation
Exc_scf: (-24.94304382470141,0.2),Exc_pos: (-7.028090670731361,0.7731)
----------------------------------------------------------------------
Methods         :       Total Corr,          OS Corr,          SS Corr
----------------------------------------------------------------------
PT2             :      -0.70834084,      -0.52032738,      -0.18801346
----------------------------------------------------------------------
Fifth-rung correlation energy :      -0.227070868252 Ha
E[XYGJOS]=:    -473.86194098 Ha, Ex[HF]:     -29.95886694 Ha, Ec[PT2  ]:      -0.70834084 Ha
Detailed time report:
ao2mo     |:    0.016 s for for the generation of RI3MO
xc_energy |:    0.091 s for for x_hf, xc_scf, xc_xdh
c_r5dft   |:    0.008 s for for advanced correlations
Mulliken population:
 0-Br-S-0              0.00000
 0-Br-S-0             -0.00000
 0-Br-S-0             -0.01472
 0-Br-S-0             -0.29324
 0-Br-S-0              1.72593
 0-Br-S-0              0.52970
 0-Br-P-0              0.00004
 0-Br-P-1              0.00004
 0-Br-P-2              0.00002
 0-Br-P-0             -0.02809
 0-Br-P-1             -0.02809
 0-Br-P-2             -0.01286
 0-Br-P-0              0.51171
 0-Br-P-1              0.51171
 0-Br-P-2              0.23741
 0-Br-P-0              1.11844
 0-Br-P-1              1.11844
 0-Br-P-2              0.62768
 0-Br-P-0              0.38354
 0-Br-P-1              0.38354
 0-Br-P-2              0.10133
 0-Br-D-0             -0.00000
 0-Br-D-1              0.00000
 0-Br-D-2              0.00000
 0-Br-D-3              0.00000
 0-Br-D-4             -0.00000
 0-Br-D-0              0.00000
 0-Br-D-1             -0.00016
 0-Br-D-2             -0.00071
 0-Br-D-3             -0.00016
 0-Br-D-4              0.00000
 0-Br-D-0              0.00000
 0-Br-D-1              0.00400
 0-Br-D-2              0.01151
 0-Br-D-3              0.00400
 0-Br-D-4              0.00000
 0-Br-D-0              0.00000
 0-Br-D-1              0.01440
 0-Br-D-2              0.01705
 0-Br-D-3              0.01440
 0-Br-D-4              0.00000
 0-Br-F-0              0.00000
 0-Br-F-1              0.00000
 0-Br-F-2              0.00202
 0-Br-F-3              0.00463
 0-Br-F-4              0.00202
 0-Br-F-5              0.00000
 0-Br-F-6              0.00000
 1-Cl-S-0              2.01315
 1-Cl-S-0              0.43209
 1-Cl-S-0              1.52428
 1-Cl-S-0              1.17845
 1-Cl-S-0              0.81821
 1-Cl-P-0              1.40606
 1-Cl-P-1              1.40606
 1-Cl-P-2              1.37524
 1-Cl-P-0              0.55010
 1-Cl-P-1              0.55010
 1-Cl-P-2              0.56724
 1-Cl-P-0              0.43023
 1-Cl-P-1              0.43023
 1-Cl-P-2              0.26489
 1-Cl-P-0              1.03249
 1-Cl-P-1              1.03249
 1-Cl-P-2              0.61761
 1-Cl-P-0              0.55960
 1-Cl-P-1              0.55960
 1-Cl-P-2              0.24945
 1-Cl-D-0              0.00000
 1-Cl-D-1              0.01250
 1-Cl-D-2              0.01821
 1-Cl-D-3              0.01250
 1-Cl-D-4              0.00000
 1-Cl-D-0              0.00000
 1-Cl-D-1              0.00012
 1-Cl-D-2              0.00025
 1-Cl-D-3              0.00012
 1-Cl-D-4              0.00000
 1-Cl-D-0              0.00000
 1-Cl-D-1              0.00207
 1-Cl-D-2              0.00524
 1-Cl-D-3              0.00207
 1-Cl-D-4              0.00000
 1-Cl-F-0              0.00000
 1-Cl-F-1              0.00000
 1-Cl-F-2              0.00092
 1-Cl-F-3              0.00196
 1-Cl-F-4              0.00092
 1-Cl-F-5              0.00000
 1-Cl-F-6              0.00000
Mulliken population analysis:
  0-Br :   0.054493
  1-Cl :  -0.054493

====================================================
              REST: Mission accomplished
====================================================
The SCF energy        :    -474.3803966240 Ha
The (R)-xDH energy    :    -473.8619409822 Ha
Detailed time report:
Overall   |:    2.576 s for the whole job
SCF       |:    2.013 s for the scf procedure
PT2       |:    0.115 s for the PT2 evaluation
