=========================================================
Input parameters for the REST calculation
=========================================================
Calculation type: Single-point energy
The exchange-correlation method: xygjos
Print level:                3
The number of threads used for parallelism:      4
The spheric-GTO basis set is taken from /home/symei/def2-TZVPP-ECP28MWB
The pruning method is nwchem
The radial grid generation method is treutler
ERI Type: ri_v
Turn on the basis pair symmetry for RI 3D-tensors
The spheric-GTO auxiliary basis set is taken from /home/symei/def2-SV(P)-JKFIT
Spin polarization: Off
Charge:   0; Spin:   1
min_num_angular_points: 110
max_num_angular_points: 590
hardness: 3
Grid generation level: 3
Even tempered basis generation: false
SCF convergency thresholds: 1e-8 for density matrix
                            1e-6 Ha. for sum of eigenvalues
                            1e-8 Ha. for total energy
Max. SCF cycle number:      100
The diis mixing with (param, max_vec_len) = (0.2, 8) is employed for the SCF procedure
Turn on the diis mixing after 1 step(s) of SCF iteractions with the linear mixing
The specified checkfile exists but is not loaded because the keyword 'external_init_guess' is specified
It will be updated after the SCF procedure 
(none)
Initial guess is prepared by (sad).
It is a finite cluster calculation
the scf functional for 'xygjos' contains
The density functional 'B3LYP' belongs to the 'Hybrid GGA' family and is defined in the reference(s):
(0): P. J. Stephens, F. J. Devlin, C. F. Chabalowski, and M. J. Frisch.,  J. Phys. Chem. 98, 11623 (1994)
the post-scf functional 'xygjos' is employed, which contains
The density functional 'Slater exchange' belongs to the 'LDA' family and is defined in the reference(s):
(0): P. A. M. Dirac.,  Math. Proc. Cambridge Philos. Soc. 26, 376 (1930)
(1): F. Bloch.,  Z. Phys. 57, 545 (1929)
The density functional 'Becke 88' belongs to the 'GGA' family and is defined in the reference(s):
(0): A. D. Becke.,  Phys. Rev. A 38, 3098 (1988)
The density functional 'Vosko, Wilk & Nusair (VWN5_RPA)' belongs to the 'LDA' family and is defined in the reference(s):
(0): S. H. Vosko, L. Wilk, and M. Nusair.,  Can. J. Phys. 58, 1200 (1980)
The density functional 'Lee, Yang & Parr' belongs to the 'GGA' family and is defined in the reference(s):
(0): C. Lee, W. Yang, and R. G. Parr.,  Phys. Rev. B 37, 785 (1988)
(1): B. Miehlich, A. Savin, H. Stoll, and H. Preuss.,  Chem. Phys. Lett. 157, 200 (1989)
<start_mo> for the frozen-core post-SCF methods 20 is smaller than the number of ecp orbitals 56. Set <start_mo> = 0
Libxc version used in REST: 7.0.0
nbas: 75, natm: 5 for standard basis sets
First valence state for the frozen-core algorithm:     0
final nbas: 340,final natm: 10
numbasis: 223, num_auxbas: 1139
Molecule_name: cbr4
job_type = "SinglePoint"
print_level = 3
basis_path = "/home/symei/def2-TZVPP-ECP28MWB"
basis_type = "spheric"
auxbas_path = "/home/symei/def2-SV(P)-JKFIT"
auxbas_type = "spheric"
use_auxbas = true
even_tempered_basis = false
etb_start_atom_number = 1
etb_beta = 1.0
ri_k_only = false
auxbasis_response = false
use_isdf = false
isdf_k_only = false
isdf_k_mu = 8
isdf_new = false
eri_type = "ri_v"
use_ri_symm = true
xc = "xygjos"
post_xc = []
post_correlation = []
post_ai_correction = "none"
charge = 0.0
spin = 1.0
spin_channel = 1
spin_polarization = false
frozen_core_postscf = 2
frequency_points = 20
lambda_points = 20
freq_grid_type = 0
freq_cut_off = 10.0
radial_precision = 0.000000000001
min_num_angular_points = 110
max_num_angular_points = 590
grid_gen_level = 3
hardness = 3
pruning = "nwchem"
rad_grid_method = "treutler"
external_grids = "grids"
mixer = "diis"
mix_param = 0.2
num_max_diis = 8
start_diis_cycle = 1
start_check_oscillation = 20
max_scf_cycle = 100
scf_acc_rho = 0.00000001
scf_acc_eev = 0.000001
scf_acc_etot = 0.00000001
restart = false
chkfile = "none"
chkfile_type = "hdf5"
guessfile = "none"
guessfile_type = "none"
external_init_guess = false
initial_guess = "sad"
noiter = false
check_stab = false
use_dm_only = false
use_ri_vj = true
fciqmc_dump = false
outputs = []
cube_orb_setting = [3.0, 80.0]
cube_orb_indices = []
atom_sad = false
occupation_type = "INTEGER"
frac_tolerant = 0.001
deep_pot = false
bench_eps = false
num_threads = 4
batch_size = 64
nforce_displacement = 0.0013
force_state_occupation = []
auxiliary_reference_states = []
pt2_mpi_mode = 0

Restricted Hartree-Fock (or Kohn-Sham) algorithm is invoked.
Nuc_energy:      94.14653564 Hartree
no empirical dispersion correction is employed
No ghost effective potential
No ghost point charges
Detailed time report:
prim ri   |:    0.562 s for for the pure three-center integrals
all ri    |:    1.614 s for for the total evaluations of ri3fn
aux_ij    |:    0.020 s for for the coulomb matrix of auxiliary basis
inv_sqrt  |:    0.320 s for for the sqrt inverse of aux_ij
ri_v      |:    0.712 s for for RI dot aux_v^{-1/2}
Overlap matrix is nonsigular:
  Lowest eigenvalue:       0.00320099 with the total number of basis functions:    223
Grid size: 97518
Generate SAD of C
the functional of 'hf' contains
For SCF calculation, no core orbital is frozen by effective core potential (ECP) approximation
Libxc version used in REST: 7.0.0
nbas: 11, natm: 1 for standard basis sets
First valence state for the frozen-core algorithm:     0
final nbas: 36,final natm: 2
numbasis: 31, num_auxbas: 75
Restricted Hartree-Fock (or Kohn-Sham) algorithm is invoked.
Nuc_energy:       0.00000000 Hartree
no empirical dispersion correction is employed
No ghost effective potential
No ghost point charges
Detailed time report:
aux_ij    |:    0.001 s for for the coulomb matrix of auxiliary basis
all ri    |:    0.005 s for for the total evaluations of ri3fn
ri_v      |:    0.000 s for for RI dot aux_v^{-1/2}
prim ri   |:    0.002 s for for the pure three-center integrals
inv_sqrt  |:    0.001 s for for the sqrt inverse of aux_ij
Overlap matrix is nonsigular:
  Lowest eigenvalue:       0.02859941 with the total number of basis functions:     31
Grid size: 13902
Initial guess from SAP
The evaluation of vmat costs             0.01 seconds
Detailed time report:
CInt      |:    0.007 s for Two, Three, and Four-center integrals
InitGuess |:    0.011 s for Prepare initial guess
Overall   |:    0.045 s for SCF Preparation
DFT Grids |:    0.027 s for Initialization of the tabulated Grids and AOs
ISDF      |:    0.000 s for ISDF initialization
Exc:       0.00000000, Vxc:       0.00000000
The total energy:       -37.3118631552 Ha by the initial guess
Exc:       0.00000000, Vxc:       0.00000000
Energy:     -37.3534544776 Ha after    1 iterations (in       0.00 seconds).
Detailed timing info in this SCF step:
prepare_next_input:            0.00s
diagonalize_hamiltonian:       0.00s
generate_density_matrix:       0.00s
check_scf_convergence:         0.00s
scf_records.update:            0.00s
Exc:       0.00000000, Vxc:       0.00000000
SCF Change: DM 2.19957e-3; eev 1.98117e-1 Ha; etot 1.39255e-2 Ha
Energy:     -37.3395289986 Ha after    2 iterations (in       0.00 seconds).
Detailed timing info in this SCF step:
prepare_next_input:            0.00s
diagonalize_hamiltonian:       0.00s
generate_density_matrix:       0.00s
check_scf_convergence:         0.00s
scf_records.update:            0.00s
Exc:       0.00000000, Vxc:       0.00000000
SCF Change: DM 2.75898e-4; eev 8.27411e-2 Ha; etot 4.91166e-3 Ha
Energy:     -37.3346173426 Ha after    3 iterations (in       0.00 seconds).
Detailed timing info in this SCF step:
prepare_next_input:            0.00s
diagonalize_hamiltonian:       0.00s
generate_density_matrix:       0.00s
check_scf_convergence:         0.00s
scf_records.update:            0.00s
Exc:       0.00000000, Vxc:       0.00000000
SCF Change: DM 7.48385e-4; eev 5.26451e-2 Ha; etot -5.83989e-3 Ha
Energy:     -37.3404572308 Ha after    4 iterations (in       0.00 seconds).
Detailed timing info in this SCF step:
prepare_next_input:            0.00s
diagonalize_hamiltonian:       0.00s
generate_density_matrix:       0.00s
check_scf_convergence:         0.00s
scf_records.update:            0.00s
Exc:       0.00000000, Vxc:       0.00000000
SCF Change: DM 1.50994e-4; eev 3.25359e-2 Ha; etot -1.32711e-3 Ha
Energy:     -37.3417843366 Ha after    5 iterations (in       0.00 seconds).
Detailed timing info in this SCF step:
prepare_next_input:            0.00s
diagonalize_hamiltonian:       0.00s
generate_density_matrix:       0.00s
check_scf_convergence:         0.00s
scf_records.update:            0.00s
Exc:       0.00000000, Vxc:       0.00000000
SCF Change: DM 2.39738e-4; eev 1.55190e-2 Ha; etot 1.96241e-3 Ha
Energy:     -37.3398219292 Ha after    6 iterations (in       0.00 seconds).
Detailed timing info in this SCF step:
prepare_next_input:            0.00s
diagonalize_hamiltonian:       0.00s
generate_density_matrix:       0.00s
check_scf_convergence:         0.00s
scf_records.update:            0.00s
Exc:       0.00000000, Vxc:       0.00000000
SCF Change: DM 6.22195e-5; eev 1.20159e-2 Ha; etot 2.64520e-4 Ha
Energy:     -37.3395574095 Ha after    7 iterations (in       0.00 seconds).
Detailed timing info in this SCF step:
prepare_next_input:            0.00s
diagonalize_hamiltonian:       0.00s
generate_density_matrix:       0.00s
check_scf_convergence:         0.00s
scf_records.update:            0.00s
Exc:       0.00000000, Vxc:       0.00000000
SCF Change: DM 5.69283e-5; eev 2.75140e-3 Ha; etot -5.52643e-4 Ha
Energy:     -37.3401100521 Ha after    8 iterations (in       0.00 seconds).
Detailed timing info in this SCF step:
prepare_next_input:            0.00s
diagonalize_hamiltonian:       0.00s
generate_density_matrix:       0.00s
check_scf_convergence:         0.00s
scf_records.update:            0.00s
Exc:       0.00000000, Vxc:       0.00000000
SCF Change: DM 1.64934e-5; eev 2.56091e-3 Ha; etot -6.07626e-7 Ha
Energy:     -37.3401106598 Ha after    9 iterations (in       0.00 seconds).
Detailed timing info in this SCF step:
prepare_next_input:            0.00s
diagonalize_hamiltonian:       0.00s
generate_density_matrix:       0.00s
check_scf_convergence:         0.00s
scf_records.update:            0.00s
Exc:       0.00000000, Vxc:       0.00000000
SCF Change: DM 1.87824e-6; eev 2.26777e-5 Ha; etot -1.25578e-7 Ha
Energy:     -37.3401107853 Ha after   10 iterations (in       0.00 seconds).
Detailed timing info in this SCF step:
prepare_next_input:            0.00s
diagonalize_hamiltonian:       0.00s
generate_density_matrix:       0.00s
check_scf_convergence:         0.00s
scf_records.update:            0.00s
Exc:       0.00000000, Vxc:       0.00000000
SCF Change: DM 3.76649e-7; eev 1.74992e-5 Ha; etot -4.21409e-10 Ha
Energy:     -37.3401107858 Ha after   11 iterations (in       0.00 seconds).
Detailed timing info in this SCF step:
prepare_next_input:            0.00s
diagonalize_hamiltonian:       0.00s
generate_density_matrix:       0.00s
check_scf_convergence:         0.00s
scf_records.update:            0.00s
Exc:       0.00000000, Vxc:       0.00000000
SCF Change: DM 1.30812e-8; eev 2.79743e-7 Ha; etot -1.88223e-11 Ha
Energy:     -37.3401107858 Ha after   12 iterations (in       0.00 seconds).
Detailed timing info in this SCF step:
prepare_next_input:            0.00s
diagonalize_hamiltonian:       0.00s
generate_density_matrix:       0.00s
check_scf_convergence:         0.00s
scf_records.update:            0.00s
Exc:       0.00000000, Vxc:       0.00000000
SCF Change: DM 2.33060e-9; eev 2.95397e-8 Ha; etot -1.42109e-14 Ha
Energy:     -37.3401107858 Ha after   13 iterations (in       0.00 seconds).
Detailed timing info in this SCF step:
prepare_next_input:            0.00s
diagonalize_hamiltonian:       0.00s
generate_density_matrix:       0.00s
check_scf_convergence:         0.00s
scf_records.update:            0.00s
Exc:       0.00000000, Vxc:       0.00000000
SCF Change: DM 5.18664e-12; eev 3.12549e-10 Ha; etot 7.10543e-15 Ha
Energy:     -37.3401107858 Ha after   14 iterations (in       0.00 seconds).
Detailed timing info in this SCF step:
prepare_next_input:            0.00s
diagonalize_hamiltonian:       0.00s
generate_density_matrix:       0.00s
check_scf_convergence:         0.00s
scf_records.update:            0.00s
SCF is converged after   14 iterations.
   State    Occupation        Eigenvalue
       0       2.00000        -11.472430
       1       2.00000         -0.775722
       2       0.66667         -0.123052
       3       0.66667         -0.123052
       4       0.66667         -0.123052
       5       0.00000          0.234768
       6       0.00000          0.349642
       7       0.00000          0.349642
the job spends             0.07 seconds
Generate SAD of Br
the functional of 'hf' contains
<start_mo> for the frozen-core post-SCF methods 0 is smaller than the number of ecp orbitals 14. Set <start_mo> = 0
Libxc version used in REST: 7.0.0
nbas: 16, natm: 1 for standard basis sets
First valence state for the frozen-core algorithm:     0
final nbas: 76,final natm: 2
numbasis: 48, num_auxbas: 266
Restricted Hartree-Fock (or Kohn-Sham) algorithm is invoked.
Nuc_energy:       0.00000000 Hartree
no empirical dispersion correction is employed
No ghost effective potential
No ghost point charges
Detailed time report:
prim ri   |:    0.010 s for for the pure three-center integrals
inv_sqrt  |:    0.009 s for for the sqrt inverse of aux_ij
aux_ij    |:    0.002 s for for the coulomb matrix of auxiliary basis
ri_v      |:    0.003 s for for RI dot aux_v^{-1/2}
all ri    |:    0.025 s for for the total evaluations of ri3fn
Overlap matrix is nonsigular:
  Lowest eigenvalue:       0.02573177 with the total number of basis functions:     48
Grid size: 20904
Initial guess from SAP
The evaluation of vmat costs             0.02 seconds
Detailed time report:
InitGuess |:    0.024 s for Prepare initial guess
Overall   |:    0.108 s for SCF Preparation
DFT Grids |:    0.046 s for Initialization of the tabulated Grids and AOs
ISDF      |:    0.000 s for ISDF initialization
CInt      |:    0.037 s for Two, Three, and Four-center integrals
Exc:       0.00000000, Vxc:       0.00000000
The total energy:      1518.2453524047 Ha by the initial guess
Exc:       0.00000000, Vxc:       0.00000000
Energy:     576.5550265900 Ha after    1 iterations (in       0.00 seconds).
Detailed timing info in this SCF step:
prepare_next_input:            0.00s
diagonalize_hamiltonian:       0.00s
generate_density_matrix:       0.00s
check_scf_convergence:         0.00s
scf_records.update:            0.00s
Exc:       0.00000000, Vxc:       0.00000000
SCF Change: DM 5.72721e-2; eev  4.44662e1 Ha; etot -5.88122e2 Ha
Energy:     -11.5665529343 Ha after    2 iterations (in       0.00 seconds).
Detailed timing info in this SCF step:
prepare_next_input:            0.00s
diagonalize_hamiltonian:       0.00s
generate_density_matrix:       0.00s
check_scf_convergence:         0.00s
scf_records.update:            0.00s
Exc:       0.00000000, Vxc:       0.00000000
SCF Change: DM 7.25587e-3; eev  5.59459e0 Ha; etot -1.99317e0 Ha
Energy:     -13.5597247486 Ha after    3 iterations (in       0.00 seconds).
Detailed timing info in this SCF step:
prepare_next_input:            0.00s
diagonalize_hamiltonian:       0.00s
generate_density_matrix:       0.00s
check_scf_convergence:         0.00s
scf_records.update:            0.00s
Exc:       0.00000000, Vxc:       0.00000000
SCF Change: DM 1.61709e-2; eev  1.74924e0 Ha; etot -3.16857e-2 Ha
Energy:     -13.5914104712 Ha after    4 iterations (in       0.00 seconds).
Detailed timing info in this SCF step:
prepare_next_input:            0.00s
diagonalize_hamiltonian:       0.00s
generate_density_matrix:       0.00s
check_scf_convergence:         0.00s
scf_records.update:            0.00s
Exc:       0.00000000, Vxc:       0.00000000
SCF Change: DM 9.00742e-4; eev  1.12698e0 Ha; etot -7.26769e-2 Ha
Energy:     -13.6640873517 Ha after    5 iterations (in       0.00 seconds).
Detailed timing info in this SCF step:
prepare_next_input:            0.00s
diagonalize_hamiltonian:       0.00s
generate_density_matrix:       0.00s
check_scf_convergence:         0.00s
scf_records.update:            0.00s
Exc:       0.00000000, Vxc:       0.00000000
SCF Change: DM 4.22679e-3; eev 5.26666e-1 Ha; etot -6.47387e-2 Ha
Energy:     -13.7288260609 Ha after    6 iterations (in       0.00 seconds).
Detailed timing info in this SCF step:
prepare_next_input:            0.00s
diagonalize_hamiltonian:       0.00s
generate_density_matrix:       0.00s
check_scf_convergence:         0.00s
scf_records.update:            0.00s
Exc:       0.00000000, Vxc:       0.00000000
SCF Change: DM 4.25560e-4; eev 2.56107e-1 Ha; etot -1.43728e-2 Ha
Energy:     -13.7431988356 Ha after    7 iterations (in       0.00 seconds).
Detailed timing info in this SCF step:
prepare_next_input:            0.00s
diagonalize_hamiltonian:       0.00s
generate_density_matrix:       0.00s
check_scf_convergence:         0.00s
scf_records.update:            0.00s
Exc:       0.00000000, Vxc:       0.00000000
SCF Change: DM 1.11464e-3; eev 1.65631e-1 Ha; etot 1.02339e-2 Ha
Energy:     -13.7329649525 Ha after    8 iterations (in       0.00 seconds).
Detailed timing info in this SCF step:
prepare_next_input:            0.00s
diagonalize_hamiltonian:       0.00s
generate_density_matrix:       0.00s
check_scf_convergence:         0.00s
scf_records.update:            0.00s
Exc:       0.00000000, Vxc:       0.00000000
SCF Change: DM 1.36993e-4; eev 8.24133e-2 Ha; etot -4.14099e-4 Ha
Energy:     -13.7333790516 Ha after    9 iterations (in       0.00 seconds).
Detailed timing info in this SCF step:
prepare_next_input:            0.00s
diagonalize_hamiltonian:       0.00s
generate_density_matrix:       0.00s
check_scf_convergence:         0.00s
scf_records.update:            0.00s
Exc:       0.00000000, Vxc:       0.00000000
SCF Change: DM 7.64060e-6; eev 2.34120e-3 Ha; etot -1.43071e-5 Ha
Energy:     -13.7333933587 Ha after   10 iterations (in       0.00 seconds).
Detailed timing info in this SCF step:
prepare_next_input:            0.00s
diagonalize_hamiltonian:       0.00s
generate_density_matrix:       0.00s
check_scf_convergence:         0.00s
scf_records.update:            0.00s
Exc:       0.00000000, Vxc:       0.00000000
SCF Change: DM 3.07933e-7; eev 2.75159e-5 Ha; etot -1.52036e-8 Ha
Energy:     -13.7333933739 Ha after   11 iterations (in       0.00 seconds).
Detailed timing info in this SCF step:
prepare_next_input:            0.00s
diagonalize_hamiltonian:       0.00s
generate_density_matrix:       0.00s
check_scf_convergence:         0.00s
scf_records.update:            0.00s
Exc:       0.00000000, Vxc:       0.00000000
SCF Change: DM 1.96373e-8; eev 3.71799e-6 Ha; etot -1.74261e-11 Ha
Energy:     -13.7333933739 Ha after   12 iterations (in       0.00 seconds).
Detailed timing info in this SCF step:
prepare_next_input:            0.00s
diagonalize_hamiltonian:       0.00s
generate_density_matrix:       0.00s
check_scf_convergence:         0.00s
scf_records.update:            0.00s
Exc:       0.00000000, Vxc:       0.00000000
SCF Change: DM 3.41657e-10; eev 7.30671e-9 Ha; etot -5.32907e-14 Ha
Energy:     -13.7333933739 Ha after   13 iterations (in       0.00 seconds).
Detailed timing info in this SCF step:
prepare_next_input:            0.00s
diagonalize_hamiltonian:       0.00s
generate_density_matrix:       0.00s
check_scf_convergence:         0.00s
scf_records.update:            0.00s
SCF is converged after   13 iterations.
   State    Occupation        Eigenvalue
       0       2.00000         -1.148338
       1       1.66667         -0.401641
       2       1.66667         -0.401641
       3       1.66667         -0.401641
       4       0.00000          0.342927
       5       0.00000          0.342927
       6       0.00000          0.342927
the job spends             0.16 seconds
total electron number:      33.99999992
The evaluation of Vj, Vk and Vxc matrices cost       0.03,       0.53 and       0.88 seconds, respectively
Exc:     -12.99780097, Vxc:      -8.36719004
Initial guess HF energy:     -95.0798238823764450
Initial density matrix by Atom SAD:
                 0,           1,           2,           3,           4
    0     0.456530,    0.613527,   -0.046435,   -0.112340,    0.016081
    1     0.613527,    0.838482,   -0.129413,   -0.214737,    0.032031
    2    -0.046435,   -0.129413,    0.326863,    0.317882,   -0.057608
    3    -0.112340,   -0.214737,    0.317882,    0.319189,   -0.056462
    4     0.016081,    0.032031,   -0.057608,   -0.056462,    0.061995
    5    -0.000000,   -0.000000,    0.000000,   -0.000000,   -0.000000
    6    -0.000000,   -0.000000,   -0.000000,    0.000002,    0.000000
    7     0.000000,    0.000000,    0.000001,   -0.000002,   -0.000002
    8     0.000000,    0.000000,   -0.000000,   -0.000000,    0.000000
    9     0.000000,    0.000000,    0.000001,    0.000002,   -0.000000
   10    -0.000000,   -0.000000,   -0.000000,   -0.000002,   -0.000002
   11    -0.000000,   -0.000000,    0.000000,    0.000000,   -0.000000
   12     0.000000,    0.000000,    0.000000,    0.000000,   -0.000000
   13     0.000000,    0.000001,   -0.000002,   -0.000002,    0.000001
   14     0.000000,    0.000000,   -0.000000,   -0.000000,    0.000000
   15     0.000000,    0.000000,   -0.000000,   -0.000000,    0.000000
   16    -0.000000,   -0.000000,    0.000000,    0.000000,    0.000000
   17    -0.000000,   -0.000000,   -0.000000,   -0.000000,    0.000000
   18     0.000000,    0.000000,    0.000000,    0.000000,    0.000000
   19    -0.000000,   -0.000000,    0.000000,    0.000000,   -0.000000
   20     0.000000,    0.000000,    0.000000,    0.000000,   -0.000000
   21     0.000000,    0.000000,   -0.000001,   -0.000001,    0.000000
   22    -0.000000,   -0.000000,    0.000000,    0.000000,   -0.000000
   23    -0.000000,   -0.000000,    0.000000,    0.000000,   -0.000000
   24     0.000340,    0.000550,   -0.000453,   -0.000486,   -0.000196
   25    -0.000008,   -0.000013,    0.000011,    0.000012,    0.000005
   26     0.000419,    0.000678,   -0.000558,   -0.000599,   -0.000241
   27    -0.000113,   -0.000183,    0.000150,    0.000161,    0.000065
   28     0.000002,    0.000003,   -0.000002,   -0.000002,   -0.000001
   29     0.001234,    0.001998,   -0.001645,   -0.001763,   -0.000710
   30     0.000003,    0.000005,   -0.000004,   -0.000004,   -0.000002
   31     0.000000,    0.000000,   -0.000004,   -0.000003,    0.000040
   32    -0.000026,   -0.000064,    0.000132,    0.000131,    0.000041
   33    -0.000396,   -0.000916,    0.002477,    0.002341,   -0.005615
   34    -0.003685,   -0.008300,    0.022812,    0.021451,   -0.059751
   35     0.013370,    0.030827,   -0.080672,   -0.076534,    0.167938
   36     0.000987,   -0.000348,    0.004263,    0.004373,    0.031655
   37     0.000000,    0.000001,   -0.000001,   -0.000001,    0.000000
   38     0.000113,    0.000240,   -0.000439,   -0.000434,    0.000093
   39     0.000048,    0.000103,   -0.000188,   -0.000186,    0.000040
   40    -0.000008,   -0.000018,    0.000032,    0.000032,   -0.000007
   41    -0.002557,   -0.005468,    0.010073,    0.009959,   -0.002175
   42    -0.001093,   -0.002337,    0.004305,    0.004257,   -0.000930
   43     0.000040,    0.000084,   -0.000150,   -0.000149,    0.000030
   44     0.012415,    0.026101,   -0.046655,   -0.046222,    0.009379
   45     0.005306,    0.011156,   -0.019942,   -0.019758,    0.004010
   46     0.000070,    0.000158,   -0.000319,   -0.000314,    0.000086
   47     0.021746,    0.049180,   -0.099165,   -0.097456,    0.026584
   48     0.009295,    0.021021,   -0.042386,   -0.041657,    0.011366
   49     0.000015,    0.000036,   -0.000077,   -0.000075,    0.000042
   50     0.004800,    0.011131,   -0.023970,   -0.023396,    0.012888
   51     0.002052,    0.004757,   -0.010245,   -0.010000,    0.005509
   52    -0.000000,   -0.000000,    0.000000,    0.000000,   -0.000000
   53    -0.000009,   -0.000014,    0.000008,    0.000009,   -0.000000
   54     0.000004,    0.000006,   -0.000003,   -0.000004,    0.000000
   55    -0.000000,   -0.000000,    0.000000,    0.000000,   -0.000000
   56     0.000011,    0.000016,   -0.000009,   -0.000011,    0.000000
   57     0.000002,    0.000005,   -0.000008,   -0.000008,    0.000000
   58     0.000302,    0.000612,   -0.001008,   -0.001006,    0.000033
   59    -0.000129,   -0.000263,    0.000432,    0.000432,   -0.000014
   60     0.000001,    0.000002,   -0.000003,   -0.000003,    0.000000
   61    -0.000353,   -0.000716,    0.001179,    0.001177,   -0.000038
   62    -0.000019,   -0.000040,    0.000074,    0.000073,   -0.000008
   63    -0.002467,   -0.005314,    0.009781,    0.009682,   -0.001091
   64     0.001058,    0.002278,   -0.004192,   -0.004150,    0.000468
   65    -0.000008,   -0.000017,    0.000032,    0.000031,   -0.000004
   66     0.002886,    0.006216,   -0.011441,   -0.011325,    0.001276
   67    -0.000008,   -0.000027,    0.000076,    0.000073,   -0.000032
   68    -0.001126,   -0.003521,    0.010058,    0.009700,   -0.004292
   69     0.000482,    0.001509,   -0.004311,   -0.004157,    0.001840
   70    -0.000004,   -0.000011,    0.000032,    0.000031,   -0.000014
   71     0.001317,    0.004119,   -0.011766,   -0.011347,    0.005021
   72    -0.000866,   -0.002025,    0.004241,    0.004162,   -0.000862
   73     0.000006,    0.000014,   -0.000029,   -0.000029,    0.000007
   74    -0.000179,   -0.000426,    0.000919,    0.000900,   -0.000226
   75    -0.000618,   -0.001438,    0.002985,    0.002932,   -0.000566
   76    -0.000001,   -0.000001,    0.000003,    0.000003,   -0.000001
   77    -0.000903,   -0.002131,    0.004528,    0.004439,   -0.001020
   78    -0.000008,   -0.000020,    0.000041,    0.000040,   -0.000008
   79     0.000000,    0.000000,   -0.000004,   -0.000003,    0.000040
   80    -0.000026,   -0.000064,    0.000132,    0.000131,    0.000041
   81    -0.000396,   -0.000916,    0.002477,    0.002341,   -0.005615
   82    -0.003685,   -0.008300,    0.022812,    0.021451,   -0.059750
   83     0.013370,    0.030827,   -0.080672,   -0.076533,    0.167936
   84     0.000988,   -0.000347,    0.004262,    0.004373,    0.031656
   85    -0.000100,   -0.000213,    0.000390,    0.000386,   -0.000083
   86    -0.000015,   -0.000031,    0.000057,    0.000056,   -0.000012
   87    -0.000069,   -0.000147,    0.000270,    0.000267,   -0.000057
   88     0.002271,    0.004858,   -0.008948,   -0.008847,    0.001931
   89     0.000330,    0.000705,   -0.001299,   -0.001284,    0.000280
   90     0.001570,    0.003357,   -0.006185,   -0.006115,    0.001335
   91    -0.011028,   -0.023186,    0.041445,    0.041060,   -0.008330
   92    -0.001601,   -0.003365,    0.006015,    0.005959,   -0.001210
   93    -0.007622,   -0.016026,    0.028646,    0.028380,   -0.005759
   94    -0.019318,   -0.043687,    0.088090,    0.086572,   -0.023612
   95    -0.002804,   -0.006340,    0.012785,    0.012564,   -0.003428
   96    -0.013352,   -0.030196,    0.060886,    0.059837,   -0.016324
   97    -0.004264,   -0.009888,    0.021293,    0.020783,   -0.011447
   98    -0.000619,   -0.001435,    0.003090,    0.003016,   -0.001662
   99    -0.002947,   -0.006834,    0.014717,    0.014364,   -0.007913
  100    -0.000002,   -0.000004,    0.000002,    0.000002,   -0.000000
  101    -0.000002,   -0.000003,    0.000001,    0.000002,   -0.000000
  102     0.000000,    0.000000,   -0.000000,   -0.000000,    0.000000
  103    -0.000012,   -0.000018,    0.000010,    0.000011,   -0.000000
  104    -0.000008,   -0.000013,    0.000007,    0.000008,   -0.000000
  105     0.000081,    0.000164,   -0.000270,   -0.000270,    0.000009
  106     0.000056,    0.000113,   -0.000187,   -0.000186,    0.000006
  107    -0.000011,   -0.000022,    0.000035,    0.000035,   -0.000001
  108     0.000385,    0.000781,   -0.001287,   -0.001284,    0.000042
  109     0.000273,    0.000553,   -0.000911,   -0.000909,    0.000029
  110    -0.000661,   -0.001424,    0.002620,    0.002594,   -0.000292
  111    -0.000457,   -0.000984,    0.001811,    0.001793,   -0.000202
  112     0.000086,    0.000186,   -0.000342,   -0.000339,    0.000038
  113    -0.003149,   -0.006781,    0.012480,    0.012355,   -0.001392
  114    -0.002230,   -0.004801,    0.008838,    0.008749,   -0.000985
  115    -0.000302,   -0.000944,    0.002695,    0.002599,   -0.001150
  116    -0.000208,   -0.000652,    0.001863,    0.001796,   -0.000795
  117     0.000039,    0.000123,   -0.000351,   -0.000339,    0.000150
  118    -0.001436,   -0.004493,    0.012835,    0.012378,   -0.005477
  119    -0.001017,   -0.003182,    0.009089,    0.008766,   -0.003879
  120    -0.000261,   -0.000617,    0.001309,    0.001283,   -0.000293
  121    -0.000299,   -0.000696,    0.001449,    0.001422,   -0.000280
  122    -0.000059,   -0.000147,    0.000337,    0.000328,   -0.000114
  123     0.000560,    0.001307,   -0.002728,   -0.002678,    0.000542
  124    -0.000419,   -0.000977,    0.002033,    0.001996,   -0.000395
  125    -0.001002,   -0.002363,    0.005011,    0.004913,   -0.001114
  126    -0.000570,   -0.001327,    0.002763,    0.002713,   -0.000536
  127     0.000000,    0.000000,   -0.000004,   -0.000003,    0.000040
  128    -0.000026,   -0.000064,    0.000132,    0.000131,    0.000041
  129    -0.000396,   -0.000916,    0.002477,    0.002341,   -0.005615
  130    -0.003685,   -0.008300,    0.022812,    0.021451,   -0.059750
  131     0.013370,    0.030827,   -0.080672,   -0.076533,    0.167936
  132     0.000987,   -0.000347,    0.004262,    0.004373,    0.031656
  133     0.000100,    0.000213,   -0.000390,   -0.000385,    0.000083
  134    -0.000015,   -0.000032,    0.000059,    0.000059,   -0.000013
  135    -0.000069,   -0.000147,    0.000269,    0.000267,   -0.000057
  136    -0.002269,   -0.004854,    0.008941,    0.008840,   -0.001930
  137     0.000345,    0.000737,   -0.001357,   -0.001342,    0.000293
  138     0.001569,    0.003356,   -0.006182,   -0.006112,    0.001335
  139     0.011020,    0.023169,   -0.041413,   -0.041029,    0.008323
  140    -0.001673,   -0.003517,    0.006287,    0.006229,   -0.001264
  141    -0.007619,   -0.016019,    0.028633,    0.028368,   -0.005756
  142     0.019303,    0.043654,   -0.088023,   -0.086506,    0.023594
  143    -0.002931,   -0.006627,    0.013364,    0.013133,   -0.003583
  144    -0.013346,   -0.030182,    0.060859,    0.059810,   -0.016317
  145     0.004261,    0.009880,   -0.021277,   -0.020767,    0.011438
  146    -0.000647,   -0.001500,    0.003230,    0.003153,   -0.001737
  147    -0.002946,   -0.006831,    0.014710,    0.014358,   -0.007910
  148     0.000003,    0.000004,   -0.000002,   -0.000003,    0.000000
  149    -0.000002,   -0.000003,    0.000002,    0.000002,   -0.000000
  150     0.000000,    0.000001,   -0.000000,   -0.000000,    0.000000
  151     0.000012,    0.000018,   -0.000010,   -0.000011,    0.000000
  152    -0.000008,   -0.000013,    0.000007,    0.000008,   -0.000000
  153    -0.000084,   -0.000171,    0.000282,    0.000282,   -0.000009
  154     0.000058,    0.000118,   -0.000195,   -0.000195,    0.000006
  155    -0.000011,   -0.000022,    0.000036,    0.000036,   -0.000001
  156    -0.000385,   -0.000780,    0.001285,    0.001283,   -0.000042
  157     0.000272,    0.000551,   -0.000908,   -0.000906,    0.000029
  158     0.000690,    0.001487,   -0.002737,   -0.002709,    0.000305
  159    -0.000477,   -0.001028,    0.001892,    0.001873,   -0.000211
  160     0.000088,    0.000189,   -0.000348,   -0.000345,    0.000039
  161     0.003145,    0.006772,   -0.012465,   -0.012340,    0.001390
  162    -0.002222,   -0.004784,    0.008806,    0.008718,   -0.000982
  163     0.000315,    0.000985,   -0.002815,   -0.002715,    0.001201
  164    -0.000218,   -0.000681,    0.001946,    0.001877,   -0.000831
  165     0.000040,    0.000125,   -0.000358,   -0.000345,    0.000153
  166     0.001435,    0.004488,   -0.012819,   -0.012363,    0.005471
  167    -0.001014,   -0.003171,    0.009057,    0.008735,   -0.003865
  168    -0.000273,   -0.000643,    0.001364,    0.001337,   -0.000304
  169     0.000312,    0.000727,   -0.001514,   -0.001487,    0.000295
  170    -0.000062,   -0.000153,    0.000349,    0.000341,   -0.000116
  171     0.000560,    0.001307,   -0.002730,   -0.002680,    0.000542
  172     0.000418,    0.000974,   -0.002027,   -0.001990,    0.000393
  173    -0.000998,   -0.002353,    0.004991,    0.004894,   -0.001110
  174     0.000565,    0.001316,   -0.002739,   -0.002689,    0.000531
  175     0.000000,    0.000000,   -0.000004,   -0.000003,    0.000040
  176    -0.000026,   -0.000064,    0.000132,    0.000131,    0.000041
  177    -0.000396,   -0.000916,    0.002477,    0.002341,   -0.005616
  178    -0.003685,   -0.008300,    0.022811,    0.021452,   -0.059752
  179     0.013370,    0.030827,   -0.080672,   -0.076536,    0.167941
  180     0.000988,   -0.000347,    0.004264,    0.004373,    0.031655
  181    -0.000000,   -0.000001,    0.000001,    0.000001,   -0.000000
  182    -0.000083,   -0.000177,    0.000323,    0.000320,   -0.000069
  183     0.000090,    0.000192,   -0.000351,   -0.000348,    0.000075
  184     0.000007,    0.000014,   -0.000026,   -0.000025,    0.000006
  185     0.001883,    0.004027,   -0.007417,   -0.007333,    0.001601
  186    -0.002046,   -0.004376,    0.008062,    0.007970,   -0.001741
  187    -0.000032,   -0.000066,    0.000119,    0.000118,   -0.000024
  188    -0.009142,   -0.019220,    0.034355,    0.034034,   -0.006906
  189     0.009936,    0.020890,   -0.037340,   -0.036993,    0.007508
  190    -0.000055,   -0.000125,    0.000252,    0.000248,   -0.000068
  191    -0.016013,   -0.036214,    0.073022,    0.071758,   -0.019576
  192     0.017404,    0.039360,   -0.079366,   -0.077995,    0.021280
  193    -0.000012,   -0.000028,    0.000061,    0.000059,   -0.000033
  194    -0.003535,   -0.008196,    0.017651,    0.017226,   -0.009490
  195     0.003841,    0.008908,   -0.019183,   -0.018723,    0.010316
  196    -0.000000,   -0.000000,    0.000000,    0.000000,   -0.000000
  197     0.000013,    0.000019,   -0.000011,   -0.000012,    0.000000
  198    -0.000005,   -0.000007,    0.000004,    0.000004,   -0.000000
  199     0.000000,    0.000000,   -0.000000,   -0.000000,    0.000000
  200     0.000006,    0.000009,   -0.000005,   -0.000006,    0.000000
  201     0.000001,    0.000003,   -0.000004,   -0.000004,    0.000000
  202    -0.000416,   -0.000844,    0.001390,    0.001388,   -0.000045
  203     0.000150,    0.000305,   -0.000503,   -0.000502,    0.000016
  204    -0.000001,   -0.000003,    0.000005,    0.000005,   -0.000000
  205    -0.000191,   -0.000388,    0.000640,    0.000638,   -0.000021
  206    -0.000011,   -0.000023,    0.000043,    0.000042,   -0.000005
  207     0.003402,    0.007326,   -0.013485,   -0.013349,    0.001504
  208    -0.001231,   -0.002651,    0.004880,    0.004831,   -0.000544
  209     0.000012,    0.000025,   -0.000047,   -0.000046,    0.000005
  210     0.001565,    0.003370,   -0.006203,   -0.006141,    0.000692
  211    -0.000005,   -0.000015,    0.000044,    0.000042,   -0.000019
  212     0.001552,    0.004855,   -0.013868,   -0.013374,    0.005918
  213    -0.000562,   -0.001757,    0.005019,    0.004840,   -0.002142
  214     0.000005,    0.000017,   -0.000048,   -0.000046,    0.000020
  215     0.000714,    0.002233,   -0.006380,   -0.006152,    0.002723
  216     0.000348,    0.000803,   -0.001646,   -0.001618,    0.000280
  217     0.000006,    0.000015,   -0.000032,   -0.000031,    0.000007
  218    -0.000998,   -0.002333,    0.004889,    0.004798,   -0.000996
  219    -0.000152,   -0.000352,    0.000725,    0.000712,   -0.000128
  220    -0.000003,   -0.000008,    0.000017,    0.000017,   -0.000003
  221    -0.000917,   -0.002163,    0.004595,    0.004505,   -0.001033
  222     0.000004,    0.000008,   -0.000017,   -0.000017,    0.000003
                 5,           6,           7,           8,           9
    0    -0.000000,   -0.000000,    0.000000,    0.000000,    0.000000
    1    -0.000000,   -0.000000,    0.000000,    0.000000,    0.000000
    2     0.000000,   -0.000000,    0.000001,   -0.000000,    0.000001
    3    -0.000000,    0.000002,   -0.000002,   -0.000000,    0.000002
    4    -0.000000,    0.000000,   -0.000002,    0.000000,   -0.000000
    5     0.183167,   -0.000000,   -0.000000,    0.133491,   -0.000000
    6    -0.000000,    0.183166,   -0.000002,   -0.000000,    0.133490
    7    -0.000000,   -0.000002,    0.183168,   -0.000000,    0.000000
    8     0.133491,   -0.000000,   -0.000000,    0.097879,    0.000000
    9    -0.000000,    0.133490,    0.000000,    0.000000,    0.097879
   10     0.000000,    0.000000,    0.133491,    0.000000,    0.000001
   11    -0.006064,    0.000000,    0.000000,   -0.001921,    0.000000
   12    -0.000000,   -0.006062,    0.000001,   -0.000000,   -0.001919
   13     0.000000,    0.000001,   -0.006058,    0.000000,    0.000001
   14    -0.001296,    0.000020,    0.000037,   -0.000945,    0.000015
   15     0.000037,    0.005236,   -0.002421,    0.000027,    0.003819
   16    -0.000009,   -0.002096,    0.000692,   -0.000006,   -0.001529
   17    -0.006035,    0.000037,   -0.000010,   -0.004401,    0.000027
   18    -0.000015,   -0.002506,   -0.005636,   -0.000011,   -0.001828
   19     0.001180,   -0.000018,   -0.000034,    0.000822,   -0.000013
   20    -0.000034,   -0.004769,    0.002205,   -0.000024,   -0.003324
   21     0.000008,    0.001910,   -0.000630,    0.000005,    0.001331
   22     0.005497,   -0.000034,    0.000009,    0.003831,   -0.000024
   23     0.000014,    0.002283,    0.005133,    0.000009,    0.001591
   24     0.000006,    0.000433,   -0.000097,    0.000004,    0.000327
   25    -0.000223,    0.000001,    0.000000,   -0.000169,    0.000001
   26     0.000000,   -0.000235,    0.000329,    0.000000,   -0.000178
   27     0.000001,    0.000269,    0.000442,    0.000001,    0.000203
   28    -0.000306,    0.000000,    0.000001,   -0.000231,    0.000000
   29    -0.000002,   -0.000015,   -0.000045,   -0.000001,   -0.000011
   30    -0.000415,    0.000006,   -0.000001,   -0.000313,    0.000004
   31     0.000000,    0.000011,    0.000005,    0.000000,    0.000014
   32     0.000000,    0.000116,    0.000049,    0.000000,    0.000090
   33    -0.000000,   -0.000041,   -0.000018,   -0.000003,   -0.000821
   34    -0.000010,   -0.003160,   -0.001351,   -0.000034,   -0.010610
   35    -0.000019,   -0.005981,   -0.002556,    0.000059,    0.018376
   36     0.000072,    0.022433,    0.009588,    0.000069,    0.021559
   37     0.000113,   -0.000003,   -0.000001,    0.000104,   -0.000002
   38    -0.000003,   -0.000846,   -0.000410,   -0.000002,   -0.000600
   39    -0.000001,   -0.000410,   -0.000062,   -0.000001,   -0.000301
   40    -0.002608,    0.000072,    0.000031,   -0.002396,    0.000053
   41     0.000072,    0.019660,    0.009518,    0.000053,    0.013927
   42     0.000031,    0.009518,    0.001460,    0.000022,    0.006977
   43     0.011526,   -0.000352,   -0.000150,    0.011005,   -0.000258
   44    -0.000352,   -0.097713,   -0.046694,   -0.000258,   -0.069185
   45    -0.000150,   -0.046693,   -0.008430,   -0.000110,   -0.034276
   46     0.027717,   -0.000714,   -0.000305,    0.024734,   -0.000521
   47    -0.000714,   -0.193974,   -0.094760,   -0.000521,   -0.137018
   48    -0.000305,   -0.094759,   -0.012783,   -0.000223,   -0.069139
   49     0.004795,   -0.000216,   -0.000092,    0.005277,   -0.000154
   50    -0.000216,   -0.062236,   -0.028652,   -0.000154,   -0.042600
   51    -0.000092,   -0.028652,   -0.007452,   -0.000066,   -0.020465
   52     0.000004,    0.000000,    0.000000,    0.000002,    0.000000
   53     0.000000,    0.000032,    0.000001,    0.000000,    0.000024
   54    -0.000000,   -0.000017,    0.000007,   -0.000000,   -0.000012
   55    -0.000022,    0.000000,   -0.000000,   -0.000015,    0.000000
   56    -0.000000,   -0.000027,   -0.000027,   -0.000000,   -0.000021
   57     0.000256,   -0.000011,   -0.000008,    0.000210,   -0.000008
   58    -0.000008,   -0.001715,   -0.000107,   -0.000006,   -0.001286
   59     0.000002,    0.000677,    0.000184,    0.000002,    0.000497
   60     0.000744,   -0.000008,   -0.000000,    0.000520,   -0.000006
   61     0.000006,    0.001534,    0.001230,    0.000005,    0.001166
   62    -0.005613,    0.000089,    0.000055,   -0.004209,    0.000066
   63     0.000055,    0.012655,   -0.000354,    0.000040,    0.009341
   64    -0.000011,   -0.003330,   -0.004748,   -0.000008,   -0.002425
   65    -0.004188,    0.000055,   -0.000002,   -0.003018,    0.000040
   66    -0.000071,   -0.011027,   -0.008421,   -0.000053,   -0.008161
   67    -0.011303,    0.000112,    0.000060,   -0.008124,    0.000078
   68     0.000060,    0.014516,   -0.002566,    0.000042,    0.010144
   69    -0.000005,   -0.001718,   -0.009434,   -0.000003,   -0.001115
   70    -0.004119,    0.000060,   -0.000008,   -0.003019,    0.000042
   71    -0.000111,   -0.011714,   -0.009317,   -0.000078,   -0.008050
   72     0.000046,    0.004655,    0.003968,    0.000034,    0.003340
   73     0.002928,   -0.000050,   -0.000005,    0.002136,   -0.000036
   74    -0.000001,   -0.000248,    0.003640,   -0.000001,   -0.000203
   75     0.000014,    0.004222,    0.000744,    0.000010,    0.003043
   76     0.000126,   -0.000001,    0.000012,    0.000086,   -0.000001
   77     0.000039,    0.006279,    0.000770,    0.000028,    0.004508
   78    -0.003261,    0.000055,    0.000038,   -0.002391,    0.000040
   79    -0.000010,   -0.000001,   -0.000007,   -0.000012,   -0.000002
   80    -0.000103,   -0.000015,   -0.000071,   -0.000080,   -0.000012
   81     0.000037,    0.000005,    0.000025,    0.000729,    0.000106
   82     0.002807,    0.000407,    0.001940,    0.009425,    0.001368
   83     0.005313,    0.000771,    0.003671,   -0.016323,   -0.002370
   84    -0.019928,   -0.002891,   -0.013773,   -0.019151,   -0.002779
   85    -0.000644,   -0.000110,   -0.000523,   -0.000451,   -0.000081
   86    -0.000110,    0.000097,   -0.000076,   -0.000081,    0.000092
   87    -0.000523,   -0.000076,   -0.000248,   -0.000384,   -0.000056
   88     0.014963,    0.002550,    0.012146,    0.010484,    0.001869
   89     0.002550,   -0.002238,    0.001763,    0.001869,   -0.002125
   90     0.012146,    0.001763,    0.005787,    0.008903,    0.001292
   91    -0.074672,   -0.012510,   -0.059585,   -0.052271,   -0.009184
   92    -0.012510,    0.009712,   -0.008647,   -0.009183,    0.009673
   93    -0.059582,   -0.008646,   -0.029657,   -0.043738,   -0.006347
   94    -0.147215,   -0.025388,   -0.120921,   -0.102900,   -0.018524
   95    -0.025388,    0.024035,   -0.017548,   -0.018524,    0.022047
   96    -0.120917,   -0.017547,   -0.055860,   -0.088224,   -0.012803
   97    -0.048097,   -0.007676,   -0.036562,   -0.032501,   -0.005483
   98    -0.007677,    0.003681,   -0.005306,   -0.005483,    0.004482
   99    -0.036561,   -0.005305,   -0.020476,   -0.026114,   -0.003790
  100    -0.000008,   -0.000008,   -0.000001,   -0.000006,   -0.000005
  101    -0.000001,    0.000017,   -0.000012,   -0.000001,    0.000012
  102     0.000005,   -0.000008,   -0.000003,    0.000003,   -0.000006
  103    -0.000038,   -0.000001,   -0.000013,   -0.000028,   -0.000001
  104    -0.000013,   -0.000010,   -0.000027,   -0.000010,   -0.000007
  105     0.000411,   -0.000057,    0.000186,    0.000307,   -0.000066
  106     0.000186,   -0.000644,    0.000398,    0.000149,   -0.000456
  107     0.000019,    0.000245,   -0.000180,    0.000027,    0.000169
  108     0.001942,    0.000186,    0.000812,    0.001451,    0.000148
  109     0.000834,    0.000438,    0.001293,    0.000644,    0.000318
  110    -0.002887,    0.004163,   -0.002153,   -0.002127,    0.003148
  111    -0.002154,    0.004582,   -0.001618,   -0.001613,    0.003337
  112    -0.002256,   -0.001011,    0.004188,   -0.001707,   -0.000714
  113    -0.013705,   -0.002153,   -0.005707,   -0.010102,   -0.001612
  114    -0.005962,   -0.003021,   -0.009143,   -0.004429,   -0.002211
  115    -0.003136,    0.009494,   -0.003312,   -0.002186,    0.006824
  116    -0.003311,    0.005883,   -0.000492,   -0.002322,    0.004285
  117    -0.005260,   -0.000491,    0.008474,   -0.003784,   -0.000376
  118    -0.014955,   -0.003311,   -0.005556,   -0.010424,   -0.002322
  119    -0.005941,   -0.003494,   -0.010419,   -0.004001,   -0.002496
  120    -0.001438,    0.002042,   -0.001465,   -0.001030,    0.001504
  121    -0.002043,    0.002964,   -0.001239,   -0.001477,    0.002170
  122    -0.000580,    0.000902,   -0.000046,   -0.000417,    0.000656
  123     0.002600,    0.000035,    0.002919,    0.001861,    0.000025
  124    -0.004412,   -0.000797,    0.001540,   -0.003202,   -0.000578
  125    -0.005471,   -0.001755,   -0.003669,   -0.003920,   -0.001272
  126    -0.001906,   -0.001653,   -0.003704,   -0.001362,   -0.001202
  127     0.000010,   -0.000001,   -0.000007,    0.000012,   -0.000002
  128     0.000103,   -0.000016,   -0.000071,    0.000080,   -0.000012
  129    -0.000037,    0.000006,    0.000025,   -0.000728,    0.000111
  130    -0.002805,    0.000426,    0.001940,   -0.009418,    0.001430
  131    -0.005309,    0.000806,    0.003670,    0.016310,   -0.002477
  132     0.019913,   -0.003023,   -0.013767,    0.019137,   -0.002905
  133    -0.000643,    0.000115,    0.000523,   -0.000451,    0.000084
  134     0.000115,    0.000096,   -0.000079,    0.000084,    0.000091
  135     0.000523,   -0.000079,   -0.000248,    0.000383,   -0.000058
  136     0.014936,   -0.002664,   -0.012132,    0.010464,   -0.001952
  137    -0.002664,   -0.002204,    0.001842,   -0.001952,   -0.002100
  138    -0.012131,    0.001841,    0.005780,   -0.008892,    0.001350
  139    -0.074540,    0.013066,    0.059513,   -0.052174,    0.009592
  140     0.013066,    0.009544,   -0.009034,    0.009592,    0.009550
  141     0.059511,   -0.009034,   -0.029621,    0.043685,   -0.006632
  142    -0.146948,    0.026517,    0.120775,   -0.102705,    0.019348
  143     0.026517,    0.023693,   -0.018334,    0.019347,    0.021798
  144     0.120771,   -0.018333,   -0.055786,    0.088118,   -0.013377
  145    -0.048017,    0.008018,    0.036518,   -0.032443,    0.005727
  146     0.008018,    0.003578,   -0.005543,    0.005727,    0.004408
  147     0.036517,   -0.005543,   -0.020454,    0.026083,   -0.003959
  148    -0.000008,    0.000008,    0.000001,   -0.000006,    0.000005
  149     0.000001,    0.000017,   -0.000012,    0.000001,    0.000012
  150    -0.000005,   -0.000008,   -0.000003,   -0.000003,   -0.000006
  151    -0.000038,    0.000001,    0.000012,   -0.000028,    0.000001
  152     0.000013,   -0.000010,   -0.000027,    0.000010,   -0.000007
  153     0.000422,    0.000048,   -0.000202,    0.000316,    0.000060
  154    -0.000203,   -0.000641,    0.000403,   -0.000161,   -0.000454
  155    -0.000016,    0.000245,   -0.000181,   -0.000025,    0.000169
  156     0.001940,   -0.000203,   -0.000808,    0.001449,   -0.000161
  157    -0.000827,    0.000445,    0.001290,   -0.000639,    0.000323
  158    -0.002993,   -0.004104,    0.002273,   -0.002207,   -0.003105
  159     0.002273,    0.004552,   -0.001654,    0.001700,    0.003314
  160     0.002240,   -0.001025,    0.004192,    0.001696,   -0.000724
  161    -0.013677,    0.002273,    0.005687,   -0.010081,    0.001700
  162     0.005910,   -0.003115,   -0.009114,    0.004391,   -0.002281
  163    -0.003278,   -0.009428,    0.003447,   -0.002285,   -0.006777
  164     0.003447,    0.005836,   -0.000526,    0.002418,    0.004251
  165     0.005246,   -0.000524,    0.008479,    0.003774,   -0.000399
  166    -0.014913,    0.003447,    0.005541,   -0.010395,    0.002418
  167     0.005883,   -0.003659,   -0.010375,    0.003960,   -0.002612
  168     0.001490,    0.002001,   -0.001538,    0.001067,    0.001474
  169    -0.002134,   -0.002927,    0.001286,   -0.001543,   -0.002142
  170     0.000614,    0.000891,   -0.000035,    0.000441,    0.000648
  171    -0.002604,    0.000053,    0.002917,   -0.001864,    0.000038
  172    -0.004398,    0.000831,   -0.001546,   -0.003191,    0.000603
  173     0.005435,   -0.001829,   -0.003649,    0.003894,   -0.001325
  174    -0.001870,    0.001706,    0.003675,   -0.001335,    0.001241
  175    -0.000000,   -0.000008,    0.000009,   -0.000000,   -0.000010
  176    -0.000000,   -0.000085,    0.000093,   -0.000000,   -0.000066
  177     0.000000,    0.000030,   -0.000033,    0.000002,    0.000604
  178     0.000008,    0.002327,   -0.002530,    0.000027,    0.007813
  179     0.000015,    0.004402,   -0.004784,   -0.000047,   -0.013532
  180    -0.000057,   -0.016518,    0.017954,   -0.000055,   -0.015874
  181     0.000113,   -0.000002,    0.000002,    0.000104,   -0.000001
  182    -0.000002,   -0.000407,    0.000566,   -0.000001,   -0.000278
  183     0.000002,    0.000566,   -0.000501,    0.000001,    0.000415
  184    -0.002608,    0.000042,   -0.000045,   -0.002396,    0.000031
  185     0.000042,    0.009465,   -0.013123,    0.000031,    0.006453
  186    -0.000045,   -0.013123,    0.011655,   -0.000033,   -0.009619
  187     0.011527,   -0.000204,    0.000222,    0.011005,   -0.000150
  188    -0.000204,   -0.047700,    0.064379,   -0.000150,   -0.032471
  189     0.000222,    0.064377,   -0.058444,    0.000163,    0.047258
  190     0.027719,   -0.000415,    0.000451,    0.024735,   -0.000303
  191    -0.000415,   -0.092477,    0.130650,   -0.000303,   -0.062961
  192     0.000451,    0.130646,   -0.114281,    0.000329,    0.095322
  193     0.004795,   -0.000125,    0.000136,    0.005277,   -0.000090
  194    -0.000125,   -0.031547,    0.039503,   -0.000090,   -0.020679
  195     0.000136,    0.039502,   -0.038140,    0.000097,    0.028215
  196    -0.000012,    0.000000,    0.000000,   -0.000008,    0.000000
  197     0.000000,    0.000036,   -0.000023,    0.000000,    0.000026
  198    -0.000000,   -0.000007,    0.000014,   -0.000000,   -0.000006
  199    -0.000019,    0.000000,   -0.000000,   -0.000013,    0.000000
  200    -0.000000,   -0.000001,   -0.000027,   -0.000000,   -0.000000
  201     0.000072,    0.000001,   -0.000008,    0.000022,    0.000001
  202    -0.000008,   -0.001694,    0.001476,   -0.000006,   -0.001259
  203     0.000003,    0.000712,   -0.000443,    0.000002,    0.000549
  204     0.000784,   -0.000008,    0.000005,    0.000560,   -0.000006
  205    -0.000000,   -0.000171,    0.001239,   -0.000001,   -0.000154
  206     0.003399,   -0.000023,    0.000058,    0.002599,   -0.000017
  207     0.000058,    0.010920,   -0.011495,    0.000043,    0.008029
  208    -0.000027,   -0.007728,    0.000686,   -0.000020,   -0.005753
  209    -0.006124,    0.000058,   -0.000040,   -0.004480,    0.000043
  210     0.000030,    0.001508,   -0.008522,    0.000023,    0.001156
  211     0.008616,   -0.000038,    0.000066,    0.006169,   -0.000026
  212     0.000066,    0.010543,   -0.013417,    0.000046,    0.007288
  213    -0.000041,   -0.011990,   -0.002664,   -0.000029,   -0.008506
  214    -0.008397,    0.000066,   -0.000046,   -0.006089,    0.000046
  215     0.000064,    0.001265,   -0.009470,    0.000045,    0.000729
  216     0.000017,    0.000243,   -0.002972,    0.000012,    0.000168
  217    -0.003362,    0.000032,   -0.000039,   -0.002461,    0.000023
  218    -0.000030,   -0.006403,    0.003249,   -0.000022,   -0.004625
  219     0.000005,    0.001250,    0.002548,    0.000003,    0.000927
  220     0.002365,   -0.000030,    0.000011,    0.001723,   -0.000022
  221    -0.000034,   -0.003000,    0.005624,   -0.000024,   -0.002133
  222    -0.001527,    0.000008,   -0.000031,   -0.001124,    0.000006
                10,          11,          12,          13,          14
    0    -0.000000,   -0.000000,    0.000000,    0.000000,    0.000000
    1    -0.000000,   -0.000000,    0.000000,    0.000001,    0.000000
    2    -0.000000,    0.000000,    0.000000,   -0.000002,   -0.000000
    3    -0.000002,    0.000000,    0.000000,   -0.000002,   -0.000000
    4    -0.000002,   -0.000000,   -0.000000,    0.000001,    0.000000
    5     0.000000,   -0.006064,   -0.000000,    0.000000,   -0.001296
    6     0.000000,    0.000000,   -0.006062,    0.000001,    0.000020
    7     0.133491,    0.000000,    0.000001,   -0.006058,    0.000037
    8     0.000000,   -0.001921,   -0.000000,    0.000000,   -0.000945
    9     0.000001,    0.000000,   -0.001919,    0.000001,    0.000015
   10     0.097879,    0.000000,    0.000001,   -0.001917,    0.000027
   11     0.000000,    0.010778,    0.000000,    0.000000,    0.000019
   12     0.000001,    0.000000,    0.010777,    0.000000,   -0.000000
   13    -0.001917,    0.000000,    0.000000,    0.010775,   -0.000001
   14     0.000027,    0.000019,   -0.000000,   -0.000001,    0.000221
   15    -0.001765,   -0.000001,   -0.000075,    0.000035,   -0.000000
   16     0.000504,    0.000000,    0.000030,   -0.000010,   -0.000000
   17    -0.000007,    0.000087,   -0.000001,    0.000000,    0.000057
   18    -0.004110,    0.000000,    0.000036,    0.000081,   -0.000002
   19    -0.000024,   -0.000254,    0.000004,    0.000007,    0.000598
   20     0.001537,    0.000007,    0.001025,   -0.000474,    0.000000
   21    -0.000439,   -0.000002,   -0.000410,    0.000135,    0.000000
   22     0.000006,   -0.001181,    0.000007,   -0.000002,   -0.000014
   23     0.003578,   -0.000003,   -0.000491,   -0.001103,    0.000000
   24    -0.000073,    0.000000,    0.000017,   -0.000004,    0.000000
   25     0.000000,   -0.000009,    0.000000,    0.000000,   -0.000004
   26     0.000249,    0.000000,   -0.000009,    0.000013,   -0.000000
   27     0.000334,    0.000000,    0.000010,    0.000017,   -0.000000
   28     0.000001,   -0.000012,    0.000000,    0.000000,   -0.000005
   29    -0.000034,   -0.000000,   -0.000001,   -0.000002,    0.000000
   30    -0.000001,   -0.000016,    0.000000,   -0.000000,   -0.000007
   31     0.000006,    0.000000,    0.000024,    0.000010,    0.000000
   32     0.000038,    0.000000,    0.000020,    0.000008,    0.000000
   33    -0.000351,   -0.000011,   -0.003448,   -0.001474,   -0.000002
   34    -0.004536,   -0.000116,   -0.036140,   -0.015448,   -0.000017
   35     0.007856,    0.000320,    0.099466,    0.042517,    0.000046
   36     0.009215,    0.000071,    0.022098,    0.009446,    0.000016
   37    -0.000001,    0.000074,    0.000000,    0.000000,    0.000031
   38    -0.000301,    0.000000,    0.000094,    0.000009,   -0.000000
   39    -0.000025,    0.000000,    0.000009,    0.000078,   -0.000000
   40     0.000022,   -0.001729,   -0.000002,   -0.000001,   -0.000716
   41     0.006977,   -0.000002,   -0.002212,   -0.000207,    0.000006
   42     0.000586,   -0.000001,   -0.000207,   -0.001817,    0.000005
   43    -0.000110,    0.009176,    0.000006,    0.000003,    0.003719
   44    -0.034277,    0.000006,    0.011074,    0.000812,   -0.000030
   45    -0.003645,    0.000003,    0.000813,    0.009520,   -0.000024
   46    -0.000223,    0.015595,    0.000026,    0.000011,    0.006823
   47    -0.069140,    0.000026,    0.023583,    0.003414,   -0.000057
   48    -0.004817,    0.000011,    0.003417,    0.017050,   -0.000043
   49    -0.000066,    0.006214,    0.000022,    0.000010,    0.002899
   50    -0.020465,    0.000022,    0.013179,    0.002977,   -0.000020
   51    -0.003470,    0.000010,    0.002978,    0.007484,   -0.000018
   52     0.000000,   -0.000003,    0.000000,   -0.000000,   -0.000000
   53     0.000002,   -0.000000,    0.000002,    0.000003,    0.000000
   54     0.000004,    0.000000,    0.000001,   -0.000005,   -0.000000
   55    -0.000000,    0.000005,   -0.000000,    0.000000,    0.000000
   56    -0.000020,   -0.000000,   -0.000005,    0.000001,   -0.000000
   57    -0.000006,    0.000090,   -0.000001,    0.000000,    0.000008
   58    -0.000095,    0.000000,   -0.000095,   -0.000074,   -0.000000
   59     0.000168,   -0.000000,   -0.000006,    0.000140,    0.000000
   60    -0.000000,   -0.000124,    0.000000,   -0.000000,   -0.000003
   61     0.000903,    0.000001,    0.000154,   -0.000015,    0.000000
   62     0.000040,   -0.000279,    0.000002,   -0.000001,   -0.000083
   63    -0.000248,   -0.000001,    0.000091,    0.000089,    0.000002
   64    -0.003587,    0.000000,    0.000099,   -0.000361,   -0.000001
   65    -0.000001,    0.000304,   -0.000001,    0.000000,   -0.000056
   66    -0.006179,   -0.000003,   -0.000196,    0.000106,   -0.000003
   67     0.000042,    0.000960,   -0.000019,   -0.000008,   -0.000126
   68    -0.002006,   -0.000008,   -0.002344,   -0.000446,    0.000002
   69    -0.006702,    0.000002,    0.000603,    0.001129,   -0.000001
   70    -0.000006,    0.000063,   -0.000008,   -0.000002,   -0.000201
   71    -0.006582,    0.000014,    0.002450,    0.001203,   -0.000003
   72     0.002868,   -0.000002,   -0.000361,   -0.000228,    0.000002
   73    -0.000003,   -0.000099,    0.000003,    0.000001,    0.000054
   74     0.002660,   -0.000000,   -0.000070,   -0.000116,    0.000000
   75     0.000532,   -0.000001,   -0.000274,   -0.000067,    0.000001
   76     0.000009,   -0.000021,   -0.000000,   -0.000000,    0.000018
   77     0.000527,   -0.000002,   -0.000476,   -0.000149,    0.000001
   78     0.000028,    0.000073,   -0.000004,   -0.000002,   -0.000025
   79    -0.000008,   -0.000021,   -0.000003,   -0.000015,    0.000000
   80    -0.000055,   -0.000017,   -0.000003,   -0.000012,    0.000001
   81     0.000504,    0.003063,    0.000445,    0.002117,   -0.000058
   82     0.006515,    0.032105,    0.004659,    0.022189,   -0.000619
   83    -0.011284,   -0.088361,   -0.012824,   -0.061069,    0.001642
   84    -0.013237,   -0.019631,   -0.002849,   -0.013568,    0.000568
   85    -0.000384,    0.000090,    0.000002,    0.000011,    0.000008
   86    -0.000056,    0.000002,    0.000074,    0.000002,   -0.000024
   87    -0.000161,    0.000011,    0.000002,    0.000082,    0.000007
   88     0.008903,   -0.002110,   -0.000055,   -0.000264,   -0.000194
   89     0.001292,   -0.000055,   -0.001737,   -0.000038,    0.000560
   90     0.003757,   -0.000264,   -0.000038,   -0.001911,   -0.000159
   91    -0.043740,    0.010675,    0.000217,    0.001035,    0.000998
   92    -0.006347,    0.000217,    0.009207,    0.000150,   -0.002898
   93    -0.019226,    0.001038,    0.000150,    0.009890,    0.000804
   94    -0.088227,    0.021900,    0.000915,    0.004355,    0.001846
   95    -0.012803,    0.000915,    0.015728,    0.000631,   -0.005359
   96    -0.036246,    0.004362,    0.000632,    0.018603,    0.001534
   97    -0.026115,    0.011711,    0.000798,    0.003799,    0.000693
   98    -0.003790,    0.000798,    0.006330,    0.000551,   -0.002232
   99    -0.012772,    0.003801,    0.000551,    0.008838,    0.000522
  100    -0.000001,   -0.000000,    0.000003,   -0.000002,   -0.000000
  101    -0.000009,   -0.000002,   -0.000004,    0.000002,    0.000000
  102    -0.000002,   -0.000002,    0.000002,    0.000002,   -0.000000
  103    -0.000010,   -0.000002,   -0.000002,   -0.000004,    0.000000
  104    -0.000020,   -0.000004,    0.000001,    0.000001,    0.000000
  105     0.000148,    0.000018,   -0.000103,    0.000051,    0.000007
  106     0.000281,    0.000051,    0.000084,   -0.000054,   -0.000002
  107    -0.000151,    0.000056,   -0.000054,   -0.000077,   -0.000001
  108     0.000626,    0.000088,    0.000051,    0.000125,   -0.000017
  109     0.000953,    0.000130,   -0.000022,    0.000002,   -0.000009
  110    -0.001612,   -0.000007,    0.000312,   -0.000111,   -0.000061
  111    -0.001153,   -0.000111,   -0.000187,    0.000161,   -0.000070
  112     0.003145,   -0.000173,    0.000137,    0.000229,    0.000040
  113    -0.004238,   -0.000046,   -0.000111,   -0.000178,    0.000123
  114    -0.006720,   -0.000189,    0.000068,    0.000070,    0.000077
  115    -0.002322,    0.000526,   -0.000816,    0.000516,   -0.000072
  116    -0.000341,    0.000516,   -0.000233,    0.000067,   -0.000221
  117     0.006081,    0.000437,   -0.000069,   -0.000761,    0.000096
  118    -0.003731,    0.002516,    0.000516,    0.001519,    0.000113
  119    -0.007355,    0.001579,    0.000339,    0.001374,    0.000095
  120    -0.001058,    0.000117,   -0.000025,    0.000089,    0.000000
  121    -0.000891,    0.000120,   -0.000077,    0.000086,   -0.000045
  122    -0.000022,    0.000045,   -0.000036,    0.000039,   -0.000033
  123     0.002114,   -0.000216,   -0.000006,   -0.000157,   -0.000004
  124     0.001146,    0.000214,    0.000038,    0.000025,    0.000046
  125    -0.002628,    0.000443,    0.000092,    0.000300,    0.000067
  126    -0.002680,    0.000171,    0.000069,    0.000204,    0.000034
  127    -0.000008,    0.000021,   -0.000003,   -0.000015,   -0.000000
  128    -0.000055,    0.000017,   -0.000003,   -0.000012,   -0.000001
  129     0.000504,   -0.003061,    0.000465,    0.002116,    0.000060
  130     0.006512,   -0.032080,    0.004870,    0.022179,    0.000646
  131    -0.011278,    0.088293,   -0.013405,   -0.061042,   -0.001715
  132    -0.013231,    0.019616,   -0.002978,   -0.013562,   -0.000594
  133     0.000383,    0.000090,   -0.000002,   -0.000011,    0.000009
  134    -0.000058,   -0.000002,    0.000074,    0.000002,    0.000024
  135    -0.000161,   -0.000011,    0.000002,    0.000082,   -0.000007
  136    -0.008893,   -0.002110,    0.000058,    0.000263,   -0.000200
  137     0.001350,    0.000058,   -0.001737,   -0.000040,   -0.000555
  138     0.003752,    0.000264,   -0.000040,   -0.001910,    0.000168
  139     0.043687,    0.010673,   -0.000227,   -0.001034,    0.001029
  140    -0.006632,   -0.000227,    0.009210,    0.000157,    0.002872
  141    -0.019200,   -0.001037,    0.000157,    0.009889,   -0.000855
  142     0.088120,    0.021891,   -0.000955,   -0.004350,    0.001906
  143    -0.013377,   -0.000956,    0.015740,    0.000660,    0.005312
  144    -0.036192,   -0.004356,    0.000660,    0.018600,   -0.001627
  145     0.026083,    0.011702,   -0.000833,   -0.003794,    0.000711
  146    -0.003959,   -0.000833,    0.006340,    0.000576,    0.002212
  147    -0.012756,   -0.003797,    0.000576,    0.008836,   -0.000561
  148     0.000001,   -0.000000,   -0.000003,    0.000002,   -0.000000
  149    -0.000009,    0.000002,   -0.000004,    0.000002,   -0.000000
  150    -0.000002,    0.000002,    0.000002,    0.000002,    0.000000
  151     0.000010,   -0.000002,    0.000002,    0.000004,    0.000000
  152    -0.000020,    0.000004,    0.000001,    0.000001,   -0.000000
  153    -0.000161,    0.000020,    0.000103,   -0.000051,    0.000007
  154     0.000285,   -0.000051,    0.000084,   -0.000053,    0.000002
  155    -0.000151,   -0.000057,   -0.000054,   -0.000077,    0.000001
  156    -0.000623,    0.000087,   -0.000051,   -0.000125,   -0.000017
  157     0.000951,   -0.000130,   -0.000020,    0.000001,    0.000009
  158     0.001700,   -0.000012,   -0.000313,    0.000110,   -0.000059
  159    -0.001180,    0.000110,   -0.000189,    0.000160,    0.000069
  160     0.003148,    0.000174,    0.000136,    0.000229,   -0.000039
  161     0.004224,   -0.000045,    0.000110,    0.000179,    0.000127
  162    -0.006698,    0.000190,    0.000063,    0.000072,   -0.000082
  163     0.002418,    0.000553,    0.000808,   -0.000533,   -0.000070
  164    -0.000364,   -0.000534,   -0.000226,    0.000077,    0.000220
  165     0.006084,   -0.000436,   -0.000067,   -0.000762,   -0.000095
  166     0.003720,    0.002509,   -0.000534,   -0.001517,    0.000117
  167    -0.007323,   -0.001570,    0.000360,    0.001367,   -0.000100
  168    -0.001111,   -0.000120,   -0.000023,    0.000093,   -0.000002
  169     0.000925,    0.000126,    0.000075,   -0.000090,   -0.000043
  170    -0.000014,   -0.000046,   -0.000035,    0.000039,    0.000033
  171     0.002113,    0.000216,   -0.000008,   -0.000157,    0.000005
  172    -0.001150,    0.000213,   -0.000040,   -0.000024,    0.000047
  173    -0.002614,   -0.000441,    0.000096,    0.000299,   -0.000070
  174     0.002659,    0.000168,   -0.000071,   -0.000202,    0.000036
  175     0.000011,   -0.000000,   -0.000017,    0.000019,    0.000000
  176     0.000072,   -0.000000,   -0.000014,    0.000016,    0.000000
  177    -0.000657,    0.000009,    0.002539,   -0.002760,   -0.000001
  178    -0.008492,    0.000092,    0.026611,   -0.028923,   -0.000010
  179     0.014708,   -0.000253,   -0.073239,    0.079604,    0.000027
  180     0.017254,   -0.000056,   -0.016271,    0.017686,    0.000009
  181     0.000001,    0.000074,    0.000000,   -0.000000,   -0.000019
  182     0.000415,    0.000000,    0.000085,   -0.000012,    0.000000
  183    -0.000347,   -0.000000,   -0.000012,    0.000087,   -0.000000
  184    -0.000033,   -0.001729,   -0.000001,    0.000001,    0.000443
  185    -0.009619,   -0.000001,   -0.001991,    0.000285,   -0.000001
  186     0.008059,    0.000001,    0.000285,   -0.002038,    0.000005
  187     0.000163,    0.009177,    0.000004,   -0.000004,   -0.002271
  188     0.047258,    0.000004,    0.010205,   -0.001119,    0.000003
  189    -0.040358,   -0.000004,   -0.001120,    0.010391,   -0.000025
  190     0.000329,    0.015597,    0.000015,   -0.000016,   -0.004274
  191     0.095323,    0.000015,    0.019926,   -0.004706,    0.000007
  192    -0.078870,   -0.000016,   -0.004710,    0.020709,   -0.000045
  193     0.000097,    0.006215,    0.000013,   -0.000014,   -0.001673
  194     0.028215,    0.000013,    0.009990,   -0.004104,   -0.000000
  195    -0.025389,   -0.000014,   -0.004106,    0.010674,   -0.000019
  196     0.000000,    0.000005,   -0.000000,   -0.000000,   -0.000000
  197    -0.000018,   -0.000000,    0.000001,   -0.000005,   -0.000000
  198     0.000010,   -0.000000,   -0.000003,   -0.000001,    0.000000
  199    -0.000000,    0.000004,   -0.000000,   -0.000000,   -0.000000
  200    -0.000020,    0.000000,    0.000005,    0.000001,   -0.000000
  201    -0.000006,   -0.000133,    0.000001,    0.000000,    0.000012
  202     0.001126,    0.000000,   -0.000051,    0.000170,    0.000000
  203    -0.000322,    0.000000,    0.000105,    0.000017,   -0.000000
  204     0.000004,   -0.000076,    0.000000,    0.000001,   -0.000005
  205     0.000910,   -0.000001,   -0.000122,   -0.000012,    0.000000
  206     0.000043,    0.000379,   -0.000003,   -0.000001,   -0.000074
  207    -0.008523,   -0.000001,   -0.000041,   -0.000259,   -0.000002
  208     0.000464,   -0.000001,   -0.000241,   -0.000141,    0.000000
  209    -0.000030,    0.000163,   -0.000001,   -0.000001,    0.000134
  210    -0.006255,    0.000003,    0.000221,    0.000102,   -0.000002
  211     0.000046,   -0.000849,    0.000009,   -0.000009,   -0.000043
  212    -0.009292,   -0.000009,   -0.002003,    0.002523,   -0.000002
  213    -0.002035,    0.000005,    0.001457,   -0.000240,    0.000000
  214    -0.000032,    0.000452,   -0.000009,    0.000009,    0.000303
  215    -0.006689,   -0.000009,   -0.000849,    0.001227,   -0.000002
  216    -0.002154,   -0.000000,   -0.000044,    0.000148,   -0.000001
  217    -0.000028,    0.000087,   -0.000002,    0.000003,    0.000058
  218     0.002316,    0.000002,    0.000387,   -0.000307,    0.000001
  219     0.001862,   -0.000000,    0.000006,   -0.000080,    0.000000
  220     0.000008,   -0.000087,    0.000002,   -0.000001,   -0.000078
  221     0.004044,    0.000002,    0.000304,   -0.000403,    0.000001
  222    -0.000022,    0.000022,   -0.000001,    0.000002,    0.000001
                15,          16,          17,          18,          19
    0     0.000000,   -0.000000,   -0.000000,    0.000000,   -0.000000
    1     0.000000,   -0.000000,   -0.000000,    0.000000,   -0.000000
    2    -0.000000,    0.000000,   -0.000000,    0.000000,    0.000000
    3    -0.000000,    0.000000,   -0.000000,    0.000000,    0.000000
    4     0.000000,    0.000000,    0.000000,    0.000000,   -0.000000
    5     0.000037,   -0.000009,   -0.006035,   -0.000015,    0.001180
    6     0.005236,   -0.002096,    0.000037,   -0.002506,   -0.000018
    7    -0.002421,    0.000692,   -0.000010,   -0.005636,   -0.000034
    8     0.000027,   -0.000006,   -0.004401,   -0.000011,    0.000822
    9     0.003819,   -0.001529,    0.000027,   -0.001828,   -0.000013
   10    -0.001765,    0.000504,   -0.000007,   -0.004110,   -0.000024
   11    -0.000001,    0.000000,    0.000087,    0.000000,   -0.000254
   12    -0.000075,    0.000030,   -0.000001,    0.000036,    0.000004
   13     0.000035,   -0.000010,    0.000000,    0.000081,    0.000007
   14    -0.000000,   -0.000000,    0.000057,   -0.000002,    0.000598
   15     0.000453,   -0.000093,   -0.000000,    0.000004,    0.000000
   16    -0.000093,    0.000245,   -0.000000,    0.000010,    0.000000
   17    -0.000000,   -0.000000,    0.000476,    0.000000,   -0.000014
   18     0.000004,    0.000010,    0.000000,    0.000488,    0.000000
   19     0.000000,    0.000000,   -0.000014,    0.000000,    0.001744
   20     0.000540,    0.000023,    0.000000,   -0.000001,   -0.000000
   21     0.000023,    0.000592,    0.000000,   -0.000003,   -0.000000
   22     0.000000,    0.000000,    0.000534,   -0.000000,    0.000071
   23    -0.000001,   -0.000002,   -0.000000,    0.000531,   -0.000002
   24    -0.000032,    0.000012,    0.000000,    0.000007,    0.000000
   25     0.000000,    0.000000,   -0.000017,   -0.000000,   -0.000015
   26     0.000026,   -0.000009,    0.000000,    0.000016,   -0.000000
   27    -0.000004,    0.000003,   -0.000000,    0.000040,   -0.000001
   28     0.000000,   -0.000000,   -0.000024,    0.000000,   -0.000020
   29    -0.000000,   -0.000000,   -0.000000,   -0.000004,   -0.000000
   30    -0.000000,    0.000000,   -0.000032,    0.000000,   -0.000027
   31     0.000002,   -0.000001,    0.000000,   -0.000002,    0.000000
   32     0.000003,   -0.000001,    0.000000,   -0.000004,    0.000000
   33    -0.000215,    0.000092,   -0.000001,    0.000251,   -0.000005
   34    -0.002309,    0.000989,   -0.000007,    0.002701,   -0.000055
   35     0.006130,   -0.002628,    0.000020,   -0.007171,    0.000156
   36     0.002121,   -0.000909,    0.000007,   -0.002481,    0.000035
   37    -0.000000,    0.000000,    0.000022,    0.000000,    0.000088
   38    -0.000038,    0.000005,   -0.000000,    0.000024,   -0.000000
   39     0.000015,    0.000021,    0.000000,    0.000030,   -0.000000
   40     0.000005,   -0.000000,   -0.000512,   -0.000006,   -0.002053
   41     0.000884,   -0.000110,    0.000005,   -0.000564,    0.000003
   42    -0.000343,   -0.000482,   -0.000001,   -0.000698,    0.000007
   43    -0.000024,    0.000002,    0.002727,    0.000033,    0.010599
   44    -0.004545,    0.000557,   -0.000024,    0.002841,   -0.000018
   45     0.001844,    0.002463,    0.000006,    0.003636,   -0.000036
   46    -0.000043,    0.000004,    0.004745,    0.000061,    0.019640
   47    -0.008414,    0.001038,   -0.000043,    0.005440,   -0.000025
   48     0.003181,    0.004646,    0.000011,    0.006580,   -0.000064
   49    -0.000018,    0.000001,    0.002364,    0.000024,    0.008159
   50    -0.003169,    0.000290,   -0.000018,    0.001648,   -0.000012
   51     0.001754,    0.001747,    0.000006,    0.002767,   -0.000028
   52     0.000000,   -0.000000,    0.000000,   -0.000000,   -0.000000
   53     0.000001,   -0.000000,    0.000000,   -0.000001,    0.000000
   54    -0.000000,   -0.000000,   -0.000000,    0.000000,   -0.000000
   55     0.000000,   -0.000000,    0.000000,   -0.000000,    0.000000
   56    -0.000001,    0.000000,   -0.000000,    0.000001,    0.000000
   57    -0.000000,    0.000000,   -0.000014,    0.000000,    0.000028
   58    -0.000046,    0.000024,   -0.000000,    0.000039,   -0.000000
   59     0.000016,    0.000003,    0.000000,   -0.000025,    0.000000
   60    -0.000000,    0.000000,   -0.000008,    0.000000,    0.000010
   61     0.000042,   -0.000018,    0.000000,   -0.000059,   -0.000000
   62     0.000002,   -0.000000,    0.000115,   -0.000003,   -0.000375
   63     0.000320,   -0.000237,    0.000001,   -0.000265,    0.000002
   64    -0.000112,   -0.000012,   -0.000000,    0.000177,    0.000001
   65     0.000001,   -0.000001,    0.000099,   -0.000001,   -0.000272
   66    -0.000311,    0.000070,   -0.000000,    0.000441,   -0.000001
   67     0.000001,    0.000001,    0.000120,   -0.000004,   -0.000653
   68     0.000255,   -0.000335,    0.000000,   -0.000189,    0.000002
   69    -0.000101,    0.000014,   -0.000000,    0.000136,    0.000005
   70     0.000000,   -0.000001,    0.000185,   -0.000002,   -0.000686
   71    -0.000275,   -0.000065,   -0.000000,    0.000409,   -0.000000
   72     0.000130,   -0.000002,   -0.000000,   -0.000210,    0.000001
   73    -0.000001,    0.000001,   -0.000085,    0.000001,    0.000233
   74     0.000022,    0.000030,    0.000000,   -0.000071,   -0.000001
   75     0.000113,   -0.000089,    0.000000,   -0.000089,   -0.000000
   76     0.000000,    0.000000,   -0.000027,   -0.000000,    0.000057
   77     0.000179,   -0.000108,    0.000000,   -0.000174,    0.000002
   78     0.000001,    0.000000,    0.000042,   -0.000002,   -0.000154
   79     0.000000,   -0.000000,    0.000002,    0.000002,    0.000001
   80     0.000001,   -0.000000,    0.000004,    0.000003,    0.000000
   81    -0.000040,    0.000008,   -0.000274,   -0.000194,   -0.000189
   82    -0.000428,    0.000081,   -0.002946,   -0.002086,   -0.001961
   83     0.001135,   -0.000214,    0.007823,    0.005540,    0.005550
   84     0.000393,   -0.000074,    0.002707,    0.001917,    0.001256
   85     0.000007,    0.000013,    0.000039,    0.000008,    0.000005
   86    -0.000025,    0.000005,    0.000007,    0.000013,   -0.000072
   87     0.000005,   -0.000022,    0.000007,    0.000032,    0.000007
   88    -0.000159,   -0.000313,   -0.000919,   -0.000188,   -0.000113
   89     0.000583,   -0.000124,   -0.000159,   -0.000293,    0.001675
   90    -0.000115,    0.000520,   -0.000169,   -0.000751,   -0.000155
   91     0.000804,    0.001618,    0.004726,    0.000898,    0.000638
   92    -0.003087,    0.000670,    0.000804,    0.001539,   -0.008645
   93     0.000618,   -0.002695,    0.000803,    0.003906,    0.000839
   94     0.001534,    0.002989,    0.008743,    0.001872,    0.000938
   95    -0.005447,    0.001133,    0.001534,    0.002755,   -0.016051
   96     0.001053,   -0.004963,    0.001690,    0.007095,    0.001381
   97     0.000522,    0.001252,    0.003272,    0.000249,    0.000468
   98    -0.002615,    0.000612,    0.000522,    0.001229,   -0.006612
   99     0.000524,   -0.002078,    0.000186,    0.002944,    0.000576
  100     0.000000,   -0.000000,    0.000000,    0.000000,   -0.000001
  101     0.000000,   -0.000000,    0.000000,    0.000000,    0.000000
  102    -0.000000,   -0.000000,    0.000000,   -0.000000,    0.000000
  103     0.000000,    0.000000,    0.000001,    0.000001,   -0.000000
  104     0.000000,   -0.000000,    0.000001,    0.000001,    0.000000
  105    -0.000011,    0.000004,   -0.000017,   -0.000006,    0.000031
  106    -0.000009,    0.000007,   -0.000011,   -0.000003,   -0.000001
  107     0.000009,    0.000008,   -0.000004,    0.000008,   -0.000003
  108    -0.000006,    0.000001,   -0.000068,   -0.000042,    0.000002
  109    -0.000007,    0.000000,   -0.000041,   -0.000040,   -0.000005
  110     0.000075,   -0.000040,    0.000123,    0.000044,   -0.000251
  111     0.000089,   -0.000049,    0.000092,    0.000021,   -0.000257
  112    -0.000078,   -0.000063,    0.000021,   -0.000057,    0.000059
  113     0.000025,   -0.000056,    0.000496,    0.000290,   -0.000005
  114     0.000072,    0.000070,    0.000279,    0.000304,    0.000070
  115     0.000050,   -0.000053,    0.000114,    0.000032,   -0.000297
  116     0.000141,   -0.000042,    0.000105,    0.000014,   -0.000728
  117    -0.000096,   -0.000069,    0.000003,   -0.000040,    0.000136
  118    -0.000021,   -0.000141,    0.000440,    0.000219,   -0.000096
  119     0.000109,    0.000197,    0.000198,    0.000297,    0.000102
  120     0.000022,   -0.000008,    0.000065,    0.000040,   -0.000039
  121     0.000062,   -0.000027,    0.000078,    0.000027,   -0.000184
  122     0.000040,   -0.000008,    0.000026,    0.000011,   -0.000111
  123    -0.000032,    0.000022,   -0.000130,   -0.000072,    0.000060
  124    -0.000037,   -0.000046,    0.000116,    0.000022,    0.000016
  125     0.000017,   -0.000001,    0.000232,    0.000170,    0.000042
  126     0.000032,    0.000054,    0.000084,    0.000132,    0.000046
  127     0.000000,   -0.000000,   -0.000002,    0.000002,   -0.000001
  128     0.000001,   -0.000000,   -0.000004,    0.000003,   -0.000000
  129    -0.000042,    0.000008,    0.000274,   -0.000193,    0.000197
  130    -0.000447,    0.000082,    0.002942,   -0.002079,    0.002048
  131     0.001186,   -0.000218,   -0.007813,    0.005520,   -0.005797
  132     0.000410,   -0.000076,   -0.002703,    0.001910,   -0.001312
  133    -0.000007,   -0.000013,    0.000039,   -0.000008,    0.000005
  134    -0.000025,    0.000005,   -0.000007,    0.000013,    0.000071
  135     0.000005,   -0.000022,   -0.000007,    0.000032,   -0.000007
  136     0.000168,    0.000311,   -0.000917,    0.000184,   -0.000112
  137     0.000581,   -0.000126,    0.000168,   -0.000302,   -0.001667
  138    -0.000116,    0.000521,    0.000168,   -0.000749,    0.000169
  139    -0.000855,   -0.001610,    0.004715,   -0.000877,    0.000634
  140    -0.003075,    0.000680,   -0.000855,    0.001583,    0.008601
  141     0.000623,   -0.002696,   -0.000794,    0.003895,   -0.000915
  142    -0.001627,   -0.002975,    0.008724,   -0.001834,    0.000921
  143    -0.005425,    0.001151,   -0.001627,    0.002838,    0.015973
  144     0.001063,   -0.004965,   -0.001676,    0.007074,   -0.001516
  145    -0.000561,   -0.001246,    0.003266,   -0.000233,    0.000461
  146    -0.002607,    0.000620,   -0.000561,    0.001260,    0.006577
  147     0.000525,   -0.002078,   -0.000180,    0.002936,   -0.000636
  148    -0.000000,    0.000000,    0.000000,   -0.000000,   -0.000001
  149     0.000000,   -0.000000,   -0.000000,    0.000000,   -0.000000
  150    -0.000000,   -0.000000,   -0.000000,   -0.000000,   -0.000000
  151    -0.000000,   -0.000000,    0.000001,   -0.000001,   -0.000000
  152     0.000000,   -0.000000,   -0.000001,    0.000001,   -0.000000
  153     0.000011,   -0.000004,   -0.000017,    0.000007,    0.000031
  154    -0.000009,    0.000007,    0.000011,   -0.000004,    0.000001
  155     0.000009,    0.000008,    0.000004,    0.000008,    0.000003
  156     0.000007,   -0.000001,   -0.000068,    0.000041,    0.000001
  157    -0.000007,    0.000000,    0.000041,   -0.000040,    0.000004
  158    -0.000076,    0.000039,    0.000127,   -0.000049,   -0.000249
  159     0.000090,   -0.000049,   -0.000094,    0.000024,    0.000256
  160    -0.000077,   -0.000063,   -0.000021,   -0.000057,   -0.000062
  161    -0.000027,    0.000056,    0.000495,   -0.000288,   -0.000002
  162     0.000073,    0.000071,   -0.000277,    0.000302,   -0.000069
  163    -0.000052,    0.000051,    0.000116,   -0.000037,   -0.000294
  164     0.000142,   -0.000043,   -0.000107,    0.000018,    0.000725
  165    -0.000096,   -0.000069,   -0.000004,   -0.000041,   -0.000147
  166     0.000019,    0.000141,    0.000440,   -0.000217,   -0.000095
  167     0.000109,    0.000198,   -0.000196,    0.000295,   -0.000098
  168     0.000023,   -0.000007,   -0.000066,    0.000043,    0.000038
  169    -0.000063,    0.000027,    0.000081,   -0.000030,   -0.000183
  170     0.000040,   -0.000008,   -0.000026,    0.000012,    0.000110
  171    -0.000033,    0.000022,    0.000130,   -0.000072,   -0.000061
  172     0.000037,    0.000046,    0.000116,   -0.000021,    0.000019
  173     0.000018,   -0.000001,   -0.000231,    0.000168,   -0.000044
  174    -0.000032,   -0.000054,    0.000082,   -0.000130,    0.000045
  175    -0.000002,    0.000001,   -0.000000,   -0.000001,    0.000000
  176    -0.000004,    0.000002,   -0.000000,   -0.000002,    0.000000
  177     0.000296,   -0.000107,    0.000001,    0.000136,   -0.000003
  178     0.003183,   -0.001152,    0.000011,    0.001464,   -0.000032
  179    -0.008452,    0.003059,   -0.000029,   -0.003888,    0.000091
  180    -0.002925,    0.001059,   -0.000010,   -0.001345,    0.000021
  181    -0.000000,    0.000000,    0.000033,   -0.000000,   -0.000055
  182    -0.000028,    0.000031,   -0.000000,    0.000006,   -0.000000
  183     0.000029,    0.000009,    0.000000,    0.000030,   -0.000000
  184     0.000005,   -0.000003,   -0.000761,    0.000003,    0.001283
  185     0.000650,   -0.000720,    0.000005,   -0.000131,    0.000004
  186    -0.000672,   -0.000203,   -0.000002,   -0.000705,    0.000007
  187    -0.000025,    0.000013,    0.004013,   -0.000014,   -0.006631
  188    -0.003333,    0.003714,   -0.000025,    0.000757,   -0.000019
  189     0.003405,    0.001075,    0.000012,    0.003673,   -0.000038
  190    -0.000045,    0.000024,    0.007128,   -0.000026,   -0.012278
  191    -0.006174,    0.006871,   -0.000045,    0.001153,   -0.000038
  192     0.006473,    0.001922,    0.000023,    0.006651,   -0.000066
  193    -0.000019,    0.000010,    0.003346,   -0.000009,   -0.004990
  194    -0.002237,    0.002733,   -0.000019,    0.000950,   -0.000017
  195     0.002111,    0.001005,    0.000008,    0.002791,   -0.000030
  196    -0.000000,    0.000000,   -0.000000,   -0.000000,   -0.000001
  197     0.000001,   -0.000001,    0.000000,    0.000001,   -0.000000
  198    -0.000001,    0.000000,   -0.000000,   -0.000000,   -0.000000
  199     0.000000,   -0.000000,    0.000000,    0.000000,   -0.000001
  200     0.000001,   -0.000000,    0.000000,    0.000000,    0.000000
  201     0.000000,   -0.000000,    0.000005,    0.000000,    0.000037
  202    -0.000075,    0.000031,   -0.000000,   -0.000035,    0.000000
  203     0.000035,   -0.000003,    0.000000,    0.000002,    0.000000
  204    -0.000000,    0.000000,   -0.000012,   -0.000000,    0.000005
  205    -0.000032,    0.000011,   -0.000000,   -0.000025,   -0.000000
  206    -0.000001,    0.000001,   -0.000037,   -0.000002,   -0.000133
  207     0.000550,   -0.000196,    0.000002,    0.000241,   -0.000000
  208    -0.000264,   -0.000004,   -0.000001,   -0.000006,    0.000002
  209     0.000002,   -0.000001,    0.000091,    0.000002,    0.000228
  210     0.000188,   -0.000154,    0.000000,    0.000203,    0.000001
  211    -0.000001,    0.000002,   -0.000017,   -0.000002,    0.000096
  212     0.000495,   -0.000117,    0.000001,    0.000179,    0.000002
  213    -0.000245,   -0.000051,   -0.000001,    0.000004,    0.000006
  214     0.000001,   -0.000000,    0.000102,    0.000003,    0.000653
  215     0.000079,   -0.000273,    0.000000,    0.000234,    0.000003
  216     0.000034,   -0.000065,    0.000000,    0.000083,    0.000001
  217     0.000001,   -0.000001,    0.000039,    0.000001,    0.000081
  218    -0.000272,    0.000046,   -0.000001,   -0.000059,    0.000001
  219    -0.000020,    0.000023,   -0.000000,   -0.000032,   -0.000002
  220    -0.000001,    0.000000,   -0.000051,   -0.000001,   -0.000163
  221    -0.000211,    0.000110,   -0.000000,   -0.000140,   -0.000000
  222     0.000000,   -0.000001,    0.000002,    0.000001,   -0.000035
                20,          21,          22,          23,          24
    0     0.000000,    0.000000,   -0.000000,   -0.000000,    0.000340
    1     0.000000,    0.000000,   -0.000000,   -0.000000,    0.000550
    2     0.000000,   -0.000001,    0.000000,    0.000000,   -0.000453
    3     0.000000,   -0.000001,    0.000000,    0.000000,   -0.000486
    4    -0.000000,    0.000000,   -0.000000,   -0.000000,   -0.000196
    5    -0.000034,    0.000008,    0.005497,    0.000014,    0.000006
    6    -0.004769,    0.001910,   -0.000034,    0.002283,    0.000433
    7     0.002205,   -0.000630,    0.000009,    0.005133,   -0.000097
    8    -0.000024,    0.000005,    0.003831,    0.000009,    0.000004
    9    -0.003324,    0.001331,   -0.000024,    0.001591,    0.000327
   10     0.001537,   -0.000439,    0.000006,    0.003578,   -0.000073
   11     0.000007,   -0.000002,   -0.001181,   -0.000003,    0.000000
   12     0.001025,   -0.000410,    0.000007,   -0.000491,    0.000017
   13    -0.000474,    0.000135,   -0.000002,   -0.001103,   -0.000004
   14     0.000000,    0.000000,   -0.000014,    0.000000,    0.000000
   15     0.000540,    0.000023,    0.000000,   -0.000001,   -0.000032
   16     0.000023,    0.000592,    0.000000,   -0.000002,    0.000012
   17     0.000000,    0.000000,    0.000534,   -0.000000,    0.000000
   18    -0.000001,   -0.000003,   -0.000000,    0.000531,    0.000007
   19    -0.000000,   -0.000000,    0.000071,   -0.000002,    0.000000
   20     0.002031,   -0.000115,   -0.000000,    0.000005,   -0.000127
   21    -0.000115,    0.001773,   -0.000000,    0.000012,    0.000049
   22    -0.000000,   -0.000000,    0.002059,    0.000000,    0.000001
   23     0.000005,    0.000012,    0.000000,    0.002074,    0.000027
   24    -0.000127,    0.000049,    0.000001,    0.000027,    0.000029
   25     0.000000,    0.000000,   -0.000068,   -0.000000,    0.000000
   26     0.000103,   -0.000036,    0.000001,    0.000064,    0.000014
   27    -0.000017,    0.000013,   -0.000000,    0.000160,   -0.000008
   28     0.000001,   -0.000000,   -0.000093,    0.000000,    0.000000
   29    -0.000002,    0.000000,   -0.000000,   -0.000015,   -0.000003
   30    -0.000001,    0.000000,   -0.000127,    0.000000,   -0.000000
   31     0.000005,   -0.000002,    0.000000,   -0.000005,   -0.000000
   32     0.000000,   -0.000000,    0.000000,   -0.000000,   -0.000000
   33    -0.000705,    0.000302,   -0.000002,    0.000824,    0.000059
   34    -0.007319,    0.003137,   -0.000024,    0.008562,    0.000627
   35     0.020716,   -0.008879,    0.000067,   -0.024233,   -0.001762
   36     0.004687,   -0.002009,    0.000015,   -0.005483,   -0.000408
   37    -0.000000,   -0.000000,    0.000061,    0.000000,    0.000000
   38    -0.000029,   -0.000021,   -0.000000,   -0.000023,   -0.000002
   39     0.000075,    0.000045,    0.000000,    0.000045,    0.000005
   40     0.000007,    0.000001,   -0.001435,   -0.000011,   -0.000003
   41     0.000674,    0.000483,    0.000007,    0.000540,    0.000039
   42    -0.001756,   -0.001054,   -0.000006,   -0.001055,   -0.000128
   43    -0.000036,   -0.000007,    0.007389,    0.000059,    0.000018
   44    -0.003706,   -0.002400,   -0.000036,   -0.002514,   -0.000189
   45     0.008956,    0.005493,    0.000030,    0.005548,    0.000682
   46    -0.000064,   -0.000014,    0.013714,    0.000106,    0.000032
   47    -0.005841,   -0.004886,   -0.000064,   -0.005872,   -0.000436
   48     0.017050,    0.009980,    0.000057,    0.009778,    0.001201
   49    -0.000028,   -0.000005,    0.005966,    0.000045,    0.000014
   50    -0.002737,   -0.001879,   -0.000028,   -0.002221,   -0.000178
   51     0.007127,    0.004086,    0.000024,    0.004352,    0.000521
   52     0.000000,   -0.000000,    0.000001,    0.000000,   -0.000000
   53    -0.000001,    0.000000,    0.000000,   -0.000000,   -0.000000
   54     0.000001,   -0.000001,    0.000000,    0.000001,   -0.000000
   55     0.000000,    0.000000,   -0.000003,   -0.000000,   -0.000000
   56    -0.000001,    0.000001,    0.000000,   -0.000001,   -0.000000
   57    -0.000000,    0.000000,   -0.000014,   -0.000000,    0.000000
   58     0.000041,   -0.000002,   -0.000000,    0.000016,    0.000002
   59    -0.000020,    0.000037,   -0.000000,   -0.000022,    0.000003
   60    -0.000000,    0.000000,    0.000072,    0.000000,    0.000000
   61     0.000023,   -0.000007,   -0.000000,    0.000045,    0.000001
   62     0.000002,    0.000001,   -0.000308,   -0.000001,   -0.000001
   63    -0.000435,   -0.000140,   -0.000001,   -0.000131,    0.000005
   64    -0.000166,   -0.000123,   -0.000001,   -0.000178,    0.000002
   65    -0.000001,   -0.000001,   -0.000230,   -0.000002,   -0.000000
   66    -0.000122,   -0.000155,   -0.000002,   -0.000268,    0.000012
   67     0.000003,    0.000004,   -0.001011,   -0.000000,   -0.000001
   68    -0.001021,   -0.000273,   -0.000004,    0.000022,    0.000067
   69    -0.000511,    0.000076,   -0.000002,   -0.000805,    0.000016
   70    -0.000003,   -0.000001,    0.000022,   -0.000004,    0.000000
   71     0.000109,   -0.000602,   -0.000006,   -0.000616,    0.000007
   72     0.000048,    0.000148,    0.000003,    0.000118,   -0.000006
   73     0.000001,    0.000000,    0.000113,    0.000002,    0.000000
   74     0.000245,    0.000032,    0.000001,    0.000196,   -0.000001
   75    -0.000108,   -0.000078,   -0.000000,    0.000060,    0.000005
   76     0.000001,    0.000000,   -0.000055,    0.000001,   -0.000000
   77    -0.000146,   -0.000042,    0.000000,   -0.000047,   -0.000002
   78     0.000001,    0.000001,   -0.000260,    0.000000,   -0.000000
   79     0.000001,   -0.000000,    0.000006,    0.000004,   -0.000000
   80     0.000000,   -0.000000,    0.000000,    0.000000,   -0.000001
   81    -0.000131,    0.000025,   -0.000899,   -0.000637,    0.000025
   82    -0.001355,    0.000256,   -0.009340,   -0.006614,    0.000269
   83     0.003836,   -0.000723,    0.026435,    0.018719,   -0.000717
   84     0.000868,   -0.000164,    0.005981,    0.004236,   -0.000180
   85     0.000007,    0.000041,    0.000022,   -0.000040,   -0.000000
   86    -0.000072,    0.000015,    0.000007,    0.000026,    0.000011
   87     0.000005,   -0.000062,   -0.000041,    0.000047,   -0.000003
   88    -0.000155,   -0.000956,   -0.000526,    0.000932,    0.000011
   89     0.001689,   -0.000352,   -0.000155,   -0.000615,   -0.000268
   90    -0.000108,    0.001453,    0.000951,   -0.001107,    0.000065
   91     0.000839,    0.004932,    0.002967,   -0.004620,   -0.000052
   92    -0.008699,    0.001808,    0.000839,    0.003194,    0.001396
   93     0.000576,   -0.007508,   -0.004723,    0.005834,   -0.000338
   94     0.001381,    0.009169,    0.004335,   -0.009399,   -0.000077
   95    -0.016164,    0.003364,    0.001381,    0.005806,    0.002565
   96     0.000959,   -0.013889,   -0.009570,    0.010250,   -0.000607
   97     0.000576,    0.003776,    0.002166,   -0.003826,    0.000014
   98    -0.006932,    0.001495,    0.000576,    0.002530,    0.001099
   99     0.000528,   -0.005759,   -0.003898,    0.004550,   -0.000226
  100     0.000002,   -0.000001,   -0.000000,   -0.000000,   -0.000000
  101    -0.000002,    0.000000,    0.000000,   -0.000000,    0.000000
  102     0.000000,   -0.000001,    0.000001,   -0.000001,   -0.000000
  103    -0.000000,    0.000000,   -0.000001,    0.000001,   -0.000000
  104    -0.000000,   -0.000000,    0.000001,   -0.000002,   -0.000000
  105    -0.000021,    0.000008,    0.000002,    0.000000,   -0.000001
  106     0.000065,   -0.000013,   -0.000009,    0.000004,   -0.000005
  107    -0.000009,    0.000035,   -0.000011,    0.000019,    0.000002
  108     0.000000,   -0.000000,    0.000038,   -0.000022,    0.000003
  109    -0.000003,    0.000001,   -0.000020,    0.000053,    0.000003
  110    -0.000288,    0.000075,   -0.000005,    0.000077,    0.000030
  111    -0.000305,    0.000075,    0.000003,    0.000093,    0.000022
  112     0.000081,   -0.000280,   -0.000187,    0.000228,   -0.000010
  113     0.000017,   -0.000171,   -0.000265,    0.000053,   -0.000030
  114     0.000082,    0.000201,    0.000056,   -0.000329,   -0.000021
  115    -0.001003,    0.000287,   -0.000097,    0.000166,    0.000074
  116    -0.000245,    0.000135,   -0.000125,    0.000257,    0.000007
  117     0.000190,   -0.000339,   -0.000612,    0.000808,   -0.000004
  118     0.000003,   -0.000465,   -0.000718,   -0.000289,   -0.000016
  119     0.000161,    0.000567,   -0.000268,   -0.000592,   -0.000001
  120    -0.000210,    0.000079,   -0.000004,    0.000038,    0.000025
  121    -0.000190,    0.000062,   -0.000036,    0.000074,    0.000014
  122     0.000011,    0.000019,   -0.000001,    0.000064,    0.000001
  123     0.000050,    0.000022,   -0.000028,    0.000133,    0.000002
  124     0.000050,   -0.000187,   -0.000211,    0.000177,   -0.000009
  125     0.000050,   -0.000025,   -0.000051,   -0.000055,   -0.000014
  126     0.000083,    0.000139,   -0.000012,   -0.000144,   -0.000008
  127     0.000001,   -0.000000,   -0.000006,    0.000004,   -0.000000
  128     0.000000,   -0.000000,   -0.000000,    0.000000,   -0.000001
  129    -0.000136,    0.000025,    0.000898,   -0.000635,    0.000025
  130    -0.001416,    0.000260,    0.009328,   -0.006590,    0.000276
  131     0.004008,   -0.000737,   -0.026403,    0.018653,   -0.000737
  132     0.000907,   -0.000167,   -0.005974,    0.004220,   -0.000184
  133    -0.000007,   -0.000041,    0.000022,    0.000040,    0.000000
  134    -0.000072,    0.000015,   -0.000007,    0.000027,    0.000011
  135     0.000004,   -0.000062,    0.000041,    0.000047,   -0.000003
  136     0.000169,    0.000953,   -0.000524,   -0.000937,   -0.000011
  137     0.001686,   -0.000358,    0.000169,   -0.000631,   -0.000266
  138    -0.000102,    0.001453,   -0.000953,   -0.001105,    0.000068
  139    -0.000915,   -0.004916,    0.002958,    0.004647,    0.000052
  140    -0.008685,    0.001840,   -0.000915,    0.003277,    0.001385
  141     0.000545,   -0.007507,    0.004733,    0.005822,   -0.000350
  142    -0.001516,   -0.009140,    0.004321,    0.009446,    0.000076
  143    -0.016140,    0.003423,   -0.001516,    0.005955,    0.002546
  144     0.000895,   -0.013887,    0.009588,    0.010231,   -0.000628
  145    -0.000636,   -0.003763,    0.002160,    0.003847,   -0.000013
  146    -0.006922,    0.001520,   -0.000636,    0.002592,    0.001091
  147     0.000502,   -0.005758,    0.003906,    0.004542,   -0.000236
  148    -0.000002,    0.000001,   -0.000000,    0.000000,    0.000000
  149    -0.000002,    0.000000,   -0.000000,   -0.000000,    0.000000
  150     0.000000,   -0.000001,   -0.000001,   -0.000001,   -0.000000
  151     0.000000,   -0.000000,   -0.000001,   -0.000001,    0.000000
  152    -0.000000,   -0.000000,   -0.000001,   -0.000002,   -0.000000
  153     0.000022,   -0.000008,    0.000002,   -0.000000,    0.000001
  154     0.000065,   -0.000013,    0.000009,    0.000004,   -0.000005
  155    -0.000009,    0.000035,    0.000011,    0.000019,    0.000002
  156    -0.000000,    0.000000,    0.000038,    0.000022,   -0.000003
  157    -0.000003,    0.000001,    0.000020,    0.000053,    0.000003
  158     0.000287,   -0.000078,   -0.000002,   -0.000076,   -0.000030
  159    -0.000305,    0.000074,   -0.000003,    0.000096,    0.000022
  160     0.000080,   -0.000280,    0.000188,    0.000227,   -0.000010
  161    -0.000017,    0.000171,   -0.000265,   -0.000053,    0.000030
  162     0.000086,    0.000200,   -0.000055,   -0.000331,   -0.000022
  163     0.001002,   -0.000295,   -0.000094,   -0.000162,   -0.000074
  164    -0.000245,    0.000132,    0.000128,    0.000265,    0.000007
  165     0.000186,   -0.000339,    0.000613,    0.000806,   -0.000003
  166     0.000000,    0.000466,   -0.000718,    0.000289,    0.000015
  167     0.000172,    0.000563,    0.000267,   -0.000596,   -0.000002
  168    -0.000208,    0.000082,    0.000003,    0.000036,    0.000025
  169     0.000190,   -0.000061,   -0.000035,   -0.000076,   -0.000014
  170     0.000011,    0.000018,    0.000002,    0.000067,    0.000001
  171     0.000049,    0.000023,    0.000028,    0.000132,    0.000002
  172    -0.000048,    0.000187,   -0.000212,   -0.000176,    0.000009
  173     0.000052,   -0.000026,    0.000051,   -0.000057,   -0.000014
  174    -0.000087,   -0.000137,   -0.000013,    0.000145,    0.000008
  175    -0.000006,    0.000002,   -0.000000,   -0.000003,   -0.000000
  176    -0.000000,    0.000000,   -0.000000,   -0.000000,   -0.000001
  177     0.000972,   -0.000352,    0.000003,    0.000447,   -0.000011
  178     0.010091,   -0.003652,    0.000035,    0.004642,   -0.000091
  179    -0.028561,    0.010337,   -0.000099,   -0.013139,    0.000335
  180    -0.006462,    0.002339,   -0.000022,   -0.002973,    0.000050
  181    -0.000000,    0.000000,    0.000092,   -0.000000,    0.000000
  182     0.000001,    0.000059,   -0.000000,    0.000052,   -0.000005
  183    -0.000005,    0.000057,   -0.000000,    0.000045,   -0.000003
  184     0.000007,   -0.000005,   -0.002151,    0.000005,   -0.000002
  185    -0.000028,   -0.001384,    0.000007,   -0.001220,    0.000108
  186     0.000106,   -0.001321,    0.000000,   -0.001062,    0.000082
  187    -0.000038,    0.000026,    0.011090,   -0.000026,    0.000009
  188    -0.000085,    0.007228,   -0.000038,    0.006178,   -0.000552
  189    -0.000288,    0.006727,   -0.000000,    0.005588,   -0.000453
  190    -0.000066,    0.000046,    0.020570,   -0.000046,    0.000016
  191     0.000884,    0.013015,   -0.000066,    0.011946,   -0.001045
  192    -0.001680,    0.012877,   -0.000004,    0.009844,   -0.000781
  193    -0.000029,    0.000020,    0.008790,   -0.000018,    0.000007
  194     0.000032,    0.005492,   -0.000029,    0.005026,   -0.000364
  195    -0.000503,    0.005246,   -0.000001,    0.004380,   -0.000429
  196     0.000000,   -0.000000,   -0.000002,    0.000000,   -0.000000
  197    -0.000001,    0.000000,    0.000000,    0.000001,    0.000000
  198    -0.000000,   -0.000000,   -0.000000,    0.000001,    0.000000
  199     0.000000,   -0.000000,   -0.000002,   -0.000000,   -0.000000
  200     0.000001,    0.000000,   -0.000000,   -0.000002,    0.000000
  201    -0.000000,   -0.000000,    0.000030,   -0.000000,    0.000000
  202     0.000033,   -0.000002,   -0.000000,   -0.000023,   -0.000008
  203     0.000008,    0.000027,    0.000000,   -0.000013,   -0.000001
  204    -0.000000,    0.000000,    0.000063,   -0.000000,    0.000000
  205    -0.000015,    0.000008,    0.000000,    0.000062,   -0.000004
  206    -0.000001,    0.000002,    0.000264,    0.000001,    0.000000
  207    -0.000167,    0.000072,    0.000001,   -0.000061,    0.000047
  208     0.000086,   -0.000345,    0.000000,   -0.000286,   -0.000020
  209     0.000001,    0.000000,   -0.000472,    0.000001,   -0.000000
  210    -0.000050,   -0.000255,    0.000002,   -0.000314,    0.000010
  211    -0.000000,    0.000004,    0.000978,    0.000003,    0.000001
  212    -0.000540,    0.000366,    0.000001,   -0.000558,    0.000032
  213     0.000495,   -0.000638,    0.000001,   -0.000848,   -0.000054
  214     0.000001,    0.000001,   -0.000727,    0.000003,   -0.000000
  215    -0.000457,   -0.000567,    0.000005,   -0.000382,   -0.000029
  216    -0.000083,   -0.000133,    0.000001,   -0.000095,    0.000001
  217     0.000001,   -0.000001,   -0.000285,   -0.000000,   -0.000000
  218     0.000099,   -0.000199,   -0.000000,   -0.000098,   -0.000015
  219    -0.000053,    0.000079,   -0.000000,    0.000247,   -0.000006
  220    -0.000000,   -0.000001,    0.000145,   -0.000001,    0.000000
  221     0.000039,    0.000092,   -0.000002,    0.000107,   -0.000005
  222    -0.000000,   -0.000001,   -0.000167,   -0.000001,   -0.000000
                25,          26,          27,          28,          29
    0    -0.000008,    0.000419,   -0.000113,    0.000002,    0.001234
    1    -0.000013,    0.000678,   -0.000183,    0.000003,    0.001998
    2     0.000011,   -0.000558,    0.000150,   -0.000002,   -0.001645
    3     0.000012,   -0.000599,    0.000161,   -0.000002,   -0.001763
    4     0.000005,   -0.000241,    0.000065,   -0.000001,   -0.000710
    5    -0.000223,    0.000000,    0.000001,   -0.000306,   -0.000002
    6     0.000001,   -0.000235,    0.000269,    0.000000,   -0.000015
    7     0.000000,    0.000329,    0.000442,    0.000001,   -0.000045
    8    -0.000169,    0.000000,    0.000001,   -0.000231,   -0.000001
    9     0.000001,   -0.000178,    0.000203,    0.000000,   -0.000011
   10     0.000000,    0.000249,    0.000334,    0.000001,   -0.000034
   11    -0.000009,    0.000000,    0.000000,   -0.000012,   -0.000000
   12     0.000000,   -0.000009,    0.000010,    0.000000,   -0.000001
   13     0.000000,    0.000013,    0.000017,    0.000000,   -0.000002
   14    -0.000004,   -0.000000,   -0.000000,   -0.000005,    0.000000
   15     0.000000,    0.000026,   -0.000004,    0.000000,   -0.000000
   16     0.000000,   -0.000009,    0.000003,   -0.000000,   -0.000000
   17    -0.000017,    0.000000,   -0.000000,   -0.000024,   -0.000000
   18    -0.000000,    0.000016,    0.000040,    0.000000,   -0.000004
   19    -0.000015,   -0.000000,   -0.000001,   -0.000020,   -0.000000
   20     0.000000,    0.000103,   -0.000017,    0.000001,   -0.000002
   21     0.000000,   -0.000036,    0.000013,   -0.000000,    0.000000
   22    -0.000068,    0.000001,   -0.000000,   -0.000093,   -0.000000
   23    -0.000000,    0.000064,    0.000160,    0.000000,   -0.000015
   24     0.000000,    0.000014,   -0.000008,    0.000000,   -0.000003
   25     0.000046,    0.000000,   -0.000000,   -0.000008,    0.000000
   26     0.000000,    0.000032,   -0.000009,   -0.000000,   -0.000003
   27    -0.000000,   -0.000009,    0.000022,   -0.000000,    0.000004
   28    -0.000008,   -0.000000,   -0.000000,    0.000041,   -0.000000
   29     0.000000,   -0.000003,    0.000004,   -0.000000,    0.000039
   30    -0.000010,    0.000000,   -0.000000,   -0.000014,   -0.000000
   31     0.000000,   -0.000000,   -0.000000,   -0.000000,   -0.000001
   32     0.000000,   -0.000001,    0.000000,   -0.000000,   -0.000002
   33    -0.000001,    0.000022,    0.000033,    0.000000,    0.000086
   34    -0.000006,    0.000247,    0.000328,    0.000001,    0.000950
   35     0.000016,   -0.000637,   -0.000980,   -0.000002,   -0.002525
   36     0.000004,   -0.000168,   -0.000206,   -0.000001,   -0.000636
   37     0.000010,   -0.000000,    0.000000,   -0.000001,    0.000000
   38    -0.000000,   -0.000006,    0.000001,   -0.000000,    0.000005
   39     0.000000,    0.000015,   -0.000002,    0.000000,   -0.000006
   40    -0.000241,    0.000000,   -0.000000,    0.000031,   -0.000002
   41     0.000002,    0.000132,   -0.000016,    0.000000,   -0.000112
   42    -0.000001,   -0.000352,    0.000046,   -0.000001,    0.000135
   43     0.001267,   -0.000002,    0.000000,   -0.000156,    0.000010
   44    -0.000008,   -0.000699,    0.000111,   -0.000002,    0.000571
   45     0.000005,    0.001832,   -0.000237,    0.000006,   -0.000715
   46     0.002312,   -0.000003,    0.000000,   -0.000293,    0.000018
   47    -0.000014,   -0.001289,    0.000122,   -0.000003,    0.000976
   48     0.000009,    0.003354,   -0.000460,    0.000011,   -0.001338
   49     0.000992,   -0.000002,    0.000000,   -0.000122,    0.000007
   50    -0.000005,   -0.000630,    0.000144,   -0.000002,    0.000220
   51     0.000004,    0.001397,   -0.000161,    0.000004,   -0.000656
   52    -0.000000,    0.000000,    0.000000,   -0.000000,   -0.000000
   53     0.000000,   -0.000000,    0.000000,   -0.000000,   -0.000000
   54    -0.000000,    0.000000,    0.000000,    0.000000,    0.000000
   55    -0.000000,   -0.000000,    0.000000,    0.000000,   -0.000000
   56    -0.000000,   -0.000000,   -0.000000,   -0.000000,    0.000000
   57     0.000005,   -0.000000,   -0.000000,    0.000001,    0.000000
   58    -0.000000,    0.000010,   -0.000004,    0.000000,    0.000006
   59     0.000000,   -0.000000,   -0.000001,   -0.000000,   -0.000005
   60     0.000002,    0.000000,   -0.000000,   -0.000002,    0.000000
   61     0.000000,    0.000001,    0.000005,    0.000000,   -0.000012
   62    -0.000003,   -0.000000,    0.000000,    0.000018,   -0.000001
   63     0.000000,   -0.000058,    0.000009,   -0.000000,   -0.000058
   64    -0.000000,   -0.000020,   -0.000015,   -0.000000,    0.000038
   65     0.000009,   -0.000000,    0.000000,    0.000013,   -0.000000
   66    -0.000001,    0.000013,   -0.000036,    0.000000,    0.000080
   67     0.000043,   -0.000000,    0.000000,    0.000054,    0.000000
   68    -0.000000,   -0.000021,   -0.000020,   -0.000000,   -0.000013
   69    -0.000000,   -0.000066,   -0.000044,   -0.000000,    0.000014
   70     0.000052,   -0.000000,   -0.000000,    0.000018,    0.000000
   71     0.000000,    0.000017,   -0.000053,    0.000000,   -0.000012
   72     0.000000,   -0.000004,    0.000013,   -0.000000,   -0.000020
   73    -0.000002,    0.000000,   -0.000000,   -0.000012,    0.000000
   74     0.000000,    0.000034,    0.000006,    0.000000,   -0.000015
   75     0.000000,   -0.000003,    0.000004,   -0.000000,   -0.000018
   76    -0.000010,    0.000000,    0.000000,    0.000008,   -0.000000
   77     0.000000,   -0.000019,   -0.000000,   -0.000000,   -0.000016
   78    -0.000007,   -0.000000,    0.000000,    0.000007,   -0.000000
   79    -0.000000,   -0.000000,    0.000000,   -0.000000,   -0.000001
   80     0.000000,   -0.000001,    0.000000,    0.000000,   -0.000002
   81     0.000017,    0.000015,   -0.000035,    0.000024,    0.000092
   82     0.000174,    0.000176,   -0.000369,    0.000249,    0.001009
   83    -0.000510,   -0.000430,    0.001055,   -0.000726,   -0.002697
   84    -0.000111,   -0.000122,    0.000238,   -0.000158,   -0.000673
   85    -0.000002,   -0.000002,   -0.000003,   -0.000009,   -0.000002
   86     0.000013,    0.000002,   -0.000000,   -0.000002,   -0.000004
   87     0.000000,    0.000002,    0.000005,    0.000013,   -0.000001
   88     0.000047,    0.000056,    0.000073,    0.000210,    0.000034
   89    -0.000301,   -0.000050,    0.000005,    0.000039,    0.000096
   90    -0.000005,   -0.000041,   -0.000116,   -0.000311,    0.000019
   91    -0.000256,   -0.000277,   -0.000364,   -0.001112,   -0.000168
   92     0.001575,    0.000273,   -0.000028,   -0.000206,   -0.000503
   93     0.000018,    0.000216,    0.000609,    0.001618,   -0.000092
   94    -0.000437,   -0.000515,   -0.000727,   -0.001990,   -0.000234
   95     0.002884,    0.000492,   -0.000054,   -0.000369,   -0.000909
   96     0.000057,    0.000397,    0.001081,    0.002993,   -0.000120
   97    -0.000215,   -0.000137,   -0.000280,   -0.000889,    0.000065
   98     0.001230,    0.000225,   -0.000022,   -0.000164,   -0.000365
   99     0.000003,    0.000224,    0.000478,    0.001252,    0.000064
  100     0.000000,    0.000000,   -0.000000,   -0.000000,   -0.000000
  101     0.000000,   -0.000000,   -0.000000,   -0.000000,   -0.000000
  102    -0.000000,   -0.000000,   -0.000000,    0.000000,    0.000000
  103     0.000000,   -0.000000,    0.000000,    0.000000,   -0.000000
  104    -0.000000,   -0.000000,   -0.000000,   -0.000000,   -0.000000
  105    -0.000005,   -0.000002,    0.000001,    0.000000,    0.000004
  106    -0.000004,    0.000002,    0.000001,    0.000001,    0.000003
  107     0.000001,   -0.000000,    0.000000,   -0.000005,   -0.000001
  108    -0.000002,    0.000004,   -0.000001,   -0.000006,    0.000010
  109     0.000001,    0.000005,    0.000004,    0.000004,    0.000007
  110     0.000021,   -0.000016,    0.000007,   -0.000002,   -0.000023
  111     0.000008,   -0.000016,    0.000012,    0.000008,   -0.000014
  112     0.000008,    0.000020,    0.000021,    0.000029,    0.000001
  113     0.000011,   -0.000026,    0.000005,    0.000023,   -0.000081
  114    -0.000001,   -0.000033,   -0.000026,   -0.000004,   -0.000055
  115     0.000008,   -0.000046,    0.000025,   -0.000003,   -0.000002
  116    -0.000030,   -0.000026,    0.000037,    0.000035,    0.000010
  117     0.000036,    0.000049,    0.000054,    0.000026,   -0.000010
  118     0.000013,    0.000006,   -0.000013,   -0.000001,    0.000001
  119     0.000016,   -0.000013,   -0.000040,    0.000036,    0.000001
  120     0.000014,   -0.000003,    0.000000,   -0.000005,   -0.000012
  121     0.000014,   -0.000011,    0.000009,    0.000005,   -0.000008
  122    -0.000007,    0.000003,    0.000006,    0.000011,   -0.000001
  123     0.000007,    0.000011,    0.000010,    0.000012,    0.000012
  124     0.000006,    0.000009,    0.000015,    0.000025,   -0.000011
  125     0.000000,   -0.000008,   -0.000001,    0.000000,   -0.000019
  126    -0.000003,   -0.000008,   -0.000011,    0.000002,   -0.000012
  127     0.000000,   -0.000000,    0.000000,    0.000000,   -0.000001
  128    -0.000000,   -0.000001,    0.000000,   -0.000000,   -0.000002
  129    -0.000018,    0.000015,   -0.000035,   -0.000024,    0.000092
  130    -0.000187,    0.000178,   -0.000369,   -0.000247,    0.001007
  131     0.000545,   -0.000434,    0.001056,    0.000721,   -0.002690
  132     0.000120,   -0.000123,    0.000238,    0.000157,   -0.000672
  133    -0.000002,    0.000002,    0.000003,   -0.000009,    0.000001
  134    -0.000013,    0.000002,   -0.000000,    0.000002,   -0.000004
  135    -0.000000,    0.000002,    0.000005,   -0.000013,   -0.000001
  136     0.000050,   -0.000057,   -0.000073,    0.000210,   -0.000033
  137     0.000299,   -0.000050,    0.000005,   -0.000040,    0.000100
  138     0.000005,   -0.000043,   -0.000116,    0.000311,    0.000019
  139    -0.000268,    0.000286,    0.000362,   -0.001108,    0.000162
  140    -0.001566,    0.000269,   -0.000030,    0.000215,   -0.000524
  141    -0.000017,    0.000227,    0.000608,   -0.001618,   -0.000091
  142    -0.000459,    0.000531,    0.000725,   -0.001984,    0.000224
  143    -0.002869,    0.000485,   -0.000058,    0.000385,   -0.000948
  144    -0.000056,    0.000416,    0.001079,   -0.002992,   -0.000118
  145    -0.000222,    0.000144,    0.000279,   -0.000886,   -0.000070
  146    -0.001223,    0.000223,   -0.000024,    0.000171,   -0.000380
  147    -0.000004,    0.000232,    0.000477,   -0.001252,    0.000065
  148     0.000000,   -0.000000,    0.000000,   -0.000000,    0.000000
  149    -0.000000,   -0.000000,   -0.000000,    0.000000,   -0.000000
  150     0.000000,   -0.000000,   -0.000000,   -0.000000,    0.000000
  151     0.000000,    0.000000,   -0.000000,    0.000000,    0.000000
  152     0.000000,   -0.000000,   -0.000000,    0.000000,   -0.000000
  153    -0.000005,    0.000001,   -0.000001,    0.000000,   -0.000004
  154     0.000004,    0.000002,    0.000001,   -0.000001,    0.000003
  155    -0.000001,   -0.000000,    0.000000,    0.000005,   -0.000001
  156    -0.000002,   -0.000004,    0.000001,   -0.000006,   -0.000010
  157    -0.000001,    0.000005,    0.000004,   -0.000004,    0.000007
  158     0.000020,    0.000016,   -0.000007,   -0.000002,    0.000024
  159    -0.000008,   -0.000016,    0.000012,   -0.000008,   -0.000014
  160    -0.000008,    0.000020,    0.000021,   -0.000029,    0.000001
  161     0.000010,    0.000026,   -0.000005,    0.000023,    0.000081
  162     0.000002,   -0.000033,   -0.000026,    0.000004,   -0.000055
  163     0.000009,    0.000046,   -0.000024,   -0.000002,    0.000002
  164     0.000030,   -0.000026,    0.000037,   -0.000035,    0.000011
  165    -0.000035,    0.000049,    0.000054,   -0.000025,   -0.000011
  166     0.000013,   -0.000006,    0.000013,   -0.000001,   -0.000001
  167    -0.000016,   -0.000012,   -0.000041,   -0.000036,    0.000000
  168    -0.000014,   -0.000003,   -0.000000,    0.000005,   -0.000013
  169     0.000014,    0.000011,   -0.000009,    0.000005,    0.000008
  170     0.000007,    0.000003,    0.000006,   -0.000011,   -0.000001
  171    -0.000007,    0.000011,    0.000010,   -0.000012,    0.000012
  172     0.000005,   -0.000009,   -0.000015,    0.000025,    0.000011
  173     0.000000,   -0.000008,   -0.000001,   -0.000000,   -0.000019
  174    -0.000003,    0.000007,    0.000011,    0.000002,    0.000012
  175     0.000000,   -0.000000,   -0.000000,   -0.000000,   -0.000001
  176     0.000000,   -0.000000,    0.000000,   -0.000000,   -0.000002
  177    -0.000001,    0.000069,    0.000006,    0.000000,    0.000087
  178    -0.000006,    0.000731,    0.000052,    0.000003,    0.000958
  179     0.000017,   -0.002051,   -0.000175,   -0.000007,   -0.002548
  180     0.000004,   -0.000476,   -0.000030,   -0.000002,   -0.000641
  181    -0.000015,   -0.000000,    0.000000,    0.000008,   -0.000000
  182     0.000000,   -0.000008,    0.000010,   -0.000000,    0.000003
  183    -0.000000,   -0.000006,    0.000009,   -0.000000,    0.000006
  184     0.000344,    0.000001,   -0.000001,   -0.000177,    0.000002
  185    -0.000001,    0.000179,   -0.000235,    0.000001,   -0.000072
  186     0.000001,    0.000140,   -0.000211,    0.000000,   -0.000133
  187    -0.001796,   -0.000007,    0.000004,    0.000934,   -0.000011
  188     0.000003,   -0.000951,    0.001216,   -0.000007,    0.000386
  189    -0.000005,   -0.000721,    0.001103,   -0.000002,    0.000688
  190    -0.003289,   -0.000012,    0.000008,    0.001701,   -0.000020
  191     0.000006,   -0.001660,    0.002249,   -0.000012,    0.000757
  192    -0.000008,   -0.001403,    0.002007,   -0.000005,    0.001201
  193    -0.001405,   -0.000005,    0.000003,    0.000731,   -0.000008
  194     0.000002,   -0.000714,    0.000926,   -0.000005,    0.000468
  195    -0.000003,   -0.000597,    0.000888,   -0.000002,    0.000358
  196    -0.000000,   -0.000000,    0.000000,    0.000000,   -0.000000
  197    -0.000000,   -0.000000,    0.000000,    0.000000,    0.000000
  198     0.000000,    0.000000,    0.000000,    0.000000,   -0.000000
  199     0.000000,    0.000000,    0.000000,   -0.000000,    0.000000
  200    -0.000000,    0.000000,   -0.000000,    0.000000,   -0.000000
  201     0.000002,    0.000000,   -0.000000,   -0.000004,    0.000000
  202     0.000000,   -0.000000,    0.000000,   -0.000000,   -0.000012
  203    -0.000000,   -0.000004,    0.000002,   -0.000000,    0.000007
  204    -0.000007,   -0.000000,    0.000000,    0.000002,   -0.000000
  205     0.000000,   -0.000003,    0.000008,   -0.000000,   -0.000004
  206    -0.000026,   -0.000000,    0.000000,    0.000001,   -0.000000
  207    -0.000001,    0.000012,   -0.000019,    0.000000,    0.000088
  208     0.000000,    0.000008,   -0.000038,    0.000000,   -0.000039
  209     0.000024,   -0.000000,   -0.000000,    0.000013,    0.000000
  210    -0.000000,    0.000005,   -0.000035,    0.000000,    0.000041
  211    -0.000046,    0.000000,    0.000000,   -0.000032,   -0.000000
  212     0.000000,   -0.000019,   -0.000039,   -0.000000,   -0.000006
  213    -0.000000,    0.000001,   -0.000076,    0.000000,    0.000007
  214    -0.000017,   -0.000000,   -0.000000,    0.000068,   -0.000000
  215    -0.000000,   -0.000050,   -0.000009,   -0.000000,    0.000024
  216    -0.000000,   -0.000004,   -0.000008,    0.000000,    0.000011
  217     0.000027,    0.000000,   -0.000000,    0.000004,    0.000000
  218     0.000000,    0.000001,   -0.000012,    0.000000,   -0.000025
  219    -0.000000,   -0.000013,    0.000032,   -0.000000,    0.000004
  220     0.000001,    0.000000,   -0.000000,   -0.000005,   -0.000000
  221     0.000000,   -0.000006,    0.000012,   -0.000000,   -0.000019
  222     0.000015,   -0.000000,   -0.000000,   -0.000008,    0.000000
                30,          31,          32,          33,          34
    0     0.000003,    0.000000,   -0.000026,   -0.000396,   -0.003685
    1     0.000005,    0.000000,   -0.000064,   -0.000916,   -0.008300
    2    -0.000004,   -0.000004,    0.000132,    0.002477,    0.022812
    3    -0.000004,   -0.000003,    0.000131,    0.002341,    0.021451
    4    -0.000002,    0.000040,    0.000041,   -0.005615,   -0.059751
    5    -0.000415,    0.000000,    0.000000,   -0.000000,   -0.000010
    6     0.000006,    0.000011,    0.000116,   -0.000041,   -0.003160
    7    -0.000001,    0.000005,    0.000049,   -0.000018,   -0.001351
    8    -0.000313,    0.000000,    0.000000,   -0.000003,   -0.000034
    9     0.000004,    0.000014,    0.000090,   -0.000821,   -0.010610
   10    -0.000001,    0.000006,    0.000038,   -0.000351,   -0.004536
   11    -0.000016,    0.000000,    0.000000,   -0.000011,   -0.000116
   12     0.000000,    0.000024,    0.000020,   -0.003448,   -0.036140
   13    -0.000000,    0.000010,    0.000008,   -0.001474,   -0.015448
   14    -0.000007,    0.000000,    0.000000,   -0.000002,   -0.000017
   15    -0.000000,    0.000002,    0.000003,   -0.000215,   -0.002309
   16     0.000000,   -0.000001,   -0.000001,    0.000092,    0.000989
   17    -0.000032,    0.000000,    0.000000,   -0.000001,   -0.000007
   18     0.000000,   -0.000002,   -0.000004,    0.000251,    0.002701
   19    -0.000027,    0.000000,    0.000000,   -0.000005,   -0.000055
   20    -0.000001,    0.000005,    0.000000,   -0.000705,   -0.007319
   21     0.000000,   -0.000002,   -0.000000,    0.000302,    0.003137
   22    -0.000127,    0.000000,    0.000000,   -0.000002,   -0.000024
   23     0.000000,   -0.000005,   -0.000000,    0.000824,    0.008562
   24    -0.000000,   -0.000000,   -0.000000,    0.000059,    0.000627
   25    -0.000010,    0.000000,    0.000000,   -0.000001,   -0.000006
   26     0.000000,   -0.000000,   -0.000001,    0.000022,    0.000247
   27    -0.000000,   -0.000000,    0.000000,    0.000033,    0.000328
   28    -0.000014,   -0.000000,   -0.000000,    0.000000,    0.000001
   29    -0.000000,   -0.000001,   -0.000002,    0.000086,    0.000950
   30     0.000032,   -0.000000,   -0.000000,    0.000001,    0.000006
   31    -0.000000,    0.000000,    0.000000,   -0.000015,   -0.000163
   32    -0.000000,    0.000000,    0.000000,   -0.000015,   -0.000165
   33     0.000001,   -0.000015,   -0.000015,    0.002192,    0.023124
   34     0.000006,   -0.000163,   -0.000165,    0.023124,    0.244008
   35    -0.000017,    0.000447,    0.000435,   -0.063822,   -0.673005
   36    -0.000004,    0.000104,    0.000124,   -0.014503,   -0.153492
   37    -0.000015,    0.000000,   -0.000000,   -0.000000,   -0.000000
   38     0.000000,    0.000000,   -0.000001,   -0.000013,   -0.000116
   39     0.000000,    0.000000,   -0.000000,   -0.000005,   -0.000049
   40     0.000361,   -0.000000,    0.000000,    0.000001,    0.000009
   41    -0.000001,   -0.000000,    0.000016,    0.000306,    0.002789
   42    -0.000001,   -0.000000,    0.000007,    0.000131,    0.001192
   43    -0.001883,    0.000000,   -0.000000,   -0.000004,   -0.000036
   44     0.000004,    0.000001,   -0.000079,   -0.001266,   -0.011216
   45     0.000007,    0.000000,   -0.000034,   -0.000541,   -0.004794
   46    -0.003453,    0.000000,   -0.000000,   -0.000015,   -0.000143
   47     0.000007,    0.000016,   -0.000144,   -0.004606,   -0.044317
   48     0.000012,    0.000007,   -0.000062,   -0.001969,   -0.018943
   49    -0.001472,    0.000000,   -0.000000,   -0.000012,   -0.000124
   50     0.000003,    0.000022,   -0.000022,   -0.003774,   -0.038596
   51     0.000005,    0.000009,   -0.000009,   -0.001613,   -0.016497
   52     0.000000,    0.000000,    0.000000,   -0.000000,   -0.000000
   53    -0.000000,    0.000000,    0.000000,   -0.000002,   -0.000018
   54    -0.000000,   -0.000000,   -0.000000,    0.000001,    0.000008
   55     0.000000,    0.000000,    0.000000,   -0.000000,   -0.000000
   56    -0.000000,   -0.000000,   -0.000000,    0.000002,    0.000021
   57    -0.000004,   -0.000000,   -0.000000,    0.000001,    0.000006
   58     0.000000,   -0.000001,   -0.000002,    0.000076,    0.000836
   59     0.000000,    0.000000,    0.000001,   -0.000032,   -0.000358
   60    -0.000007,   -0.000000,   -0.000000,    0.000000,    0.000003
   61    -0.000000,    0.000001,    0.000002,   -0.000089,   -0.000978
   62     0.000045,    0.000000,    0.000000,   -0.000002,   -0.000021
   63     0.000000,    0.000003,    0.000014,   -0.000241,   -0.002831
   64     0.000000,   -0.000001,   -0.000006,    0.000103,    0.001212
   65     0.000019,    0.000000,    0.000000,   -0.000001,   -0.000009
   66     0.000000,   -0.000003,   -0.000016,    0.000282,    0.003312
   67     0.000069,   -0.000000,    0.000000,    0.000008,    0.000079
   68     0.000001,   -0.000006,    0.000005,    0.001015,    0.010430
   69     0.000000,    0.000003,   -0.000002,   -0.000435,   -0.004470
   70    -0.000023,   -0.000000,    0.000000,    0.000003,    0.000034
   71     0.000001,    0.000007,   -0.000006,   -0.001187,   -0.012201
   72    -0.000000,   -0.000000,    0.000005,    0.000078,    0.000688
   73    -0.000010,    0.000000,   -0.000000,   -0.000001,   -0.000005
   74    -0.000000,   -0.000000,    0.000001,    0.000019,    0.000169
   75     0.000000,    0.000000,    0.000004,    0.000053,    0.000464
   76     0.000005,   -0.000000,    0.000000,    0.000000,    0.000001
   77    -0.000000,   -0.000000,    0.000005,    0.000087,    0.000786
   78     0.000035,   -0.000000,    0.000000,    0.000001,    0.000007
   79    -0.000000,    0.000000,    0.000000,   -0.000000,   -0.000003
   80     0.000000,    0.000000,    0.000000,   -0.000002,   -0.000026
   81     0.000033,   -0.000000,   -0.000002,   -0.000014,   -0.000037
   82     0.000338,   -0.000003,   -0.000026,   -0.000037,    0.000861
   83    -0.000987,    0.000008,    0.000068,   -0.000064,   -0.004021
   84    -0.000216,   -0.000002,    0.000015,    0.000553,    0.005030
   85     0.000004,   -0.000000,   -0.000000,   -0.000000,    0.000001
   86    -0.000004,   -0.000000,    0.000000,    0.000007,    0.000068
   87    -0.000005,   -0.000000,    0.000000,    0.000003,    0.000030
   88    -0.000094,    0.000000,    0.000002,    0.000002,   -0.000026
   89     0.000105,    0.000001,   -0.000004,   -0.000160,   -0.001598
   90     0.000116,    0.000000,   -0.000001,   -0.000067,   -0.000696
   91     0.000481,   -0.000000,   -0.000008,   -0.000061,   -0.000417
   92    -0.000553,   -0.000003,    0.000020,    0.000779,    0.007806
   93    -0.000626,   -0.000002,    0.000003,    0.000293,    0.003058
   94     0.000938,   -0.000002,   -0.000020,    0.000083,    0.001441
   95    -0.001002,   -0.000008,    0.000037,    0.001748,    0.017600
   96    -0.001098,   -0.000005,    0.000003,    0.000796,    0.008394
   97     0.000351,    0.000000,   -0.000011,   -0.000184,   -0.001562
   98    -0.000437,   -0.000006,    0.000009,    0.001019,    0.010502
   99    -0.000508,   -0.000002,   -0.000003,    0.000318,    0.003485
  100    -0.000000,    0.000000,    0.000000,   -0.000001,   -0.000012
  101    -0.000000,   -0.000000,    0.000000,    0.000001,    0.000010
  102    -0.000000,    0.000000,    0.000000,   -0.000001,   -0.000013
  103     0.000000,   -0.000000,   -0.000000,    0.000001,    0.000014
  104     0.000000,    0.000000,   -0.000000,   -0.000001,   -0.000006
  105     0.000001,   -0.000000,   -0.000000,    0.000031,    0.000333
  106     0.000002,    0.000000,   -0.000000,   -0.000023,   -0.000235
  107     0.000003,   -0.000000,   -0.000000,    0.000033,    0.000348
  108    -0.000002,    0.000000,   -0.000000,   -0.000040,   -0.000407
  109    -0.000004,   -0.000000,    0.000000,    0.000008,    0.000086
  110     0.000000,    0.000001,    0.000004,   -0.000035,   -0.000449
  111    -0.000000,   -0.000000,    0.000003,    0.000070,    0.000656
  112     0.000000,    0.000001,    0.000001,   -0.000067,   -0.000715
  113     0.000023,   -0.000001,    0.000002,    0.000159,    0.001593
  114     0.000004,   -0.000000,   -0.000000,    0.000030,    0.000314
  115     0.000011,   -0.000002,    0.000004,    0.000435,    0.004430
  116     0.000018,   -0.000001,    0.000004,    0.000158,    0.001566
  117     0.000029,   -0.000001,    0.000001,    0.000196,    0.002010
  118     0.000053,   -0.000000,   -0.000000,    0.000064,    0.000714
  119    -0.000027,   -0.000001,   -0.000003,    0.000040,    0.000507
  120    -0.000003,   -0.000000,    0.000001,    0.000058,    0.000576
  121    -0.000002,   -0.000000,    0.000002,    0.000053,    0.000502
  122    -0.000002,   -0.000000,    0.000001,    0.000014,    0.000129
  123    -0.000010,   -0.000000,   -0.000000,   -0.000003,   -0.000022
  124     0.000004,   -0.000000,    0.000001,    0.000028,    0.000281
  125     0.000003,   -0.000000,   -0.000000,    0.000036,    0.000385
  126    -0.000000,   -0.000000,   -0.000001,   -0.000000,    0.000022
  127     0.000000,    0.000000,    0.000000,   -0.000000,   -0.000003
  128    -0.000000,    0.000000,    0.000000,   -0.000002,   -0.000026
  129    -0.000032,   -0.000000,   -0.000002,   -0.000014,   -0.000037
  130    -0.000333,   -0.000003,   -0.000026,   -0.000037,    0.000861
  131     0.000973,    0.000008,    0.000068,   -0.000064,   -0.004021
  132     0.000212,   -0.000002,    0.000015,    0.000553,    0.005030
  133     0.000004,    0.000000,    0.000000,    0.000000,   -0.000001
  134     0.000005,   -0.000000,    0.000000,    0.000007,    0.000068
  135     0.000005,   -0.000000,    0.000000,    0.000003,    0.000030
  136    -0.000095,   -0.000000,   -0.000002,   -0.000003,    0.000015
  137    -0.000110,    0.000001,   -0.000004,   -0.000160,   -0.001598
  138    -0.000115,    0.000000,   -0.000001,   -0.000067,   -0.000696
  139     0.000486,    0.000000,    0.000009,    0.000066,    0.000467
  140     0.000578,   -0.000003,    0.000019,    0.000778,    0.007803
  141     0.000619,   -0.000002,    0.000003,    0.000293,    0.003059
  142     0.000946,    0.000002,    0.000020,   -0.000072,   -0.001328
  143     0.001047,   -0.000008,    0.000037,    0.001748,    0.017609
  144     0.001086,   -0.000005,    0.000003,    0.000796,    0.008394
  145     0.000354,   -0.000000,    0.000011,    0.000190,    0.001630
  146     0.000456,   -0.000006,    0.000009,    0.001018,    0.010491
  147     0.000504,   -0.000002,   -0.000003,    0.000318,    0.003485
  148    -0.000000,   -0.000000,   -0.000000,    0.000001,    0.000012
  149     0.000000,   -0.000000,    0.000000,    0.000001,    0.000011
  150     0.000000,    0.000000,    0.000000,   -0.000001,   -0.000013
  151     0.000000,    0.000000,    0.000000,   -0.000001,   -0.000014
  152    -0.000000,    0.000000,   -0.000000,   -0.000001,   -0.000006
  153     0.000001,    0.000000,    0.000000,   -0.000032,   -0.000334
  154    -0.000002,    0.000000,   -0.000000,   -0.000024,   -0.000237
  155    -0.000003,   -0.000000,   -0.000000,    0.000033,    0.000348
  156    -0.000002,   -0.000000,    0.000000,    0.000040,    0.000406
  157     0.000004,   -0.000000,    0.000000,    0.000008,    0.000081
  158    -0.000000,   -0.000001,   -0.000004,    0.000034,    0.000444
  159     0.000000,   -0.000000,    0.000003,    0.000071,    0.000667
  160    -0.000001,    0.000001,    0.000001,   -0.000067,   -0.000716
  161     0.000024,    0.000001,   -0.000002,   -0.000158,   -0.001588
  162    -0.000005,   -0.000000,   -0.000000,    0.000030,    0.000320
  163     0.000009,    0.000002,   -0.000004,   -0.000436,   -0.004437
  164    -0.000018,   -0.000001,    0.000004,    0.000159,    0.001570
  165    -0.000029,   -0.000001,    0.000001,    0.000196,    0.002010
  166     0.000054,    0.000000,    0.000000,   -0.000063,   -0.000704
  167     0.000027,   -0.000000,   -0.000003,    0.000034,    0.000449
  168     0.000004,   -0.000000,    0.000001,    0.000058,    0.000576
  169    -0.000002,    0.000000,   -0.000002,   -0.000053,   -0.000507
  170     0.000002,   -0.000000,    0.000001,    0.000014,    0.000130
  171     0.000010,   -0.000000,   -0.000000,   -0.000003,   -0.000022
  172     0.000004,    0.000000,   -0.000001,   -0.000028,   -0.000280
  173    -0.000003,   -0.000000,   -0.000000,    0.000035,    0.000378
  174    -0.000000,    0.000000,    0.000001,    0.000001,   -0.000011
  175     0.000000,    0.000000,    0.000000,   -0.000000,   -0.000003
  176    -0.000000,    0.000000,    0.000000,   -0.000002,   -0.000026
  177    -0.000000,   -0.000000,   -0.000002,   -0.000014,   -0.000037
  178    -0.000001,   -0.000003,   -0.000026,   -0.000037,    0.000861
  179     0.000004,    0.000008,    0.000068,   -0.000064,   -0.004022
  180     0.000001,   -0.000002,    0.000015,    0.000553,    0.005030
  181    -0.000009,   -0.000000,    0.000000,    0.000000,    0.000000
  182    -0.000000,   -0.000000,    0.000000,    0.000007,    0.000069
  183    -0.000000,   -0.000000,    0.000000,    0.000003,    0.000028
  184     0.000200,    0.000000,   -0.000000,   -0.000001,   -0.000005
  185     0.000000,    0.000001,   -0.000003,   -0.000158,   -0.001612
  186     0.000001,    0.000000,   -0.000003,   -0.000070,   -0.000663
  187    -0.001039,   -0.000000,    0.000000,    0.000002,    0.000024
  188    -0.000002,   -0.000004,    0.000014,    0.000735,    0.007503
  189    -0.000005,   -0.000001,    0.000017,    0.000394,    0.003763
  190    -0.001909,   -0.000000,    0.000000,    0.000006,    0.000060
  191    -0.000004,   -0.000010,    0.000023,    0.001801,    0.018546
  192    -0.000008,   -0.000001,    0.000035,    0.000673,    0.006190
  193    -0.000812,   -0.000000,    0.000000,    0.000003,    0.000030
  194    -0.000001,   -0.000006,    0.000002,    0.000891,    0.009410
  195    -0.000004,   -0.000003,    0.000015,    0.000616,    0.006027
  196     0.000000,   -0.000000,   -0.000000,    0.000000,    0.000000
  197     0.000000,   -0.000000,    0.000000,    0.000001,    0.000006
  198     0.000000,   -0.000000,   -0.000000,    0.000001,    0.000015
  199     0.000000,   -0.000000,    0.000000,    0.000000,    0.000000
  200     0.000000,    0.000000,   -0.000000,   -0.000002,   -0.000020
  201    -0.000001,    0.000000,   -0.000000,   -0.000000,   -0.000003
  202    -0.000000,    0.000000,    0.000000,   -0.000009,   -0.000096
  203    -0.000000,    0.000000,    0.000000,   -0.000043,   -0.000452
  204    -0.000005,    0.000000,    0.000000,   -0.000000,   -0.000000
  205    -0.000000,   -0.000000,    0.000000,    0.000049,    0.000497
  206    -0.000024,   -0.000000,    0.000000,    0.000001,    0.000010
  207     0.000000,    0.000000,   -0.000003,   -0.000066,   -0.000621
  208    -0.000000,   -0.000001,   -0.000003,    0.000102,    0.001130
  209     0.000031,    0.000000,   -0.000000,   -0.000000,   -0.000003
  210    -0.000000,    0.000001,   -0.000004,   -0.000149,   -0.001455
  211    -0.000065,   -0.000000,    0.000000,    0.000001,    0.000008
  212     0.000000,    0.000002,    0.000000,   -0.000280,   -0.002962
  213    -0.000001,    0.000002,   -0.000005,   -0.000408,   -0.004095
  214     0.000030,    0.000000,    0.000000,   -0.000001,   -0.000009
  215    -0.000001,    0.000000,   -0.000003,   -0.000117,   -0.001159
  216    -0.000000,   -0.000000,   -0.000001,   -0.000017,   -0.000150
  217     0.000017,    0.000000,   -0.000000,   -0.000000,   -0.000004
  218    -0.000000,   -0.000000,   -0.000001,    0.000006,    0.000095
  219    -0.000000,   -0.000000,    0.000002,    0.000063,    0.000611
  220    -0.000011,   -0.000000,   -0.000000,    0.000000,    0.000000
  221     0.000000,   -0.000000,    0.000001,    0.000065,    0.000651
  222     0.000020,   -0.000000,   -0.000000,   -0.000000,   -0.000002
                35,          36,          37,          38,          39
    0     0.013370,    0.000987,    0.000000,    0.000113,    0.000048
    1     0.030827,   -0.000348,    0.000001,    0.000240,    0.000103
    2    -0.080672,    0.004263,   -0.000001,   -0.000439,   -0.000188
    3    -0.076534,    0.004373,   -0.000001,   -0.000434,   -0.000186
    4     0.167938,    0.031655,    0.000000,    0.000093,    0.000040
    5    -0.000019,    0.000072,    0.000113,   -0.000003,   -0.000001
    6    -0.005981,    0.022433,   -0.000003,   -0.000846,   -0.000410
    7    -0.002556,    0.009588,   -0.000001,   -0.000410,   -0.000062
    8     0.000059,    0.000069,    0.000104,   -0.000002,   -0.000001
    9     0.018376,    0.021559,   -0.000002,   -0.000600,   -0.000301
   10     0.007856,    0.009215,   -0.000001,   -0.000301,   -0.000025
   11     0.000320,    0.000071,    0.000074,    0.000000,    0.000000
   12     0.099466,    0.022098,    0.000000,    0.000094,    0.000009
   13     0.042517,    0.009446,    0.000000,    0.000009,    0.000078
   14     0.000046,    0.000016,    0.000031,   -0.000000,   -0.000000
   15     0.006130,    0.002121,   -0.000000,   -0.000038,    0.000015
   16    -0.002628,   -0.000909,    0.000000,    0.000005,    0.000021
   17     0.000020,    0.000007,    0.000022,   -0.000000,    0.000000
   18    -0.007171,   -0.002481,    0.000000,    0.000024,    0.000030
   19     0.000156,    0.000035,    0.000088,   -0.000000,   -0.000000
   20     0.020716,    0.004687,   -0.000000,   -0.000029,    0.000075
   21    -0.008879,   -0.002009,   -0.000000,   -0.000021,    0.000045
   22     0.000067,    0.000015,    0.000061,   -0.000000,    0.000000
   23    -0.024233,   -0.005483,    0.000000,   -0.000023,    0.000045
   24    -0.001762,   -0.000408,    0.000000,   -0.000002,    0.000005
   25     0.000016,    0.000004,    0.000010,   -0.000000,    0.000000
   26    -0.000637,   -0.000168,   -0.000000,   -0.000006,    0.000015
   27    -0.000980,   -0.000206,    0.000000,    0.000001,   -0.000002
   28    -0.000002,   -0.000001,   -0.000001,   -0.000000,    0.000000
   29    -0.002525,   -0.000636,    0.000000,    0.000005,   -0.000006
   30    -0.000017,   -0.000004,   -0.000015,    0.000000,    0.000000
   31     0.000447,    0.000104,    0.000000,    0.000000,    0.000000
   32     0.000435,    0.000124,   -0.000000,   -0.000001,   -0.000000
   33    -0.063822,   -0.014503,   -0.000000,   -0.000013,   -0.000005
   34    -0.673005,   -0.153492,   -0.000000,   -0.000116,   -0.000049
   35     1.858752,    0.420590,    0.000001,    0.000413,    0.000177
   36     0.420590,    0.100819,   -0.000000,   -0.000080,   -0.000034
   37     0.000001,   -0.000000,    0.000013,   -0.000000,   -0.000000
   38     0.000413,   -0.000080,   -0.000000,    0.000008,   -0.000002
   39     0.000177,   -0.000034,   -0.000000,   -0.000002,    0.000012
   40    -0.000032,    0.000006,   -0.000303,    0.000000,    0.000000
   41    -0.009878,    0.001794,    0.000000,   -0.000192,    0.000047
   42    -0.004222,    0.000767,    0.000000,    0.000047,   -0.000283
   43     0.000134,   -0.000034,    0.001577,   -0.000002,   -0.000001
   44     0.041514,   -0.010465,   -0.000002,    0.000964,   -0.000262
   45     0.017744,   -0.004474,   -0.000001,   -0.000262,    0.001465
   46     0.000463,   -0.000023,    0.002887,   -0.000003,   -0.000001
   47     0.143831,   -0.007104,   -0.000003,    0.001880,   -0.000430
   48     0.061479,   -0.003037,   -0.000001,   -0.000430,    0.002703
   49     0.000362,    0.000042,    0.001224,   -0.000002,   -0.000001
   50     0.112287,    0.012967,   -0.000002,    0.000682,   -0.000231
   51     0.047994,    0.005542,   -0.000001,   -0.000231,    0.001125
   52     0.000000,    0.000000,   -0.000000,   -0.000000,   -0.000000
   53     0.000046,    0.000015,   -0.000000,   -0.000000,   -0.000000
   54    -0.000020,   -0.000007,    0.000000,    0.000000,    0.000000
   55     0.000000,    0.000000,   -0.000000,   -0.000000,   -0.000000
   56    -0.000054,   -0.000018,    0.000000,    0.000000,    0.000000
   57    -0.000016,   -0.000006,    0.000004,    0.000000,    0.000000
   58    -0.002102,   -0.000781,    0.000000,    0.000008,    0.000007
   59     0.000899,    0.000334,   -0.000000,   -0.000005,    0.000000
   60    -0.000007,   -0.000003,    0.000003,    0.000000,    0.000000
   61     0.002459,    0.000914,   -0.000000,   -0.000011,   -0.000002
   62     0.000047,    0.000028,   -0.000039,   -0.000000,   -0.000000
   63     0.006275,    0.003773,   -0.000000,   -0.000060,   -0.000058
   64    -0.002687,   -0.001617,    0.000000,    0.000041,   -0.000011
   65     0.000020,    0.000012,   -0.000017,   -0.000000,   -0.000000
   66    -0.007342,   -0.004414,    0.000000,    0.000090,    0.000021
   67    -0.000228,   -0.000033,   -0.000052,   -0.000001,   -0.000000
   68    -0.030256,   -0.004375,   -0.000000,   -0.000075,   -0.000068
   69     0.012967,    0.001875,    0.000000,    0.000053,   -0.000020
   70    -0.000097,   -0.000014,   -0.000013,   -0.000000,   -0.000000
   71     0.035393,    0.005118,    0.000000,    0.000108,    0.000031
   72    -0.002597,    0.000569,    0.000000,   -0.000042,   -0.000010
   73     0.000019,   -0.000004,    0.000014,    0.000000,    0.000000
   74    -0.000606,    0.000115,   -0.000000,   -0.000018,    0.000018
   75    -0.001783,    0.000409,   -0.000000,   -0.000026,   -0.000014
   76    -0.000002,    0.000000,   -0.000003,   -0.000000,    0.000000
   77    -0.002882,    0.000587,   -0.000000,   -0.000038,   -0.000027
   78    -0.000025,    0.000005,   -0.000023,   -0.000000,   -0.000000
   79     0.000008,   -0.000002,    0.000000,    0.000000,    0.000000
   80     0.000068,    0.000015,   -0.000000,    0.000000,   -0.000000
   81    -0.000064,    0.000553,   -0.000006,   -0.000001,   -0.000004
   82    -0.004021,    0.005030,   -0.000060,   -0.000010,   -0.000042
   83     0.016081,   -0.013263,    0.000195,    0.000021,    0.000132
   84    -0.013262,   -0.006488,    0.000057,    0.000019,    0.000044
   85     0.000006,   -0.000010,    0.000001,    0.000001,    0.000001
   86    -0.000218,   -0.000065,    0.000001,    0.000001,    0.000001
   87    -0.000089,   -0.000034,    0.000001,    0.000001,    0.000001
   88    -0.000146,    0.000222,   -0.000013,   -0.000013,   -0.000021
   89     0.005125,    0.001534,   -0.000018,   -0.000023,   -0.000026
   90     0.002088,    0.000792,   -0.000023,   -0.000023,   -0.000013
   91     0.002366,   -0.000909,    0.000072,    0.000065,    0.000110
   92    -0.025094,   -0.007899,    0.000101,    0.000130,    0.000144
   93    -0.009186,   -0.003931,    0.000125,    0.000121,    0.000072
   94    -0.001833,   -0.002765,    0.000114,    0.000141,    0.000207
   95    -0.055531,   -0.015740,    0.000174,    0.000204,    0.000247
   96    -0.024778,   -0.008435,    0.000222,    0.000227,    0.000115
   97     0.005240,    0.000581,    0.000085,    0.000037,    0.000095
   98    -0.031383,   -0.009418,    0.000091,    0.000115,    0.000124
   99    -0.010053,   -0.003641,    0.000118,    0.000090,    0.000071
  100     0.000034,    0.000007,   -0.000000,    0.000000,    0.000000
  101    -0.000030,   -0.000006,    0.000000,   -0.000000,   -0.000000
  102     0.000038,    0.000008,    0.000000,    0.000000,   -0.000000
  103    -0.000039,   -0.000009,   -0.000000,    0.000000,   -0.000000
  104     0.000017,    0.000002,   -0.000000,    0.000000,   -0.000000
  105    -0.000902,   -0.000224,    0.000000,    0.000000,   -0.000001
  106     0.000698,    0.000096,   -0.000001,    0.000002,    0.000001
  107    -0.000973,   -0.000206,   -0.000000,   -0.000001,    0.000001
  108     0.001148,    0.000263,    0.000001,   -0.000001,    0.000000
  109    -0.000271,    0.000006,    0.000002,   -0.000004,   -0.000000
  110     0.000764,    0.000694,   -0.000007,   -0.000011,   -0.000011
  111    -0.002262,    0.000040,   -0.000011,   -0.000016,   -0.000012
  112     0.001902,    0.000500,   -0.000001,   -0.000002,    0.000002
  113    -0.004700,   -0.000895,   -0.000005,    0.000006,   -0.000001
  114    -0.000768,   -0.000479,    0.000004,    0.000018,    0.000011
  115    -0.013125,   -0.001956,   -0.000011,   -0.000026,   -0.000033
  116    -0.004926,   -0.000322,   -0.000043,   -0.000023,   -0.000017
  117    -0.005820,   -0.001063,   -0.000002,   -0.000017,    0.000010
  118    -0.002249,   -0.000148,   -0.000002,    0.000015,   -0.000001
  119    -0.001272,   -0.000525,    0.000028,    0.000017,    0.000034
  120    -0.001811,   -0.000193,    0.000004,   -0.000006,   -0.000001
  121    -0.001692,   -0.000018,   -0.000004,   -0.000010,   -0.000007
  122    -0.000449,    0.000030,   -0.000006,   -0.000006,    0.000002
  123     0.000100,   -0.000015,    0.000003,   -0.000004,    0.000003
  124    -0.000889,   -0.000102,   -0.000000,   -0.000001,    0.000001
  125    -0.001079,   -0.000330,    0.000007,    0.000009,    0.000006
  126     0.000052,   -0.000205,    0.000004,    0.000009,    0.000011
  127     0.000008,   -0.000002,   -0.000000,    0.000000,    0.000000
  128     0.000068,    0.000015,    0.000000,    0.000000,   -0.000000
  129    -0.000064,    0.000553,    0.000006,   -0.000001,   -0.000004
  130    -0.004021,    0.005030,    0.000060,   -0.000010,   -0.000042
  131     0.016081,   -0.013263,   -0.000195,    0.000023,    0.000132
  132    -0.013263,   -0.006488,   -0.000057,    0.000019,    0.000044
  133    -0.000007,    0.000009,    0.000001,   -0.000001,   -0.000001
  134    -0.000218,   -0.000065,   -0.000001,    0.000001,    0.000001
  135    -0.000089,   -0.000034,   -0.000001,    0.000001,    0.000001
  136     0.000179,   -0.000212,   -0.000013,    0.000013,    0.000021
  137     0.005124,    0.001536,    0.000018,   -0.000024,   -0.000026
  138     0.002088,    0.000792,    0.000023,   -0.000023,   -0.000013
  139    -0.002528,    0.000858,    0.000071,   -0.000065,   -0.000109
  140    -0.025078,   -0.007905,   -0.000101,    0.000131,    0.000144
  141    -0.009187,   -0.003931,   -0.000125,    0.000122,    0.000072
  142     0.001476,    0.002664,    0.000112,   -0.000140,   -0.000206
  143    -0.055542,   -0.015758,   -0.000174,    0.000206,    0.000249
  144    -0.024777,   -0.008434,   -0.000220,    0.000228,    0.000115
  145    -0.005443,   -0.000641,    0.000084,   -0.000037,   -0.000094
  146    -0.031348,   -0.009414,   -0.000091,    0.000116,    0.000124
  147    -0.010055,   -0.003641,   -0.000117,    0.000091,    0.000071
  148    -0.000034,   -0.000007,   -0.000000,   -0.000000,   -0.000000
  149    -0.000030,   -0.000006,   -0.000000,   -0.000000,   -0.000000
  150     0.000038,    0.000008,   -0.000000,    0.000000,   -0.000000
  151     0.000039,    0.000009,   -0.000000,   -0.000000,    0.000000
  152     0.000017,    0.000002,    0.000000,    0.000000,   -0.000000
  153     0.000906,    0.000224,    0.000000,   -0.000000,    0.000001
  154     0.000705,    0.000098,    0.000001,    0.000002,    0.000001
  155    -0.000973,   -0.000206,    0.000000,   -0.000001,    0.000001
  156    -0.001143,   -0.000263,    0.000001,    0.000001,   -0.000000
  157    -0.000259,    0.000009,   -0.000002,   -0.000004,   -0.000000
  158    -0.000753,   -0.000688,   -0.000007,    0.000011,    0.000011
  159    -0.002293,    0.000034,    0.000011,   -0.000016,   -0.000012
  160     0.001904,    0.000500,    0.000001,   -0.000002,    0.000002
  161     0.004684,    0.000895,   -0.000005,   -0.000006,    0.000001
  162    -0.000780,   -0.000488,   -0.000004,    0.000018,    0.000011
  163     0.013142,    0.001962,   -0.000010,    0.000026,    0.000033
  164    -0.004937,   -0.000322,    0.000043,   -0.000023,   -0.000017
  165    -0.005819,   -0.001063,    0.000002,   -0.000017,    0.000010
  166     0.002220,    0.000146,   -0.000001,   -0.000015,    0.000001
  167    -0.001100,   -0.000499,   -0.000028,    0.000017,    0.000035
  168    -0.001810,   -0.000197,   -0.000004,   -0.000006,   -0.000001
  169     0.001705,    0.000022,   -0.000004,    0.000010,    0.000007
  170    -0.000454,    0.000029,    0.000006,   -0.000006,    0.000002
  171     0.000101,   -0.000015,   -0.000003,   -0.000004,    0.000003
  172     0.000885,    0.000102,   -0.000000,    0.000001,   -0.000001
  173    -0.001057,   -0.000330,   -0.000007,    0.000009,    0.000006
  174    -0.000087,    0.000202,    0.000004,   -0.000009,   -0.000011
  175     0.000008,   -0.000002,    0.000000,    0.000000,   -0.000000
  176     0.000068,    0.000015,   -0.000000,   -0.000000,    0.000000
  177    -0.000064,    0.000553,   -0.000000,   -0.000005,    0.000005
  178    -0.004021,    0.005030,   -0.000000,   -0.000051,    0.000054
  179     0.016084,   -0.013263,    0.000001,    0.000154,   -0.000179
  180    -0.013264,   -0.006489,    0.000000,    0.000058,   -0.000047
  181    -0.000001,   -0.000000,   -0.000000,    0.000000,   -0.000000
  182    -0.000214,   -0.000072,    0.000000,    0.000002,   -0.000001
  183    -0.000099,   -0.000019,   -0.000000,   -0.000000,    0.000000
  184     0.000016,    0.000005,    0.000011,   -0.000000,    0.000000
  185     0.005014,    0.001683,   -0.000000,   -0.000056,    0.000014
  186     0.002348,    0.000447,    0.000000,    0.000009,   -0.000005
  187    -0.000075,   -0.000028,   -0.000058,    0.000001,   -0.000000
  188    -0.023419,   -0.008503,    0.000001,    0.000303,   -0.000084
  189    -0.013085,   -0.002526,   -0.000000,   -0.000038,    0.000029
  190    -0.000183,   -0.000057,   -0.000121,    0.000002,   -0.000000
  191    -0.056661,   -0.017597,    0.000002,    0.000527,   -0.000141
  192    -0.022144,   -0.004113,   -0.000000,   -0.000099,    0.000026
  193    -0.000088,   -0.000029,   -0.000041,    0.000001,   -0.000000
  194    -0.027729,   -0.009000,    0.000001,    0.000261,   -0.000092
  195    -0.018561,   -0.004615,   -0.000000,   -0.000025,    0.000052
  196    -0.000000,   -0.000000,   -0.000000,   -0.000000,   -0.000000
  197    -0.000018,   -0.000002,   -0.000000,   -0.000000,   -0.000000
  198    -0.000042,   -0.000010,   -0.000000,   -0.000000,    0.000000
  199    -0.000000,   -0.000000,   -0.000000,   -0.000000,   -0.000000
  200     0.000057,    0.000011,   -0.000000,    0.000000,    0.000000
  201     0.000009,    0.000002,    0.000002,    0.000000,    0.000000
  202     0.000276,    0.000014,    0.000000,    0.000002,    0.000003
  203     0.001227,    0.000323,   -0.000000,   -0.000001,   -0.000002
  204     0.000000,   -0.000000,    0.000001,    0.000000,    0.000000
  205    -0.001434,   -0.000258,    0.000000,   -0.000002,   -0.000002
  206    -0.000030,   -0.000003,    0.000003,   -0.000000,    0.000000
  207     0.001983,    0.000383,   -0.000000,   -0.000011,   -0.000007
  208    -0.002704,   -0.001196,    0.000000,    0.000026,    0.000002
  209     0.000008,    0.000002,    0.000000,   -0.000000,   -0.000000
  210     0.004556,    0.000433,    0.000000,    0.000022,   -0.000006
  211    -0.000026,   -0.000000,    0.000025,   -0.000000,    0.000000
  212     0.008629,    0.001506,   -0.000000,   -0.000018,    0.000014
  213     0.012169,    0.001758,    0.000000,    0.000061,   -0.000008
  214     0.000026,    0.000004,    0.000010,   -0.000000,    0.000000
  215     0.003817,    0.000017,    0.000000,    0.000036,   -0.000034
  216     0.000592,   -0.000102,    0.000000,    0.000010,   -0.000005
  217     0.000013,    0.000002,    0.000000,   -0.000000,    0.000000
  218    -0.000122,   -0.000318,    0.000000,    0.000020,   -0.000001
  219    -0.001956,   -0.000160,   -0.000000,   -0.000008,   -0.000006
  220    -0.000000,   -0.000001,   -0.000003,    0.000000,   -0.000000
  221    -0.002030,   -0.000251,    0.000000,   -0.000000,   -0.000002
  222     0.000006,   -0.000001,   -0.000007,    0.000000,   -0.000000
                40,          41,          42,          43,          44
    0    -0.000008,   -0.002557,   -0.001093,    0.000040,    0.012415
    1    -0.000018,   -0.005468,   -0.002337,    0.000084,    0.026101
    2     0.000032,    0.010073,    0.004305,   -0.000150,   -0.046655
    3     0.000032,    0.009959,    0.004257,   -0.000149,   -0.046222
    4    -0.000007,   -0.002175,   -0.000930,    0.000030,    0.009379
    5    -0.002608,    0.000072,    0.000031,    0.011526,   -0.000352
    6     0.000072,    0.019660,    0.009518,   -0.000352,   -0.097713
    7     0.000031,    0.009518,    0.001460,   -0.000150,   -0.046694
    8    -0.002396,    0.000053,    0.000022,    0.011005,   -0.000258
    9     0.000053,    0.013927,    0.006977,   -0.000258,   -0.069185
   10     0.000022,    0.006977,    0.000586,   -0.000110,   -0.034277
   11    -0.001729,   -0.000002,   -0.000001,    0.009176,    0.000006
   12    -0.000002,   -0.002212,   -0.000207,    0.000006,    0.011074
   13    -0.000001,   -0.000207,   -0.001817,    0.000003,    0.000812
   14    -0.000716,    0.000006,    0.000005,    0.003719,   -0.000030
   15     0.000005,    0.000884,   -0.000343,   -0.000024,   -0.004545
   16    -0.000000,   -0.000110,   -0.000482,    0.000002,    0.000557
   17    -0.000512,    0.000005,   -0.000001,    0.002727,   -0.000024
   18    -0.000006,   -0.000564,   -0.000698,    0.000033,    0.002841
   19    -0.002053,    0.000003,    0.000007,    0.010599,   -0.000018
   20     0.000007,    0.000674,   -0.001756,   -0.000036,   -0.003706
   21     0.000001,    0.000483,   -0.001054,   -0.000007,   -0.002400
   22    -0.001435,    0.000007,   -0.000006,    0.007389,   -0.000036
   23    -0.000011,    0.000540,   -0.001055,    0.000059,   -0.002514
   24    -0.000003,    0.000039,   -0.000128,    0.000018,   -0.000189
   25    -0.000241,    0.000002,   -0.000001,    0.001267,   -0.000008
   26     0.000000,    0.000132,   -0.000352,   -0.000002,   -0.000699
   27    -0.000000,   -0.000016,    0.000046,    0.000000,    0.000111
   28     0.000031,    0.000000,   -0.000001,   -0.000156,   -0.000002
   29    -0.000002,   -0.000112,    0.000135,    0.000010,    0.000571
   30     0.000361,   -0.000001,   -0.000001,   -0.001883,    0.000004
   31    -0.000000,   -0.000000,   -0.000000,    0.000000,    0.000001
   32     0.000000,    0.000016,    0.000007,   -0.000000,   -0.000079
   33     0.000001,    0.000306,    0.000131,   -0.000004,   -0.001266
   34     0.000009,    0.002789,    0.001192,   -0.000036,   -0.011216
   35    -0.000032,   -0.009878,   -0.004222,    0.000134,    0.041514
   36     0.000006,    0.001794,    0.000767,   -0.000034,   -0.010465
   37    -0.000303,    0.000000,    0.000000,    0.001577,   -0.000002
   38     0.000000,   -0.000192,    0.000047,   -0.000002,    0.000964
   39     0.000000,    0.000047,   -0.000283,   -0.000001,   -0.000262
   40     0.007075,   -0.000008,   -0.000004,   -0.036835,    0.000046
   41    -0.000008,    0.004465,   -0.001116,    0.000046,   -0.022440
   42    -0.000004,   -0.001116,    0.006598,    0.000020,    0.006153
   43    -0.036835,    0.000046,    0.000020,    0.191802,   -0.000254
   44     0.000046,   -0.022440,    0.006153,   -0.000254,    0.112953
   45     0.000020,    0.006153,   -0.034205,   -0.000109,   -0.033703
   46    -0.067443,    0.000076,    0.000033,    0.351091,   -0.000424
   47     0.000076,   -0.043749,    0.010127,   -0.000424,    0.219598
   48     0.000033,    0.010127,   -0.063114,   -0.000181,   -0.056204
   49    -0.028589,    0.000041,    0.000017,    0.148908,   -0.000222
   50     0.000041,   -0.015903,    0.005423,   -0.000222,    0.080129
   51     0.000017,    0.005423,   -0.026272,   -0.000095,   -0.029399
   52     0.000002,    0.000000,    0.000000,   -0.000009,   -0.000000
   53     0.000000,    0.000003,    0.000003,   -0.000000,   -0.000012
   54    -0.000000,   -0.000002,   -0.000000,    0.000000,    0.000008
   55     0.000002,    0.000000,    0.000000,   -0.000009,   -0.000000
   56    -0.000000,   -0.000004,   -0.000000,    0.000000,    0.000022
   57    -0.000097,   -0.000001,   -0.000000,    0.000502,    0.000007
   58    -0.000000,   -0.000173,   -0.000171,    0.000002,    0.000849
   59     0.000000,    0.000111,   -0.000011,   -0.000002,   -0.000552
   60    -0.000069,   -0.000000,   -0.000001,    0.000349,    0.000002
   61     0.000000,    0.000266,    0.000052,   -0.000001,   -0.001317
   62     0.000917,    0.000011,    0.000003,   -0.004706,   -0.000051
   63     0.000003,    0.001394,    0.001354,   -0.000015,   -0.006816
   64    -0.000003,   -0.000958,    0.000263,    0.000015,    0.004774
   65     0.000405,    0.000003,    0.000004,   -0.002049,   -0.000015
   66    -0.000001,   -0.002096,   -0.000495,    0.000003,    0.010347
   67     0.001217,    0.000012,    0.000005,   -0.006177,   -0.000060
   68     0.000005,    0.001737,    0.001592,   -0.000023,   -0.008447
   69    -0.000004,   -0.001239,    0.000475,    0.000020,    0.006133
   70     0.000299,    0.000005,    0.000005,   -0.001468,   -0.000023
   71    -0.000000,   -0.002521,   -0.000719,   -0.000000,    0.012335
   72    -0.000002,    0.000968,    0.000223,    0.000011,   -0.004783
   73    -0.000331,   -0.000005,   -0.000004,    0.001684,    0.000022
   74     0.000001,    0.000417,   -0.000425,   -0.000006,   -0.002105
   75     0.000002,    0.000607,    0.000318,   -0.000010,   -0.002992
   76     0.000060,    0.000001,   -0.000001,   -0.000318,   -0.000006
   77     0.000001,    0.000876,    0.000637,   -0.000003,   -0.004311
   78     0.000535,    0.000008,    0.000002,   -0.002749,   -0.000037
   79    -0.000001,   -0.000000,   -0.000000,    0.000003,    0.000001
   80     0.000004,   -0.000001,    0.000002,   -0.000018,    0.000007
   81     0.000142,    0.000018,    0.000097,   -0.000700,   -0.000030
   82     0.001417,    0.000229,    0.000989,   -0.006990,   -0.000517
   83    -0.004573,   -0.000480,   -0.003083,    0.022598,    0.000525
   84    -0.001336,   -0.000438,   -0.001027,    0.006907,    0.001996
   85    -0.000013,   -0.000013,   -0.000021,    0.000074,    0.000065
   86    -0.000018,   -0.000023,   -0.000026,    0.000101,    0.000128
   87    -0.000023,   -0.000023,   -0.000013,    0.000126,    0.000120
   88     0.000306,    0.000311,    0.000491,   -0.001726,   -0.001514
   89     0.000425,    0.000550,    0.000614,   -0.002390,   -0.003001
   90     0.000539,    0.000542,    0.000306,   -0.002969,   -0.002815
   91    -0.001695,   -0.001509,   -0.002575,    0.009476,    0.007290
   92    -0.002385,   -0.003040,   -0.003380,    0.013332,    0.016481
   93    -0.002948,   -0.002829,   -0.001683,    0.016144,    0.014646
   94    -0.002663,   -0.003280,   -0.004861,    0.015206,    0.016051
   95    -0.004108,   -0.004780,   -0.005828,    0.023098,    0.026269
   96    -0.005212,   -0.005307,   -0.002697,    0.028754,    0.027601
   97    -0.001982,   -0.000859,   -0.002224,    0.010751,    0.004077
   98    -0.002134,   -0.002697,   -0.002903,    0.011802,    0.014498
   99    -0.002766,   -0.002101,   -0.001664,    0.014951,    0.010871
  100     0.000000,   -0.000000,   -0.000001,   -0.000001,    0.000002
  101    -0.000002,    0.000001,    0.000001,    0.000008,   -0.000006
  102    -0.000001,   -0.000002,    0.000001,    0.000003,    0.000008
  103     0.000001,   -0.000000,    0.000000,   -0.000005,    0.000001
  104     0.000001,   -0.000003,    0.000000,   -0.000007,    0.000013
  105    -0.000007,   -0.000007,    0.000020,    0.000029,    0.000036
  106     0.000030,   -0.000050,   -0.000033,   -0.000158,    0.000243
  107     0.000011,    0.000033,   -0.000014,   -0.000057,   -0.000162
  108    -0.000030,    0.000018,   -0.000004,    0.000134,   -0.000099
  109    -0.000035,    0.000087,    0.000002,    0.000176,   -0.000436
  110     0.000154,    0.000258,    0.000257,   -0.000756,   -0.001222
  111     0.000250,    0.000373,    0.000268,   -0.001264,   -0.001807
  112     0.000025,    0.000046,   -0.000035,   -0.000107,   -0.000213
  113     0.000118,   -0.000146,    0.000017,   -0.000471,    0.000841
  114    -0.000100,   -0.000425,   -0.000258,    0.000575,    0.002144
  115     0.000252,    0.000601,    0.000774,   -0.001261,   -0.002824
  116     0.001009,    0.000531,    0.000403,   -0.005191,   -0.002556
  117     0.000050,    0.000404,   -0.000224,   -0.000202,   -0.001958
  118     0.000036,   -0.000356,    0.000015,   -0.000006,    0.001918
  119    -0.000645,   -0.000387,   -0.000803,    0.003441,    0.001941
  120    -0.000089,    0.000142,    0.000033,    0.000486,   -0.000675
  121     0.000095,    0.000235,    0.000161,   -0.000459,   -0.001131
  122     0.000133,    0.000133,   -0.000042,   -0.000680,   -0.000661
  123    -0.000067,    0.000084,   -0.000064,    0.000320,   -0.000433
  124     0.000006,    0.000032,   -0.000023,    0.000020,   -0.000126
  125    -0.000171,   -0.000211,   -0.000148,    0.000951,    0.001090
  126    -0.000095,   -0.000205,   -0.000255,    0.000514,    0.001016
  127     0.000001,   -0.000000,   -0.000000,   -0.000003,    0.000001
  128    -0.000004,   -0.000001,    0.000002,    0.000018,    0.000007
  129    -0.000142,    0.000019,    0.000097,    0.000700,   -0.000034
  130    -0.001416,    0.000238,    0.000989,    0.006987,   -0.000563
  131     0.004571,   -0.000511,   -0.003082,   -0.022598,    0.000673
  132     0.001333,   -0.000447,   -0.001027,   -0.006895,    0.002042
  133    -0.000013,    0.000013,    0.000021,    0.000073,   -0.000065
  134     0.000018,   -0.000024,   -0.000026,   -0.000101,    0.000129
  135     0.000023,   -0.000023,   -0.000013,   -0.000125,    0.000121
  136     0.000302,   -0.000310,   -0.000487,   -0.001703,    0.001506
  137    -0.000424,    0.000555,    0.000617,    0.002382,   -0.003027
  138    -0.000536,    0.000545,    0.000306,    0.002951,   -0.002834
  139    -0.001671,    0.001501,    0.002553,    0.009350,   -0.007248
  140     0.002377,   -0.003066,   -0.003396,   -0.013291,    0.016617
  141     0.002929,   -0.002848,   -0.001681,   -0.016047,    0.014750
  142    -0.002618,    0.003268,    0.004822,    0.014966,   -0.015985
  143     0.004095,   -0.004828,   -0.005858,   -0.023033,    0.026526
  144     0.005177,   -0.005340,   -0.002694,   -0.028572,    0.027785
  145    -0.001964,    0.000854,    0.002204,    0.010655,   -0.004056
  146     0.002130,   -0.002717,   -0.002917,   -0.011782,    0.014602
  147     0.002752,   -0.002118,   -0.001663,   -0.014879,    0.010968
  148     0.000000,    0.000000,    0.000001,   -0.000001,   -0.000002
  149     0.000002,    0.000001,    0.000001,   -0.000008,   -0.000006
  150     0.000001,   -0.000002,    0.000001,   -0.000003,    0.000008
  151     0.000001,    0.000000,   -0.000000,   -0.000005,   -0.000001
  152    -0.000001,   -0.000003,    0.000000,    0.000008,    0.000013
  153    -0.000007,    0.000006,   -0.000020,    0.000031,   -0.000031
  154    -0.000030,   -0.000049,   -0.000033,    0.000159,    0.000241
  155    -0.000011,    0.000033,   -0.000014,    0.000056,   -0.000162
  156    -0.000030,   -0.000018,    0.000004,    0.000135,    0.000100
  157     0.000035,    0.000087,    0.000001,   -0.000178,   -0.000435
  158     0.000151,   -0.000254,   -0.000253,   -0.000741,    0.001199
  159    -0.000248,    0.000374,    0.000268,    0.001255,   -0.001809
  160    -0.000025,    0.000046,   -0.000035,    0.000105,   -0.000214
  161     0.000118,    0.000148,   -0.000015,   -0.000468,   -0.000849
  162     0.000099,   -0.000429,   -0.000262,   -0.000571,    0.002164
  163     0.000240,   -0.000598,   -0.000764,   -0.001200,    0.002807
  164    -0.001006,    0.000535,    0.000402,    0.005174,   -0.002576
  165    -0.000048,    0.000404,   -0.000225,    0.000188,   -0.001961
  166     0.000032,    0.000359,   -0.000013,    0.000015,   -0.001933
  167     0.000646,   -0.000399,   -0.000813,   -0.003446,    0.002001
  168     0.000092,    0.000137,    0.000028,   -0.000500,   -0.000652
  169     0.000091,   -0.000233,   -0.000159,   -0.000440,    0.001120
  170    -0.000132,    0.000134,   -0.000043,    0.000675,   -0.000666
  171     0.000067,    0.000083,   -0.000064,   -0.000323,   -0.000431
  172     0.000005,   -0.000032,    0.000023,    0.000025,    0.000123
  173     0.000171,   -0.000215,   -0.000150,   -0.000950,    0.001110
  174    -0.000092,    0.000208,    0.000256,    0.000499,   -0.001033
  175    -0.000000,   -0.000001,    0.000000,    0.000000,    0.000003
  176     0.000000,    0.000001,   -0.000004,   -0.000000,   -0.000006
  177     0.000000,    0.000115,   -0.000129,   -0.000002,   -0.000508
  178     0.000004,    0.001197,   -0.001267,   -0.000018,   -0.005297
  179    -0.000013,   -0.003608,    0.004199,    0.000056,    0.015982
  180    -0.000005,   -0.001351,    0.001098,    0.000023,    0.006716
  181     0.000011,   -0.000000,    0.000000,   -0.000058,    0.000001
  182    -0.000000,   -0.000056,    0.000014,    0.000001,    0.000303
  183     0.000000,    0.000009,   -0.000005,   -0.000000,   -0.000040
  184    -0.000264,    0.000005,   -0.000001,    0.001376,   -0.000028
  185     0.000005,    0.001315,   -0.000343,   -0.000028,   -0.007098
  186    -0.000001,   -0.000200,    0.000111,    0.000003,    0.000915
  187     0.001376,   -0.000028,    0.000007,   -0.007160,    0.000150
  188    -0.000028,   -0.007116,    0.001975,    0.000151,    0.038239
  189     0.000003,    0.000875,   -0.000678,   -0.000015,   -0.003888
  190     0.002841,   -0.000050,    0.000011,   -0.014862,    0.000270
  191    -0.000050,   -0.012365,    0.003337,    0.000272,    0.066882
  192     0.000008,    0.002297,   -0.000616,   -0.000038,   -0.010773
  193     0.000970,   -0.000023,    0.000007,   -0.005023,    0.000124
  194    -0.000024,   -0.006105,    0.002169,    0.000126,    0.032633
  195     0.000002,    0.000567,   -0.001208,   -0.000010,   -0.002453
  196     0.000002,    0.000000,    0.000000,   -0.000010,   -0.000000
  197     0.000000,    0.000002,    0.000003,   -0.000000,   -0.000007
  198     0.000000,    0.000001,   -0.000001,   -0.000000,   -0.000003
  199     0.000000,    0.000000,    0.000000,   -0.000002,   -0.000000
  200     0.000000,   -0.000001,   -0.000002,   -0.000000,    0.000006
  201    -0.000043,   -0.000000,   -0.000000,    0.000218,    0.000001
  202    -0.000000,   -0.000050,   -0.000075,    0.000001,    0.000260
  203     0.000000,    0.000018,    0.000043,   -0.000000,   -0.000092
  204    -0.000012,   -0.000000,   -0.000000,    0.000052,    0.000001
  205    -0.000000,    0.000054,    0.000036,    0.000001,   -0.000247
  206    -0.000079,    0.000003,   -0.000001,    0.000382,   -0.000017
  207     0.000001,    0.000253,    0.000162,   -0.000005,   -0.001451
  208    -0.000002,   -0.000601,   -0.000041,    0.000010,    0.003013
  209    -0.000008,    0.000001,    0.000001,    0.000102,   -0.000006
  210    -0.000002,   -0.000499,    0.000134,    0.000010,    0.002373
  211    -0.000570,    0.000007,   -0.000005,    0.002861,   -0.000036
  212     0.000002,    0.000416,   -0.000321,   -0.000012,   -0.002423
  213    -0.000005,   -0.001421,    0.000190,    0.000024,    0.007072
  214    -0.000231,    0.000002,   -0.000001,    0.001268,   -0.000013
  215    -0.000007,   -0.000838,    0.000793,    0.000033,    0.004096
  216    -0.000002,   -0.000229,    0.000116,    0.000012,    0.001117
  217    -0.000009,    0.000000,   -0.000000,    0.000084,   -0.000001
  218    -0.000002,   -0.000478,    0.000031,    0.000009,    0.002457
  219     0.000001,    0.000180,    0.000146,   -0.000003,   -0.000834
  220     0.000076,   -0.000002,    0.000000,   -0.000412,    0.000010
  221    -0.000000,    0.000006,    0.000052,    0.000001,    0.000076
  222     0.000167,   -0.000003,    0.000001,   -0.000851,    0.000014
                45,          46,          47,          48,          49
    0     0.005306,    0.000070,    0.021746,    0.009295,    0.000015
    1     0.011156,    0.000158,    0.049180,    0.021021,    0.000036
    2    -0.019942,   -0.000319,   -0.099165,   -0.042386,   -0.000077
    3    -0.019758,   -0.000314,   -0.097456,   -0.041657,   -0.000075
    4     0.004010,    0.000086,    0.026584,    0.011366,    0.000042
    5    -0.000150,    0.027717,   -0.000714,   -0.000305,    0.004795
    6    -0.046693,   -0.000714,   -0.193974,   -0.094759,   -0.000216
    7    -0.008430,   -0.000305,   -0.094760,   -0.012783,   -0.000092
    8    -0.000110,    0.024734,   -0.000521,   -0.000223,    0.005277
    9    -0.034276,   -0.000521,   -0.137018,   -0.069139,   -0.000154
   10    -0.003645,   -0.000223,   -0.069140,   -0.004817,   -0.000066
   11     0.000003,    0.015595,    0.000026,    0.000011,    0.006214
   12     0.000813,    0.000026,    0.023583,    0.003417,    0.000022
   13     0.009520,    0.000011,    0.003414,    0.017050,    0.000010
   14    -0.000024,    0.006823,   -0.000057,   -0.000043,    0.002899
   15     0.001844,   -0.000043,   -0.008414,    0.003181,   -0.000018
   16     0.002463,    0.000004,    0.001038,    0.004646,    0.000001
   17     0.000006,    0.004745,   -0.000043,    0.000011,    0.002364
   18     0.003636,    0.000061,    0.005440,    0.006580,    0.000024
   19    -0.000036,    0.019640,   -0.000025,   -0.000064,    0.008159
   20     0.008956,   -0.000064,   -0.005841,    0.017050,   -0.000028
   21     0.005493,   -0.000014,   -0.004886,    0.009980,   -0.000005
   22     0.000030,    0.013714,   -0.000064,    0.000057,    0.005966
   23     0.005548,    0.000106,   -0.005872,    0.009778,    0.000045
   24     0.000682,    0.000032,   -0.000436,    0.001201,    0.000014
   25     0.000005,    0.002312,   -0.000014,    0.000009,    0.000992
   26     0.001832,   -0.000003,   -0.001289,    0.003354,   -0.000002
   27    -0.000237,    0.000000,    0.000122,   -0.000460,    0.000000
   28     0.000006,   -0.000293,   -0.000003,    0.000011,   -0.000122
   29    -0.000715,    0.000018,    0.000976,   -0.001338,    0.000007
   30     0.000007,   -0.003453,    0.000007,    0.000012,   -0.001472
   31     0.000000,    0.000000,    0.000016,    0.000007,    0.000000
   32    -0.000034,   -0.000000,   -0.000144,   -0.000062,   -0.000000
   33    -0.000541,   -0.000015,   -0.004606,   -0.001969,   -0.000012
   34    -0.004794,   -0.000143,   -0.044317,   -0.018943,   -0.000124
   35     0.017744,    0.000463,    0.143831,    0.061479,    0.000362
   36    -0.004474,   -0.000023,   -0.007104,   -0.003037,    0.000042
   37    -0.000001,    0.002887,   -0.000003,   -0.000001,    0.001224
   38    -0.000262,   -0.000003,    0.001880,   -0.000430,   -0.000002
   39     0.001465,   -0.000001,   -0.000430,    0.002703,   -0.000001
   40     0.000020,   -0.067443,    0.000076,    0.000033,   -0.028589
   41     0.006153,    0.000076,   -0.043749,    0.010127,    0.000041
   42    -0.034205,    0.000033,    0.010127,   -0.063114,    0.000017
   43    -0.000109,    0.351091,   -0.000424,   -0.000181,    0.148908
   44    -0.033703,   -0.000424,    0.219598,   -0.056204,   -0.000222
   45     0.177397,   -0.000181,   -0.056204,    0.327068,   -0.000095
   46    -0.000181,    0.643021,   -0.000686,   -0.000293,    0.272499
   47    -0.056204,   -0.000686,    0.430106,   -0.091005,   -0.000370
   48     0.327068,   -0.000293,   -0.091005,    0.604123,   -0.000158
   49    -0.000095,    0.272499,   -0.000370,   -0.000158,    0.115846
   50    -0.029399,   -0.000370,    0.157533,   -0.049141,   -0.000172
   51     0.136344,   -0.000158,   -0.049140,    0.251497,   -0.000074
   52    -0.000000,   -0.000016,   -0.000000,   -0.000000,   -0.000006
   53    -0.000016,   -0.000000,   -0.000024,   -0.000030,    0.000000
   54    -0.000000,    0.000000,    0.000016,    0.000001,    0.000000
   55    -0.000000,   -0.000018,   -0.000000,   -0.000000,   -0.000007
   56     0.000002,    0.000000,    0.000042,    0.000003,   -0.000000
   57     0.000002,    0.000922,    0.000013,    0.000003,    0.000373
   58     0.000861,    0.000003,    0.001661,    0.001646,    0.000000
   59     0.000072,   -0.000003,   -0.001057,    0.000099,   -0.000001
   60     0.000003,    0.000673,    0.000003,    0.000005,    0.000271
   61    -0.000250,   -0.000002,   -0.002555,   -0.000494,    0.000000
   62    -0.000015,   -0.008798,   -0.000103,   -0.000031,   -0.003499
   63    -0.006784,   -0.000031,   -0.013589,   -0.013114,   -0.000007
   64    -0.001424,    0.000030,    0.009279,   -0.002461,    0.000009
   65    -0.000022,   -0.003937,   -0.000031,   -0.000042,   -0.001516
   66     0.002384,    0.000009,    0.020389,    0.004826,   -0.000003
   67    -0.000023,   -0.011793,   -0.000127,   -0.000048,   -0.004662
   68    -0.007890,   -0.000048,   -0.017859,   -0.015874,   -0.000018
   69    -0.002498,    0.000041,    0.012444,   -0.004405,    0.000016
   70    -0.000025,   -0.002911,   -0.000049,   -0.000050,   -0.000981
   71     0.003489,    0.000006,    0.025634,    0.007474,    0.000000
   72    -0.001080,    0.000019,   -0.009561,   -0.002231,    0.000010
   73     0.000020,    0.003209,    0.000046,    0.000040,    0.001237
   74     0.002198,   -0.000011,   -0.004066,    0.004068,   -0.000004
   75    -0.001565,   -0.000019,   -0.006007,   -0.003145,   -0.000006
   76     0.000007,   -0.000566,   -0.000011,    0.000013,   -0.000261
   77    -0.003186,   -0.000007,   -0.008679,   -0.006245,   -0.000001
   78    -0.000010,   -0.005149,   -0.000076,   -0.000022,   -0.002081
   79     0.000002,    0.000007,    0.000004,    0.000006,    0.000005
   80    -0.000009,   -0.000035,    0.000018,   -0.000015,   -0.000010
   81    -0.000453,   -0.001543,   -0.000311,   -0.001103,   -0.000929
   82    -0.004620,   -0.015460,   -0.003802,   -0.011349,   -0.009529
   83     0.014449,    0.049121,    0.008991,    0.034746,    0.028548
   84     0.005196,    0.013642,    0.005035,    0.010727,    0.008443
   85     0.000111,    0.000104,    0.000140,    0.000201,    0.000070
   86     0.000143,    0.000173,    0.000216,    0.000252,    0.000089
   87     0.000072,    0.000215,    0.000231,    0.000113,    0.000108
   88    -0.002597,   -0.002441,   -0.003249,   -0.004708,   -0.001639
   89    -0.003366,   -0.004076,   -0.005056,   -0.005926,   -0.002086
   90    -0.001691,   -0.005059,   -0.005405,   -0.002643,   -0.002530
   91     0.013574,    0.013734,    0.015844,    0.024742,    0.008873
   92     0.018450,    0.022890,    0.028104,    0.032687,    0.011537
   93     0.009232,    0.027738,    0.028251,    0.014616,    0.013655
   94     0.025757,    0.020678,    0.033906,    0.046395,    0.014540
   95     0.032037,    0.039356,    0.043519,    0.056096,    0.020119
   96     0.014979,    0.048712,    0.052664,    0.022957,    0.024388
   97     0.011665,    0.016887,    0.008990,    0.021132,    0.008918
   98     0.015733,    0.020450,    0.024840,    0.027952,    0.009954
   99     0.009012,    0.026007,    0.020738,    0.014586,    0.011903
  100     0.000007,   -0.000001,    0.000005,    0.000013,   -0.000000
  101    -0.000004,    0.000014,   -0.000013,   -0.000010,    0.000006
  102    -0.000003,    0.000005,    0.000016,   -0.000005,    0.000002
  103    -0.000001,   -0.000009,    0.000002,   -0.000002,   -0.000002
  104    -0.000002,   -0.000014,    0.000026,   -0.000003,   -0.000005
  105    -0.000104,    0.000069,    0.000045,   -0.000200,    0.000007
  106     0.000155,   -0.000287,    0.000502,    0.000340,   -0.000135
  107     0.000076,   -0.000109,   -0.000341,    0.000119,   -0.000052
  108     0.000010,    0.000301,   -0.000165,    0.000041,    0.000044
  109    -0.000013,    0.000338,   -0.000882,   -0.000024,    0.000099
  110    -0.001236,   -0.001509,   -0.002551,   -0.002507,   -0.000486
  111    -0.001292,   -0.002405,   -0.003730,   -0.002689,   -0.000894
  112     0.000154,   -0.000240,   -0.000429,    0.000366,   -0.000027
  113    -0.000002,   -0.001308,    0.001476,   -0.000203,    0.000006
  114     0.001391,    0.000873,    0.004323,    0.002481,    0.000642
  115    -0.003801,   -0.002496,   -0.006316,   -0.007768,   -0.000932
  116    -0.001984,   -0.009732,   -0.005381,   -0.004043,   -0.003971
  117     0.001137,   -0.000543,   -0.004142,    0.002146,   -0.000127
  118     0.000024,   -0.000728,    0.003464,   -0.000291,    0.000117
  119     0.004236,    0.005969,    0.003911,    0.007575,    0.002676
  120    -0.000110,    0.000824,   -0.001441,   -0.000375,    0.000414
  121    -0.000768,   -0.000940,   -0.002358,   -0.001624,   -0.000300
  122     0.000238,   -0.001281,   -0.001309,    0.000373,   -0.000511
  123     0.000298,    0.000702,   -0.000850,    0.000635,    0.000187
  124     0.000123,   -0.000122,   -0.000333,    0.000217,    0.000098
  125     0.000800,    0.001520,    0.002114,    0.001391,    0.000852
  126     0.001332,    0.000867,    0.002083,    0.002439,    0.000436
  127     0.000002,   -0.000007,    0.000004,    0.000006,   -0.000005
  128    -0.000009,    0.000036,    0.000017,   -0.000015,    0.000010
  129    -0.000453,    0.001541,   -0.000321,   -0.001103,    0.000930
  130    -0.004618,    0.015439,   -0.003904,   -0.011345,    0.009533
  131     0.014442,   -0.049071,    0.009314,    0.034731,   -0.028565
  132     0.005194,   -0.013612,    0.005124,    0.010723,   -0.008441
  133    -0.000110,    0.000102,   -0.000139,   -0.000199,    0.000069
  134     0.000144,   -0.000172,    0.000218,    0.000253,   -0.000088
  135     0.000072,   -0.000213,    0.000232,    0.000113,   -0.000107
  136     0.002575,   -0.002396,    0.003233,    0.004669,   -0.001621
  137    -0.003383,    0.004061,   -0.005104,   -0.005955,    0.002077
  138    -0.001689,    0.005024,   -0.005437,   -0.002640,    0.002515
  139    -0.013452,    0.013496,   -0.015756,   -0.024527,    0.008780
  140     0.018534,   -0.022804,    0.028358,    0.032842,   -0.011489
  141     0.009223,   -0.027552,    0.028428,    0.014600,   -0.013578
  142    -0.025545,    0.020226,   -0.033769,   -0.046026,    0.014365
  143     0.032199,   -0.039220,    0.043999,    0.056387,   -0.020040
  144     0.014962,   -0.048365,    0.052972,    0.022928,   -0.024244
  145    -0.011561,    0.016708,   -0.008943,   -0.020947,    0.008846
  146     0.015806,   -0.020405,    0.025033,    0.028084,   -0.009927
  147     0.009004,   -0.025869,    0.020906,    0.014572,   -0.011847
  148    -0.000007,   -0.000001,   -0.000006,   -0.000013,   -0.000000
  149    -0.000004,   -0.000014,   -0.000012,   -0.000010,   -0.000006
  150    -0.000003,   -0.000005,    0.000016,   -0.000005,   -0.000002
  151     0.000001,   -0.000009,   -0.000002,    0.000002,   -0.000002
  152    -0.000002,    0.000014,    0.000026,   -0.000003,    0.000005
  153     0.000104,    0.000073,   -0.000034,    0.000200,    0.000008
  154     0.000155,    0.000288,    0.000499,    0.000340,    0.000136
  155     0.000076,    0.000107,   -0.000342,    0.000119,    0.000051
  156    -0.000009,    0.000304,    0.000166,   -0.000039,    0.000045
  157    -0.000011,   -0.000343,   -0.000881,   -0.000022,   -0.000101
  158     0.001218,   -0.001482,    0.002505,    0.002474,   -0.000475
  159    -0.001291,    0.002389,   -0.003735,   -0.002689,    0.000887
  160     0.000154,    0.000236,   -0.000431,    0.000366,    0.000027
  161    -0.000007,   -0.001303,   -0.001491,    0.000185,    0.000007
  162     0.001407,   -0.000865,    0.004362,    0.002514,   -0.000639
  163     0.003745,   -0.002381,    0.006281,    0.007668,   -0.000887
  164    -0.001981,    0.009702,   -0.005420,   -0.004040,    0.003960
  165     0.001137,    0.000515,   -0.004147,    0.002146,    0.000118
  166    -0.000036,   -0.000689,   -0.003491,    0.000265,    0.000132
  167     0.004284,   -0.005977,    0.004034,    0.007674,   -0.002681
  168    -0.000084,   -0.000849,   -0.001394,   -0.000328,   -0.000425
  169     0.000757,   -0.000906,    0.002337,    0.001605,   -0.000285
  170     0.000239,    0.001272,   -0.001318,    0.000376,    0.000507
  171     0.000298,   -0.000708,   -0.000845,    0.000635,   -0.000190
  172    -0.000121,   -0.000111,    0.000327,   -0.000215,    0.000101
  173     0.000809,   -0.001518,    0.002154,    0.001411,   -0.000851
  174    -0.001335,    0.000838,   -0.002118,   -0.002446,    0.000425
  175    -0.000002,    0.000000,    0.000008,   -0.000005,    0.000000
  176     0.000021,   -0.000000,   -0.000007,    0.000042,    0.000000
  177     0.000661,   -0.000005,   -0.001365,    0.001353,   -0.000002
  178     0.006512,   -0.000049,   -0.014369,    0.013258,   -0.000022
  179    -0.021546,    0.000147,    0.042573,   -0.043454,    0.000062
  180    -0.005793,    0.000049,    0.014355,   -0.010973,    0.000022
  181    -0.000000,   -0.000121,    0.000002,   -0.000000,   -0.000041
  182    -0.000085,    0.000002,    0.000532,   -0.000129,    0.000001
  183     0.000030,   -0.000000,   -0.000087,    0.000021,   -0.000000
  184     0.000007,    0.002841,   -0.000051,    0.000011,    0.000970
  185     0.002016,   -0.000051,   -0.012494,    0.003051,   -0.000024
  186    -0.000696,    0.000007,    0.002011,   -0.000488,    0.000001
  187    -0.000039,   -0.014862,    0.000273,   -0.000061,   -0.005023
  188    -0.011478,    0.000274,    0.067736,   -0.017729,    0.000129
  189     0.004111,   -0.000032,   -0.008876,    0.003580,   -0.000002
  190    -0.000067,   -0.030108,    0.000487,   -0.000102,   -0.010606
  191    -0.019625,    0.000488,    0.116971,   -0.029692,    0.000231
  192     0.004435,   -0.000080,   -0.022841,    0.000293,   -0.000011
  193    -0.000042,   -0.010606,    0.000225,   -0.000068,   -0.003264
  194    -0.012155,    0.000227,    0.057645,   -0.019905,    0.000102
  195     0.006652,   -0.000021,   -0.005510,    0.009273,   -0.000001
  196    -0.000000,   -0.000019,   -0.000000,   -0.000000,   -0.000008
  197    -0.000013,   -0.000000,   -0.000016,   -0.000025,   -0.000000
  198     0.000007,   -0.000000,   -0.000007,    0.000012,   -0.000000
  199    -0.000000,   -0.000005,   -0.000000,   -0.000000,   -0.000002
  200     0.000008,   -0.000000,    0.000015,    0.000015,   -0.000000
  201     0.000001,    0.000417,    0.000002,    0.000002,    0.000182
  202     0.000368,    0.000001,    0.000520,    0.000750,    0.000001
  203    -0.000217,   -0.000000,   -0.000156,   -0.000410,    0.000000
  204     0.000001,    0.000126,    0.000001,    0.000003,    0.000032
  205    -0.000187,    0.000001,   -0.000561,   -0.000349,    0.000001
  206     0.000005,    0.000750,   -0.000035,    0.000009,    0.000204
  207    -0.000730,   -0.000008,   -0.002511,   -0.001794,   -0.000005
  208     0.000141,    0.000019,    0.005908,    0.000531,    0.000006
  209    -0.000003,    0.000013,   -0.000009,   -0.000006,    0.000171
  210    -0.000682,    0.000022,    0.004992,   -0.001306,    0.000006
  211     0.000027,    0.005565,   -0.000073,    0.000051,    0.002174
  212     0.001790,   -0.000018,   -0.003613,    0.002743,   -0.000010
  213    -0.001144,    0.000048,    0.014221,   -0.001426,    0.000017
  214     0.000006,    0.002103,   -0.000021,    0.000009,    0.001061
  215    -0.004105,    0.000065,    0.008361,   -0.007699,    0.000024
  216    -0.000593,    0.000023,    0.002259,   -0.001129,    0.000009
  217     0.000002,    0.000054,    0.000000,    0.000002,    0.000116
  218    -0.000232,    0.000018,    0.004677,   -0.000119,    0.000007
  219    -0.000751,   -0.000006,   -0.001856,   -0.001436,   -0.000001
  220    -0.000001,   -0.000691,    0.000018,   -0.000000,   -0.000354
  221    -0.000311,   -0.000000,   -0.000153,   -0.000399,    0.000002
  222    -0.000006,   -0.001605,    0.000028,   -0.000011,   -0.000640
                50,          51,          52,          53,          54
    0     0.004800,    0.002052,   -0.000000,   -0.000009,    0.000004
    1     0.011131,    0.004757,   -0.000000,   -0.000014,    0.000006
    2    -0.023970,   -0.010245,    0.000000,    0.000008,   -0.000003
    3    -0.023396,   -0.010000,    0.000000,    0.000009,   -0.000004
    4     0.012888,    0.005509,   -0.000000,   -0.000000,    0.000000
    5    -0.000216,   -0.000092,    0.000004,    0.000000,   -0.000000
    6    -0.062236,   -0.028652,    0.000000,    0.000032,   -0.000017
    7    -0.028652,   -0.007452,    0.000000,    0.000001,    0.000007
    8    -0.000154,   -0.000066,    0.000002,    0.000000,   -0.000000
    9    -0.042600,   -0.020465,    0.000000,    0.000024,   -0.000012
   10    -0.020465,   -0.003470,    0.000000,    0.000002,    0.000004
   11     0.000022,    0.000010,   -0.000003,   -0.000000,    0.000000
   12     0.013179,    0.002978,    0.000000,    0.000002,    0.000001
   13     0.002977,    0.007484,   -0.000000,    0.000003,   -0.000005
   14    -0.000020,   -0.000018,   -0.000000,    0.000000,   -0.000000
   15    -0.003169,    0.001754,    0.000000,    0.000001,   -0.000000
   16     0.000290,    0.001747,   -0.000000,   -0.000000,   -0.000000
   17    -0.000018,    0.000006,    0.000000,    0.000000,   -0.000000
   18     0.001648,    0.002767,   -0.000000,   -0.000001,    0.000000
   19    -0.000012,   -0.000028,   -0.000000,    0.000000,   -0.000000
   20    -0.002737,    0.007127,    0.000000,   -0.000001,    0.000001
   21    -0.001879,    0.004086,   -0.000000,    0.000000,   -0.000001
   22    -0.000028,    0.000024,    0.000001,    0.000000,    0.000000
   23    -0.002221,    0.004352,    0.000000,   -0.000000,    0.000001
   24    -0.000178,    0.000521,   -0.000000,   -0.000000,   -0.000000
   25    -0.000005,    0.000004,   -0.000000,    0.000000,   -0.000000
   26    -0.000630,    0.001397,    0.000000,   -0.000000,    0.000000
   27     0.000144,   -0.000161,    0.000000,    0.000000,    0.000000
   28    -0.000002,    0.000004,   -0.000000,   -0.000000,    0.000000
   29     0.000220,   -0.000656,   -0.000000,   -0.000000,    0.000000
   30     0.000003,    0.000005,    0.000000,   -0.000000,   -0.000000
   31     0.000022,    0.000009,    0.000000,    0.000000,   -0.000000
   32    -0.000022,   -0.000009,    0.000000,    0.000000,   -0.000000
   33    -0.003774,   -0.001613,   -0.000000,   -0.000002,    0.000001
   34    -0.038596,   -0.016497,   -0.000000,   -0.000018,    0.000008
   35     0.112287,    0.047994,    0.000000,    0.000046,   -0.000020
   36     0.012967,    0.005542,    0.000000,    0.000015,   -0.000007
   37    -0.000002,   -0.000001,   -0.000000,   -0.000000,    0.000000
   38     0.000682,   -0.000231,   -0.000000,   -0.000000,    0.000000
   39    -0.000231,    0.001125,   -0.000000,   -0.000000,    0.000000
   40     0.000041,    0.000017,    0.000002,    0.000000,   -0.000000
   41    -0.015903,    0.005423,    0.000000,    0.000003,   -0.000002
   42     0.005423,   -0.026272,    0.000000,    0.000003,   -0.000000
   43    -0.000222,   -0.000095,   -0.000009,   -0.000000,    0.000000
   44     0.080129,   -0.029399,   -0.000000,   -0.000012,    0.000008
   45    -0.029399,    0.136344,   -0.000000,   -0.000016,   -0.000000
   46    -0.000370,   -0.000158,   -0.000016,   -0.000000,    0.000000
   47     0.157533,   -0.049140,   -0.000000,   -0.000024,    0.000016
   48    -0.049141,    0.251497,   -0.000000,   -0.000030,    0.000001
   49    -0.000172,   -0.000074,   -0.000006,    0.000000,    0.000000
   50     0.062395,   -0.022847,   -0.000000,   -0.000004,    0.000004
   51    -0.022847,    0.106083,    0.000000,   -0.000010,   -0.000001
   52    -0.000000,    0.000000,    0.000000,    0.000000,   -0.000000
   53    -0.000004,   -0.000010,    0.000000,    0.000000,   -0.000000
   54     0.000004,   -0.000001,   -0.000000,   -0.000000,    0.000000
   55     0.000000,   -0.000000,   -0.000000,    0.000000,   -0.000000
   56     0.000011,   -0.000002,   -0.000000,   -0.000000,    0.000000
   57     0.000003,    0.000000,   -0.000000,   -0.000000,    0.000000
   58     0.000371,    0.000536,   -0.000000,   -0.000000,    0.000000
   59    -0.000298,    0.000096,    0.000000,    0.000000,   -0.000000
   60     0.000000,    0.000002,    0.000000,   -0.000000,    0.000000
   61    -0.000681,   -0.000050,    0.000000,    0.000000,   -0.000000
   62    -0.000027,   -0.000007,    0.000000,    0.000000,   -0.000000
   63    -0.003606,   -0.004414,    0.000000,    0.000003,   -0.000001
   64     0.002923,   -0.001330,   -0.000000,   -0.000001,    0.000000
   65    -0.000007,   -0.000014,   -0.000000,    0.000000,   -0.000000
   66     0.005979,    0.001045,   -0.000000,   -0.000003,    0.000001
   67    -0.000046,   -0.000018,   -0.000001,    0.000000,   -0.000000
   68    -0.006612,   -0.005972,    0.000000,    0.000002,   -0.000001
   69     0.004739,   -0.001898,   -0.000000,    0.000000,   -0.000001
   70    -0.000018,   -0.000019,   -0.000000,    0.000000,   -0.000000
   71     0.009517,    0.002815,   -0.000000,   -0.000002,    0.000001
   72    -0.003164,   -0.000656,    0.000000,    0.000001,   -0.000000
   73     0.000014,    0.000014,    0.000000,   -0.000000,    0.000000
   74    -0.001517,    0.001694,    0.000000,   -0.000000,    0.000000
   75    -0.001943,   -0.001017,    0.000000,    0.000001,   -0.000000
   76    -0.000004,    0.000005,   -0.000000,   -0.000000,    0.000000
   77    -0.002845,   -0.002220,    0.000000,    0.000001,   -0.000001
   78    -0.000024,   -0.000006,   -0.000000,    0.000000,   -0.000000
   79     0.000001,    0.000003,    0.000000,   -0.000000,    0.000000
   80     0.000011,   -0.000001,    0.000000,   -0.000000,    0.000000
   81     0.000076,   -0.000552,   -0.000001,    0.000001,   -0.000001
   82     0.000413,   -0.005822,   -0.000011,    0.000008,   -0.000012
   83    -0.001869,    0.017175,    0.000031,   -0.000022,    0.000034
   84     0.000537,    0.005543,    0.000007,   -0.000005,    0.000008
   85     0.000035,    0.000085,    0.000000,   -0.000000,   -0.000000
   86     0.000134,    0.000130,   -0.000000,    0.000000,   -0.000000
   87     0.000096,    0.000068,   -0.000000,    0.000000,    0.000000
   88    -0.000810,   -0.001987,   -0.000000,    0.000000,    0.000001
   89    -0.003124,   -0.003055,    0.000001,   -0.000000,    0.000001
   90    -0.002252,   -0.001580,    0.000001,   -0.000000,   -0.000001
   91     0.003813,    0.010370,    0.000002,   -0.000001,   -0.000005
   92     0.016839,    0.016563,   -0.000003,    0.000001,   -0.000006
   93     0.011700,    0.008550,   -0.000005,    0.000000,    0.000005
   94     0.008659,    0.019514,    0.000002,   -0.000002,   -0.000011
   95     0.027764,    0.028988,   -0.000006,    0.000003,   -0.000011
   96     0.021773,    0.014008,   -0.000011,    0.000000,    0.000009
   97     0.001987,    0.008515,    0.000001,    0.000000,   -0.000005
   98     0.013603,    0.013441,   -0.000003,   -0.000000,   -0.000004
   99     0.008426,    0.007813,   -0.000005,    0.000001,    0.000003
  100     0.000002,    0.000006,   -0.000000,   -0.000000,    0.000000
  101    -0.000005,   -0.000003,   -0.000000,    0.000000,   -0.000000
  102     0.000007,   -0.000002,    0.000000,    0.000000,   -0.000000
  103    -0.000001,   -0.000001,   -0.000000,   -0.000000,    0.000000
  104     0.000009,   -0.000001,    0.000000,   -0.000000,   -0.000000
  105    -0.000020,   -0.000119,    0.000000,   -0.000000,   -0.000000
  106     0.000168,    0.000105,    0.000000,   -0.000000,    0.000000
  107    -0.000156,    0.000057,   -0.000000,   -0.000000,   -0.000000
  108    -0.000039,   -0.000008,    0.000000,    0.000000,   -0.000000
  109    -0.000302,   -0.000023,   -0.000000,    0.000000,    0.000000
  110    -0.000455,   -0.000629,    0.000000,    0.000001,   -0.000000
  111    -0.001053,   -0.000788,    0.000000,    0.000001,   -0.000001
  112     0.000035,    0.000110,   -0.000000,   -0.000000,    0.000000
  113     0.000653,    0.000175,   -0.000000,   -0.000000,    0.000000
  114     0.001426,    0.001159,    0.000000,   -0.000000,   -0.000000
  115    -0.001817,   -0.002732,   -0.000000,    0.000002,   -0.000001
  116    -0.001601,   -0.001316,    0.000000,    0.000001,   -0.000000
  117    -0.001431,    0.000860,   -0.000000,   -0.000000,    0.000001
  118     0.001516,    0.000059,   -0.000001,    0.000000,   -0.000000
  119     0.001200,    0.003212,   -0.000001,   -0.000000,   -0.000001
  120    -0.000379,    0.000022,   -0.000000,    0.000000,   -0.000000
  121    -0.000652,   -0.000448,   -0.000000,    0.000001,   -0.000000
  122    -0.000443,    0.000228,    0.000000,    0.000000,   -0.000000
  123    -0.000329,    0.000177,   -0.000000,   -0.000000,    0.000000
  124    -0.000018,    0.000114,   -0.000000,   -0.000000,    0.000000
  125     0.000770,    0.000652,   -0.000000,   -0.000000,   -0.000000
  126     0.000643,    0.001023,   -0.000000,   -0.000000,   -0.000000
  127     0.000001,    0.000003,   -0.000000,   -0.000000,    0.000000
  128     0.000011,   -0.000001,   -0.000000,   -0.000000,    0.000000
  129     0.000070,   -0.000552,    0.000001,    0.000001,   -0.000001
  130     0.000351,   -0.005819,    0.000011,    0.000008,   -0.000012
  131    -0.001681,    0.017166,   -0.000031,   -0.000022,    0.000034
  132     0.000593,    0.005540,   -0.000007,   -0.000005,    0.000008
  133    -0.000035,   -0.000084,    0.000000,    0.000000,    0.000000
  134     0.000134,    0.000131,    0.000000,    0.000000,   -0.000000
  135     0.000097,    0.000068,    0.000000,    0.000000,    0.000000
  136     0.000801,    0.001967,   -0.000000,   -0.000000,   -0.000001
  137    -0.003143,   -0.003067,   -0.000001,   -0.000000,    0.000001
  138    -0.002268,   -0.001579,   -0.000001,   -0.000000,   -0.000001
  139    -0.003763,   -0.010261,    0.000002,    0.000001,    0.000005
  140     0.016939,    0.016627,    0.000003,    0.000001,   -0.000006
  141     0.011788,    0.008542,    0.000005,    0.000000,    0.000005
  142    -0.008578,   -0.019323,    0.000003,    0.000002,    0.000011
  143     0.027952,    0.029110,    0.000006,    0.000003,   -0.000011
  144     0.021930,    0.013995,    0.000011,    0.000001,    0.000009
  145    -0.001959,   -0.008426,    0.000001,   -0.000000,    0.000005
  146     0.013681,    0.013494,    0.000003,   -0.000000,   -0.000004
  147     0.008504,    0.007807,    0.000005,    0.000001,    0.000003
  148    -0.000002,   -0.000006,   -0.000000,    0.000000,   -0.000000
  149    -0.000005,   -0.000003,    0.000000,    0.000000,   -0.000000
  150     0.000007,   -0.000002,   -0.000000,    0.000000,   -0.000000
  151     0.000001,    0.000001,   -0.000000,    0.000000,   -0.000000
  152     0.000009,   -0.000001,   -0.000000,   -0.000000,   -0.000000
  153     0.000024,    0.000119,    0.000000,    0.000000,    0.000000
  154     0.000167,    0.000105,   -0.000000,   -0.000000,    0.000000
  155    -0.000156,    0.000057,    0.000000,   -0.000000,   -0.000000
  156     0.000040,    0.000009,    0.000000,   -0.000000,    0.000000
  157    -0.000301,   -0.000021,    0.000000,    0.000000,    0.000000
  158     0.000440,    0.000614,    0.000000,   -0.000001,    0.000000
  159    -0.001054,   -0.000786,   -0.000000,    0.000001,   -0.000001
  160     0.000034,    0.000110,    0.000000,   -0.000000,    0.000000
  161    -0.000660,   -0.000180,   -0.000000,    0.000000,   -0.000000
  162     0.001436,    0.001167,   -0.000000,   -0.000000,   -0.000000
  163     0.001808,    0.002689,   -0.000000,   -0.000002,    0.000001
  164    -0.001617,   -0.001313,   -0.000000,    0.000001,   -0.000000
  165    -0.001432,    0.000860,    0.000001,   -0.000000,    0.000001
  166    -0.001527,   -0.000067,   -0.000001,   -0.000000,    0.000000
  167     0.001242,    0.003247,    0.000001,   -0.000000,   -0.000001
  168    -0.000364,    0.000042,    0.000000,    0.000000,   -0.000000
  169     0.000644,    0.000440,   -0.000000,   -0.000001,    0.000000
  170    -0.000446,    0.000229,   -0.000000,    0.000000,   -0.000000
  171    -0.000328,    0.000177,    0.000000,   -0.000000,    0.000000
  172     0.000015,   -0.000112,   -0.000000,    0.000000,   -0.000000
  173     0.000784,    0.000657,    0.000000,   -0.000000,   -0.000000
  174    -0.000653,   -0.001023,   -0.000000,    0.000000,    0.000000
  175     0.000004,   -0.000005,   -0.000000,    0.000000,   -0.000000
  176     0.000004,    0.000014,   -0.000000,   -0.000000,   -0.000000
  177    -0.000560,    0.000928,    0.000000,   -0.000000,    0.000002
  178    -0.006106,    0.009359,    0.000000,   -0.000002,    0.000018
  179     0.017664,   -0.028309,   -0.000000,    0.000006,   -0.000051
  180     0.006312,   -0.007902,   -0.000000,   -0.000001,   -0.000010
  181     0.000001,   -0.000000,    0.000000,    0.000000,    0.000000
  182     0.000269,   -0.000073,   -0.000000,    0.000000,    0.000000
  183    -0.000006,    0.000043,   -0.000000,    0.000000,   -0.000000
  184    -0.000024,    0.000006,   -0.000002,   -0.000000,   -0.000000
  185    -0.006304,    0.001727,    0.000000,   -0.000000,   -0.000001
  186     0.000125,   -0.001010,    0.000000,   -0.000003,    0.000002
  187     0.000127,   -0.000034,    0.000008,    0.000000,    0.000000
  188     0.033723,   -0.009735,   -0.000000,    0.000002,    0.000006
  189    -0.000033,    0.005562,   -0.000000,    0.000017,   -0.000007
  190     0.000229,   -0.000058,    0.000015,    0.000000,    0.000000
  191     0.059007,   -0.016882,   -0.000000,    0.000002,    0.000013
  192    -0.002486,    0.007912,   -0.000000,    0.000032,   -0.000016
  193     0.000101,   -0.000034,    0.000007,    0.000000,    0.000000
  194     0.027381,   -0.009767,   -0.000000,    0.000002,    0.000005
  195     0.000239,    0.006218,   -0.000000,    0.000011,   -0.000006
  196    -0.000000,   -0.000000,   -0.000000,   -0.000000,    0.000000
  197    -0.000005,   -0.000008,    0.000000,    0.000000,   -0.000000
  198    -0.000004,    0.000004,    0.000000,   -0.000000,    0.000000
  199    -0.000000,   -0.000000,   -0.000000,    0.000000,   -0.000000
  200     0.000006,    0.000007,   -0.000000,    0.000000,   -0.000000
  201     0.000000,    0.000001,    0.000000,    0.000000,   -0.000000
  202     0.000227,    0.000215,   -0.000000,   -0.000000,    0.000000
  203    -0.000003,   -0.000120,    0.000000,    0.000000,   -0.000000
  204     0.000001,    0.000001,    0.000000,   -0.000000,    0.000000
  205    -0.000172,   -0.000176,    0.000000,   -0.000000,    0.000000
  206    -0.000010,    0.000003,    0.000000,    0.000000,    0.000000
  207    -0.001448,   -0.000230,   -0.000000,    0.000001,   -0.000001
  208     0.001786,   -0.000223,   -0.000000,   -0.000001,    0.000001
  209    -0.000006,   -0.000001,   -0.000000,    0.000000,   -0.000000
  210     0.001400,   -0.000456,   -0.000000,    0.000000,   -0.000000
  211    -0.000025,    0.000021,    0.000001,    0.000000,    0.000000
  212    -0.001891,    0.001497,   -0.000000,    0.000001,   -0.000002
  213     0.004989,   -0.001085,   -0.000000,   -0.000002,    0.000001
  214    -0.000011,    0.000005,   -0.000001,   -0.000000,   -0.000000
  215     0.002728,   -0.003249,   -0.000000,    0.000000,   -0.000000
  216     0.000692,   -0.000461,   -0.000000,   -0.000000,   -0.000000
  217    -0.000002,    0.000002,   -0.000000,    0.000000,   -0.000000
  218     0.001774,   -0.000354,   -0.000000,   -0.000001,    0.000001
  219    -0.000418,   -0.000531,    0.000000,    0.000000,    0.000000
  220     0.000007,   -0.000001,    0.000000,   -0.000000,    0.000000
  221     0.000251,   -0.000314,    0.000000,   -0.000000,    0.000000
  222     0.000009,   -0.000005,   -0.000000,   -0.000000,   -0.000000
                55,          56,          57,          58,          59
    0    -0.000000,    0.000011,    0.000002,    0.000302,   -0.000129
    1    -0.000000,    0.000016,    0.000005,    0.000612,   -0.000263
    2     0.000000,   -0.000009,   -0.000008,   -0.001008,    0.000432
    3     0.000000,   -0.000011,   -0.000008,   -0.001006,    0.000432
    4    -0.000000,    0.000000,    0.000000,    0.000033,   -0.000014
    5    -0.000022,   -0.000000,    0.000256,   -0.000008,    0.000002
    6     0.000000,   -0.000027,   -0.000011,   -0.001715,    0.000677
    7    -0.000000,   -0.000027,   -0.000008,   -0.000107,    0.000184
    8    -0.000015,   -0.000000,    0.000210,   -0.000006,    0.000002
    9     0.000000,   -0.000021,   -0.000008,   -0.001286,    0.000497
   10    -0.000000,   -0.000020,   -0.000006,   -0.000095,    0.000168
   11     0.000005,   -0.000000,    0.000090,    0.000000,   -0.000000
   12    -0.000000,   -0.000005,   -0.000001,   -0.000095,   -0.000006
   13     0.000000,    0.000001,    0.000000,   -0.000074,    0.000140
   14     0.000000,   -0.000000,    0.000008,   -0.000000,    0.000000
   15     0.000000,   -0.000001,   -0.000000,   -0.000046,    0.000016
   16    -0.000000,    0.000000,    0.000000,    0.000024,    0.000003
   17     0.000000,   -0.000000,   -0.000014,   -0.000000,    0.000000
   18    -0.000000,    0.000001,    0.000000,    0.000039,   -0.000025
   19     0.000000,    0.000000,    0.000028,   -0.000000,    0.000000
   20     0.000000,   -0.000001,   -0.000000,    0.000041,   -0.000020
   21     0.000000,    0.000001,    0.000000,   -0.000002,    0.000037
   22    -0.000003,    0.000000,   -0.000014,   -0.000000,   -0.000000
   23    -0.000000,   -0.000001,   -0.000000,    0.000016,   -0.000022
   24    -0.000000,   -0.000000,    0.000000,    0.000002,    0.000003
   25    -0.000000,   -0.000000,    0.000005,   -0.000000,    0.000000
   26    -0.000000,   -0.000000,   -0.000000,    0.000010,   -0.000000
   27     0.000000,   -0.000000,   -0.000000,   -0.000004,   -0.000001
   28     0.000000,   -0.000000,    0.000001,    0.000000,   -0.000000
   29    -0.000000,    0.000000,    0.000000,    0.000006,   -0.000005
   30     0.000000,   -0.000000,   -0.000004,    0.000000,    0.000000
   31     0.000000,   -0.000000,   -0.000000,   -0.000001,    0.000000
   32     0.000000,   -0.000000,   -0.000000,   -0.000002,    0.000001
   33    -0.000000,    0.000002,    0.000001,    0.000076,   -0.000032
   34    -0.000000,    0.000021,    0.000006,    0.000836,   -0.000358
   35     0.000000,   -0.000054,   -0.000016,   -0.002102,    0.000899
   36     0.000000,   -0.000018,   -0.000006,   -0.000781,    0.000334
   37    -0.000000,    0.000000,    0.000004,    0.000000,   -0.000000
   38    -0.000000,    0.000000,    0.000000,    0.000008,   -0.000005
   39    -0.000000,    0.000000,    0.000000,    0.000007,    0.000000
   40     0.000002,   -0.000000,   -0.000097,   -0.000000,    0.000000
   41     0.000000,   -0.000004,   -0.000001,   -0.000173,    0.000111
   42     0.000000,   -0.000000,   -0.000000,   -0.000171,   -0.000011
   43    -0.000009,    0.000000,    0.000502,    0.000002,   -0.000002
   44    -0.000000,    0.000022,    0.000007,    0.000849,   -0.000552
   45    -0.000000,    0.000002,    0.000002,    0.000861,    0.000072
   46    -0.000018,    0.000000,    0.000922,    0.000003,   -0.000003
   47    -0.000000,    0.000042,    0.000013,    0.001661,   -0.001057
   48    -0.000000,    0.000003,    0.000003,    0.001646,    0.000099
   49    -0.000007,   -0.000000,    0.000373,    0.000000,   -0.000001
   50     0.000000,    0.000011,    0.000003,    0.000371,   -0.000298
   51    -0.000000,   -0.000002,    0.000000,    0.000536,    0.000096
   52    -0.000000,   -0.000000,   -0.000000,   -0.000000,    0.000000
   53     0.000000,   -0.000000,   -0.000000,   -0.000000,    0.000000
   54    -0.000000,    0.000000,    0.000000,    0.000000,   -0.000000
   55     0.000000,   -0.000000,    0.000000,   -0.000000,    0.000000
   56    -0.000000,    0.000000,    0.000000,    0.000000,   -0.000000
   57     0.000000,    0.000000,    0.000003,    0.000000,   -0.000000
   58    -0.000000,    0.000000,    0.000000,    0.000024,   -0.000009
   59     0.000000,   -0.000000,   -0.000000,   -0.000009,    0.000006
   60    -0.000000,    0.000000,    0.000001,    0.000000,   -0.000000
   61     0.000000,   -0.000001,   -0.000000,   -0.000022,    0.000009
   62     0.000001,   -0.000000,   -0.000020,   -0.000001,    0.000000
   63     0.000000,   -0.000002,   -0.000001,   -0.000166,    0.000060
   64    -0.000000,    0.000001,    0.000001,    0.000047,   -0.000033
   65     0.000001,   -0.000000,   -0.000008,   -0.000000,    0.000000
   66    -0.000000,    0.000004,    0.000001,    0.000154,   -0.000071
   67     0.000002,   -0.000000,   -0.000015,   -0.000000,    0.000000
   68     0.000000,   -0.000001,   -0.000001,   -0.000131,    0.000048
   69     0.000000,    0.000002,    0.000001,    0.000008,   -0.000003
   70     0.000000,   -0.000000,   -0.000010,   -0.000000,    0.000000
   71     0.000000,    0.000002,    0.000001,    0.000107,   -0.000053
   72    -0.000000,   -0.000001,   -0.000000,   -0.000055,    0.000027
   73    -0.000000,    0.000000,    0.000008,    0.000000,   -0.000000
   74    -0.000000,   -0.000001,   -0.000000,    0.000004,    0.000005
   75     0.000000,   -0.000001,   -0.000000,   -0.000047,    0.000018
   76     0.000000,   -0.000000,    0.000000,    0.000000,    0.000000
   77     0.000000,   -0.000001,   -0.000000,   -0.000072,    0.000027
   78     0.000001,   -0.000000,   -0.000009,   -0.000000,    0.000000
   79    -0.000000,    0.000000,   -0.000000,    0.000000,   -0.000000
   80     0.000000,    0.000000,   -0.000000,   -0.000000,   -0.000000
   81     0.000002,    0.000000,    0.000031,   -0.000022,    0.000033
   82     0.000018,    0.000001,    0.000327,   -0.000217,    0.000339
   83    -0.000052,   -0.000003,   -0.000880,    0.000629,   -0.000940
   84    -0.000010,    0.000001,   -0.000234,    0.000127,   -0.000221
   85     0.000000,    0.000000,   -0.000001,    0.000000,    0.000000
   86    -0.000000,   -0.000000,    0.000000,   -0.000001,    0.000001
   87     0.000000,    0.000000,    0.000000,   -0.000000,   -0.000001
   88    -0.000002,   -0.000002,    0.000027,   -0.000004,   -0.000011
   89     0.000001,    0.000001,   -0.000007,    0.000015,   -0.000025
   90    -0.000002,   -0.000000,   -0.000007,    0.000003,    0.000027
   91     0.000010,    0.000011,   -0.000140,    0.000030,    0.000053
   92    -0.000006,   -0.000006,    0.000041,   -0.000060,    0.000124
   93     0.000007,    0.000001,    0.000040,   -0.000011,   -0.000144
   94     0.000021,    0.000023,   -0.000250,    0.000041,    0.000120
   95    -0.000011,   -0.000012,    0.000072,   -0.000160,    0.000253
   96     0.000016,    0.000002,    0.000078,   -0.000030,   -0.000259
   97     0.000008,    0.000008,   -0.000061,    0.000015,    0.000084
   98    -0.000005,   -0.000004,    0.000045,    0.000009,    0.000087
   99     0.000006,    0.000000,    0.000077,   -0.000001,   -0.000102
  100     0.000000,   -0.000000,   -0.000000,    0.000000,   -0.000000
  101    -0.000000,    0.000000,    0.000000,   -0.000000,    0.000000
  102    -0.000000,    0.000000,   -0.000000,    0.000000,   -0.000000
  103     0.000000,    0.000000,   -0.000000,    0.000000,   -0.000000
  104    -0.000000,    0.000000,   -0.000000,    0.000000,   -0.000000
  105    -0.000000,    0.000000,    0.000001,    0.000002,    0.000000
  106     0.000000,    0.000000,    0.000000,    0.000006,   -0.000003
  107     0.000000,    0.000000,    0.000000,   -0.000001,    0.000000
  108    -0.000000,   -0.000000,    0.000004,   -0.000000,    0.000002
  109    -0.000000,   -0.000000,    0.000003,   -0.000002,    0.000002
  110     0.000000,   -0.000001,   -0.000007,   -0.000049,    0.000016
  111     0.000000,   -0.000000,   -0.000008,   -0.000047,    0.000019
  112     0.000000,   -0.000001,   -0.000002,    0.000005,   -0.000001
  113     0.000001,    0.000001,   -0.000023,   -0.000010,   -0.000007
  114     0.000000,    0.000002,   -0.000012,    0.000008,   -0.000007
  115     0.000000,   -0.000000,   -0.000005,   -0.000088,    0.000040
  116     0.000001,   -0.000001,   -0.000016,   -0.000059,    0.000020
  117     0.000001,   -0.000001,    0.000003,    0.000013,   -0.000011
  118     0.000003,    0.000001,   -0.000003,   -0.000013,    0.000006
  119     0.000001,    0.000002,    0.000012,    0.000010,    0.000012
  120     0.000000,   -0.000000,   -0.000001,   -0.000020,    0.000010
  121     0.000000,   -0.000000,   -0.000004,   -0.000031,    0.000012
  122     0.000000,   -0.000000,   -0.000003,   -0.000008,    0.000004
  123    -0.000000,   -0.000000,    0.000006,    0.000008,   -0.000001
  124     0.000001,   -0.000000,   -0.000003,    0.000001,   -0.000003
  125     0.000001,    0.000001,   -0.000005,    0.000003,   -0.000003
  126     0.000000,    0.000001,   -0.000001,    0.000010,   -0.000003
  127     0.000000,    0.000000,    0.000000,    0.000000,   -0.000000
  128    -0.000000,    0.000000,    0.000000,   -0.000000,   -0.000000
  129    -0.000002,    0.000000,   -0.000031,   -0.000022,    0.000033
  130    -0.000018,    0.000001,   -0.000328,   -0.000220,    0.000339
  131     0.000052,   -0.000004,    0.000881,    0.000637,   -0.000940
  132     0.000010,    0.000001,    0.000235,    0.000129,   -0.000221
  133     0.000000,   -0.000000,   -0.000001,   -0.000000,   -0.000000
  134     0.000000,   -0.000000,   -0.000000,   -0.000001,    0.000001
  135    -0.000000,    0.000000,   -0.000000,   -0.000000,   -0.000001
  136    -0.000002,    0.000002,    0.000028,    0.000004,    0.000011
  137    -0.000001,    0.000001,    0.000007,    0.000015,   -0.000025
  138     0.000002,   -0.000000,    0.000007,    0.000004,    0.000027
  139     0.000010,   -0.000011,   -0.000146,   -0.000029,   -0.000052
  140     0.000006,   -0.000006,   -0.000042,   -0.000059,    0.000125
  141    -0.000007,    0.000001,   -0.000039,   -0.000013,   -0.000144
  142     0.000021,   -0.000023,   -0.000261,   -0.000038,   -0.000118
  143     0.000011,   -0.000012,   -0.000074,   -0.000159,    0.000253
  144    -0.000016,    0.000002,   -0.000076,   -0.000033,   -0.000258
  145     0.000008,   -0.000008,   -0.000064,   -0.000013,   -0.000083
  146     0.000005,   -0.000004,   -0.000045,    0.000009,    0.000087
  147    -0.000006,    0.000000,   -0.000076,   -0.000002,   -0.000102
  148     0.000000,    0.000000,   -0.000000,   -0.000000,    0.000000
  149     0.000000,    0.000000,   -0.000000,   -0.000000,    0.000000
  150     0.000000,    0.000000,    0.000000,    0.000000,   -0.000000
  151     0.000000,   -0.000000,   -0.000000,   -0.000000,    0.000000
  152     0.000000,    0.000000,    0.000000,    0.000000,   -0.000000
  153    -0.000000,   -0.000000,    0.000001,   -0.000002,   -0.000000
  154    -0.000000,    0.000000,   -0.000000,    0.000006,   -0.000003
  155    -0.000000,    0.000000,   -0.000000,   -0.000001,    0.000000
  156    -0.000000,    0.000000,    0.000004,    0.000000,   -0.000002
  157     0.000000,   -0.000000,   -0.000003,   -0.000002,    0.000002
  158     0.000000,    0.000001,   -0.000007,    0.000049,   -0.000016
  159    -0.000000,   -0.000000,    0.000008,   -0.000047,    0.000019
  160    -0.000000,   -0.000001,    0.000002,    0.000005,   -0.000001
  161     0.000001,   -0.000001,   -0.000023,    0.000010,    0.000007
  162    -0.000000,    0.000002,    0.000013,    0.000008,   -0.000007
  163     0.000000,    0.000000,   -0.000005,    0.000088,   -0.000040
  164    -0.000001,   -0.000001,    0.000016,   -0.000060,    0.000020
  165    -0.000001,   -0.000001,   -0.000004,    0.000013,   -0.000011
  166     0.000003,   -0.000001,   -0.000004,    0.000013,   -0.000006
  167    -0.000001,    0.000002,   -0.000011,    0.000011,    0.000012
  168    -0.000000,   -0.000000,    0.000000,   -0.000020,    0.000010
  169     0.000000,    0.000000,   -0.000003,    0.000031,   -0.000012
  170    -0.000000,   -0.000000,    0.000003,   -0.000008,    0.000004
  171     0.000000,   -0.000000,   -0.000006,    0.000008,   -0.000001
  172     0.000001,    0.000000,   -0.000003,   -0.000001,    0.000003
  173    -0.000001,    0.000001,    0.000005,    0.000003,   -0.000003
  174     0.000000,   -0.000001,   -0.000002,   -0.000010,    0.000003
  175     0.000000,    0.000000,    0.000000,    0.000000,    0.000000
  176    -0.000000,    0.000000,   -0.000000,    0.000000,    0.000000
  177    -0.000000,   -0.000002,   -0.000000,   -0.000004,   -0.000045
  178    -0.000000,   -0.000018,   -0.000003,   -0.000044,   -0.000472
  179     0.000000,    0.000051,    0.000009,    0.000075,    0.001305
  180     0.000000,    0.000011,    0.000002,    0.000104,    0.000288
  181    -0.000000,    0.000000,   -0.000001,   -0.000000,   -0.000000
  182     0.000000,   -0.000000,   -0.000000,    0.000001,   -0.000001
  183     0.000000,    0.000000,    0.000000,   -0.000005,    0.000001
  184     0.000001,   -0.000000,    0.000034,    0.000000,    0.000000
  185    -0.000000,    0.000001,    0.000000,   -0.000022,    0.000016
  186    -0.000000,   -0.000001,   -0.000000,    0.000109,   -0.000031
  187    -0.000006,    0.000000,   -0.000178,   -0.000000,   -0.000000
  188     0.000000,   -0.000003,   -0.000000,    0.000109,   -0.000081
  189     0.000000,    0.000003,    0.000000,   -0.000548,    0.000151
  190    -0.000012,    0.000000,   -0.000328,   -0.000000,   -0.000001
  191     0.000000,   -0.000007,   -0.000001,    0.000231,   -0.000181
  192     0.000000,    0.000006,    0.000001,   -0.001084,    0.000334
  193    -0.000005,    0.000000,   -0.000153,   -0.000000,   -0.000000
  194     0.000000,   -0.000002,    0.000000,    0.000080,   -0.000124
  195     0.000000,    0.000004,    0.000001,   -0.000351,    0.000139
  196     0.000000,   -0.000000,    0.000000,    0.000000,   -0.000000
  197     0.000000,   -0.000000,   -0.000000,   -0.000000,   -0.000000
  198    -0.000000,   -0.000000,    0.000000,    0.000000,   -0.000000
  199     0.000000,   -0.000000,    0.000000,   -0.000000,   -0.000000
  200     0.000000,    0.000000,    0.000000,   -0.000000,    0.000000
  201    -0.000000,    0.000000,   -0.000000,   -0.000000,   -0.000000
  202    -0.000000,    0.000000,    0.000000,    0.000010,    0.000001
  203     0.000000,   -0.000000,   -0.000000,   -0.000007,    0.000002
  204    -0.000000,    0.000000,    0.000000,    0.000000,    0.000000
  205    -0.000000,   -0.000000,   -0.000000,   -0.000000,    0.000001
  206    -0.000000,   -0.000000,    0.000004,   -0.000000,    0.000000
  207     0.000000,    0.000000,    0.000000,   -0.000048,   -0.000000
  208    -0.000000,    0.000001,    0.000000,    0.000061,   -0.000023
  209     0.000001,   -0.000000,   -0.000002,   -0.000000,   -0.000000
  210    -0.000000,    0.000001,    0.000000,    0.000006,   -0.000017
  211    -0.000002,   -0.000000,    0.000002,   -0.000000,    0.000000
  212     0.000000,    0.000002,    0.000000,   -0.000048,    0.000044
  213    -0.000000,    0.000001,    0.000001,    0.000077,   -0.000046
  214     0.000002,    0.000000,    0.000002,   -0.000000,    0.000000
  215    -0.000000,    0.000002,    0.000001,    0.000001,   -0.000014
  216    -0.000000,    0.000000,    0.000000,    0.000003,   -0.000006
  217     0.000001,    0.000000,   -0.000000,   -0.000000,   -0.000000
  218    -0.000000,    0.000000,    0.000000,    0.000040,   -0.000016
  219     0.000000,   -0.000001,   -0.000000,   -0.000017,    0.000006
  220    -0.000000,    0.000000,    0.000001,    0.000000,   -0.000000
  221     0.000000,   -0.000001,   -0.000000,    0.000009,    0.000000
  222     0.000000,    0.000000,   -0.000002,    0.000000,   -0.000000
                60,          61,          62,          63,          64
    0     0.000001,   -0.000353,   -0.000019,   -0.002467,    0.001058
    1     0.000002,   -0.000716,   -0.000040,   -0.005314,    0.002278
    2    -0.000003,    0.001179,    0.000074,    0.009781,   -0.004192
    3    -0.000003,    0.001177,    0.000073,    0.009682,   -0.004150
    4     0.000000,   -0.000038,   -0.000008,   -0.001091,    0.000468
    5     0.000744,    0.000006,   -0.005613,    0.000055,   -0.000011
    6    -0.000008,    0.001534,    0.000089,    0.012655,   -0.003330
    7    -0.000000,    0.001230,    0.000055,   -0.000354,   -0.004748
    8     0.000520,    0.000005,   -0.004209,    0.000040,   -0.000008
    9    -0.000006,    0.001166,    0.000066,    0.009341,   -0.002425
   10    -0.000000,    0.000903,    0.000040,   -0.000248,   -0.003587
   11    -0.000124,    0.000001,   -0.000279,   -0.000001,    0.000000
   12     0.000000,    0.000154,    0.000002,    0.000091,    0.000099
   13    -0.000000,   -0.000015,   -0.000001,    0.000089,   -0.000361
   14    -0.000003,    0.000000,   -0.000083,    0.000002,   -0.000001
   15    -0.000000,    0.000042,    0.000002,    0.000320,   -0.000112
   16     0.000000,   -0.000018,   -0.000000,   -0.000237,   -0.000012
   17    -0.000008,    0.000000,    0.000115,    0.000001,   -0.000000
   18     0.000000,   -0.000059,   -0.000003,   -0.000265,    0.000177
   19     0.000010,   -0.000000,   -0.000375,    0.000002,    0.000001
   20    -0.000000,    0.000023,    0.000002,   -0.000435,   -0.000166
   21     0.000000,   -0.000007,    0.000001,   -0.000140,   -0.000123
   22     0.000072,   -0.000000,   -0.000308,   -0.000001,   -0.000001
   23     0.000000,    0.000045,   -0.000001,   -0.000131,   -0.000178
   24     0.000000,    0.000001,   -0.000001,    0.000005,    0.000002
   25     0.000002,    0.000000,   -0.000003,    0.000000,   -0.000000
   26     0.000000,    0.000001,   -0.000000,   -0.000058,   -0.000020
   27    -0.000000,    0.000005,    0.000000,    0.000009,   -0.000015
   28    -0.000002,    0.000000,    0.000018,   -0.000000,   -0.000000
   29     0.000000,   -0.000012,   -0.000001,   -0.000058,    0.000038
   30    -0.000007,   -0.000000,    0.000045,    0.000000,    0.000000
   31    -0.000000,    0.000001,    0.000000,    0.000003,   -0.000001
   32    -0.000000,    0.000002,    0.000000,    0.000014,   -0.000006
   33     0.000000,   -0.000089,   -0.000002,   -0.000241,    0.000103
   34     0.000003,   -0.000978,   -0.000021,   -0.002831,    0.001212
   35    -0.000007,    0.002459,    0.000047,    0.006275,   -0.002687
   36    -0.000003,    0.000914,    0.000028,    0.003773,   -0.001617
   37     0.000003,   -0.000000,   -0.000039,   -0.000000,    0.000000
   38     0.000000,   -0.000011,   -0.000000,   -0.000060,    0.000041
   39     0.000000,   -0.000002,   -0.000000,   -0.000058,   -0.000011
   40    -0.000069,    0.000000,    0.000917,    0.000003,   -0.000003
   41    -0.000000,    0.000266,    0.000011,    0.001394,   -0.000958
   42    -0.000001,    0.000052,    0.000003,    0.001354,    0.000263
   43     0.000349,   -0.000001,   -0.004706,   -0.000015,    0.000015
   44     0.000002,   -0.001317,   -0.000051,   -0.006816,    0.004774
   45     0.000003,   -0.000250,   -0.000015,   -0.006784,   -0.001424
   46     0.000673,   -0.000002,   -0.008798,   -0.000031,    0.000030
   47     0.000003,   -0.002555,   -0.000103,   -0.013589,    0.009279
   48     0.000005,   -0.000494,   -0.000031,   -0.013114,   -0.002461
   49     0.000271,    0.000000,   -0.003499,   -0.000007,    0.000009
   50     0.000000,   -0.000681,   -0.000027,   -0.003606,    0.002923
   51     0.000002,   -0.000050,   -0.000007,   -0.004414,   -0.001330
   52     0.000000,    0.000000,    0.000000,    0.000000,   -0.000000
   53    -0.000000,    0.000000,    0.000000,    0.000003,   -0.000001
   54     0.000000,   -0.000000,   -0.000000,   -0.000001,    0.000000
   55    -0.000000,    0.000000,    0.000001,    0.000000,   -0.000000
   56     0.000000,   -0.000001,   -0.000000,   -0.000002,    0.000001
   57     0.000001,   -0.000000,   -0.000020,   -0.000001,    0.000001
   58     0.000000,   -0.000022,   -0.000001,   -0.000166,    0.000047
   59    -0.000000,    0.000009,    0.000000,    0.000060,   -0.000033
   60     0.000005,   -0.000000,   -0.000026,   -0.000000,    0.000000
   61    -0.000000,    0.000031,    0.000001,    0.000150,   -0.000082
   62    -0.000026,    0.000001,    0.000293,    0.000007,   -0.000004
   63    -0.000000,    0.000150,    0.000007,    0.001292,   -0.000311
   64     0.000000,   -0.000082,   -0.000004,   -0.000311,    0.000306
   65    -0.000021,    0.000000,    0.000179,    0.000004,   -0.000001
   66     0.000000,   -0.000209,   -0.000008,   -0.001103,    0.000617
   67    -0.000066,    0.000001,    0.000494,    0.000005,   -0.000004
   68    -0.000000,    0.000092,    0.000005,    0.001313,   -0.000208
   69     0.000000,   -0.000088,   -0.000004,   -0.000093,    0.000355
   70    -0.000009,    0.000000,    0.000220,    0.000004,   -0.000001
   71    -0.000000,   -0.000149,   -0.000006,   -0.000918,    0.000582
   72     0.000000,    0.000078,    0.000003,    0.000413,   -0.000256
   73     0.000013,   -0.000000,   -0.000136,   -0.000004,    0.000001
   74     0.000000,    0.000029,    0.000001,   -0.000043,   -0.000141
   75    -0.000000,    0.000050,    0.000002,    0.000392,   -0.000127
   76    -0.000002,    0.000000,   -0.000004,   -0.000000,   -0.000000
   77    -0.000000,    0.000069,    0.000003,    0.000592,   -0.000174
   78    -0.000019,    0.000001,    0.000157,    0.000004,   -0.000002
   79     0.000000,   -0.000000,    0.000001,   -0.000000,    0.000001
   80    -0.000000,   -0.000000,    0.000004,    0.000003,    0.000001
   81    -0.000042,    0.000004,   -0.000048,    0.000111,   -0.000087
   82    -0.000435,    0.000041,   -0.000582,    0.001074,   -0.000917
   83     0.001255,   -0.000096,    0.001130,   -0.003407,    0.002455
   84     0.000215,   -0.000073,    0.000831,   -0.000388,    0.000707
   85    -0.000003,   -0.000003,    0.000012,    0.000001,    0.000008
   86     0.000001,    0.000001,    0.000011,    0.000009,    0.000003
   87    -0.000002,   -0.000001,    0.000014,    0.000004,    0.000003
   88     0.000063,    0.000075,   -0.000288,   -0.000028,   -0.000187
   89    -0.000020,   -0.000031,   -0.000245,   -0.000209,   -0.000068
   90     0.000049,    0.000017,   -0.000328,   -0.000096,   -0.000063
   91    -0.000311,   -0.000378,    0.001395,    0.000036,    0.000935
   92     0.000111,    0.000148,    0.001233,    0.000932,    0.000379
   93    -0.000235,   -0.000094,    0.001594,    0.000419,    0.000345
   94    -0.000644,   -0.000759,    0.002869,    0.000268,    0.001851
   95     0.000188,    0.000299,    0.002363,    0.002156,    0.000596
   96    -0.000505,   -0.000177,    0.003236,    0.000933,    0.000631
   97    -0.000239,   -0.000254,    0.000630,   -0.000165,    0.000471
   98     0.000088,    0.000063,    0.000844,    0.000342,    0.000345
   99    -0.000178,   -0.000074,    0.000828,    0.000138,    0.000223
  100    -0.000000,    0.000000,    0.000000,   -0.000000,    0.000000
  101     0.000000,   -0.000000,   -0.000000,    0.000001,    0.000000
  102     0.000000,   -0.000000,   -0.000000,   -0.000000,    0.000000
  103    -0.000000,   -0.000000,    0.000001,    0.000000,    0.000000
  104    -0.000000,   -0.000000,    0.000001,   -0.000000,    0.000001
  105     0.000001,   -0.000003,   -0.000017,   -0.000016,    0.000000
  106    -0.000000,   -0.000002,   -0.000005,   -0.000050,    0.000003
  107    -0.000001,   -0.000000,   -0.000001,    0.000009,    0.000001
  108     0.000006,    0.000003,   -0.000063,   -0.000021,   -0.000013
  109     0.000002,    0.000009,   -0.000030,   -0.000003,   -0.000031
  110    -0.000008,    0.000036,    0.000127,    0.000386,   -0.000033
  111    -0.000006,    0.000031,    0.000116,    0.000370,   -0.000056
  112    -0.000009,    0.000023,    0.000076,   -0.000066,   -0.000093
  113    -0.000049,   -0.000011,    0.000418,    0.000230,    0.000042
  114    -0.000016,   -0.000053,    0.000160,    0.000048,    0.000163
  115    -0.000017,    0.000044,    0.000130,    0.000718,   -0.000072
  116    -0.000021,    0.000046,    0.000238,    0.000429,   -0.000105
  117    -0.000031,    0.000053,    0.000151,   -0.000106,   -0.000192
  118    -0.000083,   -0.000016,    0.000379,    0.000211,    0.000019
  119    -0.000033,   -0.000067,    0.000065,   -0.000043,    0.000122
  120    -0.000004,    0.000011,    0.000037,    0.000175,   -0.000012
  121    -0.000007,    0.000020,    0.000086,    0.000244,   -0.000035
  122    -0.000003,    0.000009,    0.000038,    0.000059,   -0.000028
  123     0.000011,    0.000010,   -0.000077,   -0.000096,   -0.000043
  124    -0.000019,    0.000013,    0.000127,    0.000006,   -0.000050
  125    -0.000022,   -0.000020,    0.000126,    0.000023,    0.000050
  126    -0.000008,   -0.000028,    0.000036,   -0.000050,    0.000068
  127    -0.000000,   -0.000000,   -0.000001,   -0.000000,    0.000001
  128     0.000000,    0.000000,   -0.000004,    0.000003,    0.000001
  129     0.000042,    0.000004,    0.000049,    0.000112,   -0.000087
  130     0.000434,    0.000036,    0.000592,    0.001081,   -0.000918
  131    -0.001251,   -0.000084,   -0.001157,   -0.003427,    0.002457
  132    -0.000214,   -0.000070,   -0.000839,   -0.000390,    0.000707
  133    -0.000003,    0.000003,    0.000013,   -0.000001,   -0.000008
  134    -0.000001,    0.000001,   -0.000011,    0.000009,    0.000003
  135     0.000002,   -0.000001,   -0.000014,    0.000004,    0.000003
  136     0.000063,   -0.000075,   -0.000290,    0.000028,    0.000186
  137     0.000020,   -0.000030,    0.000248,   -0.000211,   -0.000069
  138    -0.000049,    0.000017,    0.000332,   -0.000097,   -0.000063
  139    -0.000312,    0.000378,    0.001407,   -0.000038,   -0.000932
  140    -0.000110,    0.000145,   -0.001248,    0.000941,    0.000384
  141     0.000234,   -0.000095,   -0.001611,    0.000427,    0.000344
  142    -0.000646,    0.000758,    0.002896,   -0.000272,   -0.001845
  143    -0.000185,    0.000293,   -0.002389,    0.002174,    0.000607
  144     0.000505,   -0.000178,   -0.003266,    0.000950,    0.000629
  145    -0.000240,    0.000254,    0.000638,    0.000162,   -0.000469
  146    -0.000086,    0.000060,   -0.000857,    0.000348,    0.000348
  147     0.000178,   -0.000075,   -0.000842,    0.000143,    0.000222
  148    -0.000000,   -0.000000,    0.000000,    0.000000,   -0.000000
  149    -0.000000,   -0.000000,    0.000000,    0.000001,    0.000000
  150    -0.000000,   -0.000000,    0.000000,   -0.000000,    0.000000
  151    -0.000000,    0.000000,    0.000001,   -0.000000,   -0.000000
  152     0.000000,   -0.000000,   -0.000001,   -0.000000,    0.000001
  153     0.000001,    0.000003,   -0.000017,    0.000016,    0.000000
  154     0.000000,   -0.000002,    0.000005,   -0.000050,    0.000003
  155     0.000001,   -0.000000,    0.000001,    0.000009,    0.000001
  156     0.000006,   -0.000003,   -0.000063,    0.000021,    0.000013
  157    -0.000002,    0.000009,    0.000030,   -0.000003,   -0.000031
  158    -0.000008,   -0.000035,    0.000126,   -0.000387,    0.000031
  159     0.000006,    0.000031,   -0.000116,    0.000372,   -0.000056
  160     0.000009,    0.000023,   -0.000074,   -0.000066,   -0.000093
  161    -0.000049,    0.000011,    0.000417,   -0.000229,   -0.000042
  162     0.000016,   -0.000054,   -0.000162,    0.000043,    0.000164
  163    -0.000016,   -0.000043,    0.000126,   -0.000719,    0.000071
  164     0.000021,    0.000046,   -0.000236,    0.000432,   -0.000105
  165     0.000031,    0.000053,   -0.000146,   -0.000105,   -0.000192
  166    -0.000083,    0.000016,    0.000378,   -0.000210,   -0.000019
  167     0.000032,   -0.000068,   -0.000068,   -0.000051,    0.000123
  168     0.000004,    0.000011,   -0.000037,    0.000174,   -0.000011
  169    -0.000007,   -0.000020,    0.000086,   -0.000245,    0.000034
  170     0.000003,    0.000009,   -0.000038,    0.000059,   -0.000028
  171    -0.000011,    0.000010,    0.000077,   -0.000097,   -0.000043
  172    -0.000019,   -0.000013,    0.000126,   -0.000007,    0.000050
  173     0.000022,   -0.000020,   -0.000126,    0.000020,    0.000050
  174    -0.000008,    0.000028,    0.000037,    0.000053,   -0.000069
  175     0.000000,   -0.000000,   -0.000000,   -0.000001,   -0.000001
  176     0.000000,    0.000000,    0.000000,   -0.000002,   -0.000004
  177     0.000000,    0.000048,    0.000001,    0.000054,    0.000055
  178     0.000000,    0.000485,    0.000011,    0.000600,    0.000654
  179    -0.000000,   -0.001389,   -0.000035,   -0.001362,   -0.001399
  180     0.000000,   -0.000278,   -0.000005,   -0.000867,   -0.000708
  181     0.000001,   -0.000000,   -0.000003,   -0.000000,   -0.000000
  182    -0.000000,    0.000001,    0.000000,   -0.000028,   -0.000009
  183    -0.000000,   -0.000000,    0.000000,    0.000016,    0.000002
  184    -0.000028,    0.000000,    0.000069,    0.000002,    0.000001
  185     0.000000,   -0.000026,   -0.000002,    0.000644,    0.000216
  186     0.000000,    0.000010,   -0.000000,   -0.000382,   -0.000037
  187     0.000137,   -0.000001,   -0.000307,   -0.000012,   -0.000003
  188    -0.000000,    0.000105,    0.000011,   -0.003337,   -0.000989
  189    -0.000002,   -0.000049,    0.000002,    0.001854,    0.000151
  190     0.000286,   -0.000001,   -0.000679,   -0.000022,   -0.000007
  191    -0.000000,    0.000279,    0.000025,   -0.006286,   -0.002113
  192    -0.000004,   -0.000102,    0.000003,    0.003976,    0.000320
  193     0.000104,   -0.000001,   -0.000116,   -0.000009,   -0.000001
  194    -0.000000,    0.000040,    0.000005,   -0.002476,   -0.000276
  195    -0.000001,   -0.000087,    0.000001,    0.000936,   -0.000149
  196    -0.000000,    0.000000,    0.000001,   -0.000000,   -0.000000
  197    -0.000000,    0.000000,    0.000000,    0.000002,    0.000000
  198     0.000000,   -0.000000,    0.000000,   -0.000001,   -0.000000
  199    -0.000000,    0.000000,    0.000001,    0.000000,    0.000000
  200    -0.000000,   -0.000000,   -0.000000,    0.000000,    0.000001
  201     0.000002,   -0.000000,   -0.000005,    0.000000,    0.000000
  202     0.000000,   -0.000000,    0.000000,   -0.000076,   -0.000036
  203    -0.000000,    0.000003,    0.000000,    0.000037,    0.000004
  204     0.000004,   -0.000000,   -0.000024,   -0.000000,   -0.000000
  205     0.000000,    0.000006,    0.000000,   -0.000002,   -0.000035
  206     0.000013,    0.000000,   -0.000114,    0.000000,   -0.000002
  207    -0.000000,   -0.000029,   -0.000003,    0.000349,    0.000284
  208     0.000000,   -0.000049,   -0.000002,   -0.000333,    0.000088
  209    -0.000030,   -0.000000,    0.000163,    0.000001,    0.000001
  210     0.000000,   -0.000060,   -0.000004,   -0.000010,    0.000295
  211     0.000054,    0.000001,   -0.000309,    0.000000,   -0.000002
  212    -0.000000,   -0.000064,   -0.000003,    0.000312,    0.000189
  213     0.000000,   -0.000080,   -0.000004,   -0.000492,    0.000277
  214    -0.000046,   -0.000000,    0.000162,    0.000001,    0.000001
  215     0.000000,   -0.000087,   -0.000006,    0.000042,    0.000339
  216     0.000000,   -0.000024,   -0.000002,   -0.000001,    0.000106
  217    -0.000016,   -0.000000,    0.000096,    0.000000,    0.000001
  218     0.000000,   -0.000013,   -0.000000,   -0.000254,    0.000002
  219    -0.000000,    0.000028,    0.000001,    0.000082,   -0.000091
  220     0.000012,   -0.000000,   -0.000046,   -0.000001,    0.000000
  221    -0.000000,    0.000028,    0.000002,   -0.000082,   -0.000130
  222    -0.000009,   -0.000000,    0.000066,   -0.000000,    0.000001
                65,          66,          67,          68,          69
    0    -0.000008,    0.002886,   -0.000008,   -0.001126,    0.000482
    1    -0.000017,    0.006216,   -0.000027,   -0.003521,    0.001509
    2     0.000032,   -0.011441,    0.000076,    0.010058,   -0.004311
    3     0.000031,   -0.011325,    0.000073,    0.009700,   -0.004157
    4    -0.000004,    0.001276,   -0.000032,   -0.004292,    0.001840
    5    -0.004188,   -0.000071,   -0.011303,    0.000060,   -0.000005
    6     0.000055,   -0.011027,    0.000112,    0.014516,   -0.001718
    7    -0.000002,   -0.008421,    0.000060,   -0.002566,   -0.009434
    8    -0.003018,   -0.000053,   -0.008124,    0.000042,   -0.000003
    9     0.000040,   -0.008161,    0.000078,    0.010144,   -0.001115
   10    -0.000001,   -0.006179,    0.000042,   -0.002006,   -0.006702
   11     0.000304,   -0.000003,    0.000960,   -0.000008,    0.000002
   12    -0.000001,   -0.000196,   -0.000019,   -0.002344,    0.000603
   13     0.000000,    0.000106,   -0.000008,   -0.000446,    0.001129
   14    -0.000056,   -0.000003,   -0.000126,    0.000002,   -0.000001
   15     0.000001,   -0.000311,    0.000001,    0.000255,   -0.000101
   16    -0.000001,    0.000070,    0.000001,   -0.000335,    0.000014
   17     0.000099,   -0.000000,    0.000120,    0.000000,   -0.000000
   18    -0.000001,    0.000441,   -0.000004,   -0.000189,    0.000136
   19    -0.000272,   -0.000001,   -0.000653,    0.000002,    0.000005
   20    -0.000001,   -0.000122,    0.000003,   -0.001021,   -0.000511
   21    -0.000001,   -0.000155,    0.000004,   -0.000273,    0.000076
   22    -0.000230,   -0.000002,   -0.001011,   -0.000004,   -0.000002
   23    -0.000002,   -0.000268,   -0.000000,    0.000022,   -0.000805
   24    -0.000000,    0.000012,   -0.000001,    0.000067,    0.000016
   25     0.000009,   -0.000001,    0.000043,   -0.000000,   -0.000000
   26    -0.000000,    0.000013,   -0.000000,   -0.000021,   -0.000066
   27     0.000000,   -0.000036,    0.000000,   -0.000020,   -0.000044
   28     0.000013,    0.000000,    0.000054,   -0.000000,   -0.000000
   29    -0.000000,    0.000080,    0.000000,   -0.000013,    0.000014
   30     0.000019,    0.000000,    0.000069,    0.000001,    0.000000
   31     0.000000,   -0.000003,   -0.000000,   -0.000006,    0.000003
   32     0.000000,   -0.000016,    0.000000,    0.000005,   -0.000002
   33    -0.000001,    0.000282,    0.000008,    0.001015,   -0.000435
   34    -0.000009,    0.003312,    0.000079,    0.010430,   -0.004470
   35     0.000020,   -0.007342,   -0.000228,   -0.030256,    0.012967
   36     0.000012,   -0.004414,   -0.000033,   -0.004375,    0.001875
   37    -0.000017,    0.000000,   -0.000052,   -0.000000,    0.000000
   38    -0.000000,    0.000090,   -0.000001,   -0.000075,    0.000053
   39    -0.000000,    0.000021,   -0.000000,   -0.000068,   -0.000020
   40     0.000405,   -0.000001,    0.001217,    0.000005,   -0.000004
   41     0.000003,   -0.002096,    0.000012,    0.001737,   -0.001239
   42     0.000004,   -0.000495,    0.000005,    0.001592,    0.000475
   43    -0.002049,    0.000003,   -0.006177,   -0.000023,    0.000020
   44    -0.000015,    0.010347,   -0.000060,   -0.008447,    0.006133
   45    -0.000022,    0.002384,   -0.000023,   -0.007890,   -0.002498
   46    -0.003937,    0.000009,   -0.011793,   -0.000048,    0.000041
   47    -0.000031,    0.020389,   -0.000127,   -0.017859,    0.012444
   48    -0.000042,    0.004826,   -0.000048,   -0.015874,   -0.004405
   49    -0.001516,   -0.000003,   -0.004662,   -0.000018,    0.000016
   50    -0.000007,    0.005979,   -0.000046,   -0.006612,    0.004739
   51    -0.000014,    0.001045,   -0.000018,   -0.005972,   -0.001898
   52    -0.000000,   -0.000000,   -0.000001,    0.000000,   -0.000000
   53     0.000000,   -0.000003,    0.000000,    0.000002,    0.000000
   54    -0.000000,    0.000001,   -0.000000,   -0.000001,   -0.000001
   55     0.000001,   -0.000000,    0.000002,    0.000000,    0.000000
   56    -0.000000,    0.000004,   -0.000000,   -0.000001,    0.000002
   57    -0.000008,    0.000001,   -0.000015,   -0.000001,    0.000001
   58    -0.000000,    0.000154,   -0.000000,   -0.000131,    0.000008
   59     0.000000,   -0.000071,    0.000000,    0.000048,   -0.000003
   60    -0.000021,    0.000000,   -0.000066,   -0.000000,    0.000000
   61     0.000000,   -0.000209,    0.000001,    0.000092,   -0.000088
   62     0.000179,   -0.000008,    0.000494,    0.000005,   -0.000004
   63     0.000004,   -0.001103,    0.000005,    0.001313,   -0.000093
   64    -0.000001,    0.000617,   -0.000004,   -0.000208,    0.000355
   65     0.000136,   -0.000002,    0.000376,    0.000004,   -0.000000
   66    -0.000002,    0.001546,   -0.000006,   -0.000876,    0.000679
   67     0.000376,   -0.000006,    0.001125,    0.000008,   -0.000007
   68     0.000004,   -0.000876,    0.000008,    0.002294,   -0.000190
   69    -0.000000,    0.000679,   -0.000007,   -0.000190,    0.000900
   70     0.000177,   -0.000001,    0.000424,    0.000006,   -0.000001
   71    -0.000001,    0.001429,   -0.000009,   -0.001490,    0.001017
   72     0.000000,   -0.000626,    0.000002,    0.000429,   -0.000337
   73    -0.000098,    0.000003,   -0.000259,   -0.000004,    0.000001
   74    -0.000000,   -0.000210,    0.000002,   -0.000086,   -0.000284
   75     0.000001,   -0.000380,    0.000003,    0.000485,   -0.000131
   76    -0.000008,   -0.000001,   -0.000007,   -0.000000,   -0.000001
   77     0.000001,   -0.000557,    0.000003,    0.000729,   -0.000154
   78     0.000101,   -0.000005,    0.000297,    0.000004,   -0.000003
   79    -0.000000,    0.000000,   -0.000002,   -0.000001,   -0.000001
   80     0.000002,   -0.000001,    0.000005,    0.000002,    0.000002
   81     0.000095,   -0.000075,    0.000418,    0.000212,    0.000170
   82     0.000940,   -0.000750,    0.004229,    0.002195,    0.001706
   83    -0.002910,    0.002147,   -0.012575,   -0.006649,   -0.004987
   84    -0.000227,    0.000610,   -0.001807,   -0.000787,   -0.000839
   85     0.000012,    0.000013,    0.000023,    0.000000,    0.000027
   86     0.000012,    0.000003,    0.000027,    0.000016,    0.000015
   87     0.000012,    0.000010,    0.000038,    0.000010,   -0.000003
   88    -0.000284,   -0.000304,   -0.000539,   -0.000001,   -0.000625
   89    -0.000269,   -0.000063,   -0.000639,   -0.000369,   -0.000346
   90    -0.000268,   -0.000240,   -0.000876,   -0.000223,    0.000065
   91     0.001392,    0.001546,    0.002548,   -0.000165,    0.003098
   92     0.001370,    0.000436,    0.003254,    0.001714,    0.001797
   93     0.001302,    0.001308,    0.004290,    0.001041,   -0.000330
   94     0.002868,    0.003129,    0.005666,    0.000186,    0.006297
   95     0.002604,    0.000492,    0.006217,    0.003916,    0.003262
   96     0.002711,    0.002338,    0.008840,    0.002292,   -0.000557
   97     0.000920,    0.001032,    0.001610,   -0.000325,    0.002243
   98     0.001016,    0.000645,    0.002430,    0.001173,    0.001383
   99     0.000860,    0.001087,    0.003011,    0.000690,   -0.000317
  100     0.000000,    0.000000,    0.000001,   -0.000001,   -0.000000
  101    -0.000000,   -0.000000,   -0.000000,    0.000002,    0.000001
  102    -0.000000,    0.000001,   -0.000001,   -0.000001,    0.000001
  103     0.000001,    0.000000,    0.000002,    0.000001,   -0.000000
  104     0.000000,    0.000002,    0.000000,   -0.000000,    0.000002
  105    -0.000012,    0.000011,   -0.000031,    0.000003,   -0.000001
  106    -0.000003,    0.000020,   -0.000006,   -0.000081,   -0.000020
  107     0.000001,   -0.000005,    0.000005,    0.000026,   -0.000004
  108    -0.000041,   -0.000007,   -0.000107,   -0.000039,   -0.000008
  109    -0.000014,   -0.000051,   -0.000029,   -0.000005,   -0.000061
  110     0.000094,   -0.000236,    0.000227,    0.000402,    0.000075
  111     0.000079,   -0.000240,    0.000189,    0.000465,    0.000044
  112     0.000044,   -0.000112,    0.000153,   -0.000134,   -0.000217
  113     0.000291,   -0.000028,    0.000760,    0.000313,    0.000070
  114     0.000107,    0.000261,    0.000244,    0.000066,    0.000370
  115     0.000116,   -0.000385,    0.000295,    0.001101,    0.000172
  116     0.000181,   -0.000368,    0.000450,    0.000512,   -0.000075
  117     0.000119,   -0.000309,    0.000431,   -0.000118,   -0.000624
  118     0.000373,    0.000041,    0.001045,    0.000347,    0.000179
  119     0.000131,    0.000311,    0.000377,   -0.000029,    0.000495
  120     0.000036,   -0.000084,    0.000088,    0.000244,    0.000060
  121     0.000070,   -0.000157,    0.000176,    0.000302,    0.000028
  122     0.000028,   -0.000067,    0.000066,    0.000065,   -0.000032
  123    -0.000062,   -0.000043,   -0.000139,   -0.000138,   -0.000131
  124     0.000099,   -0.000081,    0.000287,    0.000001,   -0.000138
  125     0.000111,    0.000096,    0.000277,    0.000039,    0.000118
  126     0.000034,    0.000151,    0.000084,   -0.000062,    0.000162
  127     0.000000,    0.000000,    0.000002,   -0.000001,   -0.000001
  128    -0.000002,   -0.000001,   -0.000005,    0.000002,    0.000002
  129    -0.000094,   -0.000074,   -0.000417,    0.000212,    0.000170
  130    -0.000933,   -0.000742,   -0.004215,    0.002192,    0.001706
  131     0.002887,    0.002131,    0.012535,   -0.006642,   -0.004988
  132     0.000224,    0.000599,    0.001798,   -0.000783,   -0.000839
  133     0.000012,   -0.000013,    0.000023,   -0.000000,   -0.000027
  134    -0.000012,    0.000003,   -0.000028,    0.000016,    0.000015
  135    -0.000012,    0.000010,   -0.000038,    0.000010,   -0.000003
  136    -0.000282,    0.000300,   -0.000537,   -0.000000,    0.000623
  137     0.000269,   -0.000062,    0.000650,   -0.000376,   -0.000350
  138     0.000267,   -0.000235,    0.000884,   -0.000225,    0.000066
  139     0.001384,   -0.001526,    0.002539,    0.000171,   -0.003085
  140    -0.001373,    0.000430,   -0.003309,    0.001747,    0.001814
  141    -0.001299,    0.001286,   -0.004332,    0.001049,   -0.000332
  142     0.002850,   -0.003089,    0.005651,   -0.000171,   -0.006275
  143    -0.002608,    0.000482,   -0.006317,    0.003981,    0.003298
  144    -0.002704,    0.002295,   -0.008913,    0.002307,   -0.000560
  145     0.000914,   -0.001020,    0.001601,    0.000330,   -0.002234
  146    -0.001019,    0.000641,   -0.002471,    0.001197,    0.001396
  147    -0.000859,    0.001076,   -0.003043,    0.000695,   -0.000318
  148     0.000000,   -0.000000,    0.000001,    0.000001,    0.000000
  149     0.000000,   -0.000000,    0.000000,    0.000002,    0.000001
  150     0.000000,    0.000001,    0.000001,   -0.000001,    0.000001
  151     0.000001,   -0.000000,    0.000002,   -0.000001,    0.000000
  152    -0.000000,    0.000002,   -0.000000,   -0.000000,    0.000002
  153    -0.000013,   -0.000011,   -0.000031,   -0.000002,    0.000002
  154     0.000003,    0.000020,    0.000006,   -0.000082,   -0.000020
  155    -0.000001,   -0.000005,   -0.000005,    0.000026,   -0.000004
  156    -0.000041,    0.000007,   -0.000107,    0.000039,    0.000008
  157     0.000014,   -0.000051,    0.000030,   -0.000006,   -0.000061
  158     0.000093,    0.000235,    0.000228,   -0.000404,   -0.000080
  159    -0.000079,   -0.000241,   -0.000191,    0.000468,    0.000044
  160    -0.000045,   -0.000113,   -0.000152,   -0.000134,   -0.000218
  161     0.000289,    0.000032,    0.000759,   -0.000312,   -0.000069
  162    -0.000106,    0.000262,   -0.000245,    0.000062,    0.000369
  163     0.000114,    0.000383,    0.000293,   -0.001101,   -0.000178
  164    -0.000181,   -0.000371,   -0.000451,    0.000516,   -0.000074
  165    -0.000120,   -0.000311,   -0.000425,   -0.000118,   -0.000624
  166     0.000370,   -0.000039,    0.001044,   -0.000345,   -0.000179
  167    -0.000130,    0.000315,   -0.000377,   -0.000043,    0.000492
  168    -0.000036,   -0.000081,   -0.000089,    0.000243,    0.000063
  169     0.000070,    0.000157,    0.000178,   -0.000303,   -0.000030
  170    -0.000028,   -0.000068,   -0.000067,    0.000065,   -0.000033
  171     0.000062,   -0.000042,    0.000140,   -0.000139,   -0.000131
  172     0.000098,    0.000082,    0.000285,   -0.000001,    0.000138
  173    -0.000110,    0.000096,   -0.000277,    0.000035,    0.000118
  174     0.000034,   -0.000152,    0.000084,    0.000067,   -0.000161
  175    -0.000000,    0.000001,   -0.000000,    0.000000,    0.000003
  176    -0.000000,   -0.000004,    0.000000,   -0.000005,   -0.000003
  177     0.000000,   -0.000176,    0.000001,   -0.000123,   -0.000470
  178     0.000002,   -0.001730,    0.000011,   -0.001126,   -0.004811
  179    -0.000003,    0.005308,   -0.000033,    0.003600,    0.014130
  180    -0.000003,    0.000715,   -0.000002,    0.000148,    0.002287
  181     0.000002,   -0.000000,   -0.000018,   -0.000000,   -0.000000
  182    -0.000000,   -0.000014,    0.000000,   -0.000070,   -0.000023
  183     0.000000,   -0.000002,    0.000000,    0.000002,    0.000019
  184    -0.000040,    0.000002,    0.000425,    0.000007,    0.000002
  185     0.000002,    0.000328,   -0.000006,    0.001638,    0.000536
  186    -0.000001,    0.000060,   -0.000002,   -0.000044,   -0.000441
  187     0.000250,   -0.000007,   -0.002088,   -0.000036,   -0.000008
  188    -0.000012,   -0.001462,    0.000027,   -0.008466,   -0.002469
  189     0.000006,   -0.000349,    0.000012,    0.000012,    0.002104
  190     0.000320,   -0.000015,   -0.004211,   -0.000066,   -0.000018
  191    -0.000022,   -0.003323,    0.000057,   -0.015755,   -0.005684
  192     0.000013,   -0.000637,    0.000023,    0.000925,    0.004574
  193     0.000240,   -0.000003,   -0.001546,   -0.000027,   -0.000005
  194    -0.000009,   -0.000630,    0.000018,   -0.006219,   -0.001657
  195     0.000003,   -0.000233,    0.000010,   -0.000393,    0.001442
  196     0.000001,   -0.000000,    0.000002,    0.000000,   -0.000000
  197     0.000000,   -0.000001,   -0.000000,    0.000003,    0.000001
  198    -0.000000,   -0.000000,    0.000000,    0.000000,   -0.000001
  199     0.000001,    0.000000,    0.000002,    0.000000,    0.000000
  200     0.000000,    0.000001,   -0.000000,   -0.000001,    0.000002
  201    -0.000009,    0.000000,   -0.000028,    0.000000,    0.000000
  202    -0.000000,   -0.000016,    0.000000,   -0.000112,   -0.000053
  203     0.000000,   -0.000014,   -0.000000,    0.000012,    0.000027
  204    -0.000020,   -0.000000,   -0.000063,   -0.000000,   -0.000000
  205    -0.000000,   -0.000060,    0.000000,    0.000001,   -0.000071
  206    -0.000060,   -0.000004,   -0.000207,   -0.000001,   -0.000003
  207     0.000001,    0.000329,   -0.000004,    0.000590,    0.000539
  208    -0.000001,    0.000301,   -0.000002,   -0.000248,    0.000003
  209     0.000116,    0.000002,    0.000388,    0.000002,    0.000002
  210    -0.000000,    0.000516,   -0.000006,    0.000110,    0.000492
  211    -0.000242,   -0.000006,   -0.000800,   -0.000001,   -0.000005
  212     0.000001,    0.000436,   -0.000005,    0.000585,    0.000937
  213    -0.000002,    0.000621,   -0.000006,   -0.000693,    0.000284
  214     0.000119,    0.000002,    0.000451,    0.000003,    0.000003
  215    -0.000001,    0.000652,   -0.000011,    0.000267,    0.000692
  216    -0.000000,    0.000194,   -0.000003,    0.000066,    0.000182
  217     0.000071,    0.000002,    0.000237,    0.000001,    0.000002
  218    -0.000001,    0.000080,   -0.000000,   -0.000332,   -0.000127
  219     0.000000,   -0.000208,    0.000002,    0.000033,   -0.000161
  220    -0.000033,   -0.000000,   -0.000113,   -0.000001,   -0.000000
  221     0.000000,   -0.000232,    0.000003,   -0.000197,   -0.000286
  222     0.000044,    0.000002,    0.000143,    0.000001,    0.000002
                70,          71,          72,          73,          74
    0    -0.000004,    0.001317,   -0.000866,    0.000006,   -0.000179
    1    -0.000011,    0.004119,   -0.002025,    0.000014,   -0.000426
    2     0.000032,   -0.011766,    0.004241,   -0.000029,    0.000919
    3     0.000031,   -0.011347,    0.004162,   -0.000029,    0.000900
    4    -0.000014,    0.005021,   -0.000862,    0.000007,   -0.000226
    5    -0.004119,   -0.000111,    0.000046,    0.002928,   -0.000001
    6     0.000060,   -0.011714,    0.004655,   -0.000050,   -0.000248
    7    -0.000008,   -0.009317,    0.003968,   -0.000005,    0.003640
    8    -0.003019,   -0.000078,    0.000034,    0.002136,   -0.000001
    9     0.000042,   -0.008050,    0.003340,   -0.000036,   -0.000203
   10    -0.000006,   -0.006582,    0.002868,   -0.000003,    0.002660
   11     0.000063,    0.000014,   -0.000002,   -0.000099,   -0.000000
   12    -0.000008,    0.002450,   -0.000361,    0.000003,   -0.000070
   13    -0.000002,    0.001203,   -0.000228,    0.000001,   -0.000116
   14    -0.000201,   -0.000003,    0.000002,    0.000054,    0.000000
   15     0.000000,   -0.000275,    0.000130,   -0.000001,    0.000022
   16    -0.000001,   -0.000065,   -0.000002,    0.000001,    0.000030
   17     0.000185,   -0.000000,   -0.000000,   -0.000085,    0.000000
   18    -0.000002,    0.000409,   -0.000210,    0.000001,   -0.000071
   19    -0.000686,   -0.000000,    0.000001,    0.000233,   -0.000001
   20    -0.000003,    0.000109,    0.000048,    0.000001,    0.000245
   21    -0.000001,   -0.000602,    0.000148,    0.000000,    0.000032
   22     0.000022,   -0.000006,    0.000003,    0.000113,    0.000001
   23    -0.000004,   -0.000616,    0.000118,    0.000002,    0.000196
   24     0.000000,    0.000007,   -0.000006,    0.000000,   -0.000001
   25     0.000052,    0.000000,    0.000000,   -0.000002,    0.000000
   26    -0.000000,    0.000017,   -0.000004,    0.000000,    0.000034
   27    -0.000000,   -0.000053,    0.000013,   -0.000000,    0.000006
   28     0.000018,    0.000000,   -0.000000,   -0.000012,    0.000000
   29     0.000000,   -0.000012,   -0.000020,    0.000000,   -0.000015
   30    -0.000023,    0.000001,   -0.000000,   -0.000010,   -0.000000
   31    -0.000000,    0.000007,   -0.000000,    0.000000,   -0.000000
   32     0.000000,   -0.000006,    0.000005,   -0.000000,    0.000001
   33     0.000003,   -0.001187,    0.000078,   -0.000001,    0.000019
   34     0.000034,   -0.012201,    0.000688,   -0.000005,    0.000169
   35    -0.000097,    0.035393,   -0.002597,    0.000019,   -0.000606
   36    -0.000014,    0.005118,    0.000569,   -0.000004,    0.000115
   37    -0.000013,    0.000000,    0.000000,    0.000014,   -0.000000
   38    -0.000000,    0.000108,   -0.000042,    0.000000,   -0.000018
   39    -0.000000,    0.000031,   -0.000010,    0.000000,    0.000018
   40     0.000299,   -0.000000,   -0.000002,   -0.000331,    0.000001
   41     0.000005,   -0.002521,    0.000968,   -0.000005,    0.000417
   42     0.000005,   -0.000719,    0.000223,   -0.000004,   -0.000425
   43    -0.001468,   -0.000000,    0.000011,    0.001684,   -0.000006
   44    -0.000023,    0.012335,   -0.004783,    0.000022,   -0.002105
   45    -0.000025,    0.003489,   -0.001080,    0.000020,    0.002198
   46    -0.002911,    0.000006,    0.000019,    0.003209,   -0.000011
   47    -0.000049,    0.025634,   -0.009561,    0.000046,   -0.004066
   48    -0.000050,    0.007474,   -0.002231,    0.000040,    0.004068
   49    -0.000981,    0.000000,    0.000010,    0.001237,   -0.000004
   50    -0.000018,    0.009517,   -0.003164,    0.000014,   -0.001517
   51    -0.000019,    0.002815,   -0.000656,    0.000014,    0.001694
   52    -0.000000,   -0.000000,    0.000000,    0.000000,    0.000000
   53     0.000000,   -0.000002,    0.000001,   -0.000000,   -0.000000
   54    -0.000000,    0.000001,   -0.000000,    0.000000,    0.000000
   55     0.000000,    0.000000,   -0.000000,   -0.000000,   -0.000000
   56    -0.000000,    0.000002,   -0.000001,    0.000000,   -0.000001
   57    -0.000010,    0.000001,   -0.000000,    0.000008,   -0.000000
   58    -0.000000,    0.000107,   -0.000055,    0.000000,    0.000004
   59     0.000000,   -0.000053,    0.000027,   -0.000000,    0.000005
   60    -0.000009,   -0.000000,    0.000000,    0.000013,    0.000000
   61     0.000000,   -0.000149,    0.000078,   -0.000000,    0.000029
   62     0.000220,   -0.000006,    0.000003,   -0.000136,    0.000001
   63     0.000004,   -0.000918,    0.000413,   -0.000004,   -0.000043
   64    -0.000001,    0.000582,   -0.000256,    0.000001,   -0.000141
   65     0.000177,   -0.000001,    0.000000,   -0.000098,   -0.000000
   66    -0.000001,    0.001429,   -0.000626,    0.000003,   -0.000210
   67     0.000424,   -0.000009,    0.000002,   -0.000259,    0.000002
   68     0.000006,   -0.001490,    0.000429,   -0.000004,   -0.000086
   69    -0.000001,    0.001017,   -0.000337,    0.000001,   -0.000284
   70     0.000423,   -0.000002,    0.000001,   -0.000144,   -0.000000
   71    -0.000002,    0.002472,   -0.000752,    0.000003,   -0.000242
   72     0.000001,   -0.000752,    0.000284,   -0.000001,    0.000099
   73    -0.000144,    0.000003,   -0.000001,    0.000074,   -0.000000
   74    -0.000000,   -0.000242,    0.000099,   -0.000000,    0.000116
   75     0.000002,   -0.000409,    0.000158,   -0.000001,    0.000018
   76    -0.000040,   -0.000001,    0.000000,    0.000007,    0.000000
   77     0.000001,   -0.000653,    0.000244,   -0.000002,    0.000010
   78     0.000084,   -0.000005,    0.000002,   -0.000071,    0.000001
   79     0.000000,    0.000001,   -0.000000,    0.000000,    0.000000
   80     0.000002,    0.000002,   -0.000000,   -0.000002,   -0.000001
   81    -0.000020,   -0.000098,    0.000025,   -0.000024,   -0.000021
   82    -0.000269,   -0.001094,    0.000274,   -0.000214,   -0.000193
   83     0.000442,    0.003112,   -0.000750,    0.000813,    0.000676
   84     0.000579,    0.000658,   -0.000279,   -0.000131,   -0.000035
   85     0.000008,    0.000007,   -0.000005,   -0.000008,   -0.000008
   86     0.000045,    0.000022,   -0.000006,   -0.000009,   -0.000004
   87     0.000012,    0.000026,   -0.000010,   -0.000008,   -0.000003
   88    -0.000179,   -0.000170,    0.000114,    0.000183,    0.000190
   89    -0.001044,   -0.000525,    0.000149,    0.000219,    0.000094
   90    -0.000278,   -0.000609,    0.000237,    0.000196,    0.000059
   91     0.000855,    0.000859,   -0.000563,   -0.000894,   -0.000927
   92     0.005401,    0.002882,   -0.000824,   -0.001116,   -0.000471
   93     0.001375,    0.003242,   -0.001250,   -0.000961,   -0.000305
   94     0.001791,    0.001787,   -0.001192,   -0.001828,   -0.001910
   95     0.010014,    0.004706,   -0.001346,   -0.002111,   -0.000896
   96     0.002752,    0.005737,   -0.002269,   -0.001958,   -0.000596
   97     0.000410,    0.000479,   -0.000346,   -0.000539,   -0.000577
   98     0.004108,    0.002270,   -0.000723,   -0.000821,   -0.000342
   99     0.000840,    0.002457,   -0.000978,   -0.000603,   -0.000192
  100     0.000001,    0.000001,   -0.000000,   -0.000000,    0.000000
  101     0.000000,   -0.000001,    0.000000,    0.000000,   -0.000000
  102     0.000000,    0.000001,   -0.000000,    0.000000,   -0.000000
  103     0.000001,   -0.000000,   -0.000000,   -0.000001,   -0.000000
  104     0.000000,    0.000002,   -0.000001,   -0.000000,   -0.000001
  105    -0.000026,   -0.000016,    0.000000,    0.000010,    0.000001
  106    -0.000010,    0.000028,   -0.000008,    0.000003,    0.000010
  107    -0.000002,   -0.000031,    0.000006,    0.000000,   -0.000001
  108    -0.000044,    0.000007,    0.000005,    0.000030,    0.000010
  109    -0.000015,   -0.000066,    0.000026,    0.000012,    0.000023
  110     0.000181,   -0.000144,    0.000068,   -0.000074,   -0.000055
  111     0.000159,   -0.000250,    0.000089,   -0.000065,   -0.000044
  112     0.000027,   -0.000024,    0.000033,   -0.000030,    0.000085
  113     0.000291,    0.000002,   -0.000030,   -0.000210,   -0.000067
  114     0.000110,    0.000286,   -0.000136,   -0.000080,   -0.000139
  115     0.000178,   -0.000594,    0.000164,   -0.000084,   -0.000126
  116     0.000310,   -0.000482,    0.000155,   -0.000145,   -0.000022
  117     0.000031,   -0.000369,    0.000136,   -0.000066,    0.000200
  118     0.000279,    0.000168,   -0.000086,   -0.000234,   -0.000079
  119     0.000103,    0.000265,   -0.000150,   -0.000076,   -0.000141
  120     0.000061,   -0.000079,    0.000025,   -0.000025,   -0.000032
  121     0.000129,   -0.000166,    0.000057,   -0.000053,   -0.000030
  122     0.000053,   -0.000076,    0.000027,   -0.000024,    0.000007
  123    -0.000068,   -0.000069,    0.000031,    0.000045,    0.000055
  124     0.000083,   -0.000051,    0.000022,   -0.000067,    0.000042
  125     0.000099,    0.000123,   -0.000062,   -0.000075,   -0.000049
  126     0.000021,    0.000155,   -0.000072,   -0.000022,   -0.000051
  127    -0.000000,    0.000001,   -0.000000,   -0.000000,    0.000000
  128    -0.000002,    0.000002,   -0.000000,    0.000002,   -0.000001
  129     0.000022,   -0.000103,    0.000027,    0.000023,   -0.000021
  130     0.000282,   -0.001150,    0.000284,    0.000206,   -0.000192
  131    -0.000482,    0.003277,   -0.000784,   -0.000790,    0.000674
  132    -0.000583,    0.000682,   -0.000281,    0.000135,   -0.000035
  133     0.000007,   -0.000007,    0.000005,   -0.000008,    0.000008
  134    -0.000045,    0.000022,   -0.000006,    0.000009,   -0.000004
  135    -0.000012,    0.000026,   -0.000010,    0.000008,   -0.000003
  136    -0.000172,    0.000159,   -0.000108,    0.000181,   -0.000189
  137     0.001042,   -0.000518,    0.000150,   -0.000221,    0.000096
  138     0.000276,   -0.000597,    0.000233,   -0.000197,    0.000059
  139     0.000822,   -0.000808,    0.000538,   -0.000888,    0.000925
  140    -0.005396,    0.002846,   -0.000827,    0.001130,   -0.000482
  141    -0.001366,    0.003185,   -0.001234,    0.000964,   -0.000303
  142     0.001728,   -0.001685,    0.001142,   -0.001817,    0.001907
  143    -0.010000,    0.004638,   -0.001350,    0.002134,   -0.000916
  144    -0.002735,    0.005620,   -0.002235,    0.001963,   -0.000591
  145     0.000387,   -0.000444,    0.000329,   -0.000536,    0.000575
  146    -0.004103,    0.002242,   -0.000725,    0.000832,   -0.000349
  147    -0.000835,    0.002418,   -0.000969,    0.000606,   -0.000190
  148     0.000001,   -0.000001,    0.000000,   -0.000000,   -0.000000
  149    -0.000000,   -0.000001,    0.000000,   -0.000000,   -0.000000
  150    -0.000000,    0.000001,   -0.000000,   -0.000000,   -0.000000
  151     0.000001,    0.000000,    0.000000,   -0.000001,    0.000000
  152    -0.000000,    0.000002,   -0.000001,    0.000000,   -0.000001
  153    -0.000026,    0.000017,   -0.000001,    0.000010,   -0.000001
  154     0.000010,    0.000028,   -0.000008,   -0.000002,    0.000010
  155     0.000003,   -0.000031,    0.000006,   -0.000000,   -0.000001
  156    -0.000043,   -0.000008,   -0.000004,    0.000030,   -0.000010
  157     0.000015,   -0.000065,    0.000026,   -0.000012,    0.000023
  158     0.000180,    0.000144,   -0.000068,   -0.000073,    0.000057
  159    -0.000158,   -0.000252,    0.000090,    0.000065,   -0.000045
  160    -0.000027,   -0.000026,    0.000034,    0.000031,    0.000085
  161     0.000288,    0.000007,    0.000026,   -0.000208,    0.000067
  162    -0.000107,    0.000284,   -0.000135,    0.000079,   -0.000138
  163     0.000172,    0.000595,   -0.000164,   -0.000081,    0.000128
  164    -0.000308,   -0.000486,    0.000157,    0.000144,   -0.000023
  165    -0.000032,   -0.000374,    0.000138,    0.000066,    0.000201
  166     0.000275,   -0.000157,    0.000081,   -0.000232,    0.000079
  167    -0.000101,    0.000268,   -0.000150,    0.000075,   -0.000139
  168    -0.000060,   -0.000077,    0.000024,    0.000025,   -0.000033
  169     0.000128,    0.000167,   -0.000057,   -0.000053,    0.000031
  170    -0.000053,   -0.000077,    0.000028,    0.000024,    0.000007
  171     0.000067,   -0.000067,    0.000030,   -0.000045,    0.000055
  172     0.000082,    0.000054,   -0.000023,   -0.000067,   -0.000042
  173    -0.000097,    0.000122,   -0.000061,    0.000075,   -0.000048
  174     0.000021,   -0.000155,    0.000072,   -0.000022,    0.000050
  175     0.000000,    0.000001,   -0.000000,    0.000000,   -0.000000
  176    -0.000000,   -0.000002,    0.000002,    0.000000,    0.000002
  177    -0.000000,   -0.000152,    0.000043,   -0.000000,    0.000077
  178    -0.000003,   -0.001572,    0.000411,   -0.000002,    0.000746
  179     0.000009,    0.004950,   -0.001363,    0.000004,   -0.002408
  180    -0.000000,    0.000323,   -0.000065,    0.000002,   -0.000157
  181     0.000019,   -0.000000,    0.000000,   -0.000005,    0.000000
  182    -0.000000,   -0.000026,    0.000006,    0.000000,    0.000008
  183     0.000000,   -0.000015,    0.000001,   -0.000000,   -0.000011
  184    -0.000445,    0.000005,   -0.000002,    0.000127,   -0.000001
  185     0.000007,    0.000606,   -0.000144,   -0.000003,   -0.000187
  186    -0.000000,    0.000362,   -0.000023,    0.000001,    0.000247
  187     0.002331,   -0.000023,    0.000008,   -0.000689,    0.000003
  188    -0.000035,   -0.002851,    0.000639,    0.000015,    0.000859
  189    -0.000000,   -0.001921,    0.000130,   -0.000003,   -0.001218
  190     0.004202,   -0.000048,    0.000018,   -0.001181,    0.000007
  191    -0.000065,   -0.006242,    0.001490,    0.000027,    0.001935
  192     0.000002,   -0.003567,    0.000276,   -0.000007,   -0.002474
  193     0.001860,   -0.000016,    0.000005,   -0.000580,    0.000002
  194    -0.000026,   -0.001895,    0.000281,    0.000012,    0.000425
  195    -0.000002,   -0.001621,    0.000131,   -0.000001,   -0.000766
  196     0.000001,   -0.000000,    0.000000,   -0.000000,    0.000000
  197     0.000000,   -0.000001,    0.000000,   -0.000000,   -0.000001
  198     0.000000,   -0.000001,    0.000000,    0.000000,    0.000000
  199     0.000001,    0.000000,   -0.000000,   -0.000000,   -0.000000
  200     0.000000,    0.000003,   -0.000001,   -0.000000,   -0.000000
  201    -0.000011,    0.000000,   -0.000000,    0.000006,   -0.000000
  202    -0.000000,   -0.000009,    0.000008,    0.000000,    0.000034
  203     0.000000,    0.000003,    0.000003,   -0.000000,   -0.000012
  204    -0.000017,   -0.000000,    0.000000,    0.000012,    0.000000
  205    -0.000000,   -0.000097,    0.000031,   -0.000000,    0.000024
  206    -0.000016,   -0.000006,    0.000002,    0.000037,    0.000001
  207     0.000002,    0.000321,   -0.000138,   -0.000001,   -0.000254
  208    -0.000001,    0.000304,   -0.000124,    0.000001,    0.000022
  209     0.000017,    0.000004,   -0.000002,   -0.000067,   -0.000001
  210     0.000000,    0.000648,   -0.000240,    0.000001,   -0.000194
  211    -0.000155,   -0.000011,    0.000004,    0.000148,    0.000002
  212     0.000002,    0.000534,   -0.000174,   -0.000001,   -0.000294
  213    -0.000002,    0.000955,   -0.000311,    0.000002,   -0.000062
  214    -0.000142,    0.000005,   -0.000002,   -0.000058,   -0.000001
  215    -0.000000,    0.000800,   -0.000302,    0.000001,   -0.000274
  216    -0.000000,    0.000233,   -0.000091,    0.000000,   -0.000074
  217     0.000036,    0.000003,   -0.000001,   -0.000042,   -0.000001
  218    -0.000001,    0.000132,   -0.000043,    0.000001,    0.000065
  219     0.000000,   -0.000263,    0.000091,   -0.000000,    0.000043
  220     0.000027,   -0.000000,    0.000000,    0.000017,    0.000000
  221    -0.000000,   -0.000276,    0.000104,   -0.000000,    0.000114
  222     0.000033,    0.000003,   -0.000001,   -0.000027,   -0.000001
                75,          76,          77,          78,          79
    0    -0.000618,   -0.000001,   -0.000903,   -0.000008,    0.000000
    1    -0.001438,   -0.000001,   -0.002131,   -0.000020,    0.000000
    2     0.002985,    0.000003,    0.004528,    0.000041,   -0.000004
    3     0.002932,    0.000003,    0.004439,    0.000040,   -0.000003
    4    -0.000566,   -0.000001,   -0.001020,   -0.000008,    0.000040
    5     0.000014,    0.000126,    0.000039,   -0.003261,   -0.000010
    6     0.004222,   -0.000001,    0.006279,    0.000055,   -0.000001
    7     0.000744,    0.000012,    0.000770,    0.000038,   -0.000007
    8     0.000010,    0.000086,    0.000028,   -0.002391,   -0.000012
    9     0.003043,   -0.000001,    0.004508,    0.000040,   -0.000002
   10     0.000532,    0.000009,    0.000527,    0.000028,   -0.000008
   11    -0.000001,   -0.000021,   -0.000002,    0.000073,   -0.000021
   12    -0.000274,   -0.000000,   -0.000476,   -0.000004,   -0.000003
   13    -0.000067,   -0.000000,   -0.000149,   -0.000002,   -0.000015
   14     0.000001,    0.000018,    0.000001,   -0.000025,    0.000000
   15     0.000113,    0.000000,    0.000179,    0.000001,    0.000000
   16    -0.000089,    0.000000,   -0.000108,    0.000000,   -0.000000
   17     0.000000,   -0.000027,    0.000000,    0.000042,    0.000002
   18    -0.000089,   -0.000000,   -0.000174,   -0.000002,    0.000002
   19    -0.000000,    0.000057,    0.000002,   -0.000154,    0.000001
   20    -0.000108,    0.000001,   -0.000146,    0.000001,    0.000001
   21    -0.000078,    0.000000,   -0.000042,    0.000001,   -0.000000
   22    -0.000000,   -0.000055,    0.000000,   -0.000260,    0.000006
   23     0.000060,    0.000001,   -0.000047,    0.000000,    0.000004
   24     0.000005,   -0.000000,   -0.000002,   -0.000000,   -0.000000
   25     0.000000,   -0.000010,    0.000000,   -0.000007,   -0.000000
   26    -0.000003,    0.000000,   -0.000019,   -0.000000,   -0.000000
   27     0.000004,    0.000000,   -0.000000,    0.000000,    0.000000
   28    -0.000000,    0.000008,   -0.000000,    0.000007,   -0.000000
   29    -0.000018,   -0.000000,   -0.000016,   -0.000000,   -0.000001
   30     0.000000,    0.000005,   -0.000000,    0.000035,   -0.000000
   31     0.000000,   -0.000000,   -0.000000,   -0.000000,    0.000000
   32     0.000004,    0.000000,    0.000005,    0.000000,    0.000000
   33     0.000053,    0.000000,    0.000087,    0.000001,   -0.000000
   34     0.000464,    0.000001,    0.000786,    0.000007,   -0.000003
   35    -0.001783,   -0.000002,   -0.002882,   -0.000025,    0.000008
   36     0.000409,    0.000000,    0.000587,    0.000005,   -0.000002
   37    -0.000000,   -0.000003,   -0.000000,   -0.000023,    0.000000
   38    -0.000026,   -0.000000,   -0.000038,   -0.000000,    0.000000
   39    -0.000014,    0.000000,   -0.000027,   -0.000000,    0.000000
   40     0.000002,    0.000060,    0.000001,    0.000535,   -0.000001
   41     0.000607,    0.000001,    0.000876,    0.000008,   -0.000000
   42     0.000318,   -0.000001,    0.000637,    0.000002,   -0.000000
   43    -0.000010,   -0.000318,   -0.000003,   -0.002749,    0.000003
   44    -0.002992,   -0.000006,   -0.004311,   -0.000037,    0.000001
   45    -0.001565,    0.000007,   -0.003186,   -0.000010,    0.000002
   46    -0.000019,   -0.000566,   -0.000007,   -0.005149,    0.000007
   47    -0.006007,   -0.000011,   -0.008679,   -0.000076,    0.000004
   48    -0.003145,    0.000013,   -0.006245,   -0.000022,    0.000006
   49    -0.000006,   -0.000261,   -0.000001,   -0.002081,    0.000005
   50    -0.001943,   -0.000004,   -0.002845,   -0.000024,    0.000001
   51    -0.001017,    0.000005,   -0.002220,   -0.000006,    0.000003
   52     0.000000,   -0.000000,    0.000000,   -0.000000,    0.000000
   53     0.000001,   -0.000000,    0.000001,    0.000000,   -0.000000
   54    -0.000000,    0.000000,   -0.000001,   -0.000000,    0.000000
   55     0.000000,    0.000000,    0.000000,    0.000001,   -0.000000
   56    -0.000001,   -0.000000,   -0.000001,   -0.000000,    0.000000
   57    -0.000000,    0.000000,   -0.000000,   -0.000009,   -0.000000
   58    -0.000047,    0.000000,   -0.000072,   -0.000000,    0.000000
   59     0.000018,    0.000000,    0.000027,    0.000000,   -0.000000
   60    -0.000000,   -0.000002,   -0.000000,   -0.000019,    0.000000
   61     0.000050,    0.000000,    0.000069,    0.000001,   -0.000000
   62     0.000002,   -0.000004,    0.000003,    0.000157,    0.000001
   63     0.000392,   -0.000000,    0.000592,    0.000004,   -0.000000
   64    -0.000127,   -0.000000,   -0.000174,   -0.000002,    0.000001
   65     0.000001,   -0.000008,    0.000001,    0.000101,   -0.000000
   66    -0.000380,   -0.000001,   -0.000557,   -0.000005,    0.000000
   67     0.000003,   -0.000007,    0.000003,    0.000297,   -0.000002
   68     0.000485,   -0.000000,    0.000729,    0.000004,   -0.000001
   69    -0.000131,   -0.000001,   -0.000154,   -0.000003,   -0.000001
   70     0.000002,   -0.000040,    0.000001,    0.000084,    0.000000
   71    -0.000409,   -0.000001,   -0.000653,   -0.000005,    0.000001
   72     0.000158,    0.000000,    0.000244,    0.000002,   -0.000000
   73    -0.000001,    0.000007,   -0.000002,   -0.000071,    0.000000
   74     0.000018,    0.000000,    0.000010,    0.000001,    0.000000
   75     0.000139,    0.000000,    0.000202,    0.000002,   -0.000000
   76     0.000000,    0.000008,    0.000000,    0.000003,   -0.000000
   77     0.000202,    0.000000,    0.000315,    0.000002,   -0.000000
   78     0.000002,    0.000003,    0.000002,    0.000095,   -0.000000
   79    -0.000000,   -0.000000,   -0.000000,   -0.000000,    0.000000
   80     0.000001,   -0.000000,    0.000001,    0.000002,    0.000000
   81     0.000016,    0.000012,    0.000058,    0.000055,   -0.000015
   82     0.000158,    0.000123,    0.000588,    0.000534,   -0.000163
   83    -0.000521,   -0.000340,   -0.001790,   -0.001743,    0.000447
   84    -0.000045,   -0.000108,   -0.000288,   -0.000083,    0.000104
   85    -0.000004,   -0.000002,   -0.000001,    0.000009,   -0.000000
   86     0.000001,   -0.000006,   -0.000004,    0.000001,   -0.000000
   87     0.000003,    0.000002,   -0.000002,    0.000007,   -0.000000
   88     0.000085,    0.000053,    0.000017,   -0.000215,    0.000000
   89    -0.000026,    0.000143,    0.000104,   -0.000020,    0.000000
   90    -0.000065,   -0.000049,    0.000051,   -0.000168,    0.000000
   91    -0.000455,   -0.000275,   -0.000124,    0.001052,   -0.000001
   92     0.000086,   -0.000744,   -0.000621,    0.000082,   -0.000000
   93     0.000317,    0.000255,   -0.000303,    0.000798,   -0.000000
   94    -0.000843,   -0.000498,   -0.000178,    0.002168,   -0.000014
   95     0.000326,   -0.001368,   -0.000871,    0.000215,   -0.000002
   96     0.000620,    0.000467,   -0.000467,    0.001704,   -0.000010
   97    -0.000378,   -0.000210,   -0.000141,    0.000641,   -0.000019
   98    -0.000027,   -0.000574,   -0.000623,    0.000019,   -0.000003
   99     0.000207,    0.000206,   -0.000295,    0.000458,   -0.000013
  100    -0.000000,   -0.000000,   -0.000000,    0.000000,    0.000000
  101     0.000000,   -0.000000,    0.000001,   -0.000000,    0.000000
  102    -0.000000,    0.000000,   -0.000000,   -0.000000,   -0.000000
  103     0.000000,    0.000000,    0.000000,    0.000001,    0.000000
  104    -0.000000,   -0.000000,   -0.000000,    0.000000,    0.000000
  105    -0.000003,    0.000003,   -0.000002,   -0.000007,   -0.000000
  106    -0.000016,    0.000002,   -0.000023,   -0.000001,   -0.000000
  107     0.000004,   -0.000001,    0.000007,    0.000002,    0.000000
  108    -0.000005,    0.000001,   -0.000007,   -0.000033,   -0.000001
  109     0.000007,    0.000001,    0.000007,   -0.000014,   -0.000001
  110     0.000104,   -0.000017,    0.000144,    0.000057,    0.000001
  111     0.000113,   -0.000012,    0.000162,    0.000050,    0.000001
  112     0.000004,    0.000008,   -0.000027,    0.000042,   -0.000000
  113     0.000053,   -0.000009,    0.000071,    0.000231,    0.000004
  114    -0.000039,   -0.000007,   -0.000025,    0.000083,    0.000003
  115     0.000222,   -0.000015,    0.000324,    0.000074,   -0.000002
  116     0.000139,   -0.000015,    0.000206,    0.000122,   -0.000001
  117     0.000039,    0.000013,   -0.000011,    0.000112,    0.000000
  118     0.000040,   -0.000011,    0.000050,    0.000274,   -0.000008
  119    -0.000083,   -0.000004,   -0.000067,    0.000065,   -0.000005
  120     0.000050,   -0.000008,    0.000067,    0.000019,   -0.000000
  121     0.000073,   -0.000011,    0.000105,    0.000041,    0.000000
  122     0.000022,   -0.000002,    0.000030,    0.000017,   -0.000000
  123    -0.000015,    0.000007,   -0.000029,   -0.000045,    0.000000
  124     0.000016,    0.000003,    0.000003,    0.000077,    0.000000
  125    -0.000011,   -0.000006,   -0.000015,    0.000078,   -0.000000
  126    -0.000038,   -0.000001,   -0.000042,    0.000024,    0.000000
  127    -0.000000,    0.000000,   -0.000000,    0.000000,    0.000000
  128     0.000001,    0.000000,    0.000001,   -0.000002,    0.000000
  129     0.000016,   -0.000012,    0.000058,   -0.000055,   -0.000000
  130     0.000158,   -0.000124,    0.000590,   -0.000528,   -0.000003
  131    -0.000521,    0.000344,   -0.001800,    0.001729,    0.000008
  132    -0.000045,    0.000108,   -0.000286,    0.000078,   -0.000002
  133     0.000004,   -0.000002,    0.000001,    0.000009,    0.000000
  134     0.000001,    0.000006,   -0.000004,   -0.000001,    0.000000
  135     0.000003,   -0.000002,   -0.000002,   -0.000007,    0.000000
  136    -0.000085,    0.000051,   -0.000014,   -0.000217,   -0.000001
  137    -0.000026,   -0.000142,    0.000102,    0.000025,   -0.000000
  138    -0.000065,    0.000049,    0.000049,    0.000173,   -0.000000
  139     0.000456,   -0.000264,    0.000109,    0.001063,    0.000003
  140     0.000084,    0.000742,   -0.000607,   -0.000105,    0.000000
  141     0.000317,   -0.000258,   -0.000291,   -0.000822,    0.000002
  142     0.000844,   -0.000477,    0.000150,    0.002190,    0.000009
  143     0.000321,    0.001365,   -0.000845,   -0.000255,    0.000001
  144     0.000620,   -0.000472,   -0.000441,   -0.001747,    0.000003
  145     0.000378,   -0.000203,    0.000130,    0.000647,    0.000005
  146    -0.000029,    0.000573,   -0.000614,   -0.000037,    0.000001
  147     0.000207,   -0.000207,   -0.000287,   -0.000477,    0.000004
  148     0.000000,   -0.000000,    0.000000,    0.000000,   -0.000000
  149     0.000000,    0.000000,    0.000001,    0.000000,   -0.000000
  150    -0.000000,   -0.000000,   -0.000000,    0.000000,   -0.000000
  151    -0.000000,    0.000000,   -0.000000,    0.000001,   -0.000000
  152    -0.000000,    0.000000,   -0.000000,   -0.000000,   -0.000000
  153     0.000003,    0.000003,    0.000002,   -0.000007,    0.000000
  154    -0.000016,   -0.000001,   -0.000023,    0.000001,    0.000000
  155     0.000004,    0.000001,    0.000007,   -0.000001,    0.000000
  156     0.000005,    0.000001,    0.000008,   -0.000033,    0.000000
  157     0.000007,   -0.000001,    0.000006,    0.000014,    0.000000
  158    -0.000103,   -0.000017,   -0.000145,    0.000057,    0.000000
  159     0.000114,    0.000012,    0.000163,   -0.000050,   -0.000000
  160     0.000003,   -0.000007,   -0.000027,   -0.000041,   -0.000001
  161    -0.000052,   -0.000008,   -0.000073,    0.000231,    0.000000
  162    -0.000040,    0.000006,   -0.000026,   -0.000085,   -0.000001
  163    -0.000221,   -0.000014,   -0.000325,    0.000071,    0.000000
  164     0.000139,    0.000015,    0.000208,   -0.000120,    0.000001
  165     0.000039,   -0.000012,   -0.000010,   -0.000109,    0.000002
  166    -0.000039,   -0.000010,   -0.000051,    0.000275,    0.000001
  167    -0.000086,    0.000002,   -0.000070,   -0.000067,   -0.000001
  168     0.000049,    0.000007,    0.000067,   -0.000019,   -0.000000
  169    -0.000073,   -0.000011,   -0.000105,    0.000041,   -0.000000
  170     0.000022,    0.000002,    0.000030,   -0.000017,    0.000000
  171    -0.000015,   -0.000006,   -0.000030,    0.000046,    0.000000
  172    -0.000016,    0.000002,   -0.000003,    0.000076,   -0.000000
  173    -0.000012,    0.000006,   -0.000015,   -0.000078,   -0.000000
  174     0.000039,   -0.000000,    0.000043,    0.000025,    0.000000
  175    -0.000000,   -0.000000,   -0.000000,   -0.000000,    0.000000
  176    -0.000000,    0.000000,   -0.000001,    0.000000,    0.000000
  177     0.000019,    0.000000,    0.000021,    0.000000,   -0.000000
  178     0.000212,    0.000002,    0.000239,    0.000004,   -0.000003
  179    -0.000557,   -0.000008,   -0.000587,   -0.000013,    0.000008
  180    -0.000257,   -0.000000,   -0.000324,   -0.000001,   -0.000002
  181    -0.000000,   -0.000001,   -0.000000,   -0.000006,    0.000000
  182    -0.000012,    0.000000,   -0.000016,    0.000000,   -0.000000
  183     0.000002,   -0.000000,    0.000004,    0.000000,    0.000000
  184     0.000001,    0.000027,    0.000002,    0.000129,   -0.000001
  185     0.000282,   -0.000001,    0.000377,   -0.000002,    0.000000
  186    -0.000040,    0.000001,   -0.000104,   -0.000000,   -0.000001
  187    -0.000005,   -0.000137,   -0.000011,   -0.000637,    0.000003
  188    -0.001488,    0.000003,   -0.001983,    0.000009,    0.000000
  189     0.000171,   -0.000004,    0.000483,    0.000001,    0.000002
  190    -0.000009,   -0.000251,   -0.000020,   -0.001264,    0.000007
  191    -0.002697,    0.000007,   -0.003599,    0.000020,   -0.000001
  192     0.000479,   -0.000008,    0.001157,    0.000002,    0.000007
  193    -0.000004,   -0.000106,   -0.000009,   -0.000448,    0.000005
  194    -0.001161,    0.000002,   -0.001525,    0.000005,    0.000001
  195     0.000038,   -0.000002,    0.000204,    0.000001,    0.000003
  196     0.000000,    0.000000,   -0.000000,    0.000000,   -0.000000
  197     0.000001,   -0.000000,    0.000001,    0.000000,    0.000000
  198     0.000000,    0.000000,   -0.000000,    0.000000,    0.000000
  199     0.000000,   -0.000000,    0.000000,    0.000000,   -0.000000
  200    -0.000000,   -0.000000,   -0.000000,   -0.000000,   -0.000000
  201    -0.000000,   -0.000000,   -0.000000,   -0.000005,    0.000000
  202    -0.000021,    0.000000,   -0.000032,    0.000000,   -0.000000
  203     0.000006,   -0.000000,    0.000013,    0.000000,   -0.000000
  204    -0.000000,    0.000001,   -0.000000,   -0.000016,    0.000000
  205     0.000007,    0.000000,    0.000008,    0.000000,    0.000000
  206     0.000000,   -0.000005,    0.000001,   -0.000068,   -0.000001
  207     0.000085,   -0.000001,    0.000140,   -0.000002,    0.000001
  208    -0.000098,    0.000000,   -0.000146,   -0.000001,    0.000000
  209     0.000000,    0.000012,    0.000000,    0.000114,   -0.000000
  210    -0.000037,   -0.000001,   -0.000046,   -0.000003,    0.000000
  211     0.000000,   -0.000010,    0.000001,   -0.000213,    0.000002
  212     0.000068,   -0.000001,    0.000124,   -0.000002,    0.000001
  213    -0.000211,   -0.000000,   -0.000280,   -0.000003,   -0.000002
  214     0.000000,    0.000046,    0.000000,    0.000141,   -0.000001
  215    -0.000022,   -0.000001,   -0.000028,   -0.000004,    0.000000
  216    -0.000011,   -0.000000,   -0.000016,   -0.000001,    0.000000
  217     0.000000,    0.000002,   -0.000000,    0.000064,   -0.000000
  218    -0.000081,    0.000000,   -0.000124,   -0.000000,   -0.000000
  219     0.000034,    0.000000,    0.000045,    0.000001,    0.000000
  220    -0.000000,   -0.000008,   -0.000000,   -0.000038,   -0.000000
  221    -0.000017,    0.000000,   -0.000026,    0.000001,   -0.000000
  222    -0.000000,   -0.000001,   -0.000000,    0.000043,   -0.000000
                80,          81,          82,          83,          84
    0    -0.000026,   -0.000396,   -0.003685,    0.013370,    0.000988
    1    -0.000064,   -0.000916,   -0.008300,    0.030827,   -0.000347
    2     0.000132,    0.002477,    0.022812,   -0.080672,    0.004262
    3     0.000131,    0.002341,    0.021451,   -0.076533,    0.004373
    4     0.000041,   -0.005615,   -0.059750,    0.167936,    0.031656
    5    -0.000103,    0.000037,    0.002807,    0.005313,   -0.019928
    6    -0.000015,    0.000005,    0.000407,    0.000771,   -0.002891
    7    -0.000071,    0.000025,    0.001940,    0.003671,   -0.013773
    8    -0.000080,    0.000729,    0.009425,   -0.016323,   -0.019151
    9    -0.000012,    0.000106,    0.001368,   -0.002370,   -0.002779
   10    -0.000055,    0.000504,    0.006515,   -0.011284,   -0.013237
   11    -0.000017,    0.003063,    0.032105,   -0.088361,   -0.019631
   12    -0.000003,    0.000445,    0.004659,   -0.012824,   -0.002849
   13    -0.000012,    0.002117,    0.022189,   -0.061069,   -0.013568
   14     0.000001,   -0.000058,   -0.000619,    0.001642,    0.000568
   15     0.000001,   -0.000040,   -0.000428,    0.001135,    0.000393
   16    -0.000000,    0.000008,    0.000081,   -0.000214,   -0.000074
   17     0.000004,   -0.000274,   -0.002946,    0.007823,    0.002707
   18     0.000003,   -0.000194,   -0.002086,    0.005540,    0.001917
   19     0.000000,   -0.000189,   -0.001961,    0.005550,    0.001256
   20     0.000000,   -0.000131,   -0.001355,    0.003836,    0.000868
   21    -0.000000,    0.000025,    0.000256,   -0.000723,   -0.000164
   22     0.000000,   -0.000899,   -0.009340,    0.026435,    0.005981
   23     0.000000,   -0.000637,   -0.006614,    0.018719,    0.004236
   24    -0.000001,    0.000025,    0.000269,   -0.000717,   -0.000180
   25     0.000000,    0.000017,    0.000174,   -0.000510,   -0.000111
   26    -0.000001,    0.000015,    0.000176,   -0.000430,   -0.000122
   27     0.000000,   -0.000035,   -0.000369,    0.001055,    0.000238
   28     0.000000,    0.000024,    0.000249,   -0.000726,   -0.000158
   29    -0.000002,    0.000092,    0.001009,   -0.002697,   -0.000673
   30     0.000000,    0.000033,    0.000338,   -0.000987,   -0.000216
   31     0.000000,   -0.000000,   -0.000003,    0.000008,   -0.000002
   32     0.000000,   -0.000002,   -0.000026,    0.000068,    0.000015
   33    -0.000002,   -0.000014,   -0.000037,   -0.000064,    0.000553
   34    -0.000026,   -0.000037,    0.000861,   -0.004021,    0.005030
   35     0.000068,   -0.000064,   -0.004021,    0.016081,   -0.013262
   36     0.000015,    0.000553,    0.005030,   -0.013263,   -0.006488
   37    -0.000000,   -0.000006,   -0.000060,    0.000195,    0.000057
   38     0.000000,   -0.000001,   -0.000010,    0.000021,    0.000019
   39    -0.000000,   -0.000004,   -0.000042,    0.000132,    0.000044
   40     0.000004,    0.000142,    0.001417,   -0.004573,   -0.001336
   41    -0.000001,    0.000018,    0.000229,   -0.000480,   -0.000438
   42     0.000002,    0.000097,    0.000989,   -0.003083,   -0.001027
   43    -0.000018,   -0.000700,   -0.006990,    0.022598,    0.006907
   44     0.000007,   -0.000030,   -0.000517,    0.000525,    0.001996
   45    -0.000009,   -0.000453,   -0.004620,    0.014449,    0.005196
   46    -0.000035,   -0.001543,   -0.015460,    0.049121,    0.013642
   47     0.000018,   -0.000311,   -0.003802,    0.008991,    0.005035
   48    -0.000015,   -0.001103,   -0.011349,    0.034746,    0.010727
   49    -0.000010,   -0.000929,   -0.009529,    0.028548,    0.008443
   50     0.000011,    0.000076,    0.000413,   -0.001869,    0.000537
   51    -0.000001,   -0.000552,   -0.005822,    0.017175,    0.005543
   52     0.000000,   -0.000001,   -0.000011,    0.000031,    0.000007
   53    -0.000000,    0.000001,    0.000008,   -0.000022,   -0.000005
   54     0.000000,   -0.000001,   -0.000012,    0.000034,    0.000008
   55     0.000000,    0.000002,    0.000018,   -0.000052,   -0.000010
   56     0.000000,    0.000000,    0.000001,   -0.000003,    0.000001
   57    -0.000000,    0.000031,    0.000327,   -0.000880,   -0.000234
   58    -0.000000,   -0.000022,   -0.000217,    0.000629,    0.000127
   59    -0.000000,    0.000033,    0.000339,   -0.000940,   -0.000221
   60    -0.000000,   -0.000042,   -0.000435,    0.001255,    0.000215
   61    -0.000000,    0.000004,    0.000041,   -0.000096,   -0.000073
   62     0.000004,   -0.000048,   -0.000582,    0.001130,    0.000831
   63     0.000003,    0.000111,    0.001074,   -0.003407,   -0.000388
   64     0.000001,   -0.000087,   -0.000917,    0.002455,    0.000707
   65     0.000002,    0.000095,    0.000940,   -0.002910,   -0.000227
   66    -0.000001,   -0.000075,   -0.000750,    0.002147,    0.000610
   67     0.000005,    0.000418,    0.004229,   -0.012575,   -0.001807
   68     0.000002,    0.000212,    0.002195,   -0.006649,   -0.000787
   69     0.000002,    0.000170,    0.001706,   -0.004987,   -0.000839
   70     0.000002,   -0.000020,   -0.000269,    0.000442,    0.000579
   71     0.000002,   -0.000098,   -0.001094,    0.003112,    0.000658
   72    -0.000000,    0.000025,    0.000274,   -0.000750,   -0.000279
   73    -0.000002,   -0.000024,   -0.000214,    0.000813,   -0.000131
   74    -0.000001,   -0.000021,   -0.000193,    0.000676,   -0.000035
   75     0.000001,    0.000016,    0.000158,   -0.000521,   -0.000045
   76    -0.000000,    0.000012,    0.000123,   -0.000340,   -0.000108
   77     0.000001,    0.000058,    0.000588,   -0.001790,   -0.000288
   78     0.000002,    0.000055,    0.000534,   -0.001743,   -0.000083
   79     0.000000,   -0.000015,   -0.000163,    0.000447,    0.000104
   80     0.000000,   -0.000015,   -0.000165,    0.000435,    0.000124
   81    -0.000015,    0.002192,    0.023124,   -0.063822,   -0.014503
   82    -0.000165,    0.023124,    0.244008,   -0.673005,   -0.153491
   83     0.000435,   -0.063822,   -0.673005,    1.858752,    0.420589
   84     0.000124,   -0.014503,   -0.153491,    0.420589,    0.100819
   85     0.000001,    0.000011,    0.000103,   -0.000367,    0.000071
   86     0.000000,    0.000002,    0.000015,   -0.000053,    0.000010
   87     0.000000,    0.000008,    0.000071,   -0.000254,    0.000049
   88    -0.000014,   -0.000272,   -0.002477,    0.008775,   -0.001593
   89    -0.000002,   -0.000039,   -0.000360,    0.001273,   -0.000231
   90    -0.000010,   -0.000188,   -0.001712,    0.006065,   -0.001102
   91     0.000070,    0.001124,    0.009963,   -0.036878,    0.009296
   92     0.000010,    0.000163,    0.001446,   -0.005352,    0.001349
   93     0.000048,    0.000777,    0.006886,   -0.025488,    0.006426
   94     0.000128,    0.004091,    0.039368,   -0.127767,    0.006310
   95     0.000019,    0.000594,    0.005713,   -0.018543,    0.000916
   96     0.000088,    0.002828,    0.027211,   -0.088313,    0.004363
   97     0.000019,    0.003352,    0.034285,   -0.099745,   -0.011519
   98     0.000003,    0.000486,    0.004976,   -0.014476,   -0.001671
   99     0.000013,    0.002317,    0.023698,   -0.068944,   -0.007961
  100     0.000000,   -0.000000,   -0.000005,    0.000012,    0.000004
  101     0.000000,   -0.000000,   -0.000003,    0.000009,    0.000003
  102    -0.000000,    0.000000,    0.000001,   -0.000001,   -0.000001
  103     0.000000,   -0.000002,   -0.000023,    0.000059,    0.000019
  104     0.000000,   -0.000001,   -0.000016,    0.000041,    0.000014
  105    -0.000001,    0.000020,    0.000224,   -0.000563,   -0.000209
  106    -0.000000,    0.000014,    0.000155,   -0.000389,   -0.000145
  107     0.000000,   -0.000003,   -0.000028,    0.000071,    0.000027
  108    -0.000003,    0.000097,    0.001067,   -0.002682,   -0.000997
  109    -0.000002,    0.000069,    0.000756,   -0.001899,   -0.000706
  110     0.000004,   -0.000065,   -0.000758,    0.001681,    0.001011
  111     0.000003,   -0.000045,   -0.000524,    0.001162,    0.000699
  112    -0.000000,    0.000008,    0.000098,   -0.000216,   -0.000131
  113     0.000018,   -0.000308,   -0.003612,    0.008008,    0.004815
  114     0.000013,   -0.000218,   -0.002558,    0.005671,    0.003410
  115     0.000001,    0.000272,    0.002794,   -0.008106,   -0.001172
  116     0.000001,    0.000188,    0.001932,   -0.005603,   -0.000810
  117    -0.000000,   -0.000035,   -0.000364,    0.001055,    0.000153
  118     0.000006,    0.001295,    0.013310,   -0.038609,   -0.005583
  119     0.000004,    0.000917,    0.009425,   -0.027340,   -0.003953
  120     0.000002,    0.000025,    0.000226,   -0.000831,    0.000170
  121     0.000002,    0.000026,    0.000228,   -0.000871,    0.000197
  122     0.000000,    0.000008,    0.000078,   -0.000256,    0.000036
  123    -0.000003,   -0.000050,   -0.000436,    0.001657,   -0.000369
  124     0.000003,    0.000037,    0.000320,   -0.001225,    0.000277
  125     0.000006,    0.000096,    0.000862,   -0.003173,    0.000652
  126     0.000003,    0.000050,    0.000436,   -0.001664,    0.000376
  127     0.000000,   -0.000000,   -0.000003,    0.000008,   -0.000002
  128     0.000000,   -0.000002,   -0.000026,    0.000068,    0.000015
  129    -0.000002,   -0.000014,   -0.000037,   -0.000064,    0.000553
  130    -0.000026,   -0.000037,    0.000861,   -0.004022,    0.005029
  131     0.000068,   -0.000064,   -0.004022,    0.016083,   -0.013258
  132     0.000015,    0.000553,    0.005028,   -0.013258,   -0.006487
  133    -0.000000,   -0.000006,   -0.000061,    0.000189,    0.000066
  134    -0.000000,   -0.000001,   -0.000009,    0.000029,    0.000007
  135    -0.000000,   -0.000004,   -0.000041,    0.000139,    0.000033
  136     0.000002,    0.000140,    0.001437,   -0.004410,   -0.001552
  137     0.000001,    0.000021,    0.000202,   -0.000688,   -0.000161
  138     0.000004,    0.000100,    0.000965,   -0.003274,   -0.000773
  139    -0.000010,   -0.000636,   -0.006548,    0.020157,    0.007786
  140    -0.000004,   -0.000111,   -0.001082,    0.003652,    0.000868
  141    -0.000019,   -0.000528,   -0.005138,    0.017318,    0.004160
  142    -0.000015,   -0.001619,   -0.016837,    0.050761,    0.016345
  143    -0.000008,   -0.000212,   -0.002033,    0.006877,    0.001566
  144    -0.000039,   -0.001013,   -0.009727,    0.032807,    0.007544
  145     0.000001,   -0.000742,   -0.007939,    0.023226,    0.007834
  146    -0.000003,   -0.000163,   -0.001626,    0.004957,    0.001318
  147    -0.000014,   -0.000772,   -0.007694,    0.023439,    0.006259
  148     0.000000,    0.000000,    0.000001,   -0.000002,   -0.000000
  149    -0.000000,    0.000001,    0.000010,   -0.000028,   -0.000006
  150    -0.000000,    0.000001,    0.000015,   -0.000043,   -0.000009
  151     0.000000,    0.000000,    0.000004,   -0.000013,   -0.000000
  152    -0.000000,    0.000002,    0.000018,   -0.000050,   -0.000011
  153    -0.000000,   -0.000000,   -0.000003,    0.000014,   -0.000012
  154     0.000000,   -0.000026,   -0.000268,    0.000747,    0.000166
  155     0.000000,   -0.000040,   -0.000425,    0.001160,    0.000286
  156    -0.000000,   -0.000003,   -0.000029,    0.000110,   -0.000048
  157    -0.000000,   -0.000045,   -0.000454,    0.001312,    0.000244
  158    -0.000000,   -0.000015,   -0.000151,    0.000417,    0.000147
  159    -0.000001,    0.000061,    0.000646,   -0.001734,   -0.000469
  160    -0.000004,    0.000066,    0.000770,   -0.001672,   -0.000910
  161    -0.000000,   -0.000064,   -0.000652,    0.001787,    0.000669
  162     0.000004,    0.000156,    0.001524,   -0.004776,   -0.000497
  163     0.000001,   -0.000019,   -0.000223,    0.000614,    0.000158
  164    -0.000001,   -0.000137,   -0.001390,    0.004036,    0.000718
  165    -0.000005,   -0.000451,   -0.004574,    0.013535,    0.002042
  166     0.000003,   -0.000085,   -0.000987,    0.002704,    0.000730
  167     0.000003,    0.000171,    0.001734,   -0.005472,   -0.000336
  168     0.000000,    0.000014,    0.000142,   -0.000420,   -0.000087
  169     0.000000,    0.000006,    0.000054,   -0.000192,    0.000029
  170    -0.000000,   -0.000009,   -0.000090,    0.000290,    0.000026
  171    -0.000001,   -0.000050,   -0.000500,    0.001519,    0.000265
  172     0.000002,    0.000044,    0.000405,   -0.001421,    0.000095
  173     0.000000,    0.000052,    0.000532,   -0.001576,   -0.000333
  174    -0.000002,   -0.000034,   -0.000314,    0.001097,   -0.000027
  175     0.000000,   -0.000000,   -0.000003,    0.000008,   -0.000002
  176     0.000000,   -0.000002,   -0.000026,    0.000068,    0.000015
  177    -0.000002,   -0.000014,   -0.000037,   -0.000064,    0.000553
  178    -0.000026,   -0.000037,    0.000860,   -0.004020,    0.005030
  179     0.000068,   -0.000064,   -0.004020,    0.016081,   -0.013264
  180     0.000015,    0.000553,    0.005031,   -0.013265,   -0.006489
  181    -0.000000,   -0.000006,   -0.000060,    0.000195,    0.000057
  182    -0.000000,   -0.000001,   -0.000008,    0.000033,    0.000001
  183    -0.000000,   -0.000004,   -0.000043,    0.000129,    0.000048
  184     0.000004,    0.000142,    0.001417,   -0.004574,   -0.001335
  185     0.000002,    0.000023,    0.000189,   -0.000799,   -0.000014
  186     0.000001,    0.000096,    0.000998,   -0.003015,   -0.001118
  187    -0.000018,   -0.000700,   -0.006993,    0.022615,    0.006901
  188    -0.000010,   -0.000154,   -0.001381,    0.005311,    0.000270
  189    -0.000005,   -0.000426,   -0.004434,    0.013421,    0.005567
  190    -0.000036,   -0.001542,   -0.015452,    0.049112,    0.013625
  191    -0.000022,   -0.000160,   -0.001095,    0.005756,   -0.000272
  192    -0.000006,   -0.001136,   -0.011931,    0.035442,    0.011868
  193    -0.000010,   -0.000930,   -0.009540,    0.028583,    0.008447
  194    -0.000011,   -0.000290,   -0.002707,    0.008575,    0.001732
  195     0.000003,   -0.000474,   -0.005152,    0.014932,    0.005286
  196    -0.000000,    0.000002,    0.000018,   -0.000050,   -0.000010
  197     0.000000,   -0.000001,   -0.000013,    0.000035,    0.000009
  198    -0.000000,   -0.000000,   -0.000004,    0.000011,    0.000002
  199     0.000000,    0.000001,    0.000012,   -0.000035,   -0.000006
  200     0.000000,    0.000001,    0.000006,   -0.000017,   -0.000002
  201     0.000000,   -0.000045,   -0.000477,    0.001316,    0.000302
  202     0.000000,    0.000037,    0.000380,   -0.001065,   -0.000255
  203    -0.000000,    0.000010,    0.000106,   -0.000278,   -0.000072
  204    -0.000000,   -0.000026,   -0.000260,    0.000778,    0.000099
  205    -0.000000,   -0.000010,   -0.000099,    0.000301,    0.000017
  206    -0.000003,    0.000083,    0.000921,   -0.002235,   -0.000856
  207    -0.000002,   -0.000158,   -0.001590,    0.004666,    0.000942
  208     0.000003,    0.000018,    0.000123,   -0.000694,    0.000187
  209     0.000003,    0.000066,    0.000608,   -0.002159,    0.000140
  210     0.000000,   -0.000013,   -0.000140,    0.000307,    0.000299
  211    -0.000003,   -0.000389,   -0.003960,    0.011630,    0.001879
  212     0.000001,   -0.000068,   -0.000773,    0.002384,    0.000228
  213     0.000002,    0.000279,    0.002862,   -0.008503,   -0.001233
  214     0.000004,    0.000152,    0.001479,   -0.004723,   -0.000209
  215     0.000002,   -0.000040,   -0.000482,    0.001243,    0.000455
  216     0.000000,   -0.000000,   -0.000013,   -0.000017,    0.000111
  217     0.000002,    0.000048,    0.000453,   -0.001522,   -0.000010
  218     0.000001,    0.000052,    0.000517,   -0.001627,   -0.000205
  219    -0.000001,   -0.000027,   -0.000260,    0.000837,    0.000049
  220    -0.000001,   -0.000014,   -0.000112,    0.000482,   -0.000151
  221    -0.000000,    0.000037,    0.000393,   -0.001104,   -0.000328
  222     0.000001,    0.000035,    0.000347,   -0.001093,   -0.000112
                85,          86,          87,          88,          89
    0    -0.000100,   -0.000015,   -0.000069,    0.002271,    0.000330
    1    -0.000213,   -0.000031,   -0.000147,    0.004858,    0.000705
    2     0.000390,    0.000057,    0.000270,   -0.008948,   -0.001299
    3     0.000386,    0.000056,    0.000267,   -0.008847,   -0.001284
    4    -0.000083,   -0.000012,   -0.000057,    0.001931,    0.000280
    5    -0.000644,   -0.000110,   -0.000523,    0.014963,    0.002550
    6    -0.000110,    0.000097,   -0.000076,    0.002550,   -0.002238
    7    -0.000523,   -0.000076,   -0.000248,    0.012146,    0.001763
    8    -0.000451,   -0.000081,   -0.000384,    0.010484,    0.001869
    9    -0.000081,    0.000092,   -0.000056,    0.001869,   -0.002125
   10    -0.000384,   -0.000056,   -0.000161,    0.008903,    0.001292
   11     0.000090,    0.000002,    0.000011,   -0.002110,   -0.000055
   12     0.000002,    0.000074,    0.000002,   -0.000055,   -0.001737
   13     0.000011,    0.000002,    0.000082,   -0.000264,   -0.000038
   14     0.000008,   -0.000024,    0.000007,   -0.000194,    0.000560
   15     0.000007,   -0.000025,    0.000005,   -0.000159,    0.000583
   16     0.000013,    0.000005,   -0.000022,   -0.000313,   -0.000124
   17     0.000039,    0.000007,    0.000007,   -0.000919,   -0.000159
   18     0.000008,    0.000013,    0.000032,   -0.000188,   -0.000293
   19     0.000005,   -0.000072,    0.000007,   -0.000113,    0.001675
   20     0.000007,   -0.000072,    0.000005,   -0.000155,    0.001689
   21     0.000041,    0.000015,   -0.000062,   -0.000956,   -0.000352
   22     0.000022,    0.000007,   -0.000041,   -0.000526,   -0.000155
   23    -0.000040,    0.000026,    0.000047,    0.000932,   -0.000615
   24    -0.000000,    0.000011,   -0.000003,    0.000011,   -0.000268
   25    -0.000002,    0.000013,    0.000000,    0.000047,   -0.000301
   26    -0.000002,    0.000002,    0.000002,    0.000056,   -0.000050
   27    -0.000003,   -0.000000,    0.000005,    0.000073,    0.000005
   28    -0.000009,   -0.000002,    0.000013,    0.000210,    0.000039
   29    -0.000002,   -0.000004,   -0.000001,    0.000034,    0.000096
   30     0.000004,   -0.000004,   -0.000005,   -0.000094,    0.000105
   31    -0.000000,   -0.000000,   -0.000000,    0.000000,    0.000001
   32    -0.000000,    0.000000,    0.000000,    0.000002,   -0.000004
   33    -0.000000,    0.000007,    0.000003,    0.000002,   -0.000160
   34     0.000001,    0.000068,    0.000030,   -0.000026,   -0.001598
   35     0.000006,   -0.000218,   -0.000089,   -0.000146,    0.005125
   36    -0.000010,   -0.000065,   -0.000034,    0.000222,    0.001534
   37     0.000001,    0.000001,    0.000001,   -0.000013,   -0.000018
   38     0.000001,    0.000001,    0.000001,   -0.000013,   -0.000023
   39     0.000001,    0.000001,    0.000001,   -0.000021,   -0.000026
   40    -0.000013,   -0.000018,   -0.000023,    0.000306,    0.000425
   41    -0.000013,   -0.000023,   -0.000023,    0.000311,    0.000550
   42    -0.000021,   -0.000026,   -0.000013,    0.000491,    0.000614
   43     0.000074,    0.000101,    0.000126,   -0.001726,   -0.002390
   44     0.000065,    0.000128,    0.000120,   -0.001514,   -0.003001
   45     0.000111,    0.000143,    0.000072,   -0.002597,   -0.003366
   46     0.000104,    0.000173,    0.000215,   -0.002441,   -0.004076
   47     0.000140,    0.000216,    0.000231,   -0.003249,   -0.005056
   48     0.000201,    0.000252,    0.000113,   -0.004708,   -0.005926
   49     0.000070,    0.000089,    0.000108,   -0.001639,   -0.002086
   50     0.000035,    0.000134,    0.000096,   -0.000810,   -0.003124
   51     0.000085,    0.000130,    0.000068,   -0.001987,   -0.003055
   52     0.000000,   -0.000000,   -0.000000,   -0.000000,    0.000001
   53    -0.000000,    0.000000,    0.000000,    0.000000,   -0.000000
   54    -0.000000,   -0.000000,    0.000000,    0.000001,    0.000001
   55     0.000000,   -0.000000,    0.000000,   -0.000002,    0.000001
   56     0.000000,   -0.000000,    0.000000,   -0.000002,    0.000001
   57    -0.000001,    0.000000,    0.000000,    0.000027,   -0.000007
   58     0.000000,   -0.000001,   -0.000000,   -0.000004,    0.000015
   59     0.000000,    0.000001,   -0.000001,   -0.000011,   -0.000025
   60    -0.000003,    0.000001,   -0.000002,    0.000063,   -0.000020
   61    -0.000003,    0.000001,   -0.000001,    0.000075,   -0.000031
   62     0.000012,    0.000011,    0.000014,   -0.000288,   -0.000245
   63     0.000001,    0.000009,    0.000004,   -0.000028,   -0.000209
   64     0.000008,    0.000003,    0.000003,   -0.000187,   -0.000068
   65     0.000012,    0.000012,    0.000012,   -0.000284,   -0.000269
   66     0.000013,    0.000003,    0.000010,   -0.000304,   -0.000063
   67     0.000023,    0.000027,    0.000038,   -0.000539,   -0.000639
   68     0.000000,    0.000016,    0.000010,   -0.000001,   -0.000369
   69     0.000027,    0.000015,   -0.000003,   -0.000625,   -0.000346
   70     0.000008,    0.000045,    0.000012,   -0.000179,   -0.001044
   71     0.000007,    0.000022,    0.000026,   -0.000170,   -0.000525
   72    -0.000005,   -0.000006,   -0.000010,    0.000114,    0.000149
   73    -0.000008,   -0.000009,   -0.000008,    0.000183,    0.000219
   74    -0.000008,   -0.000004,   -0.000003,    0.000190,    0.000094
   75    -0.000004,    0.000001,    0.000003,    0.000085,   -0.000026
   76    -0.000002,   -0.000006,    0.000002,    0.000053,    0.000143
   77    -0.000001,   -0.000004,   -0.000002,    0.000017,    0.000104
   78     0.000009,    0.000001,    0.000007,   -0.000215,   -0.000020
   79    -0.000000,   -0.000000,   -0.000000,    0.000000,    0.000000
   80     0.000001,    0.000000,    0.000000,   -0.000014,   -0.000002
   81     0.000011,    0.000002,    0.000008,   -0.000272,   -0.000039
   82     0.000103,    0.000015,    0.000071,   -0.002477,   -0.000360
   83    -0.000367,   -0.000053,   -0.000254,    0.008775,    0.001273
   84     0.000071,    0.000010,    0.000049,   -0.001593,   -0.000231
   85     0.000009,   -0.000001,   -0.000003,   -0.000215,    0.000013
   86    -0.000001,    0.000013,   -0.000000,    0.000013,   -0.000301
   87    -0.000003,   -0.000000,    0.000011,    0.000061,    0.000009
   88    -0.000215,    0.000013,    0.000061,    0.005015,   -0.000299
   89     0.000013,   -0.000301,    0.000009,   -0.000299,    0.007032
   90     0.000061,    0.000009,   -0.000261,   -0.001424,   -0.000207
   91     0.001094,   -0.000070,   -0.000334,   -0.025476,    0.001648
   92    -0.000070,    0.001567,   -0.000048,    0.001648,   -0.036595
   93    -0.000334,   -0.000048,    0.001346,    0.007851,    0.001139
   94     0.002093,   -0.000115,   -0.000549,   -0.048746,    0.002713
   95    -0.000115,    0.002870,   -0.000080,    0.002713,   -0.067049
   96    -0.000549,   -0.000080,    0.002507,    0.012923,    0.001875
   97     0.000797,   -0.000062,   -0.000295,   -0.018578,    0.001453
   98    -0.000062,    0.001215,   -0.000043,    0.001453,   -0.028379
   99    -0.000295,   -0.000043,    0.001020,    0.006919,    0.001004
  100     0.000000,    0.000000,    0.000000,   -0.000001,   -0.000001
  101     0.000000,    0.000000,    0.000000,   -0.000001,   -0.000002
  102    -0.000000,   -0.000000,    0.000000,    0.000001,    0.000001
  103     0.000000,    0.000000,    0.000000,   -0.000003,   -0.000001
  104     0.000000,   -0.000000,    0.000000,   -0.000004,    0.000000
  105    -0.000002,   -0.000004,   -0.000001,    0.000043,    0.000086
  106    -0.000001,   -0.000004,   -0.000001,    0.000027,    0.000085
  107     0.000002,    0.000001,   -0.000003,   -0.000051,   -0.000018
  108    -0.000009,   -0.000001,   -0.000009,    0.000208,    0.000027
  109    -0.000009,    0.000000,   -0.000003,    0.000209,   -0.000005
  110     0.000015,    0.000036,    0.000007,   -0.000356,   -0.000847
  111     0.000007,    0.000026,    0.000010,   -0.000167,   -0.000598
  112    -0.000021,   -0.000003,    0.000027,    0.000500,    0.000077
  113     0.000073,    0.000007,    0.000069,   -0.001698,   -0.000167
  114     0.000070,   -0.000000,    0.000024,   -0.001627,    0.000005
  115     0.000019,    0.000050,    0.000007,   -0.000450,   -0.001161
  116     0.000007,    0.000025,    0.000016,   -0.000160,   -0.000592
  117    -0.000029,   -0.000001,    0.000037,    0.000681,    0.000014
  118     0.000092,    0.000007,    0.000082,   -0.002137,   -0.000160
  119     0.000082,    0.000002,    0.000033,   -0.001917,   -0.000052
  120     0.000011,    0.000019,    0.000004,   -0.000250,   -0.000442
  121     0.000009,    0.000020,    0.000009,   -0.000200,   -0.000469
  122     0.000000,    0.000003,    0.000006,   -0.000001,   -0.000072
  123    -0.000027,   -0.000003,   -0.000008,    0.000634,    0.000070
  124     0.000003,    0.000000,    0.000031,   -0.000078,   -0.000002
  125     0.000042,    0.000000,    0.000029,   -0.000963,   -0.000009
  126     0.000028,   -0.000003,    0.000009,   -0.000646,    0.000072
  127    -0.000000,    0.000000,    0.000000,    0.000001,   -0.000000
  128     0.000000,   -0.000000,   -0.000000,   -0.000002,    0.000001
  129     0.000006,   -0.000001,   -0.000004,   -0.000140,    0.000022
  130     0.000061,   -0.000009,   -0.000041,   -0.001436,    0.000212
  131    -0.000188,    0.000030,    0.000139,    0.004407,   -0.000717
  132    -0.000066,    0.000007,    0.000033,    0.001551,   -0.000171
  133     0.000002,   -0.000000,   -0.000000,   -0.000059,    0.000001
  134     0.000000,   -0.000000,    0.000000,   -0.000000,    0.000011
  135     0.000000,    0.000000,    0.000000,   -0.000003,   -0.000003
  136    -0.000059,    0.000001,    0.000003,    0.001374,   -0.000020
  137    -0.000000,    0.000011,   -0.000003,    0.000010,   -0.000250
  138    -0.000003,   -0.000003,   -0.000002,    0.000070,    0.000065
  139     0.000316,   -0.000006,   -0.000021,   -0.007418,    0.000140
  140     0.000004,   -0.000055,    0.000015,   -0.000092,    0.001298
  141     0.000023,    0.000015,    0.000013,   -0.000562,   -0.000358
  142     0.000554,   -0.000008,   -0.000027,   -0.013004,    0.000194
  143     0.000001,   -0.000115,    0.000025,   -0.000024,    0.002716
  144     0.000014,    0.000024,   -0.000006,   -0.000359,   -0.000578
  145     0.000275,   -0.000010,   -0.000043,   -0.006450,    0.000243
  146     0.000004,   -0.000038,    0.000016,   -0.000093,    0.000889
  147     0.000023,    0.000016,    0.000034,   -0.000548,   -0.000374
  148     0.000000,    0.000000,    0.000000,   -0.000000,   -0.000002
  149     0.000000,    0.000000,    0.000000,   -0.000001,   -0.000001
  150     0.000000,   -0.000000,    0.000000,   -0.000001,    0.000000
  151     0.000000,    0.000000,    0.000000,   -0.000001,   -0.000000
  152     0.000000,    0.000000,    0.000000,   -0.000001,   -0.000000
  153    -0.000000,   -0.000002,   -0.000001,    0.000009,    0.000042
  154    -0.000000,   -0.000001,    0.000000,    0.000010,    0.000019
  155    -0.000000,    0.000000,    0.000000,    0.000004,   -0.000009
  156    -0.000002,   -0.000001,   -0.000004,    0.000042,    0.000013
  157    -0.000002,   -0.000000,   -0.000001,    0.000036,    0.000001
  158     0.000004,   -0.000003,    0.000003,   -0.000103,    0.000062
  159    -0.000003,   -0.000001,   -0.000002,    0.000070,    0.000031
  160    -0.000019,   -0.000000,   -0.000003,    0.000432,    0.000005
  161     0.000021,    0.000003,    0.000010,   -0.000495,   -0.000065
  162     0.000019,   -0.000001,   -0.000003,   -0.000446,    0.000012
  163     0.000010,   -0.000021,    0.000002,   -0.000233,    0.000500
  164    -0.000010,   -0.000015,   -0.000005,    0.000239,    0.000347
  165    -0.000047,    0.000004,   -0.000009,    0.001084,   -0.000087
  166     0.000048,    0.000002,   -0.000013,   -0.001117,   -0.000040
  167     0.000036,   -0.000002,   -0.000022,   -0.000838,    0.000047
  168    -0.000002,    0.000007,   -0.000001,    0.000055,   -0.000152
  169     0.000004,    0.000003,    0.000002,   -0.000092,   -0.000080
  170    -0.000001,   -0.000003,   -0.000002,    0.000022,    0.000066
  171     0.000005,    0.000000,   -0.000005,   -0.000107,   -0.000008
  172     0.000018,    0.000000,    0.000007,   -0.000430,   -0.000007
  173    -0.000009,   -0.000000,    0.000002,    0.000215,    0.000011
  174    -0.000010,   -0.000000,    0.000002,    0.000230,    0.000007
  175    -0.000000,    0.000000,   -0.000000,    0.000000,   -0.000000
  176    -0.000000,   -0.000000,    0.000000,    0.000002,    0.000003
  177    -0.000000,   -0.000005,    0.000005,    0.000003,    0.000118
  178     0.000001,   -0.000050,    0.000055,   -0.000016,    0.001171
  179     0.000007,    0.000162,   -0.000171,   -0.000176,   -0.003815
  180    -0.000009,    0.000046,   -0.000058,    0.000213,   -0.001075
  181     0.000001,   -0.000000,    0.000001,   -0.000013,    0.000007
  182    -0.000000,    0.000000,   -0.000001,    0.000004,   -0.000003
  183     0.000001,   -0.000001,    0.000001,   -0.000024,    0.000022
  184    -0.000013,    0.000007,   -0.000028,    0.000303,   -0.000167
  185     0.000004,   -0.000003,    0.000019,   -0.000083,    0.000078
  186    -0.000024,    0.000022,   -0.000033,    0.000571,   -0.000514
  187     0.000073,   -0.000041,    0.000156,   -0.001709,    0.000964
  188    -0.000014,    0.000020,   -0.000098,    0.000319,   -0.000474
  189     0.000127,   -0.000120,    0.000181,   -0.002968,    0.002835
  190     0.000103,   -0.000070,    0.000265,   -0.002408,    0.001646
  191    -0.000045,    0.000018,   -0.000190,    0.001036,   -0.000424
  192     0.000239,   -0.000210,    0.000312,   -0.005589,    0.004957
  193     0.000070,   -0.000037,    0.000134,   -0.001627,    0.000864
  194     0.000003,    0.000038,   -0.000084,   -0.000075,   -0.000882
  195     0.000091,   -0.000117,    0.000164,   -0.002124,    0.002753
  196     0.000000,    0.000000,    0.000000,   -0.000001,   -0.000001
  197     0.000000,    0.000000,    0.000000,   -0.000000,   -0.000002
  198    -0.000000,    0.000000,    0.000000,    0.000001,   -0.000001
  199     0.000000,    0.000000,    0.000000,   -0.000002,   -0.000002
  200     0.000000,    0.000000,   -0.000000,   -0.000002,   -0.000001
  201    -0.000000,   -0.000001,   -0.000001,    0.000000,    0.000012
  202    -0.000001,   -0.000002,   -0.000000,    0.000024,    0.000043
  203     0.000001,   -0.000001,   -0.000001,   -0.000022,    0.000013
  204    -0.000003,   -0.000002,   -0.000001,    0.000069,    0.000037
  205    -0.000003,   -0.000001,   -0.000000,    0.000069,    0.000022
  206    -0.000006,    0.000001,   -0.000010,    0.000149,   -0.000026
  207     0.000009,    0.000004,    0.000001,   -0.000214,   -0.000092
  208     0.000005,   -0.000006,    0.000006,   -0.000113,    0.000132
  209     0.000016,   -0.000007,    0.000021,   -0.000377,    0.000161
  210     0.000011,   -0.000001,    0.000012,   -0.000259,    0.000015
  211    -0.000018,   -0.000006,   -0.000030,    0.000419,    0.000134
  212     0.000020,   -0.000006,    0.000004,   -0.000464,    0.000143
  213     0.000019,   -0.000017,    0.000008,   -0.000441,    0.000386
  214     0.000016,   -0.000037,    0.000045,   -0.000380,    0.000858
  215     0.000002,   -0.000011,    0.000035,   -0.000056,    0.000252
  216     0.000003,    0.000000,    0.000008,   -0.000065,   -0.000007
  217     0.000008,    0.000001,    0.000011,   -0.000190,   -0.000031
  218    -0.000001,    0.000001,    0.000000,    0.000027,   -0.000023
  219    -0.000008,    0.000001,    0.000000,    0.000185,   -0.000028
  220    -0.000008,    0.000008,   -0.000008,    0.000183,   -0.000182
  221    -0.000005,    0.000004,   -0.000011,    0.000127,   -0.000098
  222     0.000005,    0.000003,    0.000001,   -0.000114,   -0.000073
                90,          91,          92,          93,          94
    0     0.001570,   -0.011028,   -0.001601,   -0.007622,   -0.019318
    1     0.003357,   -0.023186,   -0.003365,   -0.016026,   -0.043687
    2    -0.006185,    0.041445,    0.006015,    0.028646,    0.088090
    3    -0.006115,    0.041060,    0.005959,    0.028380,    0.086572
    4     0.001335,   -0.008330,   -0.001210,   -0.005759,   -0.023612
    5     0.012146,   -0.074672,   -0.012510,   -0.059582,   -0.147215
    6     0.001763,   -0.012510,    0.009712,   -0.008646,   -0.025388
    7     0.005787,   -0.059585,   -0.008647,   -0.029657,   -0.120921
    8     0.008903,   -0.052271,   -0.009183,   -0.043738,   -0.102900
    9     0.001292,   -0.009184,    0.009673,   -0.006347,   -0.018524
   10     0.003757,   -0.043740,   -0.006347,   -0.019226,   -0.088227
   11    -0.000264,    0.010675,    0.000217,    0.001038,    0.021900
   12    -0.000038,    0.000217,    0.009207,    0.000150,    0.000915
   13    -0.001911,    0.001035,    0.000150,    0.009890,    0.004355
   14    -0.000159,    0.000998,   -0.002898,    0.000804,    0.001846
   15    -0.000115,    0.000804,   -0.003087,    0.000618,    0.001534
   16     0.000520,    0.001618,    0.000670,   -0.002695,    0.002989
   17    -0.000169,    0.004726,    0.000804,    0.000803,    0.008743
   18    -0.000751,    0.000898,    0.001539,    0.003906,    0.001872
   19    -0.000155,    0.000638,   -0.008645,    0.000839,    0.000938
   20    -0.000108,    0.000839,   -0.008699,    0.000576,    0.001381
   21     0.001453,    0.004932,    0.001808,   -0.007508,    0.009169
   22     0.000951,    0.002967,    0.000839,   -0.004723,    0.004335
   23    -0.001107,   -0.004620,    0.003194,    0.005834,   -0.009399
   24     0.000065,   -0.000052,    0.001396,   -0.000338,   -0.000077
   25    -0.000005,   -0.000256,    0.001575,    0.000018,   -0.000437
   26    -0.000041,   -0.000277,    0.000273,    0.000216,   -0.000515
   27    -0.000116,   -0.000364,   -0.000028,    0.000609,   -0.000727
   28    -0.000311,   -0.001112,   -0.000206,    0.001618,   -0.001990
   29     0.000019,   -0.000168,   -0.000503,   -0.000092,   -0.000234
   30     0.000116,    0.000481,   -0.000553,   -0.000626,    0.000938
   31     0.000000,   -0.000000,   -0.000003,   -0.000002,   -0.000002
   32    -0.000001,   -0.000008,    0.000020,    0.000003,   -0.000020
   33    -0.000067,   -0.000061,    0.000779,    0.000293,    0.000083
   34    -0.000696,   -0.000417,    0.007806,    0.003058,    0.001441
   35     0.002088,    0.002366,   -0.025094,   -0.009186,   -0.001833
   36     0.000792,   -0.000909,   -0.007899,   -0.003931,   -0.002765
   37    -0.000023,    0.000072,    0.000101,    0.000125,    0.000114
   38    -0.000023,    0.000065,    0.000130,    0.000121,    0.000141
   39    -0.000013,    0.000110,    0.000144,    0.000072,    0.000207
   40     0.000539,   -0.001695,   -0.002385,   -0.002948,   -0.002663
   41     0.000542,   -0.001509,   -0.003040,   -0.002829,   -0.003280
   42     0.000306,   -0.002575,   -0.003380,   -0.001683,   -0.004861
   43    -0.002969,    0.009476,    0.013332,    0.016144,    0.015206
   44    -0.002815,    0.007290,    0.016481,    0.014646,    0.016051
   45    -0.001691,    0.013574,    0.018450,    0.009232,    0.025757
   46    -0.005059,    0.013734,    0.022890,    0.027738,    0.020678
   47    -0.005405,    0.015844,    0.028104,    0.028251,    0.033906
   48    -0.002643,    0.024742,    0.032687,    0.014616,    0.046395
   49    -0.002530,    0.008873,    0.011537,    0.013655,    0.014540
   50    -0.002252,    0.003813,    0.016839,    0.011700,    0.008659
   51    -0.001580,    0.010370,    0.016563,    0.008550,    0.019514
   52     0.000001,    0.000002,   -0.000003,   -0.000005,    0.000002
   53    -0.000000,   -0.000001,    0.000001,    0.000000,   -0.000002
   54    -0.000001,   -0.000005,   -0.000006,    0.000005,   -0.000011
   55    -0.000002,    0.000010,   -0.000006,    0.000007,    0.000021
   56    -0.000000,    0.000011,   -0.000006,    0.000001,    0.000023
   57    -0.000007,   -0.000140,    0.000041,    0.000040,   -0.000250
   58     0.000003,    0.000030,   -0.000060,   -0.000011,    0.000041
   59     0.000027,    0.000053,    0.000124,   -0.000144,    0.000120
   60     0.000049,   -0.000311,    0.000111,   -0.000235,   -0.000644
   61     0.000017,   -0.000378,    0.000148,   -0.000094,   -0.000759
   62    -0.000328,    0.001395,    0.001233,    0.001594,    0.002869
   63    -0.000096,    0.000036,    0.000932,    0.000419,    0.000268
   64    -0.000063,    0.000935,    0.000379,    0.000345,    0.001851
   65    -0.000268,    0.001392,    0.001370,    0.001302,    0.002868
   66    -0.000240,    0.001546,    0.000436,    0.001308,    0.003129
   67    -0.000876,    0.002548,    0.003254,    0.004290,    0.005666
   68    -0.000223,   -0.000165,    0.001714,    0.001041,    0.000186
   69     0.000065,    0.003098,    0.001797,   -0.000330,    0.006297
   70    -0.000278,    0.000855,    0.005401,    0.001375,    0.001791
   71    -0.000609,    0.000859,    0.002882,    0.003242,    0.001787
   72     0.000237,   -0.000563,   -0.000824,   -0.001250,   -0.001192
   73     0.000196,   -0.000894,   -0.001116,   -0.000961,   -0.001828
   74     0.000059,   -0.000927,   -0.000471,   -0.000305,   -0.001910
   75    -0.000065,   -0.000455,    0.000086,    0.000317,   -0.000843
   76    -0.000049,   -0.000275,   -0.000744,    0.000255,   -0.000498
   77     0.000051,   -0.000124,   -0.000621,   -0.000303,   -0.000178
   78    -0.000168,    0.001052,    0.000082,    0.000798,    0.002168
   79     0.000000,   -0.000001,   -0.000000,   -0.000000,   -0.000014
   80    -0.000010,    0.000070,    0.000010,    0.000048,    0.000128
   81    -0.000188,    0.001124,    0.000163,    0.000777,    0.004091
   82    -0.001712,    0.009963,    0.001446,    0.006886,    0.039368
   83     0.006065,   -0.036878,   -0.005352,   -0.025488,   -0.127767
   84    -0.001102,    0.009296,    0.001349,    0.006426,    0.006310
   85     0.000061,    0.001094,   -0.000070,   -0.000334,    0.002093
   86     0.000009,   -0.000070,    0.001567,   -0.000048,   -0.000115
   87    -0.000261,   -0.000334,   -0.000048,    0.001346,   -0.000549
   88    -0.001424,   -0.025476,    0.001648,    0.007851,   -0.048746
   89    -0.000207,    0.001648,   -0.036595,    0.001139,    0.002713
   90     0.006091,    0.007851,    0.001139,   -0.031408,    0.012923
   91     0.007851,    0.129582,   -0.009030,   -0.043006,    0.247329
   92     0.001139,   -0.009030,    0.190493,   -0.006242,   -0.015059
   93    -0.031408,   -0.043006,   -0.006242,    0.162077,   -0.071719
   94     0.012923,    0.247329,   -0.015059,   -0.071719,    0.475008
   95     0.001875,   -0.015059,    0.348907,   -0.010409,   -0.024383
   96    -0.058511,   -0.071719,   -0.010409,    0.301519,   -0.116127
   97     0.006919,    0.094634,   -0.007876,   -0.037515,    0.181778
   98     0.001004,   -0.007877,    0.147766,   -0.005445,   -0.013166
   99    -0.023807,   -0.037514,   -0.005445,    0.122981,   -0.062705
  100    -0.000001,    0.000003,    0.000007,    0.000002,    0.000006
  101    -0.000000,    0.000002,    0.000010,    0.000000,    0.000005
  102    -0.000001,   -0.000004,   -0.000003,    0.000006,   -0.000008
  103    -0.000004,    0.000015,    0.000002,    0.000018,    0.000029
  104    -0.000001,    0.000018,   -0.000002,    0.000002,    0.000035
  105     0.000027,   -0.000213,   -0.000445,   -0.000129,   -0.000416
  106     0.000018,   -0.000129,   -0.000435,   -0.000090,   -0.000259
  107     0.000064,    0.000265,    0.000090,   -0.000332,    0.000487
  108     0.000206,   -0.001020,   -0.000129,   -0.001026,   -0.001989
  109     0.000061,   -0.001040,    0.000032,   -0.000293,   -0.002013
  110    -0.000167,    0.001749,    0.004340,    0.000797,    0.003470
  111    -0.000228,    0.000797,    0.003035,    0.001140,    0.001649
  112    -0.000627,   -0.002559,   -0.000385,    0.003229,   -0.004801
  113    -0.001608,    0.008334,    0.000797,    0.007968,    0.016533
  114    -0.000550,    0.008061,   -0.000058,    0.002650,    0.015816
  115    -0.000160,    0.002197,    0.005887,    0.000744,    0.004605
  116    -0.000373,    0.000744,    0.002953,    0.001869,    0.001724
  117    -0.000852,   -0.003451,   -0.000053,    0.004332,   -0.006632
  118    -0.001898,    0.010432,    0.000744,    0.009315,    0.021875
  119    -0.000773,    0.009404,    0.000236,    0.003739,    0.019413
  120    -0.000085,    0.001237,    0.002269,    0.000403,    0.002473
  121    -0.000200,    0.000972,    0.002388,    0.000992,    0.002002
  122    -0.000130,   -0.000007,    0.000355,    0.000669,    0.000031
  123     0.000179,   -0.003157,   -0.000335,   -0.000843,   -0.006233
  124    -0.000714,    0.000323,    0.000000,    0.003604,    0.000842
  125    -0.000670,    0.004763,    0.000023,    0.003311,    0.009523
  126    -0.000203,    0.003204,   -0.000378,    0.000979,    0.006369
  127    -0.000000,   -0.000003,    0.000000,    0.000002,   -0.000009
  128     0.000004,    0.000010,   -0.000004,   -0.000019,    0.000015
  129     0.000100,    0.000636,   -0.000115,   -0.000528,    0.001618
  130     0.000965,    0.006543,   -0.001125,   -0.005136,    0.016826
  131    -0.003273,   -0.020138,    0.003785,    0.017312,   -0.050725
  132    -0.000772,   -0.007781,    0.000919,    0.004157,   -0.016337
  133     0.000003,    0.000316,   -0.000006,   -0.000023,    0.000554
  134    -0.000003,    0.000003,   -0.000055,    0.000015,    0.000004
  135    -0.000002,    0.000022,    0.000015,    0.000013,    0.000027
  136    -0.000070,   -0.007417,    0.000149,    0.000558,   -0.013004
  137     0.000065,   -0.000082,    0.001298,   -0.000362,   -0.000090
  138     0.000039,   -0.000518,   -0.000358,   -0.000299,   -0.000665
  139     0.000514,    0.039889,   -0.000950,   -0.003698,    0.070370
  140    -0.000361,    0.000643,   -0.006735,    0.001987,    0.000869
  141    -0.000299,    0.003723,    0.001963,    0.002037,    0.005367
  142     0.000658,    0.070368,   -0.001426,   -0.005324,    0.122613
  143    -0.000581,    0.000433,   -0.014163,    0.003263,    0.000220
  144     0.000146,    0.003332,    0.003234,    0.000251,    0.003386
  145     0.001018,    0.034484,   -0.001426,   -0.006029,    0.060727
  146    -0.000380,    0.000611,   -0.004588,    0.002036,    0.000930
  147    -0.000782,    0.003457,    0.002005,    0.004365,    0.005436
  148    -0.000000,    0.000001,    0.000010,    0.000002,    0.000002
  149    -0.000000,    0.000003,    0.000004,    0.000000,    0.000007
  150    -0.000000,    0.000006,   -0.000001,   -0.000000,    0.000012
  151    -0.000003,    0.000003,    0.000002,    0.000017,    0.000008
  152    -0.000001,    0.000003,    0.000000,    0.000006,    0.000009
  153     0.000013,   -0.000045,   -0.000216,   -0.000062,   -0.000091
  154    -0.000003,   -0.000043,   -0.000087,    0.000014,   -0.000108
  155    -0.000009,   -0.000021,    0.000046,    0.000052,   -0.000060
  156     0.000099,   -0.000214,   -0.000062,   -0.000495,   -0.000432
  157     0.000026,   -0.000156,   -0.000010,   -0.000136,   -0.000379
  158    -0.000067,    0.000552,   -0.000287,    0.000315,    0.001012
  159     0.000039,   -0.000366,   -0.000205,   -0.000177,   -0.000662
  160     0.000073,   -0.002112,    0.000001,   -0.000331,   -0.004233
  161    -0.000233,    0.002637,    0.000303,    0.001101,    0.004858
  162     0.000070,    0.002079,   -0.000052,   -0.000378,    0.004473
  163    -0.000049,    0.001235,   -0.002494,    0.000200,    0.002198
  164     0.000115,   -0.001183,   -0.001828,   -0.000527,   -0.002428
  165     0.000196,   -0.005301,    0.000503,   -0.000858,   -0.010980
  166     0.000299,    0.005910,    0.000155,   -0.001689,    0.010564
  167     0.000527,    0.004054,   -0.000237,   -0.002762,    0.008457
  168     0.000025,   -0.000305,    0.000766,   -0.000115,   -0.000509
  169    -0.000051,    0.000472,    0.000445,    0.000234,    0.000898
  170     0.000037,   -0.000104,   -0.000343,   -0.000180,   -0.000229
  171     0.000109,    0.000626,    0.000041,   -0.000580,    0.000966
  172    -0.000155,    0.002146,    0.000010,    0.000740,    0.004254
  173    -0.000039,   -0.001187,   -0.000041,    0.000237,   -0.001996
  174    -0.000048,   -0.001098,   -0.000043,    0.000253,   -0.002299
  175     0.000001,   -0.000000,    0.000002,   -0.000003,   -0.000002
  176    -0.000002,   -0.000009,   -0.000017,    0.000011,   -0.000020
  177    -0.000126,   -0.000066,   -0.000590,    0.000587,    0.000073
  178    -0.001291,   -0.000462,   -0.005859,    0.005993,    0.001341
  179     0.004008,    0.002513,    0.019095,   -0.018677,   -0.001516
  180     0.001353,   -0.000864,    0.005594,   -0.006830,   -0.002676
  181    -0.000028,    0.000072,   -0.000041,    0.000155,    0.000112
  182     0.000019,   -0.000014,    0.000021,   -0.000099,   -0.000044
  183    -0.000033,    0.000126,   -0.000122,    0.000181,    0.000245
  184     0.000663,   -0.001678,    0.000968,   -0.003649,   -0.002630
  185    -0.000443,    0.000323,   -0.000495,    0.002314,    0.001005
  186     0.000782,   -0.002946,    0.002862,   -0.004245,   -0.005743
  187    -0.003671,    0.009386,   -0.005548,    0.020101,    0.015033
  188     0.002287,   -0.001099,    0.002910,   -0.011910,   -0.004113
  189    -0.004235,    0.015253,   -0.015689,    0.022893,    0.029877
  190    -0.006252,    0.013561,   -0.009512,    0.034510,    0.020344
  191     0.004440,   -0.004323,    0.003103,   -0.023253,   -0.011943
  192    -0.007308,    0.028855,   -0.027660,    0.039790,    0.055873
  193    -0.003148,    0.008809,   -0.004918,    0.017109,    0.014418
  194     0.001955,    0.000770,    0.004886,   -0.010146,    0.000091
  195    -0.003834,    0.010911,   -0.014978,    0.020566,    0.021158
  196    -0.000001,    0.000002,    0.000003,    0.000007,    0.000006
  197    -0.000000,    0.000002,    0.000008,    0.000000,    0.000003
  198    -0.000000,   -0.000006,    0.000004,    0.000002,   -0.000012
  199    -0.000000,    0.000010,    0.000008,    0.000001,    0.000020
  200     0.000000,    0.000011,    0.000004,   -0.000001,    0.000022
  201     0.000023,    0.000005,   -0.000060,   -0.000118,   -0.000028
  202     0.000004,   -0.000127,   -0.000208,   -0.000038,   -0.000232
  203     0.000016,    0.000113,   -0.000073,   -0.000079,    0.000225
  204     0.000029,   -0.000344,   -0.000188,   -0.000132,   -0.000695
  205     0.000005,   -0.000343,   -0.000114,   -0.000026,   -0.000698
  206     0.000223,   -0.000716,    0.000140,   -0.001089,   -0.001472
  207    -0.000029,    0.001151,    0.000368,    0.000296,    0.002174
  208    -0.000142,    0.000496,   -0.000617,    0.000654,    0.001098
  209    -0.000488,    0.001842,   -0.000852,    0.002405,    0.003792
  210    -0.000273,    0.001279,   -0.000101,    0.001458,    0.002667
  211     0.000699,   -0.001979,   -0.000660,   -0.003419,   -0.004446
  212    -0.000100,    0.002418,   -0.000871,    0.000702,    0.004591
  213    -0.000182,    0.002074,   -0.001896,    0.000809,    0.004547
  214    -0.001059,    0.001801,   -0.004486,    0.005331,    0.003914
  215    -0.000817,    0.000230,   -0.001358,    0.004296,    0.000700
  216    -0.000182,    0.000309,    0.000028,    0.000956,    0.000694
  217    -0.000248,    0.000921,    0.000153,    0.001211,    0.001928
  218    -0.000004,   -0.000185,    0.000184,   -0.000054,   -0.000276
  219    -0.000004,   -0.000911,    0.000133,    0.000031,   -0.001847
  220     0.000197,   -0.000910,    0.000953,   -0.000976,   -0.001814
  221     0.000251,   -0.000638,    0.000548,   -0.001352,   -0.001307
  222    -0.000024,    0.000564,    0.000376,    0.000087,    0.001157
                95,          96,          97,          98,          99
    0    -0.002804,   -0.013352,   -0.004264,   -0.000619,   -0.002947
    1    -0.006340,   -0.030196,   -0.009888,   -0.001435,   -0.006834
    2     0.012785,    0.060886,    0.021293,    0.003090,    0.014717
    3     0.012564,    0.059837,    0.020783,    0.003016,    0.014364
    4    -0.003428,   -0.016324,   -0.011447,   -0.001662,   -0.007913
    5    -0.025388,   -0.120917,   -0.048097,   -0.007677,   -0.036561
    6     0.024035,   -0.017547,   -0.007676,    0.003681,   -0.005305
    7    -0.017548,   -0.055860,   -0.036562,   -0.005306,   -0.020476
    8    -0.018524,   -0.088224,   -0.032501,   -0.005483,   -0.026114
    9     0.022047,   -0.012803,   -0.005483,    0.004482,   -0.003790
   10    -0.012803,   -0.036246,   -0.026115,   -0.003790,   -0.012772
   11     0.000915,    0.004362,    0.011711,    0.000798,    0.003801
   12     0.015728,    0.000632,    0.000798,    0.006330,    0.000551
   13     0.000631,    0.018603,    0.003799,    0.000551,    0.008838
   14    -0.005359,    0.001534,    0.000693,   -0.002232,    0.000522
   15    -0.005447,    0.001053,    0.000522,   -0.002615,    0.000524
   16     0.001133,   -0.004963,    0.001252,    0.000612,   -0.002078
   17     0.001534,    0.001690,    0.003272,    0.000522,    0.000186
   18     0.002755,    0.007095,    0.000249,    0.001229,    0.002944
   19    -0.016051,    0.001381,    0.000468,   -0.006612,    0.000576
   20    -0.016164,    0.000959,    0.000576,   -0.006932,    0.000528
   21     0.003364,   -0.013889,    0.003776,    0.001495,   -0.005759
   22     0.001381,   -0.009570,    0.002166,    0.000576,   -0.003898
   23     0.005806,    0.010250,   -0.003826,    0.002530,    0.004550
   24     0.002565,   -0.000607,    0.000014,    0.001099,   -0.000226
   25     0.002884,    0.000057,   -0.000215,    0.001230,    0.000003
   26     0.000492,    0.000397,   -0.000137,    0.000225,    0.000224
   27    -0.000054,    0.001081,   -0.000280,   -0.000022,    0.000478
   28    -0.000369,    0.002993,   -0.000889,   -0.000164,    0.001252
   29    -0.000909,   -0.000120,    0.000065,   -0.000365,    0.000064
   30    -0.001002,   -0.001098,    0.000351,   -0.000437,   -0.000508
   31    -0.000008,   -0.000005,    0.000000,   -0.000006,   -0.000002
   32     0.000037,    0.000003,   -0.000011,    0.000009,   -0.000003
   33     0.001748,    0.000796,   -0.000184,    0.001019,    0.000318
   34     0.017600,    0.008394,   -0.001562,    0.010502,    0.003485
   35    -0.055531,   -0.024778,    0.005240,   -0.031383,   -0.010053
   36    -0.015740,   -0.008435,    0.000581,   -0.009418,   -0.003641
   37     0.000174,    0.000222,    0.000085,    0.000091,    0.000118
   38     0.000204,    0.000227,    0.000037,    0.000115,    0.000090
   39     0.000247,    0.000115,    0.000095,    0.000124,    0.000071
   40    -0.004108,   -0.005212,   -0.001982,   -0.002134,   -0.002766
   41    -0.004780,   -0.005307,   -0.000859,   -0.002697,   -0.002101
   42    -0.005828,   -0.002697,   -0.002224,   -0.002903,   -0.001664
   43     0.023098,    0.028754,    0.010751,    0.011802,    0.014951
   44     0.026269,    0.027601,    0.004077,    0.014498,    0.010871
   45     0.032037,    0.014979,    0.011665,    0.015733,    0.009012
   46     0.039356,    0.048712,    0.016887,    0.020450,    0.026007
   47     0.043519,    0.052664,    0.008990,    0.024840,    0.020738
   48     0.056096,    0.022957,    0.021132,    0.027952,    0.014586
   49     0.020119,    0.024388,    0.008918,    0.009954,    0.011903
   50     0.027764,    0.021773,    0.001987,    0.013603,    0.008426
   51     0.028988,    0.014008,    0.008515,    0.013441,    0.007813
   52    -0.000006,   -0.000011,    0.000001,   -0.000003,   -0.000005
   53     0.000003,    0.000000,    0.000000,   -0.000000,    0.000001
   54    -0.000011,    0.000009,   -0.000005,   -0.000004,    0.000003
   55    -0.000011,    0.000016,    0.000008,   -0.000005,    0.000006
   56    -0.000012,    0.000002,    0.000008,   -0.000004,    0.000000
   57     0.000072,    0.000078,   -0.000061,    0.000045,    0.000077
   58    -0.000160,   -0.000030,    0.000015,    0.000009,   -0.000001
   59     0.000253,   -0.000259,    0.000084,    0.000087,   -0.000102
   60     0.000188,   -0.000505,   -0.000239,    0.000088,   -0.000178
   61     0.000299,   -0.000177,   -0.000254,    0.000063,   -0.000074
   62     0.002363,    0.003236,    0.000630,    0.000844,    0.000828
   63     0.002156,    0.000933,   -0.000165,    0.000342,    0.000138
   64     0.000596,    0.000631,    0.000471,    0.000345,    0.000223
   65     0.002604,    0.002711,    0.000920,    0.001016,    0.000860
   66     0.000492,    0.002338,    0.001032,    0.000645,    0.001087
   67     0.006217,    0.008840,    0.001610,    0.002430,    0.003011
   68     0.003916,    0.002292,   -0.000325,    0.001173,    0.000690
   69     0.003262,   -0.000557,    0.002243,    0.001383,   -0.000317
   70     0.010014,    0.002752,    0.000410,    0.004108,    0.000840
   71     0.004706,    0.005737,    0.000479,    0.002270,    0.002457
   72    -0.001346,   -0.002269,   -0.000346,   -0.000723,   -0.000978
   73    -0.002111,   -0.001958,   -0.000539,   -0.000821,   -0.000603
   74    -0.000896,   -0.000596,   -0.000577,   -0.000342,   -0.000192
   75     0.000326,    0.000620,   -0.000378,   -0.000027,    0.000207
   76    -0.001368,    0.000467,   -0.000210,   -0.000574,    0.000206
   77    -0.000871,   -0.000467,   -0.000141,   -0.000623,   -0.000295
   78     0.000215,    0.001704,    0.000641,    0.000019,    0.000458
   79    -0.000002,   -0.000010,   -0.000019,   -0.000003,   -0.000013
   80     0.000019,    0.000088,    0.000019,    0.000003,    0.000013
   81     0.000594,    0.002828,    0.003352,    0.000486,    0.002317
   82     0.005713,    0.027211,    0.034285,    0.004976,    0.023698
   83    -0.018543,   -0.088313,   -0.099745,   -0.014476,   -0.068944
   84     0.000916,    0.004363,   -0.011519,   -0.001671,   -0.007961
   85    -0.000115,   -0.000549,    0.000797,   -0.000062,   -0.000295
   86     0.002870,   -0.000080,   -0.000062,    0.001215,   -0.000043
   87    -0.000080,    0.002507,   -0.000295,   -0.000043,    0.001020
   88     0.002713,    0.012923,   -0.018578,    0.001453,    0.006919
   89    -0.067049,    0.001875,    0.001453,   -0.028379,    0.001004
   90     0.001875,   -0.058511,    0.006919,    0.001004,   -0.023807
   91    -0.015059,   -0.071719,    0.094634,   -0.007877,   -0.037514
   92     0.348907,   -0.010409,   -0.007876,    0.147766,   -0.005445
   93    -0.010409,    0.301519,   -0.037515,   -0.005445,    0.122981
   94    -0.024383,   -0.116127,    0.181778,   -0.013166,   -0.062705
   95     0.639483,   -0.016853,   -0.013166,    0.270589,   -0.009100
   96    -0.016853,    0.562753,   -0.062706,   -0.009100,    0.229160
   97    -0.013166,   -0.062706,    0.073667,   -0.006121,   -0.029154
   98     0.270589,   -0.009100,   -0.006121,    0.114959,   -0.004231
   99    -0.009100,    0.229160,   -0.029154,   -0.004231,    0.095698
  100     0.000013,    0.000005,    0.000001,    0.000005,    0.000001
  101     0.000019,    0.000000,    0.000001,    0.000008,   -0.000001
  102    -0.000005,    0.000010,   -0.000003,   -0.000002,    0.000004
  103     0.000005,    0.000034,    0.000005,    0.000001,    0.000010
  104    -0.000003,    0.000005,    0.000010,   -0.000002,   -0.000001
  105    -0.000815,   -0.000259,   -0.000097,   -0.000320,   -0.000055
  106    -0.000829,   -0.000165,   -0.000055,   -0.000327,   -0.000033
  107     0.000177,   -0.000606,    0.000188,    0.000070,   -0.000252
  108    -0.000259,   -0.001984,   -0.000463,   -0.000055,   -0.000566
  109     0.000056,   -0.000580,   -0.000572,    0.000057,   -0.000068
  110     0.008124,    0.001649,    0.000953,    0.003178,    0.000351
  111     0.005783,    0.002190,    0.000351,    0.002215,    0.000684
  112    -0.000764,    0.006011,   -0.001858,   -0.000277,    0.002433
  113     0.001649,    0.015624,    0.004540,    0.000351,    0.004775
  114    -0.000043,    0.005376,    0.004815,   -0.000211,    0.001162
  115     0.011280,    0.001724,    0.001716,    0.004473,    0.000577
  116     0.005768,    0.003728,    0.000577,    0.002127,    0.001483
  117    -0.000148,    0.008226,   -0.002623,    0.000006,    0.003273
  118     0.001724,    0.019207,    0.008148,    0.000577,    0.007137
  119     0.000620,    0.008053,    0.007207,    0.000244,    0.003010
  120     0.004259,    0.000867,    0.000827,    0.001711,    0.000227
  121     0.004533,    0.001972,    0.000593,    0.001763,    0.000661
  122     0.000705,    0.001258,   -0.000023,    0.000243,    0.000513
  123    -0.000702,   -0.001827,   -0.002141,   -0.000198,   -0.000447
  124     0.000028,    0.006948,    0.000058,   -0.000023,    0.002576
  125     0.000121,    0.006622,    0.003184,   -0.000037,    0.002211
  126    -0.000676,    0.002034,    0.002138,   -0.000312,    0.000580
  127     0.000001,    0.000003,   -0.000005,    0.000001,    0.000004
  128    -0.000008,   -0.000039,   -0.000001,   -0.000003,   -0.000014
  129    -0.000223,   -0.001013,    0.000742,   -0.000168,   -0.000772
  130    -0.002144,   -0.009721,    0.007930,   -0.001678,   -0.007691
  131     0.007211,    0.032791,   -0.023200,    0.005110,    0.023432
  132     0.001674,    0.007539,   -0.007827,    0.001370,    0.006257
  133    -0.000005,   -0.000014,    0.000275,   -0.000006,   -0.000023
  134    -0.000115,    0.000025,    0.000008,   -0.000038,    0.000016
  135     0.000024,   -0.000006,    0.000043,    0.000016,    0.000034
  136     0.000128,    0.000351,   -0.006451,    0.000141,    0.000544
  137     0.002717,   -0.000580,   -0.000195,    0.000890,   -0.000378
  138    -0.000576,    0.000146,   -0.001022,   -0.000373,   -0.000782
  139    -0.000989,   -0.003290,    0.034487,   -0.000869,   -0.003434
  140    -0.014165,    0.003256,    0.001168,   -0.004591,    0.002028
  141     0.003228,    0.000251,    0.006052,    0.001996,    0.004366
  142    -0.001218,   -0.003313,    0.060731,   -0.001395,   -0.005396
  143    -0.029015,    0.005094,    0.001627,   -0.009867,    0.003466
  144     0.005072,   -0.006438,    0.008678,    0.003419,    0.005449
  145    -0.002092,   -0.008638,    0.028402,   -0.001153,   -0.004882
  146    -0.009862,    0.003476,    0.000947,   -0.002890,    0.001753
  147     0.003430,    0.005448,    0.004901,    0.001720,    0.004822
  148     0.000018,    0.000003,    0.000001,    0.000008,    0.000001
  149     0.000008,    0.000001,    0.000003,    0.000003,    0.000001
  150    -0.000003,    0.000001,    0.000005,   -0.000001,    0.000001
  151     0.000003,    0.000032,    0.000002,    0.000001,    0.000011
  152     0.000001,    0.000011,    0.000003,    0.000001,    0.000006
  153    -0.000409,   -0.000129,   -0.000038,   -0.000178,   -0.000030
  154    -0.000192,    0.000022,   -0.000050,   -0.000067,   -0.000011
  155     0.000093,    0.000074,   -0.000079,    0.000028,    0.000010
  156    -0.000130,   -0.000988,   -0.000177,   -0.000030,   -0.000314
  157    -0.000013,   -0.000261,   -0.000088,   -0.000017,   -0.000143
  158    -0.000584,    0.000701,    0.000451,   -0.000136,    0.000140
  159    -0.000248,   -0.000420,   -0.000188,   -0.000196,   -0.000002
  160    -0.000086,   -0.000752,   -0.001097,    0.000086,    0.000026
  161     0.000679,    0.002509,    0.002137,    0.000130,    0.000478
  162    -0.000134,   -0.000697,    0.001104,   -0.000017,   -0.000261
  163    -0.004888,    0.000574,    0.000916,   -0.001887,    0.000095
  164    -0.003276,   -0.001272,   -0.000854,   -0.001464,   -0.000338
  165     0.000731,   -0.002228,   -0.003713,    0.000459,   -0.000451
  166     0.000493,   -0.002491,    0.004375,    0.000061,   -0.001529
  167    -0.000484,   -0.005122,    0.002732,   -0.000196,   -0.002270
  168     0.001460,   -0.000277,   -0.000264,    0.000569,   -0.000056
  169     0.000749,    0.000555,    0.000343,    0.000380,    0.000113
  170    -0.000617,   -0.000379,   -0.000050,   -0.000272,   -0.000108
  171     0.000074,   -0.001005,    0.000601,    0.000036,   -0.000467
  172     0.000108,    0.001626,    0.001434,   -0.000048,    0.000394
  173    -0.000144,    0.000248,   -0.001020,    0.000003,    0.000277
  174    -0.000048,    0.000482,   -0.000639,   -0.000042,    0.000226
  175     0.000005,   -0.000008,    0.000000,    0.000004,   -0.000005
  176    -0.000032,    0.000018,   -0.000011,   -0.000010,    0.000001
  177    -0.001268,    0.001443,   -0.000190,   -0.000798,    0.000708
  178    -0.012610,    0.014882,   -0.001624,   -0.008135,    0.007487
  179     0.040472,   -0.045396,    0.005425,    0.024455,   -0.022045
  180     0.010906,   -0.014158,    0.000636,    0.007089,   -0.007186
  181    -0.000068,    0.000272,    0.000084,   -0.000034,    0.000144
  182     0.000012,   -0.000181,    0.000005,    0.000028,   -0.000071
  183    -0.000202,    0.000308,    0.000101,   -0.000105,    0.000159
  184     0.001614,   -0.006406,   -0.001970,    0.000815,   -0.003386
  185    -0.000276,    0.004252,   -0.000124,   -0.000654,    0.001665
  186     0.004769,   -0.007233,   -0.002362,    0.002463,   -0.003720
  187    -0.009302,    0.035531,    0.010687,   -0.004650,    0.018413
  188     0.002122,   -0.022006,    0.001038,    0.003635,   -0.008555
  189    -0.026413,    0.039298,    0.012214,   -0.013387,    0.019939
  190    -0.015957,    0.060246,    0.016765,   -0.008013,    0.031983
  191    -0.000490,   -0.042427,    0.000427,    0.004929,   -0.016571
  192    -0.045835,    0.067298,    0.022785,   -0.023739,    0.034617
  193    -0.008348,    0.030354,    0.008871,   -0.004201,    0.014886
  194     0.006492,   -0.018558,    0.001666,    0.004456,   -0.007000
  195    -0.025726,    0.035401,    0.008493,   -0.011983,    0.017008
  196     0.000006,    0.000015,    0.000003,    0.000002,    0.000007
  197     0.000015,    0.000000,   -0.000001,    0.000005,    0.000000
  198     0.000007,    0.000004,   -0.000005,    0.000004,    0.000001
  199     0.000015,    0.000004,    0.000008,    0.000006,    0.000001
  200     0.000008,   -0.000002,    0.000008,    0.000003,   -0.000001
  201    -0.000121,   -0.000249,   -0.000040,   -0.000053,   -0.000132
  202    -0.000433,   -0.000037,   -0.000050,   -0.000105,   -0.000055
  203    -0.000117,   -0.000154,    0.000108,   -0.000084,   -0.000035
  204    -0.000358,   -0.000309,   -0.000244,   -0.000143,   -0.000080
  205    -0.000214,   -0.000055,   -0.000240,   -0.000064,   -0.000031
  206     0.000244,   -0.002158,   -0.000207,    0.000161,   -0.000527
  207     0.001052,    0.000225,    0.000793,   -0.000029,    0.000508
  208    -0.001324,    0.001411,    0.000095,   -0.000314,    0.000250
  209    -0.001503,    0.004846,    0.001096,   -0.000705,    0.001553
  210    -0.000095,    0.002637,    0.000807,   -0.000195,    0.001192
  211    -0.001367,   -0.007064,   -0.001302,   -0.000480,   -0.002450
  212    -0.001039,    0.000701,    0.001835,   -0.000769,    0.000608
  213    -0.003864,    0.002004,    0.001388,   -0.001412,    0.000477
  214    -0.008159,    0.010411,    0.001016,   -0.003513,    0.003782
  215    -0.002300,    0.007720,   -0.000040,   -0.001064,    0.003244
  216     0.000088,    0.001747,    0.000164,    0.000003,    0.000739
  217     0.000317,    0.002466,    0.000532,    0.000096,    0.000771
  218     0.000102,    0.000107,   -0.000220,    0.000261,   -0.000180
  219     0.000254,    0.000013,   -0.000598,    0.000102,    0.000061
  220     0.001731,   -0.001952,   -0.000584,    0.000754,   -0.000637
  221     0.000847,   -0.002357,   -0.000409,    0.000507,   -0.001101
  222     0.000712,    0.000279,    0.000352,    0.000277,   -0.000011
               100,         101,         102,         103,         104
    0    -0.000002,   -0.000002,    0.000000,   -0.000012,   -0.000008
    1    -0.000004,   -0.000003,    0.000000,   -0.000018,   -0.000013
    2     0.000002,    0.000001,   -0.000000,    0.000010,    0.000007
    3     0.000002,    0.000002,   -0.000000,    0.000011,    0.000008
    4    -0.000000,   -0.000000,    0.000000,   -0.000000,   -0.000000
    5    -0.000008,   -0.000001,    0.000005,   -0.000038,   -0.000013
    6    -0.000008,    0.000017,   -0.000008,   -0.000001,   -0.000010
    7    -0.000001,   -0.000012,   -0.000003,   -0.000013,   -0.000027
    8    -0.000006,   -0.000001,    0.000003,   -0.000028,   -0.000010
    9    -0.000005,    0.000012,   -0.000006,   -0.000001,   -0.000007
   10    -0.000001,   -0.000009,   -0.000002,   -0.000010,   -0.000020
   11    -0.000000,   -0.000002,   -0.000002,   -0.000002,   -0.000004
   12     0.000003,   -0.000004,    0.000002,   -0.000002,    0.000001
   13    -0.000002,    0.000002,    0.000002,   -0.000004,    0.000001
   14    -0.000000,    0.000000,   -0.000000,    0.000000,    0.000000
   15     0.000000,    0.000000,   -0.000000,    0.000000,    0.000000
   16    -0.000000,   -0.000000,   -0.000000,    0.000000,   -0.000000
   17     0.000000,    0.000000,    0.000000,    0.000001,    0.000001
   18     0.000000,    0.000000,   -0.000000,    0.000001,    0.000001
   19    -0.000001,    0.000000,    0.000000,   -0.000000,    0.000000
   20     0.000002,   -0.000002,    0.000000,   -0.000000,   -0.000000
   21    -0.000001,    0.000000,   -0.000001,    0.000000,   -0.000000
   22    -0.000000,    0.000000,    0.000001,   -0.000001,    0.000001
   23    -0.000000,   -0.000000,   -0.000001,    0.000001,   -0.000002
   24    -0.000000,    0.000000,   -0.000000,   -0.000000,   -0.000000
   25     0.000000,    0.000000,   -0.000000,    0.000000,   -0.000000
   26     0.000000,   -0.000000,   -0.000000,   -0.000000,   -0.000000
   27    -0.000000,   -0.000000,   -0.000000,    0.000000,   -0.000000
   28    -0.000000,   -0.000000,    0.000000,    0.000000,   -0.000000
   29    -0.000000,   -0.000000,    0.000000,   -0.000000,   -0.000000
   30    -0.000000,   -0.000000,   -0.000000,    0.000000,    0.000000
   31     0.000000,   -0.000000,    0.000000,   -0.000000,    0.000000
   32     0.000000,    0.000000,    0.000000,   -0.000000,   -0.000000
   33    -0.000001,    0.000001,   -0.000001,    0.000001,   -0.000001
   34    -0.000012,    0.000010,   -0.000013,    0.000014,   -0.000006
   35     0.000034,   -0.000030,    0.000038,   -0.000039,    0.000017
   36     0.000007,   -0.000006,    0.000008,   -0.000009,    0.000002
   37    -0.000000,    0.000000,    0.000000,   -0.000000,   -0.000000
   38     0.000000,   -0.000000,    0.000000,    0.000000,    0.000000
   39     0.000000,   -0.000000,   -0.000000,   -0.000000,   -0.000000
   40     0.000000,   -0.000002,   -0.000001,    0.000001,    0.000001
   41    -0.000000,    0.000001,   -0.000002,   -0.000000,   -0.000003
   42    -0.000001,    0.000001,    0.000001,    0.000000,    0.000000
   43    -0.000001,    0.000008,    0.000003,   -0.000005,   -0.000007
   44     0.000002,   -0.000006,    0.000008,    0.000001,    0.000013
   45     0.000007,   -0.000004,   -0.000003,   -0.000001,   -0.000002
   46    -0.000001,    0.000014,    0.000005,   -0.000009,   -0.000014
   47     0.000005,   -0.000013,    0.000016,    0.000002,    0.000026
   48     0.000013,   -0.000010,   -0.000005,   -0.000002,   -0.000003
   49    -0.000000,    0.000006,    0.000002,   -0.000002,   -0.000005
   50     0.000002,   -0.000005,    0.000007,   -0.000001,    0.000009
   51     0.000006,   -0.000003,   -0.000002,   -0.000001,   -0.000001
   52    -0.000000,   -0.000000,    0.000000,   -0.000000,    0.000000
   53    -0.000000,    0.000000,    0.000000,   -0.000000,   -0.000000
   54     0.000000,   -0.000000,   -0.000000,    0.000000,   -0.000000
   55     0.000000,   -0.000000,   -0.000000,    0.000000,   -0.000000
   56    -0.000000,    0.000000,    0.000000,    0.000000,    0.000000
   57    -0.000000,    0.000000,   -0.000000,   -0.000000,   -0.000000
   58     0.000000,   -0.000000,    0.000000,    0.000000,    0.000000
   59    -0.000000,    0.000000,   -0.000000,   -0.000000,   -0.000000
   60    -0.000000,    0.000000,    0.000000,   -0.000000,   -0.000000
   61     0.000000,   -0.000000,   -0.000000,   -0.000000,   -0.000000
   62     0.000000,   -0.000000,   -0.000000,    0.000001,    0.000001
   63    -0.000000,    0.000001,   -0.000000,    0.000000,   -0.000000
   64     0.000000,    0.000000,    0.000000,    0.000000,    0.000001
   65     0.000000,   -0.000000,   -0.000000,    0.000001,    0.000000
   66     0.000000,   -0.000000,    0.000001,    0.000000,    0.000002
   67     0.000001,   -0.000000,   -0.000001,    0.000002,    0.000000
   68    -0.000001,    0.000002,   -0.000001,    0.000001,   -0.000000
   69    -0.000000,    0.000001,    0.000001,   -0.000000,    0.000002
   70     0.000001,    0.000000,    0.000000,    0.000001,    0.000000
   71     0.000001,   -0.000001,    0.000001,   -0.000000,    0.000002
   72    -0.000000,    0.000000,   -0.000000,   -0.000000,   -0.000001
   73    -0.000000,    0.000000,    0.000000,   -0.000001,   -0.000000
   74     0.000000,   -0.000000,   -0.000000,   -0.000000,   -0.000001
   75    -0.000000,    0.000000,   -0.000000,    0.000000,   -0.000000
   76    -0.000000,   -0.000000,    0.000000,    0.000000,   -0.000000
   77    -0.000000,    0.000001,   -0.000000,    0.000000,   -0.000000
   78     0.000000,   -0.000000,   -0.000000,    0.000001,    0.000000
   79     0.000000,    0.000000,   -0.000000,    0.000000,    0.000000
   80     0.000000,    0.000000,   -0.000000,    0.000000,    0.000000
   81    -0.000000,   -0.000000,    0.000000,   -0.000002,   -0.000001
   82    -0.000005,   -0.000003,    0.000001,   -0.000023,   -0.000016
   83     0.000012,    0.000009,   -0.000001,    0.000059,    0.000041
   84     0.000004,    0.000003,   -0.000001,    0.000019,    0.000014
   85     0.000000,    0.000000,   -0.000000,    0.000000,    0.000000
   86     0.000000,    0.000000,   -0.000000,    0.000000,   -0.000000
   87     0.000000,    0.000000,    0.000000,    0.000000,    0.000000
   88    -0.000001,   -0.000001,    0.000001,   -0.000003,   -0.000004
   89    -0.000001,   -0.000002,    0.000001,   -0.000001,    0.000000
   90    -0.000001,   -0.000000,   -0.000001,   -0.000004,   -0.000001
   91     0.000003,    0.000002,   -0.000004,    0.000015,    0.000018
   92     0.000007,    0.000010,   -0.000003,    0.000002,   -0.000002
   93     0.000002,    0.000000,    0.000006,    0.000018,    0.000002
   94     0.000006,    0.000005,   -0.000008,    0.000029,    0.000035
   95     0.000013,    0.000019,   -0.000005,    0.000005,   -0.000003
   96     0.000005,    0.000000,    0.000010,    0.000034,    0.000005
   97     0.000001,    0.000001,   -0.000003,    0.000005,    0.000010
   98     0.000005,    0.000008,   -0.000002,    0.000001,   -0.000002
   99     0.000001,   -0.000001,    0.000004,    0.000010,   -0.000001
  100     0.000000,   -0.000000,    0.000000,    0.000000,    0.000000
  101    -0.000000,    0.000000,   -0.000000,    0.000000,    0.000000
  102     0.000000,   -0.000000,    0.000000,   -0.000000,    0.000000
  103     0.000000,    0.000000,   -0.000000,    0.000000,    0.000000
  104     0.000000,    0.000000,    0.000000,    0.000000,    0.000000
  105    -0.000000,    0.000000,    0.000000,   -0.000000,   -0.000000
  106     0.000000,   -0.000000,    0.000000,   -0.000000,   -0.000000
  107    -0.000000,    0.000000,   -0.000000,    0.000000,   -0.000000
  108    -0.000000,   -0.000000,    0.000000,   -0.000001,   -0.000000
  109    -0.000000,   -0.000000,   -0.000000,   -0.000000,   -0.000000
  110     0.000000,    0.000001,   -0.000000,    0.000001,    0.000000
  111    -0.000000,    0.000001,   -0.000000,    0.000001,    0.000000
  112     0.000000,   -0.000000,    0.000000,    0.000000,   -0.000000
  113     0.000001,    0.000000,   -0.000000,    0.000004,    0.000002
  114     0.000001,    0.000000,    0.000000,    0.000002,    0.000002
  115    -0.000001,    0.000002,   -0.000001,    0.000001,   -0.000000
  116    -0.000000,    0.000000,   -0.000000,    0.000001,   -0.000000
  117     0.000000,   -0.000001,   -0.000001,    0.000001,   -0.000001
  118     0.000001,   -0.000000,   -0.000000,    0.000002,    0.000002
  119     0.000000,    0.000000,    0.000000,    0.000001,    0.000001
  120    -0.000000,    0.000000,   -0.000000,    0.000000,    0.000000
  121     0.000000,    0.000000,   -0.000000,    0.000001,    0.000000
  122     0.000000,    0.000000,   -0.000000,    0.000000,   -0.000000
  123    -0.000000,   -0.000000,   -0.000000,   -0.000001,   -0.000001
  124     0.000000,   -0.000000,   -0.000000,    0.000001,    0.000000
  125     0.000000,    0.000000,    0.000000,    0.000001,    0.000001
  126     0.000000,    0.000000,    0.000000,    0.000001,    0.000001
  127     0.000000,   -0.000000,   -0.000000,    0.000000,   -0.000000
  128    -0.000000,   -0.000000,   -0.000000,   -0.000000,   -0.000000
  129    -0.000000,    0.000001,    0.000001,   -0.000000,    0.000002
  130    -0.000001,    0.000010,    0.000015,   -0.000004,    0.000018
  131     0.000003,   -0.000028,   -0.000043,    0.000013,   -0.000050
  132     0.000000,   -0.000006,   -0.000009,    0.000000,   -0.000011
  133     0.000000,   -0.000000,   -0.000000,    0.000000,   -0.000000
  134    -0.000000,    0.000000,   -0.000000,   -0.000000,    0.000000
  135    -0.000000,    0.000000,    0.000000,   -0.000000,    0.000000
  136    -0.000000,    0.000001,    0.000001,   -0.000001,    0.000001
  137     0.000002,   -0.000001,    0.000000,    0.000000,   -0.000000
  138     0.000000,   -0.000000,   -0.000000,    0.000003,   -0.000001
  139     0.000001,   -0.000003,   -0.000006,    0.000003,   -0.000003
  140    -0.000010,    0.000004,   -0.000001,   -0.000002,    0.000000
  141    -0.000002,    0.000000,   -0.000000,   -0.000017,    0.000006
  142     0.000002,   -0.000007,   -0.000012,    0.000008,   -0.000009
  143    -0.000018,    0.000008,   -0.000003,   -0.000003,    0.000001
  144    -0.000003,    0.000001,    0.000001,   -0.000032,    0.000011
  145     0.000001,   -0.000003,   -0.000005,    0.000002,   -0.000003
  146    -0.000008,    0.000003,   -0.000001,   -0.000001,    0.000001
  147    -0.000001,    0.000001,    0.000001,   -0.000011,    0.000006
  148    -0.000000,    0.000000,   -0.000000,    0.000000,   -0.000000
  149    -0.000000,    0.000000,   -0.000000,   -0.000000,   -0.000000
  150     0.000000,   -0.000000,    0.000000,   -0.000000,    0.000000
  151     0.000000,    0.000000,    0.000000,    0.000000,    0.000000
  152     0.000000,   -0.000000,    0.000000,   -0.000000,    0.000000
  153     0.000000,   -0.000000,    0.000000,   -0.000000,    0.000000
  154     0.000000,   -0.000000,    0.000000,    0.000000,    0.000000
  155    -0.000000,    0.000000,   -0.000000,    0.000000,    0.000000
  156    -0.000000,   -0.000000,   -0.000000,   -0.000000,   -0.000000
  157    -0.000000,   -0.000000,   -0.000000,    0.000000,   -0.000000
  158     0.000000,   -0.000000,    0.000000,    0.000000,    0.000000
  159    -0.000001,    0.000001,   -0.000000,   -0.000000,   -0.000000
  160    -0.000000,   -0.000000,    0.000000,   -0.000001,   -0.000001
  161     0.000000,   -0.000000,   -0.000000,    0.000002,   -0.000000
  162     0.000000,    0.000000,    0.000000,   -0.000000,    0.000001
  163     0.000001,   -0.000002,    0.000000,    0.000000,    0.000000
  164    -0.000001,    0.000001,   -0.000000,   -0.000000,   -0.000000
  165    -0.000000,   -0.000001,   -0.000000,   -0.000001,   -0.000001
  166     0.000000,   -0.000000,   -0.000002,    0.000002,   -0.000001
  167     0.000000,    0.000001,    0.000001,   -0.000000,    0.000002
  168    -0.000000,    0.000000,   -0.000000,   -0.000000,    0.000000
  169     0.000000,   -0.000000,    0.000000,    0.000000,    0.000000
  170    -0.000000,    0.000000,   -0.000000,   -0.000000,   -0.000000
  171     0.000000,   -0.000000,   -0.000000,    0.000000,   -0.000000
  172     0.000000,    0.000000,   -0.000000,    0.000001,    0.000000
  173    -0.000000,    0.000000,    0.000000,   -0.000001,    0.000000
  174    -0.000000,   -0.000000,   -0.000000,    0.000000,   -0.000001
  175    -0.000000,    0.000000,    0.000000,   -0.000000,   -0.000000
  176    -0.000000,   -0.000000,    0.000000,   -0.000000,   -0.000000
  177     0.000002,   -0.000002,   -0.000000,    0.000001,    0.000000
  178     0.000017,   -0.000018,   -0.000002,    0.000008,    0.000001
  179    -0.000047,    0.000051,    0.000006,   -0.000022,   -0.000001
  180    -0.000010,    0.000009,    0.000002,   -0.000006,   -0.000002
  181    -0.000000,   -0.000000,    0.000000,   -0.000000,   -0.000000
  182    -0.000000,   -0.000000,   -0.000000,   -0.000000,   -0.000000
  183    -0.000000,    0.000000,   -0.000000,    0.000000,    0.000000
  184     0.000000,    0.000001,   -0.000002,    0.000001,    0.000001
  185     0.000000,    0.000003,    0.000000,    0.000000,    0.000002
  186     0.000001,   -0.000001,    0.000001,   -0.000000,   -0.000000
  187    -0.000001,   -0.000006,    0.000008,   -0.000004,   -0.000004
  188    -0.000001,   -0.000013,   -0.000002,   -0.000001,   -0.000009
  189    -0.000007,    0.000006,   -0.000005,    0.000003,    0.000001
  190    -0.000003,   -0.000011,    0.000015,   -0.000009,   -0.000008
  191    -0.000001,   -0.000025,   -0.000004,   -0.000002,   -0.000017
  192    -0.000014,    0.000013,   -0.000009,    0.000005,    0.000001
  193    -0.000001,   -0.000005,    0.000007,   -0.000002,   -0.000003
  194    -0.000000,   -0.000010,   -0.000002,    0.000001,   -0.000006
  195    -0.000006,    0.000005,   -0.000003,    0.000001,    0.000000
  196     0.000000,   -0.000000,   -0.000000,    0.000000,   -0.000000
  197    -0.000000,    0.000000,   -0.000000,    0.000000,    0.000000
  198    -0.000000,    0.000000,   -0.000000,    0.000000,   -0.000000
  199     0.000000,   -0.000000,   -0.000000,    0.000000,   -0.000000
  200     0.000000,    0.000000,    0.000000,    0.000000,    0.000000
  201    -0.000000,    0.000000,    0.000000,    0.000000,    0.000000
  202     0.000000,   -0.000000,    0.000000,   -0.000000,   -0.000000
  203     0.000000,    0.000000,   -0.000000,   -0.000000,    0.000000
  204    -0.000000,   -0.000000,    0.000000,   -0.000000,   -0.000000
  205    -0.000000,   -0.000000,   -0.000000,   -0.000000,   -0.000000
  206    -0.000000,   -0.000000,    0.000000,   -0.000001,   -0.000000
  207    -0.000000,    0.000001,   -0.000000,    0.000000,    0.000001
  208     0.000000,   -0.000000,    0.000000,    0.000000,    0.000001
  209     0.000000,    0.000000,   -0.000000,    0.000001,    0.000000
  210     0.000000,    0.000001,    0.000000,    0.000000,    0.000001
  211    -0.000000,    0.000000,    0.000001,   -0.000002,   -0.000000
  212    -0.000001,    0.000003,   -0.000000,   -0.000000,    0.000001
  213     0.000001,   -0.000001,    0.000001,    0.000000,    0.000002
  214    -0.000000,    0.000000,   -0.000000,    0.000002,    0.000000
  215    -0.000001,    0.000001,    0.000001,    0.000000,    0.000001
  216    -0.000000,    0.000000,    0.000000,    0.000000,    0.000000
  217     0.000000,    0.000000,   -0.000000,    0.000001,    0.000000
  218     0.000000,   -0.000001,    0.000000,   -0.000000,    0.000000
  219    -0.000000,   -0.000000,   -0.000000,   -0.000000,   -0.000001
  220    -0.000000,   -0.000000,    0.000000,   -0.000001,   -0.000000
  221     0.000000,   -0.000001,   -0.000000,   -0.000000,   -0.000001
  222     0.000000,    0.000000,   -0.000000,    0.000000,    0.000000
               105,         106,         107,         108,         109
    0     0.000081,    0.000056,   -0.000011,    0.000385,    0.000273
    1     0.000164,    0.000113,   -0.000022,    0.000781,    0.000553
    2    -0.000270,   -0.000187,    0.000035,   -0.001287,   -0.000911
    3    -0.000270,   -0.000186,    0.000035,   -0.001284,   -0.000909
    4     0.000009,    0.000006,   -0.000001,    0.000042,    0.000029
    5     0.000411,    0.000186,    0.000019,    0.001942,    0.000834
    6    -0.000057,   -0.000644,    0.000245,    0.000186,    0.000438
    7     0.000186,    0.000398,   -0.000180,    0.000812,    0.001293
    8     0.000307,    0.000149,    0.000027,    0.001451,    0.000644
    9    -0.000066,   -0.000456,    0.000169,    0.000148,    0.000318
   10     0.000148,    0.000281,   -0.000151,    0.000626,    0.000953
   11     0.000018,    0.000051,    0.000056,    0.000088,    0.000130
   12    -0.000103,    0.000084,   -0.000054,    0.000051,   -0.000022
   13     0.000051,   -0.000054,   -0.000077,    0.000125,    0.000002
   14     0.000007,   -0.000002,   -0.000001,   -0.000017,   -0.000009
   15    -0.000011,   -0.000009,    0.000009,   -0.000006,   -0.000007
   16     0.000004,    0.000007,    0.000008,    0.000001,    0.000000
   17    -0.000017,   -0.000011,   -0.000004,   -0.000068,   -0.000041
   18    -0.000006,   -0.000003,    0.000008,   -0.000042,   -0.000040
   19     0.000031,   -0.000001,   -0.000003,    0.000002,   -0.000005
   20    -0.000021,    0.000065,   -0.000009,    0.000000,   -0.000003
   21     0.000008,   -0.000013,    0.000035,   -0.000000,    0.000001
   22     0.000002,   -0.000009,   -0.000011,    0.000038,   -0.000020
   23     0.000000,    0.000004,    0.000019,   -0.000022,    0.000053
   24    -0.000001,   -0.000005,    0.000002,    0.000003,    0.000003
   25    -0.000005,   -0.000004,    0.000001,   -0.000002,    0.000001
   26    -0.000002,    0.000002,   -0.000000,    0.000004,    0.000005
   27     0.000001,    0.000001,    0.000000,   -0.000001,    0.000004
   28     0.000000,    0.000001,   -0.000005,   -0.000006,    0.000004
   29     0.000004,    0.000003,   -0.000001,    0.000010,    0.000007
   30     0.000001,    0.000002,    0.000003,   -0.000002,   -0.000004
   31    -0.000000,    0.000000,   -0.000000,    0.000000,   -0.000000
   32    -0.000000,   -0.000000,   -0.000000,   -0.000000,    0.000000
   33     0.000031,   -0.000023,    0.000033,   -0.000040,    0.000008
   34     0.000333,   -0.000235,    0.000348,   -0.000407,    0.000086
   35    -0.000902,    0.000698,   -0.000973,    0.001148,   -0.000271
   36    -0.000224,    0.000096,   -0.000206,    0.000263,    0.000006
   37     0.000000,   -0.000001,   -0.000000,    0.000001,    0.000002
   38     0.000000,    0.000002,   -0.000001,   -0.000001,   -0.000004
   39    -0.000001,    0.000001,    0.000001,    0.000000,   -0.000000
   40    -0.000007,    0.000030,    0.000011,   -0.000030,   -0.000035
   41    -0.000007,   -0.000050,    0.000033,    0.000018,    0.000087
   42     0.000020,   -0.000033,   -0.000014,   -0.000004,    0.000002
   43     0.000029,   -0.000158,   -0.000057,    0.000134,    0.000176
   44     0.000036,    0.000243,   -0.000162,   -0.000099,   -0.000436
   45    -0.000104,    0.000155,    0.000076,    0.000010,   -0.000013
   46     0.000069,   -0.000287,   -0.000109,    0.000301,    0.000338
   47     0.000045,    0.000502,   -0.000341,   -0.000165,   -0.000882
   48    -0.000200,    0.000340,    0.000119,    0.000041,   -0.000024
   49     0.000007,   -0.000135,   -0.000052,    0.000044,    0.000099
   50    -0.000020,    0.000168,   -0.000156,   -0.000039,   -0.000302
   51    -0.000119,    0.000105,    0.000057,   -0.000008,   -0.000023
   52     0.000000,    0.000000,   -0.000000,    0.000000,   -0.000000
   53    -0.000000,   -0.000000,   -0.000000,    0.000000,    0.000000
   54    -0.000000,    0.000000,   -0.000000,   -0.000000,    0.000000
   55    -0.000000,    0.000000,    0.000000,   -0.000000,   -0.000000
   56     0.000000,    0.000000,    0.000000,   -0.000000,   -0.000000
   57     0.000001,    0.000000,    0.000000,    0.000004,    0.000003
   58     0.000002,    0.000006,   -0.000001,   -0.000000,   -0.000002
   59     0.000000,   -0.000003,    0.000000,    0.000002,    0.000002
   60     0.000001,   -0.000000,   -0.000001,    0.000006,    0.000002
   61    -0.000003,   -0.000002,   -0.000000,    0.000003,    0.000009
   62    -0.000017,   -0.000005,   -0.000001,   -0.000063,   -0.000030
   63    -0.000016,   -0.000050,    0.000009,   -0.000021,   -0.000003
   64     0.000000,    0.000003,    0.000001,   -0.000013,   -0.000031
   65    -0.000012,   -0.000003,    0.000001,   -0.000041,   -0.000014
   66     0.000011,    0.000020,   -0.000005,   -0.000007,   -0.000051
   67    -0.000031,   -0.000006,    0.000005,   -0.000107,   -0.000029
   68     0.000003,   -0.000081,    0.000026,   -0.000039,   -0.000005
   69    -0.000001,   -0.000020,   -0.000004,   -0.000008,   -0.000061
   70    -0.000026,   -0.000010,   -0.000002,   -0.000044,   -0.000015
   71    -0.000016,    0.000028,   -0.000031,    0.000007,   -0.000066
   72     0.000000,   -0.000008,    0.000006,    0.000005,    0.000026
   73     0.000010,    0.000003,    0.000000,    0.000030,    0.000012
   74     0.000001,    0.000010,   -0.000001,    0.000010,    0.000023
   75    -0.000003,   -0.000016,    0.000004,   -0.000005,    0.000007
   76     0.000003,    0.000002,   -0.000001,    0.000001,    0.000001
   77    -0.000002,   -0.000023,    0.000007,   -0.000007,    0.000007
   78    -0.000007,   -0.000001,    0.000002,   -0.000033,   -0.000014
   79    -0.000000,   -0.000000,    0.000000,   -0.000001,   -0.000001
   80    -0.000001,   -0.000000,    0.000000,   -0.000003,   -0.000002
   81     0.000020,    0.000014,   -0.000003,    0.000097,    0.000069
   82     0.000224,    0.000155,   -0.000028,    0.001067,    0.000756
   83    -0.000563,   -0.000389,    0.000071,   -0.002682,   -0.001899
   84    -0.000209,   -0.000145,    0.000027,   -0.000997,   -0.000706
   85    -0.000002,   -0.000001,    0.000002,   -0.000009,   -0.000009
   86    -0.000004,   -0.000004,    0.000001,   -0.000001,    0.000000
   87    -0.000001,   -0.000001,   -0.000003,   -0.000009,   -0.000003
   88     0.000043,    0.000027,   -0.000051,    0.000208,    0.000209
   89     0.000086,    0.000085,   -0.000018,    0.000027,   -0.000005
   90     0.000027,    0.000018,    0.000064,    0.000206,    0.000061
   91    -0.000213,   -0.000129,    0.000265,   -0.001020,   -0.001040
   92    -0.000445,   -0.000435,    0.000090,   -0.000129,    0.000032
   93    -0.000129,   -0.000090,   -0.000332,   -0.001026,   -0.000293
   94    -0.000416,   -0.000259,    0.000487,   -0.001989,   -0.002013
   95    -0.000815,   -0.000829,    0.000177,   -0.000259,    0.000056
   96    -0.000259,   -0.000165,   -0.000606,   -0.001984,   -0.000580
   97    -0.000097,   -0.000055,    0.000188,   -0.000463,   -0.000572
   98    -0.000320,   -0.000327,    0.000070,   -0.000055,    0.000057
   99    -0.000055,   -0.000033,   -0.000252,   -0.000566,   -0.000068
  100    -0.000000,    0.000000,   -0.000000,   -0.000000,   -0.000000
  101     0.000000,   -0.000000,    0.000000,   -0.000000,   -0.000000
  102     0.000000,    0.000000,   -0.000000,    0.000000,   -0.000000
  103    -0.000000,   -0.000000,    0.000000,   -0.000001,   -0.000000
  104    -0.000000,   -0.000000,   -0.000000,   -0.000000,   -0.000000
  105     0.000004,    0.000001,   -0.000000,    0.000007,    0.000005
  106     0.000001,    0.000006,   -0.000001,    0.000004,    0.000003
  107    -0.000000,   -0.000001,    0.000003,   -0.000001,   -0.000000
  108     0.000007,    0.000004,   -0.000001,    0.000036,    0.000022
  109     0.000005,    0.000003,   -0.000000,    0.000022,    0.000021
  110    -0.000023,   -0.000028,    0.000009,   -0.000049,   -0.000027
  111    -0.000013,   -0.000029,    0.000006,   -0.000035,   -0.000016
  112     0.000001,    0.000009,   -0.000016,   -0.000007,    0.000021
  113    -0.000048,   -0.000028,    0.000001,   -0.000244,   -0.000154
  114    -0.000031,   -0.000021,    0.000008,   -0.000153,   -0.000137
  115    -0.000007,   -0.000061,    0.000022,   -0.000037,   -0.000009
  116    -0.000015,   -0.000020,    0.000010,   -0.000033,    0.000002
  117    -0.000004,    0.000019,   -0.000004,   -0.000030,    0.000049
  118    -0.000037,   -0.000011,   -0.000005,   -0.000173,   -0.000109
  119    -0.000020,   -0.000014,    0.000008,   -0.000105,   -0.000102
  120    -0.000008,   -0.000018,    0.000006,   -0.000023,   -0.000014
  121    -0.000011,   -0.000019,    0.000006,   -0.000029,   -0.000012
  122    -0.000003,   -0.000003,    0.000000,   -0.000007,    0.000000
  123     0.000011,    0.000010,   -0.000003,    0.000047,    0.000042
  124    -0.000009,    0.000002,   -0.000007,   -0.000051,   -0.000011
  125    -0.000018,   -0.000008,    0.000001,   -0.000091,   -0.000066
  126    -0.000008,   -0.000004,    0.000003,   -0.000047,   -0.000046
  127    -0.000000,    0.000000,    0.000000,   -0.000000,    0.000000
  128     0.000000,    0.000000,    0.000000,    0.000000,   -0.000000
  129     0.000001,   -0.000026,   -0.000040,    0.000003,   -0.000045
  130     0.000009,   -0.000268,   -0.000425,    0.000027,   -0.000454
  131    -0.000032,    0.000748,    0.001160,   -0.000106,    0.001312
  132     0.000009,    0.000166,    0.000286,    0.000049,    0.000244
  133    -0.000000,    0.000000,    0.000000,   -0.000002,    0.000002
  134     0.000002,   -0.000001,    0.000000,    0.000001,   -0.000000
  135     0.000001,    0.000000,    0.000000,    0.000004,   -0.000001
  136     0.000009,   -0.000010,   -0.000004,    0.000041,   -0.000036
  137    -0.000042,    0.000019,   -0.000009,   -0.000013,    0.000001
  138    -0.000013,   -0.000002,   -0.000009,   -0.000099,    0.000026
  139    -0.000046,    0.000044,    0.000022,   -0.000213,    0.000155
  140     0.000216,   -0.000088,    0.000046,    0.000063,   -0.000008
  141     0.000064,    0.000010,    0.000052,    0.000495,   -0.000136
  142    -0.000094,    0.000110,    0.000061,   -0.000430,    0.000378
  143     0.000410,   -0.000193,    0.000093,    0.000131,   -0.000010
  144     0.000132,    0.000016,    0.000075,    0.000988,   -0.000259
  145    -0.000038,    0.000051,    0.000079,   -0.000176,    0.000087
  146     0.000178,   -0.000068,    0.000027,    0.000031,   -0.000015
  147     0.000032,   -0.000013,    0.000010,    0.000314,   -0.000143
  148     0.000000,   -0.000000,    0.000000,   -0.000000,    0.000000
  149     0.000000,   -0.000000,    0.000000,    0.000000,   -0.000000
  150    -0.000000,    0.000000,   -0.000000,    0.000000,   -0.000000
  151    -0.000000,   -0.000000,   -0.000000,   -0.000000,   -0.000000
  152     0.000000,    0.000000,    0.000000,    0.000000,   -0.000000
  153    -0.000000,    0.000001,    0.000000,    0.000002,   -0.000000
  154    -0.000001,    0.000004,   -0.000002,   -0.000001,   -0.000000
  155    -0.000000,   -0.000002,    0.000001,   -0.000004,   -0.000002
  156     0.000002,    0.000001,    0.000004,    0.000010,    0.000000
  157     0.000000,   -0.000000,   -0.000002,   -0.000000,    0.000006
  158    -0.000002,    0.000017,   -0.000010,   -0.000014,   -0.000001
  159     0.000008,   -0.000021,    0.000010,    0.000016,    0.000008
  160     0.000009,    0.000016,   -0.000009,    0.000051,    0.000040
  161    -0.000014,   -0.000006,   -0.000011,   -0.000063,    0.000011
  162    -0.000004,   -0.000003,    0.000014,   -0.000014,   -0.000063
  163    -0.000015,    0.000059,   -0.000016,   -0.000014,   -0.000006
  164     0.000014,   -0.000025,    0.000010,    0.000024,    0.000015
  165     0.000012,    0.000026,   -0.000009,    0.000073,    0.000074
  166    -0.000015,    0.000005,    0.000031,   -0.000081,    0.000029
  167    -0.000004,   -0.000012,    0.000004,   -0.000012,   -0.000096
  168     0.000002,   -0.000012,    0.000005,    0.000005,   -0.000002
  169    -0.000006,    0.000013,   -0.000006,   -0.000012,   -0.000003
  170     0.000002,   -0.000003,    0.000003,    0.000006,    0.000003
  171    -0.000001,    0.000006,   -0.000000,   -0.000003,    0.000015
  172    -0.000008,   -0.000009,    0.000003,   -0.000043,   -0.000021
  173     0.000004,    0.000001,   -0.000000,    0.000019,   -0.000019
  174     0.000003,    0.000001,   -0.000004,    0.000008,    0.000030
  175     0.000000,   -0.000000,   -0.000000,    0.000000,    0.000000
  176     0.000000,    0.000000,   -0.000000,   -0.000000,    0.000000
  177    -0.000045,    0.000040,    0.000009,   -0.000023,   -0.000006
  178    -0.000471,    0.000414,    0.000095,   -0.000232,   -0.000066
  179     0.001294,   -0.001197,   -0.000233,    0.000669,    0.000170
  180     0.000312,   -0.000196,   -0.000092,    0.000147,    0.000075
  181     0.000000,    0.000001,   -0.000001,    0.000001,    0.000001
  182     0.000001,    0.000003,   -0.000000,    0.000000,    0.000002
  183     0.000001,   -0.000002,    0.000002,   -0.000000,   -0.000001
  184    -0.000006,   -0.000026,    0.000033,   -0.000030,   -0.000023
  185    -0.000019,   -0.000073,    0.000005,   -0.000010,   -0.000055
  186    -0.000012,    0.000048,   -0.000037,    0.000010,    0.000015
  187     0.000027,    0.000135,   -0.000171,    0.000136,    0.000112
  188     0.000104,    0.000366,   -0.000025,    0.000057,    0.000275
  189     0.000061,   -0.000229,    0.000186,   -0.000064,   -0.000084
  190     0.000058,    0.000249,   -0.000317,    0.000306,    0.000222
  191     0.000172,    0.000740,   -0.000051,    0.000105,    0.000557
  192     0.000140,   -0.000505,    0.000366,   -0.000099,   -0.000152
  193     0.000011,    0.000095,   -0.000141,    0.000044,    0.000049
  194     0.000038,    0.000279,    0.000015,    0.000018,    0.000178
  195     0.000098,   -0.000170,    0.000119,   -0.000071,   -0.000068
  196    -0.000000,    0.000000,    0.000000,   -0.000000,    0.000000
  197    -0.000000,   -0.000000,    0.000000,   -0.000000,   -0.000000
  198     0.000000,    0.000000,   -0.000000,    0.000000,    0.000000
  199    -0.000000,   -0.000000,    0.000000,   -0.000000,   -0.000000
  200    -0.000000,   -0.000000,    0.000000,   -0.000000,   -0.000000
  201    -0.000000,   -0.000001,   -0.000000,   -0.000001,   -0.000002
  202     0.000003,    0.000006,   -0.000005,    0.000001,    0.000003
  203    -0.000001,   -0.000002,    0.000001,    0.000002,   -0.000000
  204     0.000002,    0.000001,   -0.000001,    0.000007,    0.000003
  205     0.000003,    0.000002,   -0.000001,    0.000002,    0.000007
  206     0.000007,    0.000007,    0.000000,    0.000042,    0.000021
  207    -0.000012,   -0.000047,    0.000028,    0.000009,   -0.000017
  208     0.000002,    0.000020,   -0.000013,   -0.000026,   -0.000030
  209    -0.000009,   -0.000006,    0.000001,   -0.000065,   -0.000025
  210    -0.000009,   -0.000016,    0.000004,   -0.000009,   -0.000040
  211     0.000016,    0.000004,   -0.000006,    0.000080,    0.000021
  212     0.000018,   -0.000077,    0.000019,    0.000018,   -0.000031
  213    -0.000015,    0.000045,   -0.000028,   -0.000028,   -0.000066
  214    -0.000001,   -0.000002,   -0.000004,   -0.000091,   -0.000028
  215     0.000010,   -0.000031,   -0.000007,   -0.000011,   -0.000047
  216    -0.000001,   -0.000007,    0.000000,   -0.000005,   -0.000015
  217    -0.000007,   -0.000004,    0.000001,   -0.000035,   -0.000013
  218    -0.000001,    0.000026,   -0.000013,   -0.000011,   -0.000007
  219     0.000003,    0.000001,    0.000001,    0.000007,    0.000020
  220     0.000001,    0.000002,   -0.000000,    0.000025,    0.000010
  221     0.000001,    0.000020,   -0.000006,    0.000003,    0.000019
  222    -0.000004,   -0.000002,    0.000002,   -0.000015,   -0.000007
               110,         111,         112,         113,         114
    0    -0.000661,   -0.000457,    0.000086,   -0.003149,   -0.002230
    1    -0.001424,   -0.000984,    0.000186,   -0.006781,   -0.004801
    2     0.002620,    0.001811,   -0.000342,    0.012480,    0.008838
    3     0.002594,    0.001793,   -0.000339,    0.012355,    0.008749
    4    -0.000292,   -0.000202,    0.000038,   -0.001392,   -0.000985
    5    -0.002887,   -0.002154,   -0.002256,   -0.013705,   -0.005962
    6     0.004163,    0.004582,   -0.001011,   -0.002153,   -0.003021
    7    -0.002153,   -0.001618,    0.004188,   -0.005707,   -0.009143
    8    -0.002127,   -0.001613,   -0.001707,   -0.010102,   -0.004429
    9     0.003148,    0.003337,   -0.000714,   -0.001612,   -0.002211
   10    -0.001612,   -0.001153,    0.003145,   -0.004238,   -0.006720
   11    -0.000007,   -0.000111,   -0.000173,   -0.000046,   -0.000189
   12     0.000312,   -0.000187,    0.000137,   -0.000111,    0.000068
   13    -0.000111,    0.000161,    0.000229,   -0.000178,    0.000070
   14    -0.000061,   -0.000070,    0.000040,    0.000123,    0.000077
   15     0.000075,    0.000089,   -0.000078,    0.000025,    0.000072
   16    -0.000040,   -0.000049,   -0.000063,   -0.000056,    0.000070
   17     0.000123,    0.000092,    0.000021,    0.000496,    0.000279
   18     0.000044,    0.000021,   -0.000057,    0.000290,    0.000304
   19    -0.000251,   -0.000257,    0.000059,   -0.000005,    0.000070
   20    -0.000288,   -0.000305,    0.000081,    0.000017,    0.000082
   21     0.000075,    0.000075,   -0.000280,   -0.000171,    0.000201
   22    -0.000005,    0.000003,   -0.000187,   -0.000265,    0.000056
   23     0.000077,    0.000093,    0.000228,    0.000053,   -0.000329
   24     0.000030,    0.000022,   -0.000010,   -0.000030,   -0.000021
   25     0.000021,    0.000008,    0.000008,    0.000011,   -0.000001
   26    -0.000016,   -0.000016,    0.000020,   -0.000026,   -0.000033
   27     0.000007,    0.000012,    0.000021,    0.000005,   -0.000026
   28    -0.000002,    0.000008,    0.000029,    0.000023,   -0.000004
   29    -0.000023,   -0.000014,    0.000001,   -0.000081,   -0.000055
   30     0.000000,   -0.000000,    0.000000,    0.000023,    0.000004
   31     0.000001,   -0.000000,    0.000001,   -0.000001,   -0.000000
   32     0.000004,    0.000003,    0.000001,    0.000002,   -0.000000
   33    -0.000035,    0.000070,   -0.000067,    0.000159,    0.000030
   34    -0.000449,    0.000656,   -0.000715,    0.001593,    0.000314
   35     0.000764,   -0.002262,    0.001902,   -0.004700,   -0.000768
   36     0.000694,    0.000040,    0.000500,   -0.000895,   -0.000479
   37    -0.000007,   -0.000011,   -0.000001,   -0.000005,    0.000004
   38    -0.000011,   -0.000016,   -0.000002,    0.000006,    0.000018
   39    -0.000011,   -0.000012,    0.000002,   -0.000001,    0.000011
   40     0.000154,    0.000250,    0.000025,    0.000118,   -0.000100
   41     0.000258,    0.000373,    0.000046,   -0.000146,   -0.000425
   42     0.000257,    0.000268,   -0.000035,    0.000017,   -0.000258
   43    -0.000756,   -0.001264,   -0.000107,   -0.000471,    0.000575
   44    -0.001222,   -0.001807,   -0.000213,    0.000841,    0.002144
   45    -0.001236,   -0.001292,    0.000154,   -0.000002,    0.001391
   46    -0.001509,   -0.002405,   -0.000240,   -0.001308,    0.000873
   47    -0.002551,   -0.003730,   -0.000429,    0.001476,    0.004323
   48    -0.002507,   -0.002689,    0.000366,   -0.000203,    0.002481
   49    -0.000486,   -0.000894,   -0.000027,    0.000006,    0.000642
   50    -0.000455,   -0.001053,    0.000035,    0.000653,    0.001426
   51    -0.000629,   -0.000788,    0.000110,    0.000175,    0.001159
   52     0.000000,    0.000000,   -0.000000,   -0.000000,    0.000000
   53     0.000001,    0.000001,   -0.000000,   -0.000000,   -0.000000
   54    -0.000000,   -0.000001,    0.000000,    0.000000,   -0.000000
   55     0.000000,    0.000000,    0.000000,    0.000001,    0.000000
   56    -0.000001,   -0.000000,   -0.000001,    0.000001,    0.000002
   57    -0.000007,   -0.000008,   -0.000002,   -0.000023,   -0.000012
   58    -0.000049,   -0.000047,    0.000005,   -0.000010,    0.000008
   59     0.000016,    0.000019,   -0.000001,   -0.000007,   -0.000007
   60    -0.000008,   -0.000006,   -0.000009,   -0.000049,   -0.000016
   61     0.000036,    0.000031,    0.000023,   -0.000011,   -0.000053
   62     0.000127,    0.000116,    0.000076,    0.000418,    0.000160
   63     0.000386,    0.000370,   -0.000066,    0.000230,    0.000048
   64    -0.000033,   -0.000056,   -0.000093,    0.000042,    0.000163
   65     0.000094,    0.000079,    0.000044,    0.000291,    0.000107
   66    -0.000236,   -0.000240,   -0.000112,   -0.000028,    0.000261
   67     0.000227,    0.000189,    0.000153,    0.000760,    0.000244
   68     0.000402,    0.000465,   -0.000134,    0.000313,    0.000066
   69     0.000075,    0.000044,   -0.000217,    0.000070,    0.000370
   70     0.000181,    0.000159,    0.000027,    0.000291,    0.000110
   71    -0.000144,   -0.000250,   -0.000024,    0.000002,    0.000286
   72     0.000068,    0.000089,    0.000033,   -0.000030,   -0.000136
   73    -0.000074,   -0.000065,   -0.000030,   -0.000210,   -0.000080
   74    -0.000055,   -0.000044,    0.000085,   -0.000067,   -0.000139
   75     0.000104,    0.000113,    0.000004,    0.000053,   -0.000039
   76    -0.000017,   -0.000012,    0.000008,   -0.000009,   -0.000007
   77     0.000144,    0.000162,   -0.000027,    0.000071,   -0.000025
   78     0.000057,    0.000050,    0.000042,    0.000231,    0.000083
   79     0.000001,    0.000001,   -0.000000,    0.000004,    0.000003
   80     0.000004,    0.000003,   -0.000000,    0.000018,    0.000013
   81    -0.000065,   -0.000045,    0.000008,   -0.000308,   -0.000218
   82    -0.000758,   -0.000524,    0.000098,   -0.003612,   -0.002558
   83     0.001681,    0.001162,   -0.000216,    0.008008,    0.005671
   84     0.001011,    0.000699,   -0.000131,    0.004815,    0.003410
   85     0.000015,    0.000007,   -0.000021,    0.000073,    0.000070
   86     0.000036,    0.000026,   -0.000003,    0.000007,   -0.000000
   87     0.000007,    0.000010,    0.000027,    0.000069,    0.000024
   88    -0.000356,   -0.000167,    0.000500,   -0.001698,   -0.001627
   89    -0.000847,   -0.000598,    0.000077,   -0.000167,    0.000005
   90    -0.000167,   -0.000228,   -0.000627,   -0.001608,   -0.000550
   91     0.001749,    0.000797,   -0.002559,    0.008334,    0.008061
   92     0.004340,    0.003035,   -0.000385,    0.000797,   -0.000058
   93     0.000797,    0.001140,    0.003229,    0.007968,    0.002650
   94     0.003470,    0.001649,   -0.004801,    0.016533,    0.015816
   95     0.008124,    0.005783,   -0.000764,    0.001649,   -0.000043
   96     0.001649,    0.002190,    0.006011,    0.015624,    0.005376
   97     0.000953,    0.000351,   -0.001858,    0.004540,    0.004815
   98     0.003178,    0.002215,   -0.000277,    0.000351,   -0.000211
   99     0.000351,    0.000684,    0.002433,    0.004775,    0.001162
  100     0.000000,   -0.000000,    0.000000,    0.000001,    0.000001
  101     0.000001,    0.000001,   -0.000000,    0.000000,    0.000000
  102    -0.000000,   -0.000000,    0.000000,   -0.000000,    0.000000
  103     0.000001,    0.000001,    0.000000,    0.000004,    0.000002
  104     0.000000,    0.000000,   -0.000000,    0.000002,    0.000002
  105    -0.000023,   -0.000013,    0.000001,   -0.000048,   -0.000031
  106    -0.000028,   -0.000029,    0.000009,   -0.000028,   -0.000021
  107     0.000009,    0.000006,   -0.000016,    0.000001,    0.000008
  108    -0.000049,   -0.000035,   -0.000007,   -0.000244,   -0.000153
  109    -0.000027,   -0.000016,    0.000021,   -0.000154,   -0.000137
  110     0.000283,    0.000232,   -0.000054,    0.000336,    0.000197
  111     0.000232,    0.000226,   -0.000037,    0.000233,    0.000111
  112    -0.000054,   -0.000037,    0.000225,    0.000074,   -0.000177
  113     0.000336,    0.000233,    0.000074,    0.001811,    0.001133
  114     0.000197,    0.000111,   -0.000177,    0.001133,    0.001028
  115     0.000416,    0.000423,   -0.000122,    0.000275,    0.000116
  116     0.000290,    0.000307,   -0.000027,    0.000229,    0.000023
  117    -0.000049,   -0.000053,    0.000373,    0.000201,   -0.000338
  118     0.000275,    0.000168,    0.000130,    0.001663,    0.000967
  119     0.000147,    0.000070,   -0.000222,    0.000957,    0.001009
  120     0.000133,    0.000111,   -0.000037,    0.000172,    0.000116
  121     0.000170,    0.000157,   -0.000025,    0.000206,    0.000103
  122     0.000043,    0.000047,    0.000004,    0.000048,    0.000010
  123    -0.000101,   -0.000074,    0.000055,   -0.000383,   -0.000308
  124     0.000040,    0.000027,    0.000147,    0.000396,    0.000099
  125     0.000116,    0.000069,   -0.000009,    0.000737,    0.000528
  126     0.000042,    0.000014,   -0.000078,    0.000366,    0.000375
  127    -0.000000,   -0.000000,   -0.000001,   -0.000000,   -0.000001
  128     0.000000,   -0.000001,   -0.000004,    0.000000,    0.000004
  129     0.000013,    0.000061,    0.000066,    0.000064,    0.000156
  130     0.000130,    0.000642,    0.000771,    0.000656,    0.001525
  131    -0.000353,   -0.001722,   -0.001673,   -0.001799,   -0.004781
  132    -0.000141,   -0.000465,   -0.000910,   -0.000672,   -0.000499
  133     0.000005,    0.000003,    0.000019,    0.000021,   -0.000019
  134     0.000003,   -0.000001,   -0.000000,   -0.000003,   -0.000000
  135    -0.000003,   -0.000002,   -0.000003,   -0.000010,   -0.000003
  136    -0.000109,   -0.000066,   -0.000432,   -0.000495,    0.000445
  137    -0.000061,    0.000031,    0.000008,    0.000068,    0.000008
  138     0.000066,    0.000038,    0.000073,    0.000233,    0.000071
  139     0.000581,    0.000347,    0.002114,    0.002636,   -0.002072
  140     0.000284,   -0.000205,   -0.000013,   -0.000322,   -0.000035
  141    -0.000310,   -0.000169,   -0.000330,   -0.001102,   -0.000382
  142     0.001074,    0.000629,    0.004235,    0.004855,   -0.004461
  143     0.000579,   -0.000247,   -0.000114,   -0.000713,   -0.000096
  144    -0.000691,   -0.000404,   -0.000752,   -0.002510,   -0.000707
  145     0.000466,    0.000173,    0.001099,    0.002136,   -0.001099
  146     0.000133,   -0.000196,    0.000079,   -0.000145,   -0.000007
  147    -0.000136,    0.000001,    0.000026,   -0.000477,   -0.000263
  148     0.000000,    0.000001,    0.000000,    0.000000,   -0.000000
  149     0.000000,    0.000001,   -0.000000,   -0.000000,    0.000000
  150    -0.000000,   -0.000000,    0.000000,    0.000000,    0.000000
  151     0.000000,    0.000000,    0.000001,    0.000002,    0.000000
  152    -0.000000,   -0.000000,   -0.000001,    0.000000,    0.000001
  153    -0.000002,   -0.000008,   -0.000009,   -0.000014,    0.000004
  154    -0.000017,   -0.000021,    0.000016,    0.000006,   -0.000003
  155     0.000009,    0.000010,   -0.000009,    0.000011,    0.000014
  156    -0.000014,   -0.000015,   -0.000051,   -0.000063,    0.000014
  157     0.000002,    0.000008,    0.000040,   -0.000012,   -0.000063
  158    -0.000105,   -0.000084,    0.000103,    0.000091,   -0.000019
  159     0.000083,    0.000092,   -0.000078,   -0.000096,   -0.000024
  160    -0.000099,   -0.000076,    0.000110,   -0.000280,   -0.000313
  161     0.000093,    0.000094,    0.000280,    0.000303,   -0.000177
  162     0.000010,   -0.000026,   -0.000311,    0.000178,    0.000556
  163    -0.000244,   -0.000285,    0.000149,    0.000136,    0.000030
  164     0.000034,    0.000047,   -0.000046,   -0.000184,   -0.000086
  165    -0.000138,   -0.000096,    0.000169,   -0.000527,   -0.000585
  166     0.000140,    0.000091,    0.000129,    0.000371,   -0.000148
  167     0.000015,    0.000002,   -0.000347,    0.000178,    0.000709
  168     0.000065,    0.000065,   -0.000061,   -0.000037,    0.000026
  169    -0.000048,   -0.000055,    0.000060,    0.000085,    0.000010
  170     0.000000,    0.000002,   -0.000006,   -0.000034,   -0.000018
  171    -0.000005,   -0.000004,    0.000077,    0.000002,   -0.000123
  172     0.000077,    0.000061,   -0.000011,    0.000256,    0.000168
  173    -0.000041,   -0.000037,   -0.000114,   -0.000076,    0.000152
  174     0.000003,    0.000014,    0.000116,   -0.000081,   -0.000240
  175    -0.000001,    0.000000,    0.000000,   -0.000000,   -0.000000
  176    -0.000003,   -0.000002,    0.000003,    0.000004,    0.000001
  177     0.000096,   -0.000080,   -0.000009,    0.000130,    0.000064
  178     0.001056,   -0.000788,   -0.000152,    0.001265,    0.000649
  179    -0.002606,    0.002466,    0.000057,   -0.003960,   -0.001856
  180    -0.000994,    0.000120,    0.000468,   -0.000533,   -0.000509
  181     0.000004,    0.000008,   -0.000008,   -0.000007,    0.000000
  182    -0.000008,   -0.000010,    0.000010,   -0.000003,   -0.000008
  183     0.000014,    0.000018,   -0.000013,   -0.000004,    0.000010
  184    -0.000090,   -0.000186,    0.000194,    0.000170,   -0.000001
  185     0.000174,    0.000222,   -0.000234,    0.000076,    0.000182
  186    -0.000325,   -0.000427,    0.000308,    0.000095,   -0.000229
  187     0.000486,    0.000979,   -0.000976,   -0.000733,    0.000069
  188    -0.000859,   -0.001097,    0.001124,   -0.000457,   -0.000897
  189     0.001608,    0.002117,   -0.001521,   -0.000337,    0.001262
  190     0.000821,    0.001758,   -0.001852,   -0.001800,   -0.000068
  191    -0.001747,   -0.002275,    0.002330,   -0.000782,   -0.001917
  192     0.003179,    0.004267,   -0.003060,   -0.000949,    0.002225
  193     0.000437,    0.000811,   -0.000690,   -0.000190,    0.000258
  194    -0.000354,   -0.000725,    0.000547,   -0.000419,   -0.000524
  195     0.000854,    0.001454,   -0.000901,    0.000090,    0.001067
  196     0.000000,    0.000000,    0.000000,    0.000001,    0.000000
  197     0.000001,    0.000001,   -0.000001,    0.000000,    0.000000
  198    -0.000000,   -0.000000,    0.000000,    0.000000,   -0.000001
  199     0.000000,    0.000000,    0.000000,    0.000001,    0.000000
  200     0.000000,    0.000000,   -0.000001,    0.000000,    0.000001
  201    -0.000002,   -0.000003,    0.000001,    0.000003,    0.000007
  202    -0.000052,   -0.000045,    0.000044,    0.000021,   -0.000008
  203     0.000019,    0.000016,   -0.000016,   -0.000020,   -0.000001
  204    -0.000013,   -0.000007,   -0.000009,   -0.000054,   -0.000020
  205    -0.000016,   -0.000008,    0.000029,   -0.000007,   -0.000042
  206    -0.000037,   -0.000022,   -0.000069,   -0.000270,   -0.000116
  207     0.000277,    0.000275,   -0.000311,   -0.000274,    0.000029
  208    -0.000164,   -0.000176,    0.000063,    0.000275,    0.000204
  209     0.000053,    0.000027,    0.000106,    0.000453,    0.000184
  210     0.000080,    0.000061,   -0.000167,    0.000019,    0.000202
  211    -0.000113,   -0.000077,   -0.000139,   -0.000579,   -0.000187
  212     0.000179,    0.000323,   -0.000334,   -0.000261,    0.000147
  213    -0.000208,   -0.000304,    0.000017,    0.000372,    0.000427
  214     0.000000,   -0.000017,    0.000179,    0.000630,    0.000254
  215     0.000034,    0.000099,   -0.000106,    0.000095,    0.000193
  216     0.000024,    0.000025,   -0.000046,    0.000037,    0.000079
  217     0.000039,    0.000022,    0.000057,    0.000245,    0.000096
  218    -0.000126,   -0.000160,    0.000105,    0.000161,    0.000062
  219     0.000015,    0.000025,    0.000055,   -0.000056,   -0.000128
  220    -0.000009,    0.000000,   -0.000041,   -0.000180,   -0.000079
  221    -0.000069,   -0.000091,    0.000111,    0.000020,   -0.000093
  222     0.000027,    0.000017,    0.000020,    0.000106,    0.000038
               115,         116,         117,         118,         119
    0    -0.000302,   -0.000208,    0.000039,   -0.001436,   -0.001017
    1    -0.000944,   -0.000652,    0.000123,   -0.004493,   -0.003182
    2     0.002695,    0.001863,   -0.000351,    0.012835,    0.009089
    3     0.002599,    0.001796,   -0.000339,    0.012378,    0.008766
    4    -0.001150,   -0.000795,    0.000150,   -0.005477,   -0.003879
    5    -0.003136,   -0.003311,   -0.005260,   -0.014955,   -0.005941
    6     0.009494,    0.005883,   -0.000491,   -0.003311,   -0.003494
    7    -0.003312,   -0.000492,    0.008474,   -0.005556,   -0.010419
    8    -0.002186,   -0.002322,   -0.003784,   -0.010424,   -0.004001
    9     0.006824,    0.004285,   -0.000376,   -0.002322,   -0.002496
   10    -0.002322,   -0.000341,    0.006081,   -0.003731,   -0.007355
   11     0.000526,    0.000516,    0.000437,    0.002516,    0.001579
   12    -0.000816,   -0.000233,   -0.000069,    0.000516,    0.000339
   13     0.000516,    0.000067,   -0.000761,    0.001519,    0.001374
   14    -0.000072,   -0.000221,    0.000096,    0.000113,    0.000095
   15     0.000050,    0.000141,   -0.000096,   -0.000021,    0.000109
   16    -0.000053,   -0.000042,   -0.000069,   -0.000141,    0.000197
   17     0.000114,    0.000105,    0.000003,    0.000440,    0.000198
   18     0.000032,    0.000014,   -0.000040,    0.000219,    0.000297
   19    -0.000297,   -0.000728,    0.000136,   -0.000096,    0.000102
   20    -0.001003,   -0.000245,    0.000190,    0.000003,    0.000161
   21     0.000287,    0.000135,   -0.000339,   -0.000465,    0.000567
   22    -0.000097,   -0.000125,   -0.000612,   -0.000718,   -0.000268
   23     0.000166,    0.000257,    0.000808,   -0.000289,   -0.000592
   24     0.000074,    0.000007,   -0.000004,   -0.000016,   -0.000001
   25     0.000008,   -0.000030,    0.000036,    0.000013,    0.000016
   26    -0.000046,   -0.000026,    0.000049,    0.000006,   -0.000013
   27     0.000025,    0.000037,    0.000054,   -0.000013,   -0.000040
   28    -0.000003,    0.000035,    0.000026,   -0.000001,    0.000036
   29    -0.000002,    0.000010,   -0.000010,    0.000001,    0.000001
   30     0.000011,    0.000018,    0.000029,    0.000053,   -0.000027
   31    -0.000002,   -0.000001,   -0.000001,   -0.000000,   -0.000001
   32     0.000004,    0.000004,    0.000001,   -0.000000,   -0.000003
   33     0.000435,    0.000158,    0.000196,    0.000064,    0.000040
   34     0.004430,    0.001566,    0.002010,    0.000714,    0.000507
   35    -0.013125,   -0.004926,   -0.005820,   -0.002249,   -0.001272
   36    -0.001956,   -0.000322,   -0.001063,   -0.000148,   -0.000525
   37    -0.000011,   -0.000043,   -0.000002,   -0.000002,    0.000028
   38    -0.000026,   -0.000023,   -0.000017,    0.000015,    0.000017
   39    -0.000033,   -0.000017,    0.000010,   -0.000001,    0.000034
   40     0.000252,    0.001009,    0.000050,    0.000036,   -0.000645
   41     0.000601,    0.000531,    0.000404,   -0.000356,   -0.000387
   42     0.000774,    0.000403,   -0.000224,    0.000015,   -0.000803
   43    -0.001261,   -0.005191,   -0.000202,   -0.000006,    0.003441
   44    -0.002824,   -0.002556,   -0.001958,    0.001918,    0.001941
   45    -0.003801,   -0.001984,    0.001137,    0.000024,    0.004236
   46    -0.002496,   -0.009732,   -0.000543,   -0.000728,    0.005969
   47    -0.006316,   -0.005381,   -0.004142,    0.003464,    0.003911
   48    -0.007768,   -0.004043,    0.002146,   -0.000291,    0.007575
   49    -0.000932,   -0.003971,   -0.000127,    0.000117,    0.002676
   50    -0.001817,   -0.001601,   -0.001431,    0.001516,    0.001200
   51    -0.002732,   -0.001316,    0.000860,    0.000059,    0.003212
   52    -0.000000,    0.000000,   -0.000000,   -0.000001,   -0.000001
   53     0.000002,    0.000001,   -0.000000,    0.000000,   -0.000000
   54    -0.000001,   -0.000000,    0.000001,   -0.000000,   -0.000001
   55     0.000000,    0.000001,    0.000001,    0.000003,    0.000001
   56    -0.000000,   -0.000001,   -0.000001,    0.000001,    0.000002
   57    -0.000005,   -0.000016,    0.000003,   -0.000003,    0.000012
   58    -0.000088,   -0.000059,    0.000013,   -0.000013,    0.000010
   59     0.000040,    0.000020,   -0.000011,    0.000006,    0.000012
   60    -0.000017,   -0.000021,   -0.000031,   -0.000083,   -0.000033
   61     0.000044,    0.000046,    0.000053,   -0.000016,   -0.000067
   62     0.000130,    0.000238,    0.000151,    0.000379,    0.000065
   63     0.000718,    0.000429,   -0.000106,    0.000211,   -0.000043
   64    -0.000072,   -0.000105,   -0.000192,    0.000019,    0.000122
   65     0.000116,    0.000181,    0.000119,    0.000373,    0.000131
   66    -0.000385,   -0.000368,   -0.000309,    0.000041,    0.000311
   67     0.000295,    0.000450,    0.000431,    0.001045,    0.000377
   68     0.001101,    0.000512,   -0.000118,    0.000347,   -0.000029
   69     0.000172,   -0.000075,   -0.000624,    0.000179,    0.000495
   70     0.000178,    0.000310,    0.000031,    0.000279,    0.000103
   71    -0.000594,   -0.000482,   -0.000369,    0.000168,    0.000265
   72     0.000164,    0.000155,    0.000136,   -0.000086,   -0.000150
   73    -0.000084,   -0.000145,   -0.000066,   -0.000234,   -0.000076
   74    -0.000126,   -0.000022,    0.000200,   -0.000079,   -0.000141
   75     0.000222,    0.000139,    0.000039,    0.000040,   -0.000083
   76    -0.000015,   -0.000015,    0.000013,   -0.000011,   -0.000004
   77     0.000324,    0.000206,   -0.000011,    0.000050,   -0.000067
   78     0.000074,    0.000122,    0.000112,    0.000274,    0.000065
   79    -0.000002,   -0.000001,    0.000000,   -0.000008,   -0.000005
   80     0.000001,    0.000001,   -0.000000,    0.000006,    0.000004
   81     0.000272,    0.000188,   -0.000035,    0.001295,    0.000917
   82     0.002794,    0.001932,   -0.000364,    0.013310,    0.009425
   83    -0.008106,   -0.005603,    0.001055,   -0.038609,   -0.027340
   84    -0.001172,   -0.000810,    0.000153,   -0.005583,   -0.003953
   85     0.000019,    0.000007,   -0.000029,    0.000092,    0.000082
   86     0.000050,    0.000025,   -0.000001,    0.000007,    0.000002
   87     0.000007,    0.000016,    0.000037,    0.000082,    0.000033
   88    -0.000450,   -0.000160,    0.000681,   -0.002137,   -0.001917
   89    -0.001161,   -0.000592,    0.000014,   -0.000160,   -0.000052
   90    -0.000160,   -0.000373,   -0.000852,   -0.001898,   -0.000773
   91     0.002197,    0.000744,   -0.003451,    0.010432,    0.009404
   92     0.005887,    0.002953,   -0.000053,    0.000744,    0.000236
   93     0.000744,    0.001869,    0.004332,    0.009315,    0.003739
   94     0.004605,    0.001724,   -0.006632,    0.021875,    0.019413
   95     0.011280,    0.005768,   -0.000148,    0.001724,    0.000620
   96     0.001724,    0.003728,    0.008226,    0.019207,    0.008053
   97     0.001716,    0.000577,   -0.002623,    0.008148,    0.007207
   98     0.004473,    0.002127,    0.000006,    0.000577,    0.000244
   99     0.000577,    0.001483,    0.003273,    0.007137,    0.003010
  100    -0.000001,   -0.000000,    0.000000,    0.000001,    0.000000
  101     0.000002,    0.000000,   -0.000001,   -0.000000,    0.000000
  102    -0.000001,   -0.000000,   -0.000001,   -0.000000,    0.000000
  103     0.000001,    0.000001,    0.000001,    0.000002,    0.000001
  104    -0.000000,   -0.000000,   -0.000001,    0.000002,    0.000001
  105    -0.000007,   -0.000015,   -0.000004,   -0.000037,   -0.000020
  106    -0.000061,   -0.000020,    0.000019,   -0.000011,   -0.000014
  107     0.000022,    0.000010,   -0.000004,   -0.000005,    0.000008
  108    -0.000037,   -0.000033,   -0.000030,   -0.000173,   -0.000105
  109    -0.000009,    0.000002,    0.000049,   -0.000109,   -0.000102
  110     0.000416,    0.000290,   -0.000049,    0.000275,    0.000147
  111     0.000423,    0.000307,   -0.000053,    0.000168,    0.000070
  112    -0.000122,   -0.000027,    0.000373,    0.000130,   -0.000222
  113     0.000275,    0.000229,    0.000201,    0.001663,    0.000957
  114     0.000116,    0.000023,   -0.000338,    0.000967,    0.001009
  115     0.001007,    0.000565,   -0.000134,    0.000409,    0.000224
  116     0.000565,    0.000649,    0.000010,    0.000328,    0.000081
  117    -0.000134,    0.000010,    0.000916,    0.000258,   -0.000450
  118     0.000409,    0.000328,    0.000258,    0.002867,    0.001588
  119     0.000224,    0.000081,   -0.000450,    0.001588,    0.001776
  120     0.000241,    0.000111,   -0.000036,    0.000185,    0.000142
  121     0.000299,    0.000220,   -0.000015,    0.000211,    0.000116
  122     0.000071,    0.000101,    0.000010,    0.000049,    0.000022
  123    -0.000135,   -0.000087,    0.000107,   -0.000456,   -0.000327
  124     0.000011,    0.000063,    0.000294,    0.000475,    0.000094
  125     0.000107,    0.000072,   -0.000011,    0.000878,    0.000622
  126     0.000015,   -0.000008,   -0.000150,    0.000401,    0.000471
  127    -0.000000,    0.000001,    0.000002,   -0.000001,   -0.000001
  128    -0.000001,   -0.000001,   -0.000005,   -0.000003,    0.000003
  129     0.000017,   -0.000138,   -0.000451,    0.000084,    0.000171
  130     0.000200,   -0.001396,   -0.004574,    0.000981,    0.001736
  131    -0.000543,    0.004054,    0.013534,   -0.002686,   -0.005479
  132    -0.000154,    0.000723,    0.002042,   -0.000726,   -0.000337
  133     0.000011,    0.000010,    0.000047,    0.000048,   -0.000036
  134     0.000021,   -0.000015,    0.000003,   -0.000002,   -0.000001
  135    -0.000002,   -0.000005,   -0.000008,    0.000013,   -0.000023
  136    -0.000247,   -0.000230,   -0.001086,   -0.001118,    0.000836
  137    -0.000499,    0.000348,   -0.000080,    0.000050,    0.000035
  138     0.000042,    0.000117,    0.000196,   -0.000299,    0.000528
  139     0.001304,    0.001132,    0.005308,    0.005911,   -0.004039
  140     0.002489,   -0.001834,    0.000468,   -0.000207,   -0.000178
  141    -0.000163,   -0.000538,   -0.000855,    0.001686,   -0.002766
  142     0.002340,    0.002338,    0.010991,    0.010567,   -0.008432
  143     0.004879,   -0.003287,    0.000659,   -0.000585,   -0.000365
  144    -0.000505,   -0.001288,   -0.002223,    0.002485,   -0.005133
  145     0.000964,    0.000816,    0.003718,    0.004377,   -0.002721
  146     0.001883,   -0.001469,    0.000434,   -0.000100,   -0.000153
  147    -0.000065,   -0.000348,   -0.000449,    0.001528,   -0.002273
  148     0.000001,    0.000001,    0.000000,    0.000000,   -0.000000
  149     0.000002,    0.000001,   -0.000001,    0.000000,    0.000001
  150    -0.000000,   -0.000000,   -0.000000,    0.000002,    0.000001
  151     0.000000,    0.000000,    0.000001,    0.000002,    0.000000
  152    -0.000000,   -0.000000,   -0.000001,    0.000001,    0.000002
  153    -0.000015,   -0.000014,   -0.000013,   -0.000015,    0.000005
  154    -0.000058,   -0.000025,    0.000026,   -0.000004,   -0.000013
  155     0.000016,    0.000010,   -0.000009,   -0.000031,    0.000005
  156    -0.000015,   -0.000023,   -0.000073,   -0.000081,    0.000011
  157     0.000007,    0.000015,    0.000074,   -0.000029,   -0.000096
  158    -0.000243,   -0.000033,    0.000145,    0.000137,   -0.000028
  159     0.000284,    0.000046,   -0.000100,   -0.000093,    0.000007
  160    -0.000144,   -0.000045,    0.000169,   -0.000130,   -0.000349
  161     0.000141,    0.000182,    0.000526,    0.000371,   -0.000176
  162    -0.000043,   -0.000088,   -0.000583,    0.000149,    0.000708
  163    -0.000775,   -0.000213,    0.000275,    0.000261,    0.000021
  164     0.000212,   -0.000145,   -0.000025,   -0.000326,   -0.000114
  165    -0.000263,   -0.000020,    0.000344,   -0.000739,   -0.000891
  166     0.000264,    0.000323,    0.000738,    0.000391,   -0.000147
  167    -0.000043,   -0.000118,   -0.000887,    0.000150,    0.000913
  168     0.000170,    0.000053,   -0.000108,   -0.000070,    0.000034
  169    -0.000168,   -0.000020,    0.000097,    0.000125,    0.000014
  170     0.000018,   -0.000028,    0.000011,   -0.000041,   -0.000017
  171    -0.000013,    0.000054,    0.000190,    0.000026,   -0.000158
  172     0.000123,    0.000079,    0.000008,    0.000257,    0.000244
  173    -0.000087,   -0.000084,   -0.000287,   -0.000106,    0.000181
  174     0.000046,    0.000045,    0.000247,   -0.000054,   -0.000304
  175     0.000002,   -0.000000,   -0.000001,   -0.000001,   -0.000001
  176    -0.000004,   -0.000003,    0.000003,    0.000001,   -0.000001
  177    -0.000372,    0.000035,    0.000244,    0.000237,    0.000062
  178    -0.003756,    0.000434,    0.002449,    0.002468,    0.000706
  179     0.011072,   -0.000923,   -0.007375,   -0.007431,   -0.002009
  180     0.001729,   -0.000664,   -0.000929,   -0.000940,   -0.000423
  181     0.000009,    0.000038,   -0.000034,   -0.000006,    0.000009
  182    -0.000015,    0.000003,    0.000024,   -0.000009,    0.000001
  183     0.000039,    0.000032,   -0.000021,   -0.000012,    0.000026
  184    -0.000208,   -0.000878,    0.000782,    0.000130,   -0.000222
  185     0.000348,   -0.000074,   -0.000558,    0.000207,   -0.000025
  186    -0.000915,   -0.000751,    0.000482,    0.000264,   -0.000604
  187     0.001109,    0.004601,   -0.004000,   -0.000489,    0.001249
  188    -0.001650,    0.000421,    0.002693,   -0.001170,    0.000184
  189     0.004505,    0.003810,   -0.002368,   -0.001128,    0.003223
  190     0.001905,    0.008341,   -0.007549,   -0.001624,    0.001922
  191    -0.003703,    0.000652,    0.005695,   -0.001933,    0.000062
  192     0.009220,    0.007303,   -0.004892,   -0.002855,    0.005674
  193     0.000869,    0.003555,   -0.003048,   -0.000250,    0.000992
  194    -0.001056,    0.000532,    0.001819,   -0.001018,    0.000290
  195     0.003196,    0.002653,   -0.001563,   -0.000689,    0.002452
  196     0.000001,    0.000001,    0.000001,    0.000002,    0.000001
  197     0.000002,    0.000001,   -0.000001,   -0.000001,   -0.000000
  198    -0.000000,   -0.000000,    0.000001,   -0.000000,   -0.000001
  199     0.000001,    0.000000,    0.000001,    0.000002,    0.000001
  200    -0.000000,   -0.000000,   -0.000002,    0.000001,    0.000002
  201    -0.000010,   -0.000023,   -0.000005,   -0.000029,   -0.000017
  202    -0.000089,   -0.000053,    0.000052,    0.000047,    0.000003
  203     0.000029,    0.000025,   -0.000029,   -0.000015,    0.000013
  204    -0.000016,   -0.000010,   -0.000033,   -0.000077,   -0.000029
  205    -0.000009,    0.000002,    0.000061,   -0.000018,   -0.000056
  206    -0.000016,    0.000036,   -0.000153,   -0.000204,   -0.000049
  207     0.000561,    0.000302,   -0.000481,   -0.000377,    0.000052
  208    -0.000368,   -0.000272,    0.000039,    0.000324,    0.000131
  209     0.000060,   -0.000009,    0.000274,    0.000514,    0.000208
  210     0.000111,    0.000009,   -0.000363,    0.000072,    0.000213
  211    -0.000165,   -0.000167,   -0.000419,   -0.000847,   -0.000329
  212     0.000742,    0.000244,   -0.000784,   -0.000394,    0.000264
  213    -0.000715,   -0.000435,   -0.000184,    0.000686,    0.000478
  214     0.000024,   -0.000086,    0.000417,    0.000735,    0.000373
  215     0.000246,    0.000027,   -0.000401,    0.000160,    0.000098
  216     0.000056,    0.000003,   -0.000119,    0.000064,    0.000071
  217     0.000041,    0.000000,    0.000156,    0.000283,    0.000111
  218    -0.000336,   -0.000203,    0.000152,    0.000228,    0.000023
  219     0.000061,    0.000076,    0.000140,   -0.000085,   -0.000147
  220    -0.000013,    0.000025,   -0.000102,   -0.000203,   -0.000090
  221    -0.000175,   -0.000073,    0.000234,    0.000022,   -0.000106
  222     0.000030,    0.000022,    0.000071,    0.000135,    0.000028
               120,         121,         122,         123,         124
    0    -0.000261,   -0.000299,   -0.000059,    0.000560,   -0.000419
    1    -0.000617,   -0.000696,   -0.000147,    0.001307,   -0.000977
    2     0.001309,    0.001449,    0.000337,   -0.002728,    0.002033
    3     0.001283,    0.001422,    0.000328,   -0.002678,    0.001996
    4    -0.000293,   -0.000280,   -0.000114,    0.000542,   -0.000395
    5    -0.001438,   -0.002043,   -0.000580,    0.002600,   -0.004412
    6     0.002042,    0.002964,    0.000902,    0.000035,   -0.000797
    7    -0.001465,   -0.001239,   -0.000046,    0.002919,    0.001540
    8    -0.001030,   -0.001477,   -0.000417,    0.001861,   -0.003202
    9     0.001504,    0.002170,    0.000656,    0.000025,   -0.000578
   10    -0.001058,   -0.000891,   -0.000022,    0.002114,    0.001146
   11     0.000117,    0.000120,    0.000045,   -0.000216,    0.000214
   12    -0.000025,   -0.000077,   -0.000036,   -0.000006,    0.000038
   13     0.000089,    0.000086,    0.000039,   -0.000157,    0.000025
   14     0.000000,   -0.000045,   -0.000033,   -0.000004,    0.000046
   15     0.000022,    0.000062,    0.000040,   -0.000032,   -0.000037
   16    -0.000008,   -0.000027,   -0.000008,    0.000022,   -0.000046
   17     0.000065,    0.000078,    0.000026,   -0.000130,    0.000116
   18     0.000040,    0.000027,    0.000011,   -0.000072,    0.000022
   19    -0.000039,   -0.000184,   -0.000111,    0.000060,    0.000016
   20    -0.000210,   -0.000190,    0.000011,    0.000050,    0.000050
   21     0.000079,    0.000062,    0.000019,    0.000022,   -0.000187
   22    -0.000004,   -0.000036,   -0.000001,   -0.000028,   -0.000211
   23     0.000038,    0.000074,    0.000064,    0.000133,    0.000177
   24     0.000025,    0.000014,    0.000001,    0.000002,   -0.000009
   25     0.000014,    0.000014,   -0.000007,    0.000007,    0.000006
   26    -0.000003,   -0.000011,    0.000003,    0.000011,    0.000009
   27     0.000000,    0.000009,    0.000006,    0.000010,    0.000015
   28    -0.000005,    0.000005,    0.000011,    0.000012,    0.000025
   29    -0.000012,   -0.000008,   -0.000001,    0.000012,   -0.000011
   30    -0.000003,   -0.000002,   -0.000002,   -0.000010,    0.000004
   31    -0.000000,   -0.000000,   -0.000000,   -0.000000,   -0.000000
   32     0.000001,    0.000002,    0.000001,   -0.000000,    0.000001
   33     0.000058,    0.000053,    0.000014,   -0.000003,    0.000028
   34     0.000576,    0.000502,    0.000129,   -0.000022,    0.000281
   35    -0.001811,   -0.001692,   -0.000449,    0.000100,   -0.000889
   36    -0.000193,   -0.000018,    0.000030,   -0.000015,   -0.000102
   37     0.000004,   -0.000004,   -0.000006,    0.000003,   -0.000000
   38    -0.000006,   -0.000010,   -0.000006,   -0.000004,   -0.000001
   39    -0.000001,   -0.000007,    0.000002,    0.000003,    0.000001
   40    -0.000089,    0.000095,    0.000133,   -0.000067,    0.000006
   41     0.000142,    0.000235,    0.000133,    0.000084,    0.000032
   42     0.000033,    0.000161,   -0.000042,   -0.000064,   -0.000023
   43     0.000486,   -0.000459,   -0.000680,    0.000320,    0.000020
   44    -0.000675,   -0.001131,   -0.000661,   -0.000433,   -0.000126
   45    -0.000110,   -0.000768,    0.000238,    0.000298,    0.000123
   46     0.000824,   -0.000940,   -0.001281,    0.000702,   -0.000122
   47    -0.001441,   -0.002358,   -0.001309,   -0.000850,   -0.000333
   48    -0.000375,   -0.001624,    0.000373,    0.000635,    0.000217
   49     0.000414,   -0.000300,   -0.000511,    0.000187,    0.000098
   50    -0.000379,   -0.000652,   -0.000443,   -0.000329,   -0.000018
   51     0.000022,   -0.000448,    0.000228,    0.000177,    0.000114
   52    -0.000000,   -0.000000,    0.000000,   -0.000000,   -0.000000
   53     0.000000,    0.000001,    0.000000,   -0.000000,   -0.000000
   54    -0.000000,   -0.000000,   -0.000000,    0.000000,    0.000000
   55     0.000000,    0.000000,    0.000000,   -0.000000,    0.000001
   56    -0.000000,   -0.000000,   -0.000000,   -0.000000,   -0.000000
   57    -0.000001,   -0.000004,   -0.000003,    0.000006,   -0.000003
   58    -0.000020,   -0.000031,   -0.000008,    0.000008,    0.000001
   59     0.000010,    0.000012,    0.000004,   -0.000001,   -0.000003
   60    -0.000004,   -0.000007,   -0.000003,    0.000011,   -0.000019
   61     0.000011,    0.000020,    0.000009,    0.000010,    0.000013
   62     0.000037,    0.000086,    0.000038,   -0.000077,    0.000127
   63     0.000175,    0.000244,    0.000059,   -0.000096,    0.000006
   64    -0.000012,   -0.000035,   -0.000028,   -0.000043,   -0.000050
   65     0.000036,    0.000070,    0.000028,   -0.000062,    0.000099
   66    -0.000084,   -0.000157,   -0.000067,   -0.000043,   -0.000081
   67     0.000088,    0.000176,    0.000066,   -0.000139,    0.000287
   68     0.000244,    0.000302,    0.000065,   -0.000138,    0.000001
   69     0.000060,    0.000028,   -0.000032,   -0.000131,   -0.000138
   70     0.000061,    0.000129,    0.000053,   -0.000068,    0.000083
   71    -0.000079,   -0.000166,   -0.000076,   -0.000069,   -0.000051
   72     0.000025,    0.000057,    0.000027,    0.000031,    0.000022
   73    -0.000025,   -0.000053,   -0.000024,    0.000045,   -0.000067
   74    -0.000032,   -0.000030,    0.000007,    0.000055,    0.000042
   75     0.000050,    0.000073,    0.000022,   -0.000015,    0.000016
   76    -0.000008,   -0.000011,   -0.000002,    0.000007,    0.000003
   77     0.000067,    0.000105,    0.000030,   -0.000029,    0.000003
   78     0.000019,    0.000041,    0.000017,   -0.000045,    0.000077
   79    -0.000000,    0.000000,   -0.000000,    0.000000,    0.000000
   80     0.000002,    0.000002,    0.000000,   -0.000003,    0.000003
   81     0.000025,    0.000026,    0.000008,   -0.000050,    0.000037
   82     0.000226,    0.000228,    0.000078,   -0.000436,    0.000320
   83    -0.000831,   -0.000871,   -0.000256,    0.001657,   -0.001225
   84     0.000170,    0.000197,    0.000036,   -0.000369,    0.000277
   85     0.000011,    0.000009,    0.000000,   -0.000027,    0.000003
   86     0.000019,    0.000020,    0.000003,   -0.000003,    0.000000
   87     0.000004,    0.000009,    0.000006,   -0.000008,    0.000031
   88    -0.000250,   -0.000200,   -0.000001,    0.000634,   -0.000078
   89    -0.000442,   -0.000469,   -0.000072,    0.000070,   -0.000002
   90    -0.000085,   -0.000200,   -0.000130,    0.000179,   -0.000714
   91     0.001237,    0.000972,   -0.000007,   -0.003157,    0.000323
   92     0.002269,    0.002388,    0.000355,   -0.000335,    0.000000
   93     0.000403,    0.000992,    0.000669,   -0.000843,    0.003604
   94     0.002473,    0.002002,    0.000031,   -0.006233,    0.000842
   95     0.004259,    0.004533,    0.000705,   -0.000702,    0.000028
   96     0.000867,    0.001972,    0.001258,   -0.001827,    0.006948
   97     0.000827,    0.000593,   -0.000023,   -0.002141,    0.000058
   98     0.001711,    0.001763,    0.000243,   -0.000198,   -0.000023
   99     0.000227,    0.000661,    0.000513,   -0.000447,    0.002576
  100    -0.000000,    0.000000,    0.000000,   -0.000000,    0.000000
  101     0.000000,    0.000000,    0.000000,   -0.000000,   -0.000000
  102    -0.000000,   -0.000000,   -0.000000,   -0.000000,   -0.000000
  103     0.000000,    0.000001,    0.000000,   -0.000001,    0.000001
  104     0.000000,    0.000000,   -0.000000,   -0.000001,    0.000000
  105    -0.000008,   -0.000011,   -0.000003,    0.000011,   -0.000009
  106    -0.000018,   -0.000019,   -0.000003,    0.000010,    0.000002
  107     0.000006,    0.000006,    0.000000,   -0.000003,   -0.000007
  108    -0.000023,   -0.000029,   -0.000007,    0.000047,   -0.000051
  109    -0.000014,   -0.000012,    0.000000,    0.000042,   -0.000011
  110     0.000133,    0.000170,    0.000043,   -0.000101,    0.000040
  111     0.000111,    0.000157,    0.000047,   -0.000074,    0.000027
  112    -0.000037,   -0.000025,    0.000004,    0.000055,    0.000147
  113     0.000172,    0.000206,    0.000048,   -0.000383,    0.000396
  114     0.000116,    0.000103,    0.000010,   -0.000308,    0.000099
  115     0.000241,    0.000299,    0.000071,   -0.000135,    0.000011
  116     0.000111,    0.000220,    0.000101,   -0.000087,    0.000063
  117    -0.000036,   -0.000015,    0.000010,    0.000107,    0.000294
  118     0.000185,    0.000211,    0.000049,   -0.000456,    0.000475
  119     0.000142,    0.000116,    0.000022,   -0.000327,    0.000094
  120     0.000078,    0.000084,    0.000016,   -0.000057,    0.000017
  121     0.000084,    0.000116,    0.000034,   -0.000063,    0.000034
  122     0.000016,    0.000034,    0.000019,   -0.000012,    0.000016
  123    -0.000057,   -0.000063,   -0.000012,    0.000124,   -0.000045
  124     0.000017,    0.000034,    0.000016,   -0.000045,    0.000177
  125     0.000074,    0.000077,    0.000016,   -0.000188,    0.000149
  126     0.000035,    0.000024,    0.000002,   -0.000110,    0.000026
  127    -0.000000,    0.000000,    0.000000,    0.000000,    0.000000
  128     0.000000,   -0.000000,   -0.000000,   -0.000001,   -0.000002
  129     0.000013,   -0.000007,   -0.000009,   -0.000050,   -0.000044
  130     0.000135,   -0.000061,   -0.000087,   -0.000501,   -0.000405
  131    -0.000398,    0.000213,    0.000281,    0.001520,    0.001421
  132    -0.000088,   -0.000024,    0.000027,    0.000265,   -0.000095
  133     0.000003,    0.000004,    0.000001,   -0.000005,    0.000018
  134     0.000006,   -0.000003,   -0.000003,    0.000000,   -0.000000
  135    -0.000001,   -0.000002,   -0.000002,   -0.000005,   -0.000007
  136    -0.000060,   -0.000088,   -0.000019,    0.000107,   -0.000430
  137    -0.000151,    0.000081,    0.000066,   -0.000009,    0.000010
  138     0.000024,    0.000051,    0.000036,    0.000109,    0.000155
  139     0.000332,    0.000453,    0.000088,   -0.000624,    0.002148
  140     0.000763,   -0.000447,   -0.000344,    0.000045,   -0.000026
  141    -0.000110,   -0.000237,   -0.000175,   -0.000581,   -0.000740
  142     0.000564,    0.000867,    0.000197,   -0.000962,    0.004257
  143     0.001455,   -0.000752,   -0.000618,    0.000080,   -0.000141
  144    -0.000267,   -0.000558,   -0.000369,   -0.001006,   -0.001626
  145     0.000280,    0.000327,    0.000039,   -0.000600,    0.001435
  146     0.000567,   -0.000381,   -0.000273,    0.000040,    0.000037
  147    -0.000052,   -0.000117,   -0.000105,   -0.000468,   -0.000393
  148     0.000000,    0.000000,    0.000000,   -0.000000,    0.000000
  149     0.000000,    0.000000,    0.000000,   -0.000000,   -0.000000
  150    -0.000000,   -0.000000,   -0.000000,   -0.000000,    0.000000
  151     0.000000,    0.000000,    0.000000,   -0.000000,    0.000001
  152     0.000000,   -0.000000,   -0.000000,   -0.000000,   -0.000000
  153    -0.000002,   -0.000006,   -0.000002,    0.000001,   -0.000008
  154    -0.000012,   -0.000013,   -0.000003,    0.000006,    0.000009
  155     0.000005,    0.000006,    0.000003,   -0.000000,   -0.000003
  156    -0.000005,   -0.000012,   -0.000005,    0.000003,   -0.000043
  157    -0.000002,    0.000003,    0.000003,    0.000015,    0.000021
  158    -0.000066,   -0.000048,   -0.000001,    0.000006,    0.000079
  159     0.000065,    0.000055,    0.000002,   -0.000004,   -0.000063
  160    -0.000059,   -0.000059,   -0.000006,    0.000077,    0.000011
  161     0.000039,    0.000085,    0.000033,   -0.000001,    0.000255
  162     0.000020,   -0.000013,   -0.000017,   -0.000123,   -0.000167
  163    -0.000171,   -0.000169,   -0.000019,    0.000015,    0.000126
  164     0.000054,    0.000020,   -0.000028,    0.000054,   -0.000081
  165    -0.000103,   -0.000093,    0.000011,    0.000190,   -0.000008
  166     0.000072,    0.000124,    0.000039,   -0.000026,    0.000257
  167     0.000026,   -0.000019,   -0.000016,   -0.000158,   -0.000243
  168     0.000042,    0.000037,    0.000007,   -0.000010,   -0.000047
  169    -0.000036,   -0.000028,   -0.000001,   -0.000003,    0.000057
  170     0.000007,    0.000000,   -0.000004,    0.000009,   -0.000012
  171    -0.000009,    0.000003,    0.000009,    0.000019,    0.000060
  172     0.000045,    0.000056,    0.000012,   -0.000060,    0.000057
  173    -0.000020,   -0.000037,   -0.000012,   -0.000011,   -0.000110
  174    -0.000004,    0.000009,    0.000006,    0.000049,    0.000066
  175     0.000000,   -0.000000,   -0.000000,    0.000000,   -0.000000
  176    -0.000001,   -0.000001,   -0.000000,    0.000000,    0.000002
  177    -0.000032,   -0.000019,    0.000019,   -0.000004,    0.000054
  178    -0.000309,   -0.000165,    0.000208,   -0.000054,    0.000518
  179     0.001022,    0.000645,   -0.000551,    0.000111,   -0.001719
  180     0.000025,   -0.000138,   -0.000210,    0.000124,   -0.000060
  181    -0.000001,    0.000004,    0.000008,   -0.000005,   -0.000003
  182    -0.000006,   -0.000005,   -0.000001,    0.000008,    0.000006
  183     0.000007,    0.000013,    0.000005,   -0.000003,   -0.000008
  184     0.000025,   -0.000100,   -0.000194,    0.000125,    0.000073
  185     0.000146,    0.000114,    0.000014,   -0.000198,   -0.000132
  186    -0.000172,   -0.000310,   -0.000121,    0.000062,    0.000188
  187    -0.000116,    0.000538,    0.001018,   -0.000675,   -0.000325
  188    -0.000726,   -0.000555,   -0.000073,    0.001002,    0.000615
  189     0.000839,    0.001550,    0.000618,   -0.000327,   -0.000903
  190    -0.000268,    0.000925,    0.001851,   -0.001133,   -0.000766
  191    -0.001487,   -0.001170,   -0.000137,    0.001967,    0.001332
  192     0.001722,    0.003062,    0.001167,   -0.000628,   -0.001894
  193    -0.000064,    0.000446,    0.000796,   -0.000579,   -0.000161
  194    -0.000456,   -0.000314,   -0.000037,    0.000706,    0.000318
  195     0.000524,    0.001048,    0.000440,   -0.000231,   -0.000515
  196     0.000000,    0.000000,    0.000000,   -0.000000,    0.000000
  197     0.000001,    0.000001,    0.000000,   -0.000000,   -0.000000
  198    -0.000000,   -0.000000,   -0.000000,    0.000000,    0.000000
  199     0.000000,    0.000000,    0.000000,   -0.000000,    0.000000
  200     0.000000,    0.000000,   -0.000000,   -0.000000,   -0.000000
  201    -0.000000,   -0.000004,   -0.000004,    0.000002,   -0.000004
  202    -0.000024,   -0.000031,   -0.000008,    0.000010,    0.000026
  203     0.000007,    0.000011,    0.000003,   -0.000002,   -0.000012
  204    -0.000007,   -0.000009,   -0.000000,    0.000010,   -0.000019
  205    -0.000009,   -0.000006,   -0.000000,    0.000015,    0.000016
  206    -0.000021,   -0.000020,    0.000007,    0.000028,   -0.000085
  207     0.000146,    0.000184,    0.000048,   -0.000062,   -0.000219
  208    -0.000076,   -0.000119,   -0.000044,   -0.000043,    0.000076
  209     0.000039,    0.000039,   -0.000003,   -0.000062,    0.000163
  210     0.000046,    0.000042,   -0.000001,   -0.000090,   -0.000098
  211    -0.000060,   -0.000093,   -0.000018,    0.000089,   -0.000232
  212     0.000163,    0.000191,    0.000042,   -0.000104,   -0.000265
  213    -0.000132,   -0.000192,   -0.000073,   -0.000111,    0.000059
  214     0.000031,    0.000012,   -0.000008,   -0.000069,    0.000255
  215     0.000039,    0.000054,   -0.000007,   -0.000115,   -0.000065
  216     0.000017,    0.000016,   -0.000002,   -0.000037,   -0.000023
  217     0.000026,    0.000028,   -0.000002,   -0.000033,    0.000087
  218    -0.000073,   -0.000104,   -0.000035,    0.000004,    0.000086
  219     0.000000,    0.000017,    0.000010,    0.000040,    0.000026
  220    -0.000013,   -0.000007,    0.000004,    0.000026,   -0.000064
  221    -0.000047,   -0.000058,   -0.000015,    0.000052,    0.000071
  222     0.000013,    0.000018,    0.000000,   -0.000018,    0.000034
               125,         126,         127,         128,         129
    0    -0.001002,   -0.000570,    0.000000,   -0.000026,   -0.000396
    1    -0.002363,   -0.001327,    0.000000,   -0.000064,   -0.000916
    2     0.005011,    0.002763,   -0.000004,    0.000132,    0.002477
    3     0.004913,    0.002713,   -0.000003,    0.000131,    0.002341
    4    -0.001114,   -0.000536,    0.000040,    0.000041,   -0.005615
    5    -0.005471,   -0.001906,    0.000010,    0.000103,   -0.000037
    6    -0.001755,   -0.001653,   -0.000001,   -0.000016,    0.000006
    7    -0.003669,   -0.003704,   -0.000007,   -0.000071,    0.000025
    8    -0.003920,   -0.001362,    0.000012,    0.000080,   -0.000728
    9    -0.001272,   -0.001202,   -0.000002,   -0.000012,    0.000111
   10    -0.002628,   -0.002680,   -0.000008,   -0.000055,    0.000504
   11     0.000443,    0.000171,    0.000021,    0.000017,   -0.003061
   12     0.000092,    0.000069,   -0.000003,   -0.000003,    0.000465
   13     0.000300,    0.000204,   -0.000015,   -0.000012,    0.002116
   14     0.000067,    0.000034,   -0.000000,   -0.000001,    0.000060
   15     0.000017,    0.000032,    0.000000,    0.000001,   -0.000042
   16    -0.000001,    0.000054,   -0.000000,   -0.000000,    0.000008
   17     0.000232,    0.000084,   -0.000002,   -0.000004,    0.000274
   18     0.000170,    0.000132,    0.000002,    0.000003,   -0.000193
   19     0.000042,    0.000046,   -0.000001,   -0.000000,    0.000197
   20     0.000050,    0.000083,    0.000001,    0.000000,   -0.000136
   21    -0.000025,    0.000139,   -0.000000,   -0.000000,    0.000025
   22    -0.000051,   -0.000012,   -0.000006,   -0.000000,    0.000898
   23    -0.000055,   -0.000144,    0.000004,    0.000000,   -0.000635
   24    -0.000014,   -0.000008,   -0.000000,   -0.000001,    0.000025
   25     0.000000,   -0.000003,    0.000000,   -0.000000,   -0.000018
   26    -0.000008,   -0.000008,   -0.000000,   -0.000001,    0.000015
   27    -0.000001,   -0.000011,    0.000000,    0.000000,   -0.000035
   28     0.000000,    0.000002,    0.000000,   -0.000000,   -0.000024
   29    -0.000019,   -0.000012,   -0.000001,   -0.000002,    0.000092
   30     0.000003,   -0.000000,    0.000000,   -0.000000,   -0.000032
   31    -0.000000,   -0.000000,    0.000000,    0.000000,   -0.000000
   32    -0.000000,   -0.000001,    0.000000,    0.000000,   -0.000002
   33     0.000036,   -0.000000,   -0.000000,   -0.000002,   -0.000014
   34     0.000385,    0.000022,   -0.000003,   -0.000026,   -0.000037
   35    -0.001079,    0.000052,    0.000008,    0.000068,   -0.000064
   36    -0.000330,   -0.000205,   -0.000002,    0.000015,    0.000553
   37     0.000007,    0.000004,   -0.000000,    0.000000,    0.000006
   38     0.000009,    0.000009,    0.000000,    0.000000,   -0.000001
   39     0.000006,    0.000011,    0.000000,   -0.000000,   -0.000004
   40    -0.000171,   -0.000095,    0.000001,   -0.000004,   -0.000142
   41    -0.000211,   -0.000205,   -0.000000,   -0.000001,    0.000019
   42    -0.000148,   -0.000255,   -0.000000,    0.000002,    0.000097
   43     0.000951,    0.000514,   -0.000003,    0.000018,    0.000700
   44     0.001090,    0.001016,    0.000001,    0.000007,   -0.000034
   45     0.000800,    0.001332,    0.000002,   -0.000009,   -0.000453
   46     0.001520,    0.000867,   -0.000007,    0.000036,    0.001541
   47     0.002114,    0.002083,    0.000004,    0.000017,   -0.000321
   48     0.001391,    0.002439,    0.000006,   -0.000015,   -0.001103
   49     0.000852,    0.000436,   -0.000005,    0.000010,    0.000930
   50     0.000770,    0.000643,    0.000001,    0.000011,    0.000070
   51     0.000652,    0.001023,    0.000003,   -0.000001,   -0.000552
   52    -0.000000,   -0.000000,   -0.000000,   -0.000000,    0.000001
   53    -0.000000,   -0.000000,   -0.000000,   -0.000000,    0.000001
   54    -0.000000,   -0.000000,    0.000000,    0.000000,   -0.000001
   55     0.000001,    0.000000,    0.000000,   -0.000000,   -0.000002
   56     0.000001,    0.000001,    0.000000,    0.000000,    0.000000
   57    -0.000005,   -0.000001,    0.000000,    0.000000,   -0.000031
   58     0.000003,    0.000010,    0.000000,   -0.000000,   -0.000022
   59    -0.000003,   -0.000003,   -0.000000,   -0.000000,    0.000033
   60    -0.000022,   -0.000008,   -0.000000,    0.000000,    0.000042
   61    -0.000020,   -0.000028,   -0.000000,    0.000000,    0.000004
   62     0.000126,    0.000036,   -0.000001,   -0.000004,    0.000049
   63     0.000023,   -0.000050,   -0.000000,    0.000003,    0.000112
   64     0.000050,    0.000068,    0.000001,    0.000001,   -0.000087
   65     0.000111,    0.000034,    0.000000,   -0.000002,   -0.000094
   66     0.000096,    0.000151,    0.000000,   -0.000001,   -0.000074
   67     0.000277,    0.000084,    0.000002,   -0.000005,   -0.000417
   68     0.000039,   -0.000062,   -0.000001,    0.000002,    0.000212
   69     0.000118,    0.000162,   -0.000001,    0.000002,    0.000170
   70     0.000099,    0.000021,   -0.000000,   -0.000002,    0.000022
   71     0.000123,    0.000155,    0.000001,    0.000002,   -0.000103
   72    -0.000062,   -0.000072,   -0.000000,   -0.000000,    0.000027
   73    -0.000075,   -0.000022,   -0.000000,    0.000002,    0.000023
   74    -0.000049,   -0.000051,    0.000000,   -0.000001,   -0.000021
   75    -0.000011,   -0.000038,   -0.000000,    0.000001,    0.000016
   76    -0.000006,   -0.000001,    0.000000,    0.000000,   -0.000012
   77    -0.000015,   -0.000042,   -0.000000,    0.000001,    0.000058
   78     0.000078,    0.000024,    0.000000,   -0.000002,   -0.000055
   79    -0.000000,    0.000000,    0.000000,    0.000000,   -0.000000
   80     0.000006,    0.000003,    0.000000,    0.000000,   -0.000002
   81     0.000096,    0.000050,   -0.000000,   -0.000002,   -0.000014
   82     0.000862,    0.000436,   -0.000003,   -0.000026,   -0.000037
   83    -0.003173,   -0.001664,    0.000008,    0.000068,   -0.000064
   84     0.000652,    0.000376,   -0.000002,    0.000015,    0.000553
   85     0.000042,    0.000028,   -0.000000,    0.000000,    0.000006
   86     0.000000,   -0.000003,    0.000000,   -0.000000,   -0.000001
   87     0.000029,    0.000009,    0.000000,   -0.000000,   -0.000004
   88    -0.000963,   -0.000646,    0.000001,   -0.000002,   -0.000140
   89    -0.000009,    0.000072,   -0.000000,    0.000001,    0.000022
   90    -0.000670,   -0.000203,   -0.000000,    0.000004,    0.000100
   91     0.004763,    0.003204,   -0.000003,    0.000010,    0.000636
   92     0.000023,   -0.000378,    0.000000,   -0.000004,   -0.000115
   93     0.003311,    0.000979,    0.000002,   -0.000019,   -0.000528
   94     0.009523,    0.006369,   -0.000009,    0.000015,    0.001618
   95     0.000121,   -0.000676,    0.000001,   -0.000008,   -0.000223
   96     0.006622,    0.002034,    0.000003,   -0.000039,   -0.001013
   97     0.003184,    0.002138,   -0.000005,   -0.000001,    0.000742
   98    -0.000037,   -0.000312,    0.000001,   -0.000003,   -0.000168
   99     0.002211,    0.000580,    0.000004,   -0.000014,   -0.000772
  100     0.000000,    0.000000,    0.000000,   -0.000000,   -0.000000
  101     0.000000,    0.000000,   -0.000000,   -0.000000,    0.000001
  102     0.000000,    0.000000,   -0.000000,   -0.000000,    0.000001
  103     0.000001,    0.000001,    0.000000,   -0.000000,   -0.000000
  104     0.000001,    0.000001,   -0.000000,   -0.000000,    0.000002
  105    -0.000018,   -0.000008,   -0.000000,    0.000000,    0.000001
  106    -0.000008,   -0.000004,    0.000000,    0.000000,   -0.000026
  107     0.000001,    0.000003,    0.000000,    0.000000,   -0.000040
  108    -0.000091,   -0.000047,   -0.000000,    0.000000,    0.000003
  109    -0.000066,   -0.000046,    0.000000,   -0.000000,   -0.000045
  110     0.000116,    0.000042,   -0.000000,    0.000000,    0.000013
  111     0.000069,    0.000014,   -0.000000,   -0.000001,    0.000061
  112    -0.000009,   -0.000078,   -0.000001,   -0.000004,    0.000066
  113     0.000737,    0.000366,   -0.000000,    0.000000,    0.000064
  114     0.000528,    0.000375,   -0.000001,    0.000004,    0.000156
  115     0.000107,    0.000015,   -0.000000,   -0.000001,    0.000017
  116     0.000072,   -0.000008,    0.000001,   -0.000001,   -0.000138
  117    -0.000011,   -0.000150,    0.000002,   -0.000005,   -0.000451
  118     0.000878,    0.000401,   -0.000001,   -0.000003,    0.000084
  119     0.000622,    0.000471,   -0.000001,    0.000003,    0.000171
  120     0.000074,    0.000035,   -0.000000,    0.000000,    0.000013
  121     0.000077,    0.000024,    0.000000,   -0.000000,   -0.000007
  122     0.000016,    0.000002,    0.000000,   -0.000000,   -0.000009
  123    -0.000188,   -0.000110,    0.000000,   -0.000001,   -0.000050
  124     0.000149,    0.000026,    0.000000,   -0.000002,   -0.000044
  125     0.000362,    0.000201,   -0.000000,    0.000000,    0.000052
  126     0.000201,    0.000155,   -0.000000,    0.000002,    0.000034
  127    -0.000000,   -0.000000,    0.000000,    0.000000,   -0.000015
  128     0.000000,    0.000002,    0.000000,    0.000000,   -0.000015
  129     0.000052,    0.000034,   -0.000015,   -0.000015,    0.002192
  130     0.000532,    0.000317,   -0.000163,   -0.000165,    0.023124
  131    -0.001574,   -0.001104,    0.000447,    0.000435,   -0.063822
  132    -0.000333,    0.000026,    0.000104,    0.000124,   -0.014503
  133     0.000009,   -0.000010,    0.000000,   -0.000001,   -0.000011
  134    -0.000001,    0.000000,   -0.000000,    0.000000,    0.000002
  135     0.000002,   -0.000002,   -0.000000,    0.000000,    0.000008
  136    -0.000215,    0.000229,   -0.000000,    0.000014,    0.000271
  137     0.000014,   -0.000011,    0.000000,   -0.000002,   -0.000041
  138    -0.000038,    0.000048,    0.000000,   -0.000010,   -0.000188
  139     0.001192,   -0.001092,    0.000001,   -0.000070,   -0.001124
  140    -0.000054,    0.000065,   -0.000000,    0.000011,    0.000171
  141     0.000235,   -0.000256,   -0.000000,    0.000048,    0.000777
  142     0.002003,   -0.002289,    0.000014,   -0.000128,   -0.004088
  143    -0.000167,    0.000092,   -0.000002,    0.000019,    0.000621
  144     0.000242,   -0.000488,   -0.000010,    0.000088,    0.002827
  145     0.001023,   -0.000633,    0.000019,   -0.000019,   -0.003350
  146    -0.000009,    0.000057,   -0.000003,    0.000003,    0.000508
  147     0.000276,   -0.000228,   -0.000013,    0.000013,    0.002316
  148     0.000000,   -0.000000,   -0.000000,   -0.000000,    0.000000
  149     0.000000,    0.000000,    0.000000,    0.000000,   -0.000000
  150     0.000000,    0.000000,   -0.000000,   -0.000000,    0.000000
  151     0.000001,    0.000000,   -0.000000,   -0.000000,    0.000002
  152     0.000000,    0.000001,    0.000000,    0.000000,   -0.000001
  153    -0.000004,    0.000003,    0.000000,    0.000001,   -0.000021
  154     0.000001,   -0.000001,   -0.000000,   -0.000000,    0.000015
  155    -0.000000,    0.000004,    0.000000,    0.000000,   -0.000003
  156    -0.000019,    0.000008,    0.000001,    0.000003,   -0.000097
  157    -0.000019,   -0.000030,   -0.000001,   -0.000002,    0.000068
  158     0.000039,   -0.000001,   -0.000001,   -0.000004,    0.000068
  159    -0.000036,   -0.000013,    0.000001,    0.000003,   -0.000047
  160    -0.000115,   -0.000117,   -0.000000,   -0.000000,    0.000008
  161     0.000077,   -0.000080,   -0.000004,   -0.000018,    0.000308
  162     0.000153,    0.000240,    0.000003,    0.000013,   -0.000217
  163     0.000083,    0.000039,    0.000002,   -0.000001,   -0.000284
  164    -0.000085,   -0.000044,   -0.000001,    0.000001,    0.000196
  165    -0.000288,   -0.000249,    0.000000,   -0.000000,   -0.000036
  166     0.000107,   -0.000053,    0.000008,   -0.000006,   -0.001294
  167     0.000182,    0.000305,   -0.000005,    0.000004,    0.000914
  168    -0.000018,    0.000007,   -0.000000,    0.000002,    0.000026
  169     0.000037,    0.000008,   -0.000000,   -0.000002,   -0.000027
  170    -0.000013,   -0.000006,   -0.000000,    0.000000,    0.000008
  171    -0.000011,   -0.000050,    0.000000,   -0.000003,   -0.000050
  172     0.000110,    0.000067,   -0.000000,   -0.000003,   -0.000036
  173    -0.000005,    0.000068,   -0.000000,    0.000006,    0.000096
  174    -0.000069,   -0.000105,   -0.000000,   -0.000003,   -0.000049
  175    -0.000000,   -0.000000,    0.000000,    0.000000,   -0.000000
  176     0.000001,    0.000000,    0.000000,    0.000000,   -0.000002
  177     0.000059,    0.000019,   -0.000000,   -0.000002,   -0.000014
  178     0.000593,    0.000197,   -0.000003,   -0.000026,   -0.000037
  179    -0.001806,   -0.000563,    0.000008,    0.000068,   -0.000064
  180    -0.000297,   -0.000170,   -0.000002,    0.000015,    0.000553
  181     0.000003,    0.000002,   -0.000000,    0.000000,    0.000006
  182    -0.000000,   -0.000001,   -0.000000,   -0.000000,   -0.000001
  183     0.000004,    0.000007,    0.000000,   -0.000000,   -0.000004
  184    -0.000075,   -0.000040,    0.000001,   -0.000004,   -0.000142
  185     0.000002,    0.000013,    0.000000,    0.000002,    0.000023
  186    -0.000101,   -0.000167,   -0.000001,    0.000001,    0.000096
  187     0.000453,    0.000232,   -0.000003,    0.000018,    0.000699
  188    -0.000016,   -0.000045,    0.000000,   -0.000010,   -0.000159
  189     0.000597,    0.000897,    0.000002,   -0.000005,   -0.000426
  190     0.000597,    0.000337,   -0.000007,    0.000035,    0.001542
  191    -0.000067,   -0.000199,   -0.000001,   -0.000022,   -0.000170
  192     0.000908,    0.001589,    0.000007,   -0.000006,   -0.001135
  193     0.000473,    0.000225,   -0.000005,    0.000010,    0.000928
  194    -0.000010,    0.000023,    0.000001,   -0.000011,   -0.000296
  195     0.000579,    0.000729,    0.000003,    0.000003,   -0.000474
  196     0.000000,    0.000000,    0.000000,    0.000000,   -0.000002
  197    -0.000000,   -0.000000,    0.000000,    0.000000,   -0.000001
  198    -0.000000,   -0.000000,    0.000000,   -0.000000,   -0.000000
  199     0.000001,    0.000000,    0.000000,   -0.000000,   -0.000001
  200     0.000000,    0.000001,   -0.000000,    0.000000,    0.000001
  201    -0.000003,   -0.000001,   -0.000000,   -0.000000,    0.000046
  202     0.000009,   -0.000000,   -0.000000,    0.000000,    0.000037
  203    -0.000004,    0.000001,   -0.000000,   -0.000000,    0.000010
  204    -0.000022,   -0.000007,   -0.000000,    0.000000,    0.000026
  205    -0.000013,   -0.000019,    0.000000,   -0.000000,   -0.000009
  206    -0.000081,   -0.000028,    0.000001,    0.000003,   -0.000083
  207    -0.000080,    0.000019,    0.000001,   -0.000002,   -0.000158
  208     0.000118,    0.000070,    0.000000,    0.000003,    0.000018
  209     0.000172,    0.000063,    0.000000,   -0.000003,   -0.000067
  210     0.000059,    0.000085,    0.000000,    0.000000,   -0.000014
  211    -0.000220,   -0.000073,   -0.000002,    0.000003,    0.000390
  212    -0.000042,    0.000087,    0.000001,    0.000001,   -0.000067
  213     0.000229,    0.000175,   -0.000002,    0.000002,    0.000279
  214     0.000253,    0.000103,    0.000001,   -0.000004,   -0.000153
  215     0.000086,    0.000067,    0.000000,    0.000002,   -0.000035
  216     0.000033,    0.000030,    0.000000,    0.000000,    0.000000
  217     0.000090,    0.000032,    0.000000,   -0.000002,   -0.000048
  218     0.000061,    0.000018,   -0.000000,    0.000001,    0.000052
  219    -0.000044,   -0.000054,    0.000000,   -0.000001,   -0.000027
  220    -0.000073,   -0.000029,    0.000000,    0.000001,    0.000014
  221    -0.000021,   -0.000042,   -0.000000,   -0.000000,    0.000036
  222     0.000035,    0.000010,    0.000000,   -0.000001,   -0.000035
               130,         131,         132,         133,         134
    0    -0.003685,    0.013370,    0.000987,    0.000100,   -0.000015
    1    -0.008300,    0.030827,   -0.000347,    0.000213,   -0.000032
    2     0.022812,   -0.080672,    0.004262,   -0.000390,    0.000059
    3     0.021451,   -0.076533,    0.004373,   -0.000385,    0.000059
    4    -0.059750,    0.167936,    0.031656,    0.000083,   -0.000013
    5    -0.002805,   -0.005309,    0.019913,   -0.000643,    0.000115
    6     0.000426,    0.000806,   -0.003023,    0.000115,    0.000096
    7     0.001940,    0.003670,   -0.013767,    0.000523,   -0.000079
    8    -0.009418,    0.016310,    0.019137,   -0.000451,    0.000084
    9     0.001430,   -0.002477,   -0.002905,    0.000084,    0.000091
   10     0.006512,   -0.011278,   -0.013231,    0.000383,   -0.000058
   11    -0.032080,    0.088293,    0.019616,    0.000090,   -0.000002
   12     0.004870,   -0.013405,   -0.002978,   -0.000002,    0.000074
   13     0.022179,   -0.061042,   -0.013562,   -0.000011,    0.000002
   14     0.000646,   -0.001715,   -0.000594,    0.000009,    0.000024
   15    -0.000447,    0.001186,    0.000410,   -0.000007,   -0.000025
   16     0.000082,   -0.000218,   -0.000076,   -0.000013,    0.000005
   17     0.002942,   -0.007813,   -0.002703,    0.000039,   -0.000007
   18    -0.002079,    0.005520,    0.001910,   -0.000008,    0.000013
   19     0.002048,   -0.005797,   -0.001312,    0.000005,    0.000071
   20    -0.001416,    0.004008,    0.000907,   -0.000007,   -0.000072
   21     0.000260,   -0.000737,   -0.000167,   -0.000041,    0.000015
   22     0.009328,   -0.026403,   -0.005974,    0.000022,   -0.000007
   23    -0.006590,    0.018653,    0.004220,    0.000040,    0.000027
   24     0.000276,   -0.000737,   -0.000184,    0.000000,    0.000011
   25    -0.000187,    0.000545,    0.000120,   -0.000002,   -0.000013
   26     0.000178,   -0.000434,   -0.000123,    0.000002,    0.000002
   27    -0.000369,    0.001056,    0.000238,    0.000003,   -0.000000
   28    -0.000247,    0.000721,    0.000157,   -0.000009,    0.000002
   29     0.001007,   -0.002690,   -0.000672,    0.000001,   -0.000004
   30    -0.000333,    0.000973,    0.000212,    0.000004,    0.000005
   31    -0.000003,    0.000008,   -0.000002,    0.000000,   -0.000000
   32    -0.000026,    0.000068,    0.000015,    0.000000,    0.000000
   33    -0.000037,   -0.000064,    0.000553,    0.000000,    0.000007
   34     0.000861,   -0.004021,    0.005030,   -0.000001,    0.000068
   35    -0.004021,    0.016081,   -0.013263,   -0.000007,   -0.000218
   36     0.005030,   -0.013263,   -0.006488,    0.000009,   -0.000065
   37     0.000060,   -0.000195,   -0.000057,    0.000001,   -0.000001
   38    -0.000010,    0.000023,    0.000019,   -0.000001,    0.000001
   39    -0.000042,    0.000132,    0.000044,   -0.000001,    0.000001
   40    -0.001416,    0.004571,    0.001333,   -0.000013,    0.000018
   41     0.000238,   -0.000511,   -0.000447,    0.000013,   -0.000024
   42     0.000989,   -0.003082,   -0.001027,    0.000021,   -0.000026
   43     0.006987,   -0.022598,   -0.006895,    0.000073,   -0.000101
   44    -0.000563,    0.000673,    0.002042,   -0.000065,    0.000129
   45    -0.004618,    0.014442,    0.005194,   -0.000110,    0.000144
   46     0.015439,   -0.049071,   -0.013612,    0.000102,   -0.000172
   47    -0.003904,    0.009314,    0.005124,   -0.000139,    0.000218
   48    -0.011345,    0.034731,    0.010723,   -0.000199,    0.000253
   49     0.009533,   -0.028565,   -0.008441,    0.000069,   -0.000088
   50     0.000351,   -0.001681,    0.000593,   -0.000035,    0.000134
   51    -0.005819,    0.017166,    0.005540,   -0.000084,    0.000131
   52     0.000011,   -0.000031,   -0.000007,    0.000000,    0.000000
   53     0.000008,   -0.000022,   -0.000005,    0.000000,    0.000000
   54    -0.000012,    0.000034,    0.000008,    0.000000,   -0.000000
   55    -0.000018,    0.000052,    0.000010,    0.000000,    0.000000
   56     0.000001,   -0.000004,    0.000001,   -0.000000,   -0.000000
   57    -0.000328,    0.000881,    0.000235,   -0.000001,   -0.000000
   58    -0.000220,    0.000637,    0.000129,   -0.000000,   -0.000001
   59     0.000339,   -0.000940,   -0.000221,   -0.000000,    0.000001
   60     0.000434,   -0.001251,   -0.000214,   -0.000003,   -0.000001
   61     0.000036,   -0.000084,   -0.000070,    0.000003,    0.000001
   62     0.000592,   -0.001157,   -0.000839,    0.000013,   -0.000011
   63     0.001081,   -0.003427,   -0.000390,   -0.000001,    0.000009
   64    -0.000918,    0.002457,    0.000707,   -0.000008,    0.000003
   65    -0.000933,    0.002887,    0.000224,    0.000012,   -0.000012
   66    -0.000742,    0.002131,    0.000599,   -0.000013,    0.000003
   67    -0.004215,    0.012535,    0.001798,    0.000023,   -0.000028
   68     0.002192,   -0.006642,   -0.000783,   -0.000000,    0.000016
   69     0.001706,   -0.004988,   -0.000839,   -0.000027,    0.000015
   70     0.000282,   -0.000482,   -0.000583,    0.000007,   -0.000045
   71    -0.001150,    0.003277,    0.000682,   -0.000007,    0.000022
   72     0.000284,   -0.000784,   -0.000281,    0.000005,   -0.000006
   73     0.000206,   -0.000790,    0.000135,   -0.000008,    0.000009
   74    -0.000192,    0.000674,   -0.000035,    0.000008,   -0.000004
   75     0.000158,   -0.000521,   -0.000045,    0.000004,    0.000001
   76    -0.000124,    0.000344,    0.000108,   -0.000002,    0.000006
   77     0.000590,   -0.001800,   -0.000286,    0.000001,   -0.000004
   78    -0.000528,    0.001729,    0.000078,    0.000009,   -0.000001
   79    -0.000003,    0.000008,   -0.000002,    0.000000,    0.000000
   80    -0.000026,    0.000068,    0.000015,   -0.000000,   -0.000000
   81    -0.000037,   -0.000064,    0.000553,   -0.000006,   -0.000001
   82     0.000861,   -0.004022,    0.005028,   -0.000061,   -0.000009
   83    -0.004022,    0.016083,   -0.013258,    0.000189,    0.000029
   84     0.005029,   -0.013258,   -0.006487,    0.000066,    0.000007
   85     0.000061,   -0.000188,   -0.000066,    0.000002,    0.000000
   86    -0.000009,    0.000030,    0.000007,   -0.000000,   -0.000000
   87    -0.000041,    0.000139,    0.000033,   -0.000000,    0.000000
   88    -0.001436,    0.004407,    0.001551,   -0.000059,   -0.000000
   89     0.000212,   -0.000717,   -0.000171,    0.000001,    0.000011
   90     0.000965,   -0.003273,   -0.000772,    0.000003,   -0.000003
   91     0.006543,   -0.020138,   -0.007781,    0.000316,    0.000003
   92    -0.001125,    0.003785,    0.000919,   -0.000006,   -0.000055
   93    -0.005136,    0.017312,    0.004157,   -0.000023,    0.000015
   94     0.016826,   -0.050725,   -0.016337,    0.000554,    0.000004
   95    -0.002144,    0.007211,    0.001674,   -0.000005,   -0.000115
   96    -0.009721,    0.032791,    0.007539,   -0.000014,    0.000025
   97     0.007930,   -0.023200,   -0.007827,    0.000275,    0.000008
   98    -0.001678,    0.005110,    0.001370,   -0.000006,   -0.000038
   99    -0.007691,    0.023432,    0.006257,   -0.000023,    0.000016
  100    -0.000001,    0.000003,    0.000000,    0.000000,   -0.000000
  101     0.000010,   -0.000028,   -0.000006,   -0.000000,    0.000000
  102     0.000015,   -0.000043,   -0.000009,   -0.000000,   -0.000000
  103    -0.000004,    0.000013,    0.000000,    0.000000,   -0.000000
  104     0.000018,   -0.000050,   -0.000011,   -0.000000,    0.000000
  105     0.000009,   -0.000032,    0.000009,   -0.000000,    0.000002
  106    -0.000268,    0.000748,    0.000166,    0.000000,   -0.000001
  107    -0.000425,    0.001160,    0.000286,    0.000000,    0.000000
  108     0.000027,   -0.000106,    0.000049,   -0.000002,    0.000001
  109    -0.000454,    0.001312,    0.000244,    0.000002,   -0.000000
  110     0.000130,   -0.000353,   -0.000141,    0.000005,    0.000003
  111     0.000642,   -0.001722,   -0.000465,    0.000003,   -0.000001
  112     0.000771,   -0.001673,   -0.000910,    0.000019,   -0.000000
  113     0.000656,   -0.001799,   -0.000672,    0.000021,   -0.000003
  114     0.001525,   -0.004781,   -0.000499,   -0.000019,   -0.000000
  115     0.000200,   -0.000543,   -0.000154,    0.000011,    0.000021
  116    -0.001396,    0.004054,    0.000723,    0.000010,   -0.000015
  117    -0.004574,    0.013534,    0.002042,    0.000047,    0.000003
  118     0.000981,   -0.002686,   -0.000726,    0.000048,   -0.000002
  119     0.001736,   -0.005479,   -0.000337,   -0.000036,   -0.000001
  120     0.000135,   -0.000398,   -0.000088,    0.000003,    0.000006
  121    -0.000061,    0.000213,   -0.000024,    0.000004,   -0.000003
  122    -0.000087,    0.000281,    0.000027,    0.000001,   -0.000003
  123    -0.000501,    0.001520,    0.000265,   -0.000005,    0.000000
  124    -0.000405,    0.001421,   -0.000095,    0.000018,   -0.000000
  125     0.000532,   -0.001574,   -0.000333,    0.000009,   -0.000001
  126     0.000317,   -0.001104,    0.000026,   -0.000010,    0.000000
  127    -0.000163,    0.000447,    0.000104,    0.000000,   -0.000000
  128    -0.000165,    0.000435,    0.000124,   -0.000001,    0.000000
  129     0.023124,   -0.063822,   -0.014503,   -0.000011,    0.000002
  130     0.244008,   -0.673005,   -0.153491,   -0.000103,    0.000016
  131    -0.673005,    1.858752,    0.420590,    0.000367,   -0.000056
  132    -0.153491,    0.420590,    0.100819,   -0.000071,    0.000011
  133    -0.000103,    0.000367,   -0.000071,    0.000009,    0.000001
  134     0.000016,   -0.000056,    0.000011,    0.000001,    0.000013
  135     0.000071,   -0.000254,    0.000049,    0.000003,   -0.000000
  136     0.002475,   -0.008768,    0.001592,   -0.000215,   -0.000013
  137    -0.000376,    0.001331,   -0.000242,   -0.000013,   -0.000301
  138    -0.001711,    0.006062,   -0.001101,   -0.000060,    0.000009
  139    -0.009956,    0.036850,   -0.009289,    0.001094,    0.000073
  140     0.001511,   -0.005594,    0.001410,    0.000073,    0.001566
  141     0.006883,   -0.025477,    0.006424,    0.000334,   -0.000051
  142    -0.039338,    0.127670,   -0.006306,    0.002094,    0.000120
  143     0.005972,   -0.019382,    0.000958,    0.000120,    0.002869
  144     0.027199,   -0.088274,    0.004361,    0.000548,   -0.000083
  145    -0.034258,    0.099669,    0.011510,    0.000797,    0.000065
  146     0.005201,   -0.015131,   -0.001747,    0.000065,    0.001214
  147     0.023687,   -0.068914,   -0.007958,    0.000295,   -0.000045
  148     0.000005,   -0.000013,   -0.000004,    0.000000,   -0.000000
  149    -0.000003,    0.000009,    0.000003,   -0.000000,    0.000000
  150     0.000001,   -0.000002,   -0.000001,    0.000000,   -0.000000
  151     0.000023,   -0.000058,   -0.000019,    0.000000,   -0.000000
  152    -0.000016,    0.000041,    0.000014,   -0.000000,   -0.000000
  153    -0.000234,    0.000588,    0.000219,   -0.000002,    0.000004
  154     0.000162,   -0.000407,   -0.000151,    0.000001,   -0.000004
  155    -0.000029,    0.000073,    0.000027,   -0.000002,    0.000001
  156    -0.001066,    0.002679,    0.000995,   -0.000009,    0.000001
  157     0.000753,   -0.001893,   -0.000703,    0.000009,    0.000000
  158     0.000792,   -0.001756,   -0.001056,    0.000016,   -0.000036
  159    -0.000548,    0.001215,    0.000730,   -0.000008,    0.000026
  160     0.000100,   -0.000221,   -0.000134,    0.000021,   -0.000003
  161     0.003608,   -0.007998,   -0.004809,    0.000073,   -0.000008
  162    -0.002549,    0.005651,    0.003398,   -0.000070,   -0.000000
  163    -0.002919,    0.008466,    0.001224,    0.000020,   -0.000050
  164     0.002018,   -0.005854,   -0.000846,   -0.000007,    0.000026
  165    -0.000371,    0.001075,    0.000155,    0.000029,   -0.000001
  166    -0.013293,    0.038562,    0.005576,    0.000092,   -0.000007
  167     0.009391,   -0.027243,   -0.003939,   -0.000082,    0.000002
  168     0.000235,   -0.000864,    0.000177,   -0.000011,    0.000019
  169    -0.000239,    0.000913,   -0.000206,    0.000009,   -0.000020
  170     0.000080,   -0.000263,    0.000038,   -0.000000,    0.000003
  171    -0.000437,    0.001658,   -0.000369,    0.000027,   -0.000003
  172    -0.000319,    0.001220,   -0.000276,    0.000003,   -0.000000
  173     0.000859,   -0.003162,    0.000650,   -0.000041,    0.000000
  174    -0.000431,    0.001649,   -0.000373,    0.000028,    0.000003
  175    -0.000003,    0.000008,   -0.000002,    0.000000,    0.000000
  176    -0.000026,    0.000068,    0.000015,    0.000000,   -0.000000
  177    -0.000037,   -0.000064,    0.000553,    0.000000,   -0.000005
  178     0.000860,   -0.004020,    0.005030,   -0.000001,   -0.000050
  179    -0.004020,    0.016081,   -0.013264,   -0.000006,    0.000162
  180     0.005031,   -0.013265,   -0.006489,    0.000009,    0.000046
  181     0.000060,   -0.000195,   -0.000057,    0.000001,    0.000000
  182    -0.000008,    0.000035,    0.000001,    0.000000,    0.000000
  183    -0.000043,    0.000129,    0.000048,   -0.000001,   -0.000001
  184    -0.001416,    0.004570,    0.001335,   -0.000013,   -0.000007
  185     0.000198,   -0.000829,   -0.000023,   -0.000004,   -0.000003
  186     0.000997,   -0.003014,   -0.001118,    0.000025,    0.000022
  187     0.006985,   -0.022584,   -0.006901,    0.000073,    0.000040
  188    -0.001427,    0.005459,    0.000315,    0.000014,    0.000020
  189    -0.004432,    0.013414,    0.005565,   -0.000128,   -0.000120
  190     0.015448,   -0.049084,   -0.013630,    0.000103,    0.000069
  191    -0.001197,    0.006079,   -0.000183,    0.000045,    0.000018
  192    -0.011927,    0.035427,    0.011863,   -0.000240,   -0.000209
  193     0.009523,   -0.028531,   -0.008437,    0.000070,    0.000036
  194    -0.002770,    0.008763,    0.001788,   -0.000003,    0.000038
  195    -0.005149,    0.014923,    0.005283,   -0.000092,   -0.000117
  196    -0.000018,    0.000050,    0.000010,    0.000000,   -0.000000
  197    -0.000013,    0.000035,    0.000009,   -0.000000,    0.000000
  198    -0.000004,    0.000012,    0.000002,    0.000000,    0.000000
  199    -0.000012,    0.000035,    0.000006,    0.000000,   -0.000000
  200     0.000005,   -0.000016,   -0.000002,   -0.000000,    0.000000
  201     0.000478,   -0.001319,   -0.000302,   -0.000000,    0.000001
  202     0.000378,   -0.001060,   -0.000255,    0.000001,   -0.000002
  203     0.000106,   -0.000279,   -0.000072,   -0.000001,   -0.000001
  204     0.000263,   -0.000784,   -0.000100,   -0.000003,    0.000002
  205    -0.000093,    0.000283,    0.000013,    0.000003,   -0.000001
  206    -0.000919,    0.002230,    0.000851,   -0.000006,   -0.000001
  207    -0.001587,    0.004652,    0.000943,   -0.000009,    0.000004
  208     0.000122,   -0.000693,    0.000187,   -0.000005,   -0.000006
  209    -0.000618,    0.002190,   -0.000134,    0.000016,    0.000007
  210    -0.000152,    0.000336,    0.000311,   -0.000011,   -0.000001
  211     0.003966,   -0.011646,   -0.001885,   -0.000018,    0.000006
  212    -0.000762,    0.002350,    0.000226,   -0.000020,   -0.000006
  213     0.002861,   -0.008501,   -0.001233,   -0.000019,   -0.000016
  214    -0.001485,    0.004743,    0.000211,    0.000017,    0.000037
  215    -0.000429,    0.001088,    0.000430,   -0.000003,   -0.000011
  216    -0.000006,   -0.000039,    0.000108,   -0.000003,    0.000000
  217    -0.000459,    0.001537,    0.000015,    0.000008,   -0.000001
  218     0.000516,   -0.001623,   -0.000206,    0.000001,    0.000001
  219    -0.000260,    0.000837,    0.000049,    0.000008,    0.000001
  220     0.000115,   -0.000493,    0.000150,   -0.000008,   -0.000008
  221     0.000386,   -0.001083,   -0.000328,    0.000006,    0.000004
  222    -0.000348,    0.001093,    0.000115,    0.000005,   -0.000003
               135,         136,         137,         138,         139
    0    -0.000069,   -0.002269,    0.000345,    0.001569,    0.011020
    1    -0.000147,   -0.004854,    0.000737,    0.003356,    0.023169
    2     0.000269,    0.008941,   -0.001357,   -0.006182,   -0.041413
    3     0.000267,    0.008840,   -0.001342,   -0.006112,   -0.041029
    4    -0.000057,   -0.001930,    0.000293,    0.001335,    0.008323
    5     0.000523,    0.014936,   -0.002664,   -0.012131,   -0.074540
    6    -0.000079,   -0.002664,   -0.002204,    0.001841,    0.013066
    7    -0.000248,   -0.012132,    0.001842,    0.005780,    0.059513
    8     0.000383,    0.010464,   -0.001952,   -0.008892,   -0.052174
    9    -0.000058,   -0.001952,   -0.002100,    0.001350,    0.009592
   10    -0.000161,   -0.008893,    0.001350,    0.003752,    0.043687
   11    -0.000011,   -0.002110,    0.000058,    0.000264,    0.010673
   12     0.000002,    0.000058,   -0.001737,   -0.000040,   -0.000227
   13     0.000082,    0.000263,   -0.000040,   -0.001910,   -0.001034
   14    -0.000007,   -0.000200,   -0.000555,    0.000168,    0.001029
   15     0.000005,    0.000168,    0.000581,   -0.000116,   -0.000855
   16    -0.000022,    0.000311,   -0.000126,    0.000521,   -0.001610
   17    -0.000007,   -0.000917,    0.000168,    0.000168,    0.004715
   18     0.000032,    0.000184,   -0.000302,   -0.000749,   -0.000877
   19    -0.000007,   -0.000112,   -0.001667,    0.000169,    0.000634
   20     0.000004,    0.000169,    0.001686,   -0.000102,   -0.000915
   21    -0.000062,    0.000953,   -0.000358,    0.001453,   -0.004916
   22     0.000041,   -0.000524,    0.000169,   -0.000953,    0.002958
   23     0.000047,   -0.000937,   -0.000631,   -0.001105,    0.004647
   24    -0.000003,   -0.000011,   -0.000266,    0.000068,    0.000052
   25    -0.000000,    0.000050,    0.000299,    0.000005,   -0.000268
   26     0.000002,   -0.000057,   -0.000050,   -0.000043,    0.000286
   27     0.000005,   -0.000073,    0.000005,   -0.000116,    0.000362
   28    -0.000013,    0.000210,   -0.000040,    0.000311,   -0.001108
   29    -0.000001,   -0.000033,    0.000100,    0.000019,    0.000162
   30     0.000005,   -0.000095,   -0.000110,   -0.000115,    0.000486
   31    -0.000000,   -0.000000,    0.000001,    0.000000,    0.000000
   32     0.000000,   -0.000002,   -0.000004,   -0.000001,    0.000009
   33     0.000003,   -0.000003,   -0.000160,   -0.000067,    0.000066
   34     0.000030,    0.000015,   -0.001598,   -0.000696,    0.000467
   35    -0.000089,    0.000179,    0.005124,    0.002088,   -0.002528
   36    -0.000034,   -0.000212,    0.001536,    0.000792,    0.000858
   37    -0.000001,   -0.000013,    0.000018,    0.000023,    0.000071
   38     0.000001,    0.000013,   -0.000024,   -0.000023,   -0.000065
   39     0.000001,    0.000021,   -0.000026,   -0.000013,   -0.000109
   40     0.000023,    0.000302,   -0.000424,   -0.000536,   -0.001671
   41    -0.000023,   -0.000310,    0.000555,    0.000545,    0.001501
   42    -0.000013,   -0.000487,    0.000617,    0.000306,    0.002553
   43    -0.000125,   -0.001703,    0.002382,    0.002951,    0.009350
   44     0.000121,    0.001506,   -0.003027,   -0.002834,   -0.007248
   45     0.000072,    0.002575,   -0.003383,   -0.001689,   -0.013452
   46    -0.000213,   -0.002396,    0.004061,    0.005024,    0.013496
   47     0.000232,    0.003233,   -0.005104,   -0.005437,   -0.015756
   48     0.000113,    0.004669,   -0.005955,   -0.002640,   -0.024527
   49    -0.000107,   -0.001621,    0.002077,    0.002515,    0.008780
   50     0.000097,    0.000801,   -0.003143,   -0.002268,   -0.003763
   51     0.000068,    0.001967,   -0.003067,   -0.001579,   -0.010261
   52     0.000000,   -0.000000,   -0.000001,   -0.000001,    0.000002
   53     0.000000,   -0.000000,   -0.000000,   -0.000000,    0.000001
   54     0.000000,   -0.000001,    0.000001,   -0.000001,    0.000005
   55    -0.000000,   -0.000002,   -0.000001,    0.000002,    0.000010
   56     0.000000,    0.000002,    0.000001,   -0.000000,   -0.000011
   57    -0.000000,    0.000028,    0.000007,    0.000007,   -0.000146
   58    -0.000000,    0.000004,    0.000015,    0.000004,   -0.000029
   59    -0.000001,    0.000011,   -0.000025,    0.000027,   -0.000052
   60     0.000002,    0.000063,    0.000020,   -0.000049,   -0.000312
   61    -0.000001,   -0.000075,   -0.000030,    0.000017,    0.000378
   62    -0.000014,   -0.000290,    0.000248,    0.000332,    0.001407
   63     0.000004,    0.000028,   -0.000211,   -0.000097,   -0.000038
   64     0.000003,    0.000186,   -0.000069,   -0.000063,   -0.000932
   65    -0.000012,   -0.000282,    0.000269,    0.000267,    0.001384
   66     0.000010,    0.000300,   -0.000062,   -0.000235,   -0.001526
   67    -0.000038,   -0.000537,    0.000650,    0.000884,    0.002539
   68     0.000010,   -0.000000,   -0.000376,   -0.000225,    0.000171
   69    -0.000003,    0.000623,   -0.000350,    0.000066,   -0.003085
   70    -0.000012,   -0.000172,    0.001042,    0.000276,    0.000822
   71     0.000026,    0.000159,   -0.000518,   -0.000597,   -0.000808
   72    -0.000010,   -0.000108,    0.000150,    0.000233,    0.000538
   73     0.000008,    0.000181,   -0.000221,   -0.000197,   -0.000888
   74    -0.000003,   -0.000189,    0.000096,    0.000059,    0.000925
   75     0.000003,   -0.000085,   -0.000026,   -0.000065,    0.000456
   76    -0.000002,    0.000051,   -0.000142,    0.000049,   -0.000264
   77    -0.000002,   -0.000014,    0.000102,    0.000049,    0.000109
   78    -0.000007,   -0.000217,    0.000025,    0.000173,    0.001063
   79     0.000000,   -0.000001,   -0.000000,   -0.000000,    0.000003
   80    -0.000000,    0.000002,    0.000001,    0.000004,   -0.000010
   81    -0.000004,    0.000140,    0.000021,    0.000100,   -0.000636
   82    -0.000041,    0.001437,    0.000202,    0.000965,   -0.006548
   83     0.000139,   -0.004410,   -0.000688,   -0.003274,    0.020157
   84     0.000033,   -0.001552,   -0.000161,   -0.000773,    0.007786
   85     0.000000,   -0.000059,   -0.000000,   -0.000003,    0.000316
   86     0.000000,    0.000001,    0.000011,   -0.000003,   -0.000006
   87     0.000000,    0.000003,   -0.000003,   -0.000002,   -0.000021
   88    -0.000003,    0.001374,    0.000010,    0.000070,   -0.007418
   89    -0.000003,   -0.000020,   -0.000250,    0.000065,    0.000140
   90    -0.000002,   -0.000070,    0.000065,    0.000039,    0.000514
   91     0.000022,   -0.007417,   -0.000082,   -0.000518,    0.039889
   92     0.000015,    0.000149,    0.001298,   -0.000358,   -0.000950
   93     0.000013,    0.000558,   -0.000362,   -0.000299,   -0.003698
   94     0.000027,   -0.013004,   -0.000090,   -0.000665,    0.070370
   95     0.000024,    0.000128,    0.002717,   -0.000576,   -0.000989
   96    -0.000006,    0.000351,   -0.000580,    0.000146,   -0.003290
   97     0.000043,   -0.006451,   -0.000195,   -0.001022,    0.034487
   98     0.000016,    0.000141,    0.000890,   -0.000373,   -0.000869
   99     0.000034,    0.000544,   -0.000378,   -0.000782,   -0.003434
  100    -0.000000,   -0.000000,    0.000002,    0.000000,    0.000001
  101     0.000000,    0.000001,   -0.000001,   -0.000000,   -0.000003
  102     0.000000,    0.000001,    0.000000,   -0.000000,   -0.000006
  103    -0.000000,   -0.000001,    0.000000,    0.000003,    0.000003
  104     0.000000,    0.000001,   -0.000000,   -0.000001,   -0.000003
  105     0.000001,    0.000009,   -0.000042,   -0.000013,   -0.000046
  106     0.000000,   -0.000010,    0.000019,   -0.000002,    0.000044
  107     0.000000,   -0.000004,   -0.000009,   -0.000009,    0.000022
  108     0.000004,    0.000041,   -0.000013,   -0.000099,   -0.000213
  109    -0.000001,   -0.000036,    0.000001,    0.000026,    0.000155
  110    -0.000003,   -0.000109,   -0.000061,    0.000066,    0.000581
  111    -0.000002,   -0.000066,    0.000031,    0.000038,    0.000347
  112    -0.000003,   -0.000432,    0.000008,    0.000073,    0.002114
  113    -0.000010,   -0.000495,    0.000068,    0.000233,    0.002636
  114    -0.000003,    0.000445,    0.000008,    0.000071,   -0.002072
  115    -0.000002,   -0.000247,   -0.000499,    0.000042,    0.001304
  116    -0.000005,   -0.000230,    0.000348,    0.000117,    0.001132
  117    -0.000008,   -0.001086,   -0.000080,    0.000196,    0.005308
  118     0.000013,   -0.001118,    0.000050,   -0.000299,    0.005911
  119    -0.000023,    0.000836,    0.000035,    0.000528,   -0.004039
  120    -0.000001,   -0.000060,   -0.000151,    0.000024,    0.000332
  121    -0.000002,   -0.000088,    0.000081,    0.000051,    0.000453
  122    -0.000002,   -0.000019,    0.000066,    0.000036,    0.000088
  123    -0.000005,    0.000107,   -0.000009,    0.000109,   -0.000624
  124    -0.000007,   -0.000430,    0.000010,    0.000155,    0.002148
  125     0.000002,   -0.000215,    0.000014,   -0.000038,    0.001192
  126    -0.000002,    0.000229,   -0.000011,    0.000048,   -0.001092
  127    -0.000000,   -0.000000,    0.000000,    0.000000,    0.000001
  128     0.000000,    0.000014,   -0.000002,   -0.000010,   -0.000070
  129     0.000008,    0.000271,   -0.000041,   -0.000188,   -0.001124
  130     0.000071,    0.002475,   -0.000376,   -0.001711,   -0.009956
  131    -0.000254,   -0.008768,    0.001331,    0.006062,    0.036850
  132     0.000049,    0.001592,   -0.000242,   -0.001101,   -0.009289
  133     0.000003,   -0.000215,   -0.000013,   -0.000060,    0.001094
  134    -0.000000,   -0.000013,   -0.000301,    0.000009,    0.000073
  135     0.000011,   -0.000060,    0.000009,   -0.000261,    0.000334
  136    -0.000060,    0.005018,    0.000312,    0.001422,   -0.025493
  137     0.000009,    0.000312,    0.007028,   -0.000216,   -0.001722
  138    -0.000261,    0.001422,   -0.000216,    0.006092,   -0.007842
  139     0.000334,   -0.025493,   -0.001722,   -0.007842,    0.129677
  140    -0.000051,   -0.001722,   -0.036573,    0.001191,    0.009432
  141     0.001346,   -0.007842,    0.001191,   -0.031413,    0.042954
  142     0.000548,   -0.048775,   -0.002834,   -0.012907,    0.247487
  143    -0.000083,   -0.002834,   -0.067013,    0.001960,    0.015728
  144     0.002508,   -0.012907,    0.001960,   -0.058518,    0.071632
  145     0.000295,   -0.018594,   -0.001517,   -0.006911,    0.094717
  146    -0.000045,   -0.001517,   -0.028359,    0.001049,    0.008227
  147     0.001020,   -0.006911,    0.001049,   -0.023811,    0.037469
  148    -0.000000,   -0.000001,    0.000001,    0.000001,    0.000003
  149     0.000000,    0.000001,   -0.000002,   -0.000000,   -0.000002
  150     0.000000,   -0.000001,    0.000001,   -0.000001,    0.000004
  151    -0.000000,   -0.000003,    0.000001,    0.000004,    0.000015
  152     0.000000,    0.000004,    0.000000,   -0.000001,   -0.000018
  153     0.000001,    0.000046,   -0.000086,   -0.000027,   -0.000224
  154    -0.000001,   -0.000027,    0.000086,    0.000019,    0.000132
  155    -0.000003,    0.000051,   -0.000018,    0.000064,   -0.000265
  156     0.000009,    0.000207,   -0.000027,   -0.000206,   -0.001019
  157    -0.000003,   -0.000209,   -0.000005,    0.000061,    0.001038
  158    -0.000008,   -0.000372,    0.000849,    0.000174,    0.001827
  159     0.000010,    0.000174,   -0.000600,   -0.000238,   -0.000832
  160     0.000027,   -0.000500,    0.000081,   -0.000627,    0.002560
  161    -0.000069,   -0.001696,    0.000174,    0.001606,    0.008322
  162     0.000024,    0.001623,    0.000006,   -0.000548,   -0.008041
  163    -0.000007,   -0.000468,    0.001165,    0.000170,    0.002282
  164     0.000017,    0.000170,   -0.000593,   -0.000386,   -0.000793
  165     0.000036,   -0.000682,    0.000019,   -0.000851,    0.003454
  166    -0.000082,   -0.002135,    0.000170,    0.001895,    0.010420
  167     0.000033,    0.001912,   -0.000049,   -0.000771,   -0.009377
  168     0.000004,    0.000260,   -0.000442,   -0.000089,   -0.001285
  169    -0.000009,   -0.000210,    0.000470,    0.000209,    0.001018
  170     0.000006,    0.000001,   -0.000072,   -0.000135,    0.000008
  171    -0.000008,   -0.000634,    0.000074,    0.000180,    0.003155
  172    -0.000031,   -0.000077,    0.000002,    0.000712,    0.000320
  173     0.000029,    0.000961,   -0.000009,   -0.000667,   -0.004750
  174    -0.000009,   -0.000642,   -0.000076,    0.000201,    0.003183
  175    -0.000000,   -0.000000,   -0.000000,    0.000001,    0.000000
  176     0.000000,   -0.000002,    0.000003,   -0.000002,    0.000008
  177     0.000005,   -0.000002,    0.000118,   -0.000126,    0.000062
  178     0.000055,    0.000025,    0.001171,   -0.001291,    0.000422
  179    -0.000171,    0.000150,   -0.003816,    0.004008,   -0.002382
  180    -0.000058,   -0.000221,   -0.001074,    0.001353,    0.000903
  181    -0.000001,   -0.000013,   -0.000007,    0.000028,    0.000072
  182    -0.000001,   -0.000004,   -0.000003,    0.000019,    0.000014
  183     0.000001,    0.000025,    0.000022,   -0.000033,   -0.000127
  184     0.000028,    0.000305,    0.000165,   -0.000666,   -0.001688
  185     0.000019,    0.000082,    0.000076,   -0.000438,   -0.000316
  186    -0.000033,   -0.000575,   -0.000510,    0.000781,    0.002966
  187    -0.000157,   -0.001720,   -0.000957,    0.003687,    0.009440
  188    -0.000097,   -0.000311,   -0.000466,    0.002263,    0.001060
  189     0.000181,    0.002987,    0.002815,   -0.004233,   -0.015360
  190    -0.000267,   -0.002429,   -0.001634,    0.006283,    0.013671
  191    -0.000188,   -0.001025,   -0.000407,    0.004398,    0.004261
  192     0.000311,    0.005623,    0.004920,   -0.007304,   -0.029045
  193    -0.000135,   -0.001634,   -0.000860,    0.003161,    0.008844
  194    -0.000083,    0.000079,   -0.000877,    0.001934,   -0.000793
  195     0.000164,    0.002143,    0.002739,   -0.003833,   -0.011012
  196    -0.000000,   -0.000001,    0.000001,    0.000001,    0.000002
  197     0.000000,    0.000000,   -0.000002,   -0.000000,   -0.000002
  198     0.000000,   -0.000001,   -0.000001,   -0.000000,    0.000006
  199    -0.000000,   -0.000002,    0.000002,    0.000000,    0.000010
  200    -0.000000,    0.000002,   -0.000001,    0.000000,   -0.000011
  201     0.000001,    0.000001,   -0.000012,   -0.000023,    0.000000
  202    -0.000000,   -0.000024,    0.000044,    0.000005,    0.000127
  203    -0.000001,    0.000022,    0.000012,    0.000016,   -0.000114
  204     0.000001,    0.000069,   -0.000037,   -0.000029,   -0.000342
  205    -0.000000,   -0.000069,    0.000023,    0.000004,    0.000342
  206     0.000009,    0.000146,    0.000025,   -0.000219,   -0.000700
  207     0.000001,    0.000216,   -0.000092,   -0.000032,   -0.001161
  208     0.000006,    0.000114,    0.000131,   -0.000142,   -0.000499
  209    -0.000021,   -0.000377,   -0.000159,    0.000488,    0.001840
  210     0.000012,    0.000261,    0.000014,   -0.000276,   -0.001290
  211     0.000030,    0.000418,   -0.000140,   -0.000688,   -0.001972
  212     0.000004,    0.000468,    0.000145,   -0.000107,   -0.002437
  213     0.000008,    0.000443,    0.000383,   -0.000182,   -0.002085
  214    -0.000045,   -0.000383,   -0.000855,    0.001058,    0.001817
  215     0.000035,    0.000064,    0.000250,   -0.000826,   -0.000267
  216     0.000008,    0.000067,   -0.000009,   -0.000183,   -0.000320
  217    -0.000011,   -0.000188,    0.000033,    0.000244,    0.000911
  218     0.000000,   -0.000029,   -0.000024,   -0.000002,    0.000193
  219     0.000000,   -0.000185,   -0.000026,   -0.000005,    0.000911
  220     0.000008,    0.000184,    0.000181,   -0.000197,   -0.000916
  221    -0.000011,   -0.000130,   -0.000097,    0.000254,    0.000654
  222    -0.000001,   -0.000113,    0.000074,    0.000021,    0.000555
               140,         141,         142,         143,         144
    0    -0.001673,   -0.007619,    0.019303,   -0.002931,   -0.013346
    1    -0.003517,   -0.016019,    0.043654,   -0.006627,   -0.030182
    2     0.006287,    0.028633,   -0.088023,    0.013364,    0.060859
    3     0.006229,    0.028368,   -0.086506,    0.013133,    0.059810
    4    -0.001264,   -0.005756,    0.023594,   -0.003583,   -0.016317
    5     0.013066,    0.059511,   -0.146948,    0.026517,    0.120771
    6     0.009544,   -0.009034,    0.026517,    0.023693,   -0.018333
    7    -0.009034,   -0.029621,    0.120775,   -0.018334,   -0.055786
    8     0.009592,    0.043685,   -0.102705,    0.019347,    0.088118
    9     0.009550,   -0.006632,    0.019348,    0.021798,   -0.013377
   10    -0.006632,   -0.019200,    0.088120,   -0.013377,   -0.036192
   11    -0.000227,   -0.001037,    0.021891,   -0.000956,   -0.004356
   12     0.009210,    0.000157,   -0.000955,    0.015740,    0.000660
   13     0.000157,    0.009889,   -0.004350,    0.000660,    0.018600
   14     0.002872,   -0.000855,    0.001906,    0.005312,   -0.001627
   15    -0.003075,    0.000623,   -0.001627,   -0.005425,    0.001063
   16     0.000680,   -0.002696,   -0.002975,    0.001151,   -0.004965
   17    -0.000855,   -0.000794,    0.008724,   -0.001627,   -0.001676
   18     0.001583,    0.003895,   -0.001834,    0.002838,    0.007074
   19     0.008601,   -0.000915,    0.000921,    0.015973,   -0.001516
   20    -0.008685,    0.000545,   -0.001516,   -0.016140,    0.000895
   21     0.001840,   -0.007507,   -0.009140,    0.003423,   -0.013887
   22    -0.000915,    0.004733,    0.004321,   -0.001516,    0.009588
   23     0.003277,    0.005822,    0.009446,    0.005955,    0.010231
   24     0.001385,   -0.000350,    0.000076,    0.002546,   -0.000628
   25    -0.001566,   -0.000017,   -0.000459,   -0.002869,   -0.000056
   26     0.000269,    0.000227,    0.000531,    0.000485,    0.000416
   27    -0.000030,    0.000608,    0.000725,   -0.000058,    0.001079
   28     0.000215,   -0.001618,   -0.001984,    0.000385,   -0.002992
   29    -0.000524,   -0.000091,    0.000224,   -0.000948,   -0.000118
   30     0.000578,    0.000619,    0.000946,    0.001047,    0.001086
   31    -0.000003,   -0.000002,    0.000002,   -0.000008,   -0.000005
   32     0.000019,    0.000003,    0.000020,    0.000037,    0.000003
   33     0.000778,    0.000293,   -0.000072,    0.001748,    0.000796
   34     0.007803,    0.003059,   -0.001328,    0.017609,    0.008394
   35    -0.025078,   -0.009187,    0.001476,   -0.055542,   -0.024777
   36    -0.007905,   -0.003931,    0.002664,   -0.015758,   -0.008434
   37    -0.000101,   -0.000125,    0.000112,   -0.000174,   -0.000220
   38     0.000131,    0.000122,   -0.000140,    0.000206,    0.000228
   39     0.000144,    0.000072,   -0.000206,    0.000249,    0.000115
   40     0.002377,    0.002929,   -0.002618,    0.004095,    0.005177
   41    -0.003066,   -0.002848,    0.003268,   -0.004828,   -0.005340
   42    -0.003396,   -0.001681,    0.004822,   -0.005858,   -0.002694
   43    -0.013291,   -0.016047,    0.014966,   -0.023033,   -0.028572
   44     0.016617,    0.014750,   -0.015985,    0.026526,    0.027785
   45     0.018534,    0.009223,   -0.025545,    0.032199,    0.014962
   46    -0.022804,   -0.027552,    0.020226,   -0.039220,   -0.048365
   47     0.028358,    0.028428,   -0.033769,    0.043999,    0.052972
   48     0.032842,    0.014600,   -0.046026,    0.056387,    0.022928
   49    -0.011489,   -0.013578,    0.014365,   -0.020040,   -0.024244
   50     0.016939,    0.011788,   -0.008578,    0.027952,    0.021930
   51     0.016627,    0.008542,   -0.019323,    0.029110,    0.013995
   52     0.000003,    0.000005,    0.000003,    0.000006,    0.000011
   53     0.000001,    0.000000,    0.000002,    0.000003,    0.000001
   54    -0.000006,    0.000005,    0.000011,   -0.000011,    0.000009
   55     0.000006,   -0.000007,    0.000021,    0.000011,   -0.000016
   56    -0.000006,    0.000001,   -0.000023,   -0.000012,    0.000002
   57    -0.000042,   -0.000039,   -0.000261,   -0.000074,   -0.000076
   58    -0.000059,   -0.000013,   -0.000038,   -0.000159,   -0.000033
   59     0.000125,   -0.000144,   -0.000118,    0.000253,   -0.000258
   60    -0.000110,    0.000234,   -0.000646,   -0.000185,    0.000505
   61     0.000145,   -0.000095,    0.000758,    0.000293,   -0.000178
   62    -0.001248,   -0.001611,    0.002896,   -0.002389,   -0.003266
   63     0.000941,    0.000427,   -0.000272,    0.002174,    0.000950
   64     0.000384,    0.000344,   -0.001845,    0.000607,    0.000629
   65    -0.001373,   -0.001299,    0.002850,   -0.002608,   -0.002704
   66     0.000430,    0.001286,   -0.003089,    0.000482,    0.002295
   67    -0.003309,   -0.004332,    0.005651,   -0.006317,   -0.008913
   68     0.001747,    0.001049,   -0.000171,    0.003981,    0.002307
   69     0.001814,   -0.000332,   -0.006275,    0.003298,   -0.000560
   70    -0.005396,   -0.001366,    0.001728,   -0.010000,   -0.002735
   71     0.002846,    0.003185,   -0.001685,    0.004638,    0.005620
   72    -0.000827,   -0.001234,    0.001142,   -0.001350,   -0.002235
   73     0.001130,    0.000964,   -0.001817,    0.002134,    0.001963
   74    -0.000482,   -0.000303,    0.001907,   -0.000916,   -0.000591
   75     0.000084,    0.000317,    0.000844,    0.000321,    0.000620
   76     0.000742,   -0.000258,   -0.000477,    0.001365,   -0.000472
   77    -0.000607,   -0.000291,    0.000150,   -0.000845,   -0.000441
   78    -0.000105,   -0.000822,    0.002190,   -0.000255,   -0.001747
   79     0.000000,    0.000002,    0.000009,    0.000001,    0.000003
   80    -0.000004,   -0.000019,   -0.000015,   -0.000008,   -0.000039
   81    -0.000111,   -0.000528,   -0.001619,   -0.000212,   -0.001013
   82    -0.001082,   -0.005138,   -0.016837,   -0.002033,   -0.009727
   83     0.003652,    0.017318,    0.050761,    0.006877,    0.032807
   84     0.000868,    0.004160,    0.016345,    0.001566,    0.007544
   85     0.000004,    0.000023,    0.000554,    0.000001,    0.000014
   86    -0.000055,    0.000015,   -0.000008,   -0.000115,    0.000024
   87     0.000015,    0.000013,   -0.000027,    0.000025,   -0.000006
   88    -0.000092,   -0.000562,   -0.013004,   -0.000024,   -0.000359
   89     0.001298,   -0.000358,    0.000194,    0.002716,   -0.000578
   90    -0.000361,   -0.000299,    0.000658,   -0.000581,    0.000146
   91     0.000643,    0.003723,    0.070368,    0.000433,    0.003332
   92    -0.006735,    0.001963,   -0.001426,   -0.014163,    0.003234
   93     0.001987,    0.002037,   -0.005324,    0.003263,    0.000251
   94     0.000869,    0.005367,    0.122613,    0.000220,    0.003386
   95    -0.014165,    0.003228,   -0.001218,   -0.029015,    0.005072
   96     0.003256,    0.000251,   -0.003313,    0.005094,   -0.006438
   97     0.001168,    0.006052,    0.060731,    0.001627,    0.008678
   98    -0.004591,    0.001996,   -0.001395,   -0.009867,    0.003419
   99     0.002028,    0.004366,   -0.005396,    0.003466,    0.005449
  100    -0.000010,   -0.000002,    0.000002,   -0.000018,   -0.000003
  101     0.000004,    0.000000,   -0.000007,    0.000008,    0.000001
  102    -0.000001,   -0.000000,   -0.000012,   -0.000003,    0.000001
  103    -0.000002,   -0.000017,    0.000008,   -0.000003,   -0.000032
  104     0.000000,    0.000006,   -0.000009,    0.000001,    0.000011
  105     0.000216,    0.000064,   -0.000094,    0.000410,    0.000132
  106    -0.000088,    0.000010,    0.000110,   -0.000193,    0.000016
  107     0.000046,    0.000052,    0.000061,    0.000093,    0.000075
  108     0.000063,    0.000495,   -0.000430,    0.000131,    0.000988
  109    -0.000008,   -0.000136,    0.000378,   -0.000010,   -0.000259
  110     0.000284,   -0.000310,    0.001074,    0.000579,   -0.000691
  111    -0.000205,   -0.000169,    0.000629,   -0.000247,   -0.000404
  112    -0.000013,   -0.000330,    0.004235,   -0.000114,   -0.000752
  113    -0.000322,   -0.001102,    0.004855,   -0.000713,   -0.002510
  114    -0.000035,   -0.000382,   -0.004461,   -0.000096,   -0.000707
  115     0.002489,   -0.000163,    0.002340,    0.004879,   -0.000505
  116    -0.001834,   -0.000538,    0.002338,   -0.003287,   -0.001288
  117     0.000468,   -0.000855,    0.010991,    0.000659,   -0.002223
  118    -0.000207,    0.001686,    0.010567,   -0.000585,    0.002485
  119    -0.000178,   -0.002766,   -0.008432,   -0.000365,   -0.005133
  120     0.000763,   -0.000110,    0.000564,    0.001455,   -0.000267
  121    -0.000447,   -0.000237,    0.000867,   -0.000752,   -0.000558
  122    -0.000344,   -0.000175,    0.000197,   -0.000618,   -0.000369
  123     0.000045,   -0.000581,   -0.000962,    0.000080,   -0.001006
  124    -0.000026,   -0.000740,    0.004257,   -0.000141,   -0.001626
  125    -0.000054,    0.000235,    0.002003,   -0.000167,    0.000242
  126     0.000065,   -0.000256,   -0.002289,    0.000092,   -0.000488
  127    -0.000000,   -0.000000,    0.000014,   -0.000002,   -0.000010
  128     0.000011,    0.000048,   -0.000128,    0.000019,    0.000088
  129     0.000171,    0.000777,   -0.004088,    0.000621,    0.002827
  130     0.001511,    0.006883,   -0.039338,    0.005972,    0.027199
  131    -0.005594,   -0.025477,    0.127670,   -0.019382,   -0.088274
  132     0.001410,    0.006424,   -0.006306,    0.000958,    0.004361
  133     0.000073,    0.000334,    0.002094,    0.000120,    0.000548
  134     0.001566,   -0.000051,    0.000120,    0.002869,   -0.000083
  135    -0.000051,    0.001346,    0.000548,   -0.000083,    0.002508
  136    -0.001722,   -0.007842,   -0.048775,   -0.002834,   -0.012907
  137    -0.036573,    0.001191,   -0.002834,   -0.067013,    0.001960
  138     0.001191,   -0.031413,   -0.012907,    0.001960,   -0.058518
  139     0.009432,    0.042954,    0.247487,    0.015728,    0.071632
  140     0.190371,   -0.006521,    0.015728,    0.348704,   -0.010875
  141    -0.006521,    0.162104,    0.071632,   -0.010875,    0.301563
  142     0.015728,    0.071632,    0.475265,    0.025467,    0.115987
  143     0.348704,   -0.010875,    0.025467,    0.639155,   -0.017608
  144    -0.010875,    0.301563,    0.115987,   -0.017608,    0.562824
  145     0.008227,    0.037469,    0.181917,    0.013751,    0.062630
  146     0.147660,   -0.005689,    0.013751,    0.270413,   -0.009508
  147    -0.005689,    0.123003,    0.062629,   -0.009508,    0.229198
  148    -0.000007,   -0.000002,    0.000006,   -0.000013,   -0.000005
  149     0.000010,    0.000000,   -0.000005,    0.000019,    0.000000
  150    -0.000003,    0.000006,    0.000007,   -0.000005,    0.000010
  151    -0.000002,   -0.000018,    0.000029,   -0.000005,   -0.000034
  152    -0.000002,    0.000002,   -0.000035,   -0.000003,    0.000005
  153     0.000446,    0.000133,   -0.000437,    0.000818,    0.000267
  154    -0.000437,   -0.000096,    0.000266,   -0.000832,   -0.000178
  155     0.000091,   -0.000332,   -0.000487,    0.000180,   -0.000605
  156     0.000132,    0.001025,   -0.001985,    0.000266,    0.001982
  157     0.000031,   -0.000291,    0.002009,    0.000053,   -0.000577
  158    -0.004352,   -0.000832,    0.003625,   -0.008149,   -0.001719
  159     0.003044,    0.001192,   -0.001719,    0.005803,    0.002292
  160    -0.000403,    0.003226,    0.004802,   -0.000796,    0.006004
  161    -0.000832,   -0.007959,    0.016509,   -0.001719,   -0.015606
  162    -0.000062,    0.002639,   -0.015776,   -0.000045,    0.005353
  163    -0.005906,   -0.000793,    0.004786,   -0.011321,   -0.001829
  164     0.002961,    0.001930,   -0.001830,    0.005788,    0.003853
  165    -0.000076,    0.004328,    0.006640,   -0.000193,    0.008218
  166    -0.000793,   -0.009300,    0.021848,   -0.001830,   -0.019178
  167     0.000220,    0.003729,   -0.019356,    0.000599,    0.008030
  168     0.002271,    0.000422,   -0.002571,    0.004264,    0.000907
  169    -0.002394,   -0.001036,    0.002097,   -0.004547,   -0.002059
  170     0.000354,    0.000692,   -0.000031,    0.000703,    0.001302
  171    -0.000356,   -0.000844,    0.006229,   -0.000743,   -0.001831
  172     0.000000,   -0.003597,    0.000835,   -0.000029,   -0.006935
  173     0.000023,    0.003298,   -0.009495,    0.000124,    0.006596
  174     0.000402,   -0.000971,    0.006328,    0.000719,   -0.002017
  175     0.000002,   -0.000003,    0.000002,    0.000005,   -0.000008
  176    -0.000017,    0.000011,    0.000020,   -0.000033,    0.000018
  177    -0.000590,    0.000587,   -0.000082,   -0.001267,    0.001443
  178    -0.005862,    0.005994,   -0.001428,   -0.012601,    0.014882
  179     0.019111,   -0.018677,    0.001795,    0.040462,   -0.045396
  180     0.005589,   -0.006829,    0.002752,    0.010889,   -0.014157
  181     0.000041,   -0.000156,    0.000113,    0.000068,   -0.000273
  182     0.000021,   -0.000098,    0.000043,    0.000011,   -0.000180
  183    -0.000121,    0.000181,   -0.000247,   -0.000201,    0.000308
  184    -0.000962,    0.003665,   -0.002651,   -0.001600,    0.006435
  185    -0.000487,    0.002290,   -0.000990,   -0.000259,    0.004209
  186     0.002842,   -0.004243,    0.005775,    0.004730,   -0.007230
  187     0.005510,   -0.020183,    0.015140,    0.009225,   -0.035682
  188     0.002867,   -0.011777,    0.004034,    0.002034,   -0.021771
  189    -0.015587,    0.022882,   -0.030057,   -0.026213,    0.039278
  190     0.009451,   -0.034670,    0.020562,    0.015833,   -0.060537
  191     0.003012,   -0.023024,    0.011818,   -0.000673,   -0.042026
  192    -0.027467,    0.039770,   -0.056187,   -0.045462,    0.067263
  193     0.004897,   -0.017179,    0.014488,    0.008303,   -0.030481
  194     0.004859,   -0.010034,   -0.000138,    0.006438,   -0.018358
  195    -0.014904,    0.020558,   -0.021333,   -0.025584,    0.035385
  196    -0.000003,   -0.000007,    0.000006,   -0.000006,   -0.000015
  197     0.000008,    0.000000,   -0.000003,    0.000015,    0.000000
  198     0.000004,    0.000002,    0.000012,    0.000007,    0.000004
  199    -0.000008,   -0.000001,    0.000020,   -0.000015,   -0.000004
  200     0.000004,   -0.000002,   -0.000022,    0.000008,   -0.000002
  201     0.000062,    0.000118,   -0.000036,    0.000124,    0.000250
  202    -0.000210,   -0.000039,    0.000234,   -0.000437,   -0.000039
  203    -0.000072,   -0.000079,   -0.000226,   -0.000115,   -0.000153
  204     0.000189,    0.000131,   -0.000691,    0.000359,    0.000309
  205    -0.000115,   -0.000025,    0.000697,   -0.000217,   -0.000052
  206    -0.000135,    0.001069,   -0.001438,   -0.000233,    0.002122
  207     0.000370,    0.000312,   -0.002192,    0.001057,    0.000257
  208    -0.000613,    0.000652,   -0.001106,   -0.001316,    0.001408
  209     0.000843,   -0.002403,    0.003788,    0.001485,   -0.004843
  210    -0.000095,    0.001473,   -0.002689,   -0.000081,    0.002666
  211     0.000691,    0.003361,   -0.004428,    0.001426,    0.006960
  212    -0.000885,    0.000737,   -0.004625,   -0.001061,    0.000770
  213    -0.001880,    0.000806,   -0.004571,   -0.003830,    0.001997
  214     0.004469,   -0.005325,    0.003943,    0.008128,   -0.010404
  215    -0.001349,    0.004342,   -0.000777,   -0.002280,    0.007815
  216     0.000038,    0.000958,   -0.000718,    0.000107,    0.001753
  217    -0.000166,   -0.001192,    0.001909,   -0.000341,   -0.002433
  218     0.000189,   -0.000061,    0.000289,    0.000111,    0.000094
  219     0.000127,    0.000032,    0.001848,    0.000240,    0.000015
  220    -0.000946,    0.000975,   -0.001825,   -0.001718,    0.001951
  221     0.000542,   -0.001368,    0.001340,    0.000834,   -0.002389
  222    -0.000379,   -0.000067,    0.001138,   -0.000718,   -0.000243
               145,         146,         147,         148,         149
    0     0.004261,   -0.000647,   -0.002946,    0.000003,   -0.000002
    1     0.009880,   -0.001500,   -0.006831,    0.000004,   -0.000003
    2    -0.021277,    0.003230,    0.014710,   -0.000002,    0.000002
    3    -0.020767,    0.003153,    0.014358,   -0.000003,    0.000002
    4     0.011438,   -0.001737,   -0.007910,    0.000000,   -0.000000
    5    -0.048017,    0.008018,    0.036517,   -0.000008,    0.000001
    6     0.008018,    0.003578,   -0.005543,    0.000008,    0.000017
    7     0.036518,   -0.005543,   -0.020454,    0.000001,   -0.000012
    8    -0.032443,    0.005727,    0.026083,   -0.000006,    0.000001
    9     0.005727,    0.004408,   -0.003959,    0.000005,    0.000012
   10     0.026083,   -0.003959,   -0.012756,    0.000001,   -0.000009
   11     0.011702,   -0.000833,   -0.003797,   -0.000000,    0.000002
   12    -0.000833,    0.006340,    0.000576,   -0.000003,   -0.000004
   13    -0.003794,    0.000576,    0.008836,    0.000002,    0.000002
   14     0.000711,    0.002212,   -0.000561,   -0.000000,   -0.000000
   15    -0.000561,   -0.002607,    0.000525,   -0.000000,    0.000000
   16    -0.001246,    0.000620,   -0.002078,    0.000000,   -0.000000
   17     0.003266,   -0.000561,   -0.000180,    0.000000,   -0.000000
   18    -0.000233,    0.001260,    0.002936,   -0.000000,    0.000000
   19     0.000461,    0.006577,   -0.000636,   -0.000001,   -0.000000
   20    -0.000636,   -0.006922,    0.000502,   -0.000002,   -0.000002
   21    -0.003763,    0.001520,   -0.005758,    0.000001,    0.000000
   22     0.002160,   -0.000636,    0.003906,   -0.000000,   -0.000000
   23     0.003847,    0.002592,    0.004542,    0.000000,   -0.000000
   24    -0.000013,    0.001091,   -0.000236,    0.000000,    0.000000
   25    -0.000222,   -0.001223,   -0.000004,    0.000000,   -0.000000
   26     0.000144,    0.000223,    0.000232,   -0.000000,   -0.000000
   27     0.000279,   -0.000024,    0.000477,    0.000000,   -0.000000
   28    -0.000886,    0.000171,   -0.001252,   -0.000000,    0.000000
   29    -0.000070,   -0.000380,    0.000065,    0.000000,   -0.000000
   30     0.000354,    0.000456,    0.000504,   -0.000000,    0.000000
   31    -0.000000,   -0.000006,   -0.000002,   -0.000000,   -0.000000
   32     0.000011,    0.000009,   -0.000003,   -0.000000,    0.000000
   33     0.000190,    0.001018,    0.000318,    0.000001,    0.000001
   34     0.001630,    0.010491,    0.003485,    0.000012,    0.000011
   35    -0.005443,   -0.031348,   -0.010055,   -0.000034,   -0.000030
   36    -0.000641,   -0.009414,   -0.003641,   -0.000007,   -0.000006
   37     0.000084,   -0.000091,   -0.000117,   -0.000000,   -0.000000
   38    -0.000037,    0.000116,    0.000091,   -0.000000,   -0.000000
   39    -0.000094,    0.000124,    0.000071,   -0.000000,   -0.000000
   40    -0.001964,    0.002130,    0.002752,    0.000000,    0.000002
   41     0.000854,   -0.002717,   -0.002118,    0.000000,    0.000001
   42     0.002204,   -0.002917,   -0.001663,    0.000001,    0.000001
   43     0.010655,   -0.011782,   -0.014879,   -0.000001,   -0.000008
   44    -0.004056,    0.014602,    0.010968,   -0.000002,   -0.000006
   45    -0.011561,    0.015806,    0.009004,   -0.000007,   -0.000004
   46     0.016708,   -0.020405,   -0.025869,   -0.000001,   -0.000014
   47    -0.008943,    0.025033,    0.020906,   -0.000006,   -0.000012
   48    -0.020947,    0.028084,    0.014572,   -0.000013,   -0.000010
   49     0.008846,   -0.009927,   -0.011847,   -0.000000,   -0.000006
   50    -0.001959,    0.013681,    0.008504,   -0.000002,   -0.000005
   51    -0.008426,    0.013494,    0.007807,   -0.000006,   -0.000003
   52     0.000001,    0.000003,    0.000005,   -0.000000,    0.000000
   53    -0.000000,   -0.000000,    0.000001,    0.000000,    0.000000
   54     0.000005,   -0.000004,    0.000003,   -0.000000,   -0.000000
   55     0.000008,    0.000005,   -0.000006,    0.000000,    0.000000
   56    -0.000008,   -0.000004,    0.000000,    0.000000,    0.000000
   57    -0.000064,   -0.000045,   -0.000076,   -0.000000,   -0.000000
   58    -0.000013,    0.000009,   -0.000002,   -0.000000,   -0.000000
   59    -0.000083,    0.000087,   -0.000102,    0.000000,    0.000000
   60    -0.000240,   -0.000086,    0.000178,   -0.000000,   -0.000000
   61     0.000254,    0.000060,   -0.000075,   -0.000000,   -0.000000
   62     0.000638,   -0.000857,   -0.000842,    0.000000,    0.000000
   63     0.000162,    0.000348,    0.000143,    0.000000,    0.000001
   64    -0.000469,    0.000348,    0.000222,   -0.000000,    0.000000
   65     0.000914,   -0.001019,   -0.000859,    0.000000,    0.000000
   66    -0.001020,    0.000641,    0.001076,   -0.000000,   -0.000000
   67     0.001601,   -0.002471,   -0.003043,    0.000001,    0.000000
   68     0.000330,    0.001197,    0.000695,    0.000001,    0.000002
   69    -0.002234,    0.001396,   -0.000318,    0.000000,    0.000001
   70     0.000387,   -0.004103,   -0.000835,    0.000001,   -0.000000
   71    -0.000444,    0.002242,    0.002418,   -0.000001,   -0.000001
   72     0.000329,   -0.000725,   -0.000969,    0.000000,    0.000000
   73    -0.000536,    0.000832,    0.000606,   -0.000000,   -0.000000
   74     0.000575,   -0.000349,   -0.000190,   -0.000000,   -0.000000
   75     0.000378,   -0.000029,    0.000207,    0.000000,    0.000000
   76    -0.000203,    0.000573,   -0.000207,   -0.000000,    0.000000
   77     0.000130,   -0.000614,   -0.000287,    0.000000,    0.000001
   78     0.000647,   -0.000037,   -0.000477,    0.000000,    0.000000
   79     0.000005,    0.000001,    0.000004,   -0.000000,   -0.000000
   80     0.000001,   -0.000003,   -0.000014,    0.000000,   -0.000000
   81    -0.000742,   -0.000163,   -0.000772,    0.000000,    0.000001
   82    -0.007939,   -0.001626,   -0.007694,    0.000001,    0.000010
   83     0.023226,    0.004957,    0.023439,   -0.000002,   -0.000028
   84     0.007834,    0.001318,    0.006259,   -0.000000,   -0.000006
   85     0.000275,    0.000004,    0.000023,    0.000000,    0.000000
   86    -0.000010,   -0.000038,    0.000016,    0.000000,    0.000000
   87    -0.000043,    0.000016,    0.000034,    0.000000,    0.000000
   88    -0.006450,   -0.000093,   -0.000548,   -0.000000,   -0.000001
   89     0.000243,    0.000889,   -0.000374,   -0.000002,   -0.000001
   90     0.001018,   -0.000380,   -0.000782,   -0.000000,   -0.000000
   91     0.034484,    0.000611,    0.003457,    0.000001,    0.000003
   92    -0.001426,   -0.004588,    0.002005,    0.000010,    0.000004
   93    -0.006029,    0.002036,    0.004365,    0.000002,    0.000000
   94     0.060727,    0.000930,    0.005436,    0.000002,    0.000007
   95    -0.002092,   -0.009862,    0.003430,    0.000018,    0.000008
   96    -0.008638,    0.003476,    0.005448,    0.000003,    0.000001
   97     0.028402,    0.000947,    0.004901,    0.000001,    0.000003
   98    -0.001153,   -0.002890,    0.001720,    0.000008,    0.000003
   99    -0.004882,    0.001753,    0.004822,    0.000001,    0.000001
  100     0.000001,   -0.000008,   -0.000001,   -0.000000,   -0.000000
  101    -0.000003,    0.000003,    0.000001,    0.000000,    0.000000
  102    -0.000005,   -0.000001,    0.000001,   -0.000000,   -0.000000
  103     0.000002,   -0.000001,   -0.000011,    0.000000,   -0.000000
  104    -0.000003,    0.000001,    0.000006,   -0.000000,   -0.000000
  105    -0.000038,    0.000178,    0.000032,    0.000000,    0.000000
  106     0.000051,   -0.000068,   -0.000013,   -0.000000,   -0.000000
  107     0.000079,    0.000027,    0.000010,    0.000000,    0.000000
  108    -0.000176,    0.000031,    0.000314,   -0.000000,    0.000000
  109     0.000087,   -0.000015,   -0.000143,    0.000000,   -0.000000
  110     0.000466,    0.000133,   -0.000136,    0.000000,    0.000000
  111     0.000173,   -0.000196,    0.000001,    0.000001,    0.000001
  112     0.001099,    0.000079,    0.000026,    0.000000,   -0.000000
  113     0.002136,   -0.000145,   -0.000477,    0.000000,   -0.000000
  114    -0.001099,   -0.000007,   -0.000263,   -0.000000,    0.000000
  115     0.000964,    0.001883,   -0.000065,    0.000001,    0.000002
  116     0.000816,   -0.001469,   -0.000348,    0.000001,    0.000001
  117     0.003718,    0.000434,   -0.000449,    0.000000,   -0.000001
  118     0.004377,   -0.000100,    0.001528,    0.000000,    0.000000
  119    -0.002721,   -0.000153,   -0.002273,   -0.000000,    0.000001
  120     0.000280,    0.000567,   -0.000052,    0.000000,    0.000000
  121     0.000327,   -0.000381,   -0.000117,    0.000000,    0.000000
  122     0.000039,   -0.000273,   -0.000105,    0.000000,    0.000000
  123    -0.000600,    0.000040,   -0.000468,   -0.000000,   -0.000000
  124     0.001435,    0.000037,   -0.000393,    0.000000,   -0.000000
  125     0.001023,   -0.000009,    0.000276,    0.000000,    0.000000
  126    -0.000633,    0.000057,   -0.000228,   -0.000000,    0.000000
  127     0.000019,   -0.000003,   -0.000013,   -0.000000,    0.000000
  128    -0.000019,    0.000003,    0.000013,   -0.000000,    0.000000
  129    -0.003350,    0.000508,    0.002316,    0.000000,   -0.000000
  130    -0.034258,    0.005201,    0.023687,    0.000005,   -0.000003
  131     0.099669,   -0.015131,   -0.068914,   -0.000013,    0.000009
  132     0.011510,   -0.001747,   -0.007958,   -0.000004,    0.000003
  133     0.000797,    0.000065,    0.000295,    0.000000,   -0.000000
  134     0.000065,    0.001214,   -0.000045,   -0.000000,    0.000000
  135     0.000295,   -0.000045,    0.001020,   -0.000000,    0.000000
  136    -0.018594,   -0.001517,   -0.006911,   -0.000001,    0.000001
  137    -0.001517,   -0.028359,    0.001049,    0.000001,   -0.000002
  138    -0.006911,    0.001049,   -0.023811,    0.000001,   -0.000000
  139     0.094717,    0.008227,    0.037469,    0.000003,   -0.000002
  140     0.008227,    0.147660,   -0.005689,   -0.000007,    0.000010
  141     0.037469,   -0.005689,    0.123003,   -0.000002,    0.000000
  142     0.181917,    0.013751,    0.062629,    0.000006,   -0.000005
  143     0.013751,    0.270413,   -0.009508,   -0.000013,    0.000019
  144     0.062630,   -0.009508,    0.229198,   -0.000005,    0.000000
  145     0.073732,    0.006393,    0.029119,    0.000001,   -0.000001
  146     0.006393,    0.114877,   -0.004421,   -0.000005,    0.000008
  147     0.029119,   -0.004421,    0.095716,   -0.000001,   -0.000001
  148     0.000001,   -0.000005,   -0.000001,    0.000000,    0.000000
  149    -0.000001,    0.000008,   -0.000001,    0.000000,    0.000000
  150     0.000003,   -0.000002,    0.000004,   -0.000000,   -0.000000
  151     0.000005,   -0.000001,   -0.000010,    0.000000,   -0.000000
  152    -0.000010,   -0.000002,   -0.000001,   -0.000000,    0.000000
  153    -0.000102,    0.000320,    0.000056,   -0.000000,   -0.000000
  154     0.000056,   -0.000327,   -0.000037,   -0.000000,   -0.000000
  155    -0.000188,    0.000071,   -0.000251,    0.000000,    0.000000
  156    -0.000462,    0.000056,    0.000565,   -0.000000,    0.000000
  157     0.000571,    0.000058,   -0.000068,    0.000000,   -0.000000
  158     0.000995,   -0.003182,   -0.000366,    0.000000,   -0.000001
  159    -0.000366,    0.002219,    0.000715,    0.000000,    0.000001
  160     0.001858,   -0.000289,    0.002431,   -0.000000,   -0.000000
  161     0.004534,   -0.000366,   -0.004770,    0.000001,   -0.000000
  162    -0.004806,   -0.000221,    0.001158,   -0.000001,    0.000000
  163     0.001782,   -0.004488,   -0.000616,   -0.000001,   -0.000002
  164    -0.000617,    0.002134,    0.001529,    0.000000,    0.000000
  165     0.002626,   -0.000011,    0.003270,   -0.000000,   -0.000001
  166     0.008139,   -0.000617,   -0.007126,    0.000001,    0.000000
  167    -0.007185,    0.000233,    0.003002,   -0.000000,    0.000000
  168    -0.000858,    0.001711,    0.000238,    0.000000,    0.000000
  169     0.000623,   -0.001766,   -0.000690,    0.000000,   -0.000000
  170     0.000024,    0.000242,    0.000529,   -0.000000,    0.000000
  171     0.002140,   -0.000212,   -0.000448,    0.000000,   -0.000000
  172     0.000056,    0.000024,   -0.002571,    0.000000,    0.000000
  173    -0.003176,   -0.000039,    0.002202,   -0.000000,    0.000000
  174     0.002125,    0.000332,   -0.000576,    0.000000,   -0.000000
  175    -0.000000,    0.000004,   -0.000005,    0.000000,    0.000000
  176     0.000011,   -0.000010,    0.000001,    0.000000,   -0.000000
  177     0.000184,   -0.000799,    0.000708,   -0.000002,   -0.000002
  178     0.001568,   -0.008146,    0.007488,   -0.000017,   -0.000018
  179    -0.005257,    0.024490,   -0.022047,    0.000047,    0.000051
  180    -0.000587,    0.007093,   -0.007186,    0.000010,    0.000009
  181     0.000085,    0.000034,   -0.000145,   -0.000000,    0.000000
  182    -0.000005,    0.000028,   -0.000070,    0.000000,   -0.000000
  183    -0.000102,   -0.000104,    0.000159,    0.000000,    0.000000
  184    -0.001976,   -0.000807,    0.003397,    0.000000,   -0.000001
  185     0.000132,   -0.000649,    0.001643,   -0.000000,    0.000003
  186     0.002379,    0.002447,   -0.003718,   -0.000001,   -0.000001
  187     0.010720,    0.004607,   -0.018471,   -0.000001,    0.000006
  188    -0.001082,    0.003611,   -0.008435,    0.000002,   -0.000013
  189    -0.012304,   -0.013305,    0.019930,    0.000007,    0.000006
  190     0.016831,    0.007942,   -0.032097,   -0.000003,    0.000011
  191    -0.000500,    0.004880,   -0.016361,    0.000002,   -0.000025
  192    -0.022946,   -0.023586,    0.034601,    0.000014,    0.000013
  193     0.008894,    0.004176,   -0.014935,   -0.000001,    0.000005
  194    -0.001693,    0.004439,   -0.006902,    0.000000,   -0.000010
  195    -0.008574,   -0.011925,    0.017001,    0.000006,    0.000005
  196     0.000003,   -0.000002,   -0.000007,    0.000000,    0.000000
  197     0.000001,    0.000005,    0.000000,    0.000000,    0.000000
  198     0.000005,    0.000004,    0.000001,    0.000000,    0.000000
  199     0.000008,   -0.000006,   -0.000001,    0.000000,    0.000000
  200    -0.000008,    0.000003,   -0.000001,   -0.000000,    0.000000
  201    -0.000043,    0.000054,    0.000132,   -0.000000,   -0.000000
  202     0.000050,   -0.000106,   -0.000055,   -0.000000,   -0.000000
  203    -0.000109,   -0.000083,   -0.000035,   -0.000000,    0.000000
  204    -0.000243,    0.000144,    0.000079,   -0.000000,    0.000000
  205     0.000239,   -0.000065,   -0.000029,    0.000000,   -0.000000
  206    -0.000197,   -0.000157,    0.000511,   -0.000000,    0.000000
  207    -0.000801,   -0.000028,    0.000518,    0.000000,    0.000001
  208    -0.000096,   -0.000313,    0.000249,   -0.000000,   -0.000000
  209     0.001096,    0.000698,   -0.001550,    0.000000,   -0.000000
  210    -0.000812,   -0.000192,    0.001199,   -0.000000,    0.000001
  211    -0.001299,    0.000503,    0.002406,   -0.000000,   -0.000000
  212    -0.001847,   -0.000780,    0.000633,    0.000001,    0.000003
  213    -0.001397,   -0.001401,    0.000474,   -0.000001,   -0.000001
  214     0.001029,    0.003502,   -0.003777,   -0.000000,   -0.000000
  215     0.000014,   -0.001059,    0.003277,    0.000001,    0.000001
  216    -0.000171,    0.000009,    0.000739,    0.000000,    0.000000
  217     0.000526,   -0.000106,   -0.000756,    0.000000,   -0.000000
  218     0.000226,    0.000265,   -0.000184,   -0.000000,   -0.000001
  219     0.000598,    0.000098,    0.000062,    0.000000,   -0.000000
  220    -0.000588,   -0.000748,    0.000635,   -0.000000,    0.000000
  221     0.000420,    0.000503,   -0.001111,   -0.000000,   -0.000001
  222     0.000347,   -0.000279,    0.000026,    0.000000,   -0.000000
               150,         151,         152,         153,         154
    0     0.000000,    0.000012,   -0.000008,   -0.000084,    0.000058
    1     0.000001,    0.000018,   -0.000013,   -0.000171,    0.000118
    2    -0.000000,   -0.000010,    0.000007,    0.000282,   -0.000195
    3    -0.000000,   -0.000011,    0.000008,    0.000282,   -0.000195
    4     0.000000,    0.000000,   -0.000000,   -0.000009,    0.000006
    5    -0.000005,   -0.000038,    0.000013,    0.000422,   -0.000203
    6    -0.000008,    0.000001,   -0.000010,    0.000048,   -0.000641
    7    -0.000003,    0.000012,   -0.000027,   -0.000202,    0.000403
    8    -0.000003,   -0.000028,    0.000010,    0.000316,   -0.000161
    9    -0.000006,    0.000001,   -0.000007,    0.000060,   -0.000454
   10    -0.000002,    0.000010,   -0.000020,   -0.000161,    0.000285
   11     0.000002,   -0.000002,    0.000004,    0.000020,   -0.000051
   12     0.000002,    0.000002,    0.000001,    0.000103,    0.000084
   13     0.000002,    0.000004,    0.000001,   -0.000051,   -0.000053
   14     0.000000,    0.000000,   -0.000000,    0.000007,    0.000002
   15    -0.000000,   -0.000000,    0.000000,    0.000011,   -0.000009
   16    -0.000000,   -0.000000,   -0.000000,   -0.000004,    0.000007
   17    -0.000000,    0.000001,   -0.000001,   -0.000017,    0.000011
   18    -0.000000,   -0.000001,    0.000001,    0.000007,   -0.000004
   19    -0.000000,   -0.000000,   -0.000000,    0.000031,    0.000001
   20     0.000000,    0.000000,   -0.000000,    0.000022,    0.000065
   21    -0.000001,   -0.000000,   -0.000000,   -0.000008,   -0.000013
   22    -0.000001,   -0.000001,   -0.000001,    0.000002,    0.000009
   23    -0.000001,   -0.000001,   -0.000002,   -0.000000,    0.000004
   24    -0.000000,    0.000000,   -0.000000,    0.000001,   -0.000005
   25     0.000000,    0.000000,    0.000000,   -0.000005,    0.000004
   26    -0.000000,    0.000000,   -0.000000,    0.000001,    0.000002
   27    -0.000000,   -0.000000,   -0.000000,   -0.000001,    0.000001
   28    -0.000000,    0.000000,    0.000000,    0.000000,   -0.000001
   29     0.000000,    0.000000,   -0.000000,   -0.000004,    0.000003
   30     0.000000,    0.000000,   -0.000000,    0.000001,   -0.000002
   31     0.000000,    0.000000,    0.000000,    0.000000,    0.000000
   32     0.000000,    0.000000,   -0.000000,    0.000000,   -0.000000
   33    -0.000001,   -0.000001,   -0.000001,   -0.000032,   -0.000024
   34    -0.000013,   -0.000014,   -0.000006,   -0.000334,   -0.000237
   35     0.000038,    0.000039,    0.000017,    0.000906,    0.000705
   36     0.000008,    0.000009,    0.000002,    0.000224,    0.000098
   37    -0.000000,   -0.000000,    0.000000,    0.000000,    0.000001
   38     0.000000,   -0.000000,    0.000000,   -0.000000,    0.000002
   39    -0.000000,    0.000000,   -0.000000,    0.000001,    0.000001
   40     0.000001,    0.000001,   -0.000001,   -0.000007,   -0.000030
   41    -0.000002,    0.000000,   -0.000003,    0.000006,   -0.000049
   42     0.000001,   -0.000000,    0.000000,   -0.000020,   -0.000033
   43    -0.000003,   -0.000005,    0.000008,    0.000031,    0.000159
   44     0.000008,   -0.000001,    0.000013,   -0.000031,    0.000241
   45    -0.000003,    0.000001,   -0.000002,    0.000104,    0.000155
   46    -0.000005,   -0.000009,    0.000014,    0.000073,    0.000288
   47     0.000016,   -0.000002,    0.000026,   -0.000034,    0.000499
   48    -0.000005,    0.000002,   -0.000003,    0.000200,    0.000340
   49    -0.000002,   -0.000002,    0.000005,    0.000008,    0.000136
   50     0.000007,    0.000001,    0.000009,    0.000024,    0.000167
   51    -0.000002,    0.000001,   -0.000001,    0.000119,    0.000105
   52    -0.000000,   -0.000000,   -0.000000,    0.000000,   -0.000000
   53     0.000000,    0.000000,   -0.000000,    0.000000,   -0.000000
   54    -0.000000,   -0.000000,   -0.000000,    0.000000,    0.000000
   55     0.000000,    0.000000,    0.000000,   -0.000000,   -0.000000
   56     0.000000,   -0.000000,    0.000000,   -0.000000,    0.000000
   57     0.000000,   -0.000000,    0.000000,    0.000001,   -0.000000
   58     0.000000,   -0.000000,    0.000000,   -0.000002,    0.000006
   59    -0.000000,    0.000000,   -0.000000,   -0.000000,   -0.000003
   60    -0.000000,   -0.000000,    0.000000,    0.000001,    0.000000
   61    -0.000000,    0.000000,   -0.000000,    0.000003,   -0.000002
   62     0.000000,    0.000001,   -0.000001,   -0.000017,    0.000005
   63    -0.000000,   -0.000000,   -0.000000,    0.000016,   -0.000050
   64     0.000000,   -0.000000,    0.000001,    0.000000,    0.000003
   65     0.000000,    0.000001,   -0.000000,   -0.000013,    0.000003
   66     0.000001,   -0.000000,    0.000002,   -0.000011,    0.000020
   67     0.000001,    0.000002,   -0.000000,   -0.000031,    0.000006
   68    -0.000001,   -0.000001,   -0.000000,   -0.000002,   -0.000082
   69     0.000001,    0.000000,    0.000002,    0.000002,   -0.000020
   70    -0.000000,    0.000001,   -0.000000,   -0.000026,    0.000010
   71     0.000001,    0.000000,    0.000002,    0.000017,    0.000028
   72    -0.000000,    0.000000,   -0.000001,   -0.000001,   -0.000008
   73    -0.000000,   -0.000001,    0.000000,    0.000010,   -0.000002
   74    -0.000000,    0.000000,   -0.000001,   -0.000001,    0.000010
   75    -0.000000,   -0.000000,   -0.000000,    0.000003,   -0.000016
   76    -0.000000,    0.000000,    0.000000,    0.000003,   -0.000001
   77    -0.000000,   -0.000000,   -0.000000,    0.000002,   -0.000023
   78     0.000000,    0.000001,   -0.000000,   -0.000007,    0.000001
   79    -0.000000,   -0.000000,   -0.000000,    0.000000,    0.000000
   80    -0.000000,    0.000000,   -0.000000,   -0.000000,    0.000000
   81     0.000001,    0.000000,    0.000002,   -0.000000,   -0.000026
   82     0.000015,    0.000004,    0.000018,   -0.000003,   -0.000268
   83    -0.000043,   -0.000013,   -0.000050,    0.000014,    0.000747
   84    -0.000009,   -0.000000,   -0.000011,   -0.000012,    0.000166
   85     0.000000,    0.000000,    0.000000,   -0.000000,   -0.000000
   86    -0.000000,    0.000000,    0.000000,   -0.000002,   -0.000001
   87     0.000000,    0.000000,    0.000000,   -0.000001,    0.000000
   88    -0.000001,   -0.000001,   -0.000001,    0.000009,    0.000010
   89     0.000000,   -0.000000,   -0.000000,    0.000042,    0.000019
   90    -0.000000,   -0.000003,   -0.000001,    0.000013,   -0.000003
   91     0.000006,    0.000003,    0.000003,   -0.000045,   -0.000043
   92    -0.000001,    0.000002,    0.000000,   -0.000216,   -0.000087
   93    -0.000000,    0.000017,    0.000006,   -0.000062,    0.000014
   94     0.000012,    0.000008,    0.000009,   -0.000091,   -0.000108
   95    -0.000003,    0.000003,    0.000001,   -0.000409,   -0.000192
   96     0.000001,    0.000032,    0.000011,   -0.000129,    0.000022
   97     0.000005,    0.000002,    0.000003,   -0.000038,   -0.000050
   98    -0.000001,    0.000001,    0.000001,   -0.000178,   -0.000067
   99     0.000001,    0.000011,    0.000006,   -0.000030,   -0.000011
  100     0.000000,    0.000000,    0.000000,    0.000000,    0.000000
  101    -0.000000,    0.000000,   -0.000000,   -0.000000,   -0.000000
  102     0.000000,    0.000000,    0.000000,    0.000000,    0.000000
  103    -0.000000,    0.000000,   -0.000000,   -0.000000,    0.000000
  104     0.000000,    0.000000,    0.000000,    0.000000,    0.000000
  105    -0.000000,   -0.000000,    0.000000,   -0.000000,   -0.000001
  106     0.000000,   -0.000000,    0.000000,    0.000001,    0.000004
  107    -0.000000,   -0.000000,    0.000000,    0.000000,   -0.000002
  108     0.000000,   -0.000000,    0.000000,    0.000002,   -0.000001
  109    -0.000000,   -0.000000,   -0.000000,   -0.000000,   -0.000000
  110    -0.000000,    0.000000,   -0.000000,   -0.000002,   -0.000017
  111    -0.000000,    0.000000,   -0.000000,   -0.000008,   -0.000021
  112     0.000000,    0.000001,   -0.000001,   -0.000009,    0.000016
  113     0.000000,    0.000002,    0.000000,   -0.000014,    0.000006
  114     0.000000,    0.000000,    0.000001,    0.000004,   -0.000003
  115    -0.000000,    0.000000,   -0.000000,   -0.000015,   -0.000058
  116    -0.000000,    0.000000,   -0.000000,   -0.000014,   -0.000025
  117    -0.000000,    0.000001,   -0.000001,   -0.000013,    0.000026
  118     0.000002,    0.000002,    0.000001,   -0.000015,   -0.000004
  119     0.000001,    0.000000,    0.000002,    0.000005,   -0.000013
  120    -0.000000,    0.000000,    0.000000,   -0.000002,   -0.000012
  121    -0.000000,    0.000000,   -0.000000,   -0.000006,   -0.000013
  122    -0.000000,    0.000000,   -0.000000,   -0.000002,   -0.000003
  123    -0.000000,   -0.000000,   -0.000000,    0.000001,    0.000006
  124     0.000000,    0.000001,   -0.000000,   -0.000008,    0.000009
  125     0.000000,    0.000001,    0.000000,   -0.000004,    0.000001
  126     0.000000,    0.000000,    0.000001,    0.000003,   -0.000001
  127    -0.000000,   -0.000000,    0.000000,    0.000000,   -0.000000
  128    -0.000000,   -0.000000,    0.000000,    0.000001,   -0.000000
  129     0.000000,    0.000002,   -0.000001,   -0.000021,    0.000015
  130     0.000001,    0.000023,   -0.000016,   -0.000234,    0.000162
  131    -0.000002,   -0.000058,    0.000041,    0.000588,   -0.000407
  132    -0.000001,   -0.000019,    0.000014,    0.000219,   -0.000151
  133     0.000000,    0.000000,   -0.000000,   -0.000002,    0.000001
  134    -0.000000,   -0.000000,   -0.000000,    0.000004,   -0.000004
  135     0.000000,   -0.000000,    0.000000,    0.000001,   -0.000001
  136    -0.000001,   -0.000003,    0.000004,    0.000046,   -0.000027
  137     0.000001,    0.000001,    0.000000,   -0.000086,    0.000086
  138    -0.000001,    0.000004,   -0.000001,   -0.000027,    0.000019
  139     0.000004,    0.000015,   -0.000018,   -0.000224,    0.000132
  140    -0.000003,   -0.000002,   -0.000002,    0.000446,   -0.000437
  141     0.000006,   -0.000018,    0.000002,    0.000133,   -0.000096
  142     0.000007,    0.000029,   -0.000035,   -0.000437,    0.000266
  143    -0.000005,   -0.000005,   -0.000003,    0.000818,   -0.000832
  144     0.000010,   -0.000034,    0.000005,    0.000267,   -0.000178
  145     0.000003,    0.000005,   -0.000010,   -0.000102,    0.000056
  146    -0.000002,   -0.000001,   -0.000002,    0.000320,   -0.000327
  147     0.000004,   -0.000010,   -0.000001,    0.000056,   -0.000037
  148    -0.000000,    0.000000,   -0.000000,   -0.000000,   -0.000000
  149    -0.000000,   -0.000000,    0.000000,   -0.000000,   -0.000000
  150     0.000000,    0.000000,    0.000000,   -0.000000,    0.000000
  151     0.000000,    0.000000,   -0.000000,   -0.000000,    0.000000
  152     0.000000,   -0.000000,    0.000000,    0.000000,   -0.000000
  153    -0.000000,   -0.000000,    0.000000,    0.000004,   -0.000001
  154     0.000000,    0.000000,   -0.000000,   -0.000001,    0.000006
  155    -0.000000,   -0.000000,   -0.000000,    0.000000,   -0.000001
  156    -0.000000,   -0.000001,    0.000000,    0.000007,   -0.000005
  157    -0.000000,    0.000000,   -0.000000,   -0.000005,    0.000003
  158     0.000000,    0.000001,   -0.000000,   -0.000024,    0.000029
  159    -0.000000,   -0.000001,    0.000000,    0.000014,   -0.000029
  160     0.000000,   -0.000000,   -0.000000,   -0.000001,    0.000009
  161     0.000000,    0.000004,   -0.000002,   -0.000050,    0.000029
  162     0.000000,   -0.000002,    0.000002,    0.000032,   -0.000022
  163     0.000001,    0.000001,    0.000000,   -0.000007,    0.000062
  164    -0.000000,   -0.000001,   -0.000000,    0.000015,   -0.000020
  165    -0.000001,   -0.000001,   -0.000001,    0.000003,    0.000019
  166     0.000000,    0.000002,   -0.000001,   -0.000038,    0.000012
  167     0.000000,   -0.000001,    0.000001,    0.000021,   -0.000014
  168    -0.000000,   -0.000000,    0.000000,    0.000009,   -0.000018
  169     0.000000,    0.000001,   -0.000000,   -0.000012,    0.000019
  170    -0.000000,   -0.000000,   -0.000000,    0.000003,   -0.000003
  171    -0.000000,    0.000001,   -0.000001,   -0.000011,    0.000010
  172     0.000000,    0.000001,   -0.000000,   -0.000009,   -0.000001
  173     0.000000,   -0.000001,    0.000001,    0.000018,   -0.000009
  174    -0.000000,    0.000001,   -0.000001,   -0.000009,    0.000004
  175     0.000000,    0.000000,   -0.000000,   -0.000000,   -0.000000
  176     0.000000,    0.000000,   -0.000000,   -0.000000,    0.000000
  177    -0.000000,   -0.000001,    0.000000,    0.000045,    0.000040
  178    -0.000002,   -0.000008,    0.000001,    0.000471,    0.000412
  179     0.000006,    0.000022,   -0.000001,   -0.001295,   -0.001193
  180     0.000002,    0.000006,   -0.000002,   -0.000312,   -0.000195
  181    -0.000000,   -0.000000,    0.000000,    0.000000,   -0.000001
  182    -0.000000,    0.000000,   -0.000000,   -0.000001,    0.000003
  183    -0.000000,   -0.000000,    0.000000,   -0.000001,   -0.000002
  184     0.000002,    0.000001,   -0.000001,   -0.000006,    0.000026
  185     0.000000,   -0.000000,    0.000002,    0.000020,   -0.000074
  186     0.000001,    0.000000,   -0.000000,    0.000012,    0.000048
  187    -0.000008,   -0.000004,    0.000004,    0.000028,   -0.000134
  188    -0.000002,    0.000001,   -0.000009,   -0.000108,    0.000367
  189    -0.000005,   -0.000003,    0.000001,   -0.000060,   -0.000229
  190    -0.000015,   -0.000009,    0.000008,    0.000060,   -0.000246
  191    -0.000004,    0.000002,   -0.000017,   -0.000180,    0.000742
  192    -0.000009,   -0.000005,    0.000002,   -0.000138,   -0.000506
  193    -0.000007,   -0.000002,    0.000003,    0.000012,   -0.000093
  194    -0.000002,   -0.000001,   -0.000006,   -0.000041,    0.000280
  195    -0.000003,   -0.000001,    0.000000,   -0.000097,   -0.000171
  196     0.000000,    0.000000,    0.000000,   -0.000000,   -0.000000
  197    -0.000000,   -0.000000,    0.000000,    0.000000,   -0.000000
  198    -0.000000,   -0.000000,   -0.000000,   -0.000000,    0.000000
  199     0.000000,    0.000000,    0.000000,   -0.000000,    0.000000
  200     0.000000,   -0.000000,    0.000000,    0.000000,   -0.000000
  201    -0.000000,    0.000000,   -0.000000,   -0.000000,    0.000001
  202     0.000000,    0.000000,   -0.000000,   -0.000003,    0.000006
  203    -0.000000,    0.000000,    0.000000,    0.000001,   -0.000002
  204    -0.000000,   -0.000000,    0.000000,    0.000002,   -0.000001
  205    -0.000000,    0.000000,   -0.000000,   -0.000003,    0.000002
  206    -0.000000,   -0.000001,    0.000000,    0.000007,   -0.000007
  207    -0.000000,   -0.000000,    0.000001,    0.000012,   -0.000047
  208     0.000000,   -0.000000,    0.000001,   -0.000001,    0.000020
  209     0.000000,    0.000001,   -0.000000,   -0.000009,    0.000006
  210     0.000000,   -0.000000,    0.000001,    0.000009,   -0.000017
  211    -0.000001,   -0.000002,    0.000000,    0.000017,   -0.000004
  212    -0.000000,    0.000000,    0.000001,   -0.000018,   -0.000077
  213     0.000001,   -0.000000,    0.000002,    0.000016,    0.000045
  214     0.000000,    0.000002,   -0.000000,   -0.000001,    0.000002
  215     0.000001,   -0.000000,    0.000001,   -0.000010,   -0.000031
  216     0.000000,   -0.000000,    0.000000,    0.000001,   -0.000007
  217     0.000000,    0.000001,   -0.000000,   -0.000007,    0.000004
  218     0.000000,    0.000000,    0.000000,    0.000001,    0.000026
  219    -0.000000,    0.000000,   -0.000000,   -0.000003,    0.000001
  220    -0.000000,   -0.000001,    0.000000,    0.000002,   -0.000002
  221    -0.000000,    0.000000,   -0.000001,   -0.000002,    0.000020
  222     0.000000,    0.000000,   -0.000000,   -0.000004,    0.000002
               155,         156,         157,         158,         159
    0    -0.000011,   -0.000385,    0.000272,    0.000690,   -0.000477
    1    -0.000022,   -0.000780,    0.000551,    0.001487,   -0.001028
    2     0.000036,    0.001285,   -0.000908,   -0.002737,    0.001892
    3     0.000036,    0.001283,   -0.000906,   -0.002709,    0.001873
    4    -0.000001,   -0.000042,    0.000029,    0.000305,   -0.000211
    5    -0.000016,    0.001940,   -0.000827,   -0.002993,    0.002273
    6     0.000245,   -0.000203,    0.000445,   -0.004104,    0.004552
    7    -0.000181,   -0.000808,    0.001290,    0.002273,   -0.001654
    8    -0.000025,    0.001449,   -0.000639,   -0.002207,    0.001700
    9     0.000169,   -0.000161,    0.000323,   -0.003105,    0.003314
   10    -0.000151,   -0.000623,    0.000951,    0.001700,   -0.001180
   11    -0.000057,    0.000087,   -0.000130,   -0.000012,    0.000110
   12    -0.000054,   -0.000051,   -0.000020,   -0.000313,   -0.000189
   13    -0.000077,   -0.000125,    0.000001,    0.000110,    0.000160
   14     0.000001,   -0.000017,    0.000009,   -0.000059,    0.000069
   15     0.000009,    0.000007,   -0.000007,   -0.000076,    0.000090
   16     0.000008,   -0.000001,    0.000000,    0.000039,   -0.000049
   17     0.000004,   -0.000068,    0.000041,    0.000127,   -0.000094
   18     0.000008,    0.000041,   -0.000040,   -0.000049,    0.000024
   19     0.000003,    0.000001,    0.000004,   -0.000249,    0.000256
   20    -0.000009,   -0.000000,   -0.000003,    0.000287,   -0.000305
   21     0.000035,    0.000000,    0.000001,   -0.000078,    0.000074
   22     0.000011,    0.000038,    0.000020,   -0.000002,   -0.000003
   23     0.000019,    0.000022,    0.000053,   -0.000076,    0.000096
   24     0.000002,   -0.000003,    0.000003,   -0.000030,    0.000022
   25    -0.000001,   -0.000002,   -0.000001,    0.000020,   -0.000008
   26    -0.000000,   -0.000004,    0.000005,    0.000016,   -0.000016
   27     0.000000,    0.000001,    0.000004,   -0.000007,    0.000012
   28     0.000005,   -0.000006,   -0.000004,   -0.000002,   -0.000008
   29    -0.000001,   -0.000010,    0.000007,    0.000024,   -0.000014
   30    -0.000003,   -0.000002,    0.000004,   -0.000000,    0.000000
   31    -0.000000,   -0.000000,   -0.000000,   -0.000001,   -0.000000
   32    -0.000000,    0.000000,    0.000000,   -0.000004,    0.000003
   33     0.000033,    0.000040,    0.000008,    0.000034,    0.000071
   34     0.000348,    0.000406,    0.000081,    0.000444,    0.000667
   35    -0.000973,   -0.001143,   -0.000259,   -0.000753,   -0.002293
   36    -0.000206,   -0.000263,    0.000009,   -0.000688,    0.000034
   37     0.000000,    0.000001,   -0.000002,   -0.000007,    0.000011
   38    -0.000001,    0.000001,   -0.000004,    0.000011,   -0.000016
   39     0.000001,   -0.000000,   -0.000000,    0.000011,   -0.000012
   40    -0.000011,   -0.000030,    0.000035,    0.000151,   -0.000248
   41     0.000033,   -0.000018,    0.000087,   -0.000254,    0.000374
   42    -0.000014,    0.000004,    0.000001,   -0.000253,    0.000268
   43     0.000056,    0.000135,   -0.000178,   -0.000741,    0.001255
   44    -0.000162,    0.000100,   -0.000435,    0.001199,   -0.001809
   45     0.000076,   -0.000009,   -0.000011,    0.001218,   -0.001291
   46     0.000107,    0.000304,   -0.000343,   -0.001482,    0.002389
   47    -0.000342,    0.000166,   -0.000881,    0.002505,   -0.003735
   48     0.000119,   -0.000039,   -0.000022,    0.002474,   -0.002689
   49     0.000051,    0.000045,   -0.000101,   -0.000475,    0.000887
   50    -0.000156,    0.000040,   -0.000301,    0.000440,   -0.001054
   51     0.000057,    0.000009,   -0.000021,    0.000614,   -0.000786
   52     0.000000,    0.000000,    0.000000,    0.000000,   -0.000000
   53    -0.000000,   -0.000000,    0.000000,   -0.000001,    0.000001
   54    -0.000000,    0.000000,    0.000000,    0.000000,   -0.000001
   55    -0.000000,   -0.000000,    0.000000,    0.000000,   -0.000000
   56     0.000000,    0.000000,   -0.000000,    0.000001,   -0.000000
   57    -0.000000,    0.000004,   -0.000003,   -0.000007,    0.000008
   58    -0.000001,    0.000000,   -0.000002,    0.000049,   -0.000047
   59     0.000000,   -0.000002,    0.000002,   -0.000016,    0.000019
   60     0.000001,    0.000006,   -0.000002,   -0.000008,    0.000006
   61    -0.000000,   -0.000003,    0.000009,   -0.000035,    0.000031
   62     0.000001,   -0.000063,    0.000030,    0.000126,   -0.000116
   63     0.000009,    0.000021,   -0.000003,   -0.000387,    0.000372
   64     0.000001,    0.000013,   -0.000031,    0.000031,   -0.000056
   65    -0.000001,   -0.000041,    0.000014,    0.000093,   -0.000079
   66    -0.000005,    0.000007,   -0.000051,    0.000235,   -0.000241
   67    -0.000005,   -0.000107,    0.000030,    0.000228,   -0.000191
   68     0.000026,    0.000039,   -0.000006,   -0.000404,    0.000468
   69    -0.000004,    0.000008,   -0.000061,   -0.000080,    0.000044
   70     0.000003,   -0.000043,    0.000015,    0.000180,   -0.000158
   71    -0.000031,   -0.000008,   -0.000065,    0.000144,   -0.000252
   72     0.000006,   -0.000004,    0.000026,   -0.000068,    0.000090
   73    -0.000000,    0.000030,   -0.000012,   -0.000073,    0.000065
   74    -0.000001,   -0.000010,    0.000023,    0.000057,   -0.000045
   75     0.000004,    0.000005,    0.000007,   -0.000103,    0.000114
   76     0.000001,    0.000001,   -0.000001,   -0.000017,    0.000012
   77     0.000007,    0.000008,    0.000006,   -0.000145,    0.000163
   78    -0.000001,   -0.000033,    0.000014,    0.000057,   -0.000050
   79     0.000000,    0.000000,    0.000000,    0.000000,   -0.000000
   80     0.000000,   -0.000000,   -0.000000,   -0.000000,   -0.000001
   81    -0.000040,   -0.000003,   -0.000045,   -0.000015,    0.000061
   82    -0.000425,   -0.000029,   -0.000454,   -0.000151,    0.000646
   83     0.001160,    0.000110,    0.001312,    0.000417,   -0.001734
   84     0.000286,   -0.000048,    0.000244,    0.000147,   -0.000469
   85    -0.000000,   -0.000002,   -0.000002,    0.000004,   -0.000003
   86     0.000000,   -0.000001,   -0.000000,   -0.000003,   -0.000001
   87     0.000000,   -0.000004,   -0.000001,    0.000003,   -0.000002
   88     0.000004,    0.000042,    0.000036,   -0.000103,    0.000070
   89    -0.000009,    0.000013,    0.000001,    0.000062,    0.000031
   90    -0.000009,    0.000099,    0.000026,   -0.000067,    0.000039
   91    -0.000021,   -0.000214,   -0.000156,    0.000552,   -0.000366
   92     0.000046,   -0.000062,   -0.000010,   -0.000287,   -0.000205
   93     0.000052,   -0.000495,   -0.000136,    0.000315,   -0.000177
   94    -0.000060,   -0.000432,   -0.000379,    0.001012,   -0.000662
   95     0.000093,   -0.000130,   -0.000013,   -0.000584,   -0.000248
   96     0.000074,   -0.000988,   -0.000261,    0.000701,   -0.000420
   97    -0.000079,   -0.000177,   -0.000088,    0.000451,   -0.000188
   98     0.000028,   -0.000030,   -0.000017,   -0.000136,   -0.000196
   99     0.000010,   -0.000314,   -0.000143,    0.000140,   -0.000002
  100    -0.000000,   -0.000000,   -0.000000,    0.000000,   -0.000001
  101     0.000000,   -0.000000,   -0.000000,   -0.000000,    0.000001
  102    -0.000000,   -0.000000,   -0.000000,    0.000000,   -0.000000
  103     0.000000,   -0.000000,    0.000000,    0.000000,   -0.000000
  104     0.000000,   -0.000000,   -0.000000,    0.000000,   -0.000000
  105    -0.000000,    0.000002,    0.000000,   -0.000002,    0.000008
  106    -0.000002,    0.000001,   -0.000000,    0.000017,   -0.000021
  107     0.000001,    0.000004,   -0.000002,   -0.000010,    0.000010
  108    -0.000004,    0.000010,   -0.000000,   -0.000014,    0.000016
  109    -0.000002,    0.000000,    0.000006,   -0.000001,    0.000008
  110     0.000009,   -0.000014,    0.000002,   -0.000105,    0.000083
  111     0.000010,   -0.000015,    0.000008,   -0.000084,    0.000092
  112    -0.000009,   -0.000051,    0.000040,    0.000103,   -0.000078
  113     0.000011,   -0.000063,   -0.000012,    0.000091,   -0.000096
  114     0.000014,    0.000014,   -0.000063,   -0.000019,   -0.000024
  115     0.000016,   -0.000015,    0.000007,   -0.000243,    0.000284
  116     0.000010,   -0.000023,    0.000015,   -0.000033,    0.000046
  117    -0.000009,   -0.000073,    0.000074,    0.000145,   -0.000100
  118    -0.000031,   -0.000081,   -0.000029,    0.000137,   -0.000093
  119     0.000005,    0.000011,   -0.000096,   -0.000028,    0.000007
  120     0.000005,   -0.000005,   -0.000002,   -0.000066,    0.000065
  121     0.000006,   -0.000012,    0.000003,   -0.000048,    0.000055
  122     0.000003,   -0.000005,    0.000003,   -0.000001,    0.000002
  123    -0.000000,    0.000003,    0.000015,    0.000006,   -0.000004
  124    -0.000003,   -0.000043,    0.000021,    0.000079,   -0.000063
  125    -0.000000,   -0.000019,   -0.000019,    0.000039,   -0.000036
  126     0.000004,    0.000008,   -0.000030,   -0.000001,   -0.000013
  127     0.000000,    0.000001,   -0.000001,   -0.000001,    0.000001
  128     0.000000,    0.000003,   -0.000002,   -0.000004,    0.000003
  129    -0.000003,   -0.000097,    0.000068,    0.000068,   -0.000047
  130    -0.000029,   -0.001066,    0.000753,    0.000792,   -0.000548
  131     0.000073,    0.002679,   -0.001893,   -0.001756,    0.001215
  132     0.000027,    0.000995,   -0.000703,   -0.001056,    0.000730
  133    -0.000002,   -0.000009,    0.000009,    0.000016,   -0.000008
  134     0.000001,    0.000001,    0.000000,   -0.000036,    0.000026
  135    -0.000003,    0.000009,   -0.000003,   -0.000008,    0.000010
  136     0.000051,    0.000207,   -0.000209,   -0.000372,    0.000174
  137    -0.000018,   -0.000027,   -0.000005,    0.000849,   -0.000600
  138     0.000064,   -0.000206,    0.000061,    0.000174,   -0.000238
  139    -0.000265,   -0.001019,    0.001038,    0.001827,   -0.000832
  140     0.000091,    0.000132,    0.000031,   -0.004352,    0.003044
  141    -0.000332,    0.001025,   -0.000291,   -0.000832,    0.001192
  142    -0.000487,   -0.001985,    0.002009,    0.003625,   -0.001719
  143     0.000180,    0.000266,    0.000053,   -0.008149,    0.005803
  144    -0.000605,    0.001982,   -0.000577,   -0.001719,    0.002292
  145    -0.000188,   -0.000462,    0.000571,    0.000995,   -0.000366
  146     0.000071,    0.000056,    0.000058,   -0.003182,    0.002219
  147    -0.000251,    0.000565,   -0.000068,   -0.000366,    0.000715
  148     0.000000,   -0.000000,    0.000000,    0.000000,    0.000000
  149     0.000000,    0.000000,   -0.000000,   -0.000001,    0.000001
  150    -0.000000,   -0.000000,   -0.000000,    0.000000,   -0.000000
  151    -0.000000,   -0.000001,    0.000000,    0.000001,   -0.000001
  152    -0.000000,    0.000000,   -0.000000,   -0.000000,    0.000000
  153     0.000000,    0.000007,   -0.000005,   -0.000024,    0.000014
  154    -0.000001,   -0.000005,    0.000003,    0.000029,   -0.000029
  155     0.000003,    0.000001,   -0.000000,   -0.000009,    0.000006
  156     0.000001,    0.000036,   -0.000021,   -0.000050,    0.000036
  157    -0.000000,   -0.000021,    0.000021,    0.000029,   -0.000017
  158    -0.000009,   -0.000050,    0.000029,    0.000288,   -0.000235
  159     0.000006,    0.000036,   -0.000017,   -0.000235,    0.000229
  160    -0.000016,    0.000007,    0.000021,    0.000057,   -0.000036
  161    -0.000001,   -0.000243,    0.000153,    0.000350,   -0.000243
  162     0.000008,    0.000152,   -0.000137,   -0.000207,    0.000115
  163    -0.000022,   -0.000038,    0.000011,    0.000420,   -0.000426
  164     0.000010,    0.000034,    0.000002,   -0.000292,    0.000309
  165    -0.000004,    0.000030,    0.000049,    0.000053,   -0.000052
  166     0.000005,   -0.000173,    0.000108,    0.000285,   -0.000177
  167     0.000008,    0.000105,   -0.000101,   -0.000155,    0.000070
  168     0.000006,    0.000024,   -0.000014,   -0.000135,    0.000113
  169    -0.000006,   -0.000030,    0.000013,    0.000173,   -0.000159
  170     0.000000,    0.000007,    0.000000,   -0.000043,    0.000048
  171    -0.000003,   -0.000047,    0.000042,    0.000105,   -0.000077
  172     0.000007,   -0.000050,    0.000011,    0.000041,   -0.000029
  173     0.000001,    0.000091,   -0.000066,   -0.000121,    0.000071
  174    -0.000003,   -0.000046,    0.000046,    0.000045,   -0.000014
  175    -0.000000,   -0.000000,    0.000000,    0.000001,    0.000000
  176    -0.000000,    0.000000,   -0.000000,    0.000003,   -0.000002
  177     0.000009,    0.000023,   -0.000006,   -0.000097,   -0.000079
  178     0.000095,    0.000235,   -0.000059,   -0.001065,   -0.000780
  179    -0.000234,   -0.000677,    0.000154,    0.002629,    0.002441
  180    -0.000092,   -0.000148,    0.000071,    0.001001,    0.000117
  181     0.000001,    0.000001,   -0.000001,    0.000004,   -0.000008
  182    -0.000000,   -0.000000,    0.000002,    0.000008,   -0.000010
  183     0.000002,    0.000000,   -0.000001,   -0.000014,    0.000018
  184    -0.000033,   -0.000030,    0.000022,   -0.000091,    0.000186
  185     0.000006,    0.000010,   -0.000055,   -0.000176,    0.000222
  186    -0.000037,   -0.000010,    0.000015,    0.000328,   -0.000426
  187     0.000171,    0.000134,   -0.000110,    0.000493,   -0.000982
  188    -0.000026,   -0.000056,    0.000274,    0.000867,   -0.001093
  189     0.000186,    0.000062,   -0.000085,   -0.001625,    0.002114
  190     0.000317,    0.000303,   -0.000217,    0.000833,   -0.001762
  191    -0.000053,   -0.000102,    0.000556,    0.001767,   -0.002268
  192     0.000366,    0.000095,   -0.000154,   -0.003210,    0.004259
  193     0.000141,    0.000043,   -0.000048,    0.000444,   -0.000814
  194     0.000014,   -0.000017,    0.000178,    0.000358,   -0.000722
  195     0.000119,    0.000070,   -0.000069,   -0.000868,    0.001454
  196    -0.000000,   -0.000000,   -0.000000,    0.000000,   -0.000000
  197     0.000000,    0.000000,   -0.000000,   -0.000001,    0.000001
  198    -0.000000,   -0.000000,    0.000000,    0.000000,   -0.000000
  199    -0.000000,   -0.000000,    0.000000,    0.000000,   -0.000000
  200     0.000000,    0.000000,   -0.000000,   -0.000000,    0.000000
  201     0.000000,   -0.000001,    0.000002,   -0.000002,    0.000003
  202    -0.000005,   -0.000001,    0.000003,    0.000052,   -0.000044
  203     0.000001,   -0.000002,   -0.000000,   -0.000019,    0.000016
  204     0.000001,    0.000007,   -0.000003,   -0.000013,    0.000007
  205    -0.000001,   -0.000002,    0.000007,    0.000017,   -0.000008
  206    -0.000000,    0.000042,   -0.000020,   -0.000038,    0.000023
  207     0.000028,   -0.000009,   -0.000017,   -0.000278,    0.000273
  208    -0.000013,    0.000026,   -0.000030,    0.000161,   -0.000174
  209    -0.000001,   -0.000065,    0.000025,    0.000054,   -0.000028
  210     0.000004,    0.000010,   -0.000040,   -0.000084,    0.000062
  211     0.000006,    0.000080,   -0.000020,   -0.000115,    0.000080
  212     0.000019,   -0.000018,   -0.000032,   -0.000181,    0.000322
  213    -0.000028,    0.000029,   -0.000066,    0.000203,   -0.000302
  214     0.000004,   -0.000091,    0.000028,    0.000002,    0.000015
  215    -0.000007,    0.000012,   -0.000047,   -0.000038,    0.000101
  216     0.000000,    0.000006,   -0.000016,   -0.000025,    0.000025
  217    -0.000001,   -0.000035,    0.000013,    0.000039,   -0.000022
  218    -0.000013,    0.000011,   -0.000007,    0.000125,   -0.000158
  219     0.000001,   -0.000007,    0.000020,   -0.000014,    0.000024
  220    -0.000000,    0.000025,   -0.000010,   -0.000009,   -0.000000
  221    -0.000006,   -0.000003,    0.000019,    0.000071,   -0.000091
  222    -0.000002,   -0.000015,    0.000006,    0.000027,   -0.000018
               160,         161,         162,         163,         164
    0     0.000088,    0.003145,   -0.002222,    0.000315,   -0.000218
    1     0.000189,    0.006772,   -0.004784,    0.000985,   -0.000681
    2    -0.000348,   -0.012465,    0.008806,   -0.002815,    0.001946
    3    -0.000345,   -0.012340,    0.008718,   -0.002715,    0.001877
    4     0.000039,    0.001390,   -0.000982,    0.001201,   -0.000831
    5     0.002240,   -0.013677,    0.005910,   -0.003278,    0.003447
    6    -0.001025,    0.002273,   -0.003115,   -0.009428,    0.005836
    7     0.004192,    0.005687,   -0.009114,    0.003447,   -0.000526
    8     0.001696,   -0.010081,    0.004391,   -0.002285,    0.002418
    9    -0.000724,    0.001700,   -0.002281,   -0.006777,    0.004251
   10     0.003148,    0.004224,   -0.006698,    0.002418,   -0.000364
   11     0.000174,   -0.000045,    0.000190,    0.000553,   -0.000534
   12     0.000136,    0.000110,    0.000063,    0.000808,   -0.000226
   13     0.000229,    0.000179,    0.000072,   -0.000533,    0.000077
   14    -0.000039,    0.000127,   -0.000082,   -0.000070,    0.000220
   15    -0.000077,   -0.000027,    0.000073,   -0.000052,    0.000142
   16    -0.000063,    0.000056,    0.000071,    0.000051,   -0.000043
   17    -0.000021,    0.000495,   -0.000277,    0.000116,   -0.000107
   18    -0.000057,   -0.000288,    0.000302,   -0.000037,    0.000018
   19    -0.000062,   -0.000002,   -0.000069,   -0.000294,    0.000725
   20     0.000080,   -0.000017,    0.000086,    0.001002,   -0.000245
   21    -0.000280,    0.000171,    0.000200,   -0.000295,    0.000132
   22     0.000188,   -0.000265,   -0.000055,   -0.000094,    0.000128
   23     0.000227,   -0.000053,   -0.000331,   -0.000162,    0.000265
   24    -0.000010,    0.000030,   -0.000022,   -0.000074,    0.000007
   25    -0.000008,    0.000010,    0.000002,    0.000009,    0.000030
   26     0.000020,    0.000026,   -0.000033,    0.000046,   -0.000026
   27     0.000021,   -0.000005,   -0.000026,   -0.000024,    0.000037
   28    -0.000029,    0.000023,    0.000004,   -0.000002,   -0.000035
   29     0.000001,    0.000081,   -0.000055,    0.000002,    0.000011
   30    -0.000001,    0.000024,   -0.000005,    0.000009,   -0.000018
   31     0.000001,    0.000001,   -0.000000,    0.000002,   -0.000001
   32     0.000001,   -0.000002,   -0.000000,   -0.000004,    0.000004
   33    -0.000067,   -0.000158,    0.000030,   -0.000436,    0.000159
   34    -0.000716,   -0.001588,    0.000320,   -0.004437,    0.001570
   35     0.001904,    0.004684,   -0.000780,    0.013142,   -0.004937
   36     0.000500,    0.000895,   -0.000488,    0.001962,   -0.000322
   37     0.000001,   -0.000005,   -0.000004,   -0.000010,    0.000043
   38    -0.000002,   -0.000006,    0.000018,    0.000026,   -0.000023
   39     0.000002,    0.000001,    0.000011,    0.000033,   -0.000017
   40    -0.000025,    0.000118,    0.000099,    0.000240,   -0.001006
   41     0.000046,    0.000148,   -0.000429,   -0.000598,    0.000535
   42    -0.000035,   -0.000015,   -0.000262,   -0.000764,    0.000402
   43     0.000105,   -0.000468,   -0.000571,   -0.001200,    0.005174
   44    -0.000214,   -0.000849,    0.002164,    0.002807,   -0.002576
   45     0.000154,   -0.000007,    0.001407,    0.003745,   -0.001981
   46     0.000236,   -0.001303,   -0.000865,   -0.002381,    0.009702
   47    -0.000431,   -0.001491,    0.004362,    0.006281,   -0.005420
   48     0.000366,    0.000185,    0.002514,    0.007668,   -0.004040
   49     0.000027,    0.000007,   -0.000639,   -0.000887,    0.003960
   50     0.000034,   -0.000660,    0.001436,    0.001808,   -0.001617
   51     0.000110,   -0.000180,    0.001167,    0.002689,   -0.001313
   52     0.000000,   -0.000000,   -0.000000,   -0.000000,   -0.000000
   53    -0.000000,    0.000000,   -0.000000,   -0.000002,    0.000001
   54     0.000000,   -0.000000,   -0.000000,    0.000001,   -0.000000
   55    -0.000000,    0.000001,   -0.000000,    0.000000,   -0.000001
   56    -0.000001,   -0.000001,    0.000002,    0.000000,   -0.000001
   57     0.000002,   -0.000023,    0.000013,   -0.000005,    0.000016
   58     0.000005,    0.000010,    0.000008,    0.000088,   -0.000060
   59    -0.000001,    0.000007,   -0.000007,   -0.000040,    0.000020
   60     0.000009,   -0.000049,    0.000016,   -0.000016,    0.000021
   61     0.000023,    0.000011,   -0.000054,   -0.000043,    0.000046
   62    -0.000074,    0.000417,   -0.000162,    0.000126,   -0.000236
   63    -0.000066,   -0.000229,    0.000043,   -0.000719,    0.000432
   64    -0.000093,   -0.000042,    0.000164,    0.000071,   -0.000105
   65    -0.000045,    0.000289,   -0.000106,    0.000114,   -0.000181
   66    -0.000113,    0.000032,    0.000262,    0.000383,   -0.000371
   67    -0.000152,    0.000759,   -0.000245,    0.000293,   -0.000451
   68    -0.000134,   -0.000312,    0.000062,   -0.001101,    0.000516
   69    -0.000218,   -0.000069,    0.000369,   -0.000178,   -0.000074
   70    -0.000027,    0.000288,   -0.000107,    0.000172,   -0.000308
   71    -0.000026,    0.000007,    0.000284,    0.000595,   -0.000486
   72     0.000034,    0.000026,   -0.000135,   -0.000164,    0.000157
   73     0.000031,   -0.000208,    0.000079,   -0.000081,    0.000144
   74     0.000085,    0.000067,   -0.000138,    0.000128,   -0.000023
   75     0.000003,   -0.000052,   -0.000040,   -0.000221,    0.000139
   76    -0.000007,   -0.000008,    0.000006,   -0.000014,    0.000015
   77    -0.000027,   -0.000073,   -0.000026,   -0.000325,    0.000208
   78    -0.000041,    0.000231,   -0.000085,    0.000071,   -0.000120
   79    -0.000001,    0.000000,   -0.000001,    0.000000,    0.000001
   80    -0.000004,   -0.000000,    0.000004,    0.000001,   -0.000001
   81     0.000066,   -0.000064,    0.000156,   -0.000019,   -0.000137
   82     0.000770,   -0.000652,    0.001524,   -0.000223,   -0.001390
   83    -0.001672,    0.001787,   -0.004776,    0.000614,    0.004036
   84    -0.000910,    0.000669,   -0.000497,    0.000158,    0.000718
   85    -0.000019,    0.000021,    0.000019,    0.000010,   -0.000010
   86    -0.000000,    0.000003,   -0.000001,   -0.000021,   -0.000015
   87    -0.000003,    0.000010,   -0.000003,    0.000002,   -0.000005
   88     0.000432,   -0.000495,   -0.000446,   -0.000233,    0.000239
   89     0.000005,   -0.000065,    0.000012,    0.000500,    0.000347
   90     0.000073,   -0.000233,    0.000070,   -0.000049,    0.000115
   91    -0.002112,    0.002637,    0.002079,    0.001235,   -0.001183
   92     0.000001,    0.000303,   -0.000052,   -0.002494,   -0.001828
   93    -0.000331,    0.001101,   -0.000378,    0.000200,   -0.000527
   94    -0.004233,    0.004858,    0.004473,    0.002198,   -0.002428
   95    -0.000086,    0.000679,   -0.000134,   -0.004888,   -0.003276
   96    -0.000752,    0.002509,   -0.000697,    0.000574,   -0.001272
   97    -0.001097,    0.002137,    0.001104,    0.000916,   -0.000854
   98     0.000086,    0.000130,   -0.000017,   -0.001887,   -0.001464
   99     0.000026,    0.000478,   -0.000261,    0.000095,   -0.000338
  100    -0.000000,    0.000000,    0.000000,    0.000001,   -0.000001
  101    -0.000000,   -0.000000,    0.000000,   -0.000002,    0.000001
  102     0.000000,   -0.000000,    0.000000,    0.000000,   -0.000000
  103    -0.000001,    0.000002,   -0.000000,    0.000000,   -0.000000
  104    -0.000001,   -0.000000,    0.000001,    0.000000,   -0.000000
  105     0.000009,   -0.000014,   -0.000004,   -0.000015,    0.000014
  106     0.000016,   -0.000006,   -0.000003,    0.000059,   -0.000025
  107    -0.000009,   -0.000011,    0.000014,   -0.000016,    0.000010
  108     0.000051,   -0.000063,   -0.000014,   -0.000014,    0.000024
  109     0.000040,    0.000011,   -0.000063,   -0.000006,    0.000015
  110    -0.000099,    0.000093,    0.000010,   -0.000244,    0.000034
  111    -0.000076,    0.000094,   -0.000026,   -0.000285,    0.000047
  112     0.000110,    0.000280,   -0.000311,    0.000149,   -0.000046
  113    -0.000280,    0.000303,    0.000178,    0.000136,   -0.000184
  114    -0.000313,   -0.000177,    0.000556,    0.000030,   -0.000086
  115    -0.000144,    0.000141,   -0.000043,   -0.000775,    0.000212
  116    -0.000045,    0.000182,   -0.000088,   -0.000213,   -0.000145
  117     0.000169,    0.000526,   -0.000583,    0.000275,   -0.000025
  118    -0.000130,    0.000371,    0.000149,    0.000261,   -0.000326
  119    -0.000349,   -0.000176,    0.000708,    0.000021,   -0.000114
  120    -0.000059,    0.000039,    0.000020,   -0.000171,    0.000054
  121    -0.000059,    0.000085,   -0.000013,   -0.000169,    0.000020
  122    -0.000006,    0.000033,   -0.000017,   -0.000019,   -0.000028
  123     0.000077,   -0.000001,   -0.000123,    0.000015,    0.000054
  124     0.000011,    0.000255,   -0.000167,    0.000126,   -0.000081
  125    -0.000115,    0.000077,    0.000153,    0.000083,   -0.000085
  126    -0.000117,   -0.000080,    0.000240,    0.000039,   -0.000044
  127    -0.000000,   -0.000004,    0.000003,    0.000002,   -0.000001
  128    -0.000000,   -0.000018,    0.000013,   -0.000001,    0.000001
  129     0.000008,    0.000308,   -0.000217,   -0.000284,    0.000196
  130     0.000100,    0.003608,   -0.002549,   -0.002919,    0.002018
  131    -0.000221,   -0.007998,    0.005651,    0.008466,   -0.005854
  132    -0.000134,   -0.004809,    0.003398,    0.001224,   -0.000846
  133     0.000021,    0.000073,   -0.000070,    0.000020,   -0.000007
  134    -0.000003,   -0.000008,   -0.000000,   -0.000050,    0.000026
  135     0.000027,   -0.000069,    0.000024,   -0.000007,    0.000017
  136    -0.000500,   -0.001696,    0.001623,   -0.000468,    0.000170
  137     0.000081,    0.000174,    0.000006,    0.001165,   -0.000593
  138    -0.000627,    0.001606,   -0.000548,    0.000170,   -0.000386
  139     0.002560,    0.008322,   -0.008041,    0.002282,   -0.000793
  140    -0.000403,   -0.000832,   -0.000062,   -0.005906,    0.002961
  141     0.003226,   -0.007959,    0.002639,   -0.000793,    0.001930
  142     0.004802,    0.016509,   -0.015776,    0.004786,   -0.001830
  143    -0.000796,   -0.001719,   -0.000045,   -0.011321,    0.005788
  144     0.006004,   -0.015606,    0.005353,   -0.001829,    0.003853
  145     0.001858,    0.004534,   -0.004806,    0.001782,   -0.000617
  146    -0.000289,   -0.000366,   -0.000221,   -0.004488,    0.002134
  147     0.002431,   -0.004770,    0.001158,   -0.000616,    0.001529
  148    -0.000000,    0.000001,   -0.000001,   -0.000001,    0.000000
  149    -0.000000,   -0.000000,    0.000000,   -0.000002,    0.000000
  150     0.000000,    0.000000,    0.000000,    0.000001,   -0.000000
  151    -0.000000,    0.000004,   -0.000002,    0.000001,   -0.000001
  152    -0.000000,   -0.000002,    0.000002,    0.000000,   -0.000000
  153    -0.000001,   -0.000050,    0.000032,   -0.000007,    0.000015
  154     0.000009,    0.000029,   -0.000022,    0.000062,   -0.000020
  155    -0.000016,   -0.000001,    0.000008,   -0.000022,    0.000010
  156     0.000007,   -0.000243,    0.000152,   -0.000038,    0.000034
  157     0.000021,    0.000153,   -0.000137,    0.000011,    0.000002
  158     0.000057,    0.000350,   -0.000207,    0.000420,   -0.000292
  159    -0.000036,   -0.000243,    0.000115,   -0.000426,    0.000309
  160     0.000225,   -0.000073,   -0.000177,    0.000125,   -0.000026
  161    -0.000073,    0.001807,   -0.001128,    0.000285,   -0.000238
  162    -0.000177,   -0.001128,    0.001023,   -0.000124,    0.000026
  163     0.000125,    0.000285,   -0.000124,    0.001013,   -0.000568
  164    -0.000026,   -0.000238,    0.000026,   -0.000568,    0.000653
  165     0.000372,   -0.000201,   -0.000338,    0.000141,    0.000012
  166    -0.000130,    0.001660,   -0.000963,    0.000426,   -0.000342
  167    -0.000221,   -0.000953,    0.001006,   -0.000234,    0.000084
  168    -0.000039,   -0.000178,    0.000122,   -0.000243,    0.000112
  169     0.000025,    0.000215,   -0.000108,    0.000302,   -0.000222
  170     0.000005,   -0.000050,    0.000010,   -0.000071,    0.000102
  171     0.000056,    0.000383,   -0.000307,    0.000140,   -0.000090
  172    -0.000147,    0.000395,   -0.000098,    0.000012,   -0.000065
  173    -0.000009,   -0.000734,    0.000525,   -0.000111,    0.000075
  174     0.000077,    0.000363,   -0.000372,    0.000017,    0.000008
  175     0.000000,    0.000000,   -0.000000,   -0.000002,   -0.000000
  176     0.000003,   -0.000004,    0.000001,    0.000004,   -0.000003
  177    -0.000009,   -0.000131,    0.000063,    0.000371,    0.000037
  178    -0.000152,   -0.001270,    0.000636,    0.003746,    0.000452
  179     0.000059,    0.003975,   -0.001823,   -0.011044,   -0.000975
  180     0.000468,    0.000533,   -0.000496,   -0.001723,   -0.000671
  181     0.000008,   -0.000007,   -0.000000,    0.000009,   -0.000038
  182     0.000010,    0.000003,   -0.000008,    0.000015,    0.000003
  183    -0.000013,    0.000004,    0.000010,   -0.000040,    0.000032
  184    -0.000195,    0.000171,    0.000001,   -0.000213,    0.000877
  185    -0.000232,   -0.000075,    0.000180,   -0.000346,   -0.000078
  186     0.000308,   -0.000098,   -0.000225,    0.000923,   -0.000748
  187     0.000984,   -0.000737,   -0.000068,    0.001139,   -0.004595
  188     0.001118,    0.000454,   -0.000885,    0.001639,    0.000444
  189    -0.001521,    0.000352,    0.001240,   -0.004548,    0.003799
  190     0.001867,   -0.001808,    0.000066,    0.001960,   -0.008327
  191     0.002319,    0.000777,   -0.001894,    0.003689,    0.000695
  192    -0.003059,    0.000979,    0.002182,   -0.009295,    0.007279
  193     0.000693,   -0.000193,   -0.000256,    0.000891,   -0.003550
  194     0.000542,    0.000415,   -0.000518,    0.001046,    0.000549
  195    -0.000901,   -0.000080,    0.001056,   -0.003229,    0.002646
  196    -0.000000,    0.000001,   -0.000000,    0.000001,   -0.000001
  197    -0.000001,   -0.000000,    0.000000,   -0.000002,    0.000001
  198     0.000000,   -0.000000,   -0.000001,    0.000000,   -0.000000
  199    -0.000000,    0.000001,   -0.000000,    0.000001,   -0.000000
  200    -0.000001,   -0.000000,    0.000001,    0.000000,   -0.000000
  201    -0.000001,    0.000003,   -0.000006,   -0.000011,    0.000023
  202     0.000043,   -0.000021,   -0.000007,    0.000089,   -0.000053
  203    -0.000016,    0.000020,   -0.000001,   -0.000029,    0.000025
  204     0.000009,   -0.000054,    0.000020,   -0.000016,    0.000010
  205     0.000029,    0.000007,   -0.000041,    0.000010,    0.000002
  206     0.000071,   -0.000270,    0.000113,   -0.000015,   -0.000035
  207    -0.000311,    0.000273,    0.000027,   -0.000562,    0.000299
  208     0.000063,   -0.000276,    0.000207,    0.000367,   -0.000270
  209    -0.000108,    0.000455,   -0.000184,    0.000059,    0.000008
  210    -0.000166,   -0.000022,    0.000202,   -0.000114,    0.000009
  211     0.000140,   -0.000577,    0.000183,   -0.000166,    0.000172
  212    -0.000333,    0.000259,    0.000147,   -0.000746,    0.000240
  213     0.000017,   -0.000373,    0.000429,    0.000709,   -0.000430
  214    -0.000181,    0.000632,   -0.000253,    0.000024,    0.000083
  215    -0.000104,   -0.000102,    0.000195,   -0.000249,    0.000030
  216    -0.000045,   -0.000039,    0.000079,   -0.000057,    0.000003
  217    -0.000059,    0.000245,   -0.000095,    0.000040,   -0.000001
  218     0.000105,   -0.000161,    0.000063,    0.000336,   -0.000201
  219     0.000055,    0.000056,   -0.000128,   -0.000059,    0.000075
  220     0.000041,   -0.000181,    0.000079,   -0.000012,   -0.000025
  221     0.000110,   -0.000017,   -0.000094,    0.000177,   -0.000073
  222    -0.000021,    0.000105,   -0.000036,    0.000030,   -0.000023
               165,         166,         167,         168,         169
    0     0.000040,    0.001435,   -0.001014,   -0.000273,    0.000312
    1     0.000125,    0.004488,   -0.003171,   -0.000643,    0.000727
    2    -0.000358,   -0.012819,    0.009057,    0.001364,   -0.001514
    3    -0.000345,   -0.012363,    0.008735,    0.001337,   -0.001487
    4     0.000153,    0.005471,   -0.003865,   -0.000304,    0.000295
    5     0.005246,   -0.014913,    0.005883,    0.001490,   -0.002134
    6    -0.000524,    0.003447,   -0.003659,    0.002001,   -0.002927
    7     0.008479,    0.005541,   -0.010375,   -0.001538,    0.001286
    8     0.003774,   -0.010395,    0.003960,    0.001067,   -0.001543
    9    -0.000399,    0.002418,   -0.002612,    0.001474,   -0.002142
   10     0.006084,    0.003720,   -0.007323,   -0.001111,    0.000925
   11    -0.000436,    0.002509,   -0.001570,   -0.000120,    0.000126
   12    -0.000067,   -0.000534,    0.000360,   -0.000023,    0.000075
   13    -0.000762,   -0.001517,    0.001367,    0.000093,   -0.000090
   14    -0.000095,    0.000117,   -0.000100,   -0.000002,   -0.000043
   15    -0.000096,    0.000019,    0.000109,    0.000023,   -0.000063
   16    -0.000069,    0.000141,    0.000198,   -0.000007,    0.000027
   17    -0.000004,    0.000440,   -0.000196,   -0.000066,    0.000081
   18    -0.000041,   -0.000217,    0.000295,    0.000043,   -0.000030
   19    -0.000147,   -0.000095,   -0.000098,    0.000038,   -0.000183
   20     0.000186,    0.000000,    0.000172,   -0.000208,    0.000190
   21    -0.000339,    0.000466,    0.000563,    0.000082,   -0.000061
   22     0.000613,   -0.000718,    0.000267,    0.000003,   -0.000035
   23     0.000806,    0.000289,   -0.000596,    0.000036,   -0.000076
   24    -0.000003,    0.000015,   -0.000002,    0.000025,   -0.000014
   25    -0.000035,    0.000013,   -0.000016,   -0.000014,    0.000014
   26     0.000049,   -0.000006,   -0.000012,   -0.000003,    0.000011
   27     0.000054,    0.000013,   -0.000041,   -0.000000,   -0.000009
   28    -0.000025,   -0.000001,   -0.000036,    0.000005,    0.000005
   29    -0.000011,   -0.000001,    0.000000,   -0.000013,    0.000008
   30    -0.000029,    0.000054,    0.000027,    0.000004,   -0.000002
   31    -0.000001,    0.000000,   -0.000000,   -0.000000,    0.000000
   32     0.000001,    0.000000,   -0.000003,    0.000001,   -0.000002
   33     0.000196,   -0.000063,    0.000034,    0.000058,   -0.000053
   34     0.002010,   -0.000704,    0.000449,    0.000576,   -0.000507
   35    -0.005819,    0.002220,   -0.001100,   -0.001810,    0.001705
   36    -0.001063,    0.000146,   -0.000499,   -0.000197,    0.000022
   37     0.000002,   -0.000001,   -0.000028,   -0.000004,   -0.000004
   38    -0.000017,   -0.000015,    0.000017,   -0.000006,    0.000010
   39     0.000010,    0.000001,    0.000035,   -0.000001,    0.000007
   40    -0.000048,    0.000032,    0.000646,    0.000092,    0.000091
   41     0.000404,    0.000359,   -0.000399,    0.000137,   -0.000233
   42    -0.000225,   -0.000013,   -0.000813,    0.000028,   -0.000159
   43     0.000188,    0.000015,   -0.003446,   -0.000500,   -0.000440
   44    -0.001961,   -0.001933,    0.002001,   -0.000652,    0.001120
   45     0.001137,   -0.000036,    0.004284,   -0.000084,    0.000757
   46     0.000515,   -0.000689,   -0.005977,   -0.000849,   -0.000906
   47    -0.004147,   -0.003491,    0.004034,   -0.001394,    0.002337
   48     0.002146,    0.000265,    0.007674,   -0.000328,    0.001605
   49     0.000118,    0.000132,   -0.002681,   -0.000425,   -0.000285
   50    -0.001432,   -0.001527,    0.001242,   -0.000364,    0.000644
   51     0.000860,   -0.000067,    0.003247,    0.000042,    0.000440
   52     0.000001,   -0.000001,    0.000001,    0.000000,   -0.000000
   53    -0.000000,   -0.000000,   -0.000000,    0.000000,   -0.000001
   54     0.000001,    0.000000,   -0.000001,   -0.000000,    0.000000
   55    -0.000001,    0.000003,   -0.000001,   -0.000000,    0.000000
   56    -0.000001,   -0.000001,    0.000002,   -0.000000,    0.000000
   57    -0.000004,   -0.000004,   -0.000011,    0.000000,   -0.000003
   58     0.000013,    0.000013,    0.000011,   -0.000020,    0.000031
   59    -0.000011,   -0.000006,    0.000012,    0.000010,   -0.000012
   60     0.000031,   -0.000083,    0.000032,    0.000004,   -0.000007
   61     0.000053,    0.000016,   -0.000068,    0.000011,   -0.000020
   62    -0.000146,    0.000378,   -0.000068,   -0.000037,    0.000086
   63    -0.000105,   -0.000210,   -0.000051,    0.000174,   -0.000245
   64    -0.000192,   -0.000019,    0.000123,   -0.000011,    0.000034
   65    -0.000120,    0.000370,   -0.000130,   -0.000036,    0.000070
   66    -0.000311,   -0.000039,    0.000315,   -0.000081,    0.000157
   67    -0.000425,    0.001044,   -0.000377,   -0.000089,    0.000178
   68    -0.000118,   -0.000345,   -0.000043,    0.000243,   -0.000303
   69    -0.000624,   -0.000179,    0.000492,    0.000063,   -0.000030
   70    -0.000032,    0.000275,   -0.000101,   -0.000060,    0.000128
   71    -0.000374,   -0.000157,    0.000268,   -0.000077,    0.000167
   72     0.000138,    0.000081,   -0.000150,    0.000024,   -0.000057
   73     0.000066,   -0.000232,    0.000075,    0.000025,   -0.000053
   74     0.000201,    0.000079,   -0.000139,   -0.000033,    0.000031
   75     0.000039,   -0.000039,   -0.000086,    0.000049,   -0.000073
   76    -0.000012,   -0.000010,    0.000002,    0.000007,   -0.000011
   77    -0.000010,   -0.000051,   -0.000070,    0.000067,   -0.000105
   78    -0.000109,    0.000275,   -0.000067,   -0.000019,    0.000041
   79     0.000002,    0.000001,   -0.000001,   -0.000000,   -0.000000
   80    -0.000005,    0.000003,    0.000003,    0.000000,    0.000000
   81    -0.000451,   -0.000085,    0.000171,    0.000014,    0.000006
   82    -0.004574,   -0.000987,    0.001734,    0.000142,    0.000054
   83     0.013535,    0.002704,   -0.005472,   -0.000420,   -0.000192
   84     0.002042,    0.000730,   -0.000336,   -0.000087,    0.000029
   85    -0.000047,    0.000048,    0.000036,   -0.000002,    0.000004
   86     0.000004,    0.000002,   -0.000002,    0.000007,    0.000003
   87    -0.000009,   -0.000013,   -0.000022,   -0.000001,    0.000002
   88     0.001084,   -0.001117,   -0.000838,    0.000055,   -0.000092
   89    -0.000087,   -0.000040,    0.000047,   -0.000152,   -0.000080
   90     0.000196,    0.000299,    0.000527,    0.000025,   -0.000051
   91    -0.005301,    0.005910,    0.004054,   -0.000305,    0.000472
   92     0.000503,    0.000155,   -0.000237,    0.000766,    0.000445
   93    -0.000858,   -0.001689,   -0.002762,   -0.000115,    0.000234
   94    -0.010980,    0.010564,    0.008457,   -0.000509,    0.000898
   95     0.000731,    0.000493,   -0.000484,    0.001460,    0.000749
   96    -0.002228,   -0.002491,   -0.005122,   -0.000277,    0.000555
   97    -0.003713,    0.004375,    0.002732,   -0.000264,    0.000343
   98     0.000459,    0.000061,   -0.000196,    0.000569,    0.000380
   99    -0.000451,   -0.001529,   -0.002270,   -0.000056,    0.000113
  100    -0.000000,    0.000000,    0.000000,   -0.000000,    0.000000
  101    -0.000001,   -0.000000,    0.000001,    0.000000,   -0.000000
  102    -0.000000,   -0.000002,    0.000001,   -0.000000,    0.000000
  103    -0.000001,    0.000002,   -0.000000,   -0.000000,    0.000000
  104    -0.000001,   -0.000001,    0.000002,    0.000000,    0.000000
  105     0.000012,   -0.000015,   -0.000004,    0.000002,   -0.000006
  106     0.000026,    0.000005,   -0.000012,   -0.000012,    0.000013
  107    -0.000009,    0.000031,    0.000004,    0.000005,   -0.000006
  108     0.000073,   -0.000081,   -0.000012,    0.000005,   -0.000012
  109     0.000074,    0.000029,   -0.000096,   -0.000002,   -0.000003
  110    -0.000138,    0.000140,    0.000015,    0.000065,   -0.000048
  111    -0.000096,    0.000091,    0.000002,    0.000065,   -0.000055
  112     0.000169,    0.000129,   -0.000347,   -0.000061,    0.000060
  113    -0.000527,    0.000371,    0.000178,   -0.000037,    0.000085
  114    -0.000585,   -0.000148,    0.000709,    0.000026,    0.000010
  115    -0.000263,    0.000264,   -0.000043,    0.000170,   -0.000168
  116    -0.000020,    0.000323,   -0.000118,    0.000053,   -0.000020
  117     0.000344,    0.000738,   -0.000887,   -0.000108,    0.000097
  118    -0.000739,    0.000391,    0.000150,   -0.000070,    0.000125
  119    -0.000891,   -0.000147,    0.000913,    0.000034,    0.000014
  120    -0.000103,    0.000072,    0.000026,    0.000042,   -0.000036
  121    -0.000093,    0.000124,   -0.000019,    0.000037,   -0.000028
  122     0.000011,    0.000039,   -0.000016,    0.000007,   -0.000001
  123     0.000190,   -0.000026,   -0.000158,   -0.000010,   -0.000003
  124    -0.000008,    0.000257,   -0.000243,   -0.000047,    0.000057
  125    -0.000288,    0.000107,    0.000182,   -0.000018,    0.000037
  126    -0.000249,   -0.000053,    0.000305,    0.000007,    0.000008
  127     0.000000,    0.000008,   -0.000005,   -0.000000,   -0.000000
  128    -0.000000,   -0.000006,    0.000004,    0.000002,   -0.000002
  129    -0.000036,   -0.001294,    0.000914,    0.000026,   -0.000027
  130    -0.000371,   -0.013293,    0.009391,    0.000235,   -0.000239
  131     0.001075,    0.038562,   -0.027243,   -0.000864,    0.000913
  132     0.000155,    0.005576,   -0.003939,    0.000177,   -0.000206
  133     0.000029,    0.000092,   -0.000082,   -0.000011,    0.000009
  134    -0.000001,   -0.000007,    0.000002,    0.000019,   -0.000020
  135     0.000036,   -0.000082,    0.000033,    0.000004,   -0.000009
  136    -0.000682,   -0.002135,    0.001912,    0.000260,   -0.000210
  137     0.000019,    0.000170,   -0.000049,   -0.000442,    0.000470
  138    -0.000851,    0.001895,   -0.000771,   -0.000089,    0.000209
  139     0.003454,    0.010420,   -0.009377,   -0.001285,    0.001018
  140    -0.000076,   -0.000793,    0.000220,    0.002271,   -0.002394
  141     0.004328,   -0.009300,    0.003729,    0.000422,   -0.001036
  142     0.006640,    0.021848,   -0.019356,   -0.002571,    0.002097
  143    -0.000193,   -0.001830,    0.000599,    0.004264,   -0.004547
  144     0.008218,   -0.019178,    0.008030,    0.000907,   -0.002059
  145     0.002626,    0.008139,   -0.007185,   -0.000858,    0.000623
  146    -0.000011,   -0.000617,    0.000233,    0.001711,   -0.001766
  147     0.003270,   -0.007126,    0.003002,    0.000238,   -0.000690
  148    -0.000000,    0.000001,   -0.000000,    0.000000,    0.000000
  149    -0.000001,    0.000000,    0.000000,    0.000000,   -0.000000
  150    -0.000001,    0.000000,    0.000000,   -0.000000,    0.000000
  151    -0.000001,    0.000002,   -0.000001,   -0.000000,    0.000001
  152    -0.000001,   -0.000001,    0.000001,    0.000000,   -0.000000
  153     0.000003,   -0.000038,    0.000021,    0.000009,   -0.000012
  154     0.000019,    0.000012,   -0.000014,   -0.000018,    0.000019
  155    -0.000004,    0.000005,    0.000008,    0.000006,   -0.000006
  156     0.000030,   -0.000173,    0.000105,    0.000024,   -0.000030
  157     0.000049,    0.000108,   -0.000101,   -0.000014,    0.000013
  158     0.000053,    0.000285,   -0.000155,   -0.000135,    0.000173
  159    -0.000052,   -0.000177,    0.000070,    0.000113,   -0.000159
  160     0.000372,   -0.000130,   -0.000221,   -0.000039,    0.000025
  161    -0.000201,    0.001660,   -0.000953,   -0.000178,    0.000215
  162    -0.000338,   -0.000963,    0.001006,    0.000122,   -0.000108
  163     0.000141,    0.000426,   -0.000234,   -0.000243,    0.000302
  164     0.000012,   -0.000342,    0.000084,    0.000112,   -0.000222
  165     0.000915,   -0.000257,   -0.000449,   -0.000039,    0.000015
  166    -0.000257,    0.002862,   -0.001582,   -0.000192,    0.000221
  167    -0.000449,   -0.001582,    0.001771,    0.000148,   -0.000120
  168    -0.000039,   -0.000192,    0.000148,    0.000080,   -0.000085
  169     0.000015,    0.000221,   -0.000120,   -0.000085,    0.000118
  170     0.000011,   -0.000051,    0.000021,    0.000016,   -0.000034
  171     0.000107,    0.000456,   -0.000326,   -0.000059,    0.000065
  172    -0.000293,    0.000473,   -0.000094,   -0.000018,    0.000036
  173    -0.000011,   -0.000875,    0.000619,    0.000077,   -0.000080
  174     0.000149,    0.000398,   -0.000468,   -0.000037,    0.000025
  175    -0.000001,    0.000001,   -0.000001,    0.000000,    0.000000
  176     0.000003,   -0.000001,   -0.000001,   -0.000001,    0.000001
  177     0.000244,   -0.000237,    0.000067,   -0.000032,    0.000018
  178     0.002448,   -0.002466,    0.000756,   -0.000305,    0.000157
  179    -0.007371,    0.007428,   -0.002157,    0.001011,   -0.000620
  180    -0.000928,    0.000936,   -0.000446,    0.000022,    0.000142
  181     0.000034,   -0.000006,   -0.000009,    0.000001,    0.000004
  182     0.000024,    0.000009,    0.000001,   -0.000006,    0.000005
  183    -0.000021,    0.000012,    0.000025,    0.000008,   -0.000013
  184    -0.000786,    0.000135,    0.000220,   -0.000023,   -0.000102
  185    -0.000553,   -0.000208,   -0.000031,    0.000147,   -0.000113
  186     0.000482,   -0.000269,   -0.000592,   -0.000175,    0.000311
  187     0.004018,   -0.000514,   -0.001234,    0.000107,    0.000548
  188     0.002667,    0.001174,    0.000213,   -0.000728,    0.000551
  189    -0.002366,    0.001155,    0.003163,    0.000857,   -0.001557
  190     0.007587,   -0.001671,   -0.001897,    0.000251,    0.000942
  191     0.005646,    0.001945,    0.000123,   -0.001492,    0.001164
  192    -0.004888,    0.002907,    0.005551,    0.001754,   -0.003074
  193     0.003060,   -0.000269,   -0.000979,    0.000057,    0.000455
  194     0.001799,    0.001022,    0.000310,   -0.000456,    0.000311
  195    -0.001561,    0.000708,    0.002409,    0.000539,   -0.001055
  196    -0.000001,    0.000002,   -0.000001,   -0.000000,    0.000000
  197    -0.000001,    0.000001,   -0.000000,    0.000001,   -0.000001
  198     0.000001,    0.000000,   -0.000001,   -0.000000,    0.000000
  199    -0.000001,    0.000002,   -0.000001,   -0.000000,    0.000000
  200    -0.000002,   -0.000001,    0.000002,    0.000000,   -0.000000
  201     0.000004,   -0.000029,    0.000018,    0.000001,   -0.000004
  202     0.000052,   -0.000047,    0.000004,   -0.000024,    0.000031
  203    -0.000029,    0.000015,    0.000013,    0.000007,   -0.000011
  204     0.000034,   -0.000078,    0.000028,    0.000007,   -0.000009
  205     0.000061,    0.000018,   -0.000056,   -0.000009,    0.000006
  206     0.000158,   -0.000204,    0.000046,    0.000021,   -0.000021
  207    -0.000479,    0.000376,    0.000046,    0.000146,   -0.000183
  208     0.000038,   -0.000325,    0.000136,   -0.000075,    0.000117
  209    -0.000277,    0.000517,   -0.000207,   -0.000040,    0.000040
  210    -0.000361,   -0.000074,    0.000212,    0.000048,   -0.000043
  211     0.000424,   -0.000844,    0.000326,    0.000061,   -0.000095
  212    -0.000781,    0.000391,    0.000257,    0.000165,   -0.000191
  213    -0.000184,   -0.000689,    0.000487,   -0.000129,    0.000189
  214    -0.000422,    0.000738,   -0.000371,   -0.000032,    0.000013
  215    -0.000395,   -0.000171,    0.000099,    0.000041,   -0.000057
  216    -0.000117,   -0.000066,    0.000071,    0.000018,   -0.000017
  217    -0.000159,    0.000283,   -0.000109,   -0.000026,    0.000029
  218     0.000152,   -0.000228,    0.000026,   -0.000072,    0.000103
  219     0.000140,    0.000085,   -0.000148,   -0.000001,   -0.000016
  220     0.000103,   -0.000205,    0.000090,    0.000013,   -0.000007
  221     0.000232,   -0.000019,   -0.000105,   -0.000048,    0.000059
  222    -0.000073,    0.000134,   -0.000027,   -0.000012,    0.000018
               170,         171,         172,         173,         174
    0    -0.000062,    0.000560,    0.000418,   -0.000998,    0.000565
    1    -0.000153,    0.001307,    0.000974,   -0.002353,    0.001316
    2     0.000349,   -0.002730,   -0.002027,    0.004991,   -0.002739
    3     0.000341,   -0.002680,   -0.001990,    0.004894,   -0.002689
    4    -0.000116,    0.000542,    0.000393,   -0.001110,    0.000531
    5     0.000614,   -0.002604,   -0.004398,    0.005435,   -0.001870
    6     0.000891,    0.000053,    0.000831,   -0.001829,    0.001706
    7    -0.000035,    0.002917,   -0.001546,   -0.003649,    0.003675
    8     0.000441,   -0.001864,   -0.003191,    0.003894,   -0.001335
    9     0.000648,    0.000038,    0.000603,   -0.001325,    0.001241
   10    -0.000014,    0.002113,   -0.001150,   -0.002614,    0.002659
   11    -0.000046,    0.000216,    0.000213,   -0.000441,    0.000168
   12    -0.000035,   -0.000008,   -0.000040,    0.000096,   -0.000071
   13     0.000039,   -0.000157,   -0.000024,    0.000299,   -0.000202
   14     0.000033,    0.000005,    0.000047,   -0.000070,    0.000036
   15     0.000040,   -0.000033,    0.000037,    0.000018,   -0.000032
   16    -0.000008,    0.000022,    0.000046,   -0.000001,   -0.000054
   17    -0.000026,    0.000130,    0.000116,   -0.000231,    0.000082
   18     0.000012,   -0.000072,   -0.000021,    0.000168,   -0.000130
   19     0.000110,   -0.000061,    0.000019,   -0.000044,    0.000045
   20     0.000011,    0.000049,   -0.000048,    0.000052,   -0.000087
   21     0.000018,    0.000023,    0.000187,   -0.000026,   -0.000137
   22     0.000002,    0.000028,   -0.000212,    0.000051,   -0.000013
   23     0.000067,    0.000132,   -0.000176,   -0.000057,    0.000145
   24     0.000001,    0.000002,    0.000009,   -0.000014,    0.000008
   25     0.000007,   -0.000007,    0.000005,    0.000000,   -0.000003
   26     0.000003,    0.000011,   -0.000009,   -0.000008,    0.000007
   27     0.000006,    0.000010,   -0.000015,   -0.000001,    0.000011
   28    -0.000011,   -0.000012,    0.000025,   -0.000000,    0.000002
   29    -0.000001,    0.000012,    0.000011,   -0.000019,    0.000012
   30     0.000002,    0.000010,    0.000004,   -0.000003,   -0.000000
   31    -0.000000,   -0.000000,    0.000000,   -0.000000,    0.000000
   32     0.000001,   -0.000000,   -0.000001,   -0.000000,    0.000001
   33     0.000014,   -0.000003,   -0.000028,    0.000035,    0.000001
   34     0.000130,   -0.000022,   -0.000280,    0.000378,   -0.000011
   35    -0.000454,    0.000101,    0.000885,   -0.001057,   -0.000087
   36     0.000029,   -0.000015,    0.000102,   -0.000330,    0.000202
   37     0.000006,   -0.000003,   -0.000000,   -0.000007,    0.000004
   38    -0.000006,   -0.000004,    0.000001,    0.000009,   -0.000009
   39     0.000002,    0.000003,   -0.000001,    0.000006,   -0.000011
   40    -0.000132,    0.000067,    0.000005,    0.000171,   -0.000092
   41     0.000134,    0.000083,   -0.000032,   -0.000215,    0.000208
   42    -0.000043,   -0.000064,    0.000023,   -0.000150,    0.000256
   43     0.000675,   -0.000323,    0.000025,   -0.000950,    0.000499
   44    -0.000666,   -0.000431,    0.000123,    0.001110,   -0.001033
   45     0.000239,    0.000298,   -0.000121,    0.000809,   -0.001335
   46     0.001272,   -0.000708,   -0.000111,   -0.001518,    0.000838
   47    -0.001318,   -0.000845,    0.000327,    0.002154,   -0.002118
   48     0.000376,    0.000635,   -0.000215,    0.001411,   -0.002446
   49     0.000507,   -0.000190,    0.000101,   -0.000851,    0.000425
   50    -0.000446,   -0.000328,    0.000015,    0.000784,   -0.000653
   51     0.000229,    0.000177,   -0.000112,    0.000657,   -0.001023
   52    -0.000000,    0.000000,   -0.000000,    0.000000,   -0.000000
   53     0.000000,   -0.000000,    0.000000,   -0.000000,    0.000000
   54    -0.000000,    0.000000,   -0.000000,   -0.000000,    0.000000
   55    -0.000000,    0.000000,    0.000001,   -0.000001,    0.000000
   56    -0.000000,   -0.000000,    0.000000,    0.000001,   -0.000001
   57     0.000003,   -0.000006,   -0.000003,    0.000005,   -0.000002
   58    -0.000008,    0.000008,   -0.000001,    0.000003,   -0.000010
   59     0.000004,   -0.000001,    0.000003,   -0.000003,    0.000003
   60     0.000003,   -0.000011,   -0.000019,    0.000022,   -0.000008
   61     0.000009,    0.000010,   -0.000013,   -0.000020,    0.000028
   62    -0.000038,    0.000077,    0.000126,   -0.000126,    0.000037
   63     0.000059,   -0.000097,   -0.000007,    0.000020,    0.000053
   64    -0.000028,   -0.000043,    0.000050,    0.000050,   -0.000069
   65    -0.000028,    0.000062,    0.000098,   -0.000110,    0.000034
   66    -0.000068,   -0.000042,    0.000082,    0.000096,   -0.000152
   67    -0.000067,    0.000140,    0.000285,   -0.000277,    0.000084
   68     0.000065,   -0.000139,   -0.000001,    0.000035,    0.000067
   69    -0.000033,   -0.000131,    0.000138,    0.000118,   -0.000161
   70    -0.000053,    0.000067,    0.000082,   -0.000097,    0.000021
   71    -0.000077,   -0.000067,    0.000054,    0.000122,   -0.000155
   72     0.000028,    0.000030,   -0.000023,   -0.000061,    0.000072
   73     0.000024,   -0.000045,   -0.000067,    0.000075,   -0.000022
   74     0.000007,    0.000055,   -0.000042,   -0.000048,    0.000050
   75     0.000022,   -0.000015,   -0.000016,   -0.000012,    0.000039
   76     0.000002,   -0.000006,    0.000002,    0.000006,   -0.000000
   77     0.000030,   -0.000030,   -0.000003,   -0.000015,    0.000043
   78    -0.000017,    0.000046,    0.000076,   -0.000078,    0.000025
   79     0.000000,    0.000000,   -0.000000,   -0.000000,    0.000000
   80    -0.000000,   -0.000001,    0.000002,    0.000000,   -0.000002
   81    -0.000009,   -0.000050,    0.000044,    0.000052,   -0.000034
   82    -0.000090,   -0.000500,    0.000405,    0.000532,   -0.000314
   83     0.000290,    0.001519,   -0.001421,   -0.001576,    0.001097
   84     0.000026,    0.000265,    0.000095,   -0.000333,   -0.000027
   85    -0.000001,    0.000005,    0.000018,   -0.000009,   -0.000010
   86    -0.000003,    0.000000,    0.000000,   -0.000000,   -0.000000
   87    -0.000002,   -0.000005,    0.000007,    0.000002,    0.000002
   88     0.000022,   -0.000107,   -0.000430,    0.000215,    0.000230
   89     0.000066,   -0.000008,   -0.000007,    0.000011,    0.000007
   90     0.000037,    0.000109,   -0.000155,   -0.000039,   -0.000048
   91    -0.000104,    0.000626,    0.002146,   -0.001187,   -0.001098
   92    -0.000343,    0.000041,    0.000010,   -0.000041,   -0.000043
   93    -0.000180,   -0.000580,    0.000740,    0.000237,    0.000253
   94    -0.000229,    0.000966,    0.004254,   -0.001996,   -0.002299
   95    -0.000617,    0.000074,    0.000108,   -0.000144,   -0.000048
   96    -0.000379,   -0.001005,    0.001626,    0.000248,    0.000482
   97    -0.000050,    0.000601,    0.001434,   -0.001020,   -0.000639
   98    -0.000272,    0.000036,   -0.000048,    0.000003,   -0.000042
   99    -0.000108,   -0.000467,    0.000394,    0.000277,    0.000226
  100    -0.000000,    0.000000,    0.000000,   -0.000000,   -0.000000
  101     0.000000,   -0.000000,    0.000000,    0.000000,   -0.000000
  102    -0.000000,   -0.000000,   -0.000000,    0.000000,   -0.000000
  103    -0.000000,    0.000000,    0.000001,   -0.000001,    0.000000
  104    -0.000000,   -0.000000,    0.000000,    0.000000,   -0.000001
  105     0.000002,   -0.000001,   -0.000008,    0.000004,    0.000003
  106    -0.000003,    0.000006,   -0.000009,    0.000001,    0.000001
  107     0.000003,   -0.000000,    0.000003,   -0.000000,   -0.000004
  108     0.000006,   -0.000003,   -0.000043,    0.000019,    0.000008
  109     0.000003,    0.000015,   -0.000021,   -0.000019,    0.000030
  110     0.000000,   -0.000005,    0.000077,   -0.000041,    0.000003
  111     0.000002,   -0.000004,    0.000061,   -0.000037,    0.000014
  112    -0.000006,    0.000077,   -0.000011,   -0.000114,    0.000116
  113    -0.000034,    0.000002,    0.000256,   -0.000076,   -0.000081
  114    -0.000018,   -0.000123,    0.000168,    0.000152,   -0.000240
  115     0.000018,   -0.000013,    0.000123,   -0.000087,    0.000046
  116    -0.000028,    0.000054,    0.000079,   -0.000084,    0.000045
  117     0.000011,    0.000190,    0.000008,   -0.000287,    0.000247
  118    -0.000041,    0.000026,    0.000257,   -0.000106,   -0.000054
  119    -0.000017,   -0.000158,    0.000244,    0.000181,   -0.000304
  120     0.000007,   -0.000009,    0.000045,   -0.000020,   -0.000004
  121     0.000000,    0.000003,    0.000056,   -0.000037,    0.000009
  122    -0.000004,    0.000009,    0.000012,   -0.000012,    0.000006
  123     0.000009,    0.000019,   -0.000060,   -0.000011,    0.000049
  124    -0.000012,    0.000060,    0.000057,   -0.000110,    0.000066
  125    -0.000013,   -0.000011,    0.000110,   -0.000005,   -0.000069
  126    -0.000006,   -0.000050,    0.000067,    0.000068,   -0.000105
  127    -0.000000,    0.000000,   -0.000000,   -0.000000,   -0.000000
  128     0.000000,   -0.000003,   -0.000003,    0.000006,   -0.000003
  129     0.000008,   -0.000050,   -0.000036,    0.000096,   -0.000049
  130     0.000080,   -0.000437,   -0.000319,    0.000859,   -0.000431
  131    -0.000263,    0.001658,    0.001220,   -0.003162,    0.001649
  132     0.000038,   -0.000369,   -0.000276,    0.000650,   -0.000373
  133    -0.000000,    0.000027,    0.000003,   -0.000041,    0.000028
  134     0.000003,   -0.000003,   -0.000000,    0.000000,    0.000003
  135     0.000006,   -0.000008,   -0.000031,    0.000029,   -0.000009
  136     0.000001,   -0.000634,   -0.000077,    0.000961,   -0.000642
  137    -0.000072,    0.000074,    0.000002,   -0.000009,   -0.000076
  138    -0.000135,    0.000180,    0.000712,   -0.000667,    0.000201
  139     0.000008,    0.003155,    0.000320,   -0.004750,    0.003183
  140     0.000354,   -0.000356,    0.000000,    0.000023,    0.000402
  141     0.000692,   -0.000844,   -0.003597,    0.003298,   -0.000971
  142    -0.000031,    0.006229,    0.000835,   -0.009495,    0.006328
  143     0.000703,   -0.000743,   -0.000029,    0.000124,    0.000719
  144     0.001302,   -0.001831,   -0.006935,    0.006596,   -0.002017
  145     0.000024,    0.002140,    0.000056,   -0.003176,    0.002125
  146     0.000242,   -0.000212,    0.000024,   -0.000039,    0.000332
  147     0.000529,   -0.000448,   -0.002571,    0.002202,   -0.000576
  148    -0.000000,    0.000000,    0.000000,   -0.000000,    0.000000
  149     0.000000,   -0.000000,    0.000000,    0.000000,   -0.000000
  150    -0.000000,   -0.000000,    0.000000,    0.000000,   -0.000000
  151    -0.000000,    0.000001,    0.000001,   -0.000001,    0.000001
  152    -0.000000,   -0.000001,   -0.000000,    0.000001,   -0.000001
  153     0.000003,   -0.000011,   -0.000009,    0.000018,   -0.000009
  154    -0.000003,    0.000010,   -0.000001,   -0.000009,    0.000004
  155     0.000000,   -0.000003,    0.000007,    0.000001,   -0.000003
  156     0.000007,   -0.000047,   -0.000050,    0.000091,   -0.000046
  157     0.000000,    0.000042,    0.000011,   -0.000066,    0.000046
  158    -0.000043,    0.000105,    0.000041,   -0.000121,    0.000045
  159     0.000048,   -0.000077,   -0.000029,    0.000071,   -0.000014
  160     0.000005,    0.000056,   -0.000147,   -0.000009,    0.000077
  161    -0.000050,    0.000383,    0.000395,   -0.000734,    0.000363
  162     0.000010,   -0.000307,   -0.000098,    0.000525,   -0.000372
  163    -0.000071,    0.000140,    0.000012,   -0.000111,    0.000017
  164     0.000102,   -0.000090,   -0.000065,    0.000075,    0.000008
  165     0.000011,    0.000107,   -0.000293,   -0.000011,    0.000149
  166    -0.000051,    0.000456,    0.000473,   -0.000875,    0.000398
  167     0.000021,   -0.000326,   -0.000094,    0.000619,   -0.000468
  168     0.000016,   -0.000059,   -0.000018,    0.000077,   -0.000037
  169    -0.000034,    0.000065,    0.000036,   -0.000080,    0.000025
  170     0.000020,   -0.000013,   -0.000017,    0.000017,   -0.000002
  171    -0.000013,    0.000124,    0.000045,   -0.000187,    0.000109
  172    -0.000017,    0.000045,    0.000176,   -0.000148,    0.000025
  173     0.000017,   -0.000187,   -0.000148,    0.000360,   -0.000199
  174    -0.000002,    0.000109,    0.000025,   -0.000199,    0.000154
  175    -0.000000,    0.000000,    0.000000,   -0.000000,    0.000000
  176    -0.000000,    0.000000,   -0.000002,    0.000001,   -0.000000
  177     0.000019,   -0.000004,   -0.000054,    0.000059,   -0.000019
  178     0.000212,   -0.000054,   -0.000516,    0.000596,   -0.000203
  179    -0.000562,    0.000112,    0.001715,   -0.001815,    0.000584
  180    -0.000211,    0.000124,    0.000058,   -0.000295,    0.000171
  181    -0.000008,    0.000005,   -0.000003,   -0.000003,    0.000002
  182    -0.000001,    0.000008,   -0.000006,    0.000000,    0.000000
  183     0.000005,   -0.000003,    0.000008,    0.000004,   -0.000007
  184     0.000194,   -0.000126,    0.000076,    0.000074,   -0.000040
  185     0.000012,   -0.000197,    0.000131,   -0.000000,   -0.000010
  186    -0.000120,    0.000062,   -0.000189,   -0.000096,    0.000164
  187    -0.001016,    0.000681,   -0.000337,   -0.000446,    0.000234
  188    -0.000062,    0.000997,   -0.000614,   -0.000006,    0.000029
  189     0.000611,   -0.000327,    0.000907,    0.000576,   -0.000881
  190    -0.001847,    0.001145,   -0.000789,   -0.000585,    0.000344
  191    -0.000116,    0.001959,   -0.001329,   -0.000047,    0.000167
  192     0.001153,   -0.000626,    0.001902,    0.000866,   -0.001555
  193    -0.000795,    0.000583,   -0.000169,   -0.000467,    0.000226
  194    -0.000029,    0.000702,   -0.000318,   -0.000003,   -0.000033
  195     0.000436,   -0.000231,    0.000518,    0.000564,   -0.000719
  196    -0.000000,    0.000000,    0.000000,   -0.000000,    0.000000
  197     0.000000,   -0.000000,    0.000000,   -0.000000,    0.000000
  198    -0.000000,    0.000000,   -0.000000,   -0.000000,    0.000000
  199    -0.000000,    0.000000,    0.000000,   -0.000001,    0.000000
  200    -0.000000,   -0.000000,    0.000000,    0.000000,   -0.000001
  201     0.000004,   -0.000002,   -0.000003,    0.000003,   -0.000001
  202    -0.000008,    0.000010,   -0.000026,    0.000009,    0.000000
  203     0.000003,   -0.000002,    0.000012,   -0.000004,   -0.000001
  204     0.000000,   -0.000010,   -0.000019,    0.000022,   -0.000007
  205     0.000000,    0.000015,   -0.000016,   -0.000012,    0.000018
  206    -0.000006,   -0.000027,   -0.000086,    0.000080,   -0.000027
  207     0.000046,   -0.000063,    0.000219,   -0.000081,   -0.000017
  208    -0.000044,   -0.000043,   -0.000076,    0.000120,   -0.000071
  209     0.000002,    0.000062,    0.000164,   -0.000172,    0.000062
  210    -0.000001,   -0.000091,    0.000097,    0.000060,   -0.000084
  211     0.000020,   -0.000087,   -0.000232,    0.000218,   -0.000071
  212     0.000041,   -0.000105,    0.000264,   -0.000043,   -0.000084
  213    -0.000073,   -0.000111,   -0.000059,    0.000232,   -0.000177
  214     0.000007,    0.000068,    0.000257,   -0.000253,    0.000102
  215    -0.000007,   -0.000116,    0.000062,    0.000088,   -0.000067
  216    -0.000002,   -0.000037,    0.000022,    0.000033,   -0.000030
  217     0.000001,    0.000032,    0.000088,   -0.000090,    0.000031
  218    -0.000034,    0.000004,   -0.000086,    0.000062,   -0.000019
  219     0.000011,    0.000040,   -0.000026,   -0.000044,    0.000054
  220    -0.000003,   -0.000026,   -0.000065,    0.000074,   -0.000029
  221    -0.000014,    0.000053,   -0.000070,   -0.000021,    0.000042
  222    -0.000000,    0.000018,    0.000034,   -0.000034,    0.000009
               175,         176,         177,         178,         179
    0     0.000000,   -0.000026,   -0.000396,   -0.003685,    0.013370
    1     0.000000,   -0.000064,   -0.000916,   -0.008300,    0.030827
    2    -0.000004,    0.000132,    0.002477,    0.022811,   -0.080672
    3    -0.000003,    0.000131,    0.002341,    0.021452,   -0.076536
    4     0.000040,    0.000041,   -0.005616,   -0.059752,    0.167941
    5    -0.000000,   -0.000000,    0.000000,    0.000008,    0.000015
    6    -0.000008,   -0.000085,    0.000030,    0.002327,    0.004402
    7     0.000009,    0.000093,   -0.000033,   -0.002530,   -0.004784
    8    -0.000000,   -0.000000,    0.000002,    0.000027,   -0.000047
    9    -0.000010,   -0.000066,    0.000604,    0.007813,   -0.013532
   10     0.000011,    0.000072,   -0.000657,   -0.008492,    0.014708
   11    -0.000000,   -0.000000,    0.000009,    0.000092,   -0.000253
   12    -0.000017,   -0.000014,    0.002539,    0.026611,   -0.073239
   13     0.000019,    0.000016,   -0.002760,   -0.028923,    0.079604
   14     0.000000,    0.000000,   -0.000001,   -0.000010,    0.000027
   15    -0.000002,   -0.000004,    0.000296,    0.003183,   -0.008452
   16     0.000001,    0.000002,   -0.000107,   -0.001152,    0.003059
   17    -0.000000,   -0.000000,    0.000001,    0.000011,   -0.000029
   18    -0.000001,   -0.000002,    0.000136,    0.001464,   -0.003888
   19     0.000000,    0.000000,   -0.000003,   -0.000032,    0.000091
   20    -0.000006,   -0.000000,    0.000972,    0.010091,   -0.028561
   21     0.000002,    0.000000,   -0.000352,   -0.003652,    0.010337
   22    -0.000000,   -0.000000,    0.000003,    0.000035,   -0.000099
   23    -0.000003,   -0.000000,    0.000447,    0.004642,   -0.013139
   24    -0.000000,   -0.000001,   -0.000011,   -0.000091,    0.000335
   25     0.000000,    0.000000,   -0.000001,   -0.000006,    0.000017
   26    -0.000000,   -0.000000,    0.000069,    0.000731,   -0.002051
   27    -0.000000,    0.000000,    0.000006,    0.000052,   -0.000175
   28    -0.000000,   -0.000000,    0.000000,    0.000003,   -0.000007
   29    -0.000001,   -0.000002,    0.000087,    0.000958,   -0.002548
   30     0.000000,   -0.000000,   -0.000000,   -0.000001,    0.000004
   31     0.000000,    0.000000,   -0.000000,   -0.000003,    0.000008
   32     0.000000,    0.000000,   -0.000002,   -0.000026,    0.000068
   33    -0.000000,   -0.000002,   -0.000014,   -0.000037,   -0.000064
   34    -0.000003,   -0.000026,   -0.000037,    0.000861,   -0.004022
   35     0.000008,    0.000068,   -0.000064,   -0.004021,    0.016084
   36    -0.000002,    0.000015,    0.000553,    0.005030,   -0.013263
   37     0.000000,   -0.000000,   -0.000000,   -0.000000,    0.000001
   38     0.000000,   -0.000000,   -0.000005,   -0.000051,    0.000154
   39    -0.000000,    0.000000,    0.000005,    0.000054,   -0.000179
   40    -0.000000,    0.000000,    0.000000,    0.000004,   -0.000013
   41    -0.000001,    0.000001,    0.000115,    0.001197,   -0.003608
   42     0.000000,   -0.000004,   -0.000129,   -0.001267,    0.004199
   43     0.000000,   -0.000000,   -0.000002,   -0.000018,    0.000056
   44     0.000003,   -0.000006,   -0.000508,   -0.005297,    0.015982
   45    -0.000002,    0.000021,    0.000661,    0.006512,   -0.021546
   46     0.000000,   -0.000000,   -0.000005,   -0.000049,    0.000147
   47     0.000008,   -0.000007,   -0.001365,   -0.014369,    0.042573
   48    -0.000005,    0.000042,    0.001353,    0.013258,   -0.043454
   49     0.000000,    0.000000,   -0.000002,   -0.000022,    0.000062
   50     0.000004,    0.000004,   -0.000560,   -0.006106,    0.017664
   51    -0.000005,    0.000014,    0.000928,    0.009359,   -0.028309
   52    -0.000000,   -0.000000,    0.000000,    0.000000,   -0.000000
   53     0.000000,   -0.000000,   -0.000000,   -0.000002,    0.000006
   54    -0.000000,   -0.000000,    0.000002,    0.000018,   -0.000051
   55     0.000000,   -0.000000,   -0.000000,   -0.000000,    0.000000
   56     0.000000,    0.000000,   -0.000002,   -0.000018,    0.000051
   57     0.000000,   -0.000000,   -0.000000,   -0.000003,    0.000009
   58     0.000000,    0.000000,   -0.000004,   -0.000044,    0.000075
   59     0.000000,    0.000000,   -0.000045,   -0.000472,    0.001305
   60     0.000000,    0.000000,    0.000000,    0.000000,   -0.000000
   61    -0.000000,    0.000000,    0.000048,    0.000485,   -0.001389
   62    -0.000000,    0.000000,    0.000001,    0.000011,   -0.000035
   63    -0.000001,   -0.000002,    0.000054,    0.000600,   -0.001362
   64    -0.000001,   -0.000004,    0.000055,    0.000654,   -0.001399
   65    -0.000000,   -0.000000,    0.000000,    0.000002,   -0.000003
   66     0.000001,   -0.000004,   -0.000176,   -0.001730,    0.005308
   67    -0.000000,    0.000000,    0.000001,    0.000011,   -0.000033
   68     0.000000,   -0.000005,   -0.000123,   -0.001126,    0.003600
   69     0.000003,   -0.000003,   -0.000470,   -0.004811,    0.014130
   70     0.000000,   -0.000000,   -0.000000,   -0.000003,    0.000009
   71     0.000001,   -0.000002,   -0.000152,   -0.001572,    0.004950
   72    -0.000000,    0.000002,    0.000043,    0.000411,   -0.001363
   73     0.000000,    0.000000,   -0.000000,   -0.000002,    0.000004
   74    -0.000000,    0.000002,    0.000077,    0.000746,   -0.002408
   75    -0.000000,   -0.000000,    0.000019,    0.000212,   -0.000557
   76    -0.000000,    0.000000,    0.000000,    0.000002,   -0.000008
   77    -0.000000,   -0.000001,    0.000021,    0.000239,   -0.000587
   78    -0.000000,    0.000000,    0.000000,    0.000004,   -0.000013
   79     0.000000,    0.000000,   -0.000000,   -0.000003,    0.000008
   80     0.000000,    0.000000,   -0.000002,   -0.000026,    0.000068
   81    -0.000000,   -0.000002,   -0.000014,   -0.000037,   -0.000064
   82    -0.000003,   -0.000026,   -0.000037,    0.000860,   -0.004020
   83     0.000008,    0.000068,   -0.000064,   -0.004020,    0.016081
   84    -0.000002,    0.000015,    0.000553,    0.005030,   -0.013264
   85    -0.000000,   -0.000000,   -0.000000,    0.000001,    0.000007
   86     0.000000,   -0.000000,   -0.000005,   -0.000050,    0.000162
   87    -0.000000,    0.000000,    0.000005,    0.000055,   -0.000171
   88     0.000000,    0.000002,    0.000003,   -0.000016,   -0.000176
   89    -0.000000,    0.000003,    0.000118,    0.001171,   -0.003815
   90     0.000001,   -0.000002,   -0.000126,   -0.001291,    0.004008
   91    -0.000000,   -0.000009,   -0.000066,   -0.000462,    0.002513
   92     0.000002,   -0.000017,   -0.000590,   -0.005859,    0.019095
   93    -0.000003,    0.000011,    0.000587,    0.005993,   -0.018677
   94    -0.000002,   -0.000020,    0.000073,    0.001341,   -0.001516
   95     0.000005,   -0.000032,   -0.001268,   -0.012610,    0.040472
   96    -0.000008,    0.000018,    0.001443,    0.014882,   -0.045396
   97     0.000000,   -0.000011,   -0.000190,   -0.001624,    0.005425
   98     0.000004,   -0.000010,   -0.000798,   -0.008135,    0.024455
   99    -0.000005,    0.000001,    0.000708,    0.007487,   -0.022045
  100    -0.000000,   -0.000000,    0.000002,    0.000017,   -0.000047
  101     0.000000,   -0.000000,   -0.000002,   -0.000018,    0.000051
  102     0.000000,    0.000000,   -0.000000,   -0.000002,    0.000006
  103    -0.000000,   -0.000000,    0.000001,    0.000008,   -0.000022
  104    -0.000000,   -0.000000,    0.000000,    0.000001,   -0.000001
  105     0.000000,    0.000000,   -0.000045,   -0.000471,    0.001294
  106    -0.000000,    0.000000,    0.000040,    0.000414,   -0.001197
  107    -0.000000,   -0.000000,    0.000009,    0.000095,   -0.000233
  108     0.000000,   -0.000000,   -0.000023,   -0.000232,    0.000669
  109     0.000000,    0.000000,   -0.000006,   -0.000066,    0.000170
  110    -0.000001,   -0.000003,    0.000096,    0.001056,   -0.002606
  111     0.000000,   -0.000002,   -0.000080,   -0.000788,    0.002466
  112     0.000000,    0.000003,   -0.000009,   -0.000152,    0.000057
  113    -0.000000,    0.000004,    0.000130,    0.001265,   -0.003960
  114    -0.000000,    0.000001,    0.000064,    0.000649,   -0.001856
  115     0.000002,   -0.000004,   -0.000372,   -0.003756,    0.011072
  116    -0.000000,   -0.000003,    0.000035,    0.000434,   -0.000923
  117    -0.000001,    0.000003,    0.000244,    0.002449,   -0.007375
  118    -0.000001,    0.000001,    0.000237,    0.002468,   -0.007431
  119    -0.000001,   -0.000001,    0.000062,    0.000706,   -0.002009
  120     0.000000,   -0.000001,   -0.000032,   -0.000309,    0.001022
  121    -0.000000,   -0.000001,   -0.000019,   -0.000165,    0.000645
  122    -0.000000,   -0.000000,    0.000019,    0.000208,   -0.000551
  123     0.000000,    0.000000,   -0.000004,   -0.000054,    0.000111
  124    -0.000000,    0.000002,    0.000054,    0.000518,   -0.001719
  125    -0.000000,    0.000001,    0.000059,    0.000593,   -0.001806
  126    -0.000000,    0.000000,    0.000019,    0.000197,   -0.000563
  127     0.000000,    0.000000,   -0.000000,   -0.000003,    0.000008
  128     0.000000,    0.000000,   -0.000002,   -0.000026,    0.000068
  129    -0.000000,   -0.000002,   -0.000014,   -0.000037,   -0.000064
  130    -0.000003,   -0.000026,   -0.000037,    0.000860,   -0.004020
  131     0.000008,    0.000068,   -0.000064,   -0.004020,    0.016081
  132    -0.000002,    0.000015,    0.000553,    0.005030,   -0.013264
  133     0.000000,    0.000000,    0.000000,   -0.000001,   -0.000006
  134     0.000000,   -0.000000,   -0.000005,   -0.000050,    0.000162
  135    -0.000000,    0.000000,    0.000005,    0.000055,   -0.000171
  136    -0.000000,   -0.000002,   -0.000002,    0.000025,    0.000150
  137    -0.000000,    0.000003,    0.000118,    0.001171,   -0.003816
  138     0.000001,   -0.000002,   -0.000126,   -0.001291,    0.004008
  139     0.000000,    0.000008,    0.000062,    0.000422,   -0.002382
  140     0.000002,   -0.000017,   -0.000590,   -0.005862,    0.019111
  141    -0.000003,    0.000011,    0.000587,    0.005994,   -0.018677
  142     0.000002,    0.000020,   -0.000082,   -0.001428,    0.001795
  143     0.000005,   -0.000033,   -0.001267,   -0.012601,    0.040462
  144    -0.000008,    0.000018,    0.001443,    0.014882,   -0.045396
  145    -0.000000,    0.000011,    0.000184,    0.001568,   -0.005257
  146     0.000004,   -0.000010,   -0.000799,   -0.008146,    0.024490
  147    -0.000005,    0.000001,    0.000708,    0.007488,   -0.022047
  148     0.000000,    0.000000,   -0.000002,   -0.000017,    0.000047
  149     0.000000,   -0.000000,   -0.000002,   -0.000018,    0.000051
  150     0.000000,    0.000000,   -0.000000,   -0.000002,    0.000006
  151     0.000000,    0.000000,   -0.000001,   -0.000008,    0.000022
  152    -0.000000,   -0.000000,    0.000000,    0.000001,   -0.000001
  153    -0.000000,   -0.000000,    0.000045,    0.000471,   -0.001295
  154    -0.000000,    0.000000,    0.000040,    0.000412,   -0.001193
  155    -0.000000,   -0.000000,    0.000009,    0.000095,   -0.000234
  156    -0.000000,    0.000000,    0.000023,    0.000235,   -0.000677
  157     0.000000,   -0.000000,   -0.000006,   -0.000059,    0.000154
  158     0.000001,    0.000003,   -0.000097,   -0.001065,    0.002629
  159     0.000000,   -0.000002,   -0.000079,   -0.000780,    0.002441
  160     0.000000,    0.000003,   -0.000009,   -0.000152,    0.000059
  161     0.000000,   -0.000004,   -0.000131,   -0.001270,    0.003975
  162    -0.000000,    0.000001,    0.000063,    0.000636,   -0.001823
  163    -0.000002,    0.000004,    0.000371,    0.003746,   -0.011044
  164    -0.000000,   -0.000003,    0.000037,    0.000452,   -0.000975
  165    -0.000001,    0.000003,    0.000244,    0.002448,   -0.007371
  166     0.000001,   -0.000001,   -0.000237,   -0.002466,    0.007428
  167    -0.000001,   -0.000001,    0.000067,    0.000756,   -0.002157
  168     0.000000,   -0.000001,   -0.000032,   -0.000305,    0.001011
  169     0.000000,    0.000001,    0.000018,    0.000157,   -0.000620
  170    -0.000000,   -0.000000,    0.000019,    0.000212,   -0.000562
  171     0.000000,    0.000000,   -0.000004,   -0.000054,    0.000112
  172     0.000000,   -0.000002,   -0.000054,   -0.000516,    0.001715
  173    -0.000000,    0.000001,    0.000059,    0.000596,   -0.001815
  174     0.000000,   -0.000000,   -0.000019,   -0.000203,    0.000584
  175     0.000000,    0.000000,   -0.000015,   -0.000163,    0.000447
  176     0.000000,    0.000000,   -0.000015,   -0.000165,    0.000435
  177    -0.000015,   -0.000015,    0.002192,    0.023124,   -0.063822
  178    -0.000163,   -0.000165,    0.023124,    0.244008,   -0.673006
  179     0.000447,    0.000435,   -0.063822,   -0.673006,    1.858753
  180     0.000104,    0.000124,   -0.014503,   -0.153491,    0.420587
  181    -0.000000,    0.000000,    0.000000,    0.000000,   -0.000001
  182    -0.000000,    0.000001,    0.000009,    0.000085,   -0.000304
  183     0.000000,   -0.000001,   -0.000010,   -0.000092,    0.000331
  184     0.000000,   -0.000000,   -0.000001,   -0.000007,    0.000025
  185     0.000000,   -0.000012,   -0.000225,   -0.002054,    0.007274
  186    -0.000000,    0.000013,    0.000245,    0.002232,   -0.007906
  187    -0.000000,    0.000000,    0.000003,    0.000029,   -0.000106
  188    -0.000000,    0.000058,    0.000932,    0.008259,   -0.030570
  189     0.000001,   -0.000063,   -0.001013,   -0.008976,    0.033225
  190    -0.000000,    0.000000,    0.000012,    0.000113,   -0.000366
  191    -0.000012,    0.000106,    0.003391,    0.032633,   -0.105910
  192     0.000013,   -0.000115,   -0.003686,   -0.035469,    0.115113
  193    -0.000000,    0.000000,    0.000010,    0.000098,   -0.000285
  194    -0.000016,    0.000016,    0.002779,    0.028419,   -0.082681
  195     0.000018,   -0.000017,   -0.003020,   -0.030889,    0.089865
  196     0.000000,    0.000000,   -0.000000,   -0.000000,    0.000000
  197    -0.000000,   -0.000000,    0.000002,    0.000025,   -0.000063
  198     0.000000,    0.000000,   -0.000001,   -0.000009,    0.000023
  199    -0.000000,   -0.000000,    0.000000,    0.000000,   -0.000000
  200    -0.000000,   -0.000000,    0.000001,    0.000011,   -0.000029
  201    -0.000000,   -0.000000,    0.000000,    0.000004,   -0.000009
  202     0.000001,    0.000003,   -0.000104,   -0.001152,    0.002896
  203    -0.000000,   -0.000001,    0.000038,    0.000417,   -0.001050
  204     0.000000,    0.000000,   -0.000000,   -0.000004,    0.000010
  205     0.000000,    0.000001,   -0.000048,   -0.000530,    0.001332
  206     0.000000,    0.000000,   -0.000001,   -0.000012,    0.000027
  207    -0.000004,   -0.000019,    0.000333,    0.003902,   -0.008649
  208     0.000001,    0.000007,   -0.000120,   -0.001413,    0.003132
  209    -0.000000,   -0.000000,    0.000001,    0.000013,   -0.000030
  210    -0.000002,   -0.000009,    0.000153,    0.001795,   -0.003979
  211    -0.000000,    0.000000,    0.000004,    0.000046,   -0.000132
  212     0.000008,   -0.000007,   -0.001399,   -0.014379,    0.041712
  213    -0.000003,    0.000002,    0.000507,    0.005205,   -0.015098
  214     0.000000,   -0.000000,   -0.000005,   -0.000050,    0.000144
  215     0.000004,   -0.000003,   -0.000644,   -0.006615,    0.019188
  216    -0.000000,   -0.000002,   -0.000028,   -0.000239,    0.000948
  217     0.000000,   -0.000000,   -0.000001,   -0.000005,    0.000020
  218    -0.000000,    0.000006,    0.000090,    0.000795,   -0.002996
  219     0.000000,    0.000001,    0.000012,    0.000107,   -0.000422
  220    -0.000000,    0.000000,    0.000000,    0.000003,   -0.000010
  221    -0.000000,    0.000005,    0.000089,    0.000796,   -0.002922
  222    -0.000000,   -0.000000,   -0.000000,   -0.000002,    0.000010
               180,         181,         182,         183,         184
    0     0.000988,   -0.000000,   -0.000083,    0.000090,    0.000007
    1    -0.000347,   -0.000001,   -0.000177,    0.000192,    0.000014
    2     0.004264,    0.000001,    0.000323,   -0.000351,   -0.000026
    3     0.004373,    0.000001,    0.000320,   -0.000348,   -0.000025
    4     0.031655,   -0.000000,   -0.000069,    0.000075,    0.000006
    5    -0.000057,    0.000113,   -0.000002,    0.000002,   -0.002608
    6    -0.016518,   -0.000002,   -0.000407,    0.000566,    0.000042
    7     0.017954,    0.000002,    0.000566,   -0.000501,   -0.000045
    8    -0.000055,    0.000104,   -0.000001,    0.000001,   -0.002396
    9    -0.015874,   -0.000001,   -0.000278,    0.000415,    0.000031
   10     0.017254,    0.000001,    0.000415,   -0.000347,   -0.000033
   11    -0.000056,    0.000074,    0.000000,   -0.000000,   -0.001729
   12    -0.016271,    0.000000,    0.000085,   -0.000012,   -0.000001
   13     0.017686,   -0.000000,   -0.000012,    0.000087,    0.000001
   14     0.000009,   -0.000019,    0.000000,   -0.000000,    0.000443
   15    -0.002925,   -0.000000,   -0.000028,    0.000029,    0.000005
   16     0.001059,    0.000000,    0.000031,    0.000009,   -0.000003
   17    -0.000010,    0.000033,   -0.000000,    0.000000,   -0.000761
   18    -0.001345,   -0.000000,    0.000006,    0.000030,    0.000003
   19     0.000021,   -0.000055,   -0.000000,   -0.000000,    0.001283
   20    -0.006462,   -0.000000,    0.000001,   -0.000005,    0.000007
   21     0.002339,    0.000000,    0.000059,    0.000057,   -0.000005
   22    -0.000022,    0.000092,   -0.000000,   -0.000000,   -0.002151
   23    -0.002973,   -0.000000,    0.000052,    0.000045,    0.000005
   24     0.000050,    0.000000,   -0.000005,   -0.000003,   -0.000002
   25     0.000004,   -0.000015,    0.000000,   -0.000000,    0.000344
   26    -0.000476,   -0.000000,   -0.000008,   -0.000006,    0.000001
   27    -0.000030,    0.000000,    0.000010,    0.000009,   -0.000001
   28    -0.000002,    0.000008,   -0.000000,   -0.000000,   -0.000177
   29    -0.000641,   -0.000000,    0.000003,    0.000006,    0.000002
   30     0.000001,   -0.000009,   -0.000000,   -0.000000,    0.000200
   31    -0.000002,   -0.000000,   -0.000000,   -0.000000,    0.000000
   32     0.000015,    0.000000,    0.000000,    0.000000,   -0.000000
   33     0.000553,    0.000000,    0.000007,    0.000003,   -0.000001
   34     0.005030,    0.000000,    0.000069,    0.000028,   -0.000005
   35    -0.013264,   -0.000001,   -0.000214,   -0.000099,    0.000016
   36    -0.006489,   -0.000000,   -0.000072,   -0.000019,    0.000005
   37     0.000000,   -0.000000,    0.000000,   -0.000000,    0.000011
   38     0.000058,    0.000000,    0.000002,   -0.000000,   -0.000000
   39    -0.000047,   -0.000000,   -0.000001,    0.000000,    0.000000
   40    -0.000005,    0.000011,   -0.000000,    0.000000,   -0.000264
   41    -0.001351,   -0.000000,   -0.000056,    0.000009,    0.000005
   42     0.001098,    0.000000,    0.000014,   -0.000005,   -0.000001
   43     0.000023,   -0.000058,    0.000001,   -0.000000,    0.001376
   44     0.006716,    0.000001,    0.000303,   -0.000040,   -0.000028
   45    -0.005793,   -0.000000,   -0.000085,    0.000030,    0.000007
   46     0.000049,   -0.000121,    0.000002,   -0.000000,    0.002841
   47     0.014355,    0.000002,    0.000532,   -0.000087,   -0.000051
   48    -0.010973,   -0.000000,   -0.000129,    0.000021,    0.000011
   49     0.000022,   -0.000041,    0.000001,   -0.000000,    0.000970
   50     0.006312,    0.000001,    0.000269,   -0.000006,   -0.000024
   51    -0.007902,   -0.000000,   -0.000073,    0.000043,    0.000006
   52    -0.000000,    0.000000,   -0.000000,   -0.000000,   -0.000002
   53    -0.000001,    0.000000,    0.000000,    0.000000,   -0.000000
   54    -0.000010,    0.000000,    0.000000,   -0.000000,   -0.000000
   55     0.000000,   -0.000000,    0.000000,    0.000000,    0.000001
   56     0.000011,    0.000000,   -0.000000,    0.000000,   -0.000000
   57     0.000002,   -0.000001,   -0.000000,    0.000000,    0.000034
   58     0.000104,   -0.000000,    0.000001,   -0.000005,    0.000000
   59     0.000288,   -0.000000,   -0.000001,    0.000001,    0.000000
   60     0.000000,    0.000001,   -0.000000,   -0.000000,   -0.000028
   61    -0.000278,   -0.000000,    0.000001,   -0.000000,    0.000000
   62    -0.000005,   -0.000003,    0.000000,    0.000000,    0.000069
   63    -0.000867,   -0.000000,   -0.000028,    0.000016,    0.000002
   64    -0.000708,   -0.000000,   -0.000009,    0.000002,    0.000001
   65    -0.000003,    0.000002,   -0.000000,    0.000000,   -0.000040
   66     0.000715,   -0.000000,   -0.000014,   -0.000002,    0.000002
   67    -0.000002,   -0.000018,    0.000000,    0.000000,    0.000425
   68     0.000148,   -0.000000,   -0.000070,    0.000002,    0.000007
   69     0.002287,   -0.000000,   -0.000023,    0.000019,    0.000002
   70    -0.000000,    0.000019,   -0.000000,    0.000000,   -0.000445
   71     0.000323,   -0.000000,   -0.000026,   -0.000015,    0.000005
   72    -0.000065,    0.000000,    0.000006,    0.000001,   -0.000002
   73     0.000002,   -0.000005,    0.000000,   -0.000000,    0.000127
   74    -0.000157,    0.000000,    0.000008,   -0.000011,   -0.000001
   75    -0.000257,   -0.000000,   -0.000012,    0.000002,    0.000001
   76    -0.000000,   -0.000001,    0.000000,   -0.000000,    0.000027
   77    -0.000324,   -0.000000,   -0.000016,    0.000004,    0.000002
   78    -0.000001,   -0.000006,    0.000000,    0.000000,    0.000129
   79    -0.000002,    0.000000,   -0.000000,    0.000000,   -0.000001
   80     0.000015,   -0.000000,   -0.000000,   -0.000000,    0.000004
   81     0.000553,   -0.000006,   -0.000001,   -0.000004,    0.000142
   82     0.005031,   -0.000060,   -0.000008,   -0.000043,    0.001417
   83    -0.013265,    0.000195,    0.000033,    0.000129,   -0.004574
   84    -0.006489,    0.000057,    0.000001,    0.000048,   -0.001335
   85    -0.000009,    0.000001,   -0.000000,    0.000001,   -0.000013
   86     0.000046,   -0.000000,    0.000000,   -0.000001,    0.000007
   87    -0.000058,    0.000001,   -0.000001,    0.000001,   -0.000028
   88     0.000213,   -0.000013,    0.000004,   -0.000024,    0.000303
   89    -0.001075,    0.000007,   -0.000003,    0.000022,   -0.000167
   90     0.001353,   -0.000028,    0.000019,   -0.000033,    0.000663
   91    -0.000864,    0.000072,   -0.000014,    0.000126,   -0.001678
   92     0.005594,   -0.000041,    0.000021,   -0.000122,    0.000968
   93    -0.006830,    0.000155,   -0.000099,    0.000181,   -0.003649
   94    -0.002676,    0.000112,   -0.000044,    0.000245,   -0.002630
   95     0.010906,   -0.000068,    0.000012,   -0.000202,    0.001614
   96    -0.014158,    0.000272,   -0.000181,    0.000308,   -0.006406
   97     0.000636,    0.000084,    0.000005,    0.000101,   -0.001970
   98     0.007089,   -0.000034,    0.000028,   -0.000105,    0.000815
   99    -0.007186,    0.000144,   -0.000071,    0.000159,   -0.003386
  100    -0.000010,   -0.000000,   -0.000000,   -0.000000,    0.000000
  101     0.000009,   -0.000000,   -0.000000,    0.000000,    0.000001
  102     0.000002,    0.000000,   -0.000000,   -0.000000,   -0.000002
  103    -0.000006,   -0.000000,   -0.000000,    0.000000,    0.000001
  104    -0.000002,   -0.000000,   -0.000000,    0.000000,    0.000001
  105     0.000312,    0.000000,    0.000001,    0.000001,   -0.000006
  106    -0.000196,    0.000001,    0.000003,   -0.000002,   -0.000026
  107    -0.000092,   -0.000001,   -0.000000,    0.000002,    0.000033
  108     0.000147,    0.000001,    0.000000,   -0.000000,   -0.000030
  109     0.000075,    0.000001,    0.000002,   -0.000001,   -0.000023
  110    -0.000994,    0.000004,   -0.000008,    0.000014,   -0.000090
  111     0.000120,    0.000008,   -0.000010,    0.000018,   -0.000186
  112     0.000468,   -0.000008,    0.000010,   -0.000013,    0.000194
  113    -0.000533,   -0.000007,   -0.000003,   -0.000004,    0.000170
  114    -0.000509,    0.000000,   -0.000008,    0.000010,   -0.000001
  115     0.001729,    0.000009,   -0.000015,    0.000039,   -0.000208
  116    -0.000664,    0.000038,    0.000003,    0.000032,   -0.000878
  117    -0.000929,   -0.000034,    0.000024,   -0.000021,    0.000782
  118    -0.000940,   -0.000006,   -0.000009,   -0.000012,    0.000130
  119    -0.000423,    0.000009,    0.000001,    0.000026,   -0.000222
  120     0.000025,   -0.000001,   -0.000006,    0.000007,    0.000025
  121    -0.000138,    0.000004,   -0.000005,    0.000013,   -0.000100
  122    -0.000210,    0.000008,   -0.000001,    0.000005,   -0.000194
  123     0.000124,   -0.000005,    0.000008,   -0.000003,    0.000125
  124    -0.000060,   -0.000003,    0.000006,   -0.000008,    0.000073
  125    -0.000297,    0.000003,   -0.000000,    0.000004,   -0.000075
  126    -0.000170,    0.000002,   -0.000001,    0.000007,   -0.000040
  127    -0.000002,   -0.000000,   -0.000000,    0.000000,    0.000001
  128     0.000015,    0.000000,   -0.000000,   -0.000000,   -0.000004
  129     0.000553,    0.000006,   -0.000001,   -0.000004,   -0.000142
  130     0.005031,    0.000060,   -0.000008,   -0.000043,   -0.001416
  131    -0.013265,   -0.000195,    0.000035,    0.000129,    0.004570
  132    -0.006489,   -0.000057,    0.000001,    0.000048,    0.001335
  133     0.000009,    0.000001,    0.000000,   -0.000001,   -0.000013
  134     0.000046,    0.000000,    0.000000,   -0.000001,   -0.000007
  135    -0.000058,   -0.000001,   -0.000001,    0.000001,    0.000028
  136    -0.000221,   -0.000013,   -0.000004,    0.000025,    0.000305
  137    -0.001074,   -0.000007,   -0.000003,    0.000022,    0.000165
  138     0.001353,    0.000028,    0.000019,   -0.000033,   -0.000666
  139     0.000903,    0.000072,    0.000014,   -0.000127,   -0.001688
  140     0.005589,    0.000041,    0.000021,   -0.000121,   -0.000962
  141    -0.006829,   -0.000156,   -0.000098,    0.000181,    0.003665
  142     0.002752,    0.000113,    0.000043,   -0.000247,   -0.002651
  143     0.010889,    0.000068,    0.000011,   -0.000201,   -0.001600
  144    -0.014157,   -0.000273,   -0.000180,    0.000308,    0.006435
  145    -0.000587,    0.000085,   -0.000005,   -0.000102,   -0.001976
  146     0.007093,    0.000034,    0.000028,   -0.000104,   -0.000807
  147    -0.007186,   -0.000145,   -0.000070,    0.000159,    0.003397
  148     0.000010,   -0.000000,    0.000000,    0.000000,    0.000000
  149     0.000009,    0.000000,   -0.000000,    0.000000,   -0.000001
  150     0.000002,   -0.000000,   -0.000000,   -0.000000,    0.000002
  151     0.000006,   -0.000000,    0.000000,   -0.000000,    0.000001
  152    -0.000002,    0.000000,   -0.000000,    0.000000,   -0.000001
  153    -0.000312,    0.000000,   -0.000001,   -0.000001,   -0.000006
  154    -0.000195,   -0.000001,    0.000003,   -0.000002,    0.000026
  155    -0.000092,    0.000001,   -0.000000,    0.000002,   -0.000033
  156    -0.000148,    0.000001,   -0.000000,    0.000000,   -0.000030
  157     0.000071,   -0.000001,    0.000002,   -0.000001,    0.000022
  158     0.001001,    0.000004,    0.000008,   -0.000014,   -0.000091
  159     0.000117,   -0.000008,   -0.000010,    0.000018,    0.000186
  160     0.000468,    0.000008,    0.000010,   -0.000013,   -0.000195
  161     0.000533,   -0.000007,    0.000003,    0.000004,    0.000171
  162    -0.000496,   -0.000000,   -0.000008,    0.000010,    0.000001
  163    -0.001723,    0.000009,    0.000015,   -0.000040,   -0.000213
  164    -0.000671,   -0.000038,    0.000003,    0.000032,    0.000877
  165    -0.000928,    0.000034,    0.000024,   -0.000021,   -0.000786
  166     0.000936,   -0.000006,    0.000009,    0.000012,    0.000135
  167    -0.000446,   -0.000009,    0.000001,    0.000025,    0.000220
  168     0.000022,    0.000001,   -0.000006,    0.000008,   -0.000023
  169     0.000142,    0.000004,    0.000005,   -0.000013,   -0.000102
  170    -0.000211,   -0.000008,   -0.000001,    0.000005,    0.000194
  171     0.000124,    0.000005,    0.000008,   -0.000003,   -0.000126
  172     0.000058,   -0.000003,   -0.000006,    0.000008,    0.000076
  173    -0.000295,   -0.000003,    0.000000,    0.000004,    0.000074
  174     0.000171,    0.000002,    0.000000,   -0.000007,   -0.000040
  175     0.000104,   -0.000000,   -0.000000,    0.000000,    0.000000
  176     0.000124,    0.000000,    0.000001,   -0.000001,   -0.000000
  177    -0.014503,    0.000000,    0.000009,   -0.000010,   -0.000001
  178    -0.153491,    0.000000,    0.000085,   -0.000092,   -0.000007
  179     0.420587,   -0.000001,   -0.000304,    0.000331,    0.000025
  180     0.100818,    0.000000,    0.000059,   -0.000064,   -0.000005
  181     0.000000,    0.000013,   -0.000000,    0.000000,   -0.000303
  182     0.000059,   -0.000000,    0.000010,    0.000003,    0.000000
  183    -0.000064,    0.000000,    0.000003,    0.000010,   -0.000000
  184    -0.000005,   -0.000303,    0.000000,   -0.000000,    0.007075
  185    -0.001321,    0.000000,   -0.000243,   -0.000065,   -0.000005
  186     0.001436,   -0.000000,   -0.000065,   -0.000232,    0.000005
  187     0.000027,    0.001577,   -0.000001,    0.000001,   -0.036835
  188     0.007706,   -0.000001,    0.001245,    0.000361,    0.000027
  189    -0.008375,    0.000001,    0.000361,    0.001185,   -0.000029
  190     0.000018,    0.002887,   -0.000002,    0.000002,   -0.067443
  191     0.005231,   -0.000002,    0.002341,    0.000593,    0.000044
  192    -0.005685,    0.000002,    0.000593,    0.002242,   -0.000048
  193    -0.000033,    0.001224,   -0.000001,    0.000001,   -0.028589
  194    -0.009548,   -0.000001,    0.000930,    0.000319,    0.000024
  195     0.010378,    0.000001,    0.000319,    0.000877,   -0.000026
  196     0.000000,    0.000000,    0.000000,   -0.000000,   -0.000001
  197    -0.000021,   -0.000000,   -0.000000,    0.000000,    0.000000
  198     0.000008,   -0.000000,    0.000000,   -0.000000,    0.000000
  199    -0.000000,   -0.000000,   -0.000000,    0.000000,    0.000002
  200    -0.000010,   -0.000000,   -0.000000,    0.000000,    0.000000
  201    -0.000003,   -0.000003,   -0.000000,    0.000000,    0.000060
  202     0.001076,    0.000000,    0.000009,   -0.000010,   -0.000000
  203    -0.000390,   -0.000000,   -0.000000,    0.000006,    0.000000
  204     0.000004,    0.000004,    0.000000,   -0.000000,   -0.000102
  205     0.000495,    0.000000,    0.000007,   -0.000002,   -0.000000
  206     0.000016,    0.000029,    0.000000,   -0.000000,   -0.000670
  207    -0.005202,   -0.000000,   -0.000076,    0.000077,    0.000003
  208     0.001883,   -0.000000,   -0.000001,   -0.000054,    0.000000
  209    -0.000018,   -0.000032,   -0.000000,    0.000000,    0.000746
  210    -0.002393,    0.000000,   -0.000050,    0.000022,   -0.000001
  211    -0.000019,    0.000042,    0.000000,   -0.000000,   -0.000987
  212     0.006031,   -0.000000,   -0.000096,    0.000091,    0.000005
  213    -0.002183,   -0.000000,   -0.000004,   -0.000068,    0.000000
  214     0.000021,   -0.000033,   -0.000000,    0.000000,    0.000772
  215     0.002774,    0.000000,   -0.000056,    0.000031,   -0.000002
  216    -0.000232,    0.000000,   -0.000017,    0.000007,   -0.000002
  217    -0.000004,   -0.000021,   -0.000000,    0.000000,    0.000500
  218     0.000655,    0.000000,    0.000023,   -0.000045,   -0.000001
  219     0.000101,    0.000000,    0.000020,    0.000009,   -0.000002
  220     0.000002,    0.000010,    0.000000,   -0.000000,   -0.000236
  221     0.000596,   -0.000000,    0.000038,   -0.000028,    0.000000
  222    -0.000002,   -0.000013,   -0.000000,    0.000000,    0.000306
               185,         186,         187,         188,         189
    0     0.001883,   -0.002046,   -0.000032,   -0.009142,    0.009936
    1     0.004027,   -0.004376,   -0.000066,   -0.019220,    0.020890
    2    -0.007417,    0.008062,    0.000119,    0.034355,   -0.037340
    3    -0.007333,    0.007970,    0.000118,    0.034034,   -0.036993
    4     0.001601,   -0.001741,   -0.000024,   -0.006906,    0.007508
    5     0.000042,   -0.000045,    0.011527,   -0.000204,    0.000222
    6     0.009465,   -0.013123,   -0.000204,   -0.047700,    0.064377
    7    -0.013123,    0.011655,    0.000222,    0.064379,   -0.058444
    8     0.000031,   -0.000033,    0.011005,   -0.000150,    0.000163
    9     0.006453,   -0.009619,   -0.000150,   -0.032471,    0.047258
   10    -0.009619,    0.008059,    0.000163,    0.047258,   -0.040358
   11    -0.000001,    0.000001,    0.009177,    0.000004,   -0.000004
   12    -0.001991,    0.000285,    0.000004,    0.010205,   -0.001120
   13     0.000285,   -0.002038,   -0.000004,   -0.001119,    0.010391
   14    -0.000001,    0.000005,   -0.002271,    0.000003,   -0.000025
   15     0.000650,   -0.000672,   -0.000025,   -0.003333,    0.003405
   16    -0.000720,   -0.000203,    0.000013,    0.003714,    0.001075
   17     0.000005,   -0.000002,    0.004013,   -0.000025,    0.000012
   18    -0.000131,   -0.000705,   -0.000014,    0.000757,    0.003673
   19     0.000004,    0.000007,   -0.006631,   -0.000019,   -0.000038
   20    -0.000028,    0.000106,   -0.000038,   -0.000085,   -0.000288
   21    -0.001384,   -0.001321,    0.000026,    0.007228,    0.006727
   22     0.000007,    0.000000,    0.011090,   -0.000038,   -0.000000
   23    -0.001220,   -0.001062,   -0.000026,    0.006178,    0.005588
   24     0.000108,    0.000082,    0.000009,   -0.000552,   -0.000453
   25    -0.000001,    0.000001,   -0.001796,    0.000003,   -0.000005
   26     0.000179,    0.000140,   -0.000007,   -0.000951,   -0.000721
   27    -0.000235,   -0.000211,    0.000004,    0.001216,    0.001103
   28     0.000001,    0.000000,    0.000934,   -0.000007,   -0.000002
   29    -0.000072,   -0.000133,   -0.000011,    0.000386,    0.000688
   30     0.000000,    0.000001,   -0.001039,   -0.000002,   -0.000005
   31     0.000001,    0.000000,   -0.000000,   -0.000004,   -0.000001
   32    -0.000003,   -0.000003,    0.000000,    0.000014,    0.000017
   33    -0.000158,   -0.000070,    0.000002,    0.000735,    0.000394
   34    -0.001612,   -0.000663,    0.000024,    0.007503,    0.003763
   35     0.005014,    0.002348,   -0.000075,   -0.023419,   -0.013085
   36     0.001683,    0.000447,   -0.000028,   -0.008503,   -0.002526
   37    -0.000000,    0.000000,   -0.000058,    0.000001,   -0.000000
   38    -0.000056,    0.000009,    0.000001,    0.000303,   -0.000038
   39     0.000014,   -0.000005,   -0.000000,   -0.000084,    0.000029
   40     0.000005,   -0.000001,    0.001376,   -0.000028,    0.000003
   41     0.001315,   -0.000200,   -0.000028,   -0.007116,    0.000875
   42    -0.000343,    0.000111,    0.000007,    0.001975,   -0.000678
   43    -0.000028,    0.000003,   -0.007160,    0.000151,   -0.000015
   44    -0.007098,    0.000915,    0.000150,    0.038239,   -0.003888
   45     0.002016,   -0.000696,   -0.000039,   -0.011478,    0.004111
   46    -0.000051,    0.000007,   -0.014862,    0.000274,   -0.000032
   47    -0.012494,    0.002011,    0.000273,    0.067736,   -0.008876
   48     0.003051,   -0.000488,   -0.000061,   -0.017729,    0.003580
   49    -0.000024,    0.000001,   -0.005023,    0.000129,   -0.000002
   50    -0.006304,    0.000125,    0.000127,    0.033723,   -0.000033
   51     0.001727,   -0.001010,   -0.000034,   -0.009735,    0.005562
   52     0.000000,    0.000000,    0.000008,   -0.000000,   -0.000000
   53    -0.000000,   -0.000003,    0.000000,    0.000002,    0.000017
   54    -0.000001,    0.000002,    0.000000,    0.000006,   -0.000007
   55    -0.000000,   -0.000000,   -0.000006,    0.000000,    0.000000
   56     0.000001,   -0.000001,    0.000000,   -0.000003,    0.000003
   57     0.000000,   -0.000000,   -0.000178,   -0.000000,    0.000000
   58    -0.000022,    0.000109,   -0.000000,    0.000109,   -0.000548
   59     0.000016,   -0.000031,   -0.000000,   -0.000081,    0.000151
   60     0.000000,    0.000000,    0.000137,   -0.000000,   -0.000002
   61    -0.000026,    0.000010,   -0.000001,    0.000105,   -0.000049
   62    -0.000002,   -0.000000,   -0.000307,    0.000011,    0.000002
   63     0.000644,   -0.000382,   -0.000012,   -0.003337,    0.001854
   64     0.000216,   -0.000037,   -0.000003,   -0.000989,    0.000151
   65     0.000002,   -0.000001,    0.000250,   -0.000012,    0.000006
   66     0.000328,    0.000060,   -0.000007,   -0.001462,   -0.000349
   67    -0.000006,   -0.000002,   -0.002088,    0.000027,    0.000012
   68     0.001638,   -0.000044,   -0.000036,   -0.008466,    0.000012
   69     0.000536,   -0.000441,   -0.000008,   -0.002469,    0.002104
   70     0.000007,   -0.000000,    0.002331,   -0.000035,   -0.000000
   71     0.000606,    0.000362,   -0.000023,   -0.002851,   -0.001921
   72    -0.000144,   -0.000023,    0.000008,    0.000639,    0.000130
   73    -0.000003,    0.000001,   -0.000689,    0.000015,   -0.000003
   74    -0.000187,    0.000247,    0.000003,    0.000859,   -0.001218
   75     0.000282,   -0.000040,   -0.000005,   -0.001488,    0.000171
   76    -0.000001,    0.000001,   -0.000137,    0.000003,   -0.000004
   77     0.000377,   -0.000104,   -0.000011,   -0.001983,    0.000483
   78    -0.000002,   -0.000000,   -0.000637,    0.000009,    0.000001
   79     0.000000,   -0.000001,    0.000003,    0.000000,    0.000002
   80     0.000002,    0.000001,   -0.000018,   -0.000010,   -0.000005
   81     0.000023,    0.000096,   -0.000700,   -0.000154,   -0.000426
   82     0.000189,    0.000998,   -0.006993,   -0.001381,   -0.004434
   83    -0.000799,   -0.003015,    0.022615,    0.005311,    0.013421
   84    -0.000014,   -0.001118,    0.006901,    0.000270,    0.005567
   85     0.000004,   -0.000024,    0.000073,   -0.000014,    0.000127
   86    -0.000003,    0.000022,   -0.000041,    0.000020,   -0.000120
   87     0.000019,   -0.000033,    0.000156,   -0.000098,    0.000181
   88    -0.000083,    0.000571,   -0.001709,    0.000319,   -0.002968
   89     0.000078,   -0.000514,    0.000964,   -0.000474,    0.002835
   90    -0.000443,    0.000782,   -0.003671,    0.002287,   -0.004235
   91     0.000323,   -0.002946,    0.009386,   -0.001099,    0.015253
   92    -0.000495,    0.002862,   -0.005548,    0.002910,   -0.015689
   93     0.002314,   -0.004245,    0.020101,   -0.011910,    0.022893
   94     0.001005,   -0.005743,    0.015033,   -0.004113,    0.029877
   95    -0.000276,    0.004769,   -0.009302,    0.002122,   -0.026413
   96     0.004252,   -0.007233,    0.035531,   -0.022006,    0.039298
   97    -0.000124,   -0.002362,    0.010687,    0.001038,    0.012214
   98    -0.000654,    0.002463,   -0.004650,    0.003635,   -0.013387
   99     0.001665,   -0.003720,    0.018413,   -0.008555,    0.019939
  100     0.000000,    0.000001,   -0.000001,   -0.000001,   -0.000007
  101     0.000003,   -0.000001,   -0.000006,   -0.000013,    0.000006
  102     0.000000,    0.000001,    0.000008,   -0.000002,   -0.000005
  103     0.000000,   -0.000000,   -0.000004,   -0.000001,    0.000003
  104     0.000002,   -0.000000,   -0.000004,   -0.000009,    0.000001
  105    -0.000019,   -0.000012,    0.000027,    0.000104,    0.000061
  106    -0.000073,    0.000048,    0.000135,    0.000366,   -0.000229
  107     0.000005,   -0.000037,   -0.000171,   -0.000025,    0.000186
  108    -0.000010,    0.000010,    0.000136,    0.000057,   -0.000064
  109    -0.000055,    0.000015,    0.000112,    0.000275,   -0.000084
  110     0.000174,   -0.000325,    0.000486,   -0.000859,    0.001608
  111     0.000222,   -0.000427,    0.000979,   -0.001097,    0.002117
  112    -0.000234,    0.000308,   -0.000976,    0.001124,   -0.001521
  113     0.000076,    0.000095,   -0.000733,   -0.000457,   -0.000337
  114     0.000182,   -0.000229,    0.000069,   -0.000897,    0.001262
  115     0.000348,   -0.000915,    0.001109,   -0.001650,    0.004505
  116    -0.000074,   -0.000751,    0.004601,    0.000421,    0.003810
  117    -0.000558,    0.000482,   -0.004000,    0.002693,   -0.002368
  118     0.000207,    0.000264,   -0.000489,   -0.001170,   -0.001128
  119    -0.000025,   -0.000604,    0.001249,    0.000184,    0.003223
  120     0.000146,   -0.000172,   -0.000116,   -0.000726,    0.000839
  121     0.000114,   -0.000310,    0.000538,   -0.000555,    0.001550
  122     0.000014,   -0.000121,    0.001018,   -0.000073,    0.000618
  123    -0.000198,    0.000062,   -0.000675,    0.001002,   -0.000327
  124    -0.000132,    0.000188,   -0.000325,    0.000615,   -0.000903
  125     0.000002,   -0.000101,    0.000453,   -0.000016,    0.000597
  126     0.000013,   -0.000167,    0.000232,   -0.000045,    0.000897
  127     0.000000,   -0.000001,   -0.000003,    0.000000,    0.000002
  128     0.000002,    0.000001,    0.000018,   -0.000010,   -0.000005
  129     0.000023,    0.000096,    0.000699,   -0.000159,   -0.000426
  130     0.000198,    0.000997,    0.006985,   -0.001427,   -0.004432
  131    -0.000829,   -0.003014,   -0.022584,    0.005459,    0.013414
  132    -0.000023,   -0.001118,   -0.006901,    0.000315,    0.005565
  133    -0.000004,    0.000025,    0.000073,    0.000014,   -0.000128
  134    -0.000003,    0.000022,    0.000040,    0.000020,   -0.000120
  135     0.000019,   -0.000033,   -0.000157,   -0.000097,    0.000181
  136     0.000082,   -0.000575,   -0.001720,   -0.000311,    0.002987
  137     0.000076,   -0.000510,   -0.000957,   -0.000466,    0.002815
  138    -0.000438,    0.000781,    0.003687,    0.002263,   -0.004233
  139    -0.000316,    0.002966,    0.009440,    0.001060,   -0.015360
  140    -0.000487,    0.002842,    0.005510,    0.002867,   -0.015587
  141     0.002290,   -0.004243,   -0.020183,   -0.011777,    0.022882
  142    -0.000990,    0.005775,    0.015140,    0.004034,   -0.030057
  143    -0.000259,    0.004730,    0.009225,    0.002034,   -0.026213
  144     0.004209,   -0.007230,   -0.035682,   -0.021771,    0.039278
  145     0.000132,    0.002379,    0.010720,   -0.001082,   -0.012304
  146    -0.000649,    0.002447,    0.004607,    0.003611,   -0.013305
  147     0.001643,   -0.003718,   -0.018471,   -0.008435,    0.019930
  148    -0.000000,   -0.000001,   -0.000001,    0.000002,    0.000007
  149     0.000003,   -0.000001,    0.000006,   -0.000013,    0.000006
  150     0.000000,    0.000001,   -0.000008,   -0.000002,   -0.000005
  151    -0.000000,    0.000000,   -0.000004,    0.000001,   -0.000003
  152     0.000002,   -0.000000,    0.000004,   -0.000009,    0.000001
  153     0.000020,    0.000012,    0.000028,   -0.000108,   -0.000060
  154    -0.000074,    0.000048,   -0.000134,    0.000367,   -0.000229
  155     0.000006,   -0.000037,    0.000171,   -0.000026,    0.000186
  156     0.000010,   -0.000010,    0.000134,   -0.000056,    0.000062
  157    -0.000055,    0.000015,   -0.000110,    0.000274,   -0.000085
  158    -0.000176,    0.000328,    0.000493,    0.000867,   -0.001625
  159     0.000222,   -0.000426,   -0.000982,   -0.001093,    0.002114
  160    -0.000232,    0.000308,    0.000984,    0.001118,   -0.001521
  161    -0.000075,   -0.000098,   -0.000737,    0.000454,    0.000352
  162     0.000180,   -0.000225,   -0.000068,   -0.000885,    0.001240
  163    -0.000346,    0.000923,    0.001139,    0.001639,   -0.004548
  164    -0.000078,   -0.000748,   -0.004595,    0.000444,    0.003799
  165    -0.000553,    0.000482,    0.004018,    0.002667,   -0.002366
  166    -0.000208,   -0.000269,   -0.000514,    0.001174,    0.001155
  167    -0.000031,   -0.000592,   -0.001234,    0.000213,    0.003163
  168     0.000147,   -0.000175,    0.000107,   -0.000728,    0.000857
  169    -0.000113,    0.000311,    0.000548,    0.000551,   -0.001557
  170     0.000012,   -0.000120,   -0.001016,   -0.000062,    0.000611
  171    -0.000197,    0.000062,    0.000681,    0.000997,   -0.000327
  172     0.000131,   -0.000189,   -0.000337,   -0.000614,    0.000907
  173    -0.000000,   -0.000096,   -0.000446,   -0.000006,    0.000576
  174    -0.000010,    0.000164,    0.000234,    0.000029,   -0.000881
  175     0.000000,   -0.000000,   -0.000000,   -0.000000,    0.000001
  176    -0.000012,    0.000013,    0.000000,    0.000058,   -0.000063
  177    -0.000225,    0.000245,    0.000003,    0.000932,   -0.001013
  178    -0.002054,    0.002232,    0.000029,    0.008259,   -0.008976
  179     0.007274,   -0.007906,   -0.000106,   -0.030570,    0.033225
  180    -0.001321,    0.001436,    0.000027,    0.007706,   -0.008375
  181     0.000000,   -0.000000,    0.001577,   -0.000001,    0.000001
  182    -0.000243,   -0.000065,   -0.000001,    0.001245,    0.000361
  183    -0.000065,   -0.000232,    0.000001,    0.000361,    0.001185
  184    -0.000005,    0.000005,   -0.036835,    0.000027,   -0.000029
  185     0.005660,    0.001538,    0.000027,   -0.029030,   -0.008483
  186     0.001538,    0.005403,   -0.000029,   -0.008483,   -0.027615
  187     0.000027,   -0.000029,    0.191803,   -0.000148,    0.000160
  188    -0.029030,   -0.008483,   -0.000148,    0.149051,    0.046467
  189    -0.008483,   -0.027615,    0.000160,    0.046467,    0.141299
  190     0.000044,   -0.000048,    0.351091,   -0.000246,    0.000268
  191    -0.054596,   -0.013963,   -0.000246,    0.279797,    0.077490
  192    -0.013963,   -0.052267,    0.000268,    0.077489,    0.266868
  193     0.000024,   -0.000026,    0.148908,   -0.000129,    0.000140
  194    -0.021711,   -0.007476,   -0.000129,    0.111616,    0.040533
  195    -0.007476,   -0.020464,    0.000140,    0.040533,    0.104855
  196    -0.000000,    0.000000,    0.000004,    0.000000,   -0.000000
  197     0.000003,   -0.000004,   -0.000000,   -0.000015,    0.000019
  198    -0.000000,    0.000002,   -0.000000,    0.000000,   -0.000012
  199     0.000000,   -0.000000,   -0.000012,   -0.000000,    0.000000
  200     0.000003,   -0.000000,   -0.000000,   -0.000015,    0.000002
  201     0.000001,   -0.000000,   -0.000314,   -0.000004,    0.000002
  202    -0.000209,    0.000232,    0.000002,    0.001036,   -0.001144
  203     0.000010,   -0.000144,   -0.000000,   -0.000034,    0.000727
  204    -0.000000,    0.000001,    0.000525,    0.000002,   -0.000004
  205    -0.000154,    0.000054,    0.000000,    0.000771,   -0.000256
  206    -0.000006,    0.000003,    0.003450,    0.000028,   -0.000017
  207     0.001750,   -0.001788,   -0.000017,   -0.008642,    0.008788
  208     0.000020,    0.001248,   -0.000001,   -0.000231,   -0.006270
  209     0.000003,   -0.000006,   -0.003801,   -0.000017,    0.000030
  210     0.001153,   -0.000502,    0.000004,   -0.005739,    0.002420
  211    -0.000006,    0.000005,    0.005030,    0.000027,   -0.000024
  212     0.002225,   -0.002117,   -0.000024,   -0.010924,    0.010311
  213     0.000094,    0.001594,   -0.000002,   -0.000618,   -0.007938
  214     0.000005,   -0.000007,   -0.003874,   -0.000024,    0.000036
  215     0.001293,   -0.000726,    0.000012,   -0.006350,    0.003524
  216     0.000384,   -0.000153,    0.000010,   -0.001908,    0.000737
  217     0.000004,   -0.000004,   -0.002565,   -0.000021,    0.000022
  218    -0.000528,    0.001046,    0.000005,    0.002565,   -0.005197
  219    -0.000460,   -0.000200,    0.000008,    0.002346,    0.001057
  220    -0.000001,    0.000004,    0.001194,    0.000005,   -0.000018
  221    -0.000873,    0.000652,   -0.000003,    0.004339,   -0.003200
  222     0.000003,   -0.000002,   -0.001578,   -0.000014,    0.000008
               190,         191,         192,         193,         194
    0    -0.000055,   -0.016013,    0.017404,   -0.000012,   -0.003535
    1    -0.000125,   -0.036214,    0.039360,   -0.000028,   -0.008196
    2     0.000252,    0.073022,   -0.079366,    0.000061,    0.017651
    3     0.000248,    0.071758,   -0.077995,    0.000059,    0.017226
    4    -0.000068,   -0.019576,    0.021280,   -0.000033,   -0.009490
    5     0.027719,   -0.000415,    0.000451,    0.004795,   -0.000125
    6    -0.000415,   -0.092477,    0.130646,   -0.000125,   -0.031547
    7     0.000451,    0.130650,   -0.114281,    0.000136,    0.039503
    8     0.024735,   -0.000303,    0.000329,    0.005277,   -0.000090
    9    -0.000303,   -0.062961,    0.095322,   -0.000090,   -0.020679
   10     0.000329,    0.095323,   -0.078870,    0.000097,    0.028215
   11     0.015597,    0.000015,   -0.000016,    0.006215,    0.000013
   12     0.000015,    0.019926,   -0.004710,    0.000013,    0.009990
   13    -0.000016,   -0.004706,    0.020709,   -0.000014,   -0.004104
   14    -0.004274,    0.000007,   -0.000045,   -0.001673,   -0.000000
   15    -0.000045,   -0.006174,    0.006473,   -0.000019,   -0.002237
   16     0.000024,    0.006871,    0.001922,    0.000010,    0.002733
   17     0.007128,   -0.000045,    0.000023,    0.003346,   -0.000019
   18    -0.000026,    0.001153,    0.006651,   -0.000009,    0.000950
   19    -0.012278,   -0.000038,   -0.000066,   -0.004990,   -0.000017
   20    -0.000066,    0.000884,   -0.001680,   -0.000029,    0.000032
   21     0.000046,    0.013015,    0.012877,    0.000020,    0.005492
   22     0.020570,   -0.000066,   -0.000004,    0.008790,   -0.000029
   23    -0.000046,    0.011946,    0.009844,   -0.000018,    0.005026
   24     0.000016,   -0.001045,   -0.000781,    0.000007,   -0.000364
   25    -0.003289,    0.000006,   -0.000008,   -0.001405,    0.000002
   26    -0.000012,   -0.001660,   -0.001403,   -0.000005,   -0.000714
   27     0.000008,    0.002249,    0.002007,    0.000003,    0.000926
   28     0.001701,   -0.000012,   -0.000005,    0.000731,   -0.000005
   29    -0.000020,    0.000757,    0.001201,   -0.000008,    0.000468
   30    -0.001909,   -0.000004,   -0.000008,   -0.000812,   -0.000001
   31    -0.000000,   -0.000010,   -0.000001,   -0.000000,   -0.000006
   32     0.000000,    0.000023,    0.000035,    0.000000,    0.000002
   33     0.000006,    0.001801,    0.000673,    0.000003,    0.000891
   34     0.000060,    0.018546,    0.006190,    0.000030,    0.009410
   35    -0.000183,   -0.056661,   -0.022144,   -0.000088,   -0.027729
   36    -0.000057,   -0.017597,   -0.004113,   -0.000029,   -0.009000
   37    -0.000121,    0.000002,   -0.000000,   -0.000041,    0.000001
   38     0.000002,    0.000527,   -0.000099,    0.000001,    0.000261
   39    -0.000000,   -0.000141,    0.000026,   -0.000000,   -0.000092
   40     0.002841,   -0.000050,    0.000008,    0.000970,   -0.000024
   41    -0.000050,   -0.012365,    0.002297,   -0.000023,   -0.006105
   42     0.000011,    0.003337,   -0.000616,    0.000007,    0.002169
   43    -0.014862,    0.000272,   -0.000038,   -0.005023,    0.000126
   44     0.000270,    0.066882,   -0.010773,    0.000124,    0.032633
   45    -0.000067,   -0.019625,    0.004435,   -0.000042,   -0.012155
   46    -0.030108,    0.000488,   -0.000080,   -0.010606,    0.000227
   47     0.000487,    0.116971,   -0.022841,    0.000225,    0.057645
   48    -0.000102,   -0.029692,    0.000293,   -0.000068,   -0.019905
   49    -0.010606,    0.000231,   -0.000011,   -0.003264,    0.000102
   50     0.000229,    0.059007,   -0.002486,    0.000101,    0.027381
   51    -0.000058,   -0.016882,    0.007912,   -0.000034,   -0.009767
   52     0.000015,   -0.000000,   -0.000000,    0.000007,   -0.000000
   53     0.000000,    0.000002,    0.000032,    0.000000,    0.000002
   54     0.000000,    0.000013,   -0.000016,    0.000000,    0.000005
   55    -0.000012,    0.000000,    0.000000,   -0.000005,    0.000000
   56     0.000000,   -0.000007,    0.000006,    0.000000,   -0.000002
   57    -0.000328,   -0.000001,    0.000001,   -0.000153,    0.000000
   58    -0.000000,    0.000231,   -0.001084,   -0.000000,    0.000080
   59    -0.000001,   -0.000181,    0.000334,   -0.000000,   -0.000124
   60     0.000286,   -0.000000,   -0.000004,    0.000104,   -0.000000
   61    -0.000001,    0.000279,   -0.000102,   -0.000001,    0.000040
   62    -0.000679,    0.000025,    0.000003,   -0.000116,    0.000005
   63    -0.000022,   -0.006286,    0.003976,   -0.000009,   -0.002476
   64    -0.000007,   -0.002113,    0.000320,   -0.000001,   -0.000276
   65     0.000320,   -0.000022,    0.000013,    0.000240,   -0.000009
   66    -0.000015,   -0.003323,   -0.000637,   -0.000003,   -0.000630
   67    -0.004211,    0.000057,    0.000023,   -0.001546,    0.000018
   68    -0.000066,   -0.015755,    0.000925,   -0.000027,   -0.006219
   69    -0.000018,   -0.005684,    0.004574,   -0.000005,   -0.001657
   70     0.004202,   -0.000065,    0.000002,    0.001860,   -0.000026
   71    -0.000048,   -0.006242,   -0.003567,   -0.000016,   -0.001895
   72     0.000018,    0.001490,    0.000276,    0.000005,    0.000281
   73    -0.001181,    0.000027,   -0.000007,   -0.000580,    0.000012
   74     0.000007,    0.001935,   -0.002474,    0.000002,    0.000425
   75    -0.000009,   -0.002697,    0.000479,   -0.000004,   -0.001161
   76    -0.000251,    0.000007,   -0.000008,   -0.000106,    0.000002
   77    -0.000020,   -0.003599,    0.001157,   -0.000009,   -0.001525
   78    -0.001264,    0.000020,    0.000002,   -0.000448,    0.000005
   79     0.000007,   -0.000001,    0.000007,    0.000005,    0.000001
   80    -0.000036,   -0.000022,   -0.000006,   -0.000010,   -0.000011
   81    -0.001542,   -0.000160,   -0.001136,   -0.000930,   -0.000290
   82    -0.015452,   -0.001095,   -0.011931,   -0.009540,   -0.002707
   83     0.049112,    0.005756,    0.035442,    0.028583,    0.008575
   84     0.013625,   -0.000272,    0.011868,    0.008447,    0.001732
   85     0.000103,   -0.000045,    0.000239,    0.000070,    0.000003
   86    -0.000070,    0.000018,   -0.000210,   -0.000037,    0.000038
   87     0.000265,   -0.000190,    0.000312,    0.000134,   -0.000084
   88    -0.002408,    0.001036,   -0.005589,   -0.001627,   -0.000075
   89     0.001646,   -0.000424,    0.004957,    0.000864,   -0.000882
   90    -0.006252,    0.004440,   -0.007308,   -0.003148,    0.001955
   91     0.013561,   -0.004323,    0.028855,    0.008809,    0.000770
   92    -0.009512,    0.003103,   -0.027660,   -0.004918,    0.004886
   93     0.034510,   -0.023253,    0.039790,    0.017109,   -0.010146
   94     0.020344,   -0.011943,    0.055873,    0.014418,    0.000091
   95    -0.015957,   -0.000490,   -0.045835,   -0.008348,    0.006492
   96     0.060246,   -0.042427,    0.067298,    0.030354,   -0.018558
   97     0.016765,    0.000427,    0.022785,    0.008871,    0.001666
   98    -0.008013,    0.004929,   -0.023739,   -0.004201,    0.004456
   99     0.031983,   -0.016571,    0.034617,    0.014886,   -0.007000
  100    -0.000003,   -0.000001,   -0.000014,   -0.000001,   -0.000000
  101    -0.000011,   -0.000025,    0.000013,   -0.000005,   -0.000010
  102     0.000015,   -0.000004,   -0.000009,    0.000007,   -0.000002
  103    -0.000009,   -0.000002,    0.000005,   -0.000002,    0.000001
  104    -0.000008,   -0.000017,    0.000001,   -0.000003,   -0.000006
  105     0.000058,    0.000172,    0.000140,    0.000011,    0.000038
  106     0.000249,    0.000740,   -0.000505,    0.000095,    0.000279
  107    -0.000317,   -0.000051,    0.000366,   -0.000141,    0.000015
  108     0.000306,    0.000105,   -0.000099,    0.000044,    0.000018
  109     0.000222,    0.000557,   -0.000152,    0.000049,    0.000178
  110     0.000821,   -0.001747,    0.003179,    0.000437,   -0.000354
  111     0.001758,   -0.002275,    0.004267,    0.000811,   -0.000725
  112    -0.001852,    0.002330,   -0.003060,   -0.000690,    0.000547
  113    -0.001800,   -0.000782,   -0.000949,   -0.000190,   -0.000419
  114    -0.000068,   -0.001917,    0.002225,    0.000258,   -0.000524
  115     0.001905,   -0.003703,    0.009220,    0.000869,   -0.001056
  116     0.008341,    0.000652,    0.007303,    0.003555,    0.000532
  117    -0.007549,    0.005695,   -0.004892,   -0.003048,    0.001819
  118    -0.001624,   -0.001933,   -0.002855,   -0.000250,   -0.001018
  119     0.001922,    0.000062,    0.005674,    0.000992,    0.000290
  120    -0.000268,   -0.001487,    0.001722,   -0.000064,   -0.000456
  121     0.000925,   -0.001170,    0.003062,    0.000446,   -0.000314
  122     0.001851,   -0.000137,    0.001167,    0.000796,   -0.000037
  123    -0.001133,    0.001967,   -0.000628,   -0.000579,    0.000706
  124    -0.000766,    0.001332,   -0.001894,   -0.000161,    0.000318
  125     0.000597,   -0.000067,    0.000908,    0.000473,   -0.000010
  126     0.000337,   -0.000199,    0.001589,    0.000225,    0.000023
  127    -0.000007,   -0.000001,    0.000007,   -0.000005,    0.000001
  128     0.000035,   -0.000022,   -0.000006,    0.000010,   -0.000011
  129     0.001542,   -0.000170,   -0.001135,    0.000928,   -0.000296
  130     0.015448,   -0.001197,   -0.011927,    0.009523,   -0.002770
  131    -0.049084,    0.006079,    0.035427,   -0.028531,    0.008763
  132    -0.013630,   -0.000183,    0.011863,   -0.008437,    0.001788
  133     0.000103,    0.000045,   -0.000240,    0.000070,   -0.000003
  134     0.000069,    0.000018,   -0.000209,    0.000036,    0.000038
  135    -0.000267,   -0.000188,    0.000311,   -0.000135,   -0.000083
  136    -0.002429,   -0.001025,    0.005623,   -0.001634,    0.000079
  137    -0.001634,   -0.000407,    0.004920,   -0.000860,   -0.000877
  138     0.006283,    0.004398,   -0.007304,    0.003161,    0.001934
  139     0.013671,    0.004261,   -0.029045,    0.008844,   -0.000793
  140     0.009451,    0.003012,   -0.027467,    0.004897,    0.004859
  141    -0.034670,   -0.023024,    0.039770,   -0.017179,   -0.010034
  142     0.020562,    0.011818,   -0.056187,    0.014488,   -0.000138
  143     0.015833,   -0.000673,   -0.045462,    0.008303,    0.006438
  144    -0.060537,   -0.042026,    0.067263,   -0.030481,   -0.018358
  145     0.016831,   -0.000500,   -0.022946,    0.008894,   -0.001693
  146     0.007942,    0.004880,   -0.023586,    0.004176,    0.004439
  147    -0.032097,   -0.016361,    0.034601,   -0.014935,   -0.006902
  148    -0.000003,    0.000002,    0.000014,   -0.000001,    0.000000
  149     0.000011,   -0.000025,    0.000013,    0.000005,   -0.000010
  150    -0.000015,   -0.000004,   -0.000009,   -0.000007,   -0.000002
  151    -0.000009,    0.000002,   -0.000005,   -0.000002,   -0.000001
  152     0.000008,   -0.000017,    0.000002,    0.000003,   -0.000006
  153     0.000060,   -0.000180,   -0.000138,    0.000012,   -0.000041
  154    -0.000246,    0.000742,   -0.000506,   -0.000093,    0.000280
  155     0.000317,   -0.000053,    0.000366,    0.000141,    0.000014
  156     0.000303,   -0.000102,    0.000095,    0.000043,   -0.000017
  157    -0.000217,    0.000556,   -0.000154,   -0.000048,    0.000178
  158     0.000833,    0.001767,   -0.003210,    0.000444,    0.000358
  159    -0.001762,   -0.002268,    0.004259,   -0.000814,   -0.000722
  160     0.001867,    0.002319,   -0.003059,    0.000693,    0.000542
  161    -0.001808,    0.000777,    0.000979,   -0.000193,    0.000415
  162     0.000066,   -0.001894,    0.002182,   -0.000256,   -0.000518
  163     0.001960,    0.003689,   -0.009295,    0.000891,    0.001046
  164    -0.008327,    0.000695,    0.007279,   -0.003550,    0.000549
  165     0.007587,    0.005646,   -0.004888,    0.003060,    0.001799
  166    -0.001671,    0.001945,    0.002907,   -0.000269,    0.001022
  167    -0.001897,    0.000123,    0.005551,   -0.000979,    0.000310
  168     0.000251,   -0.001492,    0.001754,    0.000057,   -0.000456
  169     0.000942,    0.001164,   -0.003074,    0.000455,    0.000311
  170    -0.001847,   -0.000116,    0.001153,   -0.000795,   -0.000029
  171     0.001145,    0.001959,   -0.000626,    0.000583,    0.000702
  172    -0.000789,   -0.001329,    0.001902,   -0.000169,   -0.000318
  173    -0.000585,   -0.000047,    0.000866,   -0.000467,   -0.000003
  174     0.000344,    0.000167,   -0.001555,    0.000226,   -0.000033
  175    -0.000000,   -0.000012,    0.000013,   -0.000000,   -0.000016
  176     0.000000,    0.000106,   -0.000115,    0.000000,    0.000016
  177     0.000012,    0.003391,   -0.003686,    0.000010,    0.002779
  178     0.000113,    0.032633,   -0.035469,    0.000098,    0.028419
  179    -0.000366,   -0.105910,    0.115113,   -0.000285,   -0.082681
  180     0.000018,    0.005231,   -0.005685,   -0.000033,   -0.009548
  181     0.002887,   -0.000002,    0.000002,    0.001224,   -0.000001
  182    -0.000002,    0.002341,    0.000593,   -0.000001,    0.000930
  183     0.000002,    0.000593,    0.002242,    0.000001,    0.000319
  184    -0.067443,    0.000044,   -0.000048,   -0.028589,    0.000024
  185     0.000044,   -0.054596,   -0.013963,    0.000024,   -0.021711
  186    -0.000048,   -0.013963,   -0.052267,   -0.000026,   -0.007476
  187     0.351091,   -0.000246,    0.000268,    0.148908,   -0.000129
  188    -0.000246,    0.279797,    0.077489,   -0.000129,    0.111616
  189     0.000268,    0.077490,    0.266868,    0.000140,    0.040533
  190     0.643020,   -0.000399,    0.000433,    0.272498,   -0.000215
  191    -0.000399,    0.527580,    0.125470,   -0.000215,    0.210164
  192     0.000433,    0.125470,    0.506642,    0.000234,    0.067751
  193     0.272498,   -0.000215,    0.000234,    0.115846,   -0.000100
  194    -0.000215,    0.210164,    0.067751,   -0.000100,    0.086865
  195     0.000234,    0.067751,    0.198861,    0.000109,    0.031500
  196     0.000007,    0.000000,   -0.000000,    0.000003,    0.000000
  197    -0.000000,   -0.000029,    0.000037,    0.000000,   -0.000006
  198    -0.000000,    0.000001,   -0.000022,   -0.000000,   -0.000002
  199    -0.000023,   -0.000000,    0.000000,   -0.000009,    0.000000
  200    -0.000000,   -0.000028,    0.000003,   -0.000000,   -0.000009
  201    -0.000564,   -0.000008,    0.000004,   -0.000229,   -0.000002
  202     0.000004,    0.002004,   -0.002231,    0.000000,    0.000505
  203    -0.000000,   -0.000104,    0.001378,    0.000000,    0.000069
  204     0.000992,    0.000004,   -0.000008,    0.000400,    0.000000
  205     0.000001,    0.001488,   -0.000506,   -0.000000,    0.000460
  206     0.006405,    0.000055,   -0.000034,    0.002568,    0.000016
  207    -0.000034,   -0.017007,    0.017421,   -0.000007,   -0.004942
  208    -0.000000,   -0.000109,   -0.012067,   -0.000002,   -0.000709
  209    -0.007203,   -0.000034,    0.000060,   -0.002819,   -0.000007
  210     0.000006,   -0.011206,    0.004902,    0.000005,   -0.003578
  211     0.009559,    0.000058,   -0.000052,    0.003849,    0.000020
  212    -0.000052,   -0.022606,    0.021656,   -0.000019,   -0.008494
  213    -0.000001,   -0.000531,   -0.015855,   -0.000001,   -0.000393
  214    -0.007495,   -0.000052,    0.000075,   -0.002808,   -0.000019
  215     0.000020,   -0.013016,    0.007555,    0.000009,   -0.004804
  216     0.000017,   -0.003779,    0.001538,    0.000008,   -0.001275
  217    -0.004823,   -0.000043,    0.000045,   -0.001929,   -0.000014
  218     0.000010,    0.005275,   -0.010296,    0.000002,    0.001583
  219     0.000015,    0.004458,    0.001887,    0.000006,    0.001720
  220     0.002293,    0.000010,   -0.000036,    0.000865,    0.000002
  221    -0.000004,    0.008600,   -0.006475,   -0.000003,    0.002956
  222    -0.002934,   -0.000029,    0.000016,   -0.001208,   -0.000009
               195,         196,         197,         198,         199
    0     0.003841,   -0.000000,    0.000013,   -0.000005,    0.000000
    1     0.008908,   -0.000000,    0.000019,   -0.000007,    0.000000
    2    -0.019183,    0.000000,   -0.000011,    0.000004,   -0.000000
    3    -0.018723,    0.000000,   -0.000012,    0.000004,   -0.000000
    4     0.010316,   -0.000000,    0.000000,   -0.000000,    0.000000
    5     0.000136,   -0.000012,    0.000000,   -0.000000,   -0.000019
    6     0.039502,    0.000000,    0.000036,   -0.000007,    0.000000
    7    -0.038140,    0.000000,   -0.000023,    0.000014,   -0.000000
    8     0.000097,   -0.000008,    0.000000,   -0.000000,   -0.000013
    9     0.028215,    0.000000,    0.000026,   -0.000006,    0.000000
   10    -0.025389,    0.000000,   -0.000018,    0.000010,   -0.000000
   11    -0.000014,    0.000005,   -0.000000,   -0.000000,    0.000004
   12    -0.004106,   -0.000000,    0.000001,   -0.000003,   -0.000000
   13     0.010674,   -0.000000,   -0.000005,   -0.000001,   -0.000000
   14    -0.000019,   -0.000000,   -0.000000,    0.000000,   -0.000000
   15     0.002111,   -0.000000,    0.000001,   -0.000001,    0.000000
   16     0.001005,    0.000000,   -0.000001,    0.000000,   -0.000000
   17     0.000008,   -0.000000,    0.000000,   -0.000000,    0.000000
   18     0.002791,   -0.000000,    0.000001,   -0.000000,    0.000000
   19    -0.000030,   -0.000001,   -0.000000,   -0.000000,   -0.000001
   20    -0.000503,    0.000000,   -0.000001,   -0.000000,    0.000000
   21     0.005246,   -0.000000,    0.000000,   -0.000000,   -0.000000
   22    -0.000001,   -0.000002,    0.000000,   -0.000000,   -0.000002
   23     0.004380,    0.000000,    0.000001,    0.000001,   -0.000000
   24    -0.000429,   -0.000000,    0.000000,    0.000000,   -0.000000
   25    -0.000003,   -0.000000,   -0.000000,    0.000000,    0.000000
   26    -0.000597,   -0.000000,   -0.000000,    0.000000,    0.000000
   27     0.000888,    0.000000,    0.000000,    0.000000,    0.000000
   28    -0.000002,    0.000000,    0.000000,    0.000000,   -0.000000
   29     0.000358,   -0.000000,    0.000000,   -0.000000,    0.000000
   30    -0.000004,    0.000000,    0.000000,    0.000000,    0.000000
   31    -0.000003,   -0.000000,   -0.000000,   -0.000000,   -0.000000
   32     0.000015,   -0.000000,    0.000000,   -0.000000,    0.000000
   33     0.000616,    0.000000,    0.000001,    0.000001,    0.000000
   34     0.006027,    0.000000,    0.000006,    0.000015,    0.000000
   35    -0.018561,   -0.000000,   -0.000018,   -0.000042,   -0.000000
   36    -0.004615,   -0.000000,   -0.000002,   -0.000010,   -0.000000
   37    -0.000000,   -0.000000,   -0.000000,   -0.000000,   -0.000000
   38    -0.000025,   -0.000000,   -0.000000,   -0.000000,   -0.000000
   39     0.000052,   -0.000000,   -0.000000,    0.000000,   -0.000000
   40     0.000002,    0.000002,    0.000000,    0.000000,    0.000000
   41     0.000567,    0.000000,    0.000002,    0.000001,    0.000000
   42    -0.001208,    0.000000,    0.000003,   -0.000001,    0.000000
   43    -0.000010,   -0.000010,   -0.000000,   -0.000000,   -0.000002
   44    -0.002453,   -0.000000,   -0.000007,   -0.000003,   -0.000000
   45     0.006652,   -0.000000,   -0.000013,    0.000007,   -0.000000
   46    -0.000021,   -0.000019,   -0.000000,   -0.000000,   -0.000005
   47    -0.005510,   -0.000000,   -0.000016,   -0.000007,   -0.000000
   48     0.009273,   -0.000000,   -0.000025,    0.000012,   -0.000000
   49    -0.000001,   -0.000008,   -0.000000,   -0.000000,   -0.000002
   50     0.000239,   -0.000000,   -0.000005,   -0.000004,   -0.000000
   51     0.006218,   -0.000000,   -0.000008,    0.000004,   -0.000000
   52    -0.000000,   -0.000000,    0.000000,    0.000000,   -0.000000
   53     0.000011,   -0.000000,    0.000000,   -0.000000,    0.000000
   54    -0.000006,    0.000000,   -0.000000,    0.000000,   -0.000000
   55     0.000000,    0.000000,    0.000000,   -0.000000,    0.000000
   56     0.000004,   -0.000000,   -0.000000,   -0.000000,   -0.000000
   57     0.000001,    0.000000,   -0.000000,    0.000000,    0.000000
   58    -0.000351,    0.000000,   -0.000000,    0.000000,   -0.000000
   59     0.000139,   -0.000000,   -0.000000,   -0.000000,   -0.000000
   60    -0.000001,   -0.000000,   -0.000000,    0.000000,   -0.000000
   61    -0.000087,    0.000000,    0.000000,   -0.000000,    0.000000
   62     0.000001,    0.000001,    0.000000,    0.000000,    0.000001
   63     0.000936,   -0.000000,    0.000002,   -0.000001,    0.000000
   64    -0.000149,   -0.000000,    0.000000,   -0.000000,    0.000000
   65     0.000003,    0.000001,    0.000000,   -0.000000,    0.000001
   66    -0.000233,   -0.000000,   -0.000001,   -0.000000,    0.000000
   67     0.000010,    0.000002,   -0.000000,    0.000000,    0.000002
   68    -0.000393,    0.000000,    0.000003,    0.000000,    0.000000
   69     0.001442,   -0.000000,    0.000001,   -0.000001,    0.000000
   70    -0.000002,    0.000001,    0.000000,    0.000000,    0.000001
   71    -0.001621,   -0.000000,   -0.000001,   -0.000001,    0.000000
   72     0.000131,    0.000000,    0.000000,    0.000000,   -0.000000
   73    -0.000001,   -0.000000,   -0.000000,    0.000000,   -0.000000
   74    -0.000766,    0.000000,   -0.000001,    0.000000,   -0.000000
   75     0.000038,    0.000000,    0.000001,    0.000000,    0.000000
   76    -0.000002,    0.000000,   -0.000000,    0.000000,   -0.000000
   77     0.000204,   -0.000000,    0.000001,   -0.000000,    0.000000
   78     0.000001,    0.000000,    0.000000,    0.000000,    0.000000
   79     0.000003,   -0.000000,    0.000000,    0.000000,   -0.000000
   80     0.000003,   -0.000000,    0.000000,   -0.000000,    0.000000
   81    -0.000474,    0.000002,   -0.000001,   -0.000000,    0.000001
   82    -0.005152,    0.000018,   -0.000013,   -0.000004,    0.000012
   83     0.014932,   -0.000050,    0.000035,    0.000011,   -0.000035
   84     0.005286,   -0.000010,    0.000009,    0.000002,   -0.000006
   85     0.000091,    0.000000,    0.000000,   -0.000000,    0.000000
   86    -0.000117,    0.000000,    0.000000,    0.000000,    0.000000
   87     0.000164,    0.000000,    0.000000,    0.000000,    0.000000
   88    -0.002124,   -0.000001,   -0.000000,    0.000001,   -0.000002
   89     0.002753,   -0.000001,   -0.000002,   -0.000001,   -0.000002
   90    -0.003834,   -0.000001,   -0.000000,   -0.000000,   -0.000000
   91     0.010911,    0.000002,    0.000002,   -0.000006,    0.000010
   92    -0.014978,    0.000003,    0.000008,    0.000004,    0.000008
   93     0.020566,    0.000007,    0.000000,    0.000002,    0.000001
   94     0.021158,    0.000006,    0.000003,   -0.000012,    0.000020
   95    -0.025726,    0.000006,    0.000015,    0.000007,    0.000015
   96     0.035401,    0.000015,    0.000000,    0.000004,    0.000004
   97     0.008493,    0.000003,   -0.000001,   -0.000005,    0.000008
   98    -0.011983,    0.000002,    0.000005,    0.000004,    0.000006
   99     0.017008,    0.000007,    0.000000,    0.000001,    0.000001
  100    -0.000006,    0.000000,   -0.000000,   -0.000000,    0.000000
  101     0.000005,   -0.000000,    0.000000,    0.000000,   -0.000000
  102    -0.000003,   -0.000000,   -0.000000,   -0.000000,   -0.000000
  103     0.000001,    0.000000,    0.000000,    0.000000,    0.000000
  104     0.000000,   -0.000000,    0.000000,   -0.000000,   -0.000000
  105     0.000098,   -0.000000,   -0.000000,    0.000000,   -0.000000
  106    -0.000170,    0.000000,   -0.000000,    0.000000,   -0.000000
  107     0.000119,    0.000000,    0.000000,   -0.000000,    0.000000
  108    -0.000071,   -0.000000,   -0.000000,    0.000000,   -0.000000
  109    -0.000068,    0.000000,   -0.000000,    0.000000,   -0.000000
  110     0.000854,    0.000000,    0.000001,   -0.000000,    0.000000
  111     0.001454,    0.000000,    0.000001,   -0.000000,    0.000000
  112    -0.000901,    0.000000,   -0.000001,    0.000000,    0.000000
  113     0.000090,    0.000001,    0.000000,    0.000000,    0.000001
  114     0.001067,    0.000000,    0.000000,   -0.000001,    0.000000
  115     0.003196,    0.000001,    0.000002,   -0.000000,    0.000001
  116     0.002653,    0.000001,    0.000001,   -0.000000,    0.000000
  117    -0.001563,    0.000001,   -0.000001,    0.000001,    0.000001
  118    -0.000689,    0.000002,   -0.000001,   -0.000000,    0.000002
  119     0.002452,    0.000001,   -0.000000,   -0.000001,    0.000001
  120     0.000524,    0.000000,    0.000001,   -0.000000,    0.000000
  121     0.001048,    0.000000,    0.000001,   -0.000000,    0.000000
  122     0.000440,    0.000000,    0.000000,   -0.000000,    0.000000
  123    -0.000231,   -0.000000,   -0.000000,    0.000000,   -0.000000
  124    -0.000515,    0.000000,   -0.000000,    0.000000,    0.000000
  125     0.000579,    0.000000,   -0.000000,   -0.000000,    0.000001
  126     0.000729,    0.000000,   -0.000000,   -0.000000,    0.000000
  127     0.000003,    0.000000,    0.000000,    0.000000,    0.000000
  128     0.000003,    0.000000,    0.000000,   -0.000000,   -0.000000
  129    -0.000474,   -0.000002,   -0.000001,   -0.000000,   -0.000001
  130    -0.005149,   -0.000018,   -0.000013,   -0.000004,   -0.000012
  131     0.014923,    0.000050,    0.000035,    0.000012,    0.000035
  132     0.005283,    0.000010,    0.000009,    0.000002,    0.000006
  133    -0.000092,    0.000000,   -0.000000,    0.000000,    0.000000
  134    -0.000117,   -0.000000,    0.000000,    0.000000,   -0.000000
  135     0.000164,   -0.000000,    0.000000,    0.000000,   -0.000000
  136     0.002143,   -0.000001,    0.000000,   -0.000001,   -0.000002
  137     0.002739,    0.000001,   -0.000002,   -0.000001,    0.000002
  138    -0.003833,    0.000001,   -0.000000,   -0.000000,    0.000000
  139    -0.011012,    0.000002,   -0.000002,    0.000006,    0.000010
  140    -0.014904,   -0.000003,    0.000008,    0.000004,   -0.000008
  141     0.020558,   -0.000007,    0.000000,    0.000002,   -0.000001
  142    -0.021333,    0.000006,   -0.000003,    0.000012,    0.000020
  143    -0.025584,   -0.000006,    0.000015,    0.000007,   -0.000015
  144     0.035385,   -0.000015,    0.000000,    0.000004,   -0.000004
  145    -0.008574,    0.000003,    0.000001,    0.000005,    0.000008
  146    -0.011925,   -0.000002,    0.000005,    0.000004,   -0.000006
  147     0.017001,   -0.000007,    0.000000,    0.000001,   -0.000001
  148     0.000006,    0.000000,    0.000000,    0.000000,    0.000000
  149     0.000005,    0.000000,    0.000000,    0.000000,    0.000000
  150    -0.000003,    0.000000,   -0.000000,   -0.000000,    0.000000
  151    -0.000001,    0.000000,   -0.000000,   -0.000000,    0.000000
  152     0.000000,    0.000000,    0.000000,   -0.000000,    0.000000
  153    -0.000097,   -0.000000,    0.000000,   -0.000000,   -0.000000
  154    -0.000171,   -0.000000,   -0.000000,    0.000000,    0.000000
  155     0.000119,   -0.000000,    0.000000,   -0.000000,   -0.000000
  156     0.000070,   -0.000000,    0.000000,   -0.000000,   -0.000000
  157    -0.000069,   -0.000000,   -0.000000,    0.000000,    0.000000
  158    -0.000868,    0.000000,   -0.000001,    0.000000,    0.000000
  159     0.001454,   -0.000000,    0.000001,   -0.000000,   -0.000000
  160    -0.000901,   -0.000000,   -0.000001,    0.000000,   -0.000000
  161    -0.000080,    0.000001,   -0.000000,   -0.000000,    0.000001
  162     0.001056,   -0.000000,    0.000000,   -0.000001,   -0.000000
  163    -0.003229,    0.000001,   -0.000002,    0.000000,    0.000001
  164     0.002646,   -0.000001,    0.000001,   -0.000000,   -0.000000
  165    -0.001561,   -0.000001,   -0.000001,    0.000001,   -0.000001
  166     0.000708,    0.000002,    0.000001,    0.000000,    0.000002
  167     0.002409,   -0.000001,   -0.000000,   -0.000001,   -0.000001
  168     0.000539,   -0.000000,    0.000001,   -0.000000,   -0.000000
  169    -0.001055,    0.000000,   -0.000001,    0.000000,    0.000000
  170     0.000436,   -0.000000,    0.000000,   -0.000000,   -0.000000
  171    -0.000231,    0.000000,   -0.000000,    0.000000,    0.000000
  172     0.000518,    0.000000,    0.000000,   -0.000000,    0.000000
  173     0.000564,   -0.000000,   -0.000000,   -0.000000,   -0.000001
  174    -0.000719,    0.000000,    0.000000,    0.000000,    0.000000
  175     0.000018,    0.000000,   -0.000000,    0.000000,   -0.000000
  176    -0.000017,    0.000000,   -0.000000,    0.000000,   -0.000000
  177    -0.003020,   -0.000000,    0.000002,   -0.000001,    0.000000
  178    -0.030889,   -0.000000,    0.000025,   -0.000009,    0.000000
  179     0.089865,    0.000000,   -0.000063,    0.000023,   -0.000000
  180     0.010378,    0.000000,   -0.000021,    0.000008,   -0.000000
  181     0.000001,    0.000000,   -0.000000,   -0.000000,   -0.000000
  182     0.000319,    0.000000,   -0.000000,    0.000000,   -0.000000
  183     0.000877,   -0.000000,    0.000000,   -0.000000,    0.000000
  184    -0.000026,   -0.000001,    0.000000,    0.000000,    0.000002
  185    -0.007476,   -0.000000,    0.000003,   -0.000000,    0.000000
  186    -0.020464,    0.000000,   -0.000004,    0.000002,   -0.000000
  187     0.000140,    0.000004,   -0.000000,   -0.000000,   -0.000012
  188     0.040533,    0.000000,   -0.000015,    0.000000,   -0.000000
  189     0.104855,   -0.000000,    0.000019,   -0.000012,    0.000000
  190     0.000234,    0.000007,   -0.000000,   -0.000000,   -0.000023
  191     0.067751,    0.000000,   -0.000029,    0.000001,   -0.000000
  192     0.198861,   -0.000000,    0.000037,   -0.000022,    0.000000
  193     0.000109,    0.000003,    0.000000,   -0.000000,   -0.000009
  194     0.031500,    0.000000,   -0.000006,   -0.000002,    0.000000
  195     0.081611,    0.000000,    0.000009,   -0.000007,    0.000000
  196     0.000000,    0.000000,   -0.000000,    0.000000,    0.000000
  197     0.000009,   -0.000000,    0.000000,   -0.000000,    0.000000
  198    -0.000007,    0.000000,   -0.000000,    0.000000,   -0.000000
  199     0.000000,    0.000000,    0.000000,   -0.000000,    0.000000
  200    -0.000002,   -0.000000,    0.000000,   -0.000000,    0.000000
  201     0.000000,   -0.000000,    0.000000,   -0.000000,   -0.000000
  202    -0.000569,    0.000000,   -0.000001,    0.000000,   -0.000000
  203     0.000437,   -0.000000,    0.000000,   -0.000000,    0.000000
  204    -0.000002,   -0.000000,   -0.000000,    0.000000,   -0.000000
  205    -0.000053,    0.000000,   -0.000000,    0.000000,   -0.000000
  206    -0.000007,   -0.000000,   -0.000000,    0.000000,   -0.000000
  207     0.004917,   -0.000000,    0.000005,   -0.000002,    0.000000
  208    -0.004077,    0.000000,   -0.000002,    0.000001,   -0.000000
  209     0.000017,    0.000000,    0.000000,   -0.000000,    0.000001
  210     0.001061,   -0.000000,    0.000002,   -0.000001,    0.000000
  211    -0.000019,   -0.000001,   -0.000000,    0.000000,   -0.000001
  212     0.007973,   -0.000000,    0.000002,   -0.000001,    0.000000
  213    -0.006076,   -0.000000,   -0.000002,   -0.000000,   -0.000000
  214     0.000028,    0.000001,    0.000000,   -0.000000,    0.000001
  215     0.002843,   -0.000000,    0.000001,   -0.000001,   -0.000000
  216     0.000419,   -0.000000,    0.000000,   -0.000000,   -0.000000
  217     0.000014,    0.000000,    0.000000,   -0.000000,    0.000000
  218    -0.003510,    0.000000,   -0.000002,    0.000001,   -0.000000
  219     0.000876,    0.000000,   -0.000000,    0.000000,   -0.000000
  220    -0.000012,   -0.000000,   -0.000000,    0.000000,   -0.000000
  221    -0.002088,    0.000000,   -0.000001,    0.000001,   -0.000000
  222     0.000004,    0.000000,    0.000000,   -0.000000,    0.000000
               200,         201,         202,         203,         204
    0     0.000006,    0.000001,   -0.000416,    0.000150,   -0.000001
    1     0.000009,    0.000003,   -0.000844,    0.000305,   -0.000003
    2    -0.000005,   -0.000004,    0.001390,   -0.000503,    0.000005
    3    -0.000006,   -0.000004,    0.001388,   -0.000502,    0.000005
    4     0.000000,    0.000000,   -0.000045,    0.000016,   -0.000000
    5    -0.000000,    0.000072,   -0.000008,    0.000003,    0.000784
    6    -0.000001,    0.000001,   -0.001694,    0.000712,   -0.000008
    7    -0.000027,   -0.000008,    0.001476,   -0.000443,    0.000005
    8    -0.000000,    0.000022,   -0.000006,    0.000002,    0.000560
    9    -0.000000,    0.000001,   -0.001259,    0.000549,   -0.000006
   10    -0.000020,   -0.000006,    0.001126,   -0.000322,    0.000004
   11     0.000000,   -0.000133,    0.000000,    0.000000,   -0.000076
   12     0.000005,    0.000001,   -0.000051,    0.000105,    0.000000
   13     0.000001,    0.000000,    0.000170,    0.000017,    0.000001
   14    -0.000000,    0.000012,    0.000000,   -0.000000,   -0.000005
   15     0.000001,    0.000000,   -0.000075,    0.000035,   -0.000000
   16    -0.000000,   -0.000000,    0.000031,   -0.000003,    0.000000
   17     0.000000,    0.000005,   -0.000000,    0.000000,   -0.000012
   18     0.000000,    0.000000,   -0.000035,    0.000002,   -0.000000
   19     0.000000,    0.000037,    0.000000,    0.000000,    0.000005
   20     0.000001,   -0.000000,    0.000033,    0.000008,   -0.000000
   21     0.000000,   -0.000000,   -0.000002,    0.000027,    0.000000
   22    -0.000000,    0.000030,   -0.000000,    0.000000,    0.000063
   23    -0.000002,   -0.000000,   -0.000023,   -0.000013,   -0.000000
   24     0.000000,    0.000000,   -0.000008,   -0.000001,    0.000000
   25    -0.000000,    0.000002,    0.000000,   -0.000000,   -0.000007
   26     0.000000,    0.000000,   -0.000000,   -0.000004,   -0.000000
   27    -0.000000,   -0.000000,    0.000000,    0.000002,    0.000000
   28     0.000000,   -0.000004,   -0.000000,   -0.000000,    0.000002
   29    -0.000000,    0.000000,   -0.000012,    0.000007,   -0.000000
   30     0.000000,   -0.000001,   -0.000000,   -0.000000,   -0.000005
   31     0.000000,    0.000000,    0.000000,    0.000000,    0.000000
   32    -0.000000,   -0.000000,    0.000000,    0.000000,    0.000000
   33    -0.000002,   -0.000000,   -0.000009,   -0.000043,   -0.000000
   34    -0.000020,   -0.000003,   -0.000096,   -0.000452,   -0.000000
   35     0.000057,    0.000009,    0.000276,    0.001227,    0.000000
   36     0.000011,    0.000002,    0.000014,    0.000323,   -0.000000
   37    -0.000000,    0.000002,    0.000000,   -0.000000,    0.000001
   38     0.000000,    0.000000,    0.000002,   -0.000001,    0.000000
   39     0.000000,    0.000000,    0.000003,   -0.000002,    0.000000
   40     0.000000,   -0.000043,   -0.000000,    0.000000,   -0.000012
   41    -0.000001,   -0.000000,   -0.000050,    0.000018,   -0.000000
   42    -0.000002,   -0.000000,   -0.000075,    0.000043,   -0.000000
   43    -0.000000,    0.000218,    0.000001,   -0.000000,    0.000052
   44     0.000006,    0.000001,    0.000260,   -0.000092,    0.000001
   45     0.000008,    0.000001,    0.000368,   -0.000217,    0.000001
   46    -0.000000,    0.000417,    0.000001,   -0.000000,    0.000126
   47     0.000015,    0.000002,    0.000520,   -0.000156,    0.000001
   48     0.000015,    0.000002,    0.000750,   -0.000410,    0.000003
   49    -0.000000,    0.000182,    0.000001,    0.000000,    0.000032
   50     0.000006,    0.000000,    0.000227,   -0.000003,    0.000001
   51     0.000007,    0.000001,    0.000215,   -0.000120,    0.000001
   52    -0.000000,    0.000000,   -0.000000,    0.000000,    0.000000
   53     0.000000,    0.000000,   -0.000000,    0.000000,   -0.000000
   54    -0.000000,   -0.000000,    0.000000,   -0.000000,    0.000000
   55     0.000000,   -0.000000,   -0.000000,    0.000000,   -0.000000
   56     0.000000,    0.000000,    0.000000,   -0.000000,    0.000000
   57     0.000000,   -0.000000,    0.000000,   -0.000000,    0.000000
   58    -0.000000,   -0.000000,    0.000010,   -0.000007,    0.000000
   59     0.000000,   -0.000000,    0.000001,    0.000002,    0.000000
   60    -0.000000,    0.000002,    0.000000,   -0.000000,    0.000004
   61    -0.000000,   -0.000000,   -0.000000,    0.000003,   -0.000000
   62    -0.000000,   -0.000005,    0.000000,    0.000000,   -0.000024
   63     0.000000,    0.000000,   -0.000076,    0.000037,   -0.000000
   64     0.000001,    0.000000,   -0.000036,    0.000004,   -0.000000
   65     0.000000,   -0.000009,   -0.000000,    0.000000,   -0.000020
   66     0.000001,    0.000000,   -0.000016,   -0.000014,   -0.000000
   67    -0.000000,   -0.000028,    0.000000,   -0.000000,   -0.000063
   68    -0.000001,    0.000000,   -0.000112,    0.000012,   -0.000000
   69     0.000002,    0.000000,   -0.000053,    0.000027,   -0.000000
   70     0.000000,   -0.000011,   -0.000000,    0.000000,   -0.000017
   71     0.000003,    0.000000,   -0.000009,    0.000003,   -0.000000
   72    -0.000001,   -0.000000,    0.000008,    0.000003,    0.000000
   73    -0.000000,    0.000006,    0.000000,   -0.000000,    0.000012
   74    -0.000000,   -0.000000,    0.000034,   -0.000012,    0.000000
   75    -0.000000,   -0.000000,   -0.000021,    0.000006,   -0.000000
   76    -0.000000,   -0.000000,    0.000000,   -0.000000,    0.000001
   77    -0.000000,   -0.000000,   -0.000032,    0.000013,   -0.000000
   78    -0.000000,   -0.000005,    0.000000,    0.000000,   -0.000016
   79    -0.000000,    0.000000,   -0.000000,   -0.000000,    0.000000
   80     0.000000,    0.000000,    0.000000,   -0.000000,   -0.000000
   81     0.000001,   -0.000045,    0.000037,    0.000010,   -0.000026
   82     0.000006,   -0.000477,    0.000380,    0.000106,   -0.000260
   83    -0.000017,    0.001316,   -0.001065,   -0.000278,    0.000778
   84    -0.000002,    0.000302,   -0.000255,   -0.000072,    0.000099
   85     0.000000,   -0.000000,   -0.000001,    0.000001,   -0.000003
   86     0.000000,   -0.000001,   -0.000002,   -0.000001,   -0.000002
   87    -0.000000,   -0.000001,   -0.000000,   -0.000001,   -0.000001
   88    -0.000002,    0.000000,    0.000024,   -0.000022,    0.000069
   89    -0.000001,    0.000012,    0.000043,    0.000013,    0.000037
   90     0.000000,    0.000023,    0.000004,    0.000016,    0.000029
   91     0.000011,    0.000005,   -0.000127,    0.000113,   -0.000344
   92     0.000004,   -0.000060,   -0.000208,   -0.000073,   -0.000188
   93    -0.000001,   -0.000118,   -0.000038,   -0.000079,   -0.000132
   94     0.000022,   -0.000028,   -0.000232,    0.000225,   -0.000695
   95     0.000008,   -0.000121,   -0.000433,   -0.000117,   -0.000358
   96    -0.000002,   -0.000249,   -0.000037,   -0.000154,   -0.000309
   97     0.000008,   -0.000040,   -0.000050,    0.000108,   -0.000244
   98     0.000003,   -0.000053,   -0.000105,   -0.000084,   -0.000143
   99    -0.000001,   -0.000132,   -0.000055,   -0.000035,   -0.000080
  100     0.000000,   -0.000000,    0.000000,    0.000000,   -0.000000
  101     0.000000,    0.000000,   -0.000000,    0.000000,   -0.000000
  102     0.000000,    0.000000,    0.000000,   -0.000000,    0.000000
  103     0.000000,    0.000000,   -0.000000,   -0.000000,   -0.000000
  104     0.000000,    0.000000,   -0.000000,    0.000000,   -0.000000
  105    -0.000000,   -0.000000,    0.000003,   -0.000001,    0.000002
  106    -0.000000,   -0.000001,    0.000006,   -0.000002,    0.000001
  107     0.000000,   -0.000000,   -0.000005,    0.000001,   -0.000001
  108    -0.000000,   -0.000001,    0.000001,    0.000002,    0.000007
  109    -0.000000,   -0.000002,    0.000003,   -0.000000,    0.000003
  110     0.000000,   -0.000002,   -0.000052,    0.000019,   -0.000013
  111     0.000000,   -0.000003,   -0.000045,    0.000016,   -0.000007
  112    -0.000001,    0.000001,    0.000044,   -0.000016,   -0.000009
  113     0.000000,    0.000003,    0.000021,   -0.000020,   -0.000054
  114     0.000001,    0.000007,   -0.000008,   -0.000001,   -0.000020
  115    -0.000000,   -0.000010,   -0.000089,    0.000029,   -0.000016
  116    -0.000000,   -0.000023,   -0.000053,    0.000025,   -0.000010
  117    -0.000002,   -0.000005,    0.000052,   -0.000029,   -0.000033
  118     0.000001,   -0.000029,    0.000047,   -0.000015,   -0.000077
  119     0.000002,   -0.000017,    0.000003,    0.000013,   -0.000029
  120     0.000000,   -0.000000,   -0.000024,    0.000007,   -0.000007
  121     0.000000,   -0.000004,   -0.000031,    0.000011,   -0.000009
  122    -0.000000,   -0.000004,   -0.000008,    0.000003,   -0.000000
  123    -0.000000,    0.000002,    0.000010,   -0.000002,    0.000010
  124    -0.000000,   -0.000004,    0.000026,   -0.000012,   -0.000019
  125     0.000000,   -0.000003,    0.000009,   -0.000004,   -0.000022
  126     0.000001,   -0.000001,   -0.000000,    0.000001,   -0.000007
  127    -0.000000,   -0.000000,   -0.000000,   -0.000000,   -0.000000
  128     0.000000,   -0.000000,    0.000000,   -0.000000,    0.000000
  129     0.000001,    0.000046,    0.000037,    0.000010,    0.000026
  130     0.000005,    0.000478,    0.000378,    0.000106,    0.000263
  131    -0.000016,   -0.001319,   -0.001060,   -0.000279,   -0.000784
  132    -0.000002,   -0.000302,   -0.000255,   -0.000072,   -0.000100
  133    -0.000000,   -0.000000,    0.000001,   -0.000001,   -0.000003
  134     0.000000,    0.000001,   -0.000002,   -0.000001,    0.000002
  135    -0.000000,    0.000001,   -0.000000,   -0.000001,    0.000001
  136     0.000002,    0.000001,   -0.000024,    0.000022,    0.000069
  137    -0.000001,   -0.000012,    0.000044,    0.000012,   -0.000037
  138     0.000000,   -0.000023,    0.000005,    0.000016,   -0.000029
  139    -0.000011,    0.000000,    0.000127,   -0.000114,   -0.000342
  140     0.000004,    0.000062,   -0.000210,   -0.000072,    0.000189
  141    -0.000002,    0.000118,   -0.000039,   -0.000079,    0.000131
  142    -0.000022,   -0.000036,    0.000234,   -0.000226,   -0.000691
  143     0.000008,    0.000124,   -0.000437,   -0.000115,    0.000359
  144    -0.000002,    0.000250,   -0.000039,   -0.000153,    0.000309
  145    -0.000008,   -0.000043,    0.000050,   -0.000109,   -0.000243
  146     0.000003,    0.000054,   -0.000106,   -0.000083,    0.000144
  147    -0.000001,    0.000132,   -0.000055,   -0.000035,    0.000079
  148    -0.000000,   -0.000000,   -0.000000,   -0.000000,   -0.000000
  149     0.000000,   -0.000000,   -0.000000,    0.000000,    0.000000
  150     0.000000,   -0.000000,    0.000000,   -0.000000,   -0.000000
  151    -0.000000,    0.000000,    0.000000,    0.000000,   -0.000000
  152     0.000000,   -0.000000,   -0.000000,    0.000000,    0.000000
  153     0.000000,   -0.000000,   -0.000003,    0.000001,    0.000002
  154    -0.000000,    0.000001,    0.000006,   -0.000002,   -0.000001
  155     0.000000,    0.000000,   -0.000005,    0.000001,    0.000001
  156     0.000000,   -0.000001,   -0.000001,   -0.000002,    0.000007
  157    -0.000000,    0.000002,    0.000003,   -0.000000,   -0.000003
  158    -0.000000,   -0.000002,    0.000052,   -0.000019,   -0.000013
  159     0.000000,    0.000003,   -0.000044,    0.000016,    0.000007
  160    -0.000001,   -0.000001,    0.000043,   -0.000016,    0.000009
  161    -0.000000,    0.000003,   -0.000021,    0.000020,   -0.000054
  162     0.000001,   -0.000006,   -0.000007,   -0.000001,    0.000020
  163     0.000000,   -0.000011,    0.000089,   -0.000029,   -0.000016
  164    -0.000000,    0.000023,   -0.000053,    0.000025,    0.000010
  165    -0.000002,    0.000004,    0.000052,   -0.000029,    0.000034
  166    -0.000001,   -0.000029,   -0.000047,    0.000015,   -0.000078
  167     0.000002,    0.000018,    0.000004,    0.000013,    0.000028
  168     0.000000,    0.000001,   -0.000024,    0.000007,    0.000007
  169    -0.000000,   -0.000004,    0.000031,   -0.000011,   -0.000009
  170    -0.000000,    0.000004,   -0.000008,    0.000003,    0.000000
  171    -0.000000,   -0.000002,    0.000010,   -0.000002,   -0.000010
  172     0.000000,   -0.000003,   -0.000026,    0.000012,   -0.000019
  173     0.000000,    0.000003,    0.000009,   -0.000004,    0.000022
  174    -0.000001,   -0.000001,    0.000000,   -0.000001,   -0.000007
  175    -0.000000,   -0.000000,    0.000001,   -0.000000,    0.000000
  176    -0.000000,   -0.000000,    0.000003,   -0.000001,    0.000000
  177     0.000001,    0.000000,   -0.000104,    0.000038,   -0.000000
  178     0.000011,    0.000004,   -0.001152,    0.000417,   -0.000004
  179    -0.000029,   -0.000009,    0.002896,   -0.001050,    0.000010
  180    -0.000010,   -0.000003,    0.001076,   -0.000390,    0.000004
  181    -0.000000,   -0.000003,    0.000000,   -0.000000,    0.000004
  182    -0.000000,   -0.000000,    0.000009,   -0.000000,    0.000000
  183     0.000000,    0.000000,   -0.000010,    0.000006,   -0.000000
  184     0.000000,    0.000060,   -0.000000,    0.000000,   -0.000102
  185     0.000003,    0.000001,   -0.000209,    0.000010,   -0.000000
  186    -0.000000,   -0.000000,    0.000232,   -0.000144,    0.000001
  187    -0.000000,   -0.000314,    0.000002,   -0.000000,    0.000525
  188    -0.000015,   -0.000004,    0.001036,   -0.000034,    0.000002
  189     0.000002,    0.000002,   -0.001144,    0.000727,   -0.000004
  190    -0.000000,   -0.000564,    0.000004,   -0.000000,    0.000992
  191    -0.000028,   -0.000008,    0.002004,   -0.000104,    0.000004
  192     0.000003,    0.000004,   -0.002231,    0.001378,   -0.000008
  193    -0.000000,   -0.000229,    0.000000,    0.000000,    0.000400
  194    -0.000009,   -0.000002,    0.000505,    0.000069,    0.000000
  195    -0.000002,    0.000000,   -0.000569,    0.000437,   -0.000002
  196    -0.000000,   -0.000000,    0.000000,   -0.000000,   -0.000000
  197     0.000000,    0.000000,   -0.000001,    0.000000,   -0.000000
  198    -0.000000,   -0.000000,    0.000000,   -0.000000,    0.000000
  199     0.000000,   -0.000000,   -0.000000,    0.000000,   -0.000000
  200     0.000000,    0.000000,   -0.000000,    0.000000,   -0.000000
  201     0.000000,    0.000003,   -0.000000,    0.000000,    0.000001
  202    -0.000000,   -0.000000,    0.000041,   -0.000014,    0.000000
  203     0.000000,    0.000000,   -0.000014,    0.000008,   -0.000000
  204    -0.000000,    0.000001,    0.000000,   -0.000000,    0.000005
  205    -0.000000,   -0.000000,    0.000016,   -0.000006,    0.000000
  206    -0.000000,   -0.000008,    0.000001,   -0.000000,    0.000019
  207     0.000002,    0.000001,   -0.000275,    0.000097,   -0.000001
  208    -0.000000,   -0.000000,    0.000104,   -0.000053,    0.000000
  209     0.000000,    0.000002,   -0.000001,    0.000000,   -0.000033
  210     0.000002,    0.000000,   -0.000119,    0.000036,   -0.000000
  211    -0.000000,    0.000015,    0.000000,   -0.000000,    0.000055
  212     0.000002,    0.000001,   -0.000187,    0.000071,   -0.000001
  213     0.000001,    0.000000,    0.000093,   -0.000037,    0.000000
  214     0.000000,   -0.000000,   -0.000001,    0.000000,   -0.000038
  215     0.000001,    0.000001,   -0.000085,    0.000022,    0.000000
  216     0.000000,    0.000000,   -0.000033,    0.000008,    0.000000
  217     0.000000,    0.000001,   -0.000001,    0.000000,   -0.000021
  218    -0.000000,   -0.000000,    0.000102,   -0.000042,    0.000000
  219    -0.000001,   -0.000000,    0.000010,    0.000001,    0.000000
  220    -0.000000,   -0.000002,    0.000000,   -0.000000,    0.000011
  221    -0.000001,   -0.000000,    0.000088,   -0.000029,    0.000000
  222     0.000000,   -0.000000,   -0.000000,    0.000000,   -0.000011
               205,         206,         207,         208,         209
    0    -0.000191,   -0.000011,    0.003402,   -0.001231,    0.000012
    1    -0.000388,   -0.000023,    0.007326,   -0.002651,    0.000025
    2     0.000640,    0.000043,   -0.013485,    0.004880,   -0.000047
    3     0.000638,    0.000042,   -0.013349,    0.004831,   -0.000046
    4    -0.000021,   -0.000005,    0.001504,   -0.000544,    0.000005
    5    -0.000000,    0.003399,    0.000058,   -0.000027,   -0.006124
    6    -0.000171,   -0.000023,    0.010920,   -0.007728,    0.000058
    7     0.001239,    0.000058,   -0.011495,    0.000686,   -0.000040
    8    -0.000001,    0.002599,    0.000043,   -0.000020,   -0.004480
    9    -0.000154,   -0.000017,    0.008029,   -0.005753,    0.000043
   10     0.000910,    0.000043,   -0.008523,    0.000464,   -0.000030
   11    -0.000001,    0.000379,   -0.000001,   -0.000001,    0.000163
   12    -0.000122,   -0.000003,   -0.000041,   -0.000241,   -0.000001
   13    -0.000012,   -0.000001,   -0.000259,   -0.000141,   -0.000001
   14     0.000000,   -0.000074,   -0.000002,    0.000000,    0.000134
   15    -0.000032,   -0.000001,    0.000550,   -0.000264,    0.000002
   16     0.000011,    0.000001,   -0.000196,   -0.000004,   -0.000001
   17    -0.000000,   -0.000037,    0.000002,   -0.000001,    0.000091
   18    -0.000025,   -0.000002,    0.000241,   -0.000006,    0.000002
   19    -0.000000,   -0.000133,   -0.000000,    0.000002,    0.000228
   20    -0.000015,   -0.000001,   -0.000167,    0.000086,    0.000001
   21     0.000008,    0.000002,    0.000072,   -0.000345,    0.000000
   22     0.000000,    0.000264,    0.000001,    0.000000,   -0.000472
   23     0.000062,    0.000001,   -0.000061,   -0.000286,    0.000001
   24    -0.000004,    0.000000,    0.000047,   -0.000020,   -0.000000
   25     0.000000,   -0.000026,   -0.000001,    0.000000,    0.000024
   26    -0.000003,   -0.000000,    0.000012,    0.000008,   -0.000000
   27     0.000008,    0.000000,   -0.000019,   -0.000038,   -0.000000
   28    -0.000000,    0.000001,    0.000000,    0.000000,    0.000013
   29    -0.000004,   -0.000000,    0.000088,   -0.000039,    0.000000
   30    -0.000000,   -0.000024,    0.000000,   -0.000000,    0.000031
   31    -0.000000,   -0.000000,    0.000000,   -0.000001,    0.000000
   32     0.000000,    0.000000,   -0.000003,   -0.000003,   -0.000000
   33     0.000049,    0.000001,   -0.000066,    0.000102,   -0.000000
   34     0.000497,    0.000010,   -0.000621,    0.001130,   -0.000003
   35    -0.001434,   -0.000030,    0.001983,   -0.002704,    0.000008
   36    -0.000258,   -0.000003,    0.000383,   -0.001196,    0.000002
   37     0.000000,    0.000003,   -0.000000,    0.000000,    0.000000
   38    -0.000002,   -0.000000,   -0.000011,    0.000026,   -0.000000
   39    -0.000002,    0.000000,   -0.000007,    0.000002,   -0.000000
   40    -0.000000,   -0.000079,    0.000001,   -0.000002,   -0.000008
   41     0.000054,    0.000003,    0.000253,   -0.000601,    0.000001
   42     0.000036,   -0.000001,    0.000162,   -0.000041,    0.000001
   43     0.000001,    0.000382,   -0.000005,    0.000010,    0.000102
   44    -0.000247,   -0.000017,   -0.001451,    0.003013,   -0.000006
   45    -0.000187,    0.000005,   -0.000730,    0.000141,   -0.000003
   46     0.000001,    0.000750,   -0.000008,    0.000019,    0.000013
   47    -0.000561,   -0.000035,   -0.002511,    0.005908,   -0.000009
   48    -0.000349,    0.000009,   -0.001794,    0.000531,   -0.000006
   49     0.000001,    0.000204,   -0.000005,    0.000006,    0.000171
   50    -0.000172,   -0.000010,   -0.001448,    0.001786,   -0.000006
   51    -0.000176,    0.000003,   -0.000230,   -0.000223,   -0.000001
   52     0.000000,    0.000000,   -0.000000,   -0.000000,   -0.000000
   53    -0.000000,    0.000000,    0.000001,   -0.000001,    0.000000
   54     0.000000,    0.000000,   -0.000001,    0.000001,   -0.000000
   55    -0.000000,   -0.000000,    0.000000,   -0.000000,    0.000001
   56    -0.000000,   -0.000000,    0.000000,    0.000001,   -0.000000
   57    -0.000000,    0.000004,    0.000000,    0.000000,   -0.000002
   58    -0.000000,   -0.000000,   -0.000048,    0.000061,   -0.000000
   59     0.000001,    0.000000,   -0.000000,   -0.000023,   -0.000000
   60     0.000000,    0.000013,   -0.000000,    0.000000,   -0.000030
   61     0.000006,    0.000000,   -0.000029,   -0.000049,   -0.000000
   62     0.000000,   -0.000114,   -0.000003,   -0.000002,    0.000163
   63    -0.000002,    0.000000,    0.000349,   -0.000333,    0.000001
   64    -0.000035,   -0.000002,    0.000284,    0.000088,    0.000001
   65    -0.000000,   -0.000060,    0.000001,   -0.000001,    0.000116
   66    -0.000060,   -0.000004,    0.000329,    0.000301,    0.000002
   67     0.000000,   -0.000207,   -0.000004,   -0.000002,    0.000388
   68     0.000001,   -0.000001,    0.000590,   -0.000248,    0.000002
   69    -0.000071,   -0.000003,    0.000539,    0.000003,    0.000002
   70    -0.000000,   -0.000016,    0.000002,   -0.000001,    0.000017
   71    -0.000097,   -0.000006,    0.000321,    0.000304,    0.000004
   72     0.000031,    0.000002,   -0.000138,   -0.000124,   -0.000002
   73    -0.000000,    0.000037,   -0.000001,    0.000001,   -0.000067
   74     0.000024,    0.000001,   -0.000254,    0.000022,   -0.000001
   75     0.000007,    0.000000,    0.000085,   -0.000098,    0.000000
   76     0.000000,   -0.000005,   -0.000001,    0.000000,    0.000012
   77     0.000008,    0.000001,    0.000140,   -0.000146,    0.000000
   78     0.000000,   -0.000068,   -0.000002,   -0.000001,    0.000114
   79     0.000000,   -0.000001,    0.000001,    0.000000,   -0.000000
   80    -0.000000,   -0.000003,   -0.000002,    0.000003,    0.000003
   81    -0.000010,    0.000083,   -0.000158,    0.000018,    0.000066
   82    -0.000099,    0.000921,   -0.001590,    0.000123,    0.000608
   83     0.000301,   -0.002235,    0.004666,   -0.000694,   -0.002159
   84     0.000017,   -0.000856,    0.000942,    0.000187,    0.000140
   85    -0.000003,   -0.000006,    0.000009,    0.000005,    0.000016
   86    -0.000001,    0.000001,    0.000004,   -0.000006,   -0.000007
   87    -0.000000,   -0.000010,    0.000001,    0.000006,    0.000021
   88     0.000069,    0.000149,   -0.000214,   -0.000113,   -0.000377
   89     0.000022,   -0.000026,   -0.000092,    0.000132,    0.000161
   90     0.000005,    0.000223,   -0.000029,   -0.000142,   -0.000488
   91    -0.000343,   -0.000716,    0.001151,    0.000496,    0.001842
   92    -0.000114,    0.000140,    0.000368,   -0.000617,   -0.000852
   93    -0.000026,   -0.001089,    0.000296,    0.000654,    0.002405
   94    -0.000698,   -0.001472,    0.002174,    0.001098,    0.003792
   95    -0.000214,    0.000244,    0.001052,   -0.001324,   -0.001503
   96    -0.000055,   -0.002158,    0.000225,    0.001411,    0.004846
   97    -0.000240,   -0.000207,    0.000793,    0.000095,    0.001096
   98    -0.000064,    0.000161,   -0.000029,   -0.000314,   -0.000705
   99    -0.000031,   -0.000527,    0.000508,    0.000250,    0.001553
  100    -0.000000,   -0.000000,   -0.000000,    0.000000,    0.000000
  101    -0.000000,   -0.000000,    0.000001,   -0.000000,    0.000000
  102    -0.000000,    0.000000,   -0.000000,    0.000000,   -0.000000
  103    -0.000000,   -0.000001,    0.000000,    0.000000,    0.000001
  104    -0.000000,   -0.000000,    0.000001,    0.000001,    0.000000
  105     0.000003,    0.000007,   -0.000012,    0.000002,   -0.000009
  106     0.000002,    0.000007,   -0.000047,    0.000020,   -0.000006
  107    -0.000001,    0.000000,    0.000028,   -0.000013,    0.000001
  108     0.000002,    0.000042,    0.000009,   -0.000026,   -0.000065
  109     0.000007,    0.000021,   -0.000017,   -0.000030,   -0.000025
  110    -0.000016,   -0.000037,    0.000277,   -0.000164,    0.000053
  111    -0.000008,   -0.000022,    0.000275,   -0.000176,    0.000027
  112     0.000029,   -0.000069,   -0.000311,    0.000063,    0.000106
  113    -0.000007,   -0.000270,   -0.000274,    0.000275,    0.000453
  114    -0.000042,   -0.000116,    0.000029,    0.000204,    0.000184
  115    -0.000009,   -0.000016,    0.000561,   -0.000368,    0.000060
  116     0.000002,    0.000036,    0.000302,   -0.000272,   -0.000009
  117     0.000061,   -0.000153,   -0.000481,    0.000039,    0.000274
  118    -0.000018,   -0.000204,   -0.000377,    0.000324,    0.000514
  119    -0.000056,   -0.000049,    0.000052,    0.000131,    0.000208
  120    -0.000009,   -0.000021,    0.000146,   -0.000076,    0.000039
  121    -0.000006,   -0.000020,    0.000184,   -0.000119,    0.000039
  122    -0.000000,    0.000007,    0.000048,   -0.000044,   -0.000003
  123     0.000015,    0.000028,   -0.000062,   -0.000043,   -0.000062
  124     0.000016,   -0.000085,   -0.000219,    0.000076,    0.000163
  125    -0.000013,   -0.000081,   -0.000080,    0.000118,    0.000172
  126    -0.000019,   -0.000028,    0.000019,    0.000070,    0.000063
  127     0.000000,    0.000001,    0.000001,    0.000000,    0.000000
  128    -0.000000,    0.000003,   -0.000002,    0.000003,   -0.000003
  129    -0.000009,   -0.000083,   -0.000158,    0.000018,   -0.000067
  130    -0.000093,   -0.000919,   -0.001587,    0.000122,   -0.000618
  131     0.000283,    0.002230,    0.004652,   -0.000693,    0.002190
  132     0.000013,    0.000851,    0.000943,    0.000187,   -0.000134
  133     0.000003,   -0.000006,   -0.000009,   -0.000005,    0.000016
  134    -0.000001,   -0.000001,    0.000004,   -0.000006,    0.000007
  135    -0.000000,    0.000009,    0.000001,    0.000006,   -0.000021
  136    -0.000069,    0.000146,    0.000216,    0.000114,   -0.000377
  137     0.000023,    0.000025,   -0.000092,    0.000131,   -0.000159
  138     0.000004,   -0.000219,   -0.000032,   -0.000142,    0.000488
  139     0.000342,   -0.000700,   -0.001161,   -0.000499,    0.001840
  140    -0.000115,   -0.000135,    0.000370,   -0.000613,    0.000843
  141    -0.000025,    0.001069,    0.000312,    0.000652,   -0.002403
  142     0.000697,   -0.001438,   -0.002192,   -0.001106,    0.003788
  143    -0.000217,   -0.000233,    0.001057,   -0.001316,    0.001485
  144    -0.000052,    0.002122,    0.000257,    0.001408,   -0.004843
  145     0.000239,   -0.000197,   -0.000801,   -0.000096,    0.001096
  146    -0.000065,   -0.000157,   -0.000028,   -0.000313,    0.000698
  147    -0.000029,    0.000511,    0.000518,    0.000249,   -0.001550
  148     0.000000,   -0.000000,    0.000000,   -0.000000,    0.000000
  149    -0.000000,    0.000000,    0.000001,   -0.000000,   -0.000000
  150    -0.000000,   -0.000000,   -0.000000,    0.000000,    0.000000
  151     0.000000,   -0.000001,   -0.000000,   -0.000000,    0.000001
  152    -0.000000,    0.000000,    0.000001,    0.000001,   -0.000000
  153    -0.000003,    0.000007,    0.000012,   -0.000001,   -0.000009
  154     0.000002,   -0.000007,   -0.000047,    0.000020,    0.000006
  155    -0.000001,   -0.000000,    0.000028,   -0.000013,   -0.000001
  156    -0.000002,    0.000042,   -0.000009,    0.000026,   -0.000065
  157     0.000007,   -0.000020,   -0.000017,   -0.000030,    0.000025
  158     0.000017,   -0.000038,   -0.000278,    0.000161,    0.000054
  159    -0.000008,    0.000023,    0.000273,   -0.000174,   -0.000028
  160     0.000029,    0.000071,   -0.000311,    0.000063,   -0.000108
  161     0.000007,   -0.000270,    0.000273,   -0.000276,    0.000455
  162    -0.000041,    0.000113,    0.000027,    0.000207,   -0.000184
  163     0.000010,   -0.000015,   -0.000562,    0.000367,    0.000059
  164     0.000002,   -0.000035,    0.000299,   -0.000270,    0.000008
  165     0.000061,    0.000158,   -0.000479,    0.000038,   -0.000277
  166     0.000018,   -0.000204,    0.000376,   -0.000325,    0.000517
  167    -0.000056,    0.000046,    0.000046,    0.000136,   -0.000207
  168    -0.000009,    0.000021,    0.000146,   -0.000075,   -0.000040
  169     0.000006,   -0.000021,   -0.000183,    0.000117,    0.000040
  170     0.000000,   -0.000006,    0.000046,   -0.000044,    0.000002
  171     0.000015,   -0.000027,   -0.000063,   -0.000043,    0.000062
  172    -0.000016,   -0.000086,    0.000219,   -0.000076,    0.000164
  173    -0.000012,    0.000080,   -0.000081,    0.000120,   -0.000172
  174     0.000018,   -0.000027,   -0.000017,   -0.000071,    0.000062
  175     0.000000,    0.000000,   -0.000004,    0.000001,   -0.000000
  176     0.000001,    0.000000,   -0.000019,    0.000007,   -0.000000
  177    -0.000048,   -0.000001,    0.000333,   -0.000120,    0.000001
  178    -0.000530,   -0.000012,    0.003902,   -0.001413,    0.000013
  179     0.001332,    0.000027,   -0.008649,    0.003132,   -0.000030
  180     0.000495,    0.000016,   -0.005202,    0.001883,   -0.000018
  181     0.000000,    0.000029,   -0.000000,   -0.000000,   -0.000032
  182     0.000007,    0.000000,   -0.000076,   -0.000001,   -0.000000
  183    -0.000002,   -0.000000,    0.000077,   -0.000054,    0.000000
  184    -0.000000,   -0.000670,    0.000003,    0.000000,    0.000746
  185    -0.000154,   -0.000006,    0.001750,    0.000020,    0.000003
  186     0.000054,    0.000003,   -0.001788,    0.001248,   -0.000006
  187     0.000000,    0.003450,   -0.000017,   -0.000001,   -0.003801
  188     0.000771,    0.000028,   -0.008642,   -0.000231,   -0.000017
  189    -0.000256,   -0.000017,    0.008788,   -0.006270,    0.000030
  190     0.000001,    0.006405,   -0.000034,   -0.000000,   -0.007203
  191     0.001488,    0.000055,   -0.017007,   -0.000109,   -0.000034
  192    -0.000506,   -0.000034,    0.017421,   -0.012067,    0.000060
  193    -0.000000,    0.002568,   -0.000007,   -0.000002,   -0.002819
  194     0.000460,    0.000016,   -0.004942,   -0.000709,   -0.000007
  195    -0.000053,   -0.000007,    0.004917,   -0.004077,    0.000017
  196     0.000000,   -0.000000,   -0.000000,    0.000000,    0.000000
  197    -0.000000,   -0.000000,    0.000005,   -0.000002,    0.000000
  198     0.000000,    0.000000,   -0.000002,    0.000001,   -0.000000
  199    -0.000000,   -0.000000,    0.000000,   -0.000000,    0.000001
  200    -0.000000,   -0.000000,    0.000002,   -0.000000,    0.000000
  201    -0.000000,   -0.000008,    0.000001,   -0.000000,    0.000002
  202     0.000016,    0.000001,   -0.000275,    0.000104,   -0.000001
  203    -0.000006,   -0.000000,    0.000097,   -0.000053,    0.000000
  204     0.000000,    0.000019,   -0.000001,    0.000000,   -0.000033
  205     0.000013,    0.000000,   -0.000124,    0.000021,   -0.000000
  206     0.000000,    0.000132,   -0.000006,    0.000001,   -0.000177
  207    -0.000124,   -0.000006,    0.002028,   -0.000729,    0.000006
  208     0.000021,    0.000001,   -0.000729,    0.000520,   -0.000002
  209    -0.000000,   -0.000177,    0.000006,   -0.000002,    0.000297
  210    -0.000080,   -0.000003,    0.000923,   -0.000144,    0.000002
  211     0.000000,    0.000217,   -0.000004,    0.000000,   -0.000395
  212    -0.000102,   -0.000005,    0.001807,   -0.000616,    0.000005
  213    -0.000026,   -0.000001,   -0.000678,    0.000668,   -0.000002
  214    -0.000000,   -0.000238,    0.000005,   -0.000002,    0.000453
  215    -0.000059,   -0.000003,    0.000814,   -0.000045,    0.000000
  216    -0.000023,   -0.000001,    0.000266,   -0.000019,    0.000000
  217    -0.000000,   -0.000102,    0.000004,   -0.000001,    0.000163
  218     0.000033,    0.000002,   -0.000784,    0.000392,   -0.000002
  219     0.000023,    0.000001,   -0.000119,   -0.000077,   -0.000000
  220     0.000000,    0.000066,   -0.000002,    0.000001,   -0.000118
  221     0.000049,    0.000002,   -0.000721,    0.000192,   -0.000001
  222    -0.000000,   -0.000050,    0.000003,   -0.000000,    0.000072
               210,         211,         212,         213,         214
    0     0.001565,   -0.000005,    0.001552,   -0.000562,    0.000005
    1     0.003370,   -0.000015,    0.004855,   -0.001757,    0.000017
    2    -0.006203,    0.000044,   -0.013868,    0.005019,   -0.000048
    3    -0.006141,    0.000042,   -0.013374,    0.004840,   -0.000046
    4     0.000692,   -0.000019,    0.005918,   -0.002142,    0.000020
    5     0.000030,    0.008616,    0.000066,   -0.000041,   -0.008397
    6     0.001508,   -0.000038,    0.010543,   -0.011990,    0.000066
    7    -0.008522,    0.000066,   -0.013417,   -0.002664,   -0.000046
    8     0.000023,    0.006169,    0.000046,   -0.000029,   -0.006089
    9     0.001156,   -0.000026,    0.007288,   -0.008506,    0.000046
   10    -0.006255,    0.000046,   -0.009292,   -0.002035,   -0.000032
   11     0.000003,   -0.000849,   -0.000009,    0.000005,    0.000452
   12     0.000221,    0.000009,   -0.002003,    0.001457,   -0.000009
   13     0.000102,   -0.000009,    0.002523,   -0.000240,    0.000009
   14    -0.000002,   -0.000043,   -0.000002,    0.000000,    0.000303
   15     0.000188,   -0.000001,    0.000495,   -0.000245,    0.000001
   16    -0.000154,    0.000002,   -0.000117,   -0.000051,   -0.000000
   17     0.000000,   -0.000017,    0.000001,   -0.000001,    0.000102
   18     0.000203,   -0.000002,    0.000179,    0.000004,    0.000003
   19     0.000001,    0.000096,    0.000002,    0.000006,    0.000653
   20    -0.000050,   -0.000000,   -0.000540,    0.000495,    0.000001
   21    -0.000255,    0.000004,    0.000366,   -0.000638,    0.000001
   22     0.000002,    0.000978,    0.000001,    0.000001,   -0.000727
   23    -0.000314,    0.000003,   -0.000558,   -0.000848,    0.000003
   24     0.000010,    0.000001,    0.000032,   -0.000054,   -0.000000
   25    -0.000000,   -0.000046,    0.000000,   -0.000000,   -0.000017
   26     0.000005,    0.000000,   -0.000019,    0.000001,   -0.000000
   27    -0.000035,    0.000000,   -0.000039,   -0.000076,   -0.000000
   28     0.000000,   -0.000032,   -0.000000,    0.000000,    0.000068
   29     0.000041,   -0.000000,   -0.000006,    0.000007,   -0.000000
   30    -0.000000,   -0.000065,    0.000000,   -0.000001,    0.000030
   31     0.000001,   -0.000000,    0.000002,    0.000002,    0.000000
   32    -0.000004,    0.000000,    0.000000,   -0.000005,    0.000000
   33    -0.000149,    0.000001,   -0.000280,   -0.000408,   -0.000001
   34    -0.001455,    0.000008,   -0.002962,   -0.004095,   -0.000009
   35     0.004556,   -0.000026,    0.008629,    0.012169,    0.000026
   36     0.000433,   -0.000000,    0.001506,    0.001758,    0.000004
   37     0.000000,    0.000025,   -0.000000,    0.000000,    0.000010
   38     0.000022,   -0.000000,   -0.000018,    0.000061,   -0.000000
   39    -0.000006,    0.000000,    0.000014,   -0.000008,    0.000000
   40    -0.000002,   -0.000570,    0.000002,   -0.000005,   -0.000231
   41    -0.000499,    0.000007,    0.000416,   -0.001421,    0.000002
   42     0.000134,   -0.000005,   -0.000321,    0.000190,   -0.000001
   43     0.000010,    0.002861,   -0.000012,    0.000024,    0.001268
   44     0.002373,   -0.000036,   -0.002423,    0.007072,   -0.000013
   45    -0.000682,    0.000027,    0.001790,   -0.001144,    0.000006
   46     0.000022,    0.005565,   -0.000018,    0.000048,    0.002103
   47     0.004992,   -0.000073,   -0.003613,    0.014221,   -0.000021
   48    -0.001306,    0.000051,    0.002743,   -0.001426,    0.000009
   49     0.000006,    0.002174,   -0.000010,    0.000017,    0.001061
   50     0.001400,   -0.000025,   -0.001891,    0.004989,   -0.000011
   51    -0.000456,    0.000021,    0.001497,   -0.001085,    0.000005
   52    -0.000000,    0.000001,   -0.000000,   -0.000000,   -0.000001
   53     0.000000,    0.000000,    0.000001,   -0.000002,   -0.000000
   54    -0.000000,    0.000000,   -0.000002,    0.000001,   -0.000000
   55    -0.000000,   -0.000002,    0.000000,   -0.000000,    0.000002
   56     0.000001,   -0.000000,    0.000002,    0.000001,    0.000000
   57     0.000000,    0.000002,    0.000000,    0.000001,    0.000002
   58     0.000006,   -0.000000,   -0.000048,    0.000077,   -0.000000
   59    -0.000017,    0.000000,    0.000044,   -0.000046,    0.000000
   60     0.000000,    0.000054,   -0.000000,    0.000000,   -0.000046
   61    -0.000060,    0.000001,   -0.000064,   -0.000080,   -0.000000
   62    -0.000004,   -0.000309,   -0.000003,   -0.000004,    0.000162
   63    -0.000010,    0.000000,    0.000312,   -0.000492,    0.000001
   64     0.000295,   -0.000002,    0.000189,    0.000277,    0.000001
   65    -0.000000,   -0.000242,    0.000001,   -0.000002,    0.000119
   66     0.000516,   -0.000006,    0.000436,    0.000621,    0.000002
   67    -0.000006,   -0.000800,   -0.000005,   -0.000006,    0.000451
   68     0.000110,   -0.000001,    0.000585,   -0.000693,    0.000003
   69     0.000492,   -0.000005,    0.000937,    0.000284,    0.000003
   70     0.000000,   -0.000155,    0.000002,   -0.000002,   -0.000142
   71     0.000648,   -0.000011,    0.000534,    0.000955,    0.000005
   72    -0.000240,    0.000004,   -0.000174,   -0.000311,   -0.000002
   73     0.000001,    0.000148,   -0.000001,    0.000002,   -0.000058
   74    -0.000194,    0.000002,   -0.000294,   -0.000062,   -0.000001
   75    -0.000037,    0.000000,    0.000068,   -0.000211,    0.000000
   76    -0.000001,   -0.000010,   -0.000001,   -0.000000,    0.000046
   77    -0.000046,    0.000001,    0.000124,   -0.000280,    0.000000
   78    -0.000003,   -0.000213,   -0.000002,   -0.000003,    0.000141
   79     0.000000,    0.000002,    0.000001,   -0.000002,   -0.000001
   80     0.000000,   -0.000003,    0.000001,    0.000002,    0.000004
   81    -0.000013,   -0.000389,   -0.000068,    0.000279,    0.000152
   82    -0.000140,   -0.003960,   -0.000773,    0.002862,    0.001479
   83     0.000307,    0.011630,    0.002384,   -0.008503,   -0.004723
   84     0.000299,    0.001879,    0.000228,   -0.001233,   -0.000209
   85     0.000011,   -0.000018,    0.000020,    0.000019,    0.000016
   86    -0.000001,   -0.000006,   -0.000006,   -0.000017,   -0.000037
   87     0.000012,   -0.000030,    0.000004,    0.000008,    0.000045
   88    -0.000259,    0.000419,   -0.000464,   -0.000441,   -0.000380
   89     0.000015,    0.000134,    0.000143,    0.000386,    0.000858
   90    -0.000273,    0.000699,   -0.000100,   -0.000182,   -0.001059
   91     0.001279,   -0.001979,    0.002418,    0.002074,    0.001801
   92    -0.000101,   -0.000660,   -0.000871,   -0.001896,   -0.004486
   93     0.001458,   -0.003419,    0.000702,    0.000809,    0.005331
   94     0.002667,   -0.004446,    0.004591,    0.004547,    0.003914
   95    -0.000095,   -0.001367,   -0.001039,   -0.003864,   -0.008159
   96     0.002637,   -0.007064,    0.000701,    0.002004,    0.010411
   97     0.000807,   -0.001302,    0.001835,    0.001388,    0.001016
   98    -0.000195,   -0.000480,   -0.000769,   -0.001412,   -0.003513
   99     0.001192,   -0.002450,    0.000608,    0.000477,    0.003782
  100     0.000000,   -0.000000,   -0.000001,    0.000001,   -0.000000
  101     0.000001,    0.000000,    0.000003,   -0.000001,    0.000000
  102     0.000000,    0.000001,   -0.000000,    0.000001,   -0.000000
  103     0.000000,   -0.000002,   -0.000000,    0.000000,    0.000002
  104     0.000001,   -0.000000,    0.000001,    0.000002,    0.000000
  105    -0.000009,    0.000016,    0.000018,   -0.000015,   -0.000001
  106    -0.000016,    0.000004,   -0.000077,    0.000045,   -0.000002
  107     0.000004,   -0.000006,    0.000019,   -0.000028,   -0.000004
  108    -0.000009,    0.000080,    0.000018,   -0.000028,   -0.000091
  109    -0.000040,    0.000021,   -0.000031,   -0.000066,   -0.000028
  110     0.000080,   -0.000113,    0.000179,   -0.000208,    0.000000
  111     0.000061,   -0.000077,    0.000323,   -0.000304,   -0.000017
  112    -0.000167,   -0.000139,   -0.000334,    0.000017,    0.000179
  113     0.000019,   -0.000579,   -0.000261,    0.000372,    0.000630
  114     0.000202,   -0.000187,    0.000147,    0.000427,    0.000254
  115     0.000111,   -0.000165,    0.000742,   -0.000715,    0.000024
  116     0.000009,   -0.000167,    0.000244,   -0.000435,   -0.000086
  117    -0.000363,   -0.000419,   -0.000784,   -0.000184,    0.000417
  118     0.000072,   -0.000847,   -0.000394,    0.000686,    0.000735
  119     0.000213,   -0.000329,    0.000264,    0.000478,    0.000373
  120     0.000046,   -0.000060,    0.000163,   -0.000132,    0.000031
  121     0.000042,   -0.000093,    0.000191,   -0.000192,    0.000012
  122    -0.000001,   -0.000018,    0.000042,   -0.000073,   -0.000008
  123    -0.000090,    0.000089,   -0.000104,   -0.000111,   -0.000069
  124    -0.000098,   -0.000232,   -0.000265,    0.000059,    0.000255
  125     0.000059,   -0.000220,   -0.000042,    0.000229,    0.000253
  126     0.000085,   -0.000073,    0.000087,    0.000175,    0.000103
  127     0.000000,   -0.000002,    0.000001,   -0.000002,    0.000001
  128     0.000000,    0.000003,    0.000001,    0.000002,   -0.000004
  129    -0.000014,    0.000390,   -0.000067,    0.000279,   -0.000153
  130    -0.000152,    0.003966,   -0.000762,    0.002861,   -0.001485
  131     0.000336,   -0.011646,    0.002350,   -0.008501,    0.004743
  132     0.000311,   -0.001885,    0.000226,   -0.001233,    0.000211
  133    -0.000011,   -0.000018,   -0.000020,   -0.000019,    0.000017
  134    -0.000001,    0.000006,   -0.000006,   -0.000016,    0.000037
  135     0.000012,    0.000030,    0.000004,    0.000008,   -0.000045
  136     0.000261,    0.000418,    0.000468,    0.000443,   -0.000383
  137     0.000014,   -0.000140,    0.000145,    0.000383,   -0.000855
  138    -0.000276,   -0.000688,   -0.000107,   -0.000182,    0.001058
  139    -0.001290,   -0.001972,   -0.002437,   -0.002085,    0.001817
  140    -0.000095,    0.000691,   -0.000885,   -0.001880,    0.004469
  141     0.001473,    0.003361,    0.000737,    0.000806,   -0.005325
  142    -0.002689,   -0.004428,   -0.004625,   -0.004571,    0.003943
  143    -0.000081,    0.001426,   -0.001061,   -0.003830,    0.008128
  144     0.002666,    0.006960,    0.000770,    0.001997,   -0.010404
  145    -0.000812,   -0.001299,   -0.001847,   -0.001397,    0.001029
  146    -0.000192,    0.000503,   -0.000780,   -0.001401,    0.003502
  147     0.001199,    0.002406,    0.000633,    0.000474,   -0.003777
  148    -0.000000,   -0.000000,    0.000001,   -0.000001,   -0.000000
  149     0.000001,   -0.000000,    0.000003,   -0.000001,   -0.000000
  150     0.000000,   -0.000001,   -0.000000,    0.000001,    0.000000
  151    -0.000000,   -0.000002,    0.000000,   -0.000000,    0.000002
  152     0.000001,    0.000000,    0.000001,    0.000002,   -0.000000
  153     0.000009,    0.000017,   -0.000018,    0.000016,   -0.000001
  154    -0.000017,   -0.000004,   -0.000077,    0.000045,    0.000002
  155     0.000004,    0.000006,    0.000019,   -0.000028,    0.000004
  156     0.000010,    0.000080,   -0.000018,    0.000029,   -0.000091
  157    -0.000040,   -0.000020,   -0.000032,   -0.000066,    0.000028
  158    -0.000084,   -0.000115,   -0.000181,    0.000203,    0.000002
  159     0.000062,    0.000080,    0.000322,   -0.000302,    0.000015
  160    -0.000166,    0.000140,   -0.000333,    0.000017,   -0.000181
  161    -0.000022,   -0.000577,    0.000259,   -0.000373,    0.000632
  162     0.000202,    0.000183,    0.000147,    0.000429,   -0.000253
  163    -0.000114,   -0.000166,   -0.000746,    0.000709,    0.000024
  164     0.000009,    0.000172,    0.000240,   -0.000430,    0.000083
  165    -0.000361,    0.000424,   -0.000781,   -0.000184,   -0.000422
  166    -0.000074,   -0.000844,    0.000391,   -0.000689,    0.000738
  167     0.000212,    0.000326,    0.000257,    0.000487,   -0.000371
  168     0.000048,    0.000061,    0.000165,   -0.000129,   -0.000032
  169    -0.000043,   -0.000095,   -0.000191,    0.000189,    0.000013
  170    -0.000001,    0.000020,    0.000041,   -0.000073,    0.000007
  171    -0.000091,   -0.000087,   -0.000105,   -0.000111,    0.000068
  172     0.000097,   -0.000232,    0.000264,   -0.000059,    0.000257
  173     0.000060,    0.000218,   -0.000043,    0.000232,   -0.000253
  174    -0.000084,   -0.000071,   -0.000084,   -0.000177,    0.000102
  175    -0.000002,   -0.000000,    0.000008,   -0.000003,    0.000000
  176    -0.000009,    0.000000,   -0.000007,    0.000002,   -0.000000
  177     0.000153,    0.000004,   -0.001399,    0.000507,   -0.000005
  178     0.001795,    0.000046,   -0.014379,    0.005205,   -0.000050
  179    -0.003979,   -0.000132,    0.041712,   -0.015098,    0.000144
  180    -0.002393,   -0.000019,    0.006031,   -0.002183,    0.000021
  181     0.000000,    0.000042,   -0.000000,   -0.000000,   -0.000033
  182    -0.000050,    0.000000,   -0.000096,   -0.000004,   -0.000000
  183     0.000022,   -0.000000,    0.000091,   -0.000068,    0.000000
  184    -0.000001,   -0.000987,    0.000005,    0.000000,    0.000772
  185     0.001153,   -0.000006,    0.002225,    0.000094,    0.000005
  186    -0.000502,    0.000005,   -0.002117,    0.001594,   -0.000007
  187     0.000004,    0.005030,   -0.000024,   -0.000002,   -0.003874
  188    -0.005739,    0.000027,   -0.010924,   -0.000618,   -0.000024
  189     0.002420,   -0.000024,    0.010311,   -0.007938,    0.000036
  190     0.000006,    0.009559,   -0.000052,   -0.000001,   -0.007495
  191    -0.011206,    0.000058,   -0.022606,   -0.000531,   -0.000052
  192     0.004902,   -0.000052,    0.021656,   -0.015855,    0.000075
  193     0.000005,    0.003849,   -0.000019,   -0.000001,   -0.002808
  194    -0.003578,    0.000020,   -0.008494,   -0.000393,   -0.000019
  195     0.001061,   -0.000019,    0.007973,   -0.006076,    0.000028
  196    -0.000000,   -0.000001,   -0.000000,   -0.000000,    0.000001
  197     0.000002,   -0.000000,    0.000002,   -0.000002,    0.000000
  198    -0.000001,    0.000000,   -0.000001,   -0.000000,   -0.000000
  199     0.000000,   -0.000001,    0.000000,   -0.000000,    0.000001
  200     0.000002,   -0.000000,    0.000002,    0.000001,    0.000000
  201     0.000000,    0.000015,    0.000001,    0.000000,   -0.000000
  202    -0.000119,    0.000000,   -0.000187,    0.000093,   -0.000001
  203     0.000036,   -0.000000,    0.000071,   -0.000037,    0.000000
  204    -0.000000,    0.000055,   -0.000001,    0.000000,   -0.000038
  205    -0.000080,    0.000000,   -0.000102,   -0.000026,   -0.000000
  206    -0.000003,    0.000217,   -0.000005,   -0.000001,   -0.000238
  207     0.000923,   -0.000004,    0.001807,   -0.000678,    0.000005
  208    -0.000144,    0.000000,   -0.000616,    0.000668,   -0.000002
  209     0.000002,   -0.000395,    0.000005,   -0.000002,    0.000453
  210     0.000597,   -0.000003,    0.000863,    0.000090,    0.000001
  211    -0.000003,    0.000690,   -0.000008,   -0.000000,   -0.000544
  212     0.000863,   -0.000008,    0.003129,   -0.000989,    0.000008
  213     0.000090,   -0.000000,   -0.000989,    0.001396,   -0.000003
  214     0.000001,   -0.000544,    0.000008,   -0.000003,    0.000859
  215     0.000623,   -0.000003,    0.001372,    0.000007,    0.000001
  216     0.000194,   -0.000000,    0.000302,    0.000040,    0.000000
  217     0.000002,   -0.000231,    0.000005,   -0.000001,    0.000225
  218    -0.000267,    0.000002,   -0.000890,    0.000537,   -0.000002
  219    -0.000147,    0.000001,   -0.000178,   -0.000181,   -0.000001
  220    -0.000000,    0.000135,   -0.000002,    0.000002,   -0.000204
  221    -0.000392,    0.000002,   -0.000864,    0.000176,   -0.000001
  222     0.000002,   -0.000124,    0.000003,    0.000000,    0.000071
               215,         216,         217,         218,         219
    0     0.000714,    0.000348,    0.000006,   -0.000998,   -0.000152
    1     0.002233,    0.000803,    0.000015,   -0.002333,   -0.000352
    2    -0.006380,   -0.001646,   -0.000032,    0.004889,    0.000725
    3    -0.006152,   -0.001618,   -0.000031,    0.004798,    0.000712
    4     0.002723,    0.000280,    0.000007,   -0.000996,   -0.000128
    5     0.000064,    0.000017,   -0.003362,   -0.000030,    0.000005
    6     0.001265,    0.000243,    0.000032,   -0.006403,    0.001250
    7    -0.009470,   -0.002972,   -0.000039,    0.003249,    0.002548
    8     0.000045,    0.000012,   -0.002461,   -0.000022,    0.000003
    9     0.000729,    0.000168,    0.000023,   -0.004625,    0.000927
   10    -0.006689,   -0.002154,   -0.000028,    0.002316,    0.001862
   11    -0.000009,   -0.000000,    0.000087,    0.000002,   -0.000000
   12    -0.000849,   -0.000044,   -0.000002,    0.000387,    0.000006
   13     0.001227,    0.000148,    0.000003,   -0.000307,   -0.000080
   14    -0.000002,   -0.000001,    0.000058,    0.000001,    0.000000
   15     0.000079,    0.000034,    0.000001,   -0.000272,   -0.000020
   16    -0.000273,   -0.000065,   -0.000001,    0.000046,    0.000023
   17     0.000000,    0.000000,    0.000039,   -0.000001,   -0.000000
   18     0.000234,    0.000083,    0.000001,   -0.000059,   -0.000032
   19     0.000003,    0.000001,    0.000081,    0.000001,   -0.000002
   20    -0.000457,   -0.000083,    0.000001,    0.000099,   -0.000053
   21    -0.000567,   -0.000133,   -0.000001,   -0.000199,    0.000079
   22     0.000005,    0.000001,   -0.000285,   -0.000000,   -0.000000
   23    -0.000382,   -0.000095,   -0.000000,   -0.000098,    0.000247
   24    -0.000029,    0.000001,   -0.000000,   -0.000015,   -0.000006
   25    -0.000000,   -0.000000,    0.000027,    0.000000,   -0.000000
   26    -0.000050,   -0.000004,    0.000000,    0.000001,   -0.000013
   27    -0.000009,   -0.000008,   -0.000000,   -0.000012,    0.000032
   28    -0.000000,    0.000000,    0.000004,    0.000000,   -0.000000
   29     0.000024,    0.000011,    0.000000,   -0.000025,    0.000004
   30    -0.000001,   -0.000000,    0.000017,   -0.000000,   -0.000000
   31     0.000000,   -0.000000,    0.000000,   -0.000000,   -0.000000
   32    -0.000003,   -0.000001,   -0.000000,   -0.000001,    0.000002
   33    -0.000117,   -0.000017,   -0.000000,    0.000006,    0.000063
   34    -0.001159,   -0.000150,   -0.000004,    0.000095,    0.000611
   35     0.003817,    0.000592,    0.000013,   -0.000122,   -0.001956
   36     0.000017,   -0.000102,    0.000002,   -0.000318,   -0.000160
   37     0.000000,    0.000000,    0.000000,    0.000000,   -0.000000
   38     0.000036,    0.000010,   -0.000000,    0.000020,   -0.000008
   39    -0.000034,   -0.000005,    0.000000,   -0.000001,   -0.000006
   40    -0.000007,   -0.000002,   -0.000009,   -0.000002,    0.000001
   41    -0.000838,   -0.000229,    0.000000,   -0.000478,    0.000180
   42     0.000793,    0.000116,   -0.000000,    0.000031,    0.000146
   43     0.000033,    0.000012,    0.000084,    0.000009,   -0.000003
   44     0.004096,    0.001117,   -0.000001,    0.002457,   -0.000834
   45    -0.004105,   -0.000593,    0.000002,   -0.000232,   -0.000751
   46     0.000065,    0.000023,    0.000054,    0.000018,   -0.000006
   47     0.008361,    0.002259,    0.000000,    0.004677,   -0.001856
   48    -0.007699,   -0.001129,    0.000002,   -0.000119,   -0.001436
   49     0.000024,    0.000009,    0.000116,    0.000007,   -0.000001
   50     0.002728,    0.000692,   -0.000002,    0.001774,   -0.000418
   51    -0.003249,   -0.000461,    0.000002,   -0.000354,   -0.000531
   52    -0.000000,   -0.000000,   -0.000000,   -0.000000,    0.000000
   53     0.000000,   -0.000000,    0.000000,   -0.000001,    0.000000
   54    -0.000000,   -0.000000,   -0.000000,    0.000001,    0.000000
   55    -0.000000,   -0.000000,    0.000001,   -0.000000,    0.000000
   56     0.000002,    0.000000,    0.000000,    0.000000,   -0.000001
   57     0.000001,    0.000000,   -0.000000,    0.000000,   -0.000000
   58     0.000001,    0.000003,   -0.000000,    0.000040,   -0.000017
   59    -0.000014,   -0.000006,   -0.000000,   -0.000016,    0.000006
   60     0.000000,    0.000000,   -0.000016,    0.000000,   -0.000000
   61    -0.000087,   -0.000024,   -0.000000,   -0.000013,    0.000028
   62    -0.000006,   -0.000002,    0.000096,   -0.000000,    0.000001
   63     0.000042,   -0.000001,    0.000000,   -0.000254,    0.000082
   64     0.000339,    0.000106,    0.000001,    0.000002,   -0.000091
   65    -0.000001,   -0.000000,    0.000071,   -0.000001,    0.000000
   66     0.000652,    0.000194,    0.000002,    0.000080,   -0.000208
   67    -0.000011,   -0.000003,    0.000237,   -0.000000,    0.000002
   68     0.000267,    0.000066,    0.000001,   -0.000332,    0.000033
   69     0.000692,    0.000182,    0.000002,   -0.000127,   -0.000161
   70    -0.000000,   -0.000000,    0.000036,   -0.000001,    0.000000
   71     0.000800,    0.000233,    0.000003,    0.000132,   -0.000263
   72    -0.000302,   -0.000091,   -0.000001,   -0.000043,    0.000091
   73     0.000001,    0.000000,   -0.000042,    0.000001,   -0.000000
   74    -0.000274,   -0.000074,   -0.000001,    0.000065,    0.000043
   75    -0.000022,   -0.000011,    0.000000,   -0.000081,    0.000034
   76    -0.000001,   -0.000000,    0.000002,    0.000000,    0.000000
   77    -0.000028,   -0.000016,   -0.000000,   -0.000124,    0.000045
   78    -0.000004,   -0.000001,    0.000064,   -0.000000,    0.000001
   79     0.000000,    0.000000,   -0.000000,   -0.000000,    0.000000
   80     0.000002,    0.000000,    0.000002,    0.000001,   -0.000001
   81    -0.000040,   -0.000000,    0.000048,    0.000052,   -0.000027
   82    -0.000482,   -0.000013,    0.000453,    0.000517,   -0.000260
   83     0.001243,   -0.000017,   -0.001522,   -0.001627,    0.000837
   84     0.000455,    0.000111,   -0.000010,   -0.000205,    0.000049
   85     0.000002,    0.000003,    0.000008,   -0.000001,   -0.000008
   86    -0.000011,    0.000000,    0.000001,    0.000001,    0.000001
   87     0.000035,    0.000008,    0.000011,    0.000000,    0.000000
   88    -0.000056,   -0.000065,   -0.000190,    0.000027,    0.000185
   89     0.000252,   -0.000007,   -0.000031,   -0.000023,   -0.000028
   90    -0.000817,   -0.000182,   -0.000248,   -0.000004,   -0.000004
   91     0.000230,    0.000309,    0.000921,   -0.000185,   -0.000911
   92    -0.001358,    0.000028,    0.000153,    0.000184,    0.000133
   93     0.004296,    0.000956,    0.001211,   -0.000054,    0.000031
   94     0.000700,    0.000694,    0.001928,   -0.000276,   -0.001847
   95    -0.002300,    0.000088,    0.000317,    0.000102,    0.000254
   96     0.007720,    0.001747,    0.002466,    0.000107,    0.000013
   97    -0.000040,    0.000164,    0.000532,   -0.000220,   -0.000598
   98    -0.001064,    0.000003,    0.000096,    0.000261,    0.000102
   99     0.003244,    0.000739,    0.000771,   -0.000180,    0.000061
  100    -0.000001,   -0.000000,    0.000000,    0.000000,   -0.000000
  101     0.000001,    0.000000,    0.000000,   -0.000001,   -0.000000
  102     0.000001,    0.000000,   -0.000000,    0.000000,   -0.000000
  103     0.000000,    0.000000,    0.000001,   -0.000000,   -0.000000
  104     0.000001,    0.000000,    0.000000,    0.000000,   -0.000001
  105     0.000010,   -0.000001,   -0.000007,   -0.000001,    0.000003
  106    -0.000031,   -0.000007,   -0.000004,    0.000026,    0.000001
  107    -0.000007,    0.000000,    0.000001,   -0.000013,    0.000001
  108    -0.000011,   -0.000005,   -0.000035,   -0.000011,    0.000007
  109    -0.000047,   -0.000015,   -0.000013,   -0.000007,    0.000020
  110     0.000034,    0.000024,    0.000039,   -0.000126,    0.000015
  111     0.000099,    0.000025,    0.000022,   -0.000160,    0.000025
  112    -0.000106,   -0.000046,    0.000057,    0.000105,    0.000055
  113     0.000095,    0.000037,    0.000245,    0.000161,   -0.000056
  114     0.000193,    0.000079,    0.000096,    0.000062,   -0.000128
  115     0.000246,    0.000056,    0.000041,   -0.000336,    0.000061
  116     0.000027,    0.000003,    0.000000,   -0.000203,    0.000076
  117    -0.000401,   -0.000119,    0.000156,    0.000152,    0.000140
  118     0.000160,    0.000064,    0.000283,    0.000228,   -0.000085
  119     0.000098,    0.000071,    0.000111,    0.000023,   -0.000147
  120     0.000039,    0.000017,    0.000026,   -0.000073,    0.000000
  121     0.000054,    0.000016,    0.000028,   -0.000104,    0.000017
  122    -0.000007,   -0.000002,   -0.000002,   -0.000035,    0.000010
  123    -0.000115,   -0.000037,   -0.000033,    0.000004,    0.000040
  124    -0.000065,   -0.000023,    0.000087,    0.000086,    0.000026
  125     0.000086,    0.000033,    0.000090,    0.000061,   -0.000044
  126     0.000067,    0.000030,    0.000032,    0.000018,   -0.000054
  127     0.000000,    0.000000,    0.000000,   -0.000000,    0.000000
  128     0.000002,    0.000000,   -0.000002,    0.000001,   -0.000001
  129    -0.000035,    0.000000,   -0.000048,    0.000052,   -0.000027
  130    -0.000429,   -0.000006,   -0.000459,    0.000516,   -0.000260
  131     0.001088,   -0.000039,    0.001537,   -0.001623,    0.000837
  132     0.000430,    0.000108,    0.000015,   -0.000206,    0.000049
  133    -0.000003,   -0.000003,    0.000008,    0.000001,    0.000008
  134    -0.000011,    0.000000,   -0.000001,    0.000001,    0.000001
  135     0.000035,    0.000008,   -0.000011,    0.000000,    0.000000
  136     0.000064,    0.000067,   -0.000188,   -0.000029,   -0.000185
  137     0.000250,   -0.000009,    0.000033,   -0.000024,   -0.000026
  138    -0.000826,   -0.000183,    0.000244,   -0.000002,   -0.000005
  139    -0.000267,   -0.000320,    0.000911,    0.000193,    0.000911
  140    -0.001349,    0.000038,   -0.000166,    0.000189,    0.000127
  141     0.004342,    0.000958,   -0.001192,   -0.000061,    0.000032
  142    -0.000777,   -0.000718,    0.001909,    0.000289,    0.001848
  143    -0.002280,    0.000107,   -0.000341,    0.000111,    0.000240
  144     0.007815,    0.001753,   -0.002433,    0.000094,    0.000015
  145     0.000014,   -0.000171,    0.000526,    0.000226,    0.000598
  146    -0.001059,    0.000009,   -0.000106,    0.000265,    0.000098
  147     0.003277,    0.000739,   -0.000756,   -0.000184,    0.000062
  148     0.000001,    0.000000,    0.000000,   -0.000000,    0.000000
  149     0.000001,    0.000000,   -0.000000,   -0.000001,   -0.000000
  150     0.000001,    0.000000,    0.000000,    0.000000,   -0.000000
  151    -0.000000,   -0.000000,    0.000001,    0.000000,    0.000000
  152     0.000001,    0.000000,   -0.000000,    0.000000,   -0.000000
  153    -0.000010,    0.000001,   -0.000007,    0.000001,   -0.000003
  154    -0.000031,   -0.000007,    0.000004,    0.000026,    0.000001
  155    -0.000007,    0.000000,   -0.000001,   -0.000013,    0.000001
  156     0.000012,    0.000006,   -0.000035,    0.000011,   -0.000007
  157    -0.000047,   -0.000016,    0.000013,   -0.000007,    0.000020
  158    -0.000038,   -0.000025,    0.000039,    0.000125,   -0.000014
  159     0.000101,    0.000025,   -0.000022,   -0.000158,    0.000024
  160    -0.000104,   -0.000045,   -0.000059,    0.000105,    0.000055
  161    -0.000102,   -0.000039,    0.000245,   -0.000161,    0.000056
  162     0.000195,    0.000079,   -0.000095,    0.000063,   -0.000128
  163    -0.000249,   -0.000057,    0.000040,    0.000336,   -0.000059
  164     0.000030,    0.000003,   -0.000001,   -0.000201,    0.000075
  165    -0.000395,   -0.000117,   -0.000159,    0.000152,    0.000140
  166    -0.000171,   -0.000066,    0.000283,   -0.000228,    0.000085
  167     0.000099,    0.000071,   -0.000109,    0.000026,   -0.000148
  168     0.000041,    0.000018,   -0.000026,   -0.000072,   -0.000001
  169    -0.000057,   -0.000017,    0.000029,    0.000103,   -0.000016
  170    -0.000007,   -0.000002,    0.000001,   -0.000034,    0.000011
  171    -0.000116,   -0.000037,    0.000032,    0.000004,    0.000040
  172     0.000062,    0.000022,    0.000088,   -0.000086,   -0.000026
  173     0.000088,    0.000033,   -0.000090,    0.000062,   -0.000044
  174    -0.000067,   -0.000030,    0.000031,   -0.000019,    0.000054
  175     0.000004,   -0.000000,    0.000000,   -0.000000,    0.000000
  176    -0.000003,   -0.000002,   -0.000000,    0.000006,    0.000001
  177    -0.000644,   -0.000028,   -0.000001,    0.000090,    0.000012
  178    -0.006615,   -0.000239,   -0.000005,    0.000795,    0.000107
  179     0.019188,    0.000948,    0.000020,   -0.002996,   -0.000422
  180     0.002774,   -0.000232,   -0.000004,    0.000655,    0.000101
  181     0.000000,    0.000000,   -0.000021,    0.000000,    0.000000
  182    -0.000056,   -0.000017,   -0.000000,    0.000023,    0.000020
  183     0.000031,    0.000007,    0.000000,   -0.000045,    0.000009
  184    -0.000002,   -0.000002,    0.000500,   -0.000001,   -0.000002
  185     0.001293,    0.000384,    0.000004,   -0.000528,   -0.000460
  186    -0.000726,   -0.000153,   -0.000004,    0.001046,   -0.000200
  187     0.000012,    0.000010,   -0.002565,    0.000005,    0.000008
  188    -0.006350,   -0.001908,   -0.000021,    0.002565,    0.002346
  189     0.003524,    0.000737,    0.000022,   -0.005197,    0.001057
  190     0.000020,    0.000017,   -0.004823,    0.000010,    0.000015
  191    -0.013016,   -0.003779,   -0.000043,    0.005275,    0.004458
  192     0.007555,    0.001538,    0.000045,   -0.010296,    0.001887
  193     0.000009,    0.000008,   -0.001929,    0.000002,    0.000006
  194    -0.004804,   -0.001275,   -0.000014,    0.001583,    0.001720
  195     0.002843,    0.000419,    0.000014,   -0.003510,    0.000876
  196    -0.000000,   -0.000000,    0.000000,    0.000000,    0.000000
  197     0.000001,    0.000000,    0.000000,   -0.000002,   -0.000000
  198    -0.000001,   -0.000000,   -0.000000,    0.000001,    0.000000
  199    -0.000000,   -0.000000,    0.000000,   -0.000000,   -0.000000
  200     0.000001,    0.000000,    0.000000,   -0.000000,   -0.000001
  201     0.000001,    0.000000,    0.000001,   -0.000000,   -0.000000
  202    -0.000085,   -0.000033,   -0.000001,    0.000102,    0.000010
  203     0.000022,    0.000008,    0.000000,   -0.000042,    0.000001
  204     0.000000,    0.000000,   -0.000021,    0.000000,    0.000000
  205    -0.000059,   -0.000023,   -0.000000,    0.000033,    0.000023
  206    -0.000003,   -0.000001,   -0.000102,    0.000002,    0.000001
  207     0.000814,    0.000266,    0.000004,   -0.000784,   -0.000119
  208    -0.000045,   -0.000019,   -0.000001,    0.000392,   -0.000077
  209     0.000000,    0.000000,    0.000163,   -0.000002,   -0.000000
  210     0.000623,    0.000194,    0.000002,   -0.000267,   -0.000147
  211    -0.000003,   -0.000000,   -0.000231,    0.000002,    0.000001
  212     0.001372,    0.000302,    0.000005,   -0.000890,   -0.000178
  213     0.000007,    0.000040,   -0.000001,    0.000537,   -0.000181
  214     0.000001,    0.000000,    0.000225,   -0.000002,   -0.000001
  215     0.001141,    0.000257,    0.000002,   -0.000285,   -0.000144
  216     0.000257,    0.000071,    0.000000,   -0.000075,   -0.000049
  217     0.000002,    0.000000,    0.000095,   -0.000002,   -0.000001
  218    -0.000285,   -0.000075,   -0.000002,    0.000387,   -0.000002
  219    -0.000144,   -0.000049,   -0.000001,   -0.000002,    0.000078
  220    -0.000000,   -0.000000,   -0.000060,    0.000001,    0.000000
  221    -0.000478,   -0.000130,   -0.000002,    0.000282,    0.000079
  222     0.000002,    0.000000,    0.000045,   -0.000001,   -0.000001
               220,         221,         222
    0    -0.000003,   -0.000917,    0.000004
    1    -0.000008,   -0.002163,    0.000008
    2     0.000017,    0.004595,   -0.000017
    3     0.000017,    0.004505,   -0.000017
    4    -0.000003,   -0.001033,    0.000003
    5     0.002365,   -0.000034,   -0.001527
    6    -0.000030,   -0.003000,    0.000008
    7     0.000011,    0.005624,   -0.000031
    8     0.001723,   -0.000024,   -0.001124
    9    -0.000022,   -0.002133,    0.000006
   10     0.000008,    0.004044,   -0.000022
   11    -0.000087,    0.000002,    0.000022
   12     0.000002,    0.000304,   -0.000001
   13    -0.000001,   -0.000403,    0.000002
   14    -0.000078,    0.000001,    0.000001
   15    -0.000001,   -0.000211,    0.000000
   16     0.000000,    0.000110,   -0.000001
   17    -0.000051,   -0.000000,    0.000002
   18    -0.000001,   -0.000140,    0.000001
   19    -0.000163,   -0.000000,   -0.000035
   20    -0.000000,    0.000039,   -0.000000
   21    -0.000001,    0.000092,   -0.000001
   22     0.000145,   -0.000002,   -0.000167
   23    -0.000001,    0.000107,   -0.000001
   24     0.000000,   -0.000005,   -0.000000
   25     0.000001,    0.000000,    0.000015
   26     0.000000,   -0.000006,   -0.000000
   27    -0.000000,    0.000012,   -0.000000
   28    -0.000005,   -0.000000,   -0.000008
   29    -0.000000,   -0.000019,    0.000000
   30    -0.000011,    0.000000,    0.000020
   31    -0.000000,   -0.000000,   -0.000000
   32    -0.000000,    0.000001,   -0.000000
   33     0.000000,    0.000065,   -0.000000
   34     0.000000,    0.000651,   -0.000002
   35    -0.000000,   -0.002030,    0.000006
   36    -0.000001,   -0.000251,   -0.000001
   37    -0.000003,    0.000000,   -0.000007
   38     0.000000,   -0.000000,    0.000000
   39    -0.000000,   -0.000002,   -0.000000
   40     0.000076,   -0.000000,    0.000167
   41    -0.000002,    0.000006,   -0.000003
   42     0.000000,    0.000052,    0.000001
   43    -0.000412,    0.000001,   -0.000851
   44     0.000010,    0.000076,    0.000014
   45    -0.000001,   -0.000311,   -0.000006
   46    -0.000691,   -0.000000,   -0.001605
   47     0.000018,   -0.000153,    0.000028
   48    -0.000000,   -0.000399,   -0.000011
   49    -0.000354,    0.000002,   -0.000640
   50     0.000007,    0.000251,    0.000009
   51    -0.000001,   -0.000314,   -0.000005
   52     0.000000,    0.000000,   -0.000000
   53    -0.000000,   -0.000000,   -0.000000
   54     0.000000,    0.000000,   -0.000000
   55    -0.000000,    0.000000,    0.000000
   56     0.000000,   -0.000001,    0.000000
   57     0.000001,   -0.000000,   -0.000002
   58     0.000000,    0.000009,    0.000000
   59    -0.000000,    0.000000,   -0.000000
   60     0.000012,   -0.000000,   -0.000009
   61    -0.000000,    0.000028,   -0.000000
   62    -0.000046,    0.000002,    0.000066
   63    -0.000001,   -0.000082,   -0.000000
   64     0.000000,   -0.000130,    0.000001
   65    -0.000033,    0.000000,    0.000044
   66    -0.000000,   -0.000232,    0.000002
   67    -0.000113,    0.000003,    0.000143
   68    -0.000001,   -0.000197,    0.000001
   69    -0.000000,   -0.000286,    0.000002
   70     0.000027,   -0.000000,    0.000033
   71    -0.000000,   -0.000276,    0.000003
   72     0.000000,    0.000104,   -0.000001
   73     0.000017,   -0.000000,   -0.000027
   74     0.000000,    0.000114,   -0.000001
   75    -0.000000,   -0.000017,   -0.000000
   76    -0.000008,    0.000000,   -0.000001
   77    -0.000000,   -0.000026,   -0.000000
   78    -0.000038,    0.000001,    0.000043
   79    -0.000000,   -0.000000,   -0.000000
   80    -0.000001,   -0.000000,    0.000001
   81    -0.000014,    0.000037,    0.000035
   82    -0.000112,    0.000393,    0.000347
   83     0.000482,   -0.001104,   -0.001093
   84    -0.000151,   -0.000328,   -0.000112
   85    -0.000008,   -0.000005,    0.000005
   86     0.000008,    0.000004,    0.000003
   87    -0.000008,   -0.000011,    0.000001
   88     0.000183,    0.000127,   -0.000114
   89    -0.000182,   -0.000098,   -0.000073
   90     0.000197,    0.000251,   -0.000024
   91    -0.000910,   -0.000638,    0.000564
   92     0.000953,    0.000548,    0.000376
   93    -0.000976,   -0.001352,    0.000087
   94    -0.001814,   -0.001307,    0.001157
   95     0.001731,    0.000847,    0.000712
   96    -0.001952,   -0.002357,    0.000279
   97    -0.000584,   -0.000409,    0.000352
   98     0.000754,    0.000507,    0.000277
   99    -0.000637,   -0.001101,   -0.000011
  100    -0.000000,    0.000000,    0.000000
  101    -0.000000,   -0.000001,    0.000000
  102     0.000000,   -0.000000,   -0.000000
  103    -0.000001,   -0.000000,    0.000000
  104    -0.000000,   -0.000001,    0.000000
  105     0.000001,    0.000001,   -0.000004
  106     0.000002,    0.000020,   -0.000002
  107    -0.000000,   -0.000006,    0.000002
  108     0.000025,    0.000003,   -0.000015
  109     0.000010,    0.000019,   -0.000007
  110    -0.000009,   -0.000069,    0.000027
  111     0.000000,   -0.000091,    0.000017
  112    -0.000041,    0.000111,    0.000020
  113    -0.000180,    0.000020,    0.000106
  114    -0.000079,   -0.000093,    0.000038
  115    -0.000013,   -0.000175,    0.000030
  116     0.000025,   -0.000073,    0.000022
  117    -0.000102,    0.000234,    0.000071
  118    -0.000203,    0.000022,    0.000135
  119    -0.000090,   -0.000106,    0.000028
  120    -0.000013,   -0.000047,    0.000013
  121    -0.000007,   -0.000058,    0.000018
  122     0.000004,   -0.000015,    0.000000
  123     0.000026,    0.000052,   -0.000018
  124    -0.000064,    0.000071,    0.000034
  125    -0.000073,   -0.000021,    0.000035
  126    -0.000029,   -0.000042,    0.000010
  127     0.000000,   -0.000000,    0.000000
  128     0.000001,   -0.000000,   -0.000001
  129     0.000014,    0.000036,   -0.000035
  130     0.000115,    0.000386,   -0.000348
  131    -0.000493,   -0.001083,    0.001093
  132     0.000150,   -0.000328,    0.000115
  133    -0.000008,    0.000006,    0.000005
  134    -0.000008,    0.000004,   -0.000003
  135     0.000008,   -0.000011,   -0.000001
  136     0.000184,   -0.000130,   -0.000113
  137     0.000181,   -0.000097,    0.000074
  138    -0.000197,    0.000254,    0.000021
  139    -0.000916,    0.000654,    0.000555
  140    -0.000946,    0.000542,   -0.000379
  141     0.000975,   -0.001368,   -0.000067
  142    -0.001825,    0.001340,    0.001138
  143    -0.001718,    0.000834,   -0.000718
  144     0.001951,   -0.002389,   -0.000243
  145    -0.000588,    0.000420,    0.000347
  146    -0.000748,    0.000503,   -0.000279
  147     0.000635,   -0.001111,    0.000026
  148    -0.000000,   -0.000000,    0.000000
  149     0.000000,   -0.000001,   -0.000000
  150    -0.000000,   -0.000000,    0.000000
  151    -0.000001,    0.000000,    0.000000
  152     0.000000,   -0.000001,   -0.000000
  153     0.000002,   -0.000002,   -0.000004
  154    -0.000002,    0.000020,    0.000002
  155    -0.000000,   -0.000006,   -0.000002
  156     0.000025,   -0.000003,   -0.000015
  157    -0.000010,    0.000019,    0.000006
  158    -0.000009,    0.000071,    0.000027
  159    -0.000000,   -0.000091,   -0.000018
  160     0.000041,    0.000110,   -0.000021
  161    -0.000181,   -0.000017,    0.000105
  162     0.000079,   -0.000094,   -0.000036
  163    -0.000012,    0.000177,    0.000030
  164    -0.000025,   -0.000073,   -0.000023
  165     0.000103,    0.000232,   -0.000073
  166    -0.000205,   -0.000019,    0.000134
  167     0.000090,   -0.000105,   -0.000027
  168     0.000013,   -0.000048,   -0.000012
  169    -0.000007,    0.000059,    0.000018
  170    -0.000003,   -0.000014,   -0.000000
  171    -0.000026,    0.000053,    0.000018
  172    -0.000065,   -0.000070,    0.000034
  173     0.000074,   -0.000021,   -0.000034
  174    -0.000029,    0.000042,    0.000009
  175    -0.000000,   -0.000000,   -0.000000
  176     0.000000,    0.000005,   -0.000000
  177     0.000000,    0.000089,   -0.000000
  178     0.000003,    0.000796,   -0.000002
  179    -0.000010,   -0.002922,    0.000010
  180     0.000002,    0.000596,   -0.000002
  181     0.000010,   -0.000000,   -0.000013
  182     0.000000,    0.000038,   -0.000000
  183    -0.000000,   -0.000028,    0.000000
  184    -0.000236,    0.000000,    0.000306
  185    -0.000001,   -0.000873,    0.000003
  186     0.000004,    0.000652,   -0.000002
  187     0.001194,   -0.000003,   -0.001578
  188     0.000005,    0.004339,   -0.000014
  189    -0.000018,   -0.003200,    0.000008
  190     0.002293,   -0.000004,   -0.002934
  191     0.000010,    0.008600,   -0.000029
  192    -0.000036,   -0.006475,    0.000016
  193     0.000865,   -0.000003,   -0.001208
  194     0.000002,    0.002956,   -0.000009
  195    -0.000012,   -0.002088,    0.000004
  196    -0.000000,    0.000000,    0.000000
  197    -0.000000,   -0.000001,    0.000000
  198     0.000000,    0.000001,   -0.000000
  199    -0.000000,   -0.000000,    0.000000
  200    -0.000000,   -0.000001,    0.000000
  201    -0.000002,   -0.000000,   -0.000000
  202     0.000000,    0.000088,   -0.000000
  203    -0.000000,   -0.000029,    0.000000
  204     0.000011,    0.000000,   -0.000011
  205     0.000000,    0.000049,   -0.000000
  206     0.000066,    0.000002,   -0.000050
  207    -0.000002,   -0.000721,    0.000003
  208     0.000001,    0.000192,   -0.000000
  209    -0.000118,   -0.000001,    0.000072
  210    -0.000000,   -0.000392,    0.000002
  211     0.000135,    0.000002,   -0.000124
  212    -0.000002,   -0.000864,    0.000003
  213     0.000002,    0.000176,    0.000000
  214    -0.000204,   -0.000001,    0.000071
  215    -0.000000,   -0.000478,    0.000002
  216    -0.000000,   -0.000130,    0.000000
  217    -0.000060,   -0.000002,    0.000045
  218     0.000001,    0.000282,   -0.000001
  219     0.000000,    0.000079,   -0.000001
  220     0.000053,    0.000001,   -0.000022
  221     0.000001,    0.000319,   -0.000001
  222    -0.000022,   -0.000001,    0.000030
Detailed time report:
InitGuess |:    1.785 s for Prepare initial guess
DFT Grids |:    3.243 s for Initialization of the tabulated Grids and AOs
CInt      |:    1.965 s for Two, Three, and Four-center integrals
ISDF      |:    0.000 s for ISDF initialization
Overall   |:    6.993 s for SCF Preparation
total electron number:      33.99999982
The evaluation of Vj, Vk and Vxc matrices cost       0.02,       0.13 and       0.45 seconds, respectively
Exc:     -13.21171923, Vxc:      -8.50462334
The total energy:       -94.7835017969 Ha by the initial guess
total electron number:      33.99999999
The evaluation of Vj, Vk and Vxc matrices cost       0.02,       0.13 and       0.45 seconds, respectively
Exc:     -13.10115739, Vxc:      -8.43297642
Hamiltonian: generation by       0.61s and DIIS extrapolation by       0.01s
Energy:     -94.7811274035 Ha after    1 iterations (in       0.64 seconds).
Detailed timing info in this SCF step:
prepare_next_input:            0.61s
diagonalize_hamiltonian:       0.03s
generate_density_matrix:       0.00s
check_scf_convergence:         0.00s
scf_records.update:            0.00s
total electron number:      33.99999969
The evaluation of Vj, Vk and Vxc matrices cost       0.02,       0.13 and       0.46 seconds, respectively
Exc:     -13.21981734, Vxc:      -8.51034864
Hamiltonian: generation by       0.61s and DIIS extrapolation by       0.01s
SCF Change: DM 1.12079e-3; eev 3.37274e-1 Ha; etot 4.39000e-2 Ha
Energy:     -94.7372274525 Ha after    2 iterations (in       0.65 seconds).
Detailed timing info in this SCF step:
prepare_next_input:            0.62s
diagonalize_hamiltonian:       0.03s
generate_density_matrix:       0.00s
check_scf_convergence:         0.00s
scf_records.update:            0.00s
total electron number:      33.99999995
The evaluation of Vj, Vk and Vxc matrices cost       0.02,       0.13 and       0.47 seconds, respectively
Exc:     -13.15690805, Vxc:      -8.46924011
Hamiltonian: generation by       0.63s and DIIS extrapolation by       0.01s
SCF Change: DM 1.29951e-4; eev 7.63812e-2 Ha; etot -5.25051e-2 Ha
Energy:     -94.7897325196 Ha after    3 iterations (in       0.67 seconds).
Detailed timing info in this SCF step:
prepare_next_input:            0.63s
diagonalize_hamiltonian:       0.03s
generate_density_matrix:       0.00s
check_scf_convergence:         0.00s
scf_records.update:            0.00s
total electron number:      33.99999993
The evaluation of Vj, Vk and Vxc matrices cost       0.02,       0.12 and       0.44 seconds, respectively
Exc:     -13.14951183, Vxc:      -8.46442930
Hamiltonian: generation by       0.58s and DIIS extrapolation by       0.01s
SCF Change: DM 8.53388e-6; eev 4.65345e-3 Ha; etot -2.34320e-4 Ha
Energy:     -94.7899668394 Ha after    4 iterations (in       0.62 seconds).
Detailed timing info in this SCF step:
prepare_next_input:            0.59s
diagonalize_hamiltonian:       0.03s
generate_density_matrix:       0.00s
check_scf_convergence:         0.00s
scf_records.update:            0.00s
total electron number:      33.99999993
The evaluation of Vj, Vk and Vxc matrices cost       0.02,       0.12 and       0.39 seconds, respectively
Exc:     -13.14871920, Vxc:      -8.46392031
Hamiltonian: generation by       0.53s and DIIS extrapolation by       0.01s
SCF Change: DM 3.80941e-6; eev 2.61072e-3 Ha; etot -6.06263e-7 Ha
Energy:     -94.7899674457 Ha after    5 iterations (in       0.57 seconds).
Detailed timing info in this SCF step:
prepare_next_input:            0.54s
diagonalize_hamiltonian:       0.03s
generate_density_matrix:       0.00s
check_scf_convergence:         0.00s
scf_records.update:            0.00s
total electron number:      33.99999993
The evaluation of Vj, Vk and Vxc matrices cost       0.02,       0.12 and       0.48 seconds, respectively
Exc:     -13.14909636, Vxc:      -8.46416395
Hamiltonian: generation by       0.62s and DIIS extrapolation by       0.01s
SCF Change: DM 1.50992e-7; eev 3.56529e-5 Ha; etot -1.35780e-7 Ha
Energy:     -94.7899675814 Ha after    6 iterations (in       0.66 seconds).
Detailed timing info in this SCF step:
prepare_next_input:            0.63s
diagonalize_hamiltonian:       0.03s
generate_density_matrix:       0.00s
check_scf_convergence:         0.00s
scf_records.update:            0.00s
total electron number:      33.99999993
The evaluation of Vj, Vk and Vxc matrices cost       0.02,       0.12 and       0.46 seconds, respectively
Exc:     -13.14909554, Vxc:      -8.46416346
Hamiltonian: generation by       0.61s and DIIS extrapolation by       0.01s
SCF Change: DM 2.37407e-8; eev 4.62476e-6 Ha; etot -4.29765e-10 Ha
Energy:     -94.7899675819 Ha after    7 iterations (in       0.65 seconds).
Detailed timing info in this SCF step:
prepare_next_input:            0.62s
diagonalize_hamiltonian:       0.03s
generate_density_matrix:       0.00s
check_scf_convergence:         0.00s
scf_records.update:            0.00s
total electron number:      33.99999993
The evaluation of Vj, Vk and Vxc matrices cost       0.02,       0.12 and       0.48 seconds, respectively
Exc:     -13.14909520, Vxc:      -8.46416325
Hamiltonian: generation by       0.63s and DIIS extrapolation by       0.01s
SCF Change: DM 5.44332e-9; eev 6.64042e-7 Ha; etot -1.06866e-11 Ha
Energy:     -94.7899675819 Ha after    8 iterations (in       0.68 seconds).
Detailed timing info in this SCF step:
prepare_next_input:            0.65s
diagonalize_hamiltonian:       0.03s
generate_density_matrix:       0.00s
check_scf_convergence:         0.00s
scf_records.update:            0.00s
SCF is converged after    8 iterations.
   State    Occupation        Eigenvalue
       0       2.00000        -10.397052
       1       2.00000         -0.974342
       2       2.00000         -0.918649
       3       2.00000         -0.918648
       4       2.00000         -0.918646
       5       2.00000         -0.654914
       6       2.00000         -0.459536
       7       2.00000         -0.459535
       8       2.00000         -0.459532
       9       2.00000         -0.344458
      10       2.00000         -0.344455
      11       2.00000         -0.324300
      12       2.00000         -0.324299
      13       2.00000         -0.324298
      14       2.00000         -0.298622
      15       2.00000         -0.298621
      16       2.00000         -0.298621
      17       0.00000         -0.115204
      18       0.00000         -0.045233
      19       0.00000         -0.045230
==========================================
Now evaluate the    PT2 correlation energy
==========================================
generate RI3MO only for occ_range:0..17, vir_range:17..223
Finish the RI3MO generation
Exc_scf: (-13.149095156741812,0.2),Exc_pos: (-3.951753323751877,0.7731)
----------------------------------------------------------------------
Methods         :       Total Corr,          OS Corr,          SS Corr
----------------------------------------------------------------------
PT2             :      -1.28705507,      -0.95006245,      -0.33699261
----------------------------------------------------------------------
Fifth-rung correlation energy :      -0.414607254770 Ha
E[XYGJOS]=:     -94.53684252 Ha, Ex[HF]:     -14.88328305 Ha, Ec[PT2  ]:      -1.28705507 Ha
Detailed time report:
c_r5dft   |:    0.200 s for for advanced correlations
ao2mo     |:    0.418 s for for the generation of RI3MO
xc_energy |:    0.518 s for for x_hf, xc_scf, xc_xdh
Mulliken population:
 0-C-S-0              0.85562
 0-C-S-0              1.11620
 0-C-S-0              0.59036
 0-C-S-0              0.73298
 0-C-S-0              0.05145
 0-C-P-0              0.34920
 0-C-P-1              0.34920
 0-C-P-2              0.34921
 0-C-P-0              0.37769
 0-C-P-1              0.37769
 0-C-P-2              0.37768
 0-C-P-0              0.06770
 0-C-P-1              0.06770
 0-C-P-2              0.06770
 0-C-D-0              0.00195
 0-C-D-1              0.00396
 0-C-D-2              0.00216
 0-C-D-3              0.00416
 0-C-D-4              0.00427
 0-C-D-0              0.02650
 0-C-D-1              0.02738
 0-C-D-2              0.02658
 0-C-D-3              0.02746
 0-C-D-4              0.02751
 0-C-F-0              0.00070
 0-C-F-1              0.00106
 0-C-F-2              0.00078
 0-C-F-3              0.00053
 0-C-F-4              0.00095
 0-C-F-5              0.00121
 0-C-F-6              0.00076
 1-Br-S-0              0.00000
 1-Br-S-0              0.00003
 1-Br-S-0             -0.01389
 1-Br-S-0             -0.29578
 1-Br-S-0              1.74711
 1-Br-S-0              0.42566
 1-Br-P-0              0.00004
 1-Br-P-1              0.00002
 1-Br-P-2              0.00004
 1-Br-P-0             -0.02717
 1-Br-P-1             -0.01744
 1-Br-P-2             -0.02539
 1-Br-P-0              0.49378
 1-Br-P-1              0.31531
 1-Br-P-2              0.46117
 1-Br-P-0              1.09945
 1-Br-P-1              0.80879
 1-Br-P-2              1.04635
 1-Br-P-0              0.38453
 1-Br-P-1              0.20147
 1-Br-P-2              0.35109
 1-Br-D-0              0.00000
 1-Br-D-1              0.00000
 1-Br-D-2              0.00000
 1-Br-D-3              0.00000
 1-Br-D-4              0.00000
 1-Br-D-0             -0.00004
 1-Br-D-1             -0.00040
 1-Br-D-2             -0.00006
 1-Br-D-3             -0.00003
 1-Br-D-4             -0.00050
 1-Br-D-0              0.00151
 1-Br-D-1              0.00625
 1-Br-D-2              0.00147
 1-Br-D-3              0.00065
 1-Br-D-4              0.00739
 1-Br-D-0              0.00905
 1-Br-D-1              0.01495
 1-Br-D-2              0.00587
 1-Br-D-3              0.00407
 1-Br-D-4              0.01442
 1-Br-F-0              0.00221
 1-Br-F-1              0.00061
 1-Br-F-2              0.00097
 1-Br-F-3              0.00108
 1-Br-F-4              0.00005
 1-Br-F-5              0.00244
 1-Br-F-6              0.00080
 2-Br-S-0              0.00000
 2-Br-S-0              0.00003
 2-Br-S-0             -0.01389
 2-Br-S-0             -0.29578
 2-Br-S-0              1.74712
 2-Br-S-0              0.42565
 2-Br-P-0              0.00003
 2-Br-P-1              0.00004
 2-Br-P-2              0.00003
 2-Br-P-0             -0.01949
 2-Br-P-1             -0.02701
 2-Br-P-2             -0.02350
 2-Br-P-0              0.35295
 2-Br-P-1              0.49082
 2-Br-P-2              0.42650
 2-Br-P-0              0.87009
 2-Br-P-1              1.09462
 2-Br-P-2              0.98987
 2-Br-P-0              0.24008
 2-Br-P-1              0.38149
 2-Br-P-2              0.31552
 2-Br-D-0              0.00000
 2-Br-D-1              0.00000
 2-Br-D-2             -0.00000
 2-Br-D-3              0.00000
 2-Br-D-4              0.00000
 2-Br-D-0             -0.00004
 2-Br-D-1             -0.00006
 2-Br-D-2             -0.00002
 2-Br-D-3             -0.00058
 2-Br-D-4             -0.00032
 2-Br-D-0              0.00142
 2-Br-D-1              0.00112
 2-Br-D-2              0.00115
 2-Br-D-3              0.00865
 2-Br-D-4              0.00494
 2-Br-D-0              0.00746
 2-Br-D-1              0.00582
 2-Br-D-2              0.00722
 2-Br-D-3              0.01636
 2-Br-D-4              0.01150
 2-Br-F-0              0.00063
 2-Br-F-1              0.00095
 2-Br-F-2              0.00014
 2-Br-F-3              0.00096
 2-Br-F-4              0.00146
 2-Br-F-5              0.00279
 2-Br-F-6              0.00122
 3-Br-S-0              0.00000
 3-Br-S-0              0.00003
 3-Br-S-0             -0.01389
 3-Br-S-0             -0.29578
 3-Br-S-0              1.74712
 3-Br-S-0              0.42565
 3-Br-P-0              0.00003
 3-Br-P-1              0.00004
 3-Br-P-2              0.00003
 3-Br-P-0             -0.01950
 3-Br-P-1             -0.02700
 3-Br-P-2             -0.02351
 3-Br-P-0              0.35316
 3-Br-P-1              0.49054
 3-Br-P-2              0.42656
 3-Br-P-0              0.87044
 3-Br-P-1              1.09417
 3-Br-P-2              0.98997
 3-Br-P-0              0.24030
 3-Br-P-1              0.38121
 3-Br-P-2              0.31558
 3-Br-D-0              0.00000
 3-Br-D-1              0.00000
 3-Br-D-2             -0.00000
 3-Br-D-3              0.00000
 3-Br-D-4              0.00000
 3-Br-D-0             -0.00004
 3-Br-D-1             -0.00006
 3-Br-D-2             -0.00002
 3-Br-D-3             -0.00058
 3-Br-D-4             -0.00032
 3-Br-D-0              0.00144
 3-Br-D-1              0.00113
 3-Br-D-2              0.00115
 3-Br-D-3              0.00863
 3-Br-D-4              0.00492
 3-Br-D-0              0.00748
 3-Br-D-1              0.00584
 3-Br-D-2              0.00721
 3-Br-D-3              0.01633
 3-Br-D-4              0.01149
 3-Br-F-0              0.00064
 3-Br-F-1              0.00097
 3-Br-F-2              0.00015
 3-Br-F-3              0.00096
 3-Br-F-4              0.00145
 3-Br-F-5              0.00278
 3-Br-F-6              0.00121
 4-Br-S-0              0.00000
 4-Br-S-0              0.00003
 4-Br-S-0             -0.01389
 4-Br-S-0             -0.29578
 4-Br-S-0              1.74712
 4-Br-S-0              0.42565
 4-Br-P-0              0.00004
 4-Br-P-1              0.00003
 4-Br-P-2              0.00003
 4-Br-P-0             -0.02717
 4-Br-P-1             -0.02190
 4-Br-P-2             -0.02094
 4-Br-P-0              0.49378
 4-Br-P-1              0.39702
 4-Br-P-2              0.37947
 4-Br-P-0              1.09944
 4-Br-P-1              0.94186
 4-Br-P-2              0.91327
 4-Br-P-0              0.38453
 4-Br-P-1              0.28528
 4-Br-P-2              0.26728
 4-Br-D-0             -0.00000
 4-Br-D-1              0.00000
 4-Br-D-2              0.00000
 4-Br-D-3              0.00000
 4-Br-D-4              0.00000
 4-Br-D-0              0.00000
 4-Br-D-1             -0.00065
 4-Br-D-2             -0.00012
 4-Br-D-3             -0.00007
 4-Br-D-4             -0.00018
 4-Br-D-0              0.00065
 4-Br-D-1              0.00965
 4-Br-D-2              0.00258
 4-Br-D-3              0.00152
 4-Br-D-4              0.00288
 4-Br-D-0              0.00495
 4-Br-D-1              0.01688
 4-Br-D-2              0.01011
 4-Br-D-3              0.00817
 4-Br-D-4              0.00826
 4-Br-F-0              0.00056
 4-Br-F-1              0.00080
 4-Br-F-2              0.00304
 4-Br-F-3              0.00064
 4-Br-F-4              0.00042
 4-Br-F-5              0.00247
 4-Br-F-6              0.00024
Mulliken population analysis:
  0-C  :   0.111674
  1-Br :  -0.027925
  2-Br :  -0.027920
  3-Br :  -0.027920
  4-Br :  -0.027909

====================================================
              REST: Mission accomplished
====================================================
The SCF energy        :     -94.7899675819 Ha
The (R)-xDH energy    :     -94.5368425195 Ha
Detailed time report:
PT2       |:    1.136 s for the PT2 evaluation
Overall   |:   14.351 s for the whole job
SCF       |:   12.773 s for the scf procedure
