=========================================================
Input parameters for the REST calculation
=========================================================
Calculation type: Single-point energy
The exchange-correlation method: xygjos
Print level:                3
The number of threads used for parallelism:      4
The spheric-GTO basis set is taken from /home/symei/def2-TZVPP-ECP28MWB
The pruning method is nwchem
The radial grid generation method is treutler
ERI Type: ri_v
Turn on the basis pair symmetry for RI 3D-tensors
The spheric-GTO auxiliary basis set is taken from /home/symei/def2-SV(P)-JKFIT
Spin polarization: Off
Charge:   0; Spin:   1
min_num_angular_points: 110
max_num_angular_points: 590
hardness: 3
Grid generation level: 3
Even tempered basis generation: false
SCF convergency thresholds: 1e-8 for density matrix
                            1e-6 Ha. for sum of eigenvalues
                            1e-8 Ha. for total energy
Max. SCF cycle number:      100
The diis mixing with (param, max_vec_len) = (0.2, 8) is employed for the SCF procedure
Turn on the diis mixing after 1 step(s) of SCF iteractions with the linear mixing
The specified checkfile exists but is not loaded because the keyword 'external_init_guess' is specified
It will be updated after the SCF procedure 
(none)
Initial guess is prepared by (sad).
It is a finite cluster calculation
the scf functional for 'xygjos' contains
The density functional 'B3LYP' belongs to the 'Hybrid GGA' family and is defined in the reference(s):
(0): P. J. Stephens, F. J. Devlin, C. F. Chabalowski, and M. J. Frisch.,  J. Phys. Chem. 98, 11623 (1994)
the post-scf functional 'xygjos' is employed, which contains
The density functional 'Slater exchange' belongs to the 'LDA' family and is defined in the reference(s):
(0): P. A. M. Dirac.,  Math. Proc. Cambridge Philos. Soc. 26, 376 (1930)
(1): F. Bloch.,  Z. Phys. 57, 545 (1929)
The density functional 'Becke 88' belongs to the 'GGA' family and is defined in the reference(s):
(0): A. D. Becke.,  Phys. Rev. A 38, 3098 (1988)
The density functional 'Vosko, Wilk & Nusair (VWN5_RPA)' belongs to the 'LDA' family and is defined in the reference(s):
(0): S. H. Vosko, L. Wilk, and M. Nusair.,  Can. J. Phys. 58, 1200 (1980)
The density functional 'Lee, Yang & Parr' belongs to the 'GGA' family and is defined in the reference(s):
(0): C. Lee, W. Yang, and R. G. Parr.,  Phys. Rev. B 37, 785 (1988)
(1): B. Miehlich, A. Savin, H. Stoll, and H. Preuss.,  Chem. Phys. Lett. 157, 200 (1989)
<start_mo> for the frozen-core post-SCF methods 10 is smaller than the number of ecp orbitals 28. Set <start_mo> = 0
Libxc version used in REST: 7.0.0
nbas: 78, natm: 8 for standard basis sets
First valence state for the frozen-core algorithm:     0
final nbas: 272,final natm: 16
numbasis: 214, num_auxbas: 754
Molecule_name: cbrcbr
job_type = "SinglePoint"
print_level = 3
basis_path = "/home/symei/def2-TZVPP-ECP28MWB"
basis_type = "spheric"
auxbas_path = "/home/symei/def2-SV(P)-JKFIT"
auxbas_type = "spheric"
use_auxbas = true
even_tempered_basis = false
etb_start_atom_number = 1
etb_beta = 1.0
ri_k_only = false
auxbasis_response = false
use_isdf = false
isdf_k_only = false
isdf_k_mu = 8
isdf_new = false
eri_type = "ri_v"
use_ri_symm = true
xc = "xygjos"
post_xc = []
post_correlation = []
post_ai_correction = "none"
charge = 0.0
spin = 1.0
spin_channel = 1
spin_polarization = false
frozen_core_postscf = 2
frequency_points = 20
lambda_points = 20
freq_grid_type = 0
freq_cut_off = 10.0
radial_precision = 0.000000000001
min_num_angular_points = 110
max_num_angular_points = 590
grid_gen_level = 3
hardness = 3
pruning = "nwchem"
rad_grid_method = "treutler"
external_grids = "grids"
mixer = "diis"
mix_param = 0.2
num_max_diis = 8
start_diis_cycle = 1
start_check_oscillation = 20
max_scf_cycle = 100
scf_acc_rho = 0.00000001
scf_acc_eev = 0.000001
scf_acc_etot = 0.00000001
restart = false
chkfile = "none"
chkfile_type = "hdf5"
guessfile = "none"
guessfile_type = "none"
external_init_guess = false
initial_guess = "sad"
noiter = false
check_stab = false
use_dm_only = false
use_ri_vj = true
fciqmc_dump = false
outputs = []
cube_orb_setting = [3.0, 80.0]
cube_orb_indices = []
atom_sad = false
occupation_type = "INTEGER"
frac_tolerant = 0.001
deep_pot = false
bench_eps = false
num_threads = 4
batch_size = 64
nforce_displacement = 0.0013
force_state_occupation = []
auxiliary_reference_states = []
pt2_mpi_mode = 0

Restricted Hartree-Fock (or Kohn-Sham) algorithm is invoked.
Nuc_energy:      85.99082700 Hartree
no empirical dispersion correction is employed
No ghost effective potential
No ghost point charges
Detailed time report:
inv_sqrt  |:    0.134 s for for the sqrt inverse of aux_ij
aux_ij    |:    0.011 s for for the coulomb matrix of auxiliary basis
prim ri   |:    0.324 s for for the pure three-center integrals
all ri    |:    0.789 s for for the total evaluations of ri3fn
ri_v      |:    0.320 s for for RI dot aux_v^{-1/2}
Overlap matrix is nonsigular:
  Lowest eigenvalue:       0.00035717 with the total number of basis functions:    214
Grid size: 109708
Generate SAD of C
the functional of 'hf' contains
For SCF calculation, no core orbital is frozen by effective core potential (ECP) approximation
Libxc version used in REST: 7.0.0
nbas: 11, natm: 1 for standard basis sets
First valence state for the frozen-core algorithm:     0
final nbas: 36,final natm: 2
numbasis: 31, num_auxbas: 75
Restricted Hartree-Fock (or Kohn-Sham) algorithm is invoked.
Nuc_energy:       0.00000000 Hartree
no empirical dispersion correction is employed
No ghost effective potential
No ghost point charges
Detailed time report:
aux_ij    |:    0.002 s for for the coulomb matrix of auxiliary basis
all ri    |:    0.006 s for for the total evaluations of ri3fn
inv_sqrt  |:    0.001 s for for the sqrt inverse of aux_ij
prim ri   |:    0.002 s for for the pure three-center integrals
ri_v      |:    0.000 s for for RI dot aux_v^{-1/2}
Overlap matrix is nonsigular:
  Lowest eigenvalue:       0.02859941 with the total number of basis functions:     31
Grid size: 13902
Initial guess from SAP
The evaluation of vmat costs             0.01 seconds
Detailed time report:
CInt      |:    0.007 s for Two, Three, and Four-center integrals
InitGuess |:    0.012 s for Prepare initial guess
DFT Grids |:    0.029 s for Initialization of the tabulated Grids and AOs
ISDF      |:    0.000 s for ISDF initialization
Overall   |:    0.048 s for SCF Preparation
Exc:       0.00000000, Vxc:       0.00000000
The total energy:       -37.3118631552 Ha by the initial guess
Exc:       0.00000000, Vxc:       0.00000000
Energy:     -37.3534544776 Ha after    1 iterations (in       0.00 seconds).
Detailed timing info in this SCF step:
prepare_next_input:            0.00s
diagonalize_hamiltonian:       0.00s
generate_density_matrix:       0.00s
check_scf_convergence:         0.00s
scf_records.update:            0.00s
Exc:       0.00000000, Vxc:       0.00000000
SCF Change: DM 2.19957e-3; eev 1.98117e-1 Ha; etot 1.39255e-2 Ha
Energy:     -37.3395289986 Ha after    2 iterations (in       0.00 seconds).
Detailed timing info in this SCF step:
prepare_next_input:            0.00s
diagonalize_hamiltonian:       0.00s
generate_density_matrix:       0.00s
check_scf_convergence:         0.00s
scf_records.update:            0.00s
Exc:       0.00000000, Vxc:       0.00000000
SCF Change: DM 2.75898e-4; eev 8.27411e-2 Ha; etot 4.91166e-3 Ha
Energy:     -37.3346173426 Ha after    3 iterations (in       0.00 seconds).
Detailed timing info in this SCF step:
prepare_next_input:            0.00s
diagonalize_hamiltonian:       0.00s
generate_density_matrix:       0.00s
check_scf_convergence:         0.00s
scf_records.update:            0.00s
Exc:       0.00000000, Vxc:       0.00000000
SCF Change: DM 7.48385e-4; eev 5.26451e-2 Ha; etot -5.83989e-3 Ha
Energy:     -37.3404572308 Ha after    4 iterations (in       0.00 seconds).
Detailed timing info in this SCF step:
prepare_next_input:            0.00s
diagonalize_hamiltonian:       0.00s
generate_density_matrix:       0.00s
check_scf_convergence:         0.00s
scf_records.update:            0.00s
Exc:       0.00000000, Vxc:       0.00000000
SCF Change: DM 1.50994e-4; eev 3.25359e-2 Ha; etot -1.32711e-3 Ha
Energy:     -37.3417843366 Ha after    5 iterations (in       0.00 seconds).
Detailed timing info in this SCF step:
prepare_next_input:            0.00s
diagonalize_hamiltonian:       0.00s
generate_density_matrix:       0.00s
check_scf_convergence:         0.00s
scf_records.update:            0.00s
Exc:       0.00000000, Vxc:       0.00000000
SCF Change: DM 2.39738e-4; eev 1.55190e-2 Ha; etot 1.96241e-3 Ha
Energy:     -37.3398219292 Ha after    6 iterations (in       0.00 seconds).
Detailed timing info in this SCF step:
prepare_next_input:            0.00s
diagonalize_hamiltonian:       0.00s
generate_density_matrix:       0.00s
check_scf_convergence:         0.00s
scf_records.update:            0.00s
Exc:       0.00000000, Vxc:       0.00000000
SCF Change: DM 6.22195e-5; eev 1.20159e-2 Ha; etot 2.64520e-4 Ha
Energy:     -37.3395574095 Ha after    7 iterations (in       0.00 seconds).
Detailed timing info in this SCF step:
prepare_next_input:            0.00s
diagonalize_hamiltonian:       0.00s
generate_density_matrix:       0.00s
check_scf_convergence:         0.00s
scf_records.update:            0.00s
Exc:       0.00000000, Vxc:       0.00000000
SCF Change: DM 5.69283e-5; eev 2.75140e-3 Ha; etot -5.52643e-4 Ha
Energy:     -37.3401100521 Ha after    8 iterations (in       0.01 seconds).
Detailed timing info in this SCF step:
prepare_next_input:            0.01s
diagonalize_hamiltonian:       0.00s
generate_density_matrix:       0.00s
check_scf_convergence:         0.00s
scf_records.update:            0.00s
Exc:       0.00000000, Vxc:       0.00000000
SCF Change: DM 1.64934e-5; eev 2.56091e-3 Ha; etot -6.07626e-7 Ha
Energy:     -37.3401106598 Ha after    9 iterations (in       0.00 seconds).
Detailed timing info in this SCF step:
prepare_next_input:            0.00s
diagonalize_hamiltonian:       0.00s
generate_density_matrix:       0.00s
check_scf_convergence:         0.00s
scf_records.update:            0.00s
Exc:       0.00000000, Vxc:       0.00000000
SCF Change: DM 1.87824e-6; eev 2.26777e-5 Ha; etot -1.25578e-7 Ha
Energy:     -37.3401107853 Ha after   10 iterations (in       0.00 seconds).
Detailed timing info in this SCF step:
prepare_next_input:            0.00s
diagonalize_hamiltonian:       0.00s
generate_density_matrix:       0.00s
check_scf_convergence:         0.00s
scf_records.update:            0.00s
Exc:       0.00000000, Vxc:       0.00000000
SCF Change: DM 3.76649e-7; eev 1.74992e-5 Ha; etot -4.21458e-10 Ha
Energy:     -37.3401107858 Ha after   11 iterations (in       0.00 seconds).
Detailed timing info in this SCF step:
prepare_next_input:            0.00s
diagonalize_hamiltonian:       0.00s
generate_density_matrix:       0.00s
check_scf_convergence:         0.00s
scf_records.update:            0.00s
Exc:       0.00000000, Vxc:       0.00000000
SCF Change: DM 1.30812e-8; eev 2.79744e-7 Ha; etot -1.88365e-11 Ha
Energy:     -37.3401107858 Ha after   12 iterations (in       0.00 seconds).
Detailed timing info in this SCF step:
prepare_next_input:            0.00s
diagonalize_hamiltonian:       0.00s
generate_density_matrix:       0.00s
check_scf_convergence:         0.00s
scf_records.update:            0.00s
Exc:       0.00000000, Vxc:       0.00000000
SCF Change: DM 2.33060e-9; eev 2.95397e-8 Ha; etot  0.00000e0 Ha
Energy:     -37.3401107858 Ha after   13 iterations (in       0.00 seconds).
Detailed timing info in this SCF step:
prepare_next_input:            0.00s
diagonalize_hamiltonian:       0.00s
generate_density_matrix:       0.00s
check_scf_convergence:         0.00s
scf_records.update:            0.00s
Exc:       0.00000000, Vxc:       0.00000000
SCF Change: DM 5.18746e-12; eev 3.12529e-10 Ha; etot -1.42109e-14 Ha
Energy:     -37.3401107858 Ha after   14 iterations (in       0.00 seconds).
Detailed timing info in this SCF step:
prepare_next_input:            0.00s
diagonalize_hamiltonian:       0.00s
generate_density_matrix:       0.00s
check_scf_convergence:         0.00s
scf_records.update:            0.00s
SCF is converged after   14 iterations.
   State    Occupation        Eigenvalue
       0       2.00000        -11.472430
       1       2.00000         -0.775722
       2       0.66667         -0.123052
       3       0.66667         -0.123052
       4       0.66667         -0.123052
       5       0.00000          0.234768
       6       0.00000          0.349642
       7       0.00000          0.349642
the job spends             0.08 seconds
Generate SAD of H
the functional of 'hf' contains
For SCF calculation, no core orbital is frozen by effective core potential (ECP) approximation
Libxc version used in REST: 7.0.0
nbas: 6, natm: 1 for standard basis sets
First valence state for the frozen-core algorithm:     0
final nbas: 12,final natm: 2
numbasis: 14, num_auxbas: 18
Unrestricted Hartree-Fock (or Kohn-Sham) algorithm is invoked.
Nuc_energy:       0.00000000 Hartree
no empirical dispersion correction is employed
No ghost effective potential
No ghost point charges
Detailed time report:
prim ri   |:    0.000 s for for the pure three-center integrals
ri_v      |:    0.000 s for for RI dot aux_v^{-1/2}
inv_sqrt  |:    0.000 s for for the sqrt inverse of aux_ij
all ri    |:    0.000 s for for the total evaluations of ri3fn
aux_ij    |:    0.000 s for for the coulomb matrix of auxiliary basis
Overlap matrix is nonsigular:
  Lowest eigenvalue:       0.10940728 with the total number of basis functions:     14
Grid size: 10024
Initial guess from SAP
The evaluation of vmat costs             0.00 seconds
Detailed time report:
Overall   |:    0.011 s for SCF Preparation
DFT Grids |:    0.006 s for Initialization of the tabulated Grids and AOs
ISDF      |:    0.000 s for ISDF initialization
InitGuess |:    0.004 s for Prepare initial guess
CInt      |:    0.001 s for Two, Three, and Four-center integrals
Exc:       0.00000000, Vxc:       0.00000000
The total energy:        -0.4746750264 Ha by the initial guess
Exc:       0.00000000, Vxc:       0.00000000
Energy:      -0.4947605578 Ha with <S^2> =  0.750 and <2S+1> =  2.000 after    1 iterations (in       0.00 seconds).
Detailed timing info in this SCF step:
prepare_next_input:            0.00s
diagonalize_hamiltonian:       0.00s
generate_density_matrix:       0.00s
check_scf_convergence:         0.00s
scf_records.update:            0.00s
Exc:       0.00000000, Vxc:       0.00000000
SCF Change: DM (2.42831e-3, 0.00000e0); eev 1.75389e-1 Ha; etot -7.45427e-3 Ha
Energy:      -0.5022148265 Ha with <S^2> =  0.750 and <2S+1> =  2.000 after    2 iterations (in       0.00 seconds).
Detailed timing info in this SCF step:
prepare_next_input:            0.00s
diagonalize_hamiltonian:       0.00s
generate_density_matrix:       0.00s
check_scf_convergence:         0.00s
scf_records.update:            0.00s
Exc:       0.00000000, Vxc:       0.00000000
SCF Change: DM (4.89184e-4, 0.00000e0); eev 6.79785e-2 Ha; etot 1.31784e-3 Ha
Energy:      -0.5008969838 Ha with <S^2> =  0.750 and <2S+1> =  2.000 after    3 iterations (in       0.00 seconds).
Detailed timing info in this SCF step:
prepare_next_input:            0.00s
diagonalize_hamiltonian:       0.00s
generate_density_matrix:       0.00s
check_scf_convergence:         0.00s
scf_records.update:            0.00s
Exc:       0.00000000, Vxc:       0.00000000
SCF Change: DM (6.14473e-5, 0.00000e0); eev 1.58155e-2 Ha; etot 9.31515e-4 Ha
Energy:      -0.4999654685 Ha with <S^2> =  0.750 and <2S+1> =  2.000 after    4 iterations (in       0.00 seconds).
Detailed timing info in this SCF step:
prepare_next_input:            0.00s
diagonalize_hamiltonian:       0.00s
generate_density_matrix:       0.00s
check_scf_convergence:         0.00s
scf_records.update:            0.00s
Exc:       0.00000000, Vxc:       0.00000000
SCF Change: DM (3.39240e-5, 0.00000e0); eev 1.39012e-3 Ha; etot 1.87791e-4 Ha
Energy:      -0.4997776776 Ha with <S^2> =  0.750 and <2S+1> =  2.000 after    5 iterations (in       0.00 seconds).
Detailed timing info in this SCF step:
prepare_next_input:            0.00s
diagonalize_hamiltonian:       0.00s
generate_density_matrix:       0.00s
check_scf_convergence:         0.00s
scf_records.update:            0.00s
Exc:       0.00000000, Vxc:       0.00000000
SCF Change: DM (1.39081e-5, 0.00000e0); eev 7.49941e-4 Ha; etot -4.66356e-6 Ha
Energy:      -0.4997823411 Ha with <S^2> =  0.750 and <2S+1> =  2.000 after    6 iterations (in       0.00 seconds).
Detailed timing info in this SCF step:
prepare_next_input:            0.00s
diagonalize_hamiltonian:       0.00s
generate_density_matrix:       0.00s
check_scf_convergence:         0.00s
scf_records.update:            0.00s
Exc:       0.00000000, Vxc:       0.00000000
SCF Change: DM (3.24050e-6, 0.00000e0); eev 4.38958e-4 Ha; etot -1.82058e-5 Ha
Energy:      -0.4998005469 Ha with <S^2> =  0.750 and <2S+1> =  2.000 after    7 iterations (in       0.00 seconds).
Detailed timing info in this SCF step:
prepare_next_input:            0.00s
diagonalize_hamiltonian:       0.00s
generate_density_matrix:       0.00s
check_scf_convergence:         0.00s
scf_records.update:            0.00s
Exc:       0.00000000, Vxc:       0.00000000
SCF Change: DM (3.23524e-7, 0.00000e0); eev 1.46853e-4 Ha; etot -9.28526e-6 Ha
Energy:      -0.4998098322 Ha with <S^2> =  0.750 and <2S+1> =  2.000 after    8 iterations (in       0.00 seconds).
Detailed timing info in this SCF step:
prepare_next_input:            0.00s
diagonalize_hamiltonian:       0.00s
generate_density_matrix:       0.00s
check_scf_convergence:         0.00s
scf_records.update:            0.00s
Exc:       0.00000000, Vxc:       0.00000000
SCF Change: DM (1.39114e-7, 0.00000e0); eev 8.51566e-6 Ha; etot -2.91853e-11 Ha
Energy:      -0.4998098322 Ha with <S^2> =  0.750 and <2S+1> =  2.000 after    9 iterations (in       0.00 seconds).
Detailed timing info in this SCF step:
prepare_next_input:            0.00s
diagonalize_hamiltonian:       0.00s
generate_density_matrix:       0.00s
check_scf_convergence:         0.00s
scf_records.update:            0.00s
Exc:       0.00000000, Vxc:       0.00000000
SCF Change: DM (4.82128e-8, 0.00000e0); eev 1.22527e-6 Ha; etot -2.64527e-12 Ha
Energy:      -0.4998098322 Ha with <S^2> =  0.750 and <2S+1> =  2.000 after   10 iterations (in       0.00 seconds).
Detailed timing info in this SCF step:
prepare_next_input:            0.00s
diagonalize_hamiltonian:       0.00s
generate_density_matrix:       0.00s
check_scf_convergence:         0.00s
scf_records.update:            0.00s
Exc:       0.00000000, Vxc:       0.00000000
SCF Change: DM (4.02143e-14, 0.00000e0); eev 2.49898e-12 Ha; etot -5.93414e-14 Ha
Energy:      -0.4998098322 Ha with <S^2> =  0.750 and <2S+1> =  2.000 after   11 iterations (in       0.00 seconds).
Detailed timing info in this SCF step:
prepare_next_input:            0.00s
diagonalize_hamiltonian:       0.00s
generate_density_matrix:       0.00s
check_scf_convergence:         0.00s
scf_records.update:            0.00s
SCF is converged after   11 iterations.
Spin-up eigenvalues
 
   State    Occupation        Eigenvalue
       0       1.00000         -0.499810
       1       0.00000          0.354348
       2       0.00000          0.738499
       3       0.00000          0.738499
 
Spin-down eigenvalues
 
   State    Occupation        Eigenvalue
the number of eigenvalues in 1 spin channel is 1
the job spends             0.02 seconds
Generate SAD of Br
the functional of 'hf' contains
<start_mo> for the frozen-core post-SCF methods 0 is smaller than the number of ecp orbitals 14. Set <start_mo> = 0
Libxc version used in REST: 7.0.0
nbas: 16, natm: 1 for standard basis sets
First valence state for the frozen-core algorithm:     0
final nbas: 76,final natm: 2
numbasis: 48, num_auxbas: 266
Restricted Hartree-Fock (or Kohn-Sham) algorithm is invoked.
Nuc_energy:       0.00000000 Hartree
no empirical dispersion correction is employed
No ghost effective potential
No ghost point charges
Detailed time report:
prim ri   |:    0.011 s for for the pure three-center integrals
inv_sqrt  |:    0.010 s for for the sqrt inverse of aux_ij
all ri    |:    0.027 s for for the total evaluations of ri3fn
aux_ij    |:    0.003 s for for the coulomb matrix of auxiliary basis
ri_v      |:    0.003 s for for RI dot aux_v^{-1/2}
Overlap matrix is nonsigular:
  Lowest eigenvalue:       0.02573177 with the total number of basis functions:     48
Grid size: 20904
Initial guess from SAP
The evaluation of vmat costs             0.02 seconds
Detailed time report:
ISDF      |:    0.000 s for ISDF initialization
CInt      |:    0.040 s for Two, Three, and Four-center integrals
DFT Grids |:    0.047 s for Initialization of the tabulated Grids and AOs
InitGuess |:    0.024 s for Prepare initial guess
Overall   |:    0.111 s for SCF Preparation
Exc:       0.00000000, Vxc:       0.00000000
The total energy:      1518.2453524047 Ha by the initial guess
Exc:       0.00000000, Vxc:       0.00000000
Energy:     576.5550265900 Ha after    1 iterations (in       0.00 seconds).
Detailed timing info in this SCF step:
prepare_next_input:            0.00s
diagonalize_hamiltonian:       0.00s
generate_density_matrix:       0.00s
check_scf_convergence:         0.00s
scf_records.update:            0.00s
Exc:       0.00000000, Vxc:       0.00000000
SCF Change: DM 5.72721e-2; eev  4.44662e1 Ha; etot -5.88122e2 Ha
Energy:     -11.5665529343 Ha after    2 iterations (in       0.00 seconds).
Detailed timing info in this SCF step:
prepare_next_input:            0.00s
diagonalize_hamiltonian:       0.00s
generate_density_matrix:       0.00s
check_scf_convergence:         0.00s
scf_records.update:            0.00s
Exc:       0.00000000, Vxc:       0.00000000
SCF Change: DM 7.25587e-3; eev  5.59459e0 Ha; etot -1.99317e0 Ha
Energy:     -13.5597247486 Ha after    3 iterations (in       0.00 seconds).
Detailed timing info in this SCF step:
prepare_next_input:            0.00s
diagonalize_hamiltonian:       0.00s
generate_density_matrix:       0.00s
check_scf_convergence:         0.00s
scf_records.update:            0.00s
Exc:       0.00000000, Vxc:       0.00000000
SCF Change: DM 1.61709e-2; eev  1.74924e0 Ha; etot -3.16857e-2 Ha
Energy:     -13.5914104712 Ha after    4 iterations (in       0.00 seconds).
Detailed timing info in this SCF step:
prepare_next_input:            0.00s
diagonalize_hamiltonian:       0.00s
generate_density_matrix:       0.00s
check_scf_convergence:         0.00s
scf_records.update:            0.00s
Exc:       0.00000000, Vxc:       0.00000000
SCF Change: DM 9.00742e-4; eev  1.12698e0 Ha; etot -7.26769e-2 Ha
Energy:     -13.6640873517 Ha after    5 iterations (in       0.00 seconds).
Detailed timing info in this SCF step:
prepare_next_input:            0.00s
diagonalize_hamiltonian:       0.00s
generate_density_matrix:       0.00s
check_scf_convergence:         0.00s
scf_records.update:            0.00s
Exc:       0.00000000, Vxc:       0.00000000
SCF Change: DM 4.22679e-3; eev 5.26666e-1 Ha; etot -6.47387e-2 Ha
Energy:     -13.7288260609 Ha after    6 iterations (in       0.00 seconds).
Detailed timing info in this SCF step:
prepare_next_input:            0.00s
diagonalize_hamiltonian:       0.00s
generate_density_matrix:       0.00s
check_scf_convergence:         0.00s
scf_records.update:            0.00s
Exc:       0.00000000, Vxc:       0.00000000
SCF Change: DM 4.25560e-4; eev 2.56107e-1 Ha; etot -1.43728e-2 Ha
Energy:     -13.7431988356 Ha after    7 iterations (in       0.00 seconds).
Detailed timing info in this SCF step:
prepare_next_input:            0.00s
diagonalize_hamiltonian:       0.00s
generate_density_matrix:       0.00s
check_scf_convergence:         0.00s
scf_records.update:            0.00s
Exc:       0.00000000, Vxc:       0.00000000
SCF Change: DM 1.11464e-3; eev 1.65631e-1 Ha; etot 1.02339e-2 Ha
Energy:     -13.7329649525 Ha after    8 iterations (in       0.00 seconds).
Detailed timing info in this SCF step:
prepare_next_input:            0.00s
diagonalize_hamiltonian:       0.00s
generate_density_matrix:       0.00s
check_scf_convergence:         0.00s
scf_records.update:            0.00s
Exc:       0.00000000, Vxc:       0.00000000
SCF Change: DM 1.36993e-4; eev 8.24133e-2 Ha; etot -4.14099e-4 Ha
Energy:     -13.7333790516 Ha after    9 iterations (in       0.00 seconds).
Detailed timing info in this SCF step:
prepare_next_input:            0.00s
diagonalize_hamiltonian:       0.00s
generate_density_matrix:       0.00s
check_scf_convergence:         0.00s
scf_records.update:            0.00s
Exc:       0.00000000, Vxc:       0.00000000
SCF Change: DM 7.64060e-6; eev 2.34120e-3 Ha; etot -1.43071e-5 Ha
Energy:     -13.7333933587 Ha after   10 iterations (in       0.00 seconds).
Detailed timing info in this SCF step:
prepare_next_input:            0.00s
diagonalize_hamiltonian:       0.00s
generate_density_matrix:       0.00s
check_scf_convergence:         0.00s
scf_records.update:            0.00s
Exc:       0.00000000, Vxc:       0.00000000
SCF Change: DM 3.07933e-7; eev 2.75159e-5 Ha; etot -1.52036e-8 Ha
Energy:     -13.7333933739 Ha after   11 iterations (in       0.00 seconds).
Detailed timing info in this SCF step:
prepare_next_input:            0.00s
diagonalize_hamiltonian:       0.00s
generate_density_matrix:       0.00s
check_scf_convergence:         0.00s
scf_records.update:            0.00s
Exc:       0.00000000, Vxc:       0.00000000
SCF Change: DM 1.96373e-8; eev 3.71799e-6 Ha; etot -1.74225e-11 Ha
Energy:     -13.7333933739 Ha after   12 iterations (in       0.00 seconds).
Detailed timing info in this SCF step:
prepare_next_input:            0.00s
diagonalize_hamiltonian:       0.00s
generate_density_matrix:       0.00s
check_scf_convergence:         0.00s
scf_records.update:            0.00s
Exc:       0.00000000, Vxc:       0.00000000
SCF Change: DM 3.41657e-10; eev 7.30675e-9 Ha; etot -6.57252e-14 Ha
Energy:     -13.7333933739 Ha after   13 iterations (in       0.00 seconds).
Detailed timing info in this SCF step:
prepare_next_input:            0.00s
diagonalize_hamiltonian:       0.00s
generate_density_matrix:       0.00s
check_scf_convergence:         0.00s
scf_records.update:            0.00s
SCF is converged after   13 iterations.
   State    Occupation        Eigenvalue
       0       2.00000         -1.148338
       1       1.66667         -0.401641
       2       1.66667         -0.401641
       3       1.66667         -0.401641
       4       0.00000          0.342927
       5       0.00000          0.342927
       6       0.00000          0.342927
the job spends             0.16 seconds
total electron number:      30.00003547
The evaluation of Vj, Vk and Vxc matrices cost       0.02,       0.27 and       0.68 seconds, respectively
Exc:     -13.99498369, Vxc:      -8.98342652
Initial guess HF energy:    -107.3078402984779700
Initial density matrix by Atom SAD:
                 0,           1,           2,           3,           4
    0     0.457573,    0.615045,   -0.051093,   -0.071067,    0.020411
    1     0.615045,    0.841203,   -0.137608,   -0.153575,    0.026226
    2    -0.051093,   -0.137608,    0.333808,    0.284805,    0.001416
    3    -0.071067,   -0.153575,    0.284805,    0.250465,   -0.003992
    4     0.020411,    0.026226,    0.001416,   -0.003992,    0.072395
    5    -0.005996,   -0.012825,    0.024283,    0.017536,    0.068713
    6     0.000602,    0.001844,   -0.004188,    0.014922,   -0.064265
    7     0.000000,    0.000000,   -0.000000,    0.000000,   -0.000000
    8     0.014084,    0.017091,    0.008113,    0.003928,    0.047046
    9     0.001828,    0.003942,   -0.007002,    0.006494,   -0.041192
   10    -0.000000,   -0.000000,    0.000000,    0.000000,   -0.000000
   11    -0.001416,   -0.003489,    0.008232,    0.006266,   -0.001113
   12    -0.001836,   -0.001915,   -0.002473,    0.001610,   -0.008106
   13    -0.000000,   -0.000000,    0.000000,    0.000000,   -0.000000
   14    -0.000444,   -0.001308,    0.003441,    0.002083,   -0.000102
   15    -0.000000,   -0.000000,    0.000000,   -0.000000,    0.000000
   16     0.000401,    0.000075,    0.002291,    0.002239,    0.001351
   17    -0.000000,   -0.000000,    0.000000,    0.000000,   -0.000000
   18     0.000091,   -0.000333,    0.002280,    0.002273,    0.000202
   19    -0.001746,   -0.003855,    0.007518,    0.005725,   -0.002204
   20     0.000000,    0.000000,   -0.000000,    0.000000,   -0.000000
   21     0.005988,    0.007655,    0.001569,    0.002433,    0.000662
   22    -0.000000,   -0.000000,    0.000000,    0.000000,   -0.000000
   23     0.002276,    0.002143,    0.004489,    0.005112,   -0.003690
   24     0.000364,    0.000782,   -0.001452,   -0.001282,    0.000860
   25    -0.000000,   -0.000000,    0.000000,    0.000000,    0.000000
   26     0.000095,    0.000020,    0.000481,    0.000194,    0.000335
   27    -0.000000,   -0.000000,    0.000000,    0.000000,   -0.000000
   28     0.001287,    0.000947,    0.003571,    0.002943,    0.000779
   29    -0.000000,   -0.000000,    0.000000,    0.000000,   -0.000000
   30    -0.000570,   -0.001425,    0.003157,    0.002502,    0.000965
   31    -0.018501,   -0.039504,    0.072002,    0.061337,    0.016917
   32    -0.035538,   -0.062260,    0.073132,    0.061993,    0.016760
   33    -0.009085,   -0.015314,    0.015978,    0.013651,   -0.001050
   34     0.001963,    0.003541,   -0.004517,   -0.003962,   -0.000084
   35    -0.000013,    0.000017,   -0.000150,    0.000162,   -0.001119
   36     0.002761,    0.005080,   -0.006858,   -0.005908,   -0.001503
   37     0.005920,    0.008992,   -0.005564,   -0.004848,    0.002981
   38    -0.000112,   -0.000497,    0.001791,    0.002490,   -0.004703
   39     0.008524,    0.012657,   -0.006563,   -0.005414,   -0.002009
   40     0.000084,    0.000155,   -0.000218,   -0.000321,    0.000627
   41    -0.000010,    0.000010,   -0.000125,   -0.000268,    0.000770
   42    -0.000999,   -0.001466,    0.000696,    0.000620,    0.000620
   43    -0.001655,   -0.002475,    0.001373,    0.001232,   -0.000165
   44    -0.000691,   -0.001016,    0.000492,    0.000481,   -0.000172
   45    -0.018501,   -0.039504,    0.072002,    0.061337,    0.016917
   46    -0.035538,   -0.062260,    0.073132,    0.061993,    0.016760
   47    -0.009085,   -0.015314,    0.015978,    0.013651,   -0.001050
   48     0.001963,    0.003541,   -0.004517,   -0.003962,   -0.000084
   49    -0.000013,    0.000017,   -0.000150,    0.000162,   -0.001119
   50    -0.002761,   -0.005080,    0.006858,    0.005908,    0.001503
   51     0.005920,    0.008992,   -0.005564,   -0.004848,    0.002981
   52    -0.000112,   -0.000497,    0.001791,    0.002490,   -0.004703
   53    -0.008524,   -0.012657,    0.006563,    0.005414,    0.002009
   54     0.000084,    0.000155,   -0.000218,   -0.000321,    0.000627
   55     0.000010,   -0.000010,    0.000125,    0.000268,   -0.000770
   56    -0.000999,   -0.001466,    0.000696,    0.000620,    0.000620
   57     0.001655,    0.002475,   -0.001373,   -0.001232,    0.000165
   58    -0.000691,   -0.001016,    0.000492,    0.000481,   -0.000172
   59     0.002134,    0.004450,   -0.006953,    0.010244,   -0.008280
   60     0.004450,    0.009089,   -0.013598,    0.016220,   -0.011660
   61    -0.006953,   -0.013598,    0.018087,   -0.015442,    0.004356
   62     0.010244,    0.016220,   -0.015442,   -0.041941,    0.007203
   63    -0.008280,   -0.011660,    0.004356,    0.007203,   -0.032569
   64    -0.015999,   -0.034466,    0.062061,    0.048052,    0.023544
   65    -0.019372,   -0.041996,    0.078533,    0.067919,   -0.024511
   66     0.000000,   -0.000000,    0.000000,   -0.000000,    0.000000
   67    -0.010887,   -0.022764,    0.038971,    0.029380,    0.014583
   68    -0.010122,   -0.023225,    0.047197,    0.040615,   -0.017667
   69    -0.000000,   -0.000000,    0.000000,   -0.000000,    0.000000
   70    -0.003328,   -0.006409,    0.009763,    0.009179,   -0.008525
   71    -0.004507,   -0.007637,    0.007965,    0.005922,   -0.009866
   72     0.000000,    0.000000,   -0.000000,   -0.000000,    0.000000
   73    -0.001863,   -0.003894,    0.006832,    0.005667,    0.000858
   74    -0.000000,   -0.000000,   -0.000000,    0.000000,   -0.000000
   75     0.001303,    0.002626,   -0.004305,   -0.003860,    0.000078
   76    -0.000000,   -0.000000,   -0.000000,    0.000000,   -0.000000
   77     0.000613,    0.001282,   -0.002308,   -0.002795,    0.001948
   78    -0.003351,   -0.006199,    0.008558,    0.007287,    0.000940
   79    -0.000000,   -0.000000,    0.000000,    0.000000,   -0.000000
   80     0.002662,    0.005010,   -0.007161,   -0.006773,    0.000367
   81     0.000000,    0.000000,   -0.000000,   -0.000000,   -0.000000
   82     0.000629,    0.001482,   -0.003331,   -0.005247,    0.004974
   83    -0.000590,   -0.000972,    0.000929,    0.000672,    0.001557
   84     0.000000,    0.000000,   -0.000000,    0.000000,   -0.000000
   85     0.000882,    0.001354,   -0.000900,   -0.000799,    0.000584
   86    -0.000000,   -0.000000,    0.000000,   -0.000000,    0.000000
   87     0.000168,    0.000286,   -0.000274,    0.000148,   -0.000038
   88    -0.000000,   -0.000000,    0.000000,   -0.000000,    0.000000
   89     0.000894,    0.001408,   -0.001059,   -0.000763,    0.000746
   90     0.003266,    0.007097,   -0.013539,   -0.017211,   -0.003061
   91    -0.000477,    0.001396,   -0.009780,   -0.013632,   -0.005716
   92     0.000732,    0.001475,   -0.002419,   -0.003751,   -0.000837
   93     0.000035,    0.000068,   -0.000142,   -0.000547,    0.000033
   94    -0.000307,   -0.000599,    0.000914,    0.000760,   -0.000376
   95    -0.000333,   -0.000729,    0.001399,    0.001715,    0.000345
   96    -0.001751,   -0.002832,    0.002429,    0.001636,    0.000124
   97    -0.001310,   -0.002372,    0.003139,    0.002970,   -0.003035
   98     0.000876,    0.001298,   -0.000722,   -0.000400,    0.001819
   99    -0.000256,   -0.000452,    0.000554,    0.000514,   -0.000369
  100     0.000289,    0.000493,   -0.000541,   -0.000499,    0.000505
  101     0.000166,    0.000293,   -0.000348,   -0.000349,   -0.000212
  102     0.000167,    0.000275,   -0.000249,   -0.000079,    0.000063
  103    -0.000091,   -0.000150,    0.000126,    0.000009,    0.000122
  104     0.003266,    0.007097,   -0.013539,   -0.017211,   -0.003061
  105    -0.000477,    0.001396,   -0.009780,   -0.013632,   -0.005716
  106     0.000732,    0.001475,   -0.002419,   -0.003751,   -0.000837
  107     0.000035,    0.000068,   -0.000142,   -0.000547,    0.000033
  108    -0.000307,   -0.000599,    0.000914,    0.000760,   -0.000376
  109     0.000333,    0.000729,   -0.001399,   -0.001715,   -0.000345
  110    -0.001751,   -0.002832,    0.002429,    0.001636,    0.000124
  111    -0.001310,   -0.002372,    0.003139,    0.002970,   -0.003035
  112    -0.000876,   -0.001298,    0.000722,    0.000400,   -0.001819
  113    -0.000256,   -0.000452,    0.000554,    0.000514,   -0.000369
  114    -0.000289,   -0.000493,    0.000541,    0.000499,   -0.000505
  115     0.000166,    0.000293,   -0.000348,   -0.000349,   -0.000212
  116    -0.000167,   -0.000275,    0.000249,    0.000079,   -0.000063
  117    -0.000091,   -0.000150,    0.000126,    0.000009,    0.000122
  118     0.000001,   -0.000000,    0.000004,    0.000005,    0.000054
  119    -0.000017,   -0.000066,    0.000204,    0.000191,   -0.000003
  120    -0.000339,   -0.000854,    0.002536,    0.002151,   -0.008570
  121    -0.003397,   -0.007351,    0.019953,    0.016434,   -0.088791
  122     0.011784,    0.026372,   -0.068818,   -0.058432,    0.250957
  123     0.001734,    0.002718,   -0.006385,   -0.004729,    0.053787
  124    -0.000037,   -0.000078,    0.000139,    0.000119,   -0.000307
  125     0.000081,    0.000173,   -0.000318,   -0.000346,    0.000357
  126    -0.000000,   -0.000000,    0.000000,   -0.000000,    0.000000
  127     0.000829,    0.001762,   -0.003154,   -0.002692,    0.007172
  128    -0.001837,   -0.003951,    0.007270,    0.007932,   -0.008318
  129     0.000000,    0.000000,   -0.000000,    0.000000,   -0.000000
  130    -0.003854,   -0.008077,    0.014058,    0.011742,   -0.035767
  131     0.008926,    0.018933,   -0.034027,   -0.037643,    0.040111
  132    -0.000000,   -0.000000,    0.000000,   -0.000000,    0.000000
  133    -0.006816,   -0.015289,    0.029906,    0.025567,   -0.072147
  134     0.015189,    0.034457,   -0.069022,   -0.075416,    0.085965
  135     0.000000,    0.000000,    0.000000,   -0.000000,    0.000000
  136    -0.000830,   -0.001883,    0.003947,    0.001826,   -0.030512
  137     0.003397,    0.007705,   -0.016049,   -0.018566,    0.033663
  138     0.000000,    0.000000,    0.000000,   -0.000000,    0.000000
  139     0.000009,    0.000011,    0.000001,   -0.000003,    0.000002
  140     0.000000,    0.000000,   -0.000000,   -0.000000,    0.000000
  141     0.000002,    0.000003,   -0.000001,   -0.000003,    0.000004
  142     0.000000,    0.000000,   -0.000000,   -0.000000,   -0.000000
  143    -0.000004,   -0.000007,    0.000004,    0.000003,   -0.000002
  144    -0.000282,   -0.000568,    0.000903,    0.000950,   -0.000233
  145    -0.000000,   -0.000000,    0.000000,    0.000000,   -0.000000
  146    -0.000138,   -0.000319,    0.000633,    0.000653,   -0.000253
  147    -0.000000,   -0.000000,    0.000000,    0.000000,    0.000000
  148     0.000008,   -0.000077,    0.000393,    0.000387,   -0.000120
  149     0.002343,    0.005155,   -0.009732,   -0.009576,    0.003631
  150     0.000000,    0.000000,   -0.000000,   -0.000000,    0.000000
  151     0.001464,    0.003304,   -0.006458,   -0.006339,    0.002991
  152     0.000000,    0.000000,   -0.000000,    0.000000,   -0.000000
  153     0.000940,    0.002328,   -0.005079,   -0.005001,    0.002795
  154     0.001299,    0.003690,   -0.009708,   -0.009384,    0.010644
  155    -0.000000,   -0.000000,    0.000000,    0.000000,    0.000000
  156     0.000480,    0.001800,   -0.005763,   -0.005676,    0.007098
  157     0.000000,    0.000000,   -0.000000,   -0.000000,   -0.000000
  158     0.000648,    0.001961,   -0.005473,   -0.005608,    0.006879
  159     0.000123,    0.000204,   -0.000214,   -0.000172,   -0.000203
  160    -0.000000,   -0.000000,    0.000000,   -0.000000,    0.000000
  161    -0.000415,   -0.001151,    0.002885,    0.002872,   -0.002315
  162    -0.000000,   -0.000000,    0.000000,   -0.000000,    0.000000
  163     0.000332,    0.000798,   -0.001723,   -0.001707,    0.001276
  164     0.000000,    0.000000,   -0.000000,   -0.000000,    0.000000
  165     0.000956,    0.002238,   -0.004666,   -0.004614,    0.003314
  166     0.000001,    0.000002,   -0.000002,   -0.000001,   -0.000010
  167     0.000007,    0.000012,   -0.000014,   -0.000030,    0.000002
  168    -0.000033,   -0.000068,    0.000045,   -0.000302,    0.001574
  169    -0.000596,   -0.001115,    0.000782,   -0.002367,    0.016599
  170     0.001772,    0.002968,   -0.000611,    0.009710,   -0.048935
  171    -0.001231,   -0.001326,   -0.001243,   -0.000769,   -0.008035
  172     0.000032,    0.000071,   -0.000156,   -0.000240,   -0.000187
  173     0.000049,    0.000109,   -0.000231,   -0.000308,   -0.000014
  174    -0.000000,    0.000000,   -0.000000,    0.000000,   -0.000000
  175    -0.000743,   -0.001670,    0.003674,    0.005647,    0.004374
  176    -0.001137,   -0.002536,    0.005395,    0.007167,    0.000357
  177     0.000000,   -0.000000,    0.000000,   -0.000000,    0.000000
  178     0.004029,    0.009070,   -0.019947,   -0.030351,   -0.022365
  179     0.006110,    0.013442,   -0.027955,   -0.036628,   -0.002952
  180    -0.000000,    0.000000,   -0.000000,    0.000000,   -0.000000
  181     0.007296,    0.016206,   -0.034994,   -0.053601,   -0.042695
  182     0.009615,    0.022456,   -0.051038,   -0.068241,   -0.002755
  183     0.000000,    0.000000,   -0.000000,    0.000000,   -0.000000
  184     0.004267,    0.009649,   -0.020821,   -0.028614,   -0.016453
  185     0.003941,    0.009022,   -0.019926,   -0.025611,   -0.003022
  186     0.000000,    0.000000,   -0.000000,    0.000000,   -0.000000
  187     0.000003,    0.000001,    0.000012,    0.000010,   -0.000004
  188    -0.000000,   -0.000000,    0.000000,    0.000000,    0.000000
  189     0.000002,    0.000002,    0.000004,    0.000005,   -0.000003
  190    -0.000000,   -0.000000,    0.000000,    0.000000,    0.000000
  191     0.000014,    0.000019,   -0.000006,   -0.000004,    0.000006
  192     0.000023,    0.000138,   -0.000522,   -0.000528,    0.000211
  193     0.000000,    0.000000,   -0.000000,    0.000000,   -0.000000
  194    -0.000028,   -0.000005,   -0.000166,   -0.000250,    0.000170
  195     0.000000,    0.000000,   -0.000000,   -0.000000,    0.000000
  196    -0.000259,   -0.000385,    0.000189,    0.000049,   -0.000066
  197    -0.000555,   -0.001431,    0.003422,    0.003696,   -0.001439
  198    -0.000000,   -0.000000,    0.000000,   -0.000000,    0.000000
  199    -0.000086,   -0.000339,    0.001184,    0.001884,   -0.001460
  200    -0.000000,   -0.000000,    0.000000,    0.000000,   -0.000000
  201     0.000583,    0.000889,   -0.000385,    0.000920,   -0.000840
  202    -0.000582,   -0.001156,    0.001940,    0.002328,   -0.001425
  203     0.000000,    0.000000,   -0.000000,   -0.000000,    0.000000
  204    -0.000059,   -0.000228,    0.000832,    0.001486,   -0.001774
  205     0.000000,    0.000000,   -0.000000,    0.000000,   -0.000000
  206    -0.000089,   -0.000295,    0.001115,    0.002497,   -0.002125
  207     0.000260,    0.000505,   -0.000702,   -0.000220,    0.000067
  208     0.000000,    0.000000,   -0.000000,    0.000000,   -0.000000
  209    -0.000102,   -0.000222,    0.000480,    0.000854,   -0.000689
  210     0.000000,    0.000000,   -0.000000,    0.000000,   -0.000000
  211     0.000150,    0.000308,   -0.000541,   -0.000586,    0.000326
  212     0.000000,    0.000000,   -0.000000,   -0.000000,    0.000000
  213     0.000232,    0.000566,   -0.001314,   -0.001631,    0.000553
                 5,           6,           7,           8,           9
    0    -0.005996,    0.000602,    0.000000,    0.014084,    0.001828
    1    -0.012825,    0.001844,    0.000000,    0.017091,    0.003942
    2     0.024283,   -0.004188,   -0.000000,    0.008113,   -0.007002
    3     0.017536,    0.014922,    0.000000,    0.003928,    0.006494
    4     0.068713,   -0.064265,   -0.000000,    0.047046,   -0.041192
    5     0.279804,    0.003298,   -0.000000,    0.190065,   -0.005359
    6     0.003298,    0.240211,   -0.000000,   -0.003245,    0.161940
    7    -0.000000,   -0.000000,    0.325318,    0.000000,    0.000000
    8     0.190065,   -0.003245,    0.000000,    0.130809,   -0.007302
    9    -0.005359,    0.161940,    0.000000,   -0.007302,    0.110045
   10     0.000000,   -0.000000,    0.228492,    0.000000,    0.000000
   11     0.040873,    0.007401,    0.000000,    0.028051,    0.003153
   12    -0.007916,    0.036264,    0.000000,   -0.006391,    0.025507
   13     0.000000,    0.000000,    0.065424,    0.000000,    0.000000
   14    -0.005597,   -0.009265,    0.000000,   -0.003622,   -0.006179
   15     0.000000,   -0.000000,   -0.002538,   -0.000000,   -0.000000
   16     0.009990,    0.002172,    0.000000,    0.006874,    0.001126
   17     0.000000,   -0.000000,    0.014438,    0.000000,    0.000000
   18     0.005578,    0.001128,    0.000000,    0.004044,    0.000602
   19    -0.006136,   -0.007419,   -0.000000,   -0.004062,   -0.005090
   20     0.000000,    0.000000,    0.000992,    0.000000,    0.000000
   21     0.009210,    0.003785,    0.000000,    0.007033,    0.002222
   22     0.000000,   -0.000000,    0.015021,    0.000000,   -0.000000
   23    -0.002182,    0.002276,    0.000000,   -0.000575,    0.001462
   24     0.002152,    0.000436,    0.000000,    0.001459,    0.000220
   25     0.000000,   -0.000000,    0.001393,    0.000000,    0.000000
   26    -0.000680,   -0.001544,   -0.000000,   -0.000474,   -0.001039
   27     0.000000,   -0.000000,   -0.000040,    0.000000,   -0.000000
   28     0.000241,   -0.001284,    0.000000,    0.000196,   -0.000853
   29     0.000000,   -0.000000,    0.000811,    0.000000,   -0.000000
   30    -0.000474,   -0.002429,    0.000000,   -0.000411,   -0.001628
   31     0.076691,    0.001440,    0.120631,    0.050325,   -0.001761
   32     0.086840,    0.003972,    0.139006,    0.056222,   -0.000541
   33     0.020527,    0.007958,    0.044987,    0.013301,    0.004247
   34    -0.001083,   -0.000195,   -0.008405,   -0.000572,   -0.000050
   35    -0.000335,    0.003867,   -0.000413,   -0.000321,    0.002624
   36    -0.007615,   -0.000353,   -0.006978,   -0.004961,    0.000046
   37     0.004965,   -0.002332,   -0.006402,    0.003891,   -0.001516
   38    -0.002904,    0.009957,   -0.002126,   -0.002119,    0.006680
   39    -0.008293,   -0.000176,   -0.000705,   -0.004944,    0.000169
   40     0.000292,   -0.001534,    0.000379,    0.000237,   -0.001028
   41     0.000355,   -0.001879,    0.000355,    0.000272,   -0.001266
   42     0.002069,   -0.000122,   -0.000600,    0.001358,   -0.000131
   43    -0.000127,    0.000147,    0.001226,   -0.000197,    0.000080
   44    -0.000489,    0.000011,    0.000902,   -0.000357,    0.000016
   45     0.076691,    0.001440,   -0.120631,    0.050325,   -0.001761
   46     0.086840,    0.003972,   -0.139006,    0.056222,   -0.000541
   47     0.020527,    0.007958,   -0.044987,    0.013301,    0.004247
   48    -0.001083,   -0.000195,    0.008405,   -0.000572,   -0.000050
   49    -0.000335,    0.003867,    0.000413,   -0.000321,    0.002624
   50     0.007615,    0.000353,   -0.006978,    0.004961,   -0.000046
   51     0.004965,   -0.002332,    0.006402,    0.003891,   -0.001516
   52    -0.002904,    0.009957,    0.002126,   -0.002119,    0.006680
   53     0.008293,    0.000176,   -0.000705,    0.004944,   -0.000169
   54     0.000292,   -0.001534,   -0.000379,    0.000237,   -0.001028
   55    -0.000355,    0.001879,    0.000355,   -0.000272,    0.001266
   56     0.002069,   -0.000122,    0.000600,    0.001358,   -0.000131
   57     0.000127,   -0.000147,    0.001226,    0.000197,   -0.000080
   58    -0.000489,    0.000011,   -0.000902,   -0.000357,    0.000016
   59     0.015999,    0.019372,    0.000000,    0.010887,    0.010122
   60     0.034466,    0.041996,   -0.000000,    0.022764,    0.023225
   61    -0.062061,   -0.078533,    0.000000,   -0.038971,   -0.047197
   62    -0.048052,   -0.067919,   -0.000000,   -0.029380,   -0.040615
   63    -0.023544,    0.024511,    0.000000,   -0.014583,    0.017667
   64    -0.092957,   -0.121717,   -0.000000,   -0.068323,   -0.083670
   65    -0.121717,   -0.096696,   -0.000000,   -0.081155,   -0.062600
   66     0.000000,   -0.000000,   -0.001949,   -0.000000,    0.000000
   67    -0.068323,   -0.081155,    0.000000,   -0.049526,   -0.055497
   68    -0.083670,   -0.062600,    0.000000,   -0.055497,   -0.040347
   69    -0.000000,    0.000000,   -0.009032,   -0.000000,    0.000000
   70    -0.028752,   -0.007136,    0.000000,   -0.020286,   -0.005035
   71    -0.019856,   -0.006883,    0.000000,   -0.013711,   -0.004722
   72    -0.000000,    0.000000,   -0.008682,   -0.000000,    0.000000
   73    -0.005375,   -0.008233,    0.000000,   -0.003590,   -0.005442
   74    -0.000000,   -0.000000,    0.005084,    0.000000,    0.000000
   75     0.005141,    0.003573,    0.000000,    0.003670,    0.002448
   76     0.000000,   -0.000000,    0.006613,    0.000000,   -0.000000
   77     0.007538,   -0.001853,    0.000000,    0.005180,   -0.001377
   78    -0.005203,   -0.008736,    0.000000,   -0.003350,   -0.005806
   79     0.000000,    0.000000,    0.012476,    0.000000,    0.000000
   80     0.008334,    0.003168,   -0.000000,    0.005619,    0.001992
   81    -0.000000,   -0.000000,    0.019118,    0.000000,   -0.000000
   82     0.012260,   -0.010475,   -0.000000,    0.008052,   -0.007525
   83     0.000840,   -0.003641,    0.000000,    0.000665,   -0.002443
   84    -0.000000,    0.000000,    0.003388,    0.000000,    0.000000
   85     0.001746,    0.000406,   -0.000000,    0.001220,    0.000259
   86    -0.000000,    0.000000,   -0.002675,   -0.000000,   -0.000000
   87     0.000576,    0.001814,    0.000000,    0.000349,    0.001177
   88    -0.000000,    0.000000,   -0.000693,   -0.000000,    0.000000
   89     0.003203,    0.001011,   -0.000000,    0.002171,    0.000565
   90     0.016567,    0.012750,   -0.011672,    0.013175,    0.010033
   91     0.019150,    0.020769,   -0.009563,    0.014991,    0.015339
   92     0.011136,    0.006501,   -0.016880,    0.007960,    0.004226
   93    -0.000597,   -0.000604,    0.000225,   -0.000350,   -0.000314
   94    -0.001904,   -0.001408,    0.000677,   -0.001281,   -0.000895
   95    -0.001540,   -0.001598,    0.000426,   -0.001232,   -0.001226
   96    -0.003159,   -0.001650,    0.002050,   -0.002213,   -0.001061
   97    -0.004625,   -0.000735,   -0.000056,   -0.003079,   -0.000497
   98     0.000402,   -0.003693,   -0.002681,    0.000033,   -0.002645
   99    -0.000691,   -0.000228,    0.000303,   -0.000470,   -0.000150
  100     0.001038,    0.000269,   -0.000272,    0.000701,    0.000170
  101     0.000537,    0.000689,   -0.000202,    0.000410,    0.000485
  102     0.000476,    0.000201,   -0.000132,    0.000317,    0.000111
  103    -0.000116,   -0.000446,    0.000247,   -0.000095,   -0.000296
  104     0.016567,    0.012750,    0.011672,    0.013175,    0.010033
  105     0.019150,    0.020769,    0.009563,    0.014991,    0.015339
  106     0.011136,    0.006501,    0.016880,    0.007960,    0.004226
  107    -0.000597,   -0.000604,   -0.000225,   -0.000350,   -0.000314
  108    -0.001904,   -0.001408,   -0.000677,   -0.001281,   -0.000895
  109     0.001540,    0.001598,    0.000426,    0.001232,    0.001226
  110    -0.003159,   -0.001650,   -0.002050,   -0.002213,   -0.001061
  111    -0.004625,   -0.000735,    0.000056,   -0.003079,   -0.000497
  112    -0.000402,    0.003693,   -0.002681,   -0.000033,    0.002645
  113    -0.000691,   -0.000228,   -0.000303,   -0.000470,   -0.000150
  114    -0.001038,   -0.000269,   -0.000272,   -0.000701,   -0.000170
  115     0.000537,    0.000689,    0.000202,    0.000410,    0.000485
  116    -0.000476,   -0.000201,   -0.000132,   -0.000317,   -0.000111
  117    -0.000116,   -0.000446,   -0.000247,   -0.000095,   -0.000296
  118    -0.000006,    0.000009,   -0.000000,   -0.000009,    0.000013
  119    -0.000079,    0.000136,   -0.000000,   -0.000065,    0.000098
  120    -0.000230,    0.000659,   -0.000000,    0.000436,   -0.000581
  121    -0.000460,    0.003604,    0.000000,    0.006085,   -0.008334
  122     0.010460,   -0.025633,   -0.000000,   -0.009777,    0.012178
  123    -0.007979,    0.008574,    0.000000,   -0.010183,    0.013092
  124    -0.000350,    0.000513,    0.000000,   -0.000284,    0.000352
  125     0.000512,   -0.000834,    0.000000,    0.000370,   -0.000562
  126     0.000000,   -0.000000,   -0.000111,   -0.000000,    0.000000
  127     0.008174,   -0.011882,   -0.000000,    0.006623,   -0.008157
  128    -0.011872,    0.019362,   -0.000000,   -0.008574,    0.013044
  129    -0.000000,    0.000000,    0.002677,    0.000000,   -0.000000
  130    -0.041841,    0.058570,    0.000000,   -0.033881,    0.040319
  131     0.058156,   -0.095877,    0.000000,    0.042020,   -0.064634
  132     0.000000,   -0.000000,   -0.015654,   -0.000000,    0.000000
  133    -0.080385,    0.114622,    0.000000,   -0.064557,    0.078399
  134     0.116344,   -0.188686,   -0.000000,    0.083452,   -0.126602
  135    -0.000000,   -0.000000,   -0.026392,   -0.000000,    0.000000
  136    -0.035172,    0.032246,    0.000000,   -0.027199,    0.021811
  137     0.030527,   -0.059598,   -0.000000,    0.021159,   -0.038659
  138    -0.000000,   -0.000000,   -0.028152,   -0.000000,    0.000000
  139     0.000011,   -0.000030,    0.000000,    0.000009,   -0.000022
  140    -0.000000,   -0.000000,   -0.000021,   -0.000000,   -0.000000
  141     0.000015,   -0.000022,   -0.000000,    0.000011,   -0.000016
  142    -0.000000,   -0.000000,    0.000007,    0.000000,    0.000000
  143     0.000023,   -0.000008,   -0.000000,    0.000016,   -0.000007
  144    -0.000570,    0.001821,   -0.000000,   -0.000495,    0.001285
  145     0.000000,    0.000000,    0.001105,    0.000000,    0.000000
  146    -0.000815,    0.001173,    0.000000,   -0.000616,    0.000841
  147     0.000000,    0.000000,   -0.000578,   -0.000000,   -0.000000
  148    -0.001340,    0.000541,    0.000000,   -0.000953,    0.000433
  149     0.004302,   -0.014654,    0.000000,    0.003756,   -0.010061
  150    -0.000000,   -0.000000,   -0.008564,   -0.000000,   -0.000000
  151     0.005988,   -0.008783,   -0.000000,    0.004537,   -0.006137
  152     0.000000,   -0.000000,    0.005515,    0.000000,    0.000000
  153     0.010930,   -0.004596,   -0.000000,    0.007685,   -0.003453
  154     0.007536,   -0.016463,   -0.000000,    0.005597,   -0.010613
  155     0.000000,    0.000000,   -0.004627,   -0.000000,   -0.000000
  156     0.006306,   -0.009932,    0.000000,    0.004438,   -0.006460
  157    -0.000000,    0.000000,    0.004231,    0.000000,    0.000000
  158     0.009813,   -0.007007,   -0.000000,    0.006583,   -0.004607
  159    -0.003333,   -0.001681,    0.000000,   -0.002155,   -0.001040
  160     0.000000,   -0.000000,   -0.003479,   -0.000000,   -0.000000
  161    -0.003549,    0.004675,    0.000000,   -0.002582,    0.003193
  162     0.000000,   -0.000000,   -0.002814,   -0.000000,   -0.000000
  163     0.001110,   -0.003143,   -0.000000,    0.000892,   -0.002110
  164    -0.000000,    0.000000,   -0.001404,   -0.000000,   -0.000000
  165     0.004474,   -0.007215,   -0.000000,    0.003366,   -0.004872
  166    -0.000004,    0.000004,    0.000000,   -0.000001,    0.000003
  167    -0.000009,   -0.000026,    0.000000,   -0.000004,   -0.000016
  168     0.000466,   -0.000962,    0.000000,    0.000103,   -0.000767
  169     0.005697,   -0.009256,   -0.000000,    0.001568,   -0.007515
  170    -0.019354,    0.028263,    0.000000,   -0.006616,    0.022606
  171     0.000071,    0.003265,   -0.000000,    0.001121,    0.002885
  172     0.000083,   -0.000003,   -0.000000,    0.000018,   -0.000021
  173     0.000071,    0.000184,    0.000000,    0.000005,    0.000108
  174    -0.000000,    0.000000,   -0.000078,    0.000000,   -0.000000
  175    -0.001952,    0.000047,    0.000000,   -0.000436,    0.000465
  176    -0.001644,   -0.004349,   -0.000000,   -0.000111,   -0.002551
  177     0.000000,   -0.000000,    0.001830,   -0.000000,    0.000000
  178     0.010829,    0.000280,   -0.000000,    0.002690,   -0.002067
  179     0.007545,    0.023585,    0.000000,    0.000015,    0.013971
  180    -0.000000,    0.000000,   -0.009785,    0.000000,   -0.000000
  181     0.017949,    0.000592,    0.000000,    0.003881,   -0.003622
  182     0.017389,    0.042388,   -0.000000,    0.001819,    0.024670
  183     0.000000,   -0.000000,   -0.017187,    0.000000,   -0.000000
  184     0.013254,    0.005425,    0.000000,    0.005510,    0.002155
  185     0.007046,    0.021254,   -0.000000,    0.000720,    0.012698
  186     0.000000,   -0.000000,   -0.005944,    0.000000,   -0.000000
  187    -0.000010,   -0.000006,   -0.000000,   -0.000007,   -0.000004
  188    -0.000000,   -0.000000,   -0.000001,   -0.000000,   -0.000000
  189    -0.000009,   -0.000000,    0.000000,   -0.000005,    0.000000
  190     0.000000,    0.000000,   -0.000002,    0.000000,    0.000000
  191     0.000004,   -0.000000,    0.000000,    0.000004,    0.000001
  192     0.000394,    0.000245,    0.000000,    0.000268,    0.000178
  193     0.000000,    0.000000,    0.000033,    0.000000,   -0.000000
  194     0.000263,   -0.000117,   -0.000000,    0.000161,   -0.000086
  195    -0.000000,   -0.000000,    0.000009,   -0.000000,   -0.000000
  196    -0.000274,   -0.000356,   -0.000000,   -0.000232,   -0.000262
  197    -0.001875,   -0.002324,   -0.000000,   -0.001278,   -0.001685
  198    -0.000000,    0.000000,    0.000046,   -0.000000,    0.000000
  199    -0.001164,    0.001106,    0.000000,   -0.000689,    0.000748
  200     0.000000,    0.000000,    0.000906,    0.000000,   -0.000000
  201     0.001894,    0.004504,    0.000000,    0.001606,    0.003135
  202    -0.000361,   -0.003151,    0.000000,   -0.000050,   -0.002059
  203     0.000000,   -0.000000,    0.001572,    0.000000,    0.000000
  204    -0.001669,    0.000116,   -0.000000,   -0.000894,    0.000196
  205    -0.000000,    0.000000,    0.001552,    0.000000,    0.000000
  206    -0.000576,    0.003625,    0.000000,    0.000116,    0.002609
  207     0.001394,    0.002198,   -0.000000,    0.001110,    0.001539
  208    -0.000000,    0.000000,    0.000694,    0.000000,    0.000000
  209    -0.000497,    0.000368,    0.000000,   -0.000238,    0.000286
  210    -0.000000,    0.000000,   -0.000299,   -0.000000,   -0.000000
  211     0.000424,    0.000543,   -0.000000,    0.000280,    0.000369
  212    -0.000000,   -0.000000,   -0.000588,   -0.000000,   -0.000000
  213    -0.000270,    0.000613,   -0.000000,   -0.000293,    0.000415
                10,          11,          12,          13,          14
    0    -0.000000,   -0.001416,   -0.001836,   -0.000000,   -0.000444
    1    -0.000000,   -0.003489,   -0.001915,   -0.000000,   -0.001308
    2     0.000000,    0.008232,   -0.002473,    0.000000,    0.003441
    3     0.000000,    0.006266,    0.001610,    0.000000,    0.002083
    4    -0.000000,   -0.001113,   -0.008106,   -0.000000,   -0.000102
    5     0.000000,    0.040873,   -0.007916,    0.000000,   -0.005597
    6    -0.000000,    0.007401,    0.036264,    0.000000,   -0.009265
    7     0.228492,    0.000000,    0.000000,    0.065424,    0.000000
    8     0.000000,    0.028051,   -0.006391,    0.000000,   -0.003622
    9     0.000000,    0.003153,    0.025507,    0.000000,   -0.006179
   10     0.161138,    0.000000,    0.000000,    0.045487,    0.000000
   11     0.000000,    0.009670,   -0.000982,    0.000000,   -0.000772
   12     0.000000,   -0.000982,    0.008734,    0.000000,   -0.000971
   13     0.045487,    0.000000,    0.000000,    0.016269,   -0.000000
   14     0.000000,   -0.000772,   -0.000971,   -0.000000,    0.000629
   15    -0.001844,   -0.000000,    0.000000,   -0.000077,    0.000000
   16     0.000000,    0.001722,   -0.000053,    0.000000,   -0.000263
   17     0.010461,    0.000000,    0.000000,    0.002781,    0.000000
   18     0.000000,    0.001448,   -0.000206,    0.000000,   -0.000141
   19    -0.000000,   -0.000771,   -0.000323,   -0.000000,    0.000783
   20     0.000533,    0.000000,    0.000000,    0.001184,   -0.000000
   21     0.000000,    0.001629,    0.000056,    0.000000,   -0.000352
   22     0.011760,    0.000000,    0.000000,    0.002057,    0.000000
   23     0.000000,    0.001110,   -0.000319,    0.000000,   -0.000031
   24     0.000000,    0.000126,   -0.000296,    0.000000,   -0.000149
   25     0.000979,   -0.000000,   -0.000000,    0.000095,   -0.000000
   26     0.000000,   -0.000190,   -0.000286,   -0.000000,    0.000069
   27     0.000114,    0.000000,    0.000000,   -0.000031,    0.000000
   28     0.000000,    0.000018,   -0.000185,    0.000000,    0.000070
   29     0.000639,    0.000000,    0.000000,    0.000129,    0.000000
   30     0.000000,   -0.000279,   -0.000312,    0.000000,    0.000125
   31     0.085285,    0.012610,   -0.002445,    0.023870,   -0.000847
   32     0.097934,    0.014290,   -0.002785,    0.027729,   -0.001070
   33     0.032830,    0.004367,   -0.000504,    0.006253,   -0.000493
   34    -0.005889,   -0.000219,    0.000005,   -0.001700,   -0.000021
   35    -0.000296,    0.000037,    0.000639,   -0.000040,   -0.000132
   36    -0.004925,   -0.001246,    0.000203,   -0.001396,    0.000090
   37    -0.004239,    0.000502,   -0.000371,   -0.001480,   -0.000119
   38    -0.001668,    0.000230,    0.001736,    0.000061,   -0.000232
   39    -0.000242,   -0.001104,    0.000244,   -0.000369,    0.000097
   40     0.000288,   -0.000046,   -0.000250,    0.000019,    0.000044
   41     0.000251,   -0.000058,   -0.000321,    0.000048,    0.000052
   42    -0.000407,    0.000282,   -0.000073,   -0.000121,   -0.000035
   43     0.000848,   -0.000009,    0.000018,    0.000250,    0.000014
   44     0.000628,   -0.000050,    0.000009,    0.000190,    0.000013
   45    -0.085285,    0.012610,   -0.002445,   -0.023870,   -0.000847
   46    -0.097934,    0.014290,   -0.002785,   -0.027729,   -0.001070
   47    -0.032830,    0.004367,   -0.000504,   -0.006253,   -0.000493
   48     0.005889,   -0.000219,    0.000005,    0.001700,   -0.000021
   49     0.000296,    0.000037,    0.000639,    0.000040,   -0.000132
   50    -0.004925,    0.001246,   -0.000203,   -0.001396,   -0.000090
   51     0.004239,    0.000502,   -0.000371,    0.001480,   -0.000119
   52     0.001668,    0.000230,    0.001736,   -0.000061,   -0.000232
   53    -0.000242,    0.001104,   -0.000244,   -0.000369,   -0.000097
   54    -0.000288,   -0.000046,   -0.000250,   -0.000019,    0.000044
   55     0.000251,    0.000058,    0.000321,    0.000048,   -0.000052
   56     0.000407,    0.000282,   -0.000073,    0.000121,   -0.000035
   57     0.000848,    0.000009,   -0.000018,    0.000250,   -0.000014
   58    -0.000628,   -0.000050,    0.000009,   -0.000190,    0.000013
   59    -0.000000,    0.003328,    0.004507,    0.000000,   -0.001863
   60    -0.000000,    0.006409,    0.007637,    0.000000,   -0.003894
   61    -0.000000,   -0.009763,   -0.007965,   -0.000000,    0.006832
   62    -0.000000,   -0.009179,   -0.005922,   -0.000000,    0.005667
   63     0.000000,    0.008525,    0.009866,    0.000000,    0.000858
   64     0.000000,   -0.028752,   -0.019856,   -0.000000,    0.005375
   65     0.000000,   -0.007136,   -0.006883,    0.000000,    0.008233
   66    -0.009032,   -0.000000,   -0.000000,   -0.008682,   -0.000000
   67     0.000000,   -0.020286,   -0.013711,    0.000000,    0.003590
   68     0.000000,   -0.005035,   -0.004722,    0.000000,    0.005442
   69    -0.011708,   -0.000000,   -0.000000,   -0.006696,    0.000000
   70     0.000000,   -0.004657,    0.000208,    0.000000,    0.001005
   71     0.000000,    0.000208,   -0.001980,    0.000000,    0.000868
   72    -0.006696,   -0.000000,   -0.000000,   -0.006149,    0.000000
   73     0.000000,   -0.001005,   -0.000868,    0.000000,    0.000539
   74     0.003492,    0.000000,    0.000000,    0.001355,   -0.000000
   75    -0.000000,    0.001097,    0.000568,   -0.000000,   -0.000207
   76     0.005006,    0.000000,    0.000000,    0.001325,    0.000000
   77    -0.000000,    0.001362,   -0.000494,   -0.000000,   -0.000051
   78     0.000000,   -0.001463,   -0.000714,    0.000000,    0.000668
   79     0.008787,    0.000000,    0.000000,    0.003464,   -0.000000
   80    -0.000000,    0.001453,    0.000813,   -0.000000,   -0.000167
   81     0.013939,    0.000000,    0.000000,    0.002430,   -0.000000
   82    -0.000000,    0.001591,   -0.002029,   -0.000000,    0.000227
   83     0.000000,   -0.000189,   -0.000428,    0.000000,    0.000140
   84     0.002356,    0.000000,    0.000000,    0.000795,   -0.000000
   85    -0.000000,    0.000168,    0.000061,   -0.000000,   -0.000061
   86    -0.001866,   -0.000000,   -0.000000,   -0.000393,    0.000000
   87     0.000000,   -0.000025,    0.000153,    0.000000,   -0.000125
   88    -0.000493,   -0.000000,   -0.000000,   -0.000070,    0.000000
   89    -0.000000,    0.000369,   -0.000049,   -0.000000,   -0.000149
   90    -0.011149,    0.006194,    0.002741,   -0.004642,   -0.000045
   91    -0.010140,    0.007269,    0.003026,   -0.005047,   -0.000383
   92    -0.013881,    0.002555,   -0.000300,   -0.001393,   -0.000365
   93    -0.000037,   -0.000080,   -0.000031,   -0.000188,    0.000071
   94     0.000469,   -0.000083,   -0.000101,    0.000166,    0.000119
   95     0.000461,   -0.000567,   -0.000321,    0.000236,    0.000017
   96     0.001260,   -0.000921,   -0.000530,   -0.000134,    0.000118
   97    -0.000204,    0.000356,    0.000030,    0.000458,    0.000215
   98    -0.001874,   -0.000523,   -0.000396,   -0.000120,    0.000068
   99     0.000200,    0.000025,    0.000010,    0.000115,    0.000040
  100    -0.000180,   -0.000007,   -0.000004,   -0.000064,   -0.000049
  101    -0.000123,    0.000219,    0.000120,   -0.000012,   -0.000021
  102    -0.000060,    0.000084,    0.000046,    0.000020,   -0.000026
  103     0.000159,   -0.000047,   -0.000069,    0.000016,    0.000023
  104     0.011149,    0.006194,    0.002741,    0.004642,   -0.000045
  105     0.010140,    0.007269,    0.003026,    0.005047,   -0.000383
  106     0.013881,    0.002555,   -0.000300,    0.001393,   -0.000365
  107     0.000037,   -0.000080,   -0.000031,    0.000188,    0.000071
  108    -0.000469,   -0.000083,   -0.000101,   -0.000166,    0.000119
  109     0.000461,    0.000567,    0.000321,    0.000236,   -0.000017
  110    -0.001260,   -0.000921,   -0.000530,    0.000134,    0.000118
  111     0.000204,    0.000356,    0.000030,   -0.000458,    0.000215
  112    -0.001874,    0.000523,    0.000396,   -0.000120,   -0.000068
  113    -0.000200,    0.000025,    0.000010,   -0.000115,    0.000040
  114    -0.000180,    0.000007,    0.000004,   -0.000064,    0.000049
  115     0.000123,    0.000219,    0.000120,    0.000012,   -0.000021
  116    -0.000060,   -0.000084,   -0.000046,    0.000020,    0.000026
  117    -0.000159,   -0.000047,   -0.000069,   -0.000016,    0.000023
  118     0.000000,   -0.000012,    0.000010,   -0.000000,   -0.000002
  119     0.000000,   -0.000020,    0.000034,    0.000000,   -0.000002
  120    -0.000000,    0.001628,   -0.001061,    0.000000,    0.000236
  121    -0.000000,    0.017439,   -0.011879,    0.000000,    0.002460
  122     0.000000,   -0.047439,    0.030149,   -0.000000,   -0.006496
  123     0.000000,   -0.011676,    0.008813,    0.000000,   -0.001972
  124    -0.000000,   -0.000050,    0.000200,   -0.000000,    0.000015
  125    -0.000000,    0.000036,   -0.000052,   -0.000000,    0.000034
  126    -0.000155,   -0.000000,   -0.000000,    0.000091,   -0.000000
  127     0.000000,    0.001164,   -0.004666,    0.000000,   -0.000358
  128     0.000000,   -0.000835,    0.001179,    0.000000,   -0.000787
  129     0.003669,    0.000000,    0.000000,   -0.002121,    0.000000
  130    -0.000000,   -0.006164,    0.023870,   -0.000000,    0.001939
  131    -0.000000,    0.004232,   -0.005485,   -0.000000,    0.004044
  132    -0.020303,   -0.000000,   -0.000000,    0.010714,   -0.000000
  133    -0.000000,   -0.010782,    0.044244,   -0.000000,    0.003464
  134    -0.000000,    0.007336,   -0.010885,   -0.000000,    0.007513
  135    -0.035554,   -0.000000,   -0.000000,    0.019853,   -0.000000
  136    -0.000000,   -0.004481,    0.015597,   -0.000000,    0.002130
  137    -0.000000,   -0.000441,   -0.000008,   -0.000000,    0.002727
  138    -0.027125,   -0.000000,   -0.000000,    0.005129,   -0.000000
  139     0.000000,    0.000003,   -0.000007,    0.000000,    0.000001
  140    -0.000014,   -0.000000,   -0.000000,   -0.000004,   -0.000000
  141    -0.000000,    0.000002,   -0.000004,   -0.000000,    0.000001
  142     0.000005,    0.000000,    0.000000,    0.000002,   -0.000000
  143    -0.000000,    0.000005,   -0.000001,   -0.000000,    0.000000
  144     0.000000,   -0.000109,    0.000376,   -0.000000,   -0.000056
  145     0.000759,    0.000000,    0.000000,    0.000244,   -0.000000
  146     0.000000,   -0.000120,    0.000223,    0.000000,   -0.000032
  147    -0.000389,   -0.000000,   -0.000000,   -0.000152,    0.000000
  148     0.000000,   -0.000240,    0.000095,    0.000000,   -0.000010
  149    -0.000000,    0.000534,   -0.002737,   -0.000000,    0.000371
  150    -0.005809,   -0.000000,   -0.000000,   -0.002041,    0.000000
  151    -0.000000,    0.000689,   -0.001596,   -0.000000,    0.000174
  152     0.003774,    0.000000,    0.000000,    0.001330,   -0.000000
  153    -0.000000,    0.001514,   -0.000712,   -0.000000,    0.000015
  154    -0.000000,    0.000028,   -0.002217,   -0.000000,    0.000204
  155    -0.002852,   -0.000000,   -0.000000,   -0.001478,   -0.000000
  156    -0.000000,    0.000046,   -0.001224,   -0.000000,    0.000111
  157     0.002851,    0.000000,    0.000000,    0.001036,    0.000000
  158    -0.000000,    0.000463,   -0.000418,   -0.000000,    0.000057
  159     0.000000,   -0.000479,   -0.000428,    0.000000,    0.000068
  160    -0.002352,   -0.000000,   -0.000000,   -0.000860,   -0.000000
  161     0.000000,   -0.000315,    0.000713,    0.000000,   -0.000081
  162    -0.001863,   -0.000000,   -0.000000,   -0.000724,    0.000000
  163    -0.000000,    0.000066,   -0.000532,   -0.000000,    0.000064
  164    -0.000901,   -0.000000,   -0.000000,   -0.000382,   -0.000000
  165    -0.000000,    0.000445,   -0.001123,   -0.000000,    0.000136
  166    -0.000000,    0.000006,    0.000005,   -0.000000,    0.000000
  167     0.000000,   -0.000007,    0.000003,    0.000000,    0.000003
  168     0.000000,   -0.001003,   -0.000757,    0.000000,    0.000035
  169     0.000000,   -0.010096,   -0.008012,    0.000000,    0.000248
  170    -0.000000,    0.028434,    0.023002,   -0.000000,   -0.000647
  171    -0.000000,    0.006784,    0.003577,   -0.000000,   -0.000367
  172    -0.000000,    0.000130,   -0.000042,   -0.000000,    0.000001
  173     0.000000,   -0.000012,   -0.000048,   -0.000000,   -0.000019
  174    -0.000054,    0.000000,    0.000000,   -0.000171,    0.000000
  175     0.000000,   -0.003042,    0.000969,    0.000000,   -0.000014
  176    -0.000000,    0.000278,    0.001111,    0.000000,    0.000452
  177     0.001262,   -0.000000,   -0.000000,    0.003991,   -0.000000
  178    -0.000000,    0.015681,   -0.005093,   -0.000000,    0.000020
  179     0.000000,   -0.001097,   -0.005372,   -0.000000,   -0.002344
  180    -0.006708,    0.000000,    0.000000,   -0.020792,    0.000000
  181    -0.000000,    0.029382,   -0.008719,   -0.000000,    0.000141
  182     0.000000,   -0.003101,   -0.011208,   -0.000000,   -0.004426
  183    -0.011892,    0.000000,    0.000000,   -0.037796,    0.000000
  184    -0.000000,    0.012837,   -0.002715,   -0.000000,   -0.000326
  185     0.000000,   -0.000363,   -0.004229,   -0.000000,   -0.001901
  186    -0.003701,    0.000000,    0.000000,   -0.015540,    0.000000
  187    -0.000000,   -0.000000,   -0.000001,   -0.000000,    0.000001
  188    -0.000002,   -0.000000,   -0.000000,   -0.000001,    0.000000
  189     0.000000,   -0.000001,    0.000001,    0.000000,    0.000000
  190    -0.000002,    0.000000,   -0.000000,    0.000001,    0.000000
  191    -0.000000,   -0.000000,    0.000001,    0.000000,    0.000000
  192     0.000000,   -0.000034,    0.000047,   -0.000000,   -0.000028
  193     0.000052,    0.000000,    0.000000,    0.000067,   -0.000000
  194    -0.000000,   -0.000018,   -0.000043,   -0.000000,   -0.000009
  195    -0.000002,   -0.000000,   -0.000000,   -0.000055,   -0.000000
  196     0.000000,   -0.000046,   -0.000096,   -0.000000,    0.000014
  197    -0.000000,    0.000652,   -0.000295,    0.000000,    0.000189
  198    -0.000159,   -0.000000,   -0.000000,   -0.000642,    0.000000
  199     0.000000,    0.000456,    0.000355,    0.000000,    0.000031
  200     0.000755,    0.000000,    0.000000,    0.000584,    0.000000
  201    -0.000000,    0.000697,    0.001000,    0.000000,   -0.000162
  202     0.000000,    0.001725,    0.000174,    0.000000,    0.000202
  203     0.001024,    0.000000,    0.000000,   -0.000581,   -0.000000
  204    -0.000000,    0.000870,    0.000543,   -0.000000,    0.000084
  205     0.001231,    0.000000,    0.000000,    0.000680,    0.000000
  206    -0.000000,    0.000840,    0.001191,    0.000000,   -0.000055
  207    -0.000000,    0.000134,    0.000443,    0.000000,   -0.000105
  208     0.000577,    0.000000,    0.000000,    0.000437,    0.000000
  209    -0.000000,    0.000320,    0.000242,    0.000000,    0.000026
  210    -0.000148,    0.000000,    0.000000,    0.000236,    0.000000
  211     0.000000,   -0.000191,    0.000018,   -0.000000,   -0.000044
  212    -0.000385,   -0.000000,    0.000000,    0.000070,   -0.000000
  213     0.000000,   -0.000648,   -0.000108,   -0.000000,   -0.000061
                15,          16,          17,          18,          19
    0    -0.000000,    0.000401,   -0.000000,    0.000091,   -0.001746
    1    -0.000000,    0.000075,   -0.000000,   -0.000333,   -0.003855
    2     0.000000,    0.002291,    0.000000,    0.002280,    0.007518
    3    -0.000000,    0.002239,    0.000000,    0.002273,    0.005725
    4     0.000000,    0.001351,   -0.000000,    0.000202,   -0.002204
    5     0.000000,    0.009990,    0.000000,    0.005578,   -0.006136
    6    -0.000000,    0.002172,   -0.000000,    0.001128,   -0.007419
    7    -0.002538,    0.000000,    0.014438,    0.000000,   -0.000000
    8    -0.000000,    0.006874,    0.000000,    0.004044,   -0.004062
    9    -0.000000,    0.001126,    0.000000,    0.000602,   -0.005090
   10    -0.001844,    0.000000,    0.010461,    0.000000,   -0.000000
   11    -0.000000,    0.001722,    0.000000,    0.001448,   -0.000771
   12     0.000000,   -0.000053,    0.000000,   -0.000206,   -0.000323
   13    -0.000077,    0.000000,    0.002781,    0.000000,   -0.000000
   14     0.000000,   -0.000263,    0.000000,   -0.000141,    0.000783
   15     0.000171,   -0.000000,   -0.000076,   -0.000000,    0.000000
   16    -0.000000,    0.000426,    0.000000,    0.000306,   -0.000252
   17    -0.000076,    0.000000,    0.000832,    0.000000,   -0.000000
   18    -0.000000,    0.000306,    0.000000,    0.000415,   -0.000212
   19     0.000000,   -0.000252,   -0.000000,   -0.000212,    0.001341
   20     0.000364,    0.000000,    0.000133,    0.000000,   -0.000000
   21    -0.000000,    0.000537,    0.000000,    0.000521,   -0.000313
   22    -0.000121,    0.000000,    0.001327,    0.000000,    0.000000
   23    -0.000000,    0.000234,    0.000000,    0.000741,   -0.000110
   24    -0.000000,    0.000063,    0.000000,   -0.000001,   -0.000251
   25    -0.000095,    0.000000,    0.000021,    0.000000,   -0.000000
   26     0.000000,   -0.000046,   -0.000000,   -0.000044,    0.000058
   27     0.000013,    0.000000,    0.000079,    0.000000,    0.000000
   28    -0.000000,    0.000025,    0.000000,    0.000055,    0.000073
   29    -0.000015,    0.000000,    0.000068,    0.000000,    0.000000
   30     0.000000,   -0.000042,    0.000000,   -0.000058,    0.000147
   31    -0.000891,    0.003077,    0.005686,    0.002109,   -0.000291
   32    -0.000992,    0.003327,    0.006387,    0.002116,   -0.000390
   33    -0.000465,    0.000885,    0.002685,    0.000681,   -0.000254
   34     0.000067,   -0.000058,   -0.000365,   -0.000042,   -0.000079
   35     0.000022,    0.000017,   -0.000012,    0.000001,   -0.000081
   36     0.000054,   -0.000303,   -0.000323,   -0.000196,    0.000022
   37     0.000004,    0.000176,   -0.000171,    0.000160,   -0.000306
   38     0.000089,    0.000026,   -0.000163,    0.000041,   -0.000039
   39    -0.000026,   -0.000238,    0.000090,   -0.000048,    0.000018
   40    -0.000019,   -0.000006,    0.000021,   -0.000006,    0.000023
   41    -0.000010,   -0.000009,    0.000013,   -0.000010,    0.000023
   42     0.000004,    0.000072,   -0.000019,    0.000044,   -0.000040
   43    -0.000008,   -0.000005,    0.000048,   -0.000008,    0.000039
   44    -0.000011,   -0.000013,    0.000034,    0.000002,    0.000018
   45     0.000891,    0.003077,   -0.005686,    0.002109,   -0.000291
   46     0.000992,    0.003327,   -0.006387,    0.002116,   -0.000390
   47     0.000465,    0.000885,   -0.002685,    0.000681,   -0.000254
   48    -0.000067,   -0.000058,    0.000365,   -0.000042,   -0.000079
   49    -0.000022,    0.000017,    0.000012,    0.000001,   -0.000081
   50     0.000054,    0.000303,   -0.000323,    0.000196,   -0.000022
   51    -0.000004,    0.000176,    0.000171,    0.000160,   -0.000306
   52    -0.000089,    0.000026,    0.000163,    0.000041,   -0.000039
   53    -0.000026,    0.000238,    0.000090,    0.000048,   -0.000018
   54     0.000019,   -0.000006,   -0.000021,   -0.000006,    0.000023
   55    -0.000010,    0.000009,    0.000013,    0.000010,   -0.000023
   56    -0.000004,    0.000072,    0.000019,    0.000044,   -0.000040
   57    -0.000008,    0.000005,    0.000048,    0.000008,   -0.000039
   58     0.000011,   -0.000013,   -0.000034,    0.000002,    0.000018
   59     0.000000,    0.001303,    0.000000,    0.000613,   -0.003351
   60     0.000000,    0.002626,    0.000000,    0.001282,   -0.006199
   61     0.000000,   -0.004305,    0.000000,   -0.002308,    0.008558
   62    -0.000000,   -0.003860,   -0.000000,   -0.002795,    0.007287
   63    -0.000000,    0.000078,    0.000000,    0.001948,    0.000940
   64     0.000000,   -0.005141,    0.000000,   -0.007538,    0.005203
   65     0.000000,   -0.003573,   -0.000000,    0.001853,    0.008736
   66    -0.005084,   -0.000000,   -0.006613,   -0.000000,   -0.000000
   67     0.000000,   -0.003670,    0.000000,   -0.005180,    0.003350
   68    -0.000000,   -0.002448,    0.000000,    0.001377,    0.005806
   69    -0.003492,   -0.000000,   -0.005006,    0.000000,   -0.000000
   70    -0.000000,   -0.001097,    0.000000,   -0.001362,    0.001463
   71    -0.000000,   -0.000568,    0.000000,    0.000494,    0.000714
   72    -0.001355,   -0.000000,   -0.001325,   -0.000000,    0.000000
   73     0.000000,   -0.000207,    0.000000,   -0.000051,    0.000668
   74    -0.000064,    0.000000,    0.000157,    0.000000,   -0.000000
   75    -0.000000,    0.000199,   -0.000000,    0.000217,   -0.000201
   76     0.000157,    0.000000,    0.000600,    0.000000,   -0.000000
   77    -0.000000,    0.000217,   -0.000000,    0.000179,   -0.000122
   78    -0.000000,   -0.000201,    0.000000,   -0.000122,    0.001101
   79    -0.000061,    0.000000,    0.000546,    0.000000,   -0.000000
   80    -0.000000,    0.000225,   -0.000000,    0.000047,   -0.000014
   81    -0.000017,   -0.000000,    0.001250,   -0.000000,   -0.000000
   82    -0.000000,    0.000181,   -0.000000,   -0.000093,    0.000182
   83    -0.000000,    0.000001,    0.000000,   -0.000025,    0.000171
   84    -0.000048,    0.000000,    0.000121,    0.000000,   -0.000000
   85     0.000000,    0.000056,   -0.000000,    0.000011,   -0.000066
   86     0.000021,   -0.000000,   -0.000118,   -0.000000,    0.000000
   87     0.000000,    0.000047,    0.000000,    0.000014,   -0.000131
   88    -0.000009,   -0.000000,   -0.000046,    0.000000,    0.000000
   89     0.000000,    0.000121,   -0.000000,    0.000045,   -0.000185
   90    -0.001740,    0.000581,   -0.002994,    0.001528,    0.000229
   91    -0.002040,    0.000827,   -0.003271,    0.001931,   -0.000023
   92    -0.000155,    0.000423,   -0.002042,    0.000537,   -0.000296
   93    -0.000135,   -0.000047,   -0.000157,   -0.000018,    0.000099
   94    -0.000012,   -0.000059,    0.000022,    0.000036,    0.000108
   95     0.000106,   -0.000057,    0.000159,   -0.000147,   -0.000021
   96    -0.000116,   -0.000158,   -0.000036,   -0.000172,    0.000181
   97     0.000020,   -0.000073,   -0.000096,    0.000190,    0.000210
   98     0.000045,   -0.000054,   -0.000119,   -0.000225,    0.000025
   99    -0.000005,   -0.000014,    0.000003,    0.000021,    0.000046
  100     0.000006,    0.000024,   -0.000004,   -0.000023,   -0.000052
  101     0.000010,    0.000029,    0.000004,    0.000053,   -0.000017
  102     0.000019,    0.000024,    0.000020,    0.000015,   -0.000040
  103    -0.000019,   -0.000015,   -0.000005,   -0.000019,    0.000025
  104     0.001740,    0.000581,    0.002994,    0.001528,    0.000229
  105     0.002040,    0.000827,    0.003271,    0.001931,   -0.000023
  106     0.000155,    0.000423,    0.002042,    0.000537,   -0.000296
  107     0.000135,   -0.000047,    0.000157,   -0.000018,    0.000099
  108     0.000012,   -0.000059,   -0.000022,    0.000036,    0.000108
  109     0.000106,    0.000057,    0.000159,    0.000147,    0.000021
  110     0.000116,   -0.000158,    0.000036,   -0.000172,    0.000181
  111    -0.000020,   -0.000073,    0.000096,    0.000190,    0.000210
  112     0.000045,    0.000054,   -0.000119,    0.000225,   -0.000025
  113     0.000005,   -0.000014,   -0.000003,    0.000021,    0.000046
  114     0.000006,   -0.000024,   -0.000004,    0.000023,    0.000052
  115    -0.000010,    0.000029,   -0.000004,    0.000053,   -0.000017
  116     0.000019,   -0.000024,    0.000020,   -0.000015,    0.000040
  117     0.000019,   -0.000015,    0.000005,   -0.000019,    0.000025
  118     0.000000,   -0.000001,   -0.000000,   -0.000001,   -0.000004
  119    -0.000000,   -0.000002,   -0.000000,   -0.000001,    0.000002
  120    -0.000000,    0.000161,   -0.000000,    0.000164,    0.000693
  121    -0.000000,    0.001703,   -0.000000,    0.001748,    0.007034
  122     0.000000,   -0.004569,    0.000000,   -0.004861,   -0.019341
  123    -0.000000,   -0.001286,    0.000000,   -0.001015,   -0.005249
  124    -0.000000,   -0.000017,   -0.000000,   -0.000036,    0.000064
  125    -0.000000,    0.000006,   -0.000000,   -0.000006,    0.000046
  126     0.000032,   -0.000000,   -0.000031,   -0.000000,   -0.000000
  127     0.000000,    0.000390,    0.000000,    0.000836,   -0.001504
  128     0.000000,   -0.000147,    0.000000,    0.000150,   -0.001073
  129    -0.000755,    0.000000,    0.000727,    0.000000,    0.000000
  130    -0.000000,   -0.002052,   -0.000000,   -0.004366,    0.007827
  131    -0.000000,    0.000715,   -0.000000,   -0.000765,    0.005655
  132     0.003950,   -0.000000,   -0.003854,   -0.000000,   -0.000000
  133    -0.000000,   -0.003735,   -0.000000,   -0.007915,    0.014494
  134    -0.000000,    0.001377,   -0.000000,   -0.001520,    0.010034
  135     0.007183,   -0.000000,   -0.006952,   -0.000000,   -0.000000
  136    -0.000000,   -0.001735,   -0.000000,   -0.003410,    0.006775
  137    -0.000000,    0.000027,   -0.000000,   -0.000970,    0.003834
  138     0.003200,   -0.000000,   -0.003763,   -0.000000,   -0.000000
  139    -0.000000,    0.000000,    0.000000,    0.000000,    0.000001
  140     0.000000,   -0.000000,   -0.000001,   -0.000000,    0.000000
  141     0.000000,    0.000000,   -0.000000,    0.000000,    0.000001
  142     0.000000,   -0.000000,    0.000000,    0.000000,   -0.000000
  143     0.000000,    0.000001,   -0.000000,    0.000000,    0.000001
  144     0.000000,   -0.000008,   -0.000000,   -0.000011,   -0.000042
  145    -0.000002,    0.000000,    0.000043,    0.000000,   -0.000000
  146    -0.000000,   -0.000019,    0.000000,   -0.000004,   -0.000032
  147    -0.000002,   -0.000000,   -0.000019,   -0.000000,    0.000000
  148    -0.000000,   -0.000045,    0.000000,   -0.000017,   -0.000029
  149    -0.000000,    0.000034,   -0.000000,    0.000096,    0.000114
  150    -0.000011,   -0.000000,   -0.000305,   -0.000000,    0.000000
  151     0.000000,    0.000121,   -0.000000,    0.000041,    0.000071
  152     0.000017,    0.000000,    0.000219,    0.000000,   -0.000000
  153     0.000000,    0.000309,   -0.000000,    0.000066,    0.000081
  154     0.000000,    0.000060,   -0.000000,    0.000148,   -0.000427
  155    -0.000079,    0.000000,   -0.000044,    0.000000,    0.000000
  156    -0.000000,    0.000063,    0.000000,    0.000004,   -0.000204
  157     0.000049,   -0.000000,    0.000166,   -0.000000,   -0.000000
  158    -0.000000,    0.000153,   -0.000000,   -0.000105,   -0.000017
  159    -0.000000,   -0.000110,    0.000000,    0.000008,   -0.000042
  160    -0.000024,    0.000000,   -0.000131,    0.000000,    0.000000
  161    -0.000000,   -0.000067,    0.000000,   -0.000021,   -0.000006
  162    -0.000014,    0.000000,   -0.000081,    0.000000,    0.000000
  163     0.000000,    0.000010,   -0.000000,    0.000024,   -0.000016
  164    -0.000007,   -0.000000,   -0.000025,   -0.000000,    0.000000
  165    -0.000000,    0.000081,   -0.000000,    0.000072,   -0.000016
  166    -0.000000,    0.000000,    0.000000,   -0.000000,   -0.000001
  167    -0.000000,   -0.000002,    0.000000,   -0.000006,    0.000005
  168    -0.000000,   -0.000052,    0.000000,   -0.000082,    0.000305
  169     0.000000,   -0.000458,    0.000000,   -0.000676,    0.002921
  170    -0.000000,    0.001360,   -0.000000,    0.002332,   -0.007986
  171     0.000000,    0.000255,   -0.000000,    0.000208,   -0.002560
  172    -0.000000,   -0.000002,   -0.000000,    0.000009,   -0.000020
  173    -0.000000,   -0.000010,    0.000000,   -0.000028,   -0.000032
  174    -0.000001,   -0.000000,    0.000003,   -0.000000,    0.000000
  175     0.000000,    0.000040,    0.000000,   -0.000207,    0.000467
  176     0.000000,    0.000224,   -0.000000,    0.000658,    0.000761
  177     0.000022,    0.000000,   -0.000068,    0.000000,   -0.000000
  178    -0.000000,   -0.000219,   -0.000000,    0.001001,   -0.002462
  179    -0.000000,   -0.001126,    0.000000,   -0.003258,   -0.003975
  180    -0.000087,   -0.000000,    0.000377,   -0.000000,    0.000000
  181    -0.000000,   -0.000359,   -0.000000,    0.002053,   -0.004474
  182    -0.000000,   -0.002142,   -0.000000,   -0.006419,   -0.007247
  183    -0.000172,   -0.000000,    0.000650,   -0.000000,    0.000000
  184    -0.000000,   -0.000057,   -0.000000,    0.000648,   -0.002394
  185     0.000000,   -0.000667,   -0.000000,   -0.001925,   -0.002969
  186     0.000178,    0.000000,    0.000681,    0.000000,    0.000000
  187    -0.000000,   -0.000000,   -0.000000,    0.000001,    0.000001
  188    -0.000000,   -0.000000,   -0.000001,   -0.000000,    0.000000
  189     0.000000,   -0.000000,    0.000000,    0.000001,    0.000001
  190     0.000000,    0.000000,   -0.000000,    0.000000,    0.000000
  191     0.000000,    0.000000,    0.000000,    0.000001,    0.000000
  192     0.000000,   -0.000001,    0.000000,   -0.000041,   -0.000035
  193     0.000017,    0.000000,    0.000023,    0.000000,    0.000000
  194    -0.000000,   -0.000005,   -0.000000,   -0.000036,   -0.000020
  195    -0.000012,   -0.000000,   -0.000008,   -0.000000,   -0.000000
  196    -0.000000,   -0.000024,   -0.000000,   -0.000044,    0.000000
  197    -0.000000,    0.000053,   -0.000000,    0.000354,    0.000157
  198    -0.000149,   -0.000000,   -0.000154,   -0.000000,   -0.000000
  199     0.000000,    0.000076,    0.000000,    0.000291,    0.000057
  200     0.000090,    0.000000,    0.000140,    0.000000,    0.000000
  201     0.000000,    0.000224,    0.000000,    0.000399,   -0.000072
  202     0.000000,    0.000126,    0.000000,    0.000489,   -0.000074
  203    -0.000114,    0.000000,    0.000008,    0.000000,   -0.000000
  204    -0.000000,    0.000068,   -0.000000,    0.000327,   -0.000031
  205     0.000046,   -0.000000,    0.000159,   -0.000000,    0.000000
  206    -0.000000,    0.000189,   -0.000000,    0.000435,   -0.000036
  207    -0.000000,    0.000091,   -0.000000,    0.000089,   -0.000051
  208     0.000052,   -0.000000,    0.000097,    0.000000,    0.000000
  209    -0.000000,    0.000046,   -0.000000,    0.000167,    0.000020
  210     0.000054,   -0.000000,    0.000035,   -0.000000,    0.000000
  211     0.000000,   -0.000008,    0.000000,   -0.000076,   -0.000020
  212     0.000032,   -0.000000,   -0.000004,   -0.000000,    0.000000
  213    -0.000000,   -0.000091,    0.000000,   -0.000255,   -0.000024
                20,          21,          22,          23,          24
    0     0.000000,    0.005988,   -0.000000,    0.002276,    0.000364
    1     0.000000,    0.007655,   -0.000000,    0.002143,    0.000782
    2    -0.000000,    0.001569,    0.000000,    0.004489,   -0.001452
    3     0.000000,    0.002433,    0.000000,    0.005112,   -0.001282
    4    -0.000000,    0.000662,   -0.000000,   -0.003690,    0.000860
    5     0.000000,    0.009210,    0.000000,   -0.002182,    0.002152
    6     0.000000,    0.003785,   -0.000000,    0.002276,    0.000436
    7     0.000992,    0.000000,    0.015021,    0.000000,    0.000000
    8     0.000000,    0.007033,    0.000000,   -0.000575,    0.001459
    9     0.000000,    0.002222,   -0.000000,    0.001462,    0.000220
   10     0.000533,    0.000000,    0.011760,    0.000000,    0.000000
   11     0.000000,    0.001629,    0.000000,    0.001110,    0.000126
   12     0.000000,    0.000056,    0.000000,   -0.000319,   -0.000296
   13     0.001184,    0.000000,    0.002057,    0.000000,    0.000000
   14    -0.000000,   -0.000352,    0.000000,   -0.000031,   -0.000149
   15     0.000364,   -0.000000,   -0.000121,   -0.000000,   -0.000000
   16     0.000000,    0.000537,    0.000000,    0.000234,    0.000063
   17     0.000133,    0.000000,    0.001327,    0.000000,    0.000000
   18     0.000000,    0.000521,    0.000000,    0.000741,   -0.000001
   19    -0.000000,   -0.000313,    0.000000,   -0.000110,   -0.000251
   20     0.000923,    0.000000,    0.000034,    0.000000,    0.000000
   21     0.000000,    0.001204,    0.000000,    0.001039,    0.000068
   22     0.000034,    0.000000,    0.003108,    0.000000,    0.000000
   23     0.000000,    0.001039,    0.000000,    0.002183,   -0.000099
   24     0.000000,    0.000068,    0.000000,   -0.000099,    0.000091
   25    -0.000203,    0.000000,   -0.000008,    0.000000,    0.000000
   26    -0.000000,   -0.000082,    0.000000,   -0.000069,    0.000004
   27     0.000027,    0.000000,    0.000278,    0.000000,    0.000000
   28     0.000000,    0.000066,    0.000000,    0.000135,   -0.000020
   29    -0.000022,    0.000000,    0.000159,    0.000000,    0.000000
   30    -0.000000,   -0.000093,    0.000000,   -0.000112,   -0.000010
   31     0.000494,    0.002784,    0.006743,    0.000842,    0.000247
   32     0.000661,    0.002458,    0.007145,    0.000122,    0.000358
   33    -0.000069,    0.000765,    0.004802,    0.000513,    0.000117
   34    -0.000022,   -0.000035,   -0.000359,   -0.000044,    0.000013
   35     0.000046,    0.000038,   -0.000014,    0.000014,   -0.000002
   36    -0.000021,   -0.000260,   -0.000368,   -0.000049,   -0.000026
   37    -0.000140,    0.000360,    0.000153,    0.000154,    0.000059
   38     0.000163,    0.000155,   -0.000428,    0.000275,   -0.000063
   39    -0.000083,    0.000106,    0.000436,    0.000456,   -0.000053
   40    -0.000038,   -0.000016,    0.000047,   -0.000027,    0.000005
   41    -0.000017,   -0.000027,    0.000013,   -0.000042,    0.000009
   42    -0.000003,    0.000054,   -0.000001,   -0.000014,    0.000014
   43     0.000008,   -0.000039,    0.000033,   -0.000021,   -0.000006
   44    -0.000006,   -0.000010,    0.000024,    0.000034,   -0.000007
   45    -0.000494,    0.002784,   -0.006743,    0.000842,    0.000247
   46    -0.000661,    0.002458,   -0.007145,    0.000122,    0.000358
   47     0.000069,    0.000765,   -0.004802,    0.000513,    0.000117
   48     0.000022,   -0.000035,    0.000359,   -0.000044,    0.000013
   49    -0.000046,    0.000038,    0.000014,    0.000014,   -0.000002
   50    -0.000021,    0.000260,   -0.000368,    0.000049,    0.000026
   51     0.000140,    0.000360,   -0.000153,    0.000154,    0.000059
   52    -0.000163,    0.000155,    0.000428,    0.000275,   -0.000063
   53    -0.000083,   -0.000106,    0.000436,   -0.000456,    0.000053
   54     0.000038,   -0.000016,   -0.000047,   -0.000027,    0.000005
   55    -0.000017,    0.000027,    0.000013,    0.000042,   -0.000009
   56     0.000003,    0.000054,    0.000001,   -0.000014,    0.000014
   57     0.000008,    0.000039,    0.000033,    0.000021,    0.000006
   58     0.000006,   -0.000010,   -0.000024,    0.000034,   -0.000007
   59    -0.000000,    0.002662,   -0.000000,    0.000629,    0.000590
   60    -0.000000,    0.005010,   -0.000000,    0.001482,    0.000972
   61     0.000000,   -0.007161,    0.000000,   -0.003331,   -0.000929
   62    -0.000000,   -0.006773,   -0.000000,   -0.005247,   -0.000672
   63     0.000000,    0.000367,    0.000000,    0.004974,   -0.001557
   64    -0.000000,   -0.008334,    0.000000,   -0.012260,    0.000840
   65    -0.000000,   -0.003168,    0.000000,    0.010475,   -0.003641
   66    -0.012476,   -0.000000,   -0.019118,   -0.000000,    0.000000
   67     0.000000,   -0.005619,    0.000000,   -0.008052,    0.000665
   68    -0.000000,   -0.001992,    0.000000,    0.007525,   -0.002443
   69    -0.008787,   -0.000000,   -0.013939,   -0.000000,   -0.000000
   70     0.000000,   -0.001453,    0.000000,   -0.001591,   -0.000189
   71     0.000000,   -0.000813,    0.000000,    0.002029,   -0.000428
   72    -0.003464,   -0.000000,   -0.002430,   -0.000000,   -0.000000
   73    -0.000000,   -0.000167,    0.000000,    0.000227,   -0.000140
   74    -0.000061,    0.000000,   -0.000017,    0.000000,    0.000000
   75     0.000000,    0.000225,   -0.000000,    0.000181,   -0.000001
   76     0.000546,    0.000000,    0.001250,    0.000000,    0.000000
   77     0.000000,    0.000047,   -0.000000,   -0.000093,    0.000025
   78    -0.000000,   -0.000014,    0.000000,    0.000182,   -0.000171
   79     0.000084,    0.000000,    0.000452,    0.000000,    0.000000
   80    -0.000000,   -0.000048,   -0.000000,   -0.000525,   -0.000024
   81     0.000452,    0.000000,    0.002320,    0.000000,    0.000000
   82    -0.000000,   -0.000525,   -0.000000,   -0.001160,    0.000069
   83    -0.000000,    0.000024,    0.000000,   -0.000069,   -0.000006
   84    -0.000051,    0.000000,    0.000058,    0.000000,    0.000000
   85     0.000000,    0.000062,   -0.000000,   -0.000068,    0.000020
   86    -0.000015,   -0.000000,   -0.000132,   -0.000000,   -0.000000
   87     0.000000,    0.000113,    0.000000,    0.000041,    0.000029
   88    -0.000044,   -0.000000,   -0.000080,   -0.000000,   -0.000000
   89     0.000000,    0.000140,    0.000000,   -0.000053,    0.000053
   90    -0.004541,    0.000651,   -0.007891,    0.002259,   -0.000348
   91    -0.005207,    0.001204,   -0.008852,    0.003231,   -0.000310
   92    -0.000811,    0.000502,   -0.005313,    0.000680,    0.000101
   93    -0.000325,   -0.000079,   -0.000473,   -0.000029,   -0.000014
   94    -0.000017,   -0.000068,    0.000004,    0.000166,   -0.000056
   95     0.000271,   -0.000075,    0.000430,   -0.000227,    0.000034
   96    -0.000218,   -0.000162,   -0.000245,   -0.000162,    0.000045
   97     0.000034,   -0.000024,   -0.000382,    0.000671,   -0.000152
   98     0.000033,   -0.000225,   -0.000170,   -0.000599,    0.000030
   99    -0.000009,   -0.000012,   -0.000026,    0.000082,   -0.000025
  100     0.000010,    0.000022,    0.000015,   -0.000105,    0.000030
  101     0.000018,    0.000042,    0.000029,    0.000087,   -0.000011
  102     0.000043,    0.000030,    0.000068,    0.000007,    0.000001
  103    -0.000041,   -0.000038,   -0.000030,   -0.000045,    0.000000
  104     0.004541,    0.000651,    0.007891,    0.002259,   -0.000348
  105     0.005207,    0.001204,    0.008852,    0.003231,   -0.000310
  106     0.000811,    0.000502,    0.005313,    0.000680,    0.000101
  107     0.000325,   -0.000079,    0.000473,   -0.000029,   -0.000014
  108     0.000017,   -0.000068,   -0.000004,    0.000166,   -0.000056
  109     0.000271,    0.000075,    0.000430,    0.000227,   -0.000034
  110     0.000218,   -0.000162,    0.000245,   -0.000162,    0.000045
  111    -0.000034,   -0.000024,    0.000382,    0.000671,   -0.000152
  112     0.000033,    0.000225,   -0.000170,    0.000599,   -0.000030
  113     0.000009,   -0.000012,    0.000026,    0.000082,   -0.000025
  114     0.000010,   -0.000022,    0.000015,    0.000105,   -0.000030
  115    -0.000018,    0.000042,   -0.000029,    0.000087,   -0.000011
  116     0.000043,   -0.000030,    0.000068,   -0.000007,   -0.000001
  117     0.000041,   -0.000038,    0.000030,   -0.000045,    0.000000
  118    -0.000000,   -0.000003,    0.000000,   -0.000005,    0.000000
  119    -0.000000,   -0.000001,    0.000000,    0.000000,   -0.000002
  120    -0.000000,    0.000477,   -0.000000,    0.000713,   -0.000040
  121    -0.000000,    0.004928,   -0.000000,    0.007385,   -0.000361
  122     0.000000,   -0.013567,    0.000000,   -0.020936,    0.001112
  123     0.000000,   -0.003445,    0.000000,   -0.004198,    0.000250
  124     0.000000,   -0.000046,   -0.000000,   -0.000080,   -0.000018
  125     0.000000,   -0.000011,   -0.000000,   -0.000051,   -0.000008
  126     0.000079,   -0.000000,   -0.000127,   -0.000000,    0.000000
  127    -0.000000,    0.001080,    0.000000,    0.001877,    0.000412
  128    -0.000000,    0.000257,    0.000000,    0.001177,    0.000188
  129    -0.001835,    0.000000,    0.002978,    0.000000,   -0.000000
  130     0.000000,   -0.005675,   -0.000000,   -0.009862,   -0.002134
  131     0.000000,   -0.001313,   -0.000000,   -0.005862,   -0.001020
  132     0.009557,   -0.000000,   -0.015567,   -0.000000,    0.000000
  133     0.000000,   -0.010162,   -0.000000,   -0.017524,   -0.003939
  134     0.000000,   -0.002773,   -0.000000,   -0.011842,   -0.001810
  135     0.017435,   -0.000000,   -0.028346,   -0.000000,    0.000000
  136     0.000000,   -0.004432,   -0.000000,   -0.007357,   -0.001672
  137     0.000000,   -0.001785,   -0.000000,   -0.004987,   -0.000920
  138     0.007397,   -0.000000,   -0.013048,   -0.000000,   -0.000000
  139     0.000000,    0.000000,    0.000000,    0.000000,    0.000000
  140    -0.000000,   -0.000000,   -0.000001,   -0.000000,    0.000000
  141    -0.000000,    0.000000,   -0.000000,   -0.000001,    0.000000
  142     0.000000,    0.000000,   -0.000001,    0.000000,    0.000000
  143     0.000000,    0.000001,   -0.000000,   -0.000000,   -0.000000
  144    -0.000000,   -0.000014,    0.000000,   -0.000010,   -0.000007
  145     0.000021,    0.000000,    0.000025,    0.000000,    0.000000
  146     0.000000,   -0.000014,    0.000000,    0.000026,   -0.000006
  147    -0.000018,   -0.000000,    0.000003,   -0.000000,   -0.000000
  148    -0.000000,   -0.000039,    0.000000,    0.000029,   -0.000002
  149     0.000000,    0.000065,   -0.000000,    0.000061,    0.000064
  150    -0.000220,   -0.000000,   -0.000054,   -0.000000,   -0.000000
  151    -0.000000,    0.000087,   -0.000000,   -0.000199,    0.000061
  152     0.000166,    0.000000,    0.000107,    0.000000,    0.000000
  153     0.000000,    0.000184,   -0.000000,   -0.000463,    0.000049
  154     0.000000,   -0.000085,   -0.000000,   -0.000204,    0.000083
  155    -0.000302,   -0.000000,    0.000476,    0.000000,   -0.000000
  156     0.000000,   -0.000122,   -0.000000,   -0.000450,    0.000062
  157     0.000222,    0.000000,    0.000046,    0.000000,   -0.000000
  158    -0.000000,   -0.000209,   -0.000000,   -0.000973,    0.000035
  159    -0.000000,   -0.000032,    0.000000,    0.000236,    0.000006
  160    -0.000140,   -0.000000,   -0.000029,   -0.000000,   -0.000000
  161    -0.000000,   -0.000014,    0.000000,    0.000160,   -0.000026
  162    -0.000100,   -0.000000,    0.000063,   -0.000000,   -0.000000
  163     0.000000,    0.000006,   -0.000000,   -0.000003,    0.000015
  164    -0.000050,   -0.000000,    0.000087,   -0.000000,   -0.000000
  165     0.000000,    0.000036,   -0.000000,   -0.000093,    0.000029
  166    -0.000000,   -0.000000,   -0.000000,   -0.000001,   -0.000000
  167     0.000000,   -0.000005,    0.000000,   -0.000013,    0.000001
  168     0.000000,   -0.000052,    0.000000,   -0.000119,    0.000028
  169     0.000000,   -0.000408,    0.000000,   -0.000880,    0.000289
  170    -0.000000,    0.001573,   -0.000000,    0.003776,   -0.001042
  171    -0.000000,   -0.000248,   -0.000000,   -0.000338,    0.000107
  172    -0.000000,   -0.000050,   -0.000000,   -0.000012,   -0.000004
  173    -0.000000,   -0.000048,    0.000000,   -0.000083,    0.000017
  174     0.000003,    0.000000,    0.000031,    0.000000,   -0.000000
  175     0.000000,    0.001166,    0.000000,    0.000297,    0.000092
  176     0.000000,    0.001107,   -0.000000,    0.001930,   -0.000397
  177    -0.000083,   -0.000000,   -0.000738,   -0.000000,    0.000000
  178    -0.000000,   -0.006117,   -0.000000,   -0.001753,   -0.000433
  179    -0.000000,   -0.005602,    0.000000,   -0.009592,    0.001982
  180     0.000490,    0.000000,    0.003940,    0.000000,   -0.000000
  181    -0.000000,   -0.011022,   -0.000000,   -0.002612,   -0.000930
  182    -0.000000,   -0.010697,    0.000000,   -0.018799,    0.003884
  183     0.000879,    0.000000,    0.006988,    0.000000,   -0.000000
  184     0.000000,   -0.004736,   -0.000000,   -0.002031,   -0.000202
  185    -0.000000,   -0.003836,    0.000000,   -0.005994,    0.001353
  186     0.001025,    0.000000,    0.004056,    0.000000,   -0.000000
  187    -0.000000,    0.000000,   -0.000000,    0.000002,   -0.000000
  188    -0.000001,   -0.000000,   -0.000001,   -0.000000,    0.000000
  189     0.000000,    0.000001,    0.000000,    0.000002,   -0.000000
  190     0.000000,    0.000000,   -0.000000,    0.000000,   -0.000000
  191     0.000000,    0.000001,   -0.000000,    0.000001,   -0.000000
  192     0.000000,   -0.000017,    0.000000,   -0.000121,    0.000024
  193     0.000040,    0.000000,    0.000063,    0.000000,   -0.000000
  194    -0.000000,   -0.000035,   -0.000000,   -0.000106,    0.000019
  195    -0.000028,   -0.000000,   -0.000018,   -0.000000,    0.000000
  196    -0.000000,   -0.000070,    0.000000,   -0.000102,    0.000013
  197    -0.000000,    0.000137,   -0.000000,    0.000912,   -0.000186
  198    -0.000344,   -0.000000,   -0.000401,   -0.000000,    0.000000
  199     0.000000,    0.000257,   -0.000000,    0.000772,   -0.000135
  200     0.000228,    0.000000,    0.000299,    0.000000,   -0.000000
  201     0.000000,    0.000614,   -0.000000,    0.000941,   -0.000105
  202     0.000000,    0.000135,   -0.000000,    0.001006,   -0.000233
  203    -0.000211,    0.000000,   -0.000008,    0.000000,    0.000000
  204    -0.000000,    0.000217,   -0.000000,    0.000816,   -0.000161
  205     0.000131,    0.000000,    0.000323,    0.000000,   -0.000000
  206    -0.000000,    0.000668,   -0.000000,    0.001172,   -0.000152
  207     0.000000,    0.000260,   -0.000000,    0.000201,    0.000003
  208     0.000132,    0.000000,    0.000204,    0.000000,   -0.000000
  209    -0.000000,    0.000148,   -0.000000,    0.000426,   -0.000076
  210     0.000115,    0.000000,    0.000101,    0.000000,   -0.000000
  211     0.000000,   -0.000012,    0.000000,   -0.000182,    0.000043
  212     0.000060,   -0.000000,    0.000018,   -0.000000,   -0.000000
  213     0.000000,   -0.000187,    0.000000,   -0.000573,    0.000105
                25,          26,          27,          28,          29
    0    -0.000000,    0.000095,   -0.000000,    0.001287,   -0.000000
    1    -0.000000,    0.000020,   -0.000000,    0.000947,   -0.000000
    2     0.000000,    0.000481,    0.000000,    0.003571,    0.000000
    3     0.000000,    0.000194,    0.000000,    0.002943,    0.000000
    4     0.000000,    0.000335,   -0.000000,    0.000779,   -0.000000
    5     0.000000,   -0.000680,    0.000000,    0.000241,    0.000000
    6    -0.000000,   -0.001544,   -0.000000,   -0.001284,   -0.000000
    7     0.001393,   -0.000000,   -0.000040,    0.000000,    0.000811
    8     0.000000,   -0.000474,    0.000000,    0.000196,    0.000000
    9     0.000000,   -0.001039,   -0.000000,   -0.000853,   -0.000000
   10     0.000979,    0.000000,    0.000114,    0.000000,    0.000639
   11    -0.000000,   -0.000190,    0.000000,    0.000018,    0.000000
   12    -0.000000,   -0.000286,    0.000000,   -0.000185,    0.000000
   13     0.000095,   -0.000000,   -0.000031,    0.000000,    0.000129
   14    -0.000000,    0.000069,    0.000000,    0.000070,    0.000000
   15    -0.000095,    0.000000,    0.000013,   -0.000000,   -0.000015
   16     0.000000,   -0.000046,    0.000000,    0.000025,    0.000000
   17     0.000021,   -0.000000,    0.000079,    0.000000,    0.000068
   18     0.000000,   -0.000044,    0.000000,    0.000055,    0.000000
   19    -0.000000,    0.000058,    0.000000,    0.000073,    0.000000
   20    -0.000203,   -0.000000,    0.000027,    0.000000,   -0.000022
   21     0.000000,   -0.000082,    0.000000,    0.000066,    0.000000
   22    -0.000008,    0.000000,    0.000278,    0.000000,    0.000159
   23     0.000000,   -0.000069,    0.000000,    0.000135,    0.000000
   24     0.000000,    0.000004,    0.000000,   -0.000020,    0.000000
   25     0.000055,   -0.000000,   -0.000015,    0.000000,    0.000005
   26    -0.000000,    0.000019,    0.000000,    0.000010,    0.000000
   27    -0.000015,    0.000000,    0.000035,    0.000000,    0.000015
   28     0.000000,    0.000010,    0.000000,    0.000063,    0.000000
   29     0.000005,    0.000000,    0.000015,    0.000000,    0.000010
   30    -0.000000,    0.000027,    0.000000,    0.000043,    0.000000
   31     0.000451,   -0.000110,    0.000123,    0.000762,    0.000355
   32     0.000518,   -0.000109,    0.000068,    0.000638,    0.000372
   33     0.000148,   -0.000065,    0.000252,    0.000076,    0.000219
   34    -0.000038,   -0.000002,    0.000004,   -0.000042,   -0.000020
   35    -0.000013,   -0.000024,    0.000002,   -0.000023,   -0.000002
   36    -0.000028,    0.000012,   -0.000005,   -0.000065,   -0.000020
   37    -0.000014,   -0.000021,    0.000053,    0.000002,    0.000012
   38    -0.000036,   -0.000069,   -0.000027,   -0.000039,   -0.000022
   39     0.000001,   -0.000008,    0.000053,   -0.000019,    0.000025
   40     0.000010,    0.000010,    0.000002,    0.000007,    0.000003
   41     0.000006,    0.000013,   -0.000001,    0.000009,    0.000001
   42    -0.000003,   -0.000004,    0.000003,    0.000006,    0.000000
   43     0.000005,    0.000003,   -0.000003,    0.000006,    0.000002
   44     0.000007,    0.000001,   -0.000002,    0.000004,    0.000002
   45    -0.000451,   -0.000110,   -0.000123,    0.000762,   -0.000355
   46    -0.000518,   -0.000109,   -0.000068,    0.000638,   -0.000372
   47    -0.000148,   -0.000065,   -0.000252,    0.000076,   -0.000219
   48     0.000038,   -0.000002,   -0.000004,   -0.000042,    0.000020
   49     0.000013,   -0.000024,   -0.000002,   -0.000023,    0.000002
   50    -0.000028,   -0.000012,   -0.000005,    0.000065,   -0.000020
   51     0.000014,   -0.000021,   -0.000053,    0.000002,   -0.000012
   52     0.000036,   -0.000069,    0.000027,   -0.000039,    0.000022
   53     0.000001,    0.000008,    0.000053,    0.000019,    0.000025
   54    -0.000010,    0.000010,   -0.000002,    0.000007,   -0.000003
   55     0.000006,   -0.000013,   -0.000001,   -0.000009,    0.000001
   56     0.000003,   -0.000004,   -0.000003,    0.000006,   -0.000000
   57     0.000005,   -0.000003,   -0.000003,   -0.000006,    0.000002
   58    -0.000007,    0.000001,    0.000002,    0.000004,   -0.000002
   59     0.000000,   -0.000882,   -0.000000,   -0.000168,   -0.000000
   60     0.000000,   -0.001354,   -0.000000,   -0.000286,   -0.000000
   61    -0.000000,    0.000900,    0.000000,    0.000274,   -0.000000
   62     0.000000,    0.000799,   -0.000000,   -0.000148,   -0.000000
   63    -0.000000,   -0.000584,    0.000000,    0.000038,    0.000000
   64     0.000000,    0.001746,    0.000000,    0.000576,    0.000000
   65    -0.000000,    0.000406,    0.000000,    0.001814,   -0.000000
   66     0.003388,   -0.000000,   -0.002675,   -0.000000,   -0.000693
   67     0.000000,    0.001220,    0.000000,    0.000349,    0.000000
   68     0.000000,    0.000259,   -0.000000,    0.001177,   -0.000000
   69     0.002356,   -0.000000,   -0.001866,   -0.000000,   -0.000493
   70    -0.000000,    0.000168,    0.000000,   -0.000025,    0.000000
   71    -0.000000,    0.000061,    0.000000,    0.000153,    0.000000
   72     0.000795,    0.000000,   -0.000393,   -0.000000,   -0.000070
   73     0.000000,    0.000061,    0.000000,    0.000125,    0.000000
   74     0.000048,   -0.000000,   -0.000021,    0.000000,    0.000009
   75    -0.000000,   -0.000056,   -0.000000,   -0.000047,   -0.000000
   76    -0.000121,    0.000000,    0.000118,    0.000000,    0.000046
   77    -0.000000,   -0.000011,   -0.000000,   -0.000014,   -0.000000
   78     0.000000,    0.000066,    0.000000,    0.000131,    0.000000
   79     0.000051,   -0.000000,    0.000015,    0.000000,    0.000044
   80     0.000000,   -0.000062,   -0.000000,   -0.000113,   -0.000000
   81    -0.000058,   -0.000000,    0.000132,    0.000000,    0.000080
   82     0.000000,    0.000068,   -0.000000,   -0.000041,   -0.000000
   83     0.000000,    0.000020,    0.000000,    0.000029,    0.000000
   84     0.000032,   -0.000000,   -0.000009,    0.000000,    0.000008
   85    -0.000000,   -0.000007,   -0.000000,   -0.000009,   -0.000000
   86    -0.000009,    0.000000,    0.000004,   -0.000000,   -0.000003
   87    -0.000000,   -0.000009,    0.000000,   -0.000007,    0.000000
   88     0.000008,   -0.000000,   -0.000003,   -0.000000,   -0.000001
   89    -0.000000,   -0.000011,    0.000000,   -0.000014,    0.000000
   90     0.001194,   -0.000245,   -0.001003,   -0.000096,   -0.000290
   91     0.001386,   -0.000281,   -0.001165,   -0.000081,   -0.000332
   92     0.000245,   -0.000051,   -0.000511,   -0.000051,   -0.000226
   93     0.000089,    0.000009,   -0.000069,   -0.000001,   -0.000017
   94     0.000008,    0.000005,   -0.000003,    0.000026,    0.000002
   95    -0.000072,    0.000025,    0.000057,    0.000011,    0.000015
   96     0.000068,    0.000054,   -0.000062,    0.000013,   -0.000016
   97     0.000005,   -0.000013,   -0.000033,    0.000053,   -0.000013
   98    -0.000018,    0.000026,    0.000009,   -0.000006,   -0.000002
   99     0.000005,   -0.000001,   -0.000003,    0.000009,    0.000000
  100    -0.000005,    0.000001,    0.000003,   -0.000010,    0.000000
  101    -0.000006,   -0.000010,    0.000006,   -0.000003,    0.000002
  102    -0.000013,   -0.000007,    0.000011,   -0.000001,    0.000003
  103     0.000012,    0.000006,   -0.000006,    0.000001,   -0.000001
  104    -0.001194,   -0.000245,    0.001003,   -0.000096,    0.000290
  105    -0.001386,   -0.000281,    0.001165,   -0.000081,    0.000332
  106    -0.000245,   -0.000051,    0.000511,   -0.000051,    0.000226
  107    -0.000089,    0.000009,    0.000069,   -0.000001,    0.000017
  108    -0.000008,    0.000005,    0.000003,    0.000026,   -0.000002
  109    -0.000072,   -0.000025,    0.000057,   -0.000011,    0.000015
  110    -0.000068,    0.000054,    0.000062,    0.000013,    0.000016
  111    -0.000005,   -0.000013,    0.000033,    0.000053,    0.000013
  112    -0.000018,   -0.000026,    0.000009,    0.000006,   -0.000002
  113    -0.000005,   -0.000001,    0.000003,    0.000009,   -0.000000
  114    -0.000005,   -0.000001,    0.000003,    0.000010,    0.000000
  115     0.000006,   -0.000010,   -0.000006,   -0.000003,   -0.000002
  116    -0.000013,    0.000007,    0.000011,    0.000001,    0.000003
  117    -0.000012,    0.000006,    0.000006,    0.000001,    0.000001
  118     0.000000,    0.000000,    0.000000,    0.000001,    0.000000
  119     0.000000,   -0.000000,    0.000000,    0.000002,    0.000000
  120    -0.000000,   -0.000008,   -0.000000,   -0.000061,   -0.000000
  121    -0.000000,   -0.000075,   -0.000000,   -0.000701,   -0.000000
  122     0.000000,    0.000266,    0.000000,    0.001850,    0.000000
  123     0.000000,    0.000028,    0.000000,    0.000508,    0.000000
  124    -0.000000,   -0.000003,   -0.000000,   -0.000007,   -0.000000
  125     0.000000,    0.000002,   -0.000000,   -0.000000,   -0.000000
  126    -0.000015,   -0.000000,   -0.000012,   -0.000000,   -0.000009
  127     0.000000,    0.000059,    0.000000,    0.000155,    0.000000
  128    -0.000000,   -0.000042,    0.000000,    0.000000,    0.000000
  129     0.000341,    0.000000,    0.000289,    0.000000,    0.000208
  130    -0.000000,   -0.000291,   -0.000000,   -0.000811,   -0.000000
  131     0.000000,    0.000204,   -0.000000,    0.000008,   -0.000000
  132    -0.001788,   -0.000000,   -0.001499,   -0.000000,   -0.001084
  133    -0.000000,   -0.000565,   -0.000000,   -0.001510,   -0.000000
  134     0.000000,    0.000417,   -0.000000,    0.000059,   -0.000000
  135    -0.003250,   -0.000000,   -0.002746,   -0.000000,   -0.001978
  136    -0.000000,   -0.000144,   -0.000000,   -0.000690,   -0.000000
  137     0.000000,    0.000121,   -0.000000,    0.000138,   -0.000000
  138    -0.001456,   -0.000000,   -0.001190,   -0.000000,   -0.000896
  139     0.000000,    0.000000,    0.000000,    0.000000,    0.000000
  140    -0.000000,    0.000000,    0.000000,   -0.000000,   -0.000000
  141    -0.000000,    0.000000,   -0.000000,    0.000000,   -0.000000
  142    -0.000000,   -0.000000,   -0.000000,   -0.000000,   -0.000000
  143    -0.000000,   -0.000000,    0.000000,   -0.000000,   -0.000000
  144    -0.000000,   -0.000009,    0.000000,    0.000003,    0.000000
  145     0.000001,   -0.000000,   -0.000003,    0.000000,    0.000001
  146     0.000000,   -0.000004,    0.000000,    0.000005,    0.000000
  147     0.000000,    0.000000,    0.000003,   -0.000000,    0.000000
  148     0.000000,    0.000003,    0.000000,    0.000007,    0.000000
  149     0.000000,    0.000063,   -0.000000,   -0.000027,   -0.000000
  150    -0.000003,    0.000000,    0.000035,   -0.000000,    0.000001
  151     0.000000,    0.000031,   -0.000000,   -0.000035,   -0.000000
  152    -0.000006,   -0.000000,   -0.000013,    0.000000,    0.000003
  153    -0.000000,   -0.000009,   -0.000000,   -0.000059,   -0.000000
  154     0.000000,    0.000058,   -0.000000,    0.000056,   -0.000000
  155     0.000024,    0.000000,    0.000073,    0.000000,    0.000031
  156     0.000000,    0.000038,   -0.000000,    0.000019,   -0.000000
  157    -0.000025,   -0.000000,   -0.000015,    0.000000,   -0.000005
  158     0.000000,    0.000017,   -0.000000,   -0.000025,   -0.000000
  159     0.000000,    0.000019,    0.000000,    0.000020,    0.000000
  160     0.000010,    0.000000,    0.000013,   -0.000000,    0.000002
  161     0.000000,   -0.000015,    0.000000,    0.000006,    0.000000
  162     0.000003,    0.000000,    0.000020,   -0.000000,    0.000005
  163    -0.000000,    0.000013,   -0.000000,    0.000004,   -0.000000
  164    -0.000000,    0.000000,    0.000017,   -0.000000,    0.000005
  165     0.000000,    0.000022,   -0.000000,   -0.000002,   -0.000000
  166    -0.000000,   -0.000000,   -0.000000,   -0.000000,   -0.000000
  167     0.000000,    0.000001,   -0.000000,   -0.000001,   -0.000000
  168     0.000000,    0.000044,    0.000000,    0.000004,    0.000000
  169     0.000000,    0.000443,    0.000000,    0.000064,    0.000000
  170    -0.000000,   -0.001304,   -0.000000,   -0.000097,   -0.000000
  171    -0.000000,   -0.000205,   -0.000000,   -0.000091,   -0.000000
  172    -0.000000,    0.000000,   -0.000000,   -0.000004,   -0.000000
  173    -0.000000,    0.000005,    0.000000,   -0.000009,    0.000000
  174    -0.000003,    0.000000,   -0.000001,    0.000000,   -0.000002
  175     0.000000,   -0.000011,    0.000000,    0.000085,    0.000000
  176     0.000000,   -0.000105,   -0.000000,    0.000208,   -0.000000
  177     0.000069,   -0.000000,    0.000019,   -0.000000,    0.000045
  178    -0.000000,    0.000068,   -0.000000,   -0.000463,   -0.000000
  179    -0.000000,    0.000512,    0.000000,   -0.001061,    0.000000
  180    -0.000378,    0.000000,   -0.000086,    0.000000,   -0.000231
  181    -0.000000,    0.000080,   -0.000000,   -0.000801,   -0.000000
  182    -0.000000,    0.001036,    0.000000,   -0.002019,    0.000000
  183    -0.000677,    0.000000,   -0.000187,    0.000000,   -0.000432
  184    -0.000000,    0.000008,   -0.000000,   -0.000468,   -0.000000
  185    -0.000000,    0.000340,    0.000000,   -0.000729,    0.000000
  186    -0.000460,    0.000000,    0.000058,    0.000000,   -0.000147
  187     0.000000,    0.000000,   -0.000000,    0.000000,   -0.000000
  188     0.000000,    0.000000,   -0.000000,   -0.000000,   -0.000000
  189    -0.000000,   -0.000000,    0.000000,    0.000000,    0.000000
  190    -0.000000,   -0.000000,    0.000000,    0.000000,   -0.000000
  191    -0.000000,   -0.000000,    0.000000,    0.000000,   -0.000000
  192    -0.000000,    0.000001,    0.000000,   -0.000013,    0.000000
  193    -0.000011,   -0.000000,    0.000010,    0.000000,    0.000003
  194     0.000000,    0.000005,   -0.000000,   -0.000008,    0.000000
  195     0.000007,   -0.000000,   -0.000004,   -0.000000,   -0.000001
  196     0.000000,    0.000009,   -0.000000,   -0.000005,    0.000000
  197     0.000000,   -0.000022,   -0.000000,    0.000097,   -0.000000
  198     0.000088,   -0.000000,   -0.000073,   -0.000000,   -0.000022
  199    -0.000000,   -0.000044,    0.000000,    0.000051,   -0.000000
  200    -0.000054,    0.000000,    0.000046,    0.000000,    0.000015
  201    -0.000000,   -0.000085,   -0.000000,    0.000035,   -0.000000
  202    -0.000000,   -0.000058,    0.000000,    0.000098,   -0.000000
  203     0.000055,   -0.000000,   -0.000040,    0.000000,   -0.000011
  204     0.000000,   -0.000054,   -0.000000,    0.000055,   -0.000000
  205    -0.000028,    0.000000,    0.000044,    0.000000,    0.000021
  206     0.000000,   -0.000095,   -0.000000,    0.000058,   -0.000000
  207     0.000000,   -0.000030,   -0.000000,   -0.000004,   -0.000000
  208    -0.000031,    0.000000,    0.000032,    0.000000,    0.000012
  209    -0.000000,   -0.000026,   -0.000000,    0.000028,   -0.000000
  210    -0.000030,    0.000000,    0.000024,    0.000000,    0.000007
  211     0.000000,    0.000006,    0.000000,   -0.000019,    0.000000
  212    -0.000017,    0.000000,    0.000012,   -0.000000,    0.000002
  213     0.000000,    0.000031,    0.000000,   -0.000051,    0.000000
                30,          31,          32,          33,          34
    0    -0.000570,   -0.018501,   -0.035538,   -0.009085,    0.001963
    1    -0.001425,   -0.039504,   -0.062260,   -0.015314,    0.003541
    2     0.003157,    0.072002,    0.073132,    0.015978,   -0.004517
    3     0.002502,    0.061337,    0.061993,    0.013651,   -0.003962
    4     0.000965,    0.016917,    0.016760,   -0.001050,   -0.000084
    5    -0.000474,    0.076691,    0.086840,    0.020527,   -0.001083
    6    -0.002429,    0.001440,    0.003972,    0.007958,   -0.000195
    7     0.000000,    0.120631,    0.139006,    0.044987,   -0.008405
    8    -0.000411,    0.050325,    0.056222,    0.013301,   -0.000572
    9    -0.001628,   -0.001761,   -0.000541,    0.004247,   -0.000050
   10     0.000000,    0.085285,    0.097934,    0.032830,   -0.005889
   11    -0.000279,    0.012610,    0.014290,    0.004367,   -0.000219
   12    -0.000312,   -0.002445,   -0.002785,   -0.000504,    0.000005
   13     0.000000,    0.023870,    0.027729,    0.006253,   -0.001700
   14     0.000125,   -0.000847,   -0.001070,   -0.000493,   -0.000021
   15     0.000000,   -0.000891,   -0.000992,   -0.000465,    0.000067
   16    -0.000042,    0.003077,    0.003327,    0.000885,   -0.000058
   17     0.000000,    0.005686,    0.006387,    0.002685,   -0.000365
   18    -0.000058,    0.002109,    0.002116,    0.000681,   -0.000042
   19     0.000147,   -0.000291,   -0.000390,   -0.000254,   -0.000079
   20    -0.000000,    0.000494,    0.000661,   -0.000069,   -0.000022
   21    -0.000093,    0.002784,    0.002458,    0.000765,   -0.000035
   22     0.000000,    0.006743,    0.007145,    0.004802,   -0.000359
   23    -0.000112,    0.000842,    0.000122,    0.000513,   -0.000044
   24    -0.000010,    0.000247,    0.000358,    0.000117,    0.000013
   25    -0.000000,    0.000451,    0.000518,    0.000148,   -0.000038
   26     0.000027,   -0.000110,   -0.000109,   -0.000065,   -0.000002
   27     0.000000,    0.000123,    0.000068,    0.000252,    0.000004
   28     0.000043,    0.000762,    0.000638,    0.000076,   -0.000042
   29     0.000000,    0.000355,    0.000372,    0.000219,   -0.000020
   30     0.000070,    0.000447,    0.000426,   -0.000039,   -0.000039
   31     0.000447,    0.079525,    0.089103,    0.026720,   -0.004288
   32     0.000426,    0.089103,    0.101438,    0.030301,   -0.004854
   33    -0.000039,    0.026720,    0.030301,    0.013848,   -0.001416
   34    -0.000039,   -0.004288,   -0.004854,   -0.001416,    0.000285
   35    -0.000038,   -0.000246,   -0.000227,    0.000038,    0.000010
   36    -0.000041,   -0.005952,   -0.006678,   -0.001878,    0.000297
   37    -0.000050,   -0.002008,   -0.002732,   -0.000618,    0.000247
   38    -0.000093,   -0.001256,   -0.001389,   -0.000654,    0.000024
   39    -0.000065,   -0.003492,   -0.004452,   -0.000598,    0.000153
   40     0.000014,    0.000170,    0.000178,    0.000054,   -0.000006
   41     0.000020,    0.000180,    0.000202,    0.000009,   -0.000007
   42     0.000004,    0.000474,    0.000536,    0.000111,   -0.000001
   43     0.000014,    0.000696,    0.000844,    0.000234,   -0.000054
   44     0.000004,    0.000312,    0.000362,    0.000096,   -0.000031
   45     0.000447,   -0.011120,   -0.014775,   -0.009346,    0.001916
   46     0.000426,   -0.014775,   -0.017961,   -0.010028,    0.002309
   47    -0.000039,   -0.009346,   -0.010028,   -0.007505,    0.000841
   48    -0.000039,    0.001916,    0.002309,    0.000841,   -0.000150
   49    -0.000038,    0.000042,    0.000097,    0.000150,   -0.000012
   50     0.000041,    0.000733,    0.000690,   -0.000137,    0.000063
   51    -0.000050,    0.002347,    0.002557,    0.000291,   -0.000094
   52    -0.000093,    0.000606,    0.000579,    0.001067,   -0.000079
   53     0.000065,    0.003399,    0.004080,    0.001415,   -0.000106
   54     0.000014,   -0.000129,   -0.000144,   -0.000142,    0.000014
   55    -0.000020,    0.000076,    0.000092,    0.000099,   -0.000012
   56     0.000004,    0.000895,    0.001037,    0.000239,   -0.000033
   57    -0.000014,    0.000193,    0.000195,    0.000069,   -0.000010
   58     0.000004,   -0.000336,   -0.000390,   -0.000097,    0.000017
   59    -0.000894,    0.003266,   -0.000477,    0.000732,   -0.000035
   60    -0.001408,    0.007097,    0.001396,    0.001475,   -0.000068
   61     0.001059,   -0.013539,   -0.009780,   -0.002419,    0.000142
   62     0.000763,   -0.017211,   -0.013632,   -0.003751,    0.000547
   63    -0.000746,   -0.003061,   -0.005716,   -0.000837,   -0.000033
   64     0.003203,   -0.016567,   -0.019150,   -0.011136,   -0.000597
   65     0.001011,   -0.012750,   -0.020769,   -0.006501,   -0.000604
   66    -0.000000,   -0.011672,   -0.009563,   -0.016880,   -0.000225
   67     0.002171,   -0.013175,   -0.014991,   -0.007960,   -0.000350
   68     0.000565,   -0.010033,   -0.015339,   -0.004226,   -0.000314
   69    -0.000000,   -0.011149,   -0.010140,   -0.013881,    0.000037
   70     0.000369,   -0.006194,   -0.007269,   -0.002555,   -0.000080
   71    -0.000049,   -0.002741,   -0.003026,    0.000300,   -0.000031
   72    -0.000000,   -0.004642,   -0.005047,   -0.001393,    0.000188
   73     0.000149,   -0.000045,   -0.000383,   -0.000365,   -0.000071
   74    -0.000000,    0.001740,    0.002040,    0.000155,   -0.000135
   75    -0.000121,    0.000581,    0.000827,    0.000423,    0.000047
   76     0.000000,    0.002994,    0.003271,    0.002042,   -0.000157
   77    -0.000045,    0.001528,    0.001931,    0.000537,    0.000018
   78     0.000185,    0.000229,   -0.000023,   -0.000296,   -0.000099
   79     0.000000,    0.004541,    0.005207,    0.000811,   -0.000325
   80    -0.000140,    0.000651,    0.001204,    0.000502,    0.000079
   81    -0.000000,    0.007891,    0.008852,    0.005313,   -0.000473
   82     0.000053,    0.002259,    0.003231,    0.000680,    0.000029
   83     0.000053,    0.000348,    0.000310,   -0.000101,   -0.000014
   84    -0.000000,    0.001194,    0.001386,    0.000245,   -0.000089
   85    -0.000011,    0.000245,    0.000281,    0.000051,    0.000009
   86     0.000000,   -0.001003,   -0.001165,   -0.000511,    0.000069
   87    -0.000014,    0.000096,    0.000081,    0.000051,   -0.000001
   88    -0.000000,   -0.000290,   -0.000332,   -0.000226,    0.000017
   89    -0.000022,    0.000596,    0.000680,    0.000190,    0.000006
   90    -0.000596,   -0.005938,   -0.004042,   -0.005972,    0.000386
   91    -0.000680,   -0.004042,   -0.001471,   -0.005196,    0.000250
   92    -0.000190,   -0.005972,   -0.005196,   -0.006418,    0.000394
   93     0.000006,   -0.000386,   -0.000250,   -0.000394,   -0.000006
   94     0.000010,   -0.000015,   -0.000091,   -0.000067,   -0.000023
   95     0.000060,    0.000179,   -0.000013,    0.000185,   -0.000024
   96     0.000081,    0.000151,    0.000457,    0.000255,   -0.000083
   97    -0.000017,   -0.000553,   -0.000796,   -0.000727,   -0.000032
   98     0.000062,   -0.001248,   -0.001516,   -0.001101,    0.000077
   99     0.000001,    0.000050,    0.000028,   -0.000057,   -0.000014
  100     0.000000,    0.000038,    0.000074,    0.000029,    0.000012
  101    -0.000020,    0.000049,    0.000056,    0.000065,    0.000010
  102    -0.000008,    0.000072,    0.000029,    0.000038,    0.000006
  103     0.000009,    0.000048,    0.000085,   -0.000013,   -0.000008
  104    -0.000596,    0.011132,    0.012648,    0.011250,   -0.000005
  105    -0.000680,    0.012648,    0.014286,    0.012602,   -0.000003
  106    -0.000190,    0.011250,    0.012602,    0.009984,   -0.000360
  107     0.000006,    0.000005,    0.000003,    0.000360,    0.000019
  108     0.000010,   -0.000483,   -0.000634,   -0.000131,    0.000013
  109    -0.000060,    0.000612,    0.000761,    0.000700,    0.000014
  110     0.000081,   -0.001007,   -0.001074,   -0.000427,    0.000032
  111    -0.000017,   -0.000131,   -0.000472,    0.000665,   -0.000026
  112    -0.000062,   -0.000800,   -0.000863,   -0.000399,    0.000060
  113     0.000001,   -0.000130,   -0.000191,    0.000033,    0.000003
  114    -0.000000,   -0.000209,   -0.000281,   -0.000027,    0.000003
  115    -0.000020,    0.000158,    0.000201,    0.000084,   -0.000002
  116     0.000008,   -0.000088,   -0.000081,    0.000021,    0.000003
  117     0.000009,   -0.000084,   -0.000081,   -0.000017,    0.000006
  118     0.000001,   -0.000001,   -0.000003,   -0.000006,   -0.000000
  119     0.000001,    0.000020,    0.000015,    0.000001,   -0.000003
  120    -0.000073,    0.000429,    0.000672,    0.000906,   -0.000036
  121    -0.000808,    0.003740,    0.006389,    0.009340,   -0.000294
  122     0.002238,   -0.010846,   -0.017963,   -0.026233,    0.000985
  123     0.000479,   -0.002947,   -0.004798,   -0.005794,    0.000124
  124     0.000000,   -0.000088,   -0.000073,   -0.000024,   -0.000002
  125     0.000005,    0.000053,    0.000060,   -0.000027,    0.000004
  126    -0.000000,   -0.000089,   -0.000062,   -0.000153,    0.000002
  127    -0.000010,    0.002075,    0.001733,    0.000561,    0.000041
  128    -0.000117,   -0.001240,   -0.001414,    0.000623,   -0.000083
  129     0.000000,    0.002101,    0.001474,    0.003592,   -0.000042
  130     0.000063,   -0.011101,   -0.009353,   -0.003130,   -0.000178
  131     0.000591,    0.006320,    0.007185,   -0.003054,    0.000385
  132    -0.000000,   -0.011567,   -0.008404,   -0.018937,    0.000265
  133     0.000046,   -0.020420,   -0.017198,   -0.005190,   -0.000378
  134     0.001209,    0.012664,    0.014292,   -0.006402,    0.000774
  135    -0.000000,   -0.020317,   -0.014406,   -0.034176,    0.000428
  136     0.000049,   -0.010757,   -0.009402,   -0.002679,   -0.000021
  137     0.000565,    0.003294,    0.003319,   -0.003462,    0.000181
  138    -0.000000,   -0.015015,   -0.013412,   -0.017095,    0.000617
  139     0.000000,    0.000003,    0.000003,    0.000001,    0.000000
  140    -0.000000,   -0.000008,   -0.000009,   -0.000003,    0.000001
  141     0.000000,    0.000003,    0.000004,    0.000001,   -0.000000
  142    -0.000000,    0.000002,    0.000003,   -0.000000,   -0.000000
  143    -0.000000,    0.000006,    0.000007,    0.000002,   -0.000000
  144    -0.000002,    0.000040,    0.000026,    0.000009,   -0.000013
  145     0.000000,    0.000400,    0.000470,    0.000127,   -0.000029
  146    -0.000002,   -0.000070,   -0.000098,   -0.000011,   -0.000007
  147     0.000000,   -0.000202,   -0.000241,   -0.000037,    0.000015
  148     0.000004,   -0.000254,   -0.000304,   -0.000070,   -0.000002
  149     0.000008,   -0.000825,   -0.000840,   -0.000375,    0.000137
  150    -0.000000,   -0.003038,   -0.003610,   -0.000779,    0.000225
  151     0.000003,    0.000187,    0.000332,   -0.000075,    0.000080
  152    -0.000000,    0.001994,    0.002351,    0.000562,   -0.000144
  153    -0.000028,    0.001669,    0.002095,    0.000380,    0.000042
  154     0.000066,    0.000114,   -0.000078,   -0.000785,    0.000129
  155     0.000000,   -0.001422,   -0.001847,    0.000171,    0.000127
  156     0.000057,    0.000445,    0.000472,   -0.000421,    0.000069
  157    -0.000000,    0.001530,    0.001829,    0.000460,   -0.000110
  158     0.000044,    0.001246,    0.001597,   -0.000145,    0.000053
  159     0.000014,   -0.000836,   -0.001027,   -0.000238,    0.000015
  160     0.000000,   -0.001246,   -0.001484,   -0.000332,    0.000091
  161    -0.000013,   -0.000308,   -0.000380,    0.000064,   -0.000033
  162     0.000000,   -0.000963,   -0.001170,   -0.000166,    0.000075
  163     0.000009,   -0.000049,   -0.000068,   -0.000099,    0.000024
  164    -0.000000,   -0.000454,   -0.000567,   -0.000021,    0.000038
  165     0.000009,    0.000223,    0.000262,   -0.000143,    0.000059
  166    -0.000000,   -0.000001,   -0.000004,   -0.000004,   -0.000000
  167     0.000001,   -0.000010,   -0.000007,   -0.000006,    0.000000
  168     0.000017,    0.000025,    0.000499,    0.000484,    0.000006
  169     0.000151,    0.000691,    0.005548,    0.005207,    0.000060
  170    -0.000527,   -0.002120,   -0.016203,   -0.014390,   -0.000179
  171    -0.000023,    0.000243,   -0.002257,   -0.003096,   -0.000039
  172    -0.000007,    0.000005,    0.000043,    0.000040,    0.000003
  173     0.000001,   -0.000046,    0.000010,    0.000020,    0.000003
  174     0.000000,   -0.000006,   -0.000005,    0.000158,    0.000003
  175     0.000153,   -0.000108,   -0.000996,   -0.000930,   -0.000063
  176    -0.000014,    0.001063,   -0.000233,   -0.000475,   -0.000070
  177    -0.000000,    0.000140,    0.000121,   -0.003683,   -0.000062
  178    -0.000792,    0.000504,    0.005275,    0.004895,    0.000339
  179     0.000033,   -0.005617,    0.000855,    0.002396,    0.000364
  180     0.000000,   -0.000766,   -0.000694,    0.019234,    0.000330
  181    -0.001478,    0.000942,    0.009178,    0.008699,    0.000603
  182     0.000151,   -0.009736,    0.003165,    0.005056,    0.000656
  183     0.000000,   -0.001264,   -0.001048,    0.034988,    0.000583
  184    -0.000671,    0.000449,    0.004335,    0.003614,    0.000313
  185    -0.000114,   -0.003242,    0.001853,    0.002891,    0.000265
  186     0.000000,    0.000559,    0.000619,    0.016109,    0.000227
  187    -0.000000,    0.000000,   -0.000000,    0.000001,   -0.000000
  188     0.000000,   -0.000001,   -0.000001,   -0.000001,    0.000000
  189    -0.000000,   -0.000001,   -0.000002,   -0.000000,   -0.000000
  190     0.000000,   -0.000001,   -0.000001,   -0.000001,    0.000000
  191    -0.000000,    0.000000,   -0.000001,   -0.000000,    0.000000
  192     0.000003,   -0.000038,   -0.000000,   -0.000032,    0.000005
  193    -0.000000,    0.000047,    0.000039,    0.000028,   -0.000000
  194     0.000007,    0.000005,    0.000045,   -0.000013,    0.000001
  195    -0.000000,   -0.000008,   -0.000005,    0.000017,   -0.000001
  196     0.000012,   -0.000059,   -0.000027,   -0.000025,   -0.000002
  197    -0.000027,    0.000503,    0.000144,    0.000166,   -0.000036
  198    -0.000000,   -0.000212,   -0.000141,    0.000019,   -0.000007
  199    -0.000061,    0.000178,   -0.000121,    0.000115,   -0.000012
  200     0.000000,    0.000483,    0.000494,    0.000133,   -0.000020
  201    -0.000114,    0.000675,    0.000386,    0.000271,   -0.000002
  202    -0.000054,    0.000728,    0.000103,   -0.000152,   -0.000022
  203    -0.000000,    0.000538,    0.000671,    0.000795,   -0.000042
  204    -0.000059,    0.000032,   -0.000482,   -0.000177,   -0.000007
  205     0.000000,    0.000704,    0.000734,    0.000176,   -0.000037
  206    -0.000096,    0.000398,   -0.000242,   -0.000065,   -0.000019
  207    -0.000036,    0.000254,    0.000206,    0.000081,    0.000003
  208     0.000000,    0.000351,    0.000357,    0.000060,   -0.000016
  209    -0.000032,    0.000107,   -0.000088,    0.000009,   -0.000005
  210     0.000000,   -0.000046,   -0.000088,   -0.000131,    0.000009
  211     0.000007,   -0.000069,    0.000019,   -0.000001,    0.000005
  212    -0.000000,   -0.000192,   -0.000238,   -0.000169,    0.000016
  213     0.000033,   -0.000528,   -0.000285,   -0.000083,    0.000017
                35,          36,          37,          38,          39
    0    -0.000013,    0.002761,    0.005920,   -0.000112,    0.008524
    1     0.000017,    0.005080,    0.008992,   -0.000497,    0.012657
    2    -0.000150,   -0.006858,   -0.005564,    0.001791,   -0.006563
    3     0.000162,   -0.005908,   -0.004848,    0.002490,   -0.005414
    4    -0.001119,   -0.001503,    0.002981,   -0.004703,   -0.002009
    5    -0.000335,   -0.007615,    0.004965,   -0.002904,   -0.008293
    6     0.003867,   -0.000353,   -0.002332,    0.009957,   -0.000176
    7    -0.000413,   -0.006978,   -0.006402,   -0.002126,   -0.000705
    8    -0.000321,   -0.004961,    0.003891,   -0.002119,   -0.004944
    9     0.002624,    0.000046,   -0.001516,    0.006680,    0.000169
   10    -0.000296,   -0.004925,   -0.004239,   -0.001668,   -0.000242
   11     0.000037,   -0.001246,    0.000502,    0.000230,   -0.001104
   12     0.000639,    0.000203,   -0.000371,    0.001736,    0.000244
   13    -0.000040,   -0.001396,   -0.001480,    0.000061,   -0.000369
   14    -0.000132,    0.000090,   -0.000119,   -0.000232,    0.000097
   15     0.000022,    0.000054,    0.000004,    0.000089,   -0.000026
   16     0.000017,   -0.000303,    0.000176,    0.000026,   -0.000238
   17    -0.000012,   -0.000323,   -0.000171,   -0.000163,    0.000090
   18     0.000001,   -0.000196,    0.000160,    0.000041,   -0.000048
   19    -0.000081,    0.000022,   -0.000306,   -0.000039,    0.000018
   20     0.000046,   -0.000021,   -0.000140,    0.000163,   -0.000083
   21     0.000038,   -0.000260,    0.000360,    0.000155,    0.000106
   22    -0.000014,   -0.000368,    0.000153,   -0.000428,    0.000436
   23     0.000014,   -0.000049,    0.000154,    0.000275,    0.000456
   24    -0.000002,   -0.000026,    0.000059,   -0.000063,   -0.000053
   25    -0.000013,   -0.000028,   -0.000014,   -0.000036,    0.000001
   26    -0.000024,    0.000012,   -0.000021,   -0.000069,   -0.000008
   27     0.000002,   -0.000005,    0.000053,   -0.000027,    0.000053
   28    -0.000023,   -0.000065,    0.000002,   -0.000039,   -0.000019
   29    -0.000002,   -0.000020,    0.000012,   -0.000022,    0.000025
   30    -0.000038,   -0.000041,   -0.000050,   -0.000093,   -0.000065
   31    -0.000246,   -0.005952,   -0.002008,   -0.001256,   -0.003492
   32    -0.000227,   -0.006678,   -0.002732,   -0.001389,   -0.004452
   33     0.000038,   -0.001878,   -0.000618,   -0.000654,   -0.000598
   34     0.000010,    0.000297,    0.000247,    0.000024,    0.000153
   35     0.000068,    0.000015,   -0.000046,    0.000176,    0.000001
   36     0.000015,    0.000481,    0.000126,    0.000073,    0.000362
   37    -0.000046,    0.000126,    0.000604,   -0.000215,    0.000244
   38     0.000176,    0.000073,   -0.000215,    0.000654,    0.000035
   39     0.000001,    0.000362,    0.000244,    0.000035,    0.000705
   40    -0.000028,   -0.000009,    0.000030,   -0.000090,    0.000002
   41    -0.000032,   -0.000011,    0.000022,   -0.000100,   -0.000014
   42    -0.000004,   -0.000056,    0.000040,   -0.000028,   -0.000079
   43     0.000002,   -0.000053,   -0.000083,    0.000008,   -0.000063
   44    -0.000001,   -0.000018,   -0.000041,    0.000006,   -0.000004
   45     0.000042,   -0.000733,    0.002347,    0.000606,   -0.003399
   46     0.000097,   -0.000690,    0.002557,    0.000579,   -0.004080
   47     0.000150,    0.000137,    0.000291,    0.001067,   -0.001415
   48    -0.000012,   -0.000063,   -0.000094,   -0.000079,    0.000106
   49     0.000062,   -0.000003,   -0.000051,    0.000155,    0.000006
   50     0.000003,   -0.000180,    0.000131,    0.000028,   -0.000351
   51    -0.000051,   -0.000131,    0.000141,   -0.000156,    0.000016
   52     0.000155,   -0.000028,   -0.000156,    0.000437,    0.000174
   53    -0.000006,   -0.000351,   -0.000016,   -0.000174,   -0.000504
   54    -0.000023,    0.000008,    0.000024,   -0.000062,   -0.000014
   55     0.000030,   -0.000004,   -0.000033,    0.000089,    0.000014
   56    -0.000006,   -0.000081,    0.000005,   -0.000031,   -0.000092
   57    -0.000004,    0.000002,    0.000024,   -0.000018,    0.000047
   58     0.000002,    0.000020,   -0.000002,    0.000014,    0.000005
   59     0.000307,   -0.000333,    0.001751,    0.001310,    0.000876
   60     0.000599,   -0.000729,    0.002832,    0.002372,    0.001298
   61    -0.000914,    0.001399,   -0.002429,   -0.003139,   -0.000722
   62    -0.000760,    0.001715,   -0.001636,   -0.002970,   -0.000400
   63     0.000376,    0.000345,   -0.000124,    0.003035,    0.001819
   64    -0.001904,    0.001540,   -0.003159,   -0.004625,   -0.000402
   65    -0.001408,    0.001598,   -0.001650,   -0.000735,    0.003693
   66    -0.000677,    0.000426,   -0.002050,    0.000056,   -0.002681
   67    -0.001281,    0.001232,   -0.002213,   -0.003079,   -0.000033
   68    -0.000895,    0.001226,   -0.001061,   -0.000497,    0.002645
   69    -0.000469,    0.000461,   -0.001260,    0.000204,   -0.001874
   70    -0.000083,    0.000567,   -0.000921,    0.000356,    0.000523
   71    -0.000101,    0.000321,   -0.000530,    0.000030,    0.000396
   72    -0.000166,    0.000236,    0.000134,   -0.000458,   -0.000120
   73    -0.000119,    0.000017,   -0.000118,   -0.000215,    0.000068
   74    -0.000012,   -0.000106,   -0.000116,    0.000020,   -0.000045
   75     0.000059,   -0.000057,    0.000158,    0.000073,   -0.000054
   76     0.000022,   -0.000159,   -0.000036,   -0.000096,    0.000119
   77    -0.000036,   -0.000147,    0.000172,   -0.000190,   -0.000225
   78    -0.000108,   -0.000021,   -0.000181,   -0.000210,    0.000025
   79    -0.000017,   -0.000271,   -0.000218,    0.000034,   -0.000033
   80     0.000068,   -0.000075,    0.000162,    0.000024,   -0.000225
   81     0.000004,   -0.000430,   -0.000245,   -0.000382,    0.000170
   82    -0.000166,   -0.000227,    0.000162,   -0.000671,   -0.000599
   83    -0.000056,   -0.000034,    0.000045,   -0.000152,   -0.000030
   84    -0.000008,   -0.000072,   -0.000068,   -0.000005,   -0.000018
   85     0.000005,   -0.000025,    0.000054,   -0.000013,   -0.000026
   86     0.000003,    0.000057,    0.000062,    0.000033,    0.000009
   87     0.000026,   -0.000011,    0.000013,    0.000053,    0.000006
   88    -0.000002,    0.000015,    0.000016,    0.000013,   -0.000002
   89     0.000010,   -0.000060,    0.000081,   -0.000017,   -0.000062
   90     0.000015,    0.000179,   -0.000151,    0.000553,   -0.001248
   91     0.000091,   -0.000013,   -0.000457,    0.000796,   -0.001516
   92     0.000067,    0.000185,   -0.000255,    0.000727,   -0.001101
   93    -0.000023,    0.000024,   -0.000083,   -0.000032,   -0.000077
   94    -0.000023,    0.000016,   -0.000035,   -0.000014,    0.000053
   95    -0.000016,    0.000001,   -0.000002,   -0.000052,    0.000075
   96    -0.000035,    0.000002,   -0.000271,   -0.000146,   -0.000106
   97    -0.000014,    0.000052,   -0.000146,    0.000237,    0.000109
   98    -0.000053,    0.000075,    0.000106,   -0.000109,   -0.000048
   99    -0.000004,   -0.000001,   -0.000025,    0.000024,    0.000015
  100     0.000005,   -0.000009,    0.000029,   -0.000022,   -0.000028
  101     0.000012,   -0.000006,    0.000026,    0.000032,    0.000010
  102     0.000005,   -0.000006,    0.000037,    0.000010,    0.000015
  103    -0.000009,   -0.000003,   -0.000018,   -0.000026,   -0.000018
  104     0.000483,   -0.000612,    0.001007,    0.000131,    0.000800
  105     0.000634,   -0.000761,    0.001074,    0.000472,    0.000863
  106     0.000131,   -0.000700,    0.000427,   -0.000665,    0.000399
  107     0.000013,    0.000014,    0.000032,   -0.000026,    0.000060
  108    -0.000019,    0.000045,   -0.000008,   -0.000014,    0.000061
  109     0.000045,   -0.000035,    0.000072,    0.000039,    0.000037
  110    -0.000008,    0.000072,   -0.000063,   -0.000037,    0.000019
  111    -0.000014,    0.000039,   -0.000037,    0.000061,    0.000247
  112     0.000061,    0.000037,    0.000019,    0.000247,    0.000053
  113    -0.000002,    0.000012,   -0.000007,    0.000010,    0.000027
  114    -0.000003,    0.000020,   -0.000013,    0.000020,    0.000038
  115     0.000010,   -0.000013,    0.000005,    0.000028,   -0.000004
  116     0.000000,    0.000009,   -0.000012,   -0.000006,    0.000008
  117    -0.000004,    0.000006,   -0.000003,   -0.000017,   -0.000007
  118     0.000000,    0.000000,    0.000001,   -0.000001,   -0.000001
  119     0.000002,   -0.000002,   -0.000005,    0.000007,   -0.000002
  120     0.000009,   -0.000067,   -0.000230,    0.000316,    0.000110
  121     0.000034,   -0.000627,   -0.002238,    0.003098,    0.001196
  122    -0.000354,    0.001777,    0.006727,   -0.009363,   -0.003307
  123     0.000135,    0.000480,    0.001119,   -0.001560,   -0.000703
  124     0.000012,    0.000006,   -0.000030,    0.000037,   -0.000008
  125    -0.000012,   -0.000005,    0.000022,   -0.000035,   -0.000011
  126     0.000004,    0.000005,   -0.000032,    0.000030,   -0.000031
  127    -0.000280,   -0.000151,    0.000700,   -0.000857,    0.000181
  128     0.000279,    0.000128,   -0.000500,    0.000813,    0.000250
  129    -0.000093,   -0.000114,    0.000740,   -0.000697,    0.000716
  130     0.001407,    0.000820,   -0.003537,    0.004288,   -0.000923
  131    -0.001370,   -0.000656,    0.002396,   -0.003936,   -0.001252
  132     0.000486,    0.000628,   -0.003814,    0.003639,   -0.003721
  133     0.002695,    0.001501,   -0.006763,    0.008335,   -0.001580
  134    -0.002722,   -0.001294,    0.004938,   -0.008071,   -0.002599
  135     0.000884,    0.001101,   -0.007018,    0.006615,   -0.006806
  136     0.000883,    0.000842,   -0.002666,    0.002910,   -0.000427
  137    -0.000798,   -0.000327,    0.001435,   -0.002523,   -0.000955
  138     0.000399,    0.000836,   -0.002697,    0.002956,   -0.002902
  139    -0.000001,   -0.000000,    0.000000,   -0.000001,   -0.000000
  140     0.000000,    0.000000,    0.000001,    0.000000,    0.000000
  141    -0.000000,   -0.000000,    0.000000,   -0.000001,   -0.000000
  142     0.000000,   -0.000000,   -0.000000,    0.000000,   -0.000000
  143    -0.000000,   -0.000001,    0.000000,   -0.000000,   -0.000001
  144     0.000030,   -0.000004,   -0.000039,    0.000078,   -0.000010
  145    -0.000001,   -0.000023,   -0.000029,   -0.000001,   -0.000009
  146     0.000019,    0.000008,   -0.000031,    0.000052,    0.000009
  147     0.000000,    0.000012,    0.000018,   -0.000004,    0.000008
  148     0.000009,    0.000027,   -0.000029,    0.000021,    0.000027
  149    -0.000247,    0.000089,    0.000420,   -0.000689,    0.000133
  150     0.000002,    0.000177,    0.000258,   -0.000023,    0.000102
  151    -0.000148,   -0.000020,    0.000301,   -0.000443,   -0.000031
  152     0.000000,   -0.000116,   -0.000155,    0.000012,   -0.000053
  153    -0.000077,   -0.000177,    0.000284,   -0.000275,   -0.000240
  154    -0.000285,    0.000018,    0.000669,   -0.000962,   -0.000008
  155    -0.000007,    0.000086,    0.000258,   -0.000113,    0.000169
  156    -0.000168,   -0.000033,    0.000391,   -0.000605,   -0.000116
  157     0.000005,   -0.000087,   -0.000144,    0.000021,   -0.000058
  158    -0.000107,   -0.000125,    0.000328,   -0.000491,   -0.000321
  159    -0.000031,    0.000090,   -0.000006,   -0.000058,    0.000135
  160    -0.000002,    0.000072,    0.000111,   -0.000016,    0.000045
  161     0.000078,    0.000029,   -0.000170,    0.000252,    0.000050
  162    -0.000001,    0.000057,    0.000104,   -0.000023,    0.000052
  163    -0.000054,    0.000008,    0.000100,   -0.000161,    0.000013
  164    -0.000000,    0.000027,    0.000062,   -0.000019,    0.000036
  165    -0.000122,   -0.000016,    0.000270,   -0.000380,   -0.000020
  166    -0.000000,    0.000000,    0.000001,    0.000002,    0.000001
  167    -0.000000,    0.000001,   -0.000002,   -0.000000,   -0.000001
  168     0.000015,   -0.000003,   -0.000107,   -0.000260,   -0.000207
  169     0.000161,   -0.000070,   -0.001044,   -0.002701,   -0.002136
  170    -0.000399,    0.000235,    0.002969,    0.007767,    0.006257
  171    -0.000180,   -0.000029,    0.000626,    0.001399,    0.001015
  172    -0.000001,    0.000000,   -0.000007,   -0.000002,   -0.000015
  173     0.000002,    0.000003,   -0.000015,   -0.000008,   -0.000023
  174     0.000001,    0.000002,   -0.000002,   -0.000019,    0.000003
  175     0.000024,   -0.000008,    0.000169,    0.000056,    0.000341
  176    -0.000056,   -0.000076,    0.000351,    0.000187,    0.000541
  177    -0.000020,   -0.000045,    0.000048,    0.000442,   -0.000067
  178    -0.000113,    0.000045,   -0.000895,   -0.000323,   -0.001836
  179     0.000303,    0.000412,   -0.001770,   -0.000844,   -0.002668
  180     0.000109,    0.000238,   -0.000232,   -0.002301,    0.000366
  181    -0.000218,    0.000090,   -0.001565,   -0.000384,   -0.003128
  182     0.000560,    0.000677,   -0.003485,   -0.001928,   -0.005429
  183     0.000198,    0.000425,   -0.000482,   -0.004181,    0.000621
  184    -0.000019,    0.000011,   -0.000560,   -0.000074,   -0.001487
  185     0.000305,    0.000238,   -0.001317,   -0.000652,   -0.002075
  186     0.000118,    0.000132,   -0.000128,   -0.001811,    0.000403
  187    -0.000000,    0.000000,   -0.000000,   -0.000000,    0.000000
  188    -0.000000,    0.000000,   -0.000000,   -0.000000,   -0.000000
  189     0.000000,    0.000000,    0.000000,    0.000000,    0.000001
  190     0.000000,    0.000000,    0.000000,    0.000000,   -0.000000
  191     0.000000,    0.000000,    0.000001,   -0.000000,    0.000000
  192     0.000003,    0.000001,    0.000004,   -0.000002,   -0.000017
  193     0.000002,   -0.000002,    0.000008,    0.000003,    0.000010
  194    -0.000003,   -0.000002,   -0.000005,   -0.000014,   -0.000022
  195    -0.000001,    0.000000,   -0.000002,   -0.000006,   -0.000002
  196    -0.000007,    0.000004,   -0.000026,   -0.000013,   -0.000019
  197    -0.000040,   -0.000027,    0.000035,    0.000025,    0.000137
  198    -0.000017,    0.000010,   -0.000061,   -0.000055,   -0.000060
  199     0.000019,   -0.000004,    0.000055,    0.000136,    0.000156
  200     0.000010,   -0.000026,    0.000018,    0.000028,    0.000035
  201     0.000074,   -0.000056,    0.000169,    0.000236,    0.000168
  202    -0.000075,   -0.000043,    0.000197,    0.000115,    0.000244
  203    -0.000011,   -0.000028,   -0.000065,   -0.000113,   -0.000019
  204    -0.000010,    0.000013,    0.000116,    0.000192,    0.000255
  205     0.000004,   -0.000040,    0.000022,    0.000014,    0.000043
  206     0.000049,   -0.000027,    0.000173,    0.000358,    0.000338
  207     0.000037,   -0.000026,    0.000068,    0.000087,    0.000039
  208     0.000005,   -0.000020,    0.000017,    0.000020,    0.000027
  209     0.000005,   -0.000003,    0.000050,    0.000078,    0.000099
  210     0.000006,    0.000003,    0.000027,    0.000031,    0.000019
  211     0.000010,    0.000002,   -0.000014,   -0.000012,   -0.000036
  212     0.000004,    0.000011,    0.000021,    0.000024,    0.000008
  213     0.000015,    0.000039,   -0.000085,   -0.000056,   -0.000095
                40,          41,          42,          43,          44
    0     0.000084,   -0.000010,   -0.000999,   -0.001655,   -0.000691
    1     0.000155,    0.000010,   -0.001466,   -0.002475,   -0.001016
    2    -0.000218,   -0.000125,    0.000696,    0.001373,    0.000492
    3    -0.000321,   -0.000268,    0.000620,    0.001232,    0.000481
    4     0.000627,    0.000770,    0.000620,   -0.000165,   -0.000172
    5     0.000292,    0.000355,    0.002069,   -0.000127,   -0.000489
    6    -0.001534,   -0.001879,   -0.000122,    0.000147,    0.000011
    7     0.000379,    0.000355,   -0.000600,    0.001226,    0.000902
    8     0.000237,    0.000272,    0.001358,   -0.000197,   -0.000357
    9    -0.001028,   -0.001266,   -0.000131,    0.000080,    0.000016
   10     0.000288,    0.000251,   -0.000407,    0.000848,    0.000628
   11    -0.000046,   -0.000058,    0.000282,   -0.000009,   -0.000050
   12    -0.000250,   -0.000321,   -0.000073,    0.000018,    0.000009
   13     0.000019,    0.000048,   -0.000121,    0.000250,    0.000190
   14     0.000044,    0.000052,   -0.000035,    0.000014,    0.000013
   15    -0.000019,   -0.000010,    0.000004,   -0.000008,   -0.000011
   16    -0.000006,   -0.000009,    0.000072,   -0.000005,   -0.000013
   17     0.000021,    0.000013,   -0.000019,    0.000048,    0.000034
   18    -0.000006,   -0.000010,    0.000044,   -0.000008,    0.000002
   19     0.000023,    0.000023,   -0.000040,    0.000039,    0.000018
   20    -0.000038,   -0.000017,   -0.000003,    0.000008,   -0.000006
   21    -0.000016,   -0.000027,    0.000054,   -0.000039,   -0.000010
   22     0.000047,    0.000013,   -0.000001,    0.000033,    0.000024
   23    -0.000027,   -0.000042,   -0.000014,   -0.000021,    0.000034
   24     0.000005,    0.000009,    0.000014,   -0.000006,   -0.000007
   25     0.000010,    0.000006,   -0.000003,    0.000005,    0.000007
   26     0.000010,    0.000013,   -0.000004,    0.000003,    0.000001
   27     0.000002,   -0.000001,    0.000003,   -0.000003,   -0.000002
   28     0.000007,    0.000009,    0.000006,    0.000006,    0.000004
   29     0.000003,    0.000001,    0.000000,    0.000002,    0.000002
   30     0.000014,    0.000020,    0.000004,    0.000014,    0.000004
   31     0.000170,    0.000180,    0.000474,    0.000696,    0.000312
   32     0.000178,    0.000202,    0.000536,    0.000844,    0.000362
   33     0.000054,    0.000009,    0.000111,    0.000234,    0.000096
   34    -0.000006,   -0.000007,   -0.000001,   -0.000054,   -0.000031
   35    -0.000028,   -0.000032,   -0.000004,    0.000002,   -0.000001
   36    -0.000009,   -0.000011,   -0.000056,   -0.000053,   -0.000018
   37     0.000030,    0.000022,    0.000040,   -0.000083,   -0.000041
   38    -0.000090,   -0.000100,   -0.000028,    0.000008,    0.000006
   39     0.000002,   -0.000014,   -0.000079,   -0.000063,   -0.000004
   40     0.000014,    0.000015,    0.000003,   -0.000001,    0.000000
   41     0.000015,    0.000018,    0.000003,   -0.000000,    0.000000
   42     0.000003,    0.000003,    0.000020,    0.000001,   -0.000003
   43    -0.000001,   -0.000000,    0.000001,    0.000016,    0.000007
   44     0.000000,    0.000000,   -0.000003,    0.000007,    0.000006
   45    -0.000129,   -0.000076,    0.000895,   -0.000193,   -0.000336
   46    -0.000144,   -0.000092,    0.001037,   -0.000195,   -0.000390
   47    -0.000142,   -0.000099,    0.000239,   -0.000069,   -0.000097
   48     0.000014,    0.000012,   -0.000033,    0.000010,    0.000017
   49    -0.000023,   -0.000030,   -0.000006,    0.000004,    0.000002
   50    -0.000008,   -0.000004,    0.000081,    0.000002,   -0.000020
   51     0.000024,    0.000033,    0.000005,   -0.000024,   -0.000002
   52    -0.000062,   -0.000089,   -0.000031,    0.000018,    0.000014
   53     0.000014,    0.000014,    0.000092,    0.000047,   -0.000005
   54     0.000009,    0.000013,    0.000003,   -0.000003,   -0.000002
   55    -0.000013,   -0.000016,   -0.000005,    0.000003,    0.000002
   56     0.000003,    0.000005,    0.000017,    0.000006,    0.000000
   57     0.000003,    0.000003,   -0.000006,   -0.000007,   -0.000001
   58    -0.000002,   -0.000002,    0.000000,    0.000001,    0.000000
   59    -0.000256,   -0.000289,    0.000166,   -0.000167,   -0.000091
   60    -0.000452,   -0.000493,    0.000293,   -0.000275,   -0.000150
   61     0.000554,    0.000541,   -0.000348,    0.000249,    0.000126
   62     0.000514,    0.000499,   -0.000349,    0.000079,    0.000009
   63    -0.000369,   -0.000505,   -0.000212,   -0.000063,    0.000122
   64     0.000691,    0.001038,   -0.000537,    0.000476,    0.000116
   65     0.000228,    0.000269,   -0.000689,    0.000201,    0.000446
   66     0.000303,    0.000272,   -0.000202,    0.000132,    0.000247
   67     0.000470,    0.000701,   -0.000410,    0.000317,    0.000095
   68     0.000150,    0.000170,   -0.000485,    0.000111,    0.000296
   69     0.000200,    0.000180,   -0.000123,    0.000060,    0.000159
   70    -0.000025,   -0.000007,   -0.000219,    0.000084,    0.000047
   71    -0.000010,   -0.000004,   -0.000120,    0.000046,    0.000069
   72     0.000115,    0.000064,   -0.000012,   -0.000020,    0.000016
   73     0.000040,    0.000049,   -0.000021,    0.000026,    0.000023
   74     0.000005,    0.000006,   -0.000010,    0.000019,    0.000019
   75    -0.000014,   -0.000024,    0.000029,   -0.000024,   -0.000015
   76    -0.000003,   -0.000004,   -0.000004,    0.000020,    0.000005
   77     0.000021,    0.000023,    0.000053,   -0.000015,   -0.000019
   78     0.000046,    0.000052,   -0.000017,    0.000040,    0.000025
   79     0.000009,    0.000010,   -0.000018,    0.000043,    0.000041
   80    -0.000012,   -0.000022,    0.000042,   -0.000030,   -0.000038
   81     0.000026,    0.000015,   -0.000029,    0.000068,    0.000030
   82     0.000082,    0.000105,    0.000087,   -0.000007,   -0.000045
   83     0.000025,    0.000030,    0.000011,    0.000001,   -0.000000
   84     0.000005,    0.000005,   -0.000006,    0.000013,    0.000012
   85     0.000001,    0.000001,    0.000010,   -0.000007,   -0.000006
   86    -0.000003,   -0.000003,    0.000006,   -0.000011,   -0.000006
   87    -0.000009,   -0.000010,    0.000003,   -0.000001,   -0.000001
   88     0.000000,   -0.000000,    0.000002,   -0.000003,   -0.000001
   89    -0.000001,    0.000000,    0.000020,   -0.000008,   -0.000009
   90     0.000050,   -0.000038,    0.000049,   -0.000072,    0.000048
   91     0.000028,   -0.000074,    0.000056,   -0.000029,    0.000085
   92    -0.000057,   -0.000029,    0.000065,   -0.000038,   -0.000013
   93     0.000014,    0.000012,   -0.000010,    0.000006,    0.000008
   94     0.000004,    0.000005,   -0.000012,    0.000005,    0.000009
   95    -0.000001,    0.000009,   -0.000006,    0.000006,   -0.000003
   96     0.000025,    0.000029,   -0.000026,    0.000037,    0.000018
   97    -0.000024,   -0.000022,   -0.000032,    0.000010,    0.000026
   98     0.000015,    0.000028,    0.000010,   -0.000015,   -0.000018
   99    -0.000002,   -0.000002,   -0.000005,    0.000003,    0.000005
  100     0.000002,    0.000002,    0.000007,   -0.000003,   -0.000005
  101    -0.000005,   -0.000007,    0.000004,   -0.000004,   -0.000001
  102    -0.000003,   -0.000003,    0.000004,   -0.000004,   -0.000003
  103     0.000005,    0.000005,   -0.000001,    0.000003,    0.000001
  104    -0.000130,   -0.000209,    0.000158,   -0.000088,   -0.000084
  105    -0.000191,   -0.000281,    0.000201,   -0.000081,   -0.000081
  106     0.000033,   -0.000027,    0.000084,    0.000021,   -0.000017
  107    -0.000003,   -0.000003,    0.000002,   -0.000003,   -0.000006
  108     0.000002,    0.000003,   -0.000010,   -0.000000,    0.000004
  109    -0.000012,   -0.000020,    0.000013,   -0.000009,   -0.000006
  110     0.000007,    0.000013,   -0.000005,    0.000012,    0.000003
  111    -0.000010,   -0.000020,   -0.000028,    0.000006,    0.000017
  112    -0.000027,   -0.000038,    0.000004,   -0.000008,    0.000007
  113    -0.000002,   -0.000003,   -0.000003,    0.000001,    0.000002
  114    -0.000003,   -0.000003,   -0.000006,    0.000001,    0.000003
  115    -0.000003,   -0.000006,    0.000002,   -0.000002,    0.000000
  116     0.000001,    0.000001,   -0.000002,    0.000002,    0.000000
  117     0.000002,    0.000003,    0.000000,    0.000000,   -0.000001
  118     0.000000,    0.000000,    0.000000,    0.000000,   -0.000000
  119    -0.000001,   -0.000001,   -0.000000,    0.000001,    0.000000
  120    -0.000030,   -0.000038,   -0.000028,    0.000012,    0.000008
  121    -0.000283,   -0.000370,   -0.000285,    0.000098,    0.000071
  122     0.000900,    0.001161,    0.000834,   -0.000346,   -0.000239
  123     0.000106,    0.000155,    0.000139,   -0.000026,   -0.000012
  124    -0.000005,   -0.000006,   -0.000004,    0.000003,   -0.000001
  125     0.000006,    0.000006,    0.000003,   -0.000002,   -0.000002
  126    -0.000005,   -0.000001,   -0.000001,    0.000001,   -0.000000
  127     0.000115,    0.000146,    0.000084,   -0.000060,    0.000012
  128    -0.000128,   -0.000142,   -0.000077,    0.000052,    0.000051
  129     0.000115,    0.000034,    0.000032,   -0.000029,    0.000008
  130    -0.000573,   -0.000732,   -0.000431,    0.000297,   -0.000068
  131     0.000626,    0.000692,    0.000373,   -0.000249,   -0.000251
  132    -0.000603,   -0.000177,   -0.000164,    0.000147,   -0.000044
  133    -0.001114,   -0.001417,   -0.000829,    0.000566,   -0.000109
  134     0.001259,    0.001406,    0.000776,   -0.000494,   -0.000494
  135    -0.001097,   -0.000319,   -0.000305,    0.000277,   -0.000076
  136    -0.000371,   -0.000482,   -0.000378,    0.000194,   -0.000060
  137     0.000393,    0.000433,    0.000231,   -0.000122,   -0.000151
  138    -0.000490,   -0.000154,   -0.000101,    0.000057,   -0.000078
  139     0.000000,    0.000000,    0.000000,   -0.000000,   -0.000000
  140    -0.000000,   -0.000000,    0.000000,   -0.000000,   -0.000000
  141     0.000000,    0.000000,    0.000000,   -0.000000,   -0.000000
  142    -0.000000,    0.000000,   -0.000000,    0.000000,    0.000000
  143     0.000000,    0.000000,    0.000000,   -0.000000,   -0.000000
  144    -0.000012,   -0.000014,   -0.000002,    0.000006,    0.000003
  145     0.000000,    0.000001,   -0.000002,    0.000005,    0.000003
  146    -0.000008,   -0.000010,   -0.000004,    0.000004,    0.000003
  147     0.000000,   -0.000000,    0.000001,   -0.000003,   -0.000002
  148    -0.000004,   -0.000004,   -0.000008,    0.000003,    0.000004
  149     0.000104,    0.000122,    0.000020,   -0.000060,   -0.000022
  150     0.000002,   -0.000006,    0.000020,   -0.000037,   -0.000024
  151     0.000066,    0.000077,    0.000034,   -0.000039,   -0.000024
  152    -0.000002,    0.000003,   -0.000012,    0.000023,    0.000015
  153     0.000039,    0.000044,    0.000066,   -0.000030,   -0.000034
  154     0.000133,    0.000158,    0.000068,   -0.000068,   -0.000026
  155     0.000015,   -0.000000,    0.000017,   -0.000026,   -0.000015
  156     0.000082,    0.000099,    0.000053,   -0.000036,   -0.000023
  157    -0.000006,    0.000001,   -0.000010,    0.000019,    0.000010
  158     0.000064,    0.000076,    0.000072,   -0.000028,   -0.000037
  159     0.000010,    0.000013,   -0.000021,   -0.000003,    0.000009
  160     0.000003,   -0.000002,    0.000008,   -0.000015,   -0.000009
  161    -0.000036,   -0.000043,   -0.000024,    0.000018,    0.000012
  162     0.000003,   -0.000002,    0.000008,   -0.000013,   -0.000008
  163     0.000023,    0.000028,    0.000008,   -0.000012,   -0.000004
  164     0.000002,   -0.000001,    0.000004,   -0.000007,   -0.000005
  165     0.000055,    0.000064,    0.000030,   -0.000031,   -0.000016
  166    -0.000000,   -0.000000,   -0.000000,   -0.000000,    0.000000
  167     0.000000,    0.000000,   -0.000000,    0.000000,   -0.000000
  168     0.000027,    0.000034,    0.000012,    0.000018,   -0.000008
  169     0.000275,    0.000350,    0.000139,    0.000182,   -0.000076
  170    -0.000799,   -0.001019,   -0.000408,   -0.000519,    0.000232
  171    -0.000142,   -0.000169,   -0.000056,   -0.000101,    0.000038
  172    -0.000001,   -0.000001,    0.000000,    0.000000,   -0.000001
  173    -0.000000,    0.000001,   -0.000000,    0.000001,   -0.000001
  174     0.000001,    0.000000,   -0.000001,    0.000000,   -0.000001
  175     0.000023,    0.000012,   -0.000002,   -0.000000,    0.000018
  176     0.000002,   -0.000018,    0.000002,   -0.000029,    0.000034
  177    -0.000012,   -0.000006,    0.000012,   -0.000007,    0.000035
  178    -0.000115,   -0.000058,    0.000016,    0.000002,   -0.000098
  179    -0.000024,    0.000074,   -0.000020,    0.000139,   -0.000170
  180     0.000061,    0.000029,   -0.000062,    0.000033,   -0.000183
  181    -0.000232,   -0.000135,    0.000014,   -0.000007,   -0.000165
  182    -0.000007,    0.000193,   -0.000003,    0.000296,   -0.000333
  183     0.000109,    0.000054,   -0.000118,    0.000065,   -0.000330
  184    -0.000112,   -0.000079,    0.000032,   -0.000021,   -0.000095
  185    -0.000034,    0.000038,    0.000010,    0.000109,   -0.000122
  186     0.000033,    0.000011,   -0.000043,    0.000026,   -0.000151
  187     0.000000,    0.000000,   -0.000000,    0.000000,    0.000000
  188     0.000000,    0.000000,   -0.000000,    0.000000,    0.000000
  189    -0.000000,   -0.000000,   -0.000000,   -0.000000,    0.000000
  190    -0.000000,   -0.000000,    0.000000,   -0.000000,   -0.000000
  191     0.000000,    0.000000,    0.000000,   -0.000000,   -0.000000
  192     0.000000,    0.000000,    0.000002,   -0.000001,   -0.000002
  193    -0.000001,   -0.000001,    0.000001,   -0.000001,   -0.000001
  194     0.000002,    0.000003,    0.000001,    0.000001,   -0.000002
  195     0.000001,    0.000001,   -0.000000,    0.000000,    0.000000
  196     0.000002,    0.000003,   -0.000002,    0.000003,    0.000000
  197    -0.000005,   -0.000004,   -0.000005,   -0.000001,    0.000016
  198     0.000011,    0.000009,   -0.000007,    0.000005,    0.000004
  199    -0.000019,   -0.000025,   -0.000006,   -0.000007,    0.000011
  200    -0.000006,   -0.000005,    0.000003,    0.000000,    0.000000
  201    -0.000031,   -0.000046,    0.000014,   -0.000020,    0.000006
  202    -0.000012,   -0.000015,    0.000001,   -0.000023,    0.000017
  203     0.000012,    0.000008,   -0.000008,    0.000010,    0.000003
  204    -0.000021,   -0.000030,   -0.000012,   -0.000017,    0.000015
  205    -0.000001,   -0.000002,    0.000002,    0.000002,    0.000003
  206    -0.000039,   -0.000057,   -0.000006,   -0.000022,    0.000018
  207    -0.000010,   -0.000017,    0.000009,   -0.000008,   -0.000001
  208    -0.000003,   -0.000003,    0.000002,    0.000000,    0.000001
  209    -0.000009,   -0.000013,   -0.000002,   -0.000006,    0.000006
  210    -0.000004,   -0.000003,    0.000003,   -0.000003,   -0.000001
  211     0.000002,    0.000002,    0.000002,    0.000001,   -0.000003
  212    -0.000003,   -0.000002,    0.000002,   -0.000003,   -0.000002
  213     0.000006,    0.000009,   -0.000005,    0.000008,   -0.000008
                45,          46,          47,          48,          49
    0    -0.018501,   -0.035538,   -0.009085,    0.001963,   -0.000013
    1    -0.039504,   -0.062260,   -0.015314,    0.003541,    0.000017
    2     0.072002,    0.073132,    0.015978,   -0.004517,   -0.000150
    3     0.061337,    0.061993,    0.013651,   -0.003962,    0.000162
    4     0.016917,    0.016760,   -0.001050,   -0.000084,   -0.001119
    5     0.076691,    0.086840,    0.020527,   -0.001083,   -0.000335
    6     0.001440,    0.003972,    0.007958,   -0.000195,    0.003867
    7    -0.120631,   -0.139006,   -0.044987,    0.008405,    0.000413
    8     0.050325,    0.056222,    0.013301,   -0.000572,   -0.000321
    9    -0.001761,   -0.000541,    0.004247,   -0.000050,    0.002624
   10    -0.085285,   -0.097934,   -0.032830,    0.005889,    0.000296
   11     0.012610,    0.014290,    0.004367,   -0.000219,    0.000037
   12    -0.002445,   -0.002785,   -0.000504,    0.000005,    0.000639
   13    -0.023870,   -0.027729,   -0.006253,    0.001700,    0.000040
   14    -0.000847,   -0.001070,   -0.000493,   -0.000021,   -0.000132
   15     0.000891,    0.000992,    0.000465,   -0.000067,   -0.000022
   16     0.003077,    0.003327,    0.000885,   -0.000058,    0.000017
   17    -0.005686,   -0.006387,   -0.002685,    0.000365,    0.000012
   18     0.002109,    0.002116,    0.000681,   -0.000042,    0.000001
   19    -0.000291,   -0.000390,   -0.000254,   -0.000079,   -0.000081
   20    -0.000494,   -0.000661,    0.000069,    0.000022,   -0.000046
   21     0.002784,    0.002458,    0.000765,   -0.000035,    0.000038
   22    -0.006743,   -0.007145,   -0.004802,    0.000359,    0.000014
   23     0.000842,    0.000122,    0.000513,   -0.000044,    0.000014
   24     0.000247,    0.000358,    0.000117,    0.000013,   -0.000002
   25    -0.000451,   -0.000518,   -0.000148,    0.000038,    0.000013
   26    -0.000110,   -0.000109,   -0.000065,   -0.000002,   -0.000024
   27    -0.000123,   -0.000068,   -0.000252,   -0.000004,   -0.000002
   28     0.000762,    0.000638,    0.000076,   -0.000042,   -0.000023
   29    -0.000355,   -0.000372,   -0.000219,    0.000020,    0.000002
   30     0.000447,    0.000426,   -0.000039,   -0.000039,   -0.000038
   31    -0.011120,   -0.014775,   -0.009346,    0.001916,    0.000042
   32    -0.014775,   -0.017961,   -0.010028,    0.002309,    0.000097
   33    -0.009346,   -0.010028,   -0.007505,    0.000841,    0.000150
   34     0.001916,    0.002309,    0.000841,   -0.000150,   -0.000012
   35     0.000042,    0.000097,    0.000150,   -0.000012,    0.000062
   36    -0.000733,   -0.000690,    0.000137,   -0.000063,   -0.000003
   37     0.002347,    0.002557,    0.000291,   -0.000094,   -0.000051
   38     0.000606,    0.000579,    0.001067,   -0.000079,    0.000155
   39    -0.003399,   -0.004080,   -0.001415,    0.000106,    0.000006
   40    -0.000129,   -0.000144,   -0.000142,    0.000014,   -0.000023
   41    -0.000076,   -0.000092,   -0.000099,    0.000012,   -0.000030
   42     0.000895,    0.001037,    0.000239,   -0.000033,   -0.000006
   43    -0.000193,   -0.000195,   -0.000069,    0.000010,    0.000004
   44    -0.000336,   -0.000390,   -0.000097,    0.000017,    0.000002
   45     0.079525,    0.089103,    0.026720,   -0.004288,   -0.000246
   46     0.089103,    0.101438,    0.030301,   -0.004854,   -0.000227
   47     0.026720,    0.030301,    0.013848,   -0.001416,    0.000038
   48    -0.004288,   -0.004854,   -0.001416,    0.000285,    0.000010
   49    -0.000246,   -0.000227,    0.000038,    0.000010,    0.000068
   50     0.005952,    0.006678,    0.001878,   -0.000297,   -0.000015
   51    -0.002008,   -0.002732,   -0.000618,    0.000247,   -0.000046
   52    -0.001256,   -0.001389,   -0.000654,    0.000024,    0.000176
   53     0.003492,    0.004452,    0.000598,   -0.000153,   -0.000001
   54     0.000170,    0.000178,    0.000054,   -0.000006,   -0.000028
   55    -0.000180,   -0.000202,   -0.000009,    0.000007,    0.000032
   56     0.000474,    0.000536,    0.000111,   -0.000001,   -0.000004
   57    -0.000696,   -0.000844,   -0.000234,    0.000054,   -0.000002
   58     0.000312,    0.000362,    0.000096,   -0.000031,   -0.000001
   59     0.003266,   -0.000477,    0.000732,   -0.000035,    0.000307
   60     0.007097,    0.001396,    0.001475,   -0.000068,    0.000599
   61    -0.013539,   -0.009780,   -0.002419,    0.000142,   -0.000914
   62    -0.017211,   -0.013632,   -0.003751,    0.000547,   -0.000760
   63    -0.003061,   -0.005716,   -0.000837,   -0.000033,    0.000376
   64    -0.016567,   -0.019150,   -0.011136,   -0.000597,   -0.001904
   65    -0.012750,   -0.020769,   -0.006501,   -0.000604,   -0.001408
   66     0.011672,    0.009563,    0.016880,    0.000225,    0.000677
   67    -0.013175,   -0.014991,   -0.007960,   -0.000350,   -0.001281
   68    -0.010033,   -0.015339,   -0.004226,   -0.000314,   -0.000895
   69     0.011149,    0.010140,    0.013881,   -0.000037,    0.000469
   70    -0.006194,   -0.007269,   -0.002555,   -0.000080,   -0.000083
   71    -0.002741,   -0.003026,    0.000300,   -0.000031,   -0.000101
   72     0.004642,    0.005047,    0.001393,   -0.000188,    0.000166
   73    -0.000045,   -0.000383,   -0.000365,   -0.000071,   -0.000119
   74    -0.001740,   -0.002040,   -0.000155,    0.000135,    0.000012
   75     0.000581,    0.000827,    0.000423,    0.000047,    0.000059
   76    -0.002994,   -0.003271,   -0.002042,    0.000157,   -0.000022
   77     0.001528,    0.001931,    0.000537,    0.000018,   -0.000036
   78     0.000229,   -0.000023,   -0.000296,   -0.000099,   -0.000108
   79    -0.004541,   -0.005207,   -0.000811,    0.000325,    0.000017
   80     0.000651,    0.001204,    0.000502,    0.000079,    0.000068
   81    -0.007891,   -0.008852,   -0.005313,    0.000473,   -0.000004
   82     0.002259,    0.003231,    0.000680,    0.000029,   -0.000166
   83     0.000348,    0.000310,   -0.000101,   -0.000014,   -0.000056
   84    -0.001194,   -0.001386,   -0.000245,    0.000089,    0.000008
   85     0.000245,    0.000281,    0.000051,    0.000009,    0.000005
   86     0.001003,    0.001165,    0.000511,   -0.000069,   -0.000003
   87     0.000096,    0.000081,    0.000051,   -0.000001,    0.000026
   88     0.000290,    0.000332,    0.000226,   -0.000017,    0.000002
   89     0.000596,    0.000680,    0.000190,    0.000006,    0.000010
   90     0.011132,    0.012648,    0.011250,   -0.000005,    0.000483
   91     0.012648,    0.014286,    0.012602,   -0.000003,    0.000634
   92     0.011250,    0.012602,    0.009984,   -0.000360,    0.000131
   93     0.000005,    0.000003,    0.000360,    0.000019,    0.000013
   94    -0.000483,   -0.000634,   -0.000131,    0.000013,   -0.000019
   95    -0.000612,   -0.000761,   -0.000700,   -0.000014,   -0.000045
   96    -0.001007,   -0.001074,   -0.000427,    0.000032,   -0.000008
   97    -0.000131,   -0.000472,    0.000665,   -0.000026,   -0.000014
   98     0.000800,    0.000863,    0.000399,   -0.000060,   -0.000061
   99    -0.000130,   -0.000191,    0.000033,    0.000003,   -0.000002
  100     0.000209,    0.000281,    0.000027,   -0.000003,    0.000003
  101     0.000158,    0.000201,    0.000084,   -0.000002,    0.000010
  102     0.000088,    0.000081,   -0.000021,   -0.000003,   -0.000000
  103    -0.000084,   -0.000081,   -0.000017,    0.000006,   -0.000004
  104    -0.005938,   -0.004042,   -0.005972,    0.000386,    0.000015
  105    -0.004042,   -0.001471,   -0.005196,    0.000250,    0.000091
  106    -0.005972,   -0.005196,   -0.006418,    0.000394,    0.000067
  107    -0.000386,   -0.000250,   -0.000394,   -0.000006,   -0.000023
  108    -0.000015,   -0.000091,   -0.000067,   -0.000023,   -0.000023
  109    -0.000179,    0.000013,   -0.000185,    0.000024,    0.000016
  110     0.000151,    0.000457,    0.000255,   -0.000083,   -0.000035
  111    -0.000553,   -0.000796,   -0.000727,   -0.000032,   -0.000014
  112     0.001248,    0.001516,    0.001101,   -0.000077,    0.000053
  113     0.000050,    0.000028,   -0.000057,   -0.000014,   -0.000004
  114    -0.000038,   -0.000074,   -0.000029,   -0.000012,   -0.000005
  115     0.000049,    0.000056,    0.000065,    0.000010,    0.000012
  116    -0.000072,   -0.000029,   -0.000038,   -0.000006,   -0.000005
  117     0.000048,    0.000085,   -0.000013,   -0.000008,   -0.000009
  118    -0.000001,   -0.000003,   -0.000006,   -0.000000,    0.000000
  119     0.000020,    0.000015,    0.000001,   -0.000003,    0.000002
  120     0.000429,    0.000672,    0.000906,   -0.000036,    0.000009
  121     0.003740,    0.006389,    0.009340,   -0.000294,    0.000034
  122    -0.010846,   -0.017963,   -0.026233,    0.000985,   -0.000354
  123    -0.002947,   -0.004798,   -0.005794,    0.000124,    0.000135
  124    -0.000088,   -0.000073,   -0.000024,   -0.000002,    0.000012
  125     0.000053,    0.000060,   -0.000027,    0.000004,   -0.000012
  126     0.000089,    0.000062,    0.000153,   -0.000002,   -0.000004
  127     0.002075,    0.001733,    0.000561,    0.000041,   -0.000280
  128    -0.001240,   -0.001414,    0.000623,   -0.000083,    0.000279
  129    -0.002101,   -0.001474,   -0.003592,    0.000042,    0.000093
  130    -0.011101,   -0.009353,   -0.003130,   -0.000178,    0.001407
  131     0.006320,    0.007185,   -0.003054,    0.000385,   -0.001370
  132     0.011567,    0.008404,    0.018937,   -0.000265,   -0.000486
  133    -0.020420,   -0.017198,   -0.005190,   -0.000378,    0.002695
  134     0.012664,    0.014292,   -0.006402,    0.000774,   -0.002722
  135     0.020317,    0.014406,    0.034176,   -0.000428,   -0.000884
  136    -0.010757,   -0.009402,   -0.002679,   -0.000021,    0.000883
  137     0.003294,    0.003319,   -0.003462,    0.000181,   -0.000798
  138     0.015015,    0.013412,    0.017095,   -0.000617,   -0.000399
  139     0.000003,    0.000003,    0.000001,    0.000000,   -0.000001
  140     0.000008,    0.000009,    0.000003,   -0.000001,   -0.000000
  141     0.000003,    0.000004,    0.000001,   -0.000000,   -0.000000
  142    -0.000002,   -0.000003,    0.000000,    0.000000,   -0.000000
  143     0.000006,    0.000007,    0.000002,   -0.000000,   -0.000000
  144     0.000040,    0.000026,    0.000009,   -0.000013,    0.000030
  145    -0.000400,   -0.000470,   -0.000127,    0.000029,    0.000001
  146    -0.000070,   -0.000098,   -0.000011,   -0.000007,    0.000019
  147     0.000202,    0.000241,    0.000037,   -0.000015,   -0.000000
  148    -0.000254,   -0.000304,   -0.000070,   -0.000002,    0.000009
  149    -0.000825,   -0.000840,   -0.000375,    0.000137,   -0.000247
  150     0.003038,    0.003610,    0.000779,   -0.000225,   -0.000002
  151     0.000187,    0.000332,   -0.000075,    0.000080,   -0.000148
  152    -0.001994,   -0.002351,   -0.000562,    0.000144,   -0.000000
  153     0.001669,    0.002095,    0.000380,    0.000042,   -0.000077
  154     0.000114,   -0.000078,   -0.000785,    0.000129,   -0.000285
  155     0.001422,    0.001847,   -0.000171,   -0.000127,    0.000007
  156     0.000445,    0.000472,   -0.000421,    0.000069,   -0.000168
  157    -0.001530,   -0.001829,   -0.000460,    0.000110,   -0.000005
  158     0.001246,    0.001597,   -0.000145,    0.000053,   -0.000107
  159    -0.000836,   -0.001027,   -0.000238,    0.000015,   -0.000031
  160     0.001246,    0.001484,    0.000332,   -0.000091,    0.000002
  161    -0.000308,   -0.000380,    0.000064,   -0.000033,    0.000078
  162     0.000963,    0.001170,    0.000166,   -0.000075,    0.000001
  163    -0.000049,   -0.000068,   -0.000099,    0.000024,   -0.000054
  164     0.000454,    0.000567,    0.000021,   -0.000038,    0.000000
  165     0.000223,    0.000262,   -0.000143,    0.000059,   -0.000122
  166    -0.000001,   -0.000004,   -0.000004,   -0.000000,   -0.000000
  167    -0.000010,   -0.000007,   -0.000006,    0.000000,   -0.000000
  168     0.000025,    0.000499,    0.000484,    0.000006,    0.000015
  169     0.000691,    0.005548,    0.005207,    0.000060,    0.000161
  170    -0.002120,   -0.016203,   -0.014390,   -0.000179,   -0.000399
  171     0.000243,   -0.002257,   -0.003096,   -0.000039,   -0.000180
  172     0.000005,    0.000043,    0.000040,    0.000003,   -0.000001
  173    -0.000046,    0.000010,    0.000020,    0.000003,    0.000002
  174     0.000006,    0.000005,   -0.000158,   -0.000003,   -0.000001
  175    -0.000108,   -0.000996,   -0.000930,   -0.000063,    0.000024
  176     0.001063,   -0.000233,   -0.000475,   -0.000070,   -0.000056
  177    -0.000140,   -0.000121,    0.003683,    0.000062,    0.000020
  178     0.000504,    0.005275,    0.004895,    0.000339,   -0.000113
  179    -0.005617,    0.000855,    0.002396,    0.000364,    0.000303
  180     0.000766,    0.000694,   -0.019234,   -0.000330,   -0.000109
  181     0.000942,    0.009178,    0.008699,    0.000603,   -0.000218
  182    -0.009736,    0.003165,    0.005056,    0.000656,    0.000560
  183     0.001264,    0.001048,   -0.034988,   -0.000583,   -0.000198
  184     0.000449,    0.004335,    0.003614,    0.000313,   -0.000019
  185    -0.003242,    0.001853,    0.002891,    0.000265,    0.000305
  186    -0.000559,   -0.000619,   -0.016109,   -0.000227,   -0.000118
  187     0.000000,   -0.000000,    0.000001,   -0.000000,   -0.000000
  188     0.000001,    0.000001,    0.000001,   -0.000000,    0.000000
  189    -0.000001,   -0.000002,   -0.000000,   -0.000000,    0.000000
  190     0.000001,    0.000001,    0.000001,   -0.000000,   -0.000000
  191     0.000000,   -0.000001,   -0.000000,    0.000000,    0.000000
  192    -0.000038,   -0.000000,   -0.000032,    0.000005,    0.000003
  193    -0.000047,   -0.000039,   -0.000028,    0.000000,   -0.000002
  194     0.000005,    0.000045,   -0.000013,    0.000001,   -0.000003
  195     0.000008,    0.000005,   -0.000017,    0.000001,    0.000001
  196    -0.000059,   -0.000027,   -0.000025,   -0.000002,   -0.000007
  197     0.000503,    0.000144,    0.000166,   -0.000036,   -0.000040
  198     0.000212,    0.000141,   -0.000019,    0.000007,    0.000017
  199     0.000178,   -0.000121,    0.000115,   -0.000012,    0.000019
  200    -0.000483,   -0.000494,   -0.000133,    0.000020,   -0.000010
  201     0.000675,    0.000386,    0.000271,   -0.000002,    0.000074
  202     0.000728,    0.000103,   -0.000152,   -0.000022,   -0.000075
  203    -0.000538,   -0.000671,   -0.000795,    0.000042,    0.000011
  204     0.000032,   -0.000482,   -0.000177,   -0.000007,   -0.000010
  205    -0.000704,   -0.000734,   -0.000176,    0.000037,   -0.000004
  206     0.000398,   -0.000242,   -0.000065,   -0.000019,    0.000049
  207     0.000254,    0.000206,    0.000081,    0.000003,    0.000037
  208    -0.000351,   -0.000357,   -0.000060,    0.000016,   -0.000005
  209     0.000107,   -0.000088,    0.000009,   -0.000005,    0.000005
  210     0.000046,    0.000088,    0.000131,   -0.000009,   -0.000006
  211    -0.000069,    0.000019,   -0.000001,    0.000005,    0.000010
  212     0.000192,    0.000238,    0.000169,   -0.000016,   -0.000004
  213    -0.000528,   -0.000285,   -0.000083,    0.000017,    0.000015
                50,          51,          52,          53,          54
    0    -0.002761,    0.005920,   -0.000112,   -0.008524,    0.000084
    1    -0.005080,    0.008992,   -0.000497,   -0.012657,    0.000155
    2     0.006858,   -0.005564,    0.001791,    0.006563,   -0.000218
    3     0.005908,   -0.004848,    0.002490,    0.005414,   -0.000321
    4     0.001503,    0.002981,   -0.004703,    0.002009,    0.000627
    5     0.007615,    0.004965,   -0.002904,    0.008293,    0.000292
    6     0.000353,   -0.002332,    0.009957,    0.000176,   -0.001534
    7    -0.006978,    0.006402,    0.002126,   -0.000705,   -0.000379
    8     0.004961,    0.003891,   -0.002119,    0.004944,    0.000237
    9    -0.000046,   -0.001516,    0.006680,   -0.000169,   -0.001028
   10    -0.004925,    0.004239,    0.001668,   -0.000242,   -0.000288
   11     0.001246,    0.000502,    0.000230,    0.001104,   -0.000046
   12    -0.000203,   -0.000371,    0.001736,   -0.000244,   -0.000250
   13    -0.001396,    0.001480,   -0.000061,   -0.000369,   -0.000019
   14    -0.000090,   -0.000119,   -0.000232,   -0.000097,    0.000044
   15     0.000054,   -0.000004,   -0.000089,   -0.000026,    0.000019
   16     0.000303,    0.000176,    0.000026,    0.000238,   -0.000006
   17    -0.000323,    0.000171,    0.000163,    0.000090,   -0.000021
   18     0.000196,    0.000160,    0.000041,    0.000048,   -0.000006
   19    -0.000022,   -0.000306,   -0.000039,   -0.000018,    0.000023
   20    -0.000021,    0.000140,   -0.000163,   -0.000083,    0.000038
   21     0.000260,    0.000360,    0.000155,   -0.000106,   -0.000016
   22    -0.000368,   -0.000153,    0.000428,    0.000436,   -0.000047
   23     0.000049,    0.000154,    0.000275,   -0.000456,   -0.000027
   24     0.000026,    0.000059,   -0.000063,    0.000053,    0.000005
   25    -0.000028,    0.000014,    0.000036,    0.000001,   -0.000010
   26    -0.000012,   -0.000021,   -0.000069,    0.000008,    0.000010
   27    -0.000005,   -0.000053,    0.000027,    0.000053,   -0.000002
   28     0.000065,    0.000002,   -0.000039,    0.000019,    0.000007
   29    -0.000020,   -0.000012,    0.000022,    0.000025,   -0.000003
   30     0.000041,   -0.000050,   -0.000093,    0.000065,    0.000014
   31     0.000733,    0.002347,    0.000606,    0.003399,   -0.000129
   32     0.000690,    0.002557,    0.000579,    0.004080,   -0.000144
   33    -0.000137,    0.000291,    0.001067,    0.001415,   -0.000142
   34     0.000063,   -0.000094,   -0.000079,   -0.000106,    0.000014
   35     0.000003,   -0.000051,    0.000155,   -0.000006,   -0.000023
   36    -0.000180,   -0.000131,   -0.000028,   -0.000351,    0.000008
   37     0.000131,    0.000141,   -0.000156,   -0.000016,    0.000024
   38     0.000028,   -0.000156,    0.000437,   -0.000174,   -0.000062
   39    -0.000351,    0.000016,    0.000174,   -0.000504,   -0.000014
   40    -0.000008,    0.000024,   -0.000062,    0.000014,    0.000009
   41    -0.000004,    0.000033,   -0.000089,    0.000014,    0.000013
   42     0.000081,    0.000005,   -0.000031,    0.000092,    0.000003
   43     0.000002,   -0.000024,    0.000018,    0.000047,   -0.000003
   44    -0.000020,   -0.000002,    0.000014,   -0.000005,   -0.000002
   45     0.005952,   -0.002008,   -0.001256,    0.003492,    0.000170
   46     0.006678,   -0.002732,   -0.001389,    0.004452,    0.000178
   47     0.001878,   -0.000618,   -0.000654,    0.000598,    0.000054
   48    -0.000297,    0.000247,    0.000024,   -0.000153,   -0.000006
   49    -0.000015,   -0.000046,    0.000176,   -0.000001,   -0.000028
   50     0.000481,   -0.000126,   -0.000073,    0.000362,    0.000009
   51    -0.000126,    0.000604,   -0.000215,   -0.000244,    0.000030
   52    -0.000073,   -0.000215,    0.000654,   -0.000035,   -0.000090
   53     0.000362,   -0.000244,   -0.000035,    0.000705,   -0.000002
   54     0.000009,    0.000030,   -0.000090,   -0.000002,    0.000014
   55    -0.000011,   -0.000022,    0.000100,   -0.000014,   -0.000015
   56     0.000056,    0.000040,   -0.000028,    0.000079,    0.000003
   57    -0.000053,    0.000083,   -0.000008,   -0.000063,    0.000001
   58     0.000018,   -0.000041,    0.000006,    0.000004,    0.000000
   59     0.000333,    0.001751,    0.001310,   -0.000876,   -0.000256
   60     0.000729,    0.002832,    0.002372,   -0.001298,   -0.000452
   61    -0.001399,   -0.002429,   -0.003139,    0.000722,    0.000554
   62    -0.001715,   -0.001636,   -0.002970,    0.000400,    0.000514
   63    -0.000345,   -0.000124,    0.003035,   -0.001819,   -0.000369
   64    -0.001540,   -0.003159,   -0.004625,    0.000402,    0.000691
   65    -0.001598,   -0.001650,   -0.000735,   -0.003693,    0.000228
   66     0.000426,    0.002050,   -0.000056,   -0.002681,   -0.000303
   67    -0.001232,   -0.002213,   -0.003079,    0.000033,    0.000470
   68    -0.001226,   -0.001061,   -0.000497,   -0.002645,    0.000150
   69     0.000461,    0.001260,   -0.000204,   -0.001874,   -0.000200
   70    -0.000567,   -0.000921,    0.000356,   -0.000523,   -0.000025
   71    -0.000321,   -0.000530,    0.000030,   -0.000396,   -0.000010
   72     0.000236,   -0.000134,    0.000458,   -0.000120,   -0.000115
   73    -0.000017,   -0.000118,   -0.000215,   -0.000068,    0.000040
   74    -0.000106,    0.000116,   -0.000020,   -0.000045,   -0.000005
   75     0.000057,    0.000158,    0.000073,    0.000054,   -0.000014
   76    -0.000159,    0.000036,    0.000096,    0.000119,    0.000003
   77     0.000147,    0.000172,   -0.000190,    0.000225,    0.000021
   78     0.000021,   -0.000181,   -0.000210,   -0.000025,    0.000046
   79    -0.000271,    0.000218,   -0.000034,   -0.000033,   -0.000009
   80     0.000075,    0.000162,    0.000024,    0.000225,   -0.000012
   81    -0.000430,    0.000245,    0.000382,    0.000170,   -0.000026
   82     0.000227,    0.000162,   -0.000671,    0.000599,    0.000082
   83     0.000034,    0.000045,   -0.000152,    0.000030,    0.000025
   84    -0.000072,    0.000068,    0.000005,   -0.000018,   -0.000005
   85     0.000025,    0.000054,   -0.000013,    0.000026,    0.000001
   86     0.000057,   -0.000062,   -0.000033,    0.000009,    0.000003
   87     0.000011,    0.000013,    0.000053,   -0.000006,   -0.000009
   88     0.000015,   -0.000016,   -0.000013,   -0.000002,   -0.000000
   89     0.000060,    0.000081,   -0.000017,    0.000062,   -0.000001
   90     0.000612,    0.001007,    0.000131,   -0.000800,   -0.000130
   91     0.000761,    0.001074,    0.000472,   -0.000863,   -0.000191
   92     0.000700,    0.000427,   -0.000665,   -0.000399,    0.000033
   93    -0.000014,    0.000032,   -0.000026,   -0.000060,   -0.000003
   94    -0.000045,   -0.000008,   -0.000014,   -0.000061,    0.000002
   95    -0.000035,   -0.000072,   -0.000039,    0.000037,    0.000012
   96    -0.000072,   -0.000063,   -0.000037,   -0.000019,    0.000007
   97    -0.000039,   -0.000037,    0.000061,   -0.000247,   -0.000010
   98     0.000037,   -0.000019,   -0.000247,    0.000053,    0.000027
   99    -0.000012,   -0.000007,    0.000010,   -0.000027,   -0.000002
  100     0.000020,    0.000013,   -0.000020,    0.000038,    0.000003
  101     0.000013,    0.000005,    0.000028,    0.000004,   -0.000003
  102     0.000009,    0.000012,    0.000006,    0.000008,   -0.000001
  103    -0.000006,   -0.000003,   -0.000017,    0.000007,    0.000002
  104    -0.000179,   -0.000151,    0.000553,    0.001248,    0.000050
  105     0.000013,   -0.000457,    0.000796,    0.001516,    0.000028
  106    -0.000185,   -0.000255,    0.000727,    0.001101,   -0.000057
  107    -0.000024,   -0.000083,   -0.000032,    0.000077,    0.000014
  108    -0.000016,   -0.000035,   -0.000014,   -0.000053,    0.000004
  109     0.000001,    0.000002,    0.000052,    0.000075,    0.000001
  110    -0.000002,   -0.000271,   -0.000146,    0.000106,    0.000025
  111    -0.000052,   -0.000146,    0.000237,   -0.000109,   -0.000024
  112     0.000075,   -0.000106,    0.000109,   -0.000048,   -0.000015
  113     0.000001,   -0.000025,    0.000024,   -0.000015,   -0.000002
  114    -0.000009,   -0.000029,    0.000022,   -0.000028,   -0.000002
  115     0.000006,    0.000026,    0.000032,   -0.000010,   -0.000005
  116    -0.000006,   -0.000037,   -0.000010,    0.000015,    0.000003
  117     0.000003,   -0.000018,   -0.000026,    0.000018,    0.000005
  118    -0.000000,    0.000001,   -0.000001,    0.000001,    0.000000
  119     0.000002,   -0.000005,    0.000007,    0.000002,   -0.000001
  120     0.000067,   -0.000230,    0.000316,   -0.000110,   -0.000030
  121     0.000627,   -0.002238,    0.003098,   -0.001196,   -0.000283
  122    -0.001777,    0.006727,   -0.009363,    0.003307,    0.000900
  123    -0.000480,    0.001119,   -0.001560,    0.000703,    0.000106
  124    -0.000006,   -0.000030,    0.000037,    0.000008,   -0.000005
  125     0.000005,    0.000022,   -0.000035,    0.000011,    0.000006
  126     0.000005,    0.000032,   -0.000030,   -0.000031,    0.000005
  127     0.000151,    0.000700,   -0.000857,   -0.000181,    0.000115
  128    -0.000128,   -0.000500,    0.000813,   -0.000250,   -0.000128
  129    -0.000114,   -0.000740,    0.000697,    0.000716,   -0.000115
  130    -0.000820,   -0.003537,    0.004288,    0.000923,   -0.000573
  131     0.000656,    0.002396,   -0.003936,    0.001252,    0.000626
  132     0.000628,    0.003814,   -0.003639,   -0.003721,    0.000603
  133    -0.001501,   -0.006763,    0.008335,    0.001580,   -0.001114
  134     0.001294,    0.004938,   -0.008071,    0.002599,    0.001259
  135     0.001101,    0.007018,   -0.006615,   -0.006806,    0.001097
  136    -0.000842,   -0.002666,    0.002910,    0.000427,   -0.000371
  137     0.000327,    0.001435,   -0.002523,    0.000955,    0.000393
  138     0.000836,    0.002697,   -0.002956,   -0.002902,    0.000490
  139     0.000000,    0.000000,   -0.000001,    0.000000,    0.000000
  140     0.000000,   -0.000001,   -0.000000,    0.000000,    0.000000
  141     0.000000,    0.000000,   -0.000001,    0.000000,    0.000000
  142    -0.000000,    0.000000,   -0.000000,   -0.000000,    0.000000
  143     0.000001,    0.000000,   -0.000000,    0.000001,    0.000000
  144     0.000004,   -0.000039,    0.000078,    0.000010,   -0.000012
  145    -0.000023,    0.000029,    0.000001,   -0.000009,   -0.000000
  146    -0.000008,   -0.000031,    0.000052,   -0.000009,   -0.000008
  147     0.000012,   -0.000018,    0.000004,    0.000008,   -0.000000
  148    -0.000027,   -0.000029,    0.000021,   -0.000027,   -0.000004
  149    -0.000089,    0.000420,   -0.000689,   -0.000133,    0.000104
  150     0.000177,   -0.000258,    0.000023,    0.000102,   -0.000002
  151     0.000020,    0.000301,   -0.000443,    0.000031,    0.000066
  152    -0.000116,    0.000155,   -0.000012,   -0.000053,    0.000002
  153     0.000177,    0.000284,   -0.000275,    0.000240,    0.000039
  154    -0.000018,    0.000669,   -0.000962,    0.000008,    0.000133
  155     0.000086,   -0.000258,    0.000113,    0.000169,   -0.000015
  156     0.000033,    0.000391,   -0.000605,    0.000116,    0.000082
  157    -0.000087,    0.000144,   -0.000021,   -0.000058,    0.000006
  158     0.000125,    0.000328,   -0.000491,    0.000321,    0.000064
  159    -0.000090,   -0.000006,   -0.000058,   -0.000135,    0.000010
  160     0.000072,   -0.000111,    0.000016,    0.000045,   -0.000003
  161    -0.000029,   -0.000170,    0.000252,   -0.000050,   -0.000036
  162     0.000057,   -0.000104,    0.000023,    0.000052,   -0.000003
  163    -0.000008,    0.000100,   -0.000161,   -0.000013,    0.000023
  164     0.000027,   -0.000062,    0.000019,    0.000036,   -0.000002
  165     0.000016,    0.000270,   -0.000380,    0.000020,    0.000055
  166    -0.000000,    0.000001,    0.000002,   -0.000001,   -0.000000
  167    -0.000001,   -0.000002,   -0.000000,    0.000001,    0.000000
  168     0.000003,   -0.000107,   -0.000260,    0.000207,    0.000027
  169     0.000070,   -0.001044,   -0.002701,    0.002136,    0.000275
  170    -0.000235,    0.002969,    0.007767,   -0.006257,   -0.000799
  171     0.000029,    0.000626,    0.001399,   -0.001015,   -0.000142
  172    -0.000000,   -0.000007,   -0.000002,    0.000015,   -0.000001
  173    -0.000003,   -0.000015,   -0.000008,    0.000023,   -0.000000
  174     0.000002,    0.000002,    0.000019,    0.000003,   -0.000001
  175     0.000008,    0.000169,    0.000056,   -0.000341,    0.000023
  176     0.000076,    0.000351,    0.000187,   -0.000541,    0.000002
  177    -0.000045,   -0.000048,   -0.000442,   -0.000067,    0.000012
  178    -0.000045,   -0.000895,   -0.000323,    0.001836,   -0.000115
  179    -0.000412,   -0.001770,   -0.000844,    0.002668,   -0.000024
  180     0.000238,    0.000232,    0.002301,    0.000366,   -0.000061
  181    -0.000090,   -0.001565,   -0.000384,    0.003128,   -0.000232
  182    -0.000677,   -0.003485,   -0.001928,    0.005429,   -0.000007
  183     0.000425,    0.000482,    0.004181,    0.000621,   -0.000109
  184    -0.000011,   -0.000560,   -0.000074,    0.001487,   -0.000112
  185    -0.000238,   -0.001317,   -0.000652,    0.002075,   -0.000034
  186     0.000132,    0.000128,    0.001811,    0.000403,   -0.000033
  187    -0.000000,   -0.000000,   -0.000000,   -0.000000,    0.000000
  188     0.000000,    0.000000,    0.000000,   -0.000000,   -0.000000
  189    -0.000000,    0.000000,    0.000000,   -0.000001,   -0.000000
  190     0.000000,   -0.000000,   -0.000000,   -0.000000,    0.000000
  191    -0.000000,    0.000001,   -0.000000,   -0.000000,    0.000000
  192    -0.000001,    0.000004,   -0.000002,    0.000017,    0.000000
  193    -0.000002,   -0.000008,   -0.000003,    0.000010,    0.000001
  194     0.000002,   -0.000005,   -0.000014,    0.000022,    0.000002
  195     0.000000,    0.000002,    0.000006,   -0.000002,   -0.000001
  196    -0.000004,   -0.000026,   -0.000013,    0.000019,    0.000002
  197     0.000027,    0.000035,    0.000025,   -0.000137,   -0.000005
  198     0.000010,    0.000061,    0.000055,   -0.000060,   -0.000011
  199     0.000004,    0.000055,    0.000136,   -0.000156,   -0.000019
  200    -0.000026,   -0.000018,   -0.000028,    0.000035,    0.000006
  201     0.000056,    0.000169,    0.000236,   -0.000168,   -0.000031
  202     0.000043,    0.000197,    0.000115,   -0.000244,   -0.000012
  203    -0.000028,    0.000065,    0.000113,   -0.000019,   -0.000012
  204    -0.000013,    0.000116,    0.000192,   -0.000255,   -0.000021
  205    -0.000040,   -0.000022,   -0.000014,    0.000043,    0.000001
  206     0.000027,    0.000173,    0.000358,   -0.000338,   -0.000039
  207     0.000026,    0.000068,    0.000087,   -0.000039,   -0.000010
  208    -0.000020,   -0.000017,   -0.000020,    0.000027,    0.000003
  209     0.000003,    0.000050,    0.000078,   -0.000099,   -0.000009
  210     0.000003,   -0.000027,   -0.000031,    0.000019,    0.000004
  211    -0.000002,   -0.000014,   -0.000012,    0.000036,    0.000002
  212     0.000011,   -0.000021,   -0.000024,    0.000008,    0.000003
  213    -0.000039,   -0.000085,   -0.000056,    0.000095,    0.000006
                55,          56,          57,          58,          59
    0     0.000010,   -0.000999,    0.001655,   -0.000691,    0.002134
    1    -0.000010,   -0.001466,    0.002475,   -0.001016,    0.004450
    2     0.000125,    0.000696,   -0.001373,    0.000492,   -0.006953
    3     0.000268,    0.000620,   -0.001232,    0.000481,    0.010244
    4    -0.000770,    0.000620,    0.000165,   -0.000172,   -0.008280
    5    -0.000355,    0.002069,    0.000127,   -0.000489,    0.015999
    6     0.001879,   -0.000122,   -0.000147,    0.000011,    0.019372
    7     0.000355,    0.000600,    0.001226,   -0.000902,    0.000000
    8    -0.000272,    0.001358,    0.000197,   -0.000357,    0.010887
    9     0.001266,   -0.000131,   -0.000080,    0.000016,    0.010122
   10     0.000251,    0.000407,    0.000848,   -0.000628,   -0.000000
   11     0.000058,    0.000282,    0.000009,   -0.000050,    0.003328
   12     0.000321,   -0.000073,   -0.000018,    0.000009,    0.004507
   13     0.000048,    0.000121,    0.000250,   -0.000190,    0.000000
   14    -0.000052,   -0.000035,   -0.000014,    0.000013,   -0.001863
   15    -0.000010,   -0.000004,   -0.000008,    0.000011,    0.000000
   16     0.000009,    0.000072,    0.000005,   -0.000013,    0.001303
   17     0.000013,    0.000019,    0.000048,   -0.000034,    0.000000
   18     0.000010,    0.000044,    0.000008,    0.000002,    0.000613
   19    -0.000023,   -0.000040,   -0.000039,    0.000018,   -0.003351
   20    -0.000017,    0.000003,    0.000008,    0.000006,   -0.000000
   21     0.000027,    0.000054,    0.000039,   -0.000010,    0.002662
   22     0.000013,    0.000001,    0.000033,   -0.000024,   -0.000000
   23     0.000042,   -0.000014,    0.000021,    0.000034,    0.000629
   24    -0.000009,    0.000014,    0.000006,   -0.000007,    0.000590
   25     0.000006,    0.000003,    0.000005,   -0.000007,    0.000000
   26    -0.000013,   -0.000004,   -0.000003,    0.000001,   -0.000882
   27    -0.000001,   -0.000003,   -0.000003,    0.000002,   -0.000000
   28    -0.000009,    0.000006,   -0.000006,    0.000004,   -0.000168
   29     0.000001,   -0.000000,    0.000002,   -0.000002,   -0.000000
   30    -0.000020,    0.000004,   -0.000014,    0.000004,   -0.000894
   31     0.000076,    0.000895,    0.000193,   -0.000336,    0.003266
   32     0.000092,    0.001037,    0.000195,   -0.000390,   -0.000477
   33     0.000099,    0.000239,    0.000069,   -0.000097,    0.000732
   34    -0.000012,   -0.000033,   -0.000010,    0.000017,   -0.000035
   35     0.000030,   -0.000006,   -0.000004,    0.000002,    0.000307
   36    -0.000004,   -0.000081,    0.000002,    0.000020,   -0.000333
   37    -0.000033,    0.000005,    0.000024,   -0.000002,    0.001751
   38     0.000089,   -0.000031,   -0.000018,    0.000014,    0.001310
   39     0.000014,   -0.000092,    0.000047,    0.000005,    0.000876
   40    -0.000013,    0.000003,    0.000003,   -0.000002,   -0.000256
   41    -0.000016,    0.000005,    0.000003,   -0.000002,   -0.000289
   42    -0.000005,    0.000017,   -0.000006,    0.000000,    0.000166
   43     0.000003,    0.000006,   -0.000007,    0.000001,   -0.000167
   44     0.000002,    0.000000,   -0.000001,    0.000000,   -0.000091
   45    -0.000180,    0.000474,   -0.000696,    0.000312,    0.003266
   46    -0.000202,    0.000536,   -0.000844,    0.000362,   -0.000477
   47    -0.000009,    0.000111,   -0.000234,    0.000096,    0.000732
   48     0.000007,   -0.000001,    0.000054,   -0.000031,   -0.000035
   49     0.000032,   -0.000004,   -0.000002,   -0.000001,    0.000307
   50    -0.000011,    0.000056,   -0.000053,    0.000018,    0.000333
   51    -0.000022,    0.000040,    0.000083,   -0.000041,    0.001751
   52     0.000100,   -0.000028,   -0.000008,    0.000006,    0.001310
   53    -0.000014,    0.000079,   -0.000063,    0.000004,   -0.000876
   54    -0.000015,    0.000003,    0.000001,    0.000000,   -0.000256
   55     0.000018,   -0.000003,   -0.000000,   -0.000000,    0.000289
   56    -0.000003,    0.000020,   -0.000001,   -0.000003,    0.000166
   57    -0.000000,   -0.000001,    0.000016,   -0.000007,    0.000167
   58    -0.000000,   -0.000003,   -0.000007,    0.000006,   -0.000091
   59     0.000289,    0.000166,    0.000167,   -0.000091,    0.457573
   60     0.000493,    0.000293,    0.000275,   -0.000150,    0.615045
   61    -0.000541,   -0.000348,   -0.000249,    0.000126,   -0.051093
   62    -0.000499,   -0.000349,   -0.000079,    0.000009,   -0.071067
   63     0.000505,   -0.000212,    0.000063,    0.000122,    0.020411
   64    -0.001038,   -0.000537,   -0.000476,    0.000116,    0.005996
   65    -0.000269,   -0.000689,   -0.000201,    0.000446,   -0.000602
   66     0.000272,    0.000202,    0.000132,   -0.000247,    0.000000
   67    -0.000701,   -0.000410,   -0.000317,    0.000095,   -0.014084
   68    -0.000170,   -0.000485,   -0.000111,    0.000296,   -0.001828
   69     0.000180,    0.000123,    0.000060,   -0.000159,   -0.000000
   70     0.000007,   -0.000219,   -0.000084,    0.000047,    0.001416
   71     0.000004,   -0.000120,   -0.000046,    0.000069,    0.001836
   72     0.000064,    0.000012,   -0.000020,   -0.000016,    0.000000
   73    -0.000049,   -0.000021,   -0.000026,    0.000023,   -0.000444
   74     0.000006,    0.000010,    0.000019,   -0.000019,    0.000000
   75     0.000024,    0.000029,    0.000024,   -0.000015,    0.000401
   76    -0.000004,    0.000004,    0.000020,   -0.000005,    0.000000
   77    -0.000023,    0.000053,    0.000015,   -0.000019,    0.000091
   78    -0.000052,   -0.000017,   -0.000040,    0.000025,   -0.001746
   79     0.000010,    0.000018,    0.000043,   -0.000041,   -0.000000
   80     0.000022,    0.000042,    0.000030,   -0.000038,    0.005988
   81     0.000015,    0.000029,    0.000068,   -0.000030,    0.000000
   82    -0.000105,    0.000087,    0.000007,   -0.000045,    0.002276
   83    -0.000030,    0.000011,   -0.000001,   -0.000000,   -0.000364
   84     0.000005,    0.000006,    0.000013,   -0.000012,    0.000000
   85    -0.000001,    0.000010,    0.000007,   -0.000006,   -0.000095
   86    -0.000003,   -0.000006,   -0.000011,    0.000006,   -0.000000
   87     0.000010,    0.000003,    0.000001,   -0.000001,   -0.001287
   88    -0.000000,   -0.000002,   -0.000003,    0.000001,   -0.000000
   89    -0.000000,    0.000020,    0.000008,   -0.000009,    0.000570
   90     0.000209,    0.000158,    0.000088,   -0.000084,   -0.018501
   91     0.000281,    0.000201,    0.000081,   -0.000081,   -0.035538
   92     0.000027,    0.000084,   -0.000021,   -0.000017,   -0.009085
   93     0.000003,    0.000002,    0.000003,   -0.000006,   -0.001963
   94    -0.000003,   -0.000010,    0.000000,    0.000004,    0.000013
   95    -0.000020,   -0.000013,   -0.000009,    0.000006,    0.002761
   96    -0.000013,   -0.000005,   -0.000012,    0.000003,   -0.005920
   97     0.000020,   -0.000028,   -0.000006,    0.000017,    0.000112
   98    -0.000038,   -0.000004,   -0.000008,   -0.000007,    0.008524
   99     0.000003,   -0.000003,   -0.000001,    0.000002,    0.000084
  100    -0.000003,    0.000006,    0.000001,   -0.000003,    0.000010
  101     0.000006,    0.000002,    0.000002,    0.000000,   -0.000999
  102     0.000001,    0.000002,    0.000002,   -0.000000,    0.001655
  103    -0.000003,    0.000000,   -0.000000,   -0.000001,   -0.000691
  104     0.000038,    0.000049,    0.000072,    0.000048,   -0.018501
  105     0.000074,    0.000056,    0.000029,    0.000085,   -0.035538
  106     0.000029,    0.000065,    0.000038,   -0.000013,   -0.009085
  107    -0.000012,   -0.000010,   -0.000006,    0.000008,   -0.001963
  108    -0.000005,   -0.000012,   -0.000005,    0.000009,    0.000013
  109     0.000009,    0.000006,    0.000006,    0.000003,   -0.002761
  110    -0.000029,   -0.000026,   -0.000037,    0.000018,   -0.005920
  111     0.000022,   -0.000032,   -0.000010,    0.000026,    0.000112
  112     0.000028,   -0.000010,   -0.000015,    0.000018,   -0.008524
  113     0.000002,   -0.000005,   -0.000003,    0.000005,    0.000084
  114     0.000002,   -0.000007,   -0.000003,    0.000005,   -0.000010
  115     0.000007,    0.000004,    0.000004,   -0.000001,   -0.000999
  116    -0.000003,   -0.000004,   -0.000004,    0.000003,   -0.001655
  117    -0.000005,   -0.000001,   -0.000003,    0.000001,   -0.000691
  118    -0.000000,    0.000000,   -0.000000,   -0.000000,    0.000001
  119     0.000001,   -0.000000,   -0.000001,    0.000000,    0.000007
  120     0.000038,   -0.000028,   -0.000012,    0.000008,   -0.000033
  121     0.000370,   -0.000285,   -0.000098,    0.000071,   -0.000596
  122    -0.001161,    0.000834,    0.000346,   -0.000239,    0.001772
  123    -0.000155,    0.000139,    0.000026,   -0.000012,   -0.001231
  124     0.000006,   -0.000004,   -0.000003,   -0.000001,   -0.000032
  125    -0.000006,    0.000003,    0.000002,   -0.000002,   -0.000049
  126    -0.000001,    0.000001,    0.000001,    0.000000,    0.000000
  127    -0.000146,    0.000084,    0.000060,    0.000012,    0.000743
  128     0.000142,   -0.000077,   -0.000052,    0.000051,    0.001137
  129     0.000034,   -0.000032,   -0.000029,   -0.000008,   -0.000000
  130     0.000732,   -0.000431,   -0.000297,   -0.000068,   -0.004029
  131    -0.000692,    0.000373,    0.000249,   -0.000251,   -0.006110
  132    -0.000177,    0.000164,    0.000147,    0.000044,    0.000000
  133     0.001417,   -0.000829,   -0.000566,   -0.000109,   -0.007296
  134    -0.001406,    0.000776,    0.000494,   -0.000494,   -0.009615
  135    -0.000319,    0.000305,    0.000277,    0.000076,   -0.000000
  136     0.000482,   -0.000378,   -0.000194,   -0.000060,   -0.004267
  137    -0.000433,    0.000231,    0.000122,   -0.000151,   -0.003941
  138    -0.000154,    0.000101,    0.000057,    0.000078,    0.000000
  139    -0.000000,    0.000000,    0.000000,   -0.000000,    0.000003
  140    -0.000000,   -0.000000,   -0.000000,    0.000000,    0.000000
  141    -0.000000,    0.000000,    0.000000,   -0.000000,    0.000002
  142     0.000000,    0.000000,    0.000000,   -0.000000,    0.000000
  143    -0.000000,    0.000000,    0.000000,   -0.000000,    0.000014
  144     0.000014,   -0.000002,   -0.000006,    0.000003,    0.000023
  145     0.000001,    0.000002,    0.000005,   -0.000003,   -0.000000
  146     0.000010,   -0.000004,   -0.000004,    0.000003,   -0.000028
  147    -0.000000,   -0.000001,   -0.000003,    0.000002,   -0.000000
  148     0.000004,   -0.000008,   -0.000003,    0.000004,   -0.000259
  149    -0.000122,    0.000020,    0.000060,   -0.000022,   -0.000555
  150    -0.000006,   -0.000020,   -0.000037,    0.000024,    0.000000
  151    -0.000077,    0.000034,    0.000039,   -0.000024,   -0.000086
  152     0.000003,    0.000012,    0.000023,   -0.000015,   -0.000000
  153    -0.000044,    0.000066,    0.000030,   -0.000034,    0.000583
  154    -0.000158,    0.000068,    0.000068,   -0.000026,   -0.000582
  155    -0.000000,   -0.000017,   -0.000026,    0.000015,   -0.000000
  156    -0.000099,    0.000053,    0.000036,   -0.000023,   -0.000059
  157     0.000001,    0.000010,    0.000019,   -0.000010,    0.000000
  158    -0.000076,    0.000072,    0.000028,   -0.000037,   -0.000089
  159    -0.000013,   -0.000021,    0.000003,    0.000009,   -0.000260
  160    -0.000002,   -0.000008,   -0.000015,    0.000009,   -0.000000
  161     0.000043,   -0.000024,   -0.000018,    0.000012,    0.000102
  162    -0.000002,   -0.000008,   -0.000013,    0.000008,   -0.000000
  163    -0.000028,    0.000008,    0.000012,   -0.000004,   -0.000150
  164    -0.000001,   -0.000004,   -0.000007,    0.000005,    0.000000
  165    -0.000064,    0.000030,    0.000031,   -0.000016,   -0.000232
  166     0.000000,   -0.000000,    0.000000,    0.000000,    0.000001
  167    -0.000000,   -0.000000,   -0.000000,   -0.000000,   -0.000017
  168    -0.000034,    0.000012,   -0.000018,   -0.000008,   -0.000339
  169    -0.000350,    0.000139,   -0.000182,   -0.000076,   -0.003397
  170     0.001019,   -0.000408,    0.000519,    0.000232,    0.011784
  171     0.000169,   -0.000056,    0.000101,    0.000038,    0.001734
  172     0.000001,    0.000000,   -0.000000,   -0.000001,    0.000037
  173    -0.000001,   -0.000000,   -0.000001,   -0.000001,   -0.000081
  174     0.000000,    0.000001,    0.000000,    0.000001,   -0.000000
  175    -0.000012,   -0.000002,    0.000000,    0.000018,   -0.000829
  176     0.000018,    0.000002,    0.000029,    0.000034,    0.001837
  177    -0.000006,   -0.000012,   -0.000007,   -0.000035,    0.000000
  178     0.000058,    0.000016,   -0.000002,   -0.000098,    0.003854
  179    -0.000074,   -0.000020,   -0.000139,   -0.000170,   -0.008926
  180     0.000029,    0.000062,    0.000033,    0.000183,   -0.000000
  181     0.000135,    0.000014,    0.000007,   -0.000165,    0.006816
  182    -0.000193,   -0.000003,   -0.000296,   -0.000333,   -0.015189
  183     0.000054,    0.000118,    0.000065,    0.000330,   -0.000000
  184     0.000079,    0.000032,    0.000021,   -0.000095,    0.000830
  185    -0.000038,    0.000010,   -0.000109,   -0.000122,   -0.003397
  186     0.000011,    0.000043,    0.000026,    0.000151,   -0.000000
  187    -0.000000,   -0.000000,   -0.000000,    0.000000,    0.000009
  188     0.000000,    0.000000,    0.000000,   -0.000000,    0.000000
  189     0.000000,   -0.000000,    0.000000,    0.000000,    0.000002
  190    -0.000000,   -0.000000,   -0.000000,    0.000000,   -0.000000
  191    -0.000000,    0.000000,    0.000000,   -0.000000,   -0.000004
  192    -0.000000,    0.000002,    0.000001,   -0.000002,   -0.000282
  193    -0.000001,   -0.000001,   -0.000001,    0.000001,   -0.000000
  194    -0.000003,    0.000001,   -0.000001,   -0.000002,   -0.000138
  195     0.000001,    0.000000,    0.000000,   -0.000000,    0.000000
  196    -0.000003,   -0.000002,   -0.000003,    0.000000,    0.000008
  197     0.000004,   -0.000005,    0.000001,    0.000016,    0.002343
  198     0.000009,    0.000007,    0.000005,   -0.000004,    0.000000
  199     0.000025,   -0.000006,    0.000007,    0.000011,    0.001464
  200    -0.000005,   -0.000003,    0.000000,   -0.000000,   -0.000000
  201     0.000046,    0.000014,    0.000020,    0.000006,    0.000940
  202     0.000015,    0.000001,    0.000023,    0.000017,    0.001299
  203     0.000008,    0.000008,    0.000010,   -0.000003,   -0.000000
  204     0.000030,   -0.000012,    0.000017,    0.000015,    0.000480
  205    -0.000002,   -0.000002,    0.000002,   -0.000003,   -0.000000
  206     0.000057,   -0.000006,    0.000022,    0.000018,    0.000648
  207     0.000017,    0.000009,    0.000008,   -0.000001,   -0.000123
  208    -0.000003,   -0.000002,    0.000000,   -0.000001,   -0.000000
  209     0.000013,   -0.000002,    0.000006,    0.000006,    0.000415
  210    -0.000003,   -0.000003,   -0.000003,    0.000001,   -0.000000
  211    -0.000002,    0.000002,   -0.000001,   -0.000003,   -0.000332
  212    -0.000002,   -0.000002,   -0.000003,    0.000002,    0.000000
  213    -0.000009,   -0.000005,   -0.000008,   -0.000008,   -0.000956
                60,          61,          62,          63,          64
    0     0.004450,   -0.006953,    0.010244,   -0.008280,   -0.015999
    1     0.009089,   -0.013598,    0.016220,   -0.011660,   -0.034466
    2    -0.013598,    0.018087,   -0.015442,    0.004356,    0.062061
    3     0.016220,   -0.015442,   -0.041941,    0.007203,    0.048052
    4    -0.011660,    0.004356,    0.007203,   -0.032569,    0.023544
    5     0.034466,   -0.062061,   -0.048052,   -0.023544,   -0.092957
    6     0.041996,   -0.078533,   -0.067919,    0.024511,   -0.121717
    7    -0.000000,    0.000000,   -0.000000,    0.000000,   -0.000000
    8     0.022764,   -0.038971,   -0.029380,   -0.014583,   -0.068323
    9     0.023225,   -0.047197,   -0.040615,    0.017667,   -0.083670
   10    -0.000000,   -0.000000,   -0.000000,    0.000000,    0.000000
   11     0.006409,   -0.009763,   -0.009179,    0.008525,   -0.028752
   12     0.007637,   -0.007965,   -0.005922,    0.009866,   -0.019856
   13     0.000000,   -0.000000,   -0.000000,    0.000000,   -0.000000
   14    -0.003894,    0.006832,    0.005667,    0.000858,    0.005375
   15     0.000000,    0.000000,   -0.000000,   -0.000000,    0.000000
   16     0.002626,   -0.004305,   -0.003860,    0.000078,   -0.005141
   17     0.000000,    0.000000,   -0.000000,    0.000000,    0.000000
   18     0.001282,   -0.002308,   -0.002795,    0.001948,   -0.007538
   19    -0.006199,    0.008558,    0.007287,    0.000940,    0.005203
   20    -0.000000,    0.000000,   -0.000000,    0.000000,   -0.000000
   21     0.005010,   -0.007161,   -0.006773,    0.000367,   -0.008334
   22    -0.000000,    0.000000,   -0.000000,    0.000000,    0.000000
   23     0.001482,   -0.003331,   -0.005247,    0.004974,   -0.012260
   24     0.000972,   -0.000929,   -0.000672,   -0.001557,    0.000840
   25     0.000000,   -0.000000,    0.000000,   -0.000000,    0.000000
   26    -0.001354,    0.000900,    0.000799,   -0.000584,    0.001746
   27    -0.000000,    0.000000,   -0.000000,    0.000000,    0.000000
   28    -0.000286,    0.000274,   -0.000148,    0.000038,    0.000576
   29    -0.000000,   -0.000000,   -0.000000,    0.000000,    0.000000
   30    -0.001408,    0.001059,    0.000763,   -0.000746,    0.003203
   31     0.007097,   -0.013539,   -0.017211,   -0.003061,   -0.016567
   32     0.001396,   -0.009780,   -0.013632,   -0.005716,   -0.019150
   33     0.001475,   -0.002419,   -0.003751,   -0.000837,   -0.011136
   34    -0.000068,    0.000142,    0.000547,   -0.000033,   -0.000597
   35     0.000599,   -0.000914,   -0.000760,    0.000376,   -0.001904
   36    -0.000729,    0.001399,    0.001715,    0.000345,    0.001540
   37     0.002832,   -0.002429,   -0.001636,   -0.000124,   -0.003159
   38     0.002372,   -0.003139,   -0.002970,    0.003035,   -0.004625
   39     0.001298,   -0.000722,   -0.000400,    0.001819,   -0.000402
   40    -0.000452,    0.000554,    0.000514,   -0.000369,    0.000691
   41    -0.000493,    0.000541,    0.000499,   -0.000505,    0.001038
   42     0.000293,   -0.000348,   -0.000349,   -0.000212,   -0.000537
   43    -0.000275,    0.000249,    0.000079,   -0.000063,    0.000476
   44    -0.000150,    0.000126,    0.000009,    0.000122,    0.000116
   45     0.007097,   -0.013539,   -0.017211,   -0.003061,   -0.016567
   46     0.001396,   -0.009780,   -0.013632,   -0.005716,   -0.019150
   47     0.001475,   -0.002419,   -0.003751,   -0.000837,   -0.011136
   48    -0.000068,    0.000142,    0.000547,   -0.000033,   -0.000597
   49     0.000599,   -0.000914,   -0.000760,    0.000376,   -0.001904
   50     0.000729,   -0.001399,   -0.001715,   -0.000345,   -0.001540
   51     0.002832,   -0.002429,   -0.001636,   -0.000124,   -0.003159
   52     0.002372,   -0.003139,   -0.002970,    0.003035,   -0.004625
   53    -0.001298,    0.000722,    0.000400,   -0.001819,    0.000402
   54    -0.000452,    0.000554,    0.000514,   -0.000369,    0.000691
   55     0.000493,   -0.000541,   -0.000499,    0.000505,   -0.001038
   56     0.000293,   -0.000348,   -0.000349,   -0.000212,   -0.000537
   57     0.000275,   -0.000249,   -0.000079,    0.000063,   -0.000476
   58    -0.000150,    0.000126,    0.000009,    0.000122,    0.000116
   59     0.615045,   -0.051093,   -0.071067,    0.020411,    0.005996
   60     0.841203,   -0.137608,   -0.153575,    0.026226,    0.012825
   61    -0.137608,    0.333808,    0.284805,    0.001416,   -0.024283
   62    -0.153575,    0.284805,    0.250465,   -0.003992,   -0.017536
   63     0.026226,    0.001416,   -0.003992,    0.072395,   -0.068713
   64     0.012825,   -0.024283,   -0.017536,   -0.068713,    0.279804
   65    -0.001844,    0.004188,   -0.014922,    0.064265,    0.003298
   66     0.000000,   -0.000000,    0.000000,   -0.000000,    0.000000
   67    -0.017091,   -0.008113,   -0.003928,   -0.047046,    0.190065
   68    -0.003942,    0.007002,   -0.006494,    0.041192,   -0.005359
   69    -0.000000,    0.000000,    0.000000,   -0.000000,   -0.000000
   70     0.003489,   -0.008232,   -0.006266,    0.001113,    0.040873
   71     0.001915,    0.002473,   -0.001610,    0.008106,   -0.007916
   72     0.000000,   -0.000000,    0.000000,   -0.000000,    0.000000
   73    -0.001308,    0.003441,    0.002083,   -0.000102,    0.005597
   74     0.000000,   -0.000000,    0.000000,    0.000000,    0.000000
   75     0.000075,    0.002291,    0.002239,    0.001351,   -0.009990
   76     0.000000,    0.000000,   -0.000000,    0.000000,    0.000000
   77    -0.000333,    0.002280,    0.002273,    0.000202,   -0.005578
   78    -0.003855,    0.007518,    0.005725,   -0.002204,    0.006136
   79    -0.000000,    0.000000,    0.000000,    0.000000,   -0.000000
   80     0.007655,    0.001569,    0.002433,    0.000662,   -0.009210
   81     0.000000,   -0.000000,   -0.000000,    0.000000,    0.000000
   82     0.002143,    0.004489,    0.005112,   -0.003690,    0.002182
   83    -0.000782,    0.001452,    0.001282,   -0.000860,    0.002152
   84    -0.000000,    0.000000,    0.000000,    0.000000,   -0.000000
   85    -0.000020,   -0.000481,   -0.000194,   -0.000335,   -0.000680
   86    -0.000000,    0.000000,    0.000000,   -0.000000,   -0.000000
   87    -0.000947,   -0.003571,   -0.002943,   -0.000779,    0.000241
   88    -0.000000,    0.000000,    0.000000,   -0.000000,   -0.000000
   89     0.001425,   -0.003157,   -0.002502,   -0.000965,   -0.000474
   90    -0.039504,    0.072002,    0.061337,    0.016917,   -0.076691
   91    -0.062260,    0.073132,    0.061993,    0.016760,   -0.086840
   92    -0.015314,    0.015978,    0.013651,   -0.001050,   -0.020527
   93    -0.003541,    0.004517,    0.003962,    0.000084,   -0.001083
   94    -0.000017,    0.000150,   -0.000162,    0.001119,   -0.000335
   95     0.005080,   -0.006858,   -0.005908,   -0.001503,    0.007615
   96    -0.008992,    0.005564,    0.004848,   -0.002981,    0.004965
   97     0.000497,   -0.001791,   -0.002490,    0.004703,   -0.002904
   98     0.012657,   -0.006563,   -0.005414,   -0.002009,    0.008293
   99     0.000155,   -0.000218,   -0.000321,    0.000627,   -0.000292
  100    -0.000010,    0.000125,    0.000268,   -0.000770,    0.000355
  101    -0.001466,    0.000696,    0.000620,    0.000620,   -0.002069
  102     0.002475,   -0.001373,   -0.001232,    0.000165,   -0.000127
  103    -0.001016,    0.000492,    0.000481,   -0.000172,    0.000489
  104    -0.039504,    0.072002,    0.061337,    0.016917,   -0.076691
  105    -0.062260,    0.073132,    0.061993,    0.016760,   -0.086840
  106    -0.015314,    0.015978,    0.013651,   -0.001050,   -0.020527
  107    -0.003541,    0.004517,    0.003962,    0.000084,   -0.001083
  108    -0.000017,    0.000150,   -0.000162,    0.001119,   -0.000335
  109    -0.005080,    0.006858,    0.005908,    0.001503,   -0.007615
  110    -0.008992,    0.005564,    0.004848,   -0.002981,    0.004965
  111     0.000497,   -0.001791,   -0.002490,    0.004703,   -0.002904
  112    -0.012657,    0.006563,    0.005414,    0.002009,   -0.008293
  113     0.000155,   -0.000218,   -0.000321,    0.000627,   -0.000292
  114     0.000010,   -0.000125,   -0.000268,    0.000770,   -0.000355
  115    -0.001466,    0.000696,    0.000620,    0.000620,   -0.002069
  116    -0.002475,    0.001373,    0.001232,   -0.000165,    0.000127
  117    -0.001016,    0.000492,    0.000481,   -0.000172,    0.000489
  118     0.000002,   -0.000002,   -0.000001,   -0.000010,    0.000004
  119     0.000012,   -0.000014,   -0.000030,    0.000002,    0.000009
  120    -0.000068,    0.000045,   -0.000302,    0.001574,   -0.000466
  121    -0.001115,    0.000782,   -0.002367,    0.016599,   -0.005697
  122     0.002968,   -0.000611,    0.009710,   -0.048935,    0.019354
  123    -0.001326,   -0.001243,   -0.000769,   -0.008035,   -0.000071
  124    -0.000071,    0.000156,    0.000240,    0.000187,    0.000083
  125    -0.000109,    0.000231,    0.000308,    0.000014,    0.000071
  126     0.000000,   -0.000000,    0.000000,   -0.000000,    0.000000
  127     0.001670,   -0.003674,   -0.005647,   -0.004374,   -0.001952
  128     0.002536,   -0.005395,   -0.007167,   -0.000357,   -0.001644
  129    -0.000000,    0.000000,   -0.000000,    0.000000,   -0.000000
  130    -0.009070,    0.019947,    0.030351,    0.022365,    0.010829
  131    -0.013442,    0.027955,    0.036628,    0.002952,    0.007545
  132     0.000000,   -0.000000,    0.000000,   -0.000000,    0.000000
  133    -0.016206,    0.034994,    0.053601,    0.042695,    0.017949
  134    -0.022456,    0.051038,    0.068241,    0.002755,    0.017389
  135     0.000000,   -0.000000,    0.000000,   -0.000000,   -0.000000
  136    -0.009649,    0.020821,    0.028614,    0.016453,    0.013254
  137    -0.009022,    0.019926,    0.025611,    0.003022,    0.007046
  138     0.000000,   -0.000000,    0.000000,   -0.000000,    0.000000
  139     0.000001,    0.000012,    0.000010,   -0.000004,    0.000010
  140     0.000000,   -0.000000,    0.000000,   -0.000000,    0.000000
  141     0.000002,    0.000004,    0.000005,   -0.000003,    0.000009
  142     0.000000,    0.000000,    0.000000,    0.000000,   -0.000000
  143     0.000019,   -0.000006,   -0.000004,    0.000006,   -0.000004
  144     0.000138,   -0.000522,   -0.000528,    0.000211,   -0.000394
  145    -0.000000,    0.000000,   -0.000000,    0.000000,   -0.000000
  146    -0.000005,   -0.000166,   -0.000250,    0.000170,   -0.000263
  147     0.000000,   -0.000000,   -0.000000,   -0.000000,    0.000000
  148    -0.000385,    0.000189,    0.000049,   -0.000066,    0.000274
  149    -0.001431,    0.003422,    0.003696,   -0.001439,    0.001875
  150     0.000000,   -0.000000,    0.000000,   -0.000000,    0.000000
  151    -0.000339,    0.001184,    0.001884,   -0.001460,    0.001164
  152    -0.000000,    0.000000,   -0.000000,    0.000000,   -0.000000
  153     0.000889,   -0.000385,    0.000920,   -0.000840,   -0.001894
  154    -0.001156,    0.001940,    0.002328,   -0.001425,    0.000361
  155     0.000000,   -0.000000,   -0.000000,   -0.000000,    0.000000
  156    -0.000228,    0.000832,    0.001486,   -0.001774,    0.001669
  157     0.000000,    0.000000,   -0.000000,    0.000000,   -0.000000
  158    -0.000295,    0.001115,    0.002497,   -0.002125,    0.000576
  159    -0.000505,    0.000702,    0.000220,   -0.000067,    0.001394
  160    -0.000000,   -0.000000,    0.000000,   -0.000000,    0.000000
  161     0.000222,   -0.000480,   -0.000854,    0.000689,   -0.000497
  162    -0.000000,   -0.000000,   -0.000000,   -0.000000,    0.000000
  163    -0.000308,    0.000541,    0.000586,   -0.000326,    0.000424
  164     0.000000,   -0.000000,   -0.000000,   -0.000000,   -0.000000
  165    -0.000566,    0.001314,    0.001631,   -0.000553,   -0.000270
  166    -0.000000,    0.000004,    0.000005,    0.000054,    0.000006
  167    -0.000066,    0.000204,    0.000191,   -0.000003,    0.000079
  168    -0.000854,    0.002536,    0.002151,   -0.008570,    0.000230
  169    -0.007351,    0.019953,    0.016434,   -0.088791,    0.000460
  170     0.026372,   -0.068818,   -0.058432,    0.250957,   -0.010460
  171     0.002718,   -0.006385,   -0.004729,    0.053787,    0.007979
  172     0.000078,   -0.000139,   -0.000119,    0.000307,   -0.000350
  173    -0.000173,    0.000318,    0.000346,   -0.000357,    0.000512
  174    -0.000000,    0.000000,   -0.000000,    0.000000,   -0.000000
  175    -0.001762,    0.003154,    0.002692,   -0.007172,    0.008174
  176     0.003951,   -0.007270,   -0.007932,    0.008318,   -0.011872
  177     0.000000,   -0.000000,    0.000000,   -0.000000,    0.000000
  178     0.008077,   -0.014058,   -0.011742,    0.035767,   -0.041841
  179    -0.018933,    0.034027,    0.037643,   -0.040111,    0.058156
  180    -0.000000,    0.000000,   -0.000000,    0.000000,   -0.000000
  181     0.015289,   -0.029906,   -0.025567,    0.072147,   -0.080385
  182    -0.034457,    0.069022,    0.075416,   -0.085965,    0.116344
  183    -0.000000,    0.000000,   -0.000000,    0.000000,    0.000000
  184     0.001883,   -0.003947,   -0.001826,    0.030512,   -0.035172
  185    -0.007705,    0.016049,    0.018566,   -0.033663,    0.030527
  186    -0.000000,    0.000000,   -0.000000,    0.000000,   -0.000000
  187     0.000011,    0.000001,   -0.000003,    0.000002,   -0.000011
  188     0.000000,   -0.000000,    0.000000,   -0.000000,    0.000000
  189     0.000003,   -0.000001,   -0.000003,    0.000004,   -0.000015
  190    -0.000000,    0.000000,    0.000000,   -0.000000,   -0.000000
  191    -0.000007,    0.000004,    0.000003,   -0.000002,   -0.000023
  192    -0.000568,    0.000903,    0.000950,   -0.000233,    0.000570
  193    -0.000000,    0.000000,   -0.000000,    0.000000,   -0.000000
  194    -0.000319,    0.000633,    0.000653,   -0.000253,    0.000815
  195     0.000000,   -0.000000,    0.000000,   -0.000000,    0.000000
  196    -0.000077,    0.000393,    0.000387,   -0.000120,    0.001340
  197     0.005155,   -0.009732,   -0.009576,    0.003631,   -0.004302
  198     0.000000,   -0.000000,    0.000000,   -0.000000,    0.000000
  199     0.003304,   -0.006458,   -0.006339,    0.002991,   -0.005988
  200    -0.000000,    0.000000,   -0.000000,    0.000000,   -0.000000
  201     0.002328,   -0.005079,   -0.005001,    0.002795,   -0.010930
  202     0.003690,   -0.009708,   -0.009384,    0.010644,   -0.007536
  203    -0.000000,    0.000000,    0.000000,    0.000000,   -0.000000
  204     0.001800,   -0.005763,   -0.005676,    0.007098,   -0.006306
  205    -0.000000,    0.000000,   -0.000000,    0.000000,    0.000000
  206     0.001961,   -0.005473,   -0.005608,    0.006879,   -0.009813
  207    -0.000204,    0.000214,    0.000172,    0.000203,   -0.003333
  208    -0.000000,    0.000000,   -0.000000,    0.000000,   -0.000000
  209     0.001151,   -0.002885,   -0.002872,    0.002315,   -0.003549
  210    -0.000000,    0.000000,   -0.000000,    0.000000,   -0.000000
  211    -0.000798,    0.001723,    0.001707,   -0.001276,    0.001110
  212     0.000000,   -0.000000,   -0.000000,   -0.000000,    0.000000
  213    -0.002238,    0.004666,    0.004614,   -0.003314,    0.004474
                65,          66,          67,          68,          69
    0    -0.019372,    0.000000,   -0.010887,   -0.010122,   -0.000000
    1    -0.041996,   -0.000000,   -0.022764,   -0.023225,   -0.000000
    2     0.078533,    0.000000,    0.038971,    0.047197,    0.000000
    3     0.067919,   -0.000000,    0.029380,    0.040615,   -0.000000
    4    -0.024511,    0.000000,    0.014583,   -0.017667,    0.000000
    5    -0.121717,    0.000000,   -0.068323,   -0.083670,   -0.000000
    6    -0.096696,   -0.000000,   -0.081155,   -0.062600,    0.000000
    7    -0.000000,   -0.001949,    0.000000,    0.000000,   -0.009032
    8    -0.081155,   -0.000000,   -0.049526,   -0.055497,   -0.000000
    9    -0.062600,    0.000000,   -0.055497,   -0.040347,    0.000000
   10     0.000000,   -0.009032,    0.000000,    0.000000,   -0.011708
   11    -0.007136,   -0.000000,   -0.020286,   -0.005035,   -0.000000
   12    -0.006883,   -0.000000,   -0.013711,   -0.004722,   -0.000000
   13     0.000000,   -0.008682,    0.000000,    0.000000,   -0.006696
   14     0.008233,   -0.000000,    0.003590,    0.005442,    0.000000
   15     0.000000,   -0.005084,    0.000000,   -0.000000,   -0.003492
   16    -0.003573,   -0.000000,   -0.003670,   -0.002448,   -0.000000
   17    -0.000000,   -0.006613,    0.000000,    0.000000,   -0.005006
   18     0.001853,   -0.000000,   -0.005180,    0.001377,    0.000000
   19     0.008736,   -0.000000,    0.003350,    0.005806,   -0.000000
   20    -0.000000,   -0.012476,    0.000000,   -0.000000,   -0.008787
   21    -0.003168,   -0.000000,   -0.005619,   -0.001992,   -0.000000
   22     0.000000,   -0.019118,    0.000000,    0.000000,   -0.013939
   23     0.010475,   -0.000000,   -0.008052,    0.007525,   -0.000000
   24    -0.003641,    0.000000,    0.000665,   -0.002443,   -0.000000
   25    -0.000000,    0.003388,    0.000000,    0.000000,    0.002356
   26     0.000406,   -0.000000,    0.001220,    0.000259,   -0.000000
   27     0.000000,   -0.002675,    0.000000,   -0.000000,   -0.001866
   28     0.001814,   -0.000000,    0.000349,    0.001177,   -0.000000
   29    -0.000000,   -0.000693,    0.000000,   -0.000000,   -0.000493
   30     0.001011,   -0.000000,    0.002171,    0.000565,   -0.000000
   31    -0.012750,   -0.011672,   -0.013175,   -0.010033,   -0.011149
   32    -0.020769,   -0.009563,   -0.014991,   -0.015339,   -0.010140
   33    -0.006501,   -0.016880,   -0.007960,   -0.004226,   -0.013881
   34    -0.000604,   -0.000225,   -0.000350,   -0.000314,    0.000037
   35    -0.001408,   -0.000677,   -0.001281,   -0.000895,   -0.000469
   36     0.001598,    0.000426,    0.001232,    0.001226,    0.000461
   37    -0.001650,   -0.002050,   -0.002213,   -0.001061,   -0.001260
   38    -0.000735,    0.000056,   -0.003079,   -0.000497,    0.000204
   39     0.003693,   -0.002681,   -0.000033,    0.002645,   -0.001874
   40     0.000228,    0.000303,    0.000470,    0.000150,    0.000200
   41     0.000269,    0.000272,    0.000701,    0.000170,    0.000180
   42    -0.000689,   -0.000202,   -0.000410,   -0.000485,   -0.000123
   43     0.000201,    0.000132,    0.000317,    0.000111,    0.000060
   44     0.000446,    0.000247,    0.000095,    0.000296,    0.000159
   45    -0.012750,    0.011672,   -0.013175,   -0.010033,    0.011149
   46    -0.020769,    0.009563,   -0.014991,   -0.015339,    0.010140
   47    -0.006501,    0.016880,   -0.007960,   -0.004226,    0.013881
   48    -0.000604,    0.000225,   -0.000350,   -0.000314,   -0.000037
   49    -0.001408,    0.000677,   -0.001281,   -0.000895,    0.000469
   50    -0.001598,    0.000426,   -0.001232,   -0.001226,    0.000461
   51    -0.001650,    0.002050,   -0.002213,   -0.001061,    0.001260
   52    -0.000735,   -0.000056,   -0.003079,   -0.000497,   -0.000204
   53    -0.003693,   -0.002681,    0.000033,   -0.002645,   -0.001874
   54     0.000228,   -0.000303,    0.000470,    0.000150,   -0.000200
   55    -0.000269,    0.000272,   -0.000701,   -0.000170,    0.000180
   56    -0.000689,    0.000202,   -0.000410,   -0.000485,    0.000123
   57    -0.000201,    0.000132,   -0.000317,   -0.000111,    0.000060
   58     0.000446,   -0.000247,    0.000095,    0.000296,   -0.000159
   59    -0.000602,    0.000000,   -0.014084,   -0.001828,   -0.000000
   60    -0.001844,    0.000000,   -0.017091,   -0.003942,   -0.000000
   61     0.004188,   -0.000000,   -0.008113,    0.007002,    0.000000
   62    -0.014922,    0.000000,   -0.003928,   -0.006494,    0.000000
   63     0.064265,   -0.000000,   -0.047046,    0.041192,   -0.000000
   64     0.003298,    0.000000,    0.190065,   -0.005359,   -0.000000
   65     0.240211,   -0.000000,   -0.003245,    0.161940,    0.000000
   66    -0.000000,    0.325318,   -0.000000,    0.000000,    0.228492
   67    -0.003245,   -0.000000,    0.130809,   -0.007302,   -0.000000
   68     0.161940,    0.000000,   -0.007302,    0.110045,    0.000000
   69     0.000000,    0.228492,   -0.000000,    0.000000,    0.161138
   70     0.007401,   -0.000000,    0.028051,    0.003153,   -0.000000
   71     0.036264,   -0.000000,   -0.006391,    0.025507,   -0.000000
   72     0.000000,    0.065424,    0.000000,   -0.000000,    0.045487
   73     0.009265,    0.000000,    0.003622,    0.006179,    0.000000
   74     0.000000,    0.002538,    0.000000,    0.000000,    0.001844
   75    -0.002172,    0.000000,   -0.006874,   -0.001126,    0.000000
   76    -0.000000,   -0.014438,    0.000000,   -0.000000,   -0.010461
   77    -0.001128,   -0.000000,   -0.004044,   -0.000602,    0.000000
   78     0.007419,    0.000000,    0.004062,    0.005090,    0.000000
   79    -0.000000,   -0.000992,    0.000000,    0.000000,   -0.000533
   80    -0.003785,    0.000000,   -0.007033,   -0.002222,    0.000000
   81    -0.000000,   -0.015021,    0.000000,   -0.000000,   -0.011760
   82    -0.002276,    0.000000,    0.000575,   -0.001462,    0.000000
   83     0.000436,    0.000000,    0.001459,    0.000220,   -0.000000
   84     0.000000,    0.001393,   -0.000000,    0.000000,    0.000979
   85    -0.001544,   -0.000000,   -0.000474,   -0.001039,   -0.000000
   86     0.000000,   -0.000040,   -0.000000,    0.000000,    0.000114
   87    -0.001284,   -0.000000,    0.000196,   -0.000853,   -0.000000
   88     0.000000,    0.000811,   -0.000000,    0.000000,    0.000639
   89    -0.002429,   -0.000000,   -0.000411,   -0.001628,   -0.000000
   90    -0.001440,    0.120631,   -0.050325,    0.001761,    0.085285
   91    -0.003972,    0.139006,   -0.056222,    0.000541,    0.097934
   92    -0.007958,    0.044987,   -0.013301,   -0.004247,    0.032830
   93    -0.000195,    0.008405,   -0.000572,   -0.000050,    0.005889
   94     0.003867,    0.000413,   -0.000321,    0.002624,    0.000296
   95     0.000353,   -0.006978,    0.004961,   -0.000046,   -0.004925
   96    -0.002332,    0.006402,    0.003891,   -0.001516,    0.004239
   97     0.009957,    0.002126,   -0.002119,    0.006680,    0.001668
   98     0.000176,   -0.000705,    0.004944,   -0.000169,   -0.000242
   99     0.001534,    0.000379,   -0.000237,    0.001028,    0.000288
  100    -0.001879,   -0.000355,    0.000272,   -0.001266,   -0.000251
  101     0.000122,   -0.000600,   -0.001358,    0.000131,   -0.000407
  102     0.000147,   -0.001226,   -0.000197,    0.000080,   -0.000848
  103    -0.000011,    0.000902,    0.000357,   -0.000016,    0.000628
  104    -0.001440,   -0.120631,   -0.050325,    0.001761,   -0.085285
  105    -0.003972,   -0.139006,   -0.056222,    0.000541,   -0.097934
  106    -0.007958,   -0.044987,   -0.013301,   -0.004247,   -0.032830
  107    -0.000195,   -0.008405,   -0.000572,   -0.000050,   -0.005889
  108     0.003867,   -0.000413,   -0.000321,    0.002624,   -0.000296
  109    -0.000353,   -0.006978,   -0.004961,    0.000046,   -0.004925
  110    -0.002332,   -0.006402,    0.003891,   -0.001516,   -0.004239
  111     0.009957,   -0.002126,   -0.002119,    0.006680,   -0.001668
  112    -0.000176,   -0.000705,   -0.004944,    0.000169,   -0.000242
  113     0.001534,   -0.000379,   -0.000237,    0.001028,   -0.000288
  114     0.001879,   -0.000355,   -0.000272,    0.001266,   -0.000251
  115     0.000122,    0.000600,   -0.001358,    0.000131,    0.000407
  116    -0.000147,   -0.001226,    0.000197,   -0.000080,   -0.000848
  117    -0.000011,   -0.000902,    0.000357,   -0.000016,   -0.000628
  118    -0.000004,    0.000000,    0.000001,   -0.000003,    0.000000
  119     0.000026,    0.000000,    0.000004,    0.000016,    0.000000
  120     0.000962,    0.000000,   -0.000103,    0.000767,    0.000000
  121     0.009256,   -0.000000,   -0.001568,    0.007515,    0.000000
  122    -0.028263,    0.000000,    0.006616,   -0.022606,   -0.000000
  123    -0.003265,   -0.000000,   -0.001121,   -0.002885,   -0.000000
  124    -0.000003,    0.000000,    0.000018,   -0.000021,    0.000000
  125     0.000184,   -0.000000,    0.000005,    0.000108,   -0.000000
  126    -0.000000,   -0.000078,    0.000000,    0.000000,   -0.000054
  127     0.000047,   -0.000000,   -0.000436,    0.000465,   -0.000000
  128    -0.004349,    0.000000,   -0.000111,   -0.002551,    0.000000
  129     0.000000,    0.001830,   -0.000000,   -0.000000,    0.001262
  130     0.000280,    0.000000,    0.002690,   -0.002067,    0.000000
  131     0.023585,   -0.000000,    0.000015,    0.013971,   -0.000000
  132    -0.000000,   -0.009785,    0.000000,    0.000000,   -0.006708
  133     0.000592,   -0.000000,    0.003881,   -0.003622,    0.000000
  134     0.042388,    0.000000,    0.001819,    0.024670,   -0.000000
  135    -0.000000,   -0.017187,    0.000000,    0.000000,   -0.011892
  136     0.005425,   -0.000000,    0.005510,    0.002155,    0.000000
  137     0.021254,    0.000000,    0.000720,    0.012698,   -0.000000
  138    -0.000000,   -0.005944,    0.000000,   -0.000000,   -0.003701
  139     0.000006,   -0.000000,    0.000007,    0.000004,   -0.000000
  140    -0.000000,    0.000001,    0.000000,   -0.000000,    0.000002
  141     0.000000,    0.000000,    0.000005,   -0.000000,    0.000000
  142    -0.000000,    0.000002,   -0.000000,    0.000000,    0.000002
  143     0.000000,   -0.000000,   -0.000004,   -0.000001,   -0.000000
  144    -0.000245,    0.000000,   -0.000268,   -0.000178,    0.000000
  145     0.000000,   -0.000033,   -0.000000,    0.000000,   -0.000052
  146     0.000117,   -0.000000,   -0.000161,    0.000086,   -0.000000
  147     0.000000,   -0.000009,    0.000000,   -0.000000,    0.000002
  148     0.000356,    0.000000,    0.000232,    0.000262,    0.000000
  149     0.002324,   -0.000000,    0.001278,    0.001685,   -0.000000
  150    -0.000000,   -0.000046,   -0.000000,   -0.000000,    0.000159
  151    -0.001106,    0.000000,    0.000689,   -0.000748,   -0.000000
  152    -0.000000,   -0.000906,    0.000000,    0.000000,   -0.000755
  153    -0.004504,   -0.000000,   -0.001606,   -0.003135,   -0.000000
  154     0.003151,    0.000000,    0.000050,    0.002059,   -0.000000
  155     0.000000,   -0.001572,   -0.000000,   -0.000000,   -0.001024
  156    -0.000116,   -0.000000,    0.000894,   -0.000196,   -0.000000
  157    -0.000000,   -0.001552,    0.000000,    0.000000,   -0.001231
  158    -0.003625,    0.000000,   -0.000116,   -0.002609,   -0.000000
  159     0.002198,   -0.000000,    0.001110,    0.001539,   -0.000000
  160    -0.000000,    0.000694,   -0.000000,   -0.000000,    0.000577
  161     0.000368,    0.000000,   -0.000238,    0.000286,    0.000000
  162     0.000000,   -0.000299,   -0.000000,   -0.000000,   -0.000148
  163     0.000543,   -0.000000,    0.000280,    0.000369,   -0.000000
  164    -0.000000,   -0.000588,   -0.000000,   -0.000000,   -0.000385
  165     0.000613,    0.000000,   -0.000293,    0.000415,   -0.000000
  166    -0.000009,   -0.000000,    0.000009,   -0.000013,   -0.000000
  167    -0.000136,   -0.000000,    0.000065,   -0.000098,   -0.000000
  168    -0.000659,   -0.000000,   -0.000436,    0.000581,    0.000000
  169    -0.003604,   -0.000000,   -0.006085,    0.008334,    0.000000
  170     0.025633,   -0.000000,    0.009777,   -0.012178,   -0.000000
  171    -0.008574,    0.000000,    0.010183,   -0.013092,    0.000000
  172     0.000513,   -0.000000,   -0.000284,    0.000352,    0.000000
  173    -0.000834,    0.000000,    0.000370,   -0.000562,    0.000000
  174     0.000000,   -0.000111,    0.000000,   -0.000000,   -0.000155
  175    -0.011882,    0.000000,    0.006623,   -0.008157,   -0.000000
  176     0.019362,   -0.000000,   -0.008574,    0.013044,   -0.000000
  177    -0.000000,    0.002677,   -0.000000,    0.000000,    0.003669
  178     0.058570,    0.000000,   -0.033881,    0.040319,    0.000000
  179    -0.095877,   -0.000000,    0.042020,   -0.064634,    0.000000
  180     0.000000,   -0.015654,    0.000000,   -0.000000,   -0.020303
  181     0.114622,   -0.000000,   -0.064557,    0.078399,    0.000000
  182    -0.188686,    0.000000,    0.083452,   -0.126602,    0.000000
  183    -0.000000,   -0.026392,    0.000000,   -0.000000,   -0.035554
  184     0.032246,   -0.000000,   -0.027199,    0.021811,    0.000000
  185    -0.059598,    0.000000,    0.021159,   -0.038659,    0.000000
  186     0.000000,   -0.028152,    0.000000,   -0.000000,   -0.027125
  187     0.000030,    0.000000,   -0.000009,    0.000022,    0.000000
  188    -0.000000,    0.000021,    0.000000,   -0.000000,    0.000014
  189     0.000022,   -0.000000,   -0.000011,    0.000016,   -0.000000
  190     0.000000,   -0.000007,   -0.000000,    0.000000,   -0.000005
  191     0.000008,   -0.000000,   -0.000016,    0.000007,   -0.000000
  192    -0.001821,   -0.000000,    0.000495,   -0.001285,   -0.000000
  193     0.000000,   -0.001105,   -0.000000,    0.000000,   -0.000759
  194    -0.001173,    0.000000,    0.000616,   -0.000841,    0.000000
  195    -0.000000,    0.000578,    0.000000,   -0.000000,    0.000389
  196    -0.000541,    0.000000,    0.000953,   -0.000433,    0.000000
  197     0.014654,    0.000000,   -0.003756,    0.010061,    0.000000
  198    -0.000000,    0.008564,    0.000000,    0.000000,    0.005809
  199     0.008783,   -0.000000,   -0.004537,    0.006137,   -0.000000
  200     0.000000,   -0.005515,    0.000000,    0.000000,   -0.003774
  201     0.004596,   -0.000000,   -0.007685,    0.003453,   -0.000000
  202     0.016463,   -0.000000,   -0.005597,    0.010613,   -0.000000
  203    -0.000000,    0.004627,   -0.000000,    0.000000,    0.002852
  204     0.009932,    0.000000,   -0.004438,    0.006460,    0.000000
  205     0.000000,   -0.004231,    0.000000,    0.000000,   -0.002851
  206     0.007007,    0.000000,   -0.006583,    0.004607,    0.000000
  207    -0.001681,    0.000000,   -0.002155,   -0.001040,   -0.000000
  208     0.000000,   -0.003479,    0.000000,    0.000000,   -0.002352
  209     0.004675,    0.000000,   -0.002582,    0.003193,    0.000000
  210     0.000000,   -0.002814,    0.000000,    0.000000,   -0.001863
  211    -0.003143,    0.000000,    0.000892,   -0.002110,   -0.000000
  212    -0.000000,   -0.001404,    0.000000,   -0.000000,   -0.000901
  213    -0.007215,    0.000000,    0.003366,   -0.004872,   -0.000000
                70,          71,          72,          73,          74
    0    -0.003328,   -0.004507,    0.000000,   -0.001863,   -0.000000
    1    -0.006409,   -0.007637,    0.000000,   -0.003894,   -0.000000
    2     0.009763,    0.007965,   -0.000000,    0.006832,   -0.000000
    3     0.009179,    0.005922,   -0.000000,    0.005667,    0.000000
    4    -0.008525,   -0.009866,    0.000000,    0.000858,   -0.000000
    5    -0.028752,   -0.019856,   -0.000000,   -0.005375,   -0.000000
    6    -0.007136,   -0.006883,    0.000000,   -0.008233,   -0.000000
    7     0.000000,    0.000000,   -0.008682,    0.000000,    0.005084
    8    -0.020286,   -0.013711,   -0.000000,   -0.003590,    0.000000
    9    -0.005035,   -0.004722,    0.000000,   -0.005442,    0.000000
   10     0.000000,    0.000000,   -0.006696,    0.000000,    0.003492
   11    -0.004657,    0.000208,   -0.000000,   -0.001005,    0.000000
   12     0.000208,   -0.001980,   -0.000000,   -0.000868,    0.000000
   13     0.000000,    0.000000,   -0.006149,    0.000000,    0.001355
   14     0.001005,    0.000868,    0.000000,    0.000539,   -0.000000
   15    -0.000000,   -0.000000,   -0.001355,    0.000000,   -0.000064
   16    -0.001097,   -0.000568,   -0.000000,   -0.000207,    0.000000
   17     0.000000,    0.000000,   -0.001325,    0.000000,    0.000157
   18    -0.001362,    0.000494,   -0.000000,   -0.000051,    0.000000
   19     0.001463,    0.000714,    0.000000,    0.000668,   -0.000000
   20     0.000000,    0.000000,   -0.003464,   -0.000000,   -0.000061
   21    -0.001453,   -0.000813,   -0.000000,   -0.000167,    0.000000
   22     0.000000,    0.000000,   -0.002430,    0.000000,   -0.000017
   23    -0.001591,    0.002029,   -0.000000,    0.000227,    0.000000
   24    -0.000189,   -0.000428,   -0.000000,   -0.000140,    0.000000
   25    -0.000000,   -0.000000,    0.000795,    0.000000,    0.000048
   26     0.000168,    0.000061,    0.000000,    0.000061,   -0.000000
   27     0.000000,    0.000000,   -0.000393,    0.000000,   -0.000021
   28    -0.000025,    0.000153,   -0.000000,    0.000125,    0.000000
   29     0.000000,    0.000000,   -0.000070,    0.000000,    0.000009
   30     0.000369,   -0.000049,   -0.000000,    0.000149,   -0.000000
   31    -0.006194,   -0.002741,   -0.004642,   -0.000045,    0.001740
   32    -0.007269,   -0.003026,   -0.005047,   -0.000383,    0.002040
   33    -0.002555,    0.000300,   -0.001393,   -0.000365,    0.000155
   34    -0.000080,   -0.000031,    0.000188,   -0.000071,   -0.000135
   35    -0.000083,   -0.000101,   -0.000166,   -0.000119,   -0.000012
   36     0.000567,    0.000321,    0.000236,    0.000017,   -0.000106
   37    -0.000921,   -0.000530,    0.000134,   -0.000118,   -0.000116
   38     0.000356,    0.000030,   -0.000458,   -0.000215,    0.000020
   39     0.000523,    0.000396,   -0.000120,    0.000068,   -0.000045
   40    -0.000025,   -0.000010,    0.000115,    0.000040,    0.000005
   41    -0.000007,   -0.000004,    0.000064,    0.000049,    0.000006
   42    -0.000219,   -0.000120,   -0.000012,   -0.000021,   -0.000010
   43     0.000084,    0.000046,   -0.000020,    0.000026,    0.000019
   44     0.000047,    0.000069,    0.000016,    0.000023,    0.000019
   45    -0.006194,   -0.002741,    0.004642,   -0.000045,   -0.001740
   46    -0.007269,   -0.003026,    0.005047,   -0.000383,   -0.002040
   47    -0.002555,    0.000300,    0.001393,   -0.000365,   -0.000155
   48    -0.000080,   -0.000031,   -0.000188,   -0.000071,    0.000135
   49    -0.000083,   -0.000101,    0.000166,   -0.000119,    0.000012
   50    -0.000567,   -0.000321,    0.000236,   -0.000017,   -0.000106
   51    -0.000921,   -0.000530,   -0.000134,   -0.000118,    0.000116
   52     0.000356,    0.000030,    0.000458,   -0.000215,   -0.000020
   53    -0.000523,   -0.000396,   -0.000120,   -0.000068,   -0.000045
   54    -0.000025,   -0.000010,   -0.000115,    0.000040,   -0.000005
   55     0.000007,    0.000004,    0.000064,   -0.000049,    0.000006
   56    -0.000219,   -0.000120,    0.000012,   -0.000021,    0.000010
   57    -0.000084,   -0.000046,   -0.000020,   -0.000026,    0.000019
   58     0.000047,    0.000069,   -0.000016,    0.000023,   -0.000019
   59     0.001416,    0.001836,    0.000000,   -0.000444,    0.000000
   60     0.003489,    0.001915,    0.000000,   -0.001308,    0.000000
   61    -0.008232,    0.002473,   -0.000000,    0.003441,   -0.000000
   62    -0.006266,   -0.001610,    0.000000,    0.002083,    0.000000
   63     0.001113,    0.008106,   -0.000000,   -0.000102,    0.000000
   64     0.040873,   -0.007916,    0.000000,    0.005597,    0.000000
   65     0.007401,    0.036264,    0.000000,    0.009265,    0.000000
   66    -0.000000,   -0.000000,    0.065424,    0.000000,    0.002538
   67     0.028051,   -0.006391,    0.000000,    0.003622,    0.000000
   68     0.003153,    0.025507,   -0.000000,    0.006179,    0.000000
   69    -0.000000,   -0.000000,    0.045487,    0.000000,    0.001844
   70     0.009670,   -0.000982,   -0.000000,    0.000772,    0.000000
   71    -0.000982,    0.008734,   -0.000000,    0.000971,    0.000000
   72    -0.000000,   -0.000000,    0.016269,   -0.000000,    0.000077
   73     0.000772,    0.000971,   -0.000000,    0.000629,    0.000000
   74     0.000000,    0.000000,    0.000077,    0.000000,    0.000171
   75    -0.001722,    0.000053,   -0.000000,   -0.000263,    0.000000
   76     0.000000,    0.000000,   -0.002781,    0.000000,   -0.000076
   77    -0.001448,    0.000206,   -0.000000,   -0.000141,    0.000000
   78     0.000771,    0.000323,   -0.000000,    0.000783,    0.000000
   79     0.000000,    0.000000,   -0.001184,   -0.000000,    0.000364
   80    -0.001629,   -0.000056,    0.000000,   -0.000352,   -0.000000
   81     0.000000,    0.000000,   -0.002057,   -0.000000,   -0.000121
   82    -0.001110,    0.000319,    0.000000,   -0.000031,   -0.000000
   83     0.000126,   -0.000296,   -0.000000,    0.000149,    0.000000
   84     0.000000,    0.000000,    0.000095,   -0.000000,    0.000095
   85    -0.000190,   -0.000286,   -0.000000,   -0.000069,   -0.000000
   86    -0.000000,   -0.000000,   -0.000031,    0.000000,   -0.000013
   87     0.000018,   -0.000185,   -0.000000,   -0.000070,   -0.000000
   88    -0.000000,    0.000000,    0.000129,   -0.000000,    0.000015
   89    -0.000279,   -0.000312,   -0.000000,   -0.000125,   -0.000000
   90    -0.012610,    0.002445,    0.023870,   -0.000847,    0.000891
   91    -0.014290,    0.002785,    0.027729,   -0.001070,    0.000992
   92    -0.004367,    0.000504,    0.006253,   -0.000493,    0.000465
   93    -0.000219,    0.000005,    0.001700,    0.000021,    0.000067
   94     0.000037,    0.000639,    0.000040,    0.000132,    0.000022
   95     0.001246,   -0.000203,   -0.001396,    0.000090,   -0.000054
   96     0.000502,   -0.000371,    0.001480,    0.000119,    0.000004
   97     0.000230,    0.001736,   -0.000061,    0.000232,    0.000089
   98     0.001104,   -0.000244,   -0.000369,    0.000097,    0.000026
   99     0.000046,    0.000250,    0.000019,    0.000044,    0.000019
  100    -0.000058,   -0.000321,   -0.000048,   -0.000052,   -0.000010
  101    -0.000282,    0.000073,   -0.000121,   -0.000035,   -0.000004
  102    -0.000009,    0.000018,   -0.000250,   -0.000014,   -0.000008
  103     0.000050,   -0.000009,    0.000190,    0.000013,    0.000011
  104    -0.012610,    0.002445,   -0.023870,   -0.000847,   -0.000891
  105    -0.014290,    0.002785,   -0.027729,   -0.001070,   -0.000992
  106    -0.004367,    0.000504,   -0.006253,   -0.000493,   -0.000465
  107    -0.000219,    0.000005,   -0.001700,    0.000021,   -0.000067
  108     0.000037,    0.000639,   -0.000040,    0.000132,   -0.000022
  109    -0.001246,    0.000203,   -0.001396,   -0.000090,   -0.000054
  110     0.000502,   -0.000371,   -0.001480,    0.000119,   -0.000004
  111     0.000230,    0.001736,    0.000061,    0.000232,   -0.000089
  112    -0.001104,    0.000244,   -0.000369,   -0.000097,    0.000026
  113     0.000046,    0.000250,   -0.000019,    0.000044,   -0.000019
  114     0.000058,    0.000321,   -0.000048,    0.000052,   -0.000010
  115    -0.000282,    0.000073,    0.000121,   -0.000035,    0.000004
  116     0.000009,   -0.000018,   -0.000250,    0.000014,   -0.000008
  117     0.000050,   -0.000009,   -0.000190,    0.000013,   -0.000011
  118    -0.000006,   -0.000005,   -0.000000,    0.000000,   -0.000000
  119     0.000007,   -0.000003,    0.000000,    0.000003,   -0.000000
  120     0.001003,    0.000757,    0.000000,    0.000035,    0.000000
  121     0.010096,    0.008012,    0.000000,    0.000248,    0.000000
  122    -0.028434,   -0.023002,   -0.000000,   -0.000647,   -0.000000
  123    -0.006784,   -0.003577,   -0.000000,   -0.000367,    0.000000
  124     0.000130,   -0.000042,    0.000000,   -0.000001,   -0.000000
  125    -0.000012,   -0.000048,   -0.000000,    0.000019,   -0.000000
  126    -0.000000,   -0.000000,   -0.000171,    0.000000,    0.000001
  127    -0.003042,    0.000969,   -0.000000,    0.000014,    0.000000
  128     0.000278,    0.001111,    0.000000,   -0.000452,    0.000000
  129     0.000000,    0.000000,    0.003991,   -0.000000,   -0.000022
  130     0.015681,   -0.005093,    0.000000,   -0.000020,   -0.000000
  131    -0.001097,   -0.005372,   -0.000000,    0.002344,   -0.000000
  132    -0.000000,   -0.000000,   -0.020792,    0.000000,    0.000087
  133     0.029382,   -0.008719,    0.000000,   -0.000141,   -0.000000
  134    -0.003101,   -0.011208,   -0.000000,    0.004426,   -0.000000
  135    -0.000000,   -0.000000,   -0.037796,   -0.000000,    0.000172
  136     0.012837,   -0.002715,    0.000000,    0.000326,   -0.000000
  137    -0.000363,   -0.004229,    0.000000,    0.001901,   -0.000000
  138    -0.000000,   -0.000000,   -0.015540,   -0.000000,   -0.000178
  139     0.000000,    0.000001,   -0.000000,    0.000001,    0.000000
  140    -0.000000,   -0.000000,    0.000001,   -0.000000,   -0.000000
  141     0.000001,   -0.000001,    0.000000,    0.000000,   -0.000000
  142    -0.000000,    0.000000,   -0.000001,   -0.000000,    0.000000
  143     0.000000,   -0.000001,   -0.000000,    0.000000,   -0.000000
  144     0.000034,   -0.000047,    0.000000,   -0.000028,   -0.000000
  145     0.000000,    0.000000,   -0.000067,    0.000000,    0.000017
  146     0.000018,    0.000043,   -0.000000,   -0.000009,    0.000000
  147    -0.000000,   -0.000000,    0.000055,    0.000000,   -0.000012
  148     0.000046,    0.000096,    0.000000,    0.000014,    0.000000
  149    -0.000652,    0.000295,   -0.000000,    0.000189,    0.000000
  150    -0.000000,   -0.000000,    0.000642,   -0.000000,   -0.000149
  151    -0.000456,   -0.000355,    0.000000,    0.000031,   -0.000000
  152     0.000000,    0.000000,   -0.000584,    0.000000,    0.000090
  153    -0.000697,   -0.001000,   -0.000000,   -0.000162,   -0.000000
  154    -0.001725,   -0.000174,   -0.000000,    0.000202,   -0.000000
  155    -0.000000,   -0.000000,    0.000581,    0.000000,   -0.000114
  156    -0.000870,   -0.000543,   -0.000000,    0.000084,    0.000000
  157     0.000000,    0.000000,   -0.000680,   -0.000000,    0.000046
  158    -0.000840,   -0.001191,    0.000000,   -0.000055,   -0.000000
  159     0.000134,    0.000443,   -0.000000,    0.000105,    0.000000
  160    -0.000000,   -0.000000,    0.000437,    0.000000,   -0.000052
  161     0.000320,    0.000242,    0.000000,   -0.000026,    0.000000
  162    -0.000000,   -0.000000,    0.000236,    0.000000,   -0.000054
  163    -0.000191,    0.000018,   -0.000000,    0.000044,   -0.000000
  164    -0.000000,   -0.000000,    0.000070,   -0.000000,   -0.000032
  165    -0.000648,   -0.000108,   -0.000000,    0.000061,   -0.000000
  166     0.000012,   -0.000010,    0.000000,   -0.000002,    0.000000
  167     0.000020,   -0.000034,    0.000000,   -0.000002,    0.000000
  168    -0.001628,    0.001061,   -0.000000,    0.000236,    0.000000
  169    -0.017439,    0.011879,   -0.000000,    0.002460,   -0.000000
  170     0.047439,   -0.030149,    0.000000,   -0.006496,    0.000000
  171     0.011676,   -0.008813,    0.000000,   -0.001972,   -0.000000
  172    -0.000050,    0.000200,    0.000000,   -0.000015,   -0.000000
  173     0.000036,   -0.000052,    0.000000,   -0.000034,   -0.000000
  174     0.000000,    0.000000,    0.000091,   -0.000000,   -0.000032
  175     0.001164,   -0.004666,   -0.000000,    0.000358,    0.000000
  176    -0.000835,    0.001179,   -0.000000,    0.000787,    0.000000
  177    -0.000000,   -0.000000,   -0.002121,    0.000000,    0.000755
  178    -0.006164,    0.023870,    0.000000,   -0.001939,   -0.000000
  179     0.004232,   -0.005485,    0.000000,   -0.004044,   -0.000000
  180     0.000000,    0.000000,    0.010714,   -0.000000,   -0.003950
  181    -0.010782,    0.044244,    0.000000,   -0.003464,   -0.000000
  182     0.007336,   -0.010885,    0.000000,   -0.007513,   -0.000000
  183     0.000000,    0.000000,    0.019853,   -0.000000,   -0.007183
  184    -0.004481,    0.015597,    0.000000,   -0.002130,   -0.000000
  185    -0.000441,   -0.000008,    0.000000,   -0.002727,   -0.000000
  186     0.000000,    0.000000,    0.005129,    0.000000,   -0.003200
  187    -0.000003,    0.000007,    0.000000,    0.000001,    0.000000
  188     0.000000,   -0.000000,    0.000004,    0.000000,    0.000000
  189    -0.000002,    0.000004,   -0.000000,    0.000001,    0.000000
  190    -0.000000,    0.000000,   -0.000002,    0.000000,    0.000000
  191    -0.000005,    0.000001,   -0.000000,    0.000000,   -0.000000
  192     0.000109,   -0.000376,   -0.000000,   -0.000056,   -0.000000
  193     0.000000,    0.000000,   -0.000244,   -0.000000,   -0.000002
  194     0.000120,   -0.000223,    0.000000,   -0.000032,   -0.000000
  195    -0.000000,   -0.000000,    0.000152,   -0.000000,   -0.000002
  196     0.000240,   -0.000095,    0.000000,   -0.000010,    0.000000
  197    -0.000534,    0.002737,    0.000000,    0.000371,    0.000000
  198    -0.000000,   -0.000000,    0.002041,    0.000000,   -0.000011
  199    -0.000689,    0.001596,   -0.000000,    0.000174,    0.000000
  200     0.000000,    0.000000,   -0.001330,    0.000000,    0.000017
  201    -0.001514,    0.000712,   -0.000000,    0.000015,   -0.000000
  202    -0.000028,    0.002217,   -0.000000,    0.000204,    0.000000
  203    -0.000000,    0.000000,    0.001478,    0.000000,   -0.000079
  204    -0.000046,    0.001224,    0.000000,    0.000111,    0.000000
  205     0.000000,    0.000000,   -0.001036,   -0.000000,    0.000049
  206    -0.000463,    0.000418,   -0.000000,    0.000057,    0.000000
  207    -0.000479,   -0.000428,   -0.000000,   -0.000068,    0.000000
  208     0.000000,    0.000000,   -0.000860,   -0.000000,    0.000024
  209    -0.000315,    0.000713,   -0.000000,    0.000081,    0.000000
  210     0.000000,    0.000000,   -0.000724,   -0.000000,    0.000014
  211     0.000066,   -0.000532,   -0.000000,   -0.000064,   -0.000000
  212     0.000000,   -0.000000,   -0.000382,   -0.000000,    0.000007
  213     0.000445,   -0.001123,    0.000000,   -0.000136,   -0.000000
                75,          76,          77,          78,          79
    0     0.001303,   -0.000000,    0.000613,   -0.003351,   -0.000000
    1     0.002626,   -0.000000,    0.001282,   -0.006199,   -0.000000
    2    -0.004305,   -0.000000,   -0.002308,    0.008558,    0.000000
    3    -0.003860,    0.000000,   -0.002795,    0.007287,    0.000000
    4     0.000078,   -0.000000,    0.001948,    0.000940,   -0.000000
    5     0.005141,    0.000000,    0.007538,   -0.005203,    0.000000
    6     0.003573,   -0.000000,   -0.001853,   -0.008736,    0.000000
    7     0.000000,    0.006613,    0.000000,    0.000000,    0.012476
    8     0.003670,    0.000000,    0.005180,   -0.003350,    0.000000
    9     0.002448,   -0.000000,   -0.001377,   -0.005806,    0.000000
   10    -0.000000,    0.005006,   -0.000000,    0.000000,    0.008787
   11     0.001097,    0.000000,    0.001362,   -0.001463,    0.000000
   12     0.000568,    0.000000,   -0.000494,   -0.000714,    0.000000
   13    -0.000000,    0.001325,   -0.000000,    0.000000,    0.003464
   14    -0.000207,    0.000000,   -0.000051,    0.000668,   -0.000000
   15    -0.000000,    0.000157,   -0.000000,   -0.000000,   -0.000061
   16     0.000199,    0.000000,    0.000217,   -0.000201,    0.000000
   17    -0.000000,    0.000600,   -0.000000,    0.000000,    0.000546
   18     0.000217,    0.000000,    0.000179,   -0.000122,    0.000000
   19    -0.000201,   -0.000000,   -0.000122,    0.001101,   -0.000000
   20     0.000000,    0.000546,    0.000000,   -0.000000,    0.000084
   21     0.000225,    0.000000,    0.000047,   -0.000014,    0.000000
   22    -0.000000,    0.001250,   -0.000000,    0.000000,    0.000452
   23     0.000181,    0.000000,   -0.000093,    0.000182,    0.000000
   24    -0.000001,    0.000000,    0.000025,   -0.000171,    0.000000
   25    -0.000000,   -0.000121,   -0.000000,    0.000000,    0.000051
   26    -0.000056,    0.000000,   -0.000011,    0.000066,   -0.000000
   27    -0.000000,    0.000118,   -0.000000,    0.000000,    0.000015
   28    -0.000047,    0.000000,   -0.000014,    0.000131,    0.000000
   29    -0.000000,    0.000046,   -0.000000,    0.000000,    0.000044
   30    -0.000121,    0.000000,   -0.000045,    0.000185,    0.000000
   31     0.000581,    0.002994,    0.001528,    0.000229,    0.004541
   32     0.000827,    0.003271,    0.001931,   -0.000023,    0.005207
   33     0.000423,    0.002042,    0.000537,   -0.000296,    0.000811
   34     0.000047,   -0.000157,    0.000018,   -0.000099,   -0.000325
   35     0.000059,    0.000022,   -0.000036,   -0.000108,   -0.000017
   36    -0.000057,   -0.000159,   -0.000147,   -0.000021,   -0.000271
   37     0.000158,   -0.000036,    0.000172,   -0.000181,   -0.000218
   38     0.000073,   -0.000096,   -0.000190,   -0.000210,    0.000034
   39    -0.000054,    0.000119,   -0.000225,    0.000025,   -0.000033
   40    -0.000014,   -0.000003,    0.000021,    0.000046,    0.000009
   41    -0.000024,   -0.000004,    0.000023,    0.000052,    0.000010
   42     0.000029,   -0.000004,    0.000053,   -0.000017,   -0.000018
   43    -0.000024,    0.000020,   -0.000015,    0.000040,    0.000043
   44    -0.000015,    0.000005,   -0.000019,    0.000025,    0.000041
   45     0.000581,   -0.002994,    0.001528,    0.000229,   -0.004541
   46     0.000827,   -0.003271,    0.001931,   -0.000023,   -0.005207
   47     0.000423,   -0.002042,    0.000537,   -0.000296,   -0.000811
   48     0.000047,    0.000157,    0.000018,   -0.000099,    0.000325
   49     0.000059,   -0.000022,   -0.000036,   -0.000108,    0.000017
   50     0.000057,   -0.000159,    0.000147,    0.000021,   -0.000271
   51     0.000158,    0.000036,    0.000172,   -0.000181,    0.000218
   52     0.000073,    0.000096,   -0.000190,   -0.000210,   -0.000034
   53     0.000054,    0.000119,    0.000225,   -0.000025,   -0.000033
   54    -0.000014,    0.000003,    0.000021,    0.000046,   -0.000009
   55     0.000024,   -0.000004,   -0.000023,   -0.000052,    0.000010
   56     0.000029,    0.000004,    0.000053,   -0.000017,    0.000018
   57     0.000024,    0.000020,    0.000015,   -0.000040,    0.000043
   58    -0.000015,   -0.000005,   -0.000019,    0.000025,   -0.000041
   59     0.000401,    0.000000,    0.000091,   -0.001746,   -0.000000
   60     0.000075,    0.000000,   -0.000333,   -0.003855,   -0.000000
   61     0.002291,    0.000000,    0.002280,    0.007518,    0.000000
   62     0.002239,   -0.000000,    0.002273,    0.005725,    0.000000
   63     0.001351,    0.000000,    0.000202,   -0.002204,    0.000000
   64    -0.009990,    0.000000,   -0.005578,    0.006136,   -0.000000
   65    -0.002172,   -0.000000,   -0.001128,    0.007419,   -0.000000
   66     0.000000,   -0.014438,   -0.000000,    0.000000,   -0.000992
   67    -0.006874,    0.000000,   -0.004044,    0.004062,    0.000000
   68    -0.001126,   -0.000000,   -0.000602,    0.005090,    0.000000
   69     0.000000,   -0.010461,    0.000000,    0.000000,   -0.000533
   70    -0.001722,    0.000000,   -0.001448,    0.000771,    0.000000
   71     0.000053,    0.000000,    0.000206,    0.000323,    0.000000
   72    -0.000000,   -0.002781,   -0.000000,   -0.000000,   -0.001184
   73    -0.000263,    0.000000,   -0.000141,    0.000783,   -0.000000
   74     0.000000,   -0.000076,    0.000000,    0.000000,    0.000364
   75     0.000426,   -0.000000,    0.000306,   -0.000252,    0.000000
   76    -0.000000,    0.000832,   -0.000000,    0.000000,    0.000133
   77     0.000306,   -0.000000,    0.000415,   -0.000212,    0.000000
   78    -0.000252,    0.000000,   -0.000212,    0.001341,    0.000000
   79     0.000000,    0.000133,    0.000000,    0.000000,    0.000923
   80     0.000537,   -0.000000,    0.000521,   -0.000313,   -0.000000
   81     0.000000,    0.001327,   -0.000000,    0.000000,    0.000034
   82     0.000234,   -0.000000,    0.000741,   -0.000110,   -0.000000
   83    -0.000063,   -0.000000,    0.000001,    0.000251,    0.000000
   84     0.000000,   -0.000021,    0.000000,    0.000000,    0.000203
   85     0.000046,   -0.000000,    0.000044,   -0.000058,   -0.000000
   86    -0.000000,   -0.000079,    0.000000,   -0.000000,   -0.000027
   87    -0.000025,    0.000000,   -0.000055,   -0.000073,   -0.000000
   88     0.000000,   -0.000068,    0.000000,   -0.000000,    0.000022
   89     0.000042,    0.000000,    0.000058,   -0.000147,   -0.000000
   90     0.003077,   -0.005686,    0.002109,   -0.000291,   -0.000494
   91     0.003327,   -0.006387,    0.002116,   -0.000390,   -0.000661
   92     0.000885,   -0.002685,    0.000681,   -0.000254,    0.000069
   93     0.000058,   -0.000365,    0.000042,    0.000079,   -0.000022
   94    -0.000017,   -0.000012,   -0.000001,    0.000081,    0.000046
   95    -0.000303,    0.000323,   -0.000196,    0.000022,    0.000021
   96    -0.000176,   -0.000171,   -0.000160,    0.000306,   -0.000140
   97    -0.000026,   -0.000163,   -0.000041,    0.000039,    0.000163
   98    -0.000238,   -0.000090,   -0.000048,    0.000018,    0.000083
   99    -0.000006,   -0.000021,   -0.000006,    0.000023,    0.000038
  100     0.000009,    0.000013,    0.000010,   -0.000023,   -0.000017
  101     0.000072,    0.000019,    0.000044,   -0.000040,    0.000003
  102     0.000005,    0.000048,    0.000008,   -0.000039,    0.000008
  103    -0.000013,   -0.000034,    0.000002,    0.000018,    0.000006
  104     0.003077,    0.005686,    0.002109,   -0.000291,    0.000494
  105     0.003327,    0.006387,    0.002116,   -0.000390,    0.000661
  106     0.000885,    0.002685,    0.000681,   -0.000254,   -0.000069
  107     0.000058,    0.000365,    0.000042,    0.000079,    0.000022
  108    -0.000017,    0.000012,   -0.000001,    0.000081,   -0.000046
  109     0.000303,    0.000323,    0.000196,   -0.000022,    0.000021
  110    -0.000176,    0.000171,   -0.000160,    0.000306,    0.000140
  111    -0.000026,    0.000163,   -0.000041,    0.000039,   -0.000163
  112     0.000238,   -0.000090,    0.000048,   -0.000018,    0.000083
  113    -0.000006,    0.000021,   -0.000006,    0.000023,   -0.000038
  114    -0.000009,    0.000013,   -0.000010,    0.000023,   -0.000017
  115     0.000072,   -0.000019,    0.000044,   -0.000040,   -0.000003
  116    -0.000005,    0.000048,   -0.000008,    0.000039,    0.000008
  117    -0.000013,    0.000034,    0.000002,    0.000018,   -0.000006
  118     0.000000,   -0.000000,   -0.000000,   -0.000001,   -0.000000
  119    -0.000002,   -0.000000,   -0.000006,    0.000005,   -0.000000
  120    -0.000052,   -0.000000,   -0.000082,    0.000305,   -0.000000
  121    -0.000458,   -0.000000,   -0.000676,    0.002921,   -0.000000
  122     0.001360,    0.000000,    0.002332,   -0.007986,   -0.000000
  123     0.000255,    0.000000,    0.000208,   -0.002560,    0.000000
  124     0.000002,   -0.000000,   -0.000009,    0.000020,   -0.000000
  125     0.000010,   -0.000000,    0.000028,    0.000032,   -0.000000
  126    -0.000000,   -0.000003,   -0.000000,    0.000000,   -0.000003
  127    -0.000040,    0.000000,    0.000207,   -0.000467,    0.000000
  128    -0.000224,    0.000000,   -0.000658,   -0.000761,    0.000000
  129     0.000000,    0.000068,    0.000000,   -0.000000,    0.000083
  130     0.000219,   -0.000000,   -0.001001,    0.002462,   -0.000000
  131     0.001126,   -0.000000,    0.003258,    0.003975,    0.000000
  132    -0.000000,   -0.000377,   -0.000000,    0.000000,   -0.000490
  133     0.000359,   -0.000000,   -0.002053,    0.004474,   -0.000000
  134     0.002142,   -0.000000,    0.006419,    0.007247,   -0.000000
  135    -0.000000,   -0.000650,   -0.000000,    0.000000,   -0.000879
  136     0.000057,   -0.000000,   -0.000648,    0.002394,   -0.000000
  137     0.000667,   -0.000000,    0.001925,    0.002969,   -0.000000
  138    -0.000000,   -0.000681,   -0.000000,    0.000000,   -0.001025
  139    -0.000000,    0.000000,    0.000001,    0.000001,    0.000000
  140    -0.000000,   -0.000001,   -0.000000,   -0.000000,   -0.000001
  141    -0.000000,   -0.000000,    0.000001,    0.000001,   -0.000000
  142     0.000000,   -0.000000,    0.000000,    0.000000,    0.000000
  143     0.000000,    0.000000,    0.000001,    0.000000,   -0.000000
  144    -0.000001,   -0.000000,   -0.000041,   -0.000035,   -0.000000
  145     0.000000,    0.000023,    0.000000,    0.000000,    0.000040
  146    -0.000005,    0.000000,   -0.000036,   -0.000020,    0.000000
  147    -0.000000,   -0.000008,   -0.000000,   -0.000000,   -0.000028
  148    -0.000024,    0.000000,   -0.000044,    0.000000,    0.000000
  149     0.000053,    0.000000,    0.000354,    0.000157,   -0.000000
  150    -0.000000,   -0.000154,   -0.000000,   -0.000000,   -0.000344
  151     0.000076,   -0.000000,    0.000291,    0.000057,   -0.000000
  152     0.000000,    0.000140,    0.000000,    0.000000,    0.000228
  153     0.000224,   -0.000000,    0.000399,   -0.000072,   -0.000000
  154     0.000126,   -0.000000,    0.000489,   -0.000074,   -0.000000
  155    -0.000000,    0.000008,   -0.000000,   -0.000000,   -0.000211
  156     0.000068,    0.000000,    0.000327,   -0.000031,    0.000000
  157     0.000000,    0.000159,    0.000000,   -0.000000,    0.000131
  158     0.000189,   -0.000000,    0.000435,   -0.000036,   -0.000000
  159    -0.000091,    0.000000,   -0.000089,    0.000051,   -0.000000
  160    -0.000000,   -0.000097,   -0.000000,   -0.000000,   -0.000132
  161    -0.000046,    0.000000,   -0.000167,   -0.000020,    0.000000
  162    -0.000000,   -0.000035,   -0.000000,   -0.000000,   -0.000115
  163     0.000008,   -0.000000,    0.000076,    0.000020,   -0.000000
  164     0.000000,    0.000004,    0.000000,   -0.000000,   -0.000060
  165     0.000091,   -0.000000,    0.000255,    0.000024,   -0.000000
  166    -0.000001,    0.000000,   -0.000001,   -0.000004,   -0.000000
  167    -0.000002,    0.000000,   -0.000001,    0.000002,    0.000000
  168     0.000161,    0.000000,    0.000164,    0.000693,    0.000000
  169     0.001703,    0.000000,    0.001748,    0.007034,    0.000000
  170    -0.004569,   -0.000000,   -0.004861,   -0.019341,   -0.000000
  171    -0.001286,   -0.000000,   -0.001015,   -0.005249,   -0.000000
  172     0.000017,   -0.000000,    0.000036,   -0.000064,    0.000000
  173    -0.000006,    0.000000,    0.000006,   -0.000046,    0.000000
  174    -0.000000,    0.000031,    0.000000,   -0.000000,   -0.000079
  175    -0.000390,    0.000000,   -0.000836,    0.001504,   -0.000000
  176     0.000147,   -0.000000,   -0.000150,    0.001073,   -0.000000
  177     0.000000,   -0.000727,   -0.000000,    0.000000,    0.001835
  178     0.002052,   -0.000000,    0.004366,   -0.007827,    0.000000
  179    -0.000715,    0.000000,    0.000765,   -0.005655,    0.000000
  180    -0.000000,    0.003854,    0.000000,   -0.000000,   -0.009557
  181     0.003735,   -0.000000,    0.007915,   -0.014494,    0.000000
  182    -0.001377,   -0.000000,    0.001520,   -0.010034,    0.000000
  183    -0.000000,    0.006952,    0.000000,   -0.000000,   -0.017435
  184     0.001735,   -0.000000,    0.003410,   -0.006775,    0.000000
  185    -0.000027,   -0.000000,    0.000970,   -0.003834,    0.000000
  186     0.000000,    0.003763,    0.000000,   -0.000000,   -0.007397
  187     0.000000,   -0.000000,    0.000000,    0.000001,   -0.000000
  188    -0.000000,   -0.000001,   -0.000000,    0.000000,   -0.000000
  189     0.000000,    0.000000,    0.000000,    0.000001,    0.000000
  190     0.000000,    0.000000,    0.000000,    0.000000,    0.000000
  191     0.000001,    0.000000,    0.000000,    0.000001,    0.000000
  192    -0.000008,    0.000000,   -0.000011,   -0.000042,    0.000000
  193     0.000000,    0.000043,    0.000000,   -0.000000,    0.000021
  194    -0.000019,   -0.000000,   -0.000004,   -0.000032,   -0.000000
  195    -0.000000,   -0.000019,   -0.000000,   -0.000000,   -0.000018
  196    -0.000045,   -0.000000,   -0.000017,   -0.000029,   -0.000000
  197     0.000034,   -0.000000,    0.000096,    0.000114,   -0.000000
  198    -0.000000,   -0.000305,   -0.000000,    0.000000,   -0.000220
  199     0.000121,    0.000000,    0.000041,    0.000071,    0.000000
  200     0.000000,    0.000219,    0.000000,   -0.000000,    0.000166
  201     0.000309,    0.000000,    0.000066,    0.000081,   -0.000000
  202     0.000060,    0.000000,    0.000148,   -0.000427,    0.000000
  203     0.000000,   -0.000044,    0.000000,    0.000000,   -0.000302
  204     0.000063,   -0.000000,    0.000004,   -0.000204,   -0.000000
  205    -0.000000,    0.000166,    0.000000,   -0.000000,    0.000222
  206     0.000153,   -0.000000,   -0.000105,   -0.000017,   -0.000000
  207     0.000110,   -0.000000,   -0.000008,    0.000042,   -0.000000
  208     0.000000,    0.000131,    0.000000,   -0.000000,    0.000140
  209     0.000067,   -0.000000,    0.000021,    0.000006,   -0.000000
  210     0.000000,    0.000081,    0.000000,   -0.000000,    0.000100
  211    -0.000010,    0.000000,   -0.000024,    0.000016,    0.000000
  212    -0.000000,    0.000025,   -0.000000,   -0.000000,    0.000050
  213    -0.000081,    0.000000,   -0.000072,    0.000016,    0.000000
                80,          81,          82,          83,          84
    0     0.002662,    0.000000,    0.000629,   -0.000590,    0.000000
    1     0.005010,    0.000000,    0.001482,   -0.000972,    0.000000
    2    -0.007161,   -0.000000,   -0.003331,    0.000929,   -0.000000
    3    -0.006773,   -0.000000,   -0.005247,    0.000672,    0.000000
    4     0.000367,   -0.000000,    0.004974,    0.001557,   -0.000000
    5     0.008334,   -0.000000,    0.012260,    0.000840,   -0.000000
    6     0.003168,   -0.000000,   -0.010475,   -0.003641,    0.000000
    7    -0.000000,    0.019118,   -0.000000,    0.000000,    0.003388
    8     0.005619,    0.000000,    0.008052,    0.000665,    0.000000
    9     0.001992,   -0.000000,   -0.007525,   -0.002443,    0.000000
   10    -0.000000,    0.013939,   -0.000000,    0.000000,    0.002356
   11     0.001453,    0.000000,    0.001591,   -0.000189,    0.000000
   12     0.000813,    0.000000,   -0.002029,   -0.000428,    0.000000
   13    -0.000000,    0.002430,   -0.000000,    0.000000,    0.000795
   14    -0.000167,   -0.000000,    0.000227,    0.000140,   -0.000000
   15    -0.000000,   -0.000017,   -0.000000,   -0.000000,   -0.000048
   16     0.000225,   -0.000000,    0.000181,    0.000001,    0.000000
   17    -0.000000,    0.001250,   -0.000000,    0.000000,    0.000121
   18     0.000047,   -0.000000,   -0.000093,   -0.000025,    0.000000
   19    -0.000014,   -0.000000,    0.000182,    0.000171,   -0.000000
   20    -0.000000,    0.000452,   -0.000000,   -0.000000,   -0.000051
   21    -0.000048,    0.000000,   -0.000525,    0.000024,    0.000000
   22    -0.000000,    0.002320,   -0.000000,    0.000000,    0.000058
   23    -0.000525,    0.000000,   -0.001160,   -0.000069,    0.000000
   24    -0.000024,    0.000000,    0.000069,   -0.000006,    0.000000
   25     0.000000,   -0.000058,    0.000000,    0.000000,    0.000032
   26    -0.000062,   -0.000000,    0.000068,    0.000020,   -0.000000
   27    -0.000000,    0.000132,   -0.000000,    0.000000,   -0.000009
   28    -0.000113,    0.000000,   -0.000041,    0.000029,    0.000000
   29    -0.000000,    0.000080,   -0.000000,    0.000000,    0.000008
   30    -0.000140,   -0.000000,    0.000053,    0.000053,   -0.000000
   31     0.000651,    0.007891,    0.002259,    0.000348,    0.001194
   32     0.001204,    0.008852,    0.003231,    0.000310,    0.001386
   33     0.000502,    0.005313,    0.000680,   -0.000101,    0.000245
   34     0.000079,   -0.000473,    0.000029,   -0.000014,   -0.000089
   35     0.000068,    0.000004,   -0.000166,   -0.000056,   -0.000008
   36    -0.000075,   -0.000430,   -0.000227,   -0.000034,   -0.000072
   37     0.000162,   -0.000245,    0.000162,    0.000045,   -0.000068
   38     0.000024,   -0.000382,   -0.000671,   -0.000152,   -0.000005
   39    -0.000225,    0.000170,   -0.000599,   -0.000030,   -0.000018
   40    -0.000012,    0.000026,    0.000082,    0.000025,    0.000005
   41    -0.000022,    0.000015,    0.000105,    0.000030,    0.000005
   42     0.000042,   -0.000029,    0.000087,    0.000011,   -0.000006
   43    -0.000030,    0.000068,   -0.000007,    0.000001,    0.000013
   44    -0.000038,    0.000030,   -0.000045,   -0.000000,    0.000012
   45     0.000651,   -0.007891,    0.002259,    0.000348,   -0.001194
   46     0.001204,   -0.008852,    0.003231,    0.000310,   -0.001386
   47     0.000502,   -0.005313,    0.000680,   -0.000101,   -0.000245
   48     0.000079,    0.000473,    0.000029,   -0.000014,    0.000089
   49     0.000068,   -0.000004,   -0.000166,   -0.000056,    0.000008
   50     0.000075,   -0.000430,    0.000227,    0.000034,   -0.000072
   51     0.000162,    0.000245,    0.000162,    0.000045,    0.000068
   52     0.000024,    0.000382,   -0.000671,   -0.000152,    0.000005
   53     0.000225,    0.000170,    0.000599,    0.000030,   -0.000018
   54    -0.000012,   -0.000026,    0.000082,    0.000025,   -0.000005
   55     0.000022,    0.000015,   -0.000105,   -0.000030,    0.000005
   56     0.000042,    0.000029,    0.000087,    0.000011,    0.000006
   57     0.000030,    0.000068,    0.000007,   -0.000001,    0.000013
   58    -0.000038,   -0.000030,   -0.000045,   -0.000000,   -0.000012
   59     0.005988,    0.000000,    0.002276,   -0.000364,    0.000000
   60     0.007655,    0.000000,    0.002143,   -0.000782,   -0.000000
   61     0.001569,   -0.000000,    0.004489,    0.001452,    0.000000
   62     0.002433,   -0.000000,    0.005112,    0.001282,    0.000000
   63     0.000662,    0.000000,   -0.003690,   -0.000860,    0.000000
   64    -0.009210,    0.000000,    0.002182,    0.002152,   -0.000000
   65    -0.003785,   -0.000000,   -0.002276,    0.000436,    0.000000
   66     0.000000,   -0.015021,    0.000000,    0.000000,    0.001393
   67    -0.007033,    0.000000,    0.000575,    0.001459,   -0.000000
   68    -0.002222,   -0.000000,   -0.001462,    0.000220,    0.000000
   69     0.000000,   -0.011760,    0.000000,   -0.000000,    0.000979
   70    -0.001629,    0.000000,   -0.001110,    0.000126,    0.000000
   71    -0.000056,    0.000000,    0.000319,   -0.000296,    0.000000
   72     0.000000,   -0.002057,    0.000000,   -0.000000,    0.000095
   73    -0.000352,   -0.000000,   -0.000031,    0.000149,   -0.000000
   74    -0.000000,   -0.000121,   -0.000000,    0.000000,    0.000095
   75     0.000537,    0.000000,    0.000234,   -0.000063,    0.000000
   76    -0.000000,    0.001327,   -0.000000,   -0.000000,   -0.000021
   77     0.000521,   -0.000000,    0.000741,    0.000001,    0.000000
   78    -0.000313,    0.000000,   -0.000110,    0.000251,    0.000000
   79    -0.000000,    0.000034,   -0.000000,    0.000000,    0.000203
   80     0.001204,   -0.000000,    0.001039,   -0.000068,   -0.000000
   81    -0.000000,    0.003108,   -0.000000,    0.000000,    0.000008
   82     0.001039,   -0.000000,    0.002183,    0.000099,   -0.000000
   83    -0.000068,    0.000000,    0.000099,    0.000091,   -0.000000
   84    -0.000000,    0.000008,   -0.000000,   -0.000000,    0.000055
   85     0.000082,    0.000000,    0.000069,    0.000004,   -0.000000
   86     0.000000,   -0.000278,    0.000000,   -0.000000,   -0.000015
   87    -0.000066,    0.000000,   -0.000135,   -0.000020,   -0.000000
   88     0.000000,   -0.000159,    0.000000,   -0.000000,    0.000005
   89     0.000093,    0.000000,    0.000112,   -0.000010,   -0.000000
   90     0.002784,   -0.006743,    0.000842,   -0.000247,    0.000451
   91     0.002458,   -0.007145,    0.000122,   -0.000358,    0.000518
   92     0.000765,   -0.004802,    0.000513,   -0.000117,    0.000148
   93     0.000035,   -0.000359,    0.000044,    0.000013,    0.000038
   94    -0.000038,   -0.000014,   -0.000014,   -0.000002,    0.000013
   95    -0.000260,    0.000368,   -0.000049,    0.000026,   -0.000028
   96    -0.000360,    0.000153,   -0.000154,    0.000059,    0.000014
   97    -0.000155,   -0.000428,   -0.000275,   -0.000063,    0.000036
   98     0.000106,   -0.000436,    0.000456,    0.000053,    0.000001
   99    -0.000016,   -0.000047,   -0.000027,   -0.000005,    0.000010
  100     0.000027,    0.000013,    0.000042,    0.000009,   -0.000006
  101     0.000054,    0.000001,   -0.000014,   -0.000014,   -0.000003
  102     0.000039,    0.000033,    0.000021,   -0.000006,   -0.000005
  103    -0.000010,   -0.000024,    0.000034,    0.000007,    0.000007
  104     0.002784,    0.006743,    0.000842,   -0.000247,   -0.000451
  105     0.002458,    0.007145,    0.000122,   -0.000358,   -0.000518
  106     0.000765,    0.004802,    0.000513,   -0.000117,   -0.000148
  107     0.000035,    0.000359,    0.000044,    0.000013,   -0.000038
  108    -0.000038,    0.000014,   -0.000014,   -0.000002,   -0.000013
  109     0.000260,    0.000368,    0.000049,   -0.000026,   -0.000028
  110    -0.000360,   -0.000153,   -0.000154,    0.000059,   -0.000014
  111    -0.000155,    0.000428,   -0.000275,   -0.000063,   -0.000036
  112    -0.000106,   -0.000436,   -0.000456,   -0.000053,    0.000001
  113    -0.000016,    0.000047,   -0.000027,   -0.000005,   -0.000010
  114    -0.000027,    0.000013,   -0.000042,   -0.000009,   -0.000006
  115     0.000054,   -0.000001,   -0.000014,   -0.000014,    0.000003
  116    -0.000039,    0.000033,   -0.000021,    0.000006,   -0.000005
  117    -0.000010,    0.000024,    0.000034,    0.000007,   -0.000007
  118    -0.000000,    0.000000,   -0.000001,    0.000000,   -0.000000
  119    -0.000005,   -0.000000,   -0.000013,   -0.000001,   -0.000000
  120    -0.000052,   -0.000000,   -0.000119,   -0.000028,    0.000000
  121    -0.000408,   -0.000000,   -0.000880,   -0.000289,    0.000000
  122     0.001573,    0.000000,    0.003776,    0.001042,   -0.000000
  123    -0.000248,    0.000000,   -0.000338,   -0.000107,    0.000000
  124     0.000050,   -0.000000,    0.000012,   -0.000004,    0.000000
  125     0.000048,    0.000000,    0.000083,    0.000017,    0.000000
  126    -0.000000,   -0.000031,   -0.000000,    0.000000,   -0.000003
  127    -0.001166,    0.000000,   -0.000297,    0.000092,   -0.000000
  128    -0.001107,   -0.000000,   -0.001930,   -0.000397,   -0.000000
  129     0.000000,    0.000738,    0.000000,   -0.000000,    0.000069
  130     0.006117,   -0.000000,    0.001753,   -0.000433,    0.000000
  131     0.005602,    0.000000,    0.009592,    0.001982,    0.000000
  132    -0.000000,   -0.003940,   -0.000000,    0.000000,   -0.000378
  133     0.011022,   -0.000000,    0.002612,   -0.000930,    0.000000
  134     0.010697,    0.000000,    0.018799,    0.003884,    0.000000
  135    -0.000000,   -0.006988,   -0.000000,    0.000000,   -0.000677
  136     0.004736,   -0.000000,    0.002031,   -0.000202,    0.000000
  137     0.003836,    0.000000,    0.005994,    0.001353,    0.000000
  138     0.000000,   -0.004056,    0.000000,    0.000000,   -0.000460
  139     0.000000,    0.000000,    0.000002,    0.000000,    0.000000
  140     0.000000,   -0.000001,    0.000000,    0.000000,   -0.000000
  141     0.000001,   -0.000000,    0.000002,    0.000000,   -0.000000
  142     0.000000,   -0.000000,   -0.000000,   -0.000000,    0.000000
  143     0.000001,   -0.000000,    0.000001,    0.000000,   -0.000000
  144    -0.000017,   -0.000000,   -0.000121,   -0.000024,   -0.000000
  145    -0.000000,    0.000063,   -0.000000,    0.000000,    0.000011
  146    -0.000035,    0.000000,   -0.000106,   -0.000019,    0.000000
  147     0.000000,   -0.000018,    0.000000,   -0.000000,   -0.000007
  148    -0.000070,   -0.000000,   -0.000102,   -0.000013,    0.000000
  149     0.000137,    0.000000,    0.000912,    0.000186,    0.000000
  150     0.000000,   -0.000401,    0.000000,   -0.000000,   -0.000088
  151     0.000257,    0.000000,    0.000772,    0.000135,   -0.000000
  152    -0.000000,    0.000299,   -0.000000,    0.000000,    0.000054
  153     0.000614,    0.000000,    0.000941,    0.000105,    0.000000
  154     0.000135,    0.000000,    0.001006,    0.000233,   -0.000000
  155     0.000000,   -0.000008,    0.000000,    0.000000,   -0.000055
  156     0.000217,    0.000000,    0.000816,    0.000161,    0.000000
  157    -0.000000,    0.000323,   -0.000000,   -0.000000,    0.000028
  158     0.000668,    0.000000,    0.001172,    0.000152,   -0.000000
  159    -0.000260,    0.000000,   -0.000201,    0.000003,    0.000000
  160     0.000000,   -0.000204,    0.000000,    0.000000,   -0.000031
  161    -0.000148,   -0.000000,   -0.000426,   -0.000076,   -0.000000
  162     0.000000,   -0.000101,    0.000000,   -0.000000,   -0.000030
  163     0.000012,    0.000000,    0.000182,    0.000043,    0.000000
  164     0.000000,   -0.000018,    0.000000,   -0.000000,   -0.000017
  165     0.000187,    0.000000,    0.000573,    0.000105,    0.000000
  166    -0.000003,    0.000000,   -0.000005,   -0.000000,    0.000000
  167    -0.000001,    0.000000,    0.000000,    0.000002,    0.000000
  168     0.000477,   -0.000000,    0.000713,    0.000040,   -0.000000
  169     0.004928,   -0.000000,    0.007385,    0.000361,   -0.000000
  170    -0.013567,    0.000000,   -0.020936,   -0.001112,    0.000000
  171    -0.003445,   -0.000000,   -0.004198,   -0.000250,   -0.000000
  172     0.000046,   -0.000000,    0.000080,   -0.000018,    0.000000
  173     0.000011,   -0.000000,    0.000051,   -0.000008,   -0.000000
  174    -0.000000,    0.000127,   -0.000000,   -0.000000,   -0.000015
  175    -0.001080,    0.000000,   -0.001877,    0.000412,   -0.000000
  176    -0.000257,    0.000000,   -0.001177,    0.000188,    0.000000
  177     0.000000,   -0.002978,    0.000000,    0.000000,    0.000341
  178     0.005675,   -0.000000,    0.009862,   -0.002134,    0.000000
  179     0.001313,   -0.000000,    0.005862,   -0.001020,   -0.000000
  180    -0.000000,    0.015567,   -0.000000,   -0.000000,   -0.001788
  181     0.010162,   -0.000000,    0.017524,   -0.003939,    0.000000
  182     0.002773,   -0.000000,    0.011842,   -0.001810,   -0.000000
  183    -0.000000,    0.028346,   -0.000000,   -0.000000,   -0.003250
  184     0.004432,   -0.000000,    0.007357,   -0.001672,    0.000000
  185     0.001785,   -0.000000,    0.004987,   -0.000920,   -0.000000
  186    -0.000000,    0.013048,   -0.000000,   -0.000000,   -0.001456
  187     0.000000,   -0.000000,    0.000000,   -0.000000,   -0.000000
  188    -0.000000,   -0.000001,    0.000000,    0.000000,    0.000000
  189     0.000000,    0.000000,   -0.000001,   -0.000000,    0.000000
  190    -0.000000,   -0.000001,   -0.000000,   -0.000000,    0.000000
  191     0.000001,    0.000000,   -0.000000,    0.000000,    0.000000
  192    -0.000014,    0.000000,   -0.000010,    0.000007,    0.000000
  193    -0.000000,    0.000025,   -0.000000,   -0.000000,   -0.000001
  194    -0.000014,   -0.000000,    0.000026,    0.000006,   -0.000000
  195     0.000000,    0.000003,    0.000000,    0.000000,   -0.000000
  196    -0.000039,   -0.000000,    0.000029,    0.000002,   -0.000000
  197     0.000065,   -0.000000,    0.000061,   -0.000064,    0.000000
  198     0.000000,   -0.000054,    0.000000,    0.000000,    0.000003
  199     0.000087,    0.000000,   -0.000199,   -0.000061,    0.000000
  200    -0.000000,    0.000107,   -0.000000,   -0.000000,    0.000006
  201     0.000184,    0.000000,   -0.000463,   -0.000049,    0.000000
  202    -0.000085,   -0.000000,   -0.000204,   -0.000083,    0.000000
  203    -0.000000,    0.000476,   -0.000000,    0.000000,   -0.000024
  204    -0.000122,   -0.000000,   -0.000450,   -0.000062,    0.000000
  205    -0.000000,    0.000046,   -0.000000,   -0.000000,    0.000025
  206    -0.000209,    0.000000,   -0.000973,   -0.000035,    0.000000
  207     0.000032,    0.000000,   -0.000236,    0.000006,    0.000000
  208    -0.000000,    0.000029,   -0.000000,   -0.000000,    0.000010
  209     0.000014,   -0.000000,   -0.000160,   -0.000026,    0.000000
  210    -0.000000,   -0.000063,   -0.000000,   -0.000000,    0.000003
  211    -0.000006,    0.000000,    0.000003,    0.000015,   -0.000000
  212     0.000000,   -0.000087,   -0.000000,   -0.000000,   -0.000000
  213    -0.000036,    0.000000,    0.000093,    0.000029,   -0.000000
                85,          86,          87,          88,          89
    0     0.000882,   -0.000000,    0.000168,   -0.000000,    0.000894
    1     0.001354,   -0.000000,    0.000286,   -0.000000,    0.001408
    2    -0.000900,    0.000000,   -0.000274,    0.000000,   -0.001059
    3    -0.000799,   -0.000000,    0.000148,   -0.000000,   -0.000763
    4     0.000584,    0.000000,   -0.000038,    0.000000,    0.000746
    5     0.001746,   -0.000000,    0.000576,   -0.000000,    0.003203
    6     0.000406,    0.000000,    0.001814,    0.000000,    0.001011
    7    -0.000000,   -0.002675,    0.000000,   -0.000693,   -0.000000
    8     0.001220,   -0.000000,    0.000349,   -0.000000,    0.002171
    9     0.000259,   -0.000000,    0.001177,    0.000000,    0.000565
   10    -0.000000,   -0.001866,    0.000000,   -0.000493,   -0.000000
   11     0.000168,   -0.000000,   -0.000025,   -0.000000,    0.000369
   12     0.000061,   -0.000000,    0.000153,   -0.000000,   -0.000049
   13    -0.000000,   -0.000393,    0.000000,   -0.000070,   -0.000000
   14    -0.000061,    0.000000,   -0.000125,    0.000000,   -0.000149
   15     0.000000,    0.000021,    0.000000,   -0.000009,    0.000000
   16     0.000056,   -0.000000,    0.000047,   -0.000000,    0.000121
   17    -0.000000,   -0.000118,    0.000000,   -0.000046,   -0.000000
   18     0.000011,   -0.000000,    0.000014,    0.000000,    0.000045
   19    -0.000066,    0.000000,   -0.000131,    0.000000,   -0.000185
   20     0.000000,   -0.000015,    0.000000,   -0.000044,    0.000000
   21     0.000062,   -0.000000,    0.000113,   -0.000000,    0.000140
   22    -0.000000,   -0.000132,    0.000000,   -0.000080,    0.000000
   23    -0.000068,   -0.000000,    0.000041,   -0.000000,   -0.000053
   24     0.000020,   -0.000000,    0.000029,   -0.000000,    0.000053
   25    -0.000000,   -0.000009,   -0.000000,    0.000008,   -0.000000
   26    -0.000007,    0.000000,   -0.000009,   -0.000000,   -0.000011
   27    -0.000000,    0.000004,    0.000000,   -0.000003,    0.000000
   28    -0.000009,   -0.000000,   -0.000007,   -0.000000,   -0.000014
   29    -0.000000,   -0.000003,    0.000000,   -0.000001,    0.000000
   30    -0.000011,    0.000000,   -0.000014,   -0.000000,   -0.000022
   31     0.000245,   -0.001003,    0.000096,   -0.000290,    0.000596
   32     0.000281,   -0.001165,    0.000081,   -0.000332,    0.000680
   33     0.000051,   -0.000511,    0.000051,   -0.000226,    0.000190
   34     0.000009,    0.000069,   -0.000001,    0.000017,    0.000006
   35     0.000005,    0.000003,    0.000026,   -0.000002,    0.000010
   36    -0.000025,    0.000057,   -0.000011,    0.000015,   -0.000060
   37     0.000054,    0.000062,    0.000013,    0.000016,    0.000081
   38    -0.000013,    0.000033,    0.000053,    0.000013,   -0.000017
   39    -0.000026,    0.000009,    0.000006,   -0.000002,   -0.000062
   40     0.000001,   -0.000003,   -0.000009,    0.000000,   -0.000001
   41     0.000001,   -0.000003,   -0.000010,   -0.000000,    0.000000
   42     0.000010,    0.000006,    0.000003,    0.000002,    0.000020
   43    -0.000007,   -0.000011,   -0.000001,   -0.000003,   -0.000008
   44    -0.000006,   -0.000006,   -0.000001,   -0.000001,   -0.000009
   45     0.000245,    0.001003,    0.000096,    0.000290,    0.000596
   46     0.000281,    0.001165,    0.000081,    0.000332,    0.000680
   47     0.000051,    0.000511,    0.000051,    0.000226,    0.000190
   48     0.000009,   -0.000069,   -0.000001,   -0.000017,    0.000006
   49     0.000005,   -0.000003,    0.000026,    0.000002,    0.000010
   50     0.000025,    0.000057,    0.000011,    0.000015,    0.000060
   51     0.000054,   -0.000062,    0.000013,   -0.000016,    0.000081
   52    -0.000013,   -0.000033,    0.000053,   -0.000013,   -0.000017
   53     0.000026,    0.000009,   -0.000006,   -0.000002,    0.000062
   54     0.000001,    0.000003,   -0.000009,   -0.000000,   -0.000001
   55    -0.000001,   -0.000003,    0.000010,   -0.000000,   -0.000000
   56     0.000010,   -0.000006,    0.000003,   -0.000002,    0.000020
   57     0.000007,   -0.000011,    0.000001,   -0.000003,    0.000008
   58    -0.000006,    0.000006,   -0.000001,    0.000001,   -0.000009
   59    -0.000095,   -0.000000,   -0.001287,   -0.000000,    0.000570
   60    -0.000020,   -0.000000,   -0.000947,   -0.000000,    0.001425
   61    -0.000481,    0.000000,   -0.003571,    0.000000,   -0.003157
   62    -0.000194,    0.000000,   -0.002943,    0.000000,   -0.002502
   63    -0.000335,   -0.000000,   -0.000779,   -0.000000,   -0.000965
   64    -0.000680,   -0.000000,    0.000241,   -0.000000,   -0.000474
   65    -0.001544,    0.000000,   -0.001284,    0.000000,   -0.002429
   66    -0.000000,   -0.000040,   -0.000000,    0.000811,   -0.000000
   67    -0.000474,   -0.000000,    0.000196,   -0.000000,   -0.000411
   68    -0.001039,    0.000000,   -0.000853,    0.000000,   -0.001628
   69    -0.000000,    0.000114,   -0.000000,    0.000639,   -0.000000
   70    -0.000190,   -0.000000,    0.000018,   -0.000000,   -0.000279
   71    -0.000286,   -0.000000,   -0.000185,    0.000000,   -0.000312
   72    -0.000000,   -0.000031,   -0.000000,    0.000129,   -0.000000
   73    -0.000069,    0.000000,   -0.000070,   -0.000000,   -0.000125
   74    -0.000000,   -0.000013,   -0.000000,    0.000015,   -0.000000
   75     0.000046,   -0.000000,   -0.000025,    0.000000,    0.000042
   76    -0.000000,   -0.000079,    0.000000,   -0.000068,    0.000000
   77     0.000044,    0.000000,   -0.000055,    0.000000,    0.000058
   78    -0.000058,   -0.000000,   -0.000073,   -0.000000,   -0.000147
   79    -0.000000,   -0.000027,   -0.000000,    0.000022,   -0.000000
   80     0.000082,    0.000000,   -0.000066,    0.000000,    0.000093
   81     0.000000,   -0.000278,    0.000000,   -0.000159,    0.000000
   82     0.000069,    0.000000,   -0.000135,    0.000000,    0.000112
   83     0.000004,   -0.000000,   -0.000020,   -0.000000,   -0.000010
   84    -0.000000,   -0.000015,   -0.000000,    0.000005,   -0.000000
   85     0.000019,    0.000000,    0.000010,   -0.000000,    0.000027
   86     0.000000,    0.000035,   -0.000000,    0.000015,   -0.000000
   87     0.000010,   -0.000000,    0.000063,   -0.000000,    0.000043
   88    -0.000000,    0.000015,   -0.000000,    0.000010,   -0.000000
   89     0.000027,   -0.000000,    0.000043,   -0.000000,    0.000070
   90     0.000110,    0.000123,   -0.000762,    0.000355,   -0.000447
   91     0.000109,    0.000068,   -0.000638,    0.000372,   -0.000426
   92     0.000065,    0.000252,   -0.000076,    0.000219,    0.000039
   93    -0.000002,   -0.000004,   -0.000042,    0.000020,   -0.000039
   94    -0.000024,   -0.000002,   -0.000023,    0.000002,   -0.000038
   95    -0.000012,   -0.000005,    0.000065,   -0.000020,    0.000041
   96    -0.000021,   -0.000053,    0.000002,   -0.000012,   -0.000050
   97    -0.000069,    0.000027,   -0.000039,    0.000022,   -0.000093
   98     0.000008,    0.000053,    0.000019,    0.000025,    0.000065
   99    -0.000010,    0.000002,   -0.000007,    0.000003,   -0.000014
  100     0.000013,    0.000001,    0.000009,   -0.000001,    0.000020
  101     0.000004,    0.000003,   -0.000006,    0.000000,   -0.000004
  102     0.000003,    0.000003,    0.000006,   -0.000002,    0.000014
  103    -0.000001,   -0.000002,   -0.000004,    0.000002,   -0.000004
  104     0.000110,   -0.000123,   -0.000762,   -0.000355,   -0.000447
  105     0.000109,   -0.000068,   -0.000638,   -0.000372,   -0.000426
  106     0.000065,   -0.000252,   -0.000076,   -0.000219,    0.000039
  107    -0.000002,    0.000004,   -0.000042,   -0.000020,   -0.000039
  108    -0.000024,    0.000002,   -0.000023,   -0.000002,   -0.000038
  109     0.000012,   -0.000005,   -0.000065,   -0.000020,   -0.000041
  110    -0.000021,    0.000053,    0.000002,    0.000012,   -0.000050
  111    -0.000069,   -0.000027,   -0.000039,   -0.000022,   -0.000093
  112    -0.000008,    0.000053,   -0.000019,    0.000025,   -0.000065
  113    -0.000010,   -0.000002,   -0.000007,   -0.000003,   -0.000014
  114    -0.000013,    0.000001,   -0.000009,   -0.000001,   -0.000020
  115     0.000004,   -0.000003,   -0.000006,   -0.000000,   -0.000004
  116    -0.000003,    0.000003,   -0.000006,   -0.000002,   -0.000014
  117    -0.000001,    0.000002,   -0.000004,   -0.000002,   -0.000004
  118     0.000000,    0.000000,    0.000000,   -0.000000,    0.000000
  119    -0.000001,    0.000000,    0.000001,    0.000000,   -0.000001
  120    -0.000044,    0.000000,   -0.000004,    0.000000,   -0.000017
  121    -0.000443,    0.000000,   -0.000064,    0.000000,   -0.000151
  122     0.001304,   -0.000000,    0.000097,   -0.000000,    0.000527
  123     0.000205,   -0.000000,    0.000091,   -0.000000,    0.000023
  124     0.000000,    0.000000,   -0.000004,    0.000000,   -0.000007
  125     0.000005,   -0.000000,   -0.000009,   -0.000000,    0.000001
  126    -0.000000,   -0.000001,    0.000000,   -0.000002,   -0.000000
  127    -0.000011,   -0.000000,    0.000085,   -0.000000,    0.000153
  128    -0.000105,    0.000000,    0.000208,    0.000000,   -0.000014
  129     0.000000,    0.000019,   -0.000000,    0.000045,    0.000000
  130     0.000068,    0.000000,   -0.000463,    0.000000,   -0.000792
  131     0.000512,   -0.000000,   -0.001061,   -0.000000,    0.000033
  132    -0.000000,   -0.000086,    0.000000,   -0.000231,   -0.000000
  133     0.000080,    0.000000,   -0.000801,    0.000000,   -0.001478
  134     0.001036,   -0.000000,   -0.002019,   -0.000000,    0.000151
  135    -0.000000,   -0.000187,    0.000000,   -0.000432,   -0.000000
  136     0.000008,    0.000000,   -0.000468,    0.000000,   -0.000671
  137     0.000340,   -0.000000,   -0.000729,   -0.000000,   -0.000114
  138     0.000000,    0.000058,    0.000000,   -0.000147,   -0.000000
  139    -0.000000,   -0.000000,   -0.000000,   -0.000000,    0.000000
  140     0.000000,    0.000000,   -0.000000,    0.000000,    0.000000
  141     0.000000,    0.000000,   -0.000000,    0.000000,    0.000000
  142     0.000000,   -0.000000,   -0.000000,    0.000000,   -0.000000
  143     0.000000,    0.000000,   -0.000000,   -0.000000,    0.000000
  144    -0.000001,    0.000000,    0.000013,    0.000000,   -0.000003
  145    -0.000000,   -0.000010,    0.000000,   -0.000003,   -0.000000
  146    -0.000005,   -0.000000,    0.000008,   -0.000000,   -0.000007
  147     0.000000,    0.000004,   -0.000000,    0.000001,    0.000000
  148    -0.000009,   -0.000000,    0.000005,    0.000000,   -0.000012
  149     0.000022,   -0.000000,   -0.000097,   -0.000000,    0.000027
  150     0.000000,    0.000073,   -0.000000,    0.000022,    0.000000
  151     0.000044,    0.000000,   -0.000051,   -0.000000,    0.000061
  152    -0.000000,   -0.000046,    0.000000,   -0.000015,   -0.000000
  153     0.000085,   -0.000000,   -0.000035,   -0.000000,    0.000114
  154     0.000058,   -0.000000,   -0.000098,   -0.000000,    0.000054
  155     0.000000,    0.000040,    0.000000,    0.000011,    0.000000
  156     0.000054,   -0.000000,   -0.000055,   -0.000000,    0.000059
  157    -0.000000,   -0.000044,    0.000000,   -0.000021,   -0.000000
  158     0.000095,   -0.000000,   -0.000058,   -0.000000,    0.000096
  159    -0.000030,   -0.000000,   -0.000004,   -0.000000,   -0.000036
  160     0.000000,    0.000032,   -0.000000,    0.000012,    0.000000
  161    -0.000026,    0.000000,    0.000028,    0.000000,   -0.000032
  162     0.000000,    0.000024,    0.000000,    0.000007,    0.000000
  163     0.000006,   -0.000000,   -0.000019,   -0.000000,    0.000007
  164     0.000000,    0.000012,    0.000000,    0.000002,    0.000000
  165     0.000031,   -0.000000,   -0.000051,   -0.000000,    0.000033
  166    -0.000000,   -0.000000,   -0.000001,   -0.000000,   -0.000001
  167     0.000000,   -0.000000,   -0.000002,   -0.000000,   -0.000001
  168     0.000008,   -0.000000,    0.000061,   -0.000000,    0.000073
  169     0.000075,    0.000000,    0.000701,   -0.000000,    0.000808
  170    -0.000266,   -0.000000,   -0.001850,    0.000000,   -0.002238
  171    -0.000028,    0.000000,   -0.000508,    0.000000,   -0.000479
  172    -0.000003,    0.000000,   -0.000007,    0.000000,    0.000000
  173     0.000002,    0.000000,   -0.000000,    0.000000,    0.000005
  174    -0.000000,   -0.000012,    0.000000,   -0.000009,    0.000000
  175     0.000059,   -0.000000,    0.000155,   -0.000000,   -0.000010
  176    -0.000042,   -0.000000,    0.000000,   -0.000000,   -0.000117
  177    -0.000000,    0.000289,   -0.000000,    0.000208,   -0.000000
  178    -0.000291,    0.000000,   -0.000811,    0.000000,    0.000063
  179     0.000204,    0.000000,    0.000008,    0.000000,    0.000591
  180     0.000000,   -0.001499,    0.000000,   -0.001084,    0.000000
  181    -0.000565,    0.000000,   -0.001510,    0.000000,    0.000046
  182     0.000417,    0.000000,    0.000059,    0.000000,    0.001209
  183     0.000000,   -0.002746,    0.000000,   -0.001978,    0.000000
  184    -0.000144,    0.000000,   -0.000690,    0.000000,    0.000049
  185     0.000121,    0.000000,    0.000138,    0.000000,    0.000565
  186     0.000000,   -0.001190,    0.000000,   -0.000896,    0.000000
  187    -0.000000,    0.000000,   -0.000000,    0.000000,   -0.000000
  188    -0.000000,   -0.000000,   -0.000000,    0.000000,   -0.000000
  189    -0.000000,   -0.000000,   -0.000000,   -0.000000,   -0.000000
  190    -0.000000,    0.000000,    0.000000,    0.000000,   -0.000000
  191     0.000000,   -0.000000,    0.000000,   -0.000000,    0.000000
  192     0.000009,   -0.000000,   -0.000003,   -0.000000,    0.000002
  193     0.000000,    0.000003,    0.000000,   -0.000001,    0.000000
  194     0.000004,    0.000000,   -0.000005,    0.000000,    0.000002
  195     0.000000,   -0.000003,   -0.000000,   -0.000000,   -0.000000
  196    -0.000003,    0.000000,   -0.000007,    0.000000,   -0.000004
  197    -0.000063,    0.000000,    0.000027,    0.000000,   -0.000008
  198    -0.000000,   -0.000035,   -0.000000,   -0.000001,   -0.000000
  199    -0.000031,   -0.000000,    0.000035,    0.000000,   -0.000003
  200     0.000000,    0.000013,    0.000000,   -0.000003,    0.000000
  201     0.000009,   -0.000000,    0.000059,    0.000000,    0.000028
  202    -0.000058,   -0.000000,   -0.000056,    0.000000,   -0.000066
  203     0.000000,   -0.000073,   -0.000000,   -0.000031,    0.000000
  204    -0.000038,    0.000000,   -0.000019,    0.000000,   -0.000057
  205    -0.000000,    0.000015,    0.000000,    0.000005,   -0.000000
  206    -0.000017,   -0.000000,    0.000025,    0.000000,   -0.000044
  207     0.000019,   -0.000000,    0.000020,   -0.000000,    0.000014
  208    -0.000000,    0.000013,    0.000000,    0.000002,    0.000000
  209    -0.000015,    0.000000,    0.000006,    0.000000,   -0.000013
  210     0.000000,    0.000020,    0.000000,    0.000005,    0.000000
  211     0.000013,   -0.000000,    0.000004,   -0.000000,    0.000009
  212     0.000000,    0.000017,    0.000000,    0.000005,    0.000000
  213     0.000022,   -0.000000,   -0.000002,   -0.000000,    0.000009
                90,          91,          92,          93,          94
    0     0.003266,   -0.000477,    0.000732,    0.000035,   -0.000307
    1     0.007097,    0.001396,    0.001475,    0.000068,   -0.000599
    2    -0.013539,   -0.009780,   -0.002419,   -0.000142,    0.000914
    3    -0.017211,   -0.013632,   -0.003751,   -0.000547,    0.000760
    4    -0.003061,   -0.005716,   -0.000837,    0.000033,   -0.000376
    5     0.016567,    0.019150,    0.011136,   -0.000597,   -0.001904
    6     0.012750,    0.020769,    0.006501,   -0.000604,   -0.001408
    7    -0.011672,   -0.009563,   -0.016880,    0.000225,    0.000677
    8     0.013175,    0.014991,    0.007960,   -0.000350,   -0.001281
    9     0.010033,    0.015339,    0.004226,   -0.000314,   -0.000895
   10    -0.011149,   -0.010140,   -0.013881,   -0.000037,    0.000469
   11     0.006194,    0.007269,    0.002555,   -0.000080,   -0.000083
   12     0.002741,    0.003026,   -0.000300,   -0.000031,   -0.000101
   13    -0.004642,   -0.005047,   -0.001393,   -0.000188,    0.000166
   14    -0.000045,   -0.000383,   -0.000365,    0.000071,    0.000119
   15    -0.001740,   -0.002040,   -0.000155,   -0.000135,   -0.000012
   16     0.000581,    0.000827,    0.000423,   -0.000047,   -0.000059
   17    -0.002994,   -0.003271,   -0.002042,   -0.000157,    0.000022
   18     0.001528,    0.001931,    0.000537,   -0.000018,    0.000036
   19     0.000229,   -0.000023,   -0.000296,    0.000099,    0.000108
   20    -0.004541,   -0.005207,   -0.000811,   -0.000325,   -0.000017
   21     0.000651,    0.001204,    0.000502,   -0.000079,   -0.000068
   22    -0.007891,   -0.008852,   -0.005313,   -0.000473,    0.000004
   23     0.002259,    0.003231,    0.000680,   -0.000029,    0.000166
   24    -0.000348,   -0.000310,    0.000101,   -0.000014,   -0.000056
   25     0.001194,    0.001386,    0.000245,    0.000089,    0.000008
   26    -0.000245,   -0.000281,   -0.000051,    0.000009,    0.000005
   27    -0.001003,   -0.001165,   -0.000511,   -0.000069,   -0.000003
   28    -0.000096,   -0.000081,   -0.000051,   -0.000001,    0.000026
   29    -0.000290,   -0.000332,   -0.000226,   -0.000017,    0.000002
   30    -0.000596,   -0.000680,   -0.000190,    0.000006,    0.000010
   31    -0.005938,   -0.004042,   -0.005972,   -0.000386,   -0.000015
   32    -0.004042,   -0.001471,   -0.005196,   -0.000250,   -0.000091
   33    -0.005972,   -0.005196,   -0.006418,   -0.000394,   -0.000067
   34     0.000386,    0.000250,    0.000394,   -0.000006,   -0.000023
   35     0.000015,    0.000091,    0.000067,   -0.000023,   -0.000023
   36     0.000179,   -0.000013,    0.000185,    0.000024,    0.000016
   37    -0.000151,   -0.000457,   -0.000255,   -0.000083,   -0.000035
   38     0.000553,    0.000796,    0.000727,   -0.000032,   -0.000014
   39    -0.001248,   -0.001516,   -0.001101,   -0.000077,    0.000053
   40     0.000050,    0.000028,   -0.000057,    0.000014,    0.000004
   41    -0.000038,   -0.000074,   -0.000029,    0.000012,    0.000005
   42     0.000049,    0.000056,    0.000065,   -0.000010,   -0.000012
   43    -0.000072,   -0.000029,   -0.000038,    0.000006,    0.000005
   44     0.000048,    0.000085,   -0.000013,    0.000008,    0.000009
   45     0.011132,    0.012648,    0.011250,    0.000005,   -0.000483
   46     0.012648,    0.014286,    0.012602,    0.000003,   -0.000634
   47     0.011250,    0.012602,    0.009984,    0.000360,   -0.000131
   48    -0.000005,   -0.000003,   -0.000360,    0.000019,    0.000013
   49     0.000483,    0.000634,    0.000131,    0.000013,   -0.000019
   50     0.000612,    0.000761,    0.000700,   -0.000014,   -0.000045
   51     0.001007,    0.001074,    0.000427,    0.000032,   -0.000008
   52     0.000131,    0.000472,   -0.000665,   -0.000026,   -0.000014
   53    -0.000800,   -0.000863,   -0.000399,   -0.000060,   -0.000061
   54    -0.000130,   -0.000191,    0.000033,   -0.000003,    0.000002
   55     0.000209,    0.000281,    0.000027,    0.000003,   -0.000003
   56     0.000158,    0.000201,    0.000084,    0.000002,   -0.000010
   57     0.000088,    0.000081,   -0.000021,    0.000003,    0.000000
   58    -0.000084,   -0.000081,   -0.000017,   -0.000006,    0.000004
   59    -0.018501,   -0.035538,   -0.009085,   -0.001963,    0.000013
   60    -0.039504,   -0.062260,   -0.015314,   -0.003541,   -0.000017
   61     0.072002,    0.073132,    0.015978,    0.004517,    0.000150
   62     0.061337,    0.061993,    0.013651,    0.003962,   -0.000162
   63     0.016917,    0.016760,   -0.001050,    0.000084,    0.001119
   64    -0.076691,   -0.086840,   -0.020527,   -0.001083,   -0.000335
   65    -0.001440,   -0.003972,   -0.007958,   -0.000195,    0.003867
   66     0.120631,    0.139006,    0.044987,    0.008405,    0.000413
   67    -0.050325,   -0.056222,   -0.013301,   -0.000572,   -0.000321
   68     0.001761,    0.000541,   -0.004247,   -0.000050,    0.002624
   69     0.085285,    0.097934,    0.032830,    0.005889,    0.000296
   70    -0.012610,   -0.014290,   -0.004367,   -0.000219,    0.000037
   71     0.002445,    0.002785,    0.000504,    0.000005,    0.000639
   72     0.023870,    0.027729,    0.006253,    0.001700,    0.000040
   73    -0.000847,   -0.001070,   -0.000493,    0.000021,    0.000132
   74     0.000891,    0.000992,    0.000465,    0.000067,    0.000022
   75     0.003077,    0.003327,    0.000885,    0.000058,   -0.000017
   76    -0.005686,   -0.006387,   -0.002685,   -0.000365,   -0.000012
   77     0.002109,    0.002116,    0.000681,    0.000042,   -0.000001
   78    -0.000291,   -0.000390,   -0.000254,    0.000079,    0.000081
   79    -0.000494,   -0.000661,    0.000069,   -0.000022,    0.000046
   80     0.002784,    0.002458,    0.000765,    0.000035,   -0.000038
   81    -0.006743,   -0.007145,   -0.004802,   -0.000359,   -0.000014
   82     0.000842,    0.000122,    0.000513,    0.000044,   -0.000014
   83    -0.000247,   -0.000358,   -0.000117,    0.000013,   -0.000002
   84     0.000451,    0.000518,    0.000148,    0.000038,    0.000013
   85     0.000110,    0.000109,    0.000065,   -0.000002,   -0.000024
   86     0.000123,    0.000068,    0.000252,   -0.000004,   -0.000002
   87    -0.000762,   -0.000638,   -0.000076,   -0.000042,   -0.000023
   88     0.000355,    0.000372,    0.000219,    0.000020,    0.000002
   89    -0.000447,   -0.000426,    0.000039,   -0.000039,   -0.000038
   90     0.079525,    0.089103,    0.026720,    0.004288,    0.000246
   91     0.089103,    0.101438,    0.030301,    0.004854,    0.000227
   92     0.026720,    0.030301,    0.013848,    0.001416,   -0.000038
   93     0.004288,    0.004854,    0.001416,    0.000285,    0.000010
   94     0.000246,    0.000227,   -0.000038,    0.000010,    0.000068
   95    -0.005952,   -0.006678,   -0.001878,   -0.000297,   -0.000015
   96     0.002008,    0.002732,    0.000618,    0.000247,   -0.000046
   97     0.001256,    0.001389,    0.000654,    0.000024,    0.000176
   98    -0.003492,   -0.004452,   -0.000598,   -0.000153,   -0.000001
   99     0.000170,    0.000178,    0.000054,    0.000006,    0.000028
  100    -0.000180,   -0.000202,   -0.000009,   -0.000007,   -0.000032
  101     0.000474,    0.000536,    0.000111,    0.000001,    0.000004
  102    -0.000696,   -0.000844,   -0.000234,   -0.000054,    0.000002
  103     0.000312,    0.000362,    0.000096,    0.000031,    0.000001
  104    -0.011120,   -0.014775,   -0.009346,   -0.001916,   -0.000042
  105    -0.014775,   -0.017961,   -0.010028,   -0.002309,   -0.000097
  106    -0.009346,   -0.010028,   -0.007505,   -0.000841,   -0.000150
  107    -0.001916,   -0.002309,   -0.000841,   -0.000150,   -0.000012
  108    -0.000042,   -0.000097,   -0.000150,   -0.000012,    0.000062
  109     0.000733,    0.000690,   -0.000137,   -0.000063,   -0.000003
  110    -0.002347,   -0.002557,   -0.000291,   -0.000094,   -0.000051
  111    -0.000606,   -0.000579,   -0.001067,   -0.000079,    0.000155
  112     0.003399,    0.004080,    0.001415,    0.000106,    0.000006
  113    -0.000129,   -0.000144,   -0.000142,   -0.000014,    0.000023
  114    -0.000076,   -0.000092,   -0.000099,   -0.000012,    0.000030
  115     0.000895,    0.001037,    0.000239,    0.000033,    0.000006
  116    -0.000193,   -0.000195,   -0.000069,   -0.000010,   -0.000004
  117    -0.000336,   -0.000390,   -0.000097,   -0.000017,   -0.000002
  118    -0.000001,   -0.000004,   -0.000004,    0.000000,    0.000000
  119    -0.000010,   -0.000007,   -0.000006,   -0.000000,    0.000000
  120     0.000025,    0.000499,    0.000484,   -0.000006,   -0.000015
  121     0.000691,    0.005548,    0.005207,   -0.000060,   -0.000161
  122    -0.002120,   -0.016203,   -0.014390,    0.000179,    0.000399
  123     0.000243,   -0.002257,   -0.003096,    0.000039,    0.000180
  124    -0.000005,   -0.000043,   -0.000040,    0.000003,   -0.000001
  125     0.000046,   -0.000010,   -0.000020,    0.000003,    0.000002
  126    -0.000006,   -0.000005,    0.000158,   -0.000003,   -0.000001
  127     0.000108,    0.000996,    0.000930,   -0.000063,    0.000024
  128    -0.001063,    0.000233,    0.000475,   -0.000070,   -0.000056
  129     0.000140,    0.000121,   -0.003683,    0.000062,    0.000020
  130    -0.000504,   -0.005275,   -0.004895,    0.000339,   -0.000113
  131     0.005617,   -0.000855,   -0.002396,    0.000364,    0.000303
  132    -0.000766,   -0.000694,    0.019234,   -0.000330,   -0.000109
  133    -0.000942,   -0.009178,   -0.008699,    0.000603,   -0.000218
  134     0.009736,   -0.003165,   -0.005056,    0.000656,    0.000560
  135    -0.001264,   -0.001048,    0.034988,   -0.000583,   -0.000198
  136    -0.000449,   -0.004335,   -0.003614,    0.000313,   -0.000019
  137     0.003242,   -0.001853,   -0.002891,    0.000265,    0.000305
  138     0.000559,    0.000619,    0.016109,   -0.000227,   -0.000118
  139     0.000000,   -0.000000,    0.000001,    0.000000,    0.000000
  140     0.000001,    0.000001,    0.000001,    0.000000,   -0.000000
  141    -0.000001,   -0.000002,   -0.000000,    0.000000,   -0.000000
  142     0.000001,    0.000001,    0.000001,    0.000000,    0.000000
  143     0.000000,   -0.000001,   -0.000000,   -0.000000,   -0.000000
  144    -0.000038,   -0.000000,   -0.000032,   -0.000005,   -0.000003
  145    -0.000047,   -0.000039,   -0.000028,   -0.000000,    0.000002
  146     0.000005,    0.000045,   -0.000013,   -0.000001,    0.000003
  147     0.000008,    0.000005,   -0.000017,   -0.000001,   -0.000001
  148    -0.000059,   -0.000027,   -0.000025,    0.000002,    0.000007
  149     0.000503,    0.000144,    0.000166,    0.000036,    0.000040
  150     0.000212,    0.000141,   -0.000019,   -0.000007,   -0.000017
  151     0.000178,   -0.000121,    0.000115,    0.000012,   -0.000019
  152    -0.000483,   -0.000494,   -0.000133,   -0.000020,    0.000010
  153     0.000675,    0.000386,    0.000271,    0.000002,   -0.000074
  154     0.000728,    0.000103,   -0.000152,    0.000022,    0.000075
  155    -0.000538,   -0.000671,   -0.000795,   -0.000042,   -0.000011
  156     0.000032,   -0.000482,   -0.000177,    0.000007,    0.000010
  157    -0.000704,   -0.000734,   -0.000176,   -0.000037,    0.000004
  158     0.000398,   -0.000242,   -0.000065,    0.000019,   -0.000049
  159    -0.000254,   -0.000206,   -0.000081,    0.000003,    0.000037
  160     0.000351,    0.000357,    0.000060,    0.000016,   -0.000005
  161    -0.000107,    0.000088,   -0.000009,   -0.000005,    0.000005
  162    -0.000046,   -0.000088,   -0.000131,   -0.000009,   -0.000006
  163     0.000069,   -0.000019,    0.000001,    0.000005,    0.000010
  164    -0.000192,   -0.000238,   -0.000169,   -0.000016,   -0.000004
  165     0.000528,    0.000285,    0.000083,    0.000017,    0.000015
  166    -0.000001,   -0.000003,   -0.000006,    0.000000,   -0.000000
  167     0.000020,    0.000015,    0.000001,    0.000003,   -0.000002
  168     0.000429,    0.000672,    0.000906,    0.000036,   -0.000009
  169     0.003740,    0.006389,    0.009340,    0.000294,   -0.000034
  170    -0.010846,   -0.017963,   -0.026233,   -0.000985,    0.000354
  171    -0.002947,   -0.004798,   -0.005794,   -0.000124,   -0.000135
  172     0.000088,    0.000073,    0.000024,   -0.000002,    0.000012
  173    -0.000053,   -0.000060,    0.000027,    0.000004,   -0.000012
  174    -0.000089,   -0.000062,   -0.000153,   -0.000002,   -0.000004
  175    -0.002075,   -0.001733,   -0.000561,    0.000041,   -0.000280
  176     0.001240,    0.001414,   -0.000623,   -0.000083,    0.000279
  177     0.002101,    0.001474,    0.003592,    0.000042,    0.000093
  178     0.011101,    0.009353,    0.003130,   -0.000178,    0.001407
  179    -0.006320,   -0.007185,    0.003054,    0.000385,   -0.001370
  180    -0.011567,   -0.008404,   -0.018937,   -0.000265,   -0.000486
  181     0.020420,    0.017198,    0.005190,   -0.000378,    0.002695
  182    -0.012664,   -0.014292,    0.006402,    0.000774,   -0.002722
  183    -0.020317,   -0.014406,   -0.034176,   -0.000428,   -0.000884
  184     0.010757,    0.009402,    0.002679,   -0.000021,    0.000883
  185    -0.003294,   -0.003319,    0.003462,    0.000181,   -0.000798
  186    -0.015015,   -0.013412,   -0.017095,   -0.000617,   -0.000399
  187     0.000003,    0.000003,    0.000001,   -0.000000,    0.000001
  188     0.000008,    0.000009,    0.000003,    0.000001,    0.000000
  189     0.000003,    0.000004,    0.000001,    0.000000,    0.000000
  190    -0.000002,   -0.000003,    0.000000,   -0.000000,    0.000000
  191     0.000006,    0.000007,    0.000002,    0.000000,    0.000000
  192     0.000040,    0.000026,    0.000009,    0.000013,   -0.000030
  193    -0.000400,   -0.000470,   -0.000127,   -0.000029,   -0.000001
  194    -0.000070,   -0.000098,   -0.000011,    0.000007,   -0.000019
  195     0.000202,    0.000241,    0.000037,    0.000015,    0.000000
  196    -0.000254,   -0.000304,   -0.000070,    0.000002,   -0.000009
  197    -0.000825,   -0.000840,   -0.000375,   -0.000137,    0.000247
  198     0.003038,    0.003610,    0.000779,    0.000225,    0.000002
  199     0.000187,    0.000332,   -0.000075,   -0.000080,    0.000148
  200    -0.001994,   -0.002351,   -0.000562,   -0.000144,    0.000000
  201     0.001669,    0.002095,    0.000380,   -0.000042,    0.000077
  202     0.000114,   -0.000078,   -0.000785,   -0.000129,    0.000285
  203     0.001422,    0.001847,   -0.000171,    0.000127,   -0.000007
  204     0.000445,    0.000472,   -0.000421,   -0.000069,    0.000168
  205    -0.001530,   -0.001829,   -0.000460,   -0.000110,    0.000005
  206     0.001246,    0.001597,   -0.000145,   -0.000053,    0.000107
  207     0.000836,    0.001027,    0.000238,    0.000015,   -0.000031
  208    -0.001246,   -0.001484,   -0.000332,   -0.000091,    0.000002
  209     0.000308,    0.000380,   -0.000064,   -0.000033,    0.000078
  210    -0.000963,   -0.001170,   -0.000166,   -0.000075,    0.000001
  211     0.000049,    0.000068,    0.000099,    0.000024,   -0.000054
  212    -0.000454,   -0.000567,   -0.000021,   -0.000038,    0.000000
  213    -0.000223,   -0.000262,    0.000143,    0.000059,   -0.000122
                95,          96,          97,          98,          99
    0    -0.000333,   -0.001751,   -0.001310,    0.000876,   -0.000256
    1    -0.000729,   -0.002832,   -0.002372,    0.001298,   -0.000452
    2     0.001399,    0.002429,    0.003139,   -0.000722,    0.000554
    3     0.001715,    0.001636,    0.002970,   -0.000400,    0.000514
    4     0.000345,    0.000124,   -0.003035,    0.001819,   -0.000369
    5    -0.001540,   -0.003159,   -0.004625,    0.000402,   -0.000691
    6    -0.001598,   -0.001650,   -0.000735,   -0.003693,   -0.000228
    7     0.000426,    0.002050,   -0.000056,   -0.002681,    0.000303
    8    -0.001232,   -0.002213,   -0.003079,    0.000033,   -0.000470
    9    -0.001226,   -0.001061,   -0.000497,   -0.002645,   -0.000150
   10     0.000461,    0.001260,   -0.000204,   -0.001874,    0.000200
   11    -0.000567,   -0.000921,    0.000356,   -0.000523,    0.000025
   12    -0.000321,   -0.000530,    0.000030,   -0.000396,    0.000010
   13     0.000236,   -0.000134,    0.000458,   -0.000120,    0.000115
   14     0.000017,    0.000118,    0.000215,    0.000068,    0.000040
   15     0.000106,   -0.000116,    0.000020,    0.000045,   -0.000005
   16    -0.000057,   -0.000158,   -0.000073,   -0.000054,   -0.000014
   17     0.000159,   -0.000036,   -0.000096,   -0.000119,    0.000003
   18    -0.000147,   -0.000172,    0.000190,   -0.000225,    0.000021
   19    -0.000021,    0.000181,    0.000210,    0.000025,    0.000046
   20     0.000271,   -0.000218,    0.000034,    0.000033,   -0.000009
   21    -0.000075,   -0.000162,   -0.000024,   -0.000225,   -0.000012
   22     0.000430,   -0.000245,   -0.000382,   -0.000170,   -0.000026
   23    -0.000227,   -0.000162,    0.000671,   -0.000599,    0.000082
   24     0.000034,    0.000045,   -0.000152,    0.000030,   -0.000025
   25    -0.000072,    0.000068,    0.000005,   -0.000018,    0.000005
   26     0.000025,    0.000054,   -0.000013,    0.000026,   -0.000001
   27     0.000057,   -0.000062,   -0.000033,    0.000009,   -0.000003
   28     0.000011,    0.000013,    0.000053,   -0.000006,    0.000009
   29     0.000015,   -0.000016,   -0.000013,   -0.000002,    0.000000
   30     0.000060,    0.000081,   -0.000017,    0.000062,    0.000001
   31     0.000179,    0.000151,   -0.000553,   -0.001248,    0.000050
   32    -0.000013,    0.000457,   -0.000796,   -0.001516,    0.000028
   33     0.000185,    0.000255,   -0.000727,   -0.001101,   -0.000057
   34    -0.000024,   -0.000083,   -0.000032,    0.000077,   -0.000014
   35    -0.000016,   -0.000035,   -0.000014,   -0.000053,   -0.000004
   36     0.000001,    0.000002,    0.000052,    0.000075,   -0.000001
   37    -0.000002,   -0.000271,   -0.000146,    0.000106,   -0.000025
   38    -0.000052,   -0.000146,    0.000237,   -0.000109,    0.000024
   39     0.000075,   -0.000106,    0.000109,   -0.000048,    0.000015
   40    -0.000001,    0.000025,   -0.000024,    0.000015,   -0.000002
   41     0.000009,    0.000029,   -0.000022,    0.000028,   -0.000002
   42    -0.000006,   -0.000026,   -0.000032,    0.000010,   -0.000005
   43     0.000006,    0.000037,    0.000010,   -0.000015,    0.000003
   44    -0.000003,    0.000018,    0.000026,   -0.000018,    0.000005
   45    -0.000612,   -0.001007,   -0.000131,    0.000800,   -0.000130
   46    -0.000761,   -0.001074,   -0.000472,    0.000863,   -0.000191
   47    -0.000700,   -0.000427,    0.000665,    0.000399,    0.000033
   48    -0.000014,    0.000032,   -0.000026,   -0.000060,    0.000003
   49    -0.000045,   -0.000008,   -0.000014,   -0.000061,   -0.000002
   50    -0.000035,   -0.000072,   -0.000039,    0.000037,   -0.000012
   51    -0.000072,   -0.000063,   -0.000037,   -0.000019,   -0.000007
   52    -0.000039,   -0.000037,    0.000061,   -0.000247,    0.000010
   53     0.000037,   -0.000019,   -0.000247,    0.000053,   -0.000027
   54     0.000012,    0.000007,   -0.000010,    0.000027,   -0.000002
   55    -0.000020,   -0.000013,    0.000020,   -0.000038,    0.000003
   56    -0.000013,   -0.000005,   -0.000028,   -0.000004,   -0.000003
   57    -0.000009,   -0.000012,   -0.000006,   -0.000008,   -0.000001
   58     0.000006,    0.000003,    0.000017,   -0.000007,    0.000002
   59     0.002761,   -0.005920,    0.000112,    0.008524,    0.000084
   60     0.005080,   -0.008992,    0.000497,    0.012657,    0.000155
   61    -0.006858,    0.005564,   -0.001791,   -0.006563,   -0.000218
   62    -0.005908,    0.004848,   -0.002490,   -0.005414,   -0.000321
   63    -0.001503,   -0.002981,    0.004703,   -0.002009,    0.000627
   64     0.007615,    0.004965,   -0.002904,    0.008293,   -0.000292
   65     0.000353,   -0.002332,    0.009957,    0.000176,    0.001534
   66    -0.006978,    0.006402,    0.002126,   -0.000705,    0.000379
   67     0.004961,    0.003891,   -0.002119,    0.004944,   -0.000237
   68    -0.000046,   -0.001516,    0.006680,   -0.000169,    0.001028
   69    -0.004925,    0.004239,    0.001668,   -0.000242,    0.000288
   70     0.001246,    0.000502,    0.000230,    0.001104,    0.000046
   71    -0.000203,   -0.000371,    0.001736,   -0.000244,    0.000250
   72    -0.001396,    0.001480,   -0.000061,   -0.000369,    0.000019
   73     0.000090,    0.000119,    0.000232,    0.000097,    0.000044
   74    -0.000054,    0.000004,    0.000089,    0.000026,    0.000019
   75    -0.000303,   -0.000176,   -0.000026,   -0.000238,   -0.000006
   76     0.000323,   -0.000171,   -0.000163,   -0.000090,   -0.000021
   77    -0.000196,   -0.000160,   -0.000041,   -0.000048,   -0.000006
   78     0.000022,    0.000306,    0.000039,    0.000018,    0.000023
   79     0.000021,   -0.000140,    0.000163,    0.000083,    0.000038
   80    -0.000260,   -0.000360,   -0.000155,    0.000106,   -0.000016
   81     0.000368,    0.000153,   -0.000428,   -0.000436,   -0.000047
   82    -0.000049,   -0.000154,   -0.000275,    0.000456,   -0.000027
   83     0.000026,    0.000059,   -0.000063,    0.000053,   -0.000005
   84    -0.000028,    0.000014,    0.000036,    0.000001,    0.000010
   85    -0.000012,   -0.000021,   -0.000069,    0.000008,   -0.000010
   86    -0.000005,   -0.000053,    0.000027,    0.000053,    0.000002
   87     0.000065,    0.000002,   -0.000039,    0.000019,   -0.000007
   88    -0.000020,   -0.000012,    0.000022,    0.000025,    0.000003
   89     0.000041,   -0.000050,   -0.000093,    0.000065,   -0.000014
   90    -0.005952,    0.002008,    0.001256,   -0.003492,    0.000170
   91    -0.006678,    0.002732,    0.001389,   -0.004452,    0.000178
   92    -0.001878,    0.000618,    0.000654,   -0.000598,    0.000054
   93    -0.000297,    0.000247,    0.000024,   -0.000153,    0.000006
   94    -0.000015,   -0.000046,    0.000176,   -0.000001,    0.000028
   95     0.000481,   -0.000126,   -0.000073,    0.000362,   -0.000009
   96    -0.000126,    0.000604,   -0.000215,   -0.000244,   -0.000030
   97    -0.000073,   -0.000215,    0.000654,   -0.000035,    0.000090
   98     0.000362,   -0.000244,   -0.000035,    0.000705,    0.000002
   99    -0.000009,   -0.000030,    0.000090,    0.000002,    0.000014
  100     0.000011,    0.000022,   -0.000100,    0.000014,   -0.000015
  101    -0.000056,   -0.000040,    0.000028,   -0.000079,    0.000003
  102     0.000053,   -0.000083,    0.000008,    0.000063,    0.000001
  103    -0.000018,    0.000041,   -0.000006,   -0.000004,    0.000000
  104    -0.000733,   -0.002347,   -0.000606,   -0.003399,   -0.000129
  105    -0.000690,   -0.002557,   -0.000579,   -0.004080,   -0.000144
  106     0.000137,   -0.000291,   -0.001067,   -0.001415,   -0.000142
  107     0.000063,   -0.000094,   -0.000079,   -0.000106,   -0.000014
  108     0.000003,   -0.000051,    0.000155,   -0.000006,    0.000023
  109    -0.000180,   -0.000131,   -0.000028,   -0.000351,   -0.000008
  110     0.000131,    0.000141,   -0.000156,   -0.000016,   -0.000024
  111     0.000028,   -0.000156,    0.000437,   -0.000174,    0.000062
  112    -0.000351,    0.000016,    0.000174,   -0.000504,    0.000014
  113     0.000008,   -0.000024,    0.000062,   -0.000014,    0.000009
  114     0.000004,   -0.000033,    0.000089,   -0.000014,    0.000013
  115    -0.000081,   -0.000005,    0.000031,   -0.000092,    0.000003
  116    -0.000002,    0.000024,   -0.000018,   -0.000047,   -0.000003
  117     0.000020,    0.000002,   -0.000014,    0.000005,   -0.000002
  118     0.000000,   -0.000001,   -0.000002,    0.000001,   -0.000000
  119     0.000001,    0.000002,    0.000000,   -0.000001,    0.000000
  120    -0.000003,    0.000107,    0.000260,   -0.000207,    0.000027
  121    -0.000070,    0.001044,    0.002701,   -0.002136,    0.000275
  122     0.000235,   -0.002969,   -0.007767,    0.006257,   -0.000799
  123    -0.000029,   -0.000626,   -0.001399,    0.001015,   -0.000142
  124    -0.000000,   -0.000007,   -0.000002,    0.000015,    0.000001
  125    -0.000003,   -0.000015,   -0.000008,    0.000023,    0.000000
  126     0.000002,    0.000002,    0.000019,    0.000003,    0.000001
  127     0.000008,    0.000169,    0.000056,   -0.000341,   -0.000023
  128     0.000076,    0.000351,    0.000187,   -0.000541,   -0.000002
  129    -0.000045,   -0.000048,   -0.000442,   -0.000067,   -0.000012
  130    -0.000045,   -0.000895,   -0.000323,    0.001836,    0.000115
  131    -0.000412,   -0.001770,   -0.000844,    0.002668,    0.000024
  132     0.000238,    0.000232,    0.002301,    0.000366,    0.000061
  133    -0.000090,   -0.001565,   -0.000384,    0.003128,    0.000232
  134    -0.000677,   -0.003485,   -0.001928,    0.005429,    0.000007
  135     0.000425,    0.000482,    0.004181,    0.000621,    0.000109
  136    -0.000011,   -0.000560,   -0.000074,    0.001487,    0.000112
  137    -0.000238,   -0.001317,   -0.000652,    0.002075,    0.000034
  138     0.000132,    0.000128,    0.001811,    0.000403,    0.000033
  139     0.000000,    0.000000,    0.000000,    0.000000,    0.000000
  140    -0.000000,   -0.000000,   -0.000000,    0.000000,   -0.000000
  141     0.000000,   -0.000000,   -0.000000,    0.000001,   -0.000000
  142    -0.000000,    0.000000,    0.000000,    0.000000,    0.000000
  143     0.000000,   -0.000001,    0.000000,    0.000000,    0.000000
  144     0.000001,   -0.000004,    0.000002,   -0.000017,    0.000000
  145     0.000002,    0.000008,    0.000003,   -0.000010,    0.000001
  146    -0.000002,    0.000005,    0.000014,   -0.000022,    0.000002
  147    -0.000000,   -0.000002,   -0.000006,    0.000002,   -0.000001
  148     0.000004,    0.000026,    0.000013,   -0.000019,    0.000002
  149    -0.000027,   -0.000035,   -0.000025,    0.000137,   -0.000005
  150    -0.000010,   -0.000061,   -0.000055,    0.000060,   -0.000011
  151    -0.000004,   -0.000055,   -0.000136,    0.000156,   -0.000019
  152     0.000026,    0.000018,    0.000028,   -0.000035,    0.000006
  153    -0.000056,   -0.000169,   -0.000236,    0.000168,   -0.000031
  154    -0.000043,   -0.000197,   -0.000115,    0.000244,   -0.000012
  155     0.000028,   -0.000065,   -0.000113,    0.000019,   -0.000012
  156     0.000013,   -0.000116,   -0.000192,    0.000255,   -0.000021
  157     0.000040,    0.000022,    0.000014,   -0.000043,    0.000001
  158    -0.000027,   -0.000173,   -0.000358,    0.000338,   -0.000039
  159     0.000026,    0.000068,    0.000087,   -0.000039,    0.000010
  160    -0.000020,   -0.000017,   -0.000020,    0.000027,   -0.000003
  161     0.000003,    0.000050,    0.000078,   -0.000099,    0.000009
  162     0.000003,   -0.000027,   -0.000031,    0.000019,   -0.000004
  163    -0.000002,   -0.000014,   -0.000012,    0.000036,   -0.000002
  164     0.000011,   -0.000021,   -0.000024,    0.000008,   -0.000003
  165    -0.000039,   -0.000085,   -0.000056,    0.000095,   -0.000006
  166     0.000000,   -0.000001,    0.000001,   -0.000001,    0.000000
  167    -0.000002,    0.000005,   -0.000007,   -0.000002,   -0.000001
  168    -0.000067,    0.000230,   -0.000316,    0.000110,   -0.000030
  169    -0.000627,    0.002238,   -0.003098,    0.001196,   -0.000283
  170     0.001777,   -0.006727,    0.009363,   -0.003307,    0.000900
  171     0.000480,   -0.001119,    0.001560,   -0.000703,    0.000106
  172    -0.000006,   -0.000030,    0.000037,    0.000008,    0.000005
  173     0.000005,    0.000022,   -0.000035,    0.000011,   -0.000006
  174     0.000005,    0.000032,   -0.000030,   -0.000031,   -0.000005
  175     0.000151,    0.000700,   -0.000857,   -0.000181,   -0.000115
  176    -0.000128,   -0.000500,    0.000813,   -0.000250,    0.000128
  177    -0.000114,   -0.000740,    0.000697,    0.000716,    0.000115
  178    -0.000820,   -0.003537,    0.004288,    0.000923,    0.000573
  179     0.000656,    0.002396,   -0.003936,    0.001252,   -0.000626
  180     0.000628,    0.003814,   -0.003639,   -0.003721,   -0.000603
  181    -0.001501,   -0.006763,    0.008335,    0.001580,    0.001114
  182     0.001294,    0.004938,   -0.008071,    0.002599,   -0.001259
  183     0.001101,    0.007018,   -0.006615,   -0.006806,   -0.001097
  184    -0.000842,   -0.002666,    0.002910,    0.000427,    0.000371
  185     0.000327,    0.001435,   -0.002523,    0.000955,   -0.000393
  186     0.000836,    0.002697,   -0.002956,   -0.002902,   -0.000490
  187    -0.000000,   -0.000000,    0.000001,   -0.000000,    0.000000
  188    -0.000000,    0.000001,    0.000000,   -0.000000,    0.000000
  189    -0.000000,   -0.000000,    0.000001,   -0.000000,    0.000000
  190     0.000000,   -0.000000,    0.000000,    0.000000,    0.000000
  191    -0.000001,   -0.000000,    0.000000,   -0.000001,    0.000000
  192    -0.000004,    0.000039,   -0.000078,   -0.000010,   -0.000012
  193     0.000023,   -0.000029,   -0.000001,    0.000009,   -0.000000
  194     0.000008,    0.000031,   -0.000052,    0.000009,   -0.000008
  195    -0.000012,    0.000018,   -0.000004,   -0.000008,   -0.000000
  196     0.000027,    0.000029,   -0.000021,    0.000027,   -0.000004
  197     0.000089,   -0.000420,    0.000689,    0.000133,    0.000104
  198    -0.000177,    0.000258,   -0.000023,   -0.000102,   -0.000002
  199    -0.000020,   -0.000301,    0.000443,   -0.000031,    0.000066
  200     0.000116,   -0.000155,    0.000012,    0.000053,    0.000002
  201    -0.000177,   -0.000284,    0.000275,   -0.000240,    0.000039
  202     0.000018,   -0.000669,    0.000962,   -0.000008,    0.000133
  203    -0.000086,    0.000258,   -0.000113,   -0.000169,   -0.000015
  204    -0.000033,   -0.000391,    0.000605,   -0.000116,    0.000082
  205     0.000087,   -0.000144,    0.000021,    0.000058,    0.000006
  206    -0.000125,   -0.000328,    0.000491,   -0.000321,    0.000064
  207    -0.000090,   -0.000006,   -0.000058,   -0.000135,   -0.000010
  208     0.000072,   -0.000111,    0.000016,    0.000045,    0.000003
  209    -0.000029,   -0.000170,    0.000252,   -0.000050,    0.000036
  210     0.000057,   -0.000104,    0.000023,    0.000052,    0.000003
  211    -0.000008,    0.000100,   -0.000161,   -0.000013,   -0.000023
  212     0.000027,   -0.000062,    0.000019,    0.000036,    0.000002
  213     0.000016,    0.000270,   -0.000380,    0.000020,   -0.000055
               100,         101,         102,         103,         104
    0     0.000289,    0.000166,    0.000167,   -0.000091,    0.003266
    1     0.000493,    0.000293,    0.000275,   -0.000150,    0.007097
    2    -0.000541,   -0.000348,   -0.000249,    0.000126,   -0.013539
    3    -0.000499,   -0.000349,   -0.000079,    0.000009,   -0.017211
    4     0.000505,   -0.000212,    0.000063,    0.000122,   -0.003061
    5     0.001038,    0.000537,    0.000476,   -0.000116,    0.016567
    6     0.000269,    0.000689,    0.000201,   -0.000446,    0.012750
    7    -0.000272,   -0.000202,   -0.000132,    0.000247,    0.011672
    8     0.000701,    0.000410,    0.000317,   -0.000095,    0.013175
    9     0.000170,    0.000485,    0.000111,   -0.000296,    0.010033
   10    -0.000180,   -0.000123,   -0.000060,    0.000159,    0.011149
   11    -0.000007,    0.000219,    0.000084,   -0.000047,    0.006194
   12    -0.000004,    0.000120,    0.000046,   -0.000069,    0.002741
   13    -0.000064,   -0.000012,    0.000020,    0.000016,    0.004642
   14    -0.000049,   -0.000021,   -0.000026,    0.000023,   -0.000045
   15     0.000006,    0.000010,    0.000019,   -0.000019,    0.001740
   16     0.000024,    0.000029,    0.000024,   -0.000015,    0.000581
   17    -0.000004,    0.000004,    0.000020,   -0.000005,    0.002994
   18    -0.000023,    0.000053,    0.000015,   -0.000019,    0.001528
   19    -0.000052,   -0.000017,   -0.000040,    0.000025,    0.000229
   20     0.000010,    0.000018,    0.000043,   -0.000041,    0.004541
   21     0.000022,    0.000042,    0.000030,   -0.000038,    0.000651
   22     0.000015,    0.000029,    0.000068,   -0.000030,    0.007891
   23    -0.000105,    0.000087,    0.000007,   -0.000045,    0.002259
   24     0.000030,   -0.000011,    0.000001,    0.000000,   -0.000348
   25    -0.000005,   -0.000006,   -0.000013,    0.000012,   -0.001194
   26     0.000001,   -0.000010,   -0.000007,    0.000006,   -0.000245
   27     0.000003,    0.000006,    0.000011,   -0.000006,    0.001003
   28    -0.000010,   -0.000003,   -0.000001,    0.000001,   -0.000096
   29     0.000000,    0.000002,    0.000003,   -0.000001,    0.000290
   30     0.000000,   -0.000020,   -0.000008,    0.000009,   -0.000596
   31     0.000038,    0.000049,    0.000072,    0.000048,    0.011132
   32     0.000074,    0.000056,    0.000029,    0.000085,    0.012648
   33     0.000029,    0.000065,    0.000038,   -0.000013,    0.011250
   34     0.000012,    0.000010,    0.000006,   -0.000008,   -0.000005
   35     0.000005,    0.000012,    0.000005,   -0.000009,    0.000483
   36    -0.000009,   -0.000006,   -0.000006,   -0.000003,   -0.000612
   37     0.000029,    0.000026,    0.000037,   -0.000018,    0.001007
   38    -0.000022,    0.000032,    0.000010,   -0.000026,    0.000131
   39    -0.000028,    0.000010,    0.000015,   -0.000018,    0.000800
   40     0.000002,   -0.000005,   -0.000003,    0.000005,   -0.000130
   41     0.000002,   -0.000007,   -0.000003,    0.000005,   -0.000209
   42     0.000007,    0.000004,    0.000004,   -0.000001,    0.000158
   43    -0.000003,   -0.000004,   -0.000004,    0.000003,   -0.000088
   44    -0.000005,   -0.000001,   -0.000003,    0.000001,   -0.000084
   45     0.000209,    0.000158,    0.000088,   -0.000084,   -0.005938
   46     0.000281,    0.000201,    0.000081,   -0.000081,   -0.004042
   47     0.000027,    0.000084,   -0.000021,   -0.000017,   -0.005972
   48    -0.000003,   -0.000002,   -0.000003,    0.000006,    0.000386
   49     0.000003,    0.000010,   -0.000000,   -0.000004,    0.000015
   50     0.000020,    0.000013,    0.000009,   -0.000006,   -0.000179
   51     0.000013,    0.000005,    0.000012,   -0.000003,   -0.000151
   52    -0.000020,    0.000028,    0.000006,   -0.000017,    0.000553
   53     0.000038,    0.000004,    0.000008,    0.000007,    0.001248
   54     0.000003,   -0.000003,   -0.000001,    0.000002,    0.000050
   55    -0.000003,    0.000006,    0.000001,   -0.000003,    0.000038
   56     0.000006,    0.000002,    0.000002,    0.000000,    0.000049
   57     0.000001,    0.000002,    0.000002,   -0.000000,    0.000072
   58    -0.000003,    0.000000,   -0.000000,   -0.000001,    0.000048
   59     0.000010,   -0.000999,    0.001655,   -0.000691,   -0.018501
   60    -0.000010,   -0.001466,    0.002475,   -0.001016,   -0.039504
   61     0.000125,    0.000696,   -0.001373,    0.000492,    0.072002
   62     0.000268,    0.000620,   -0.001232,    0.000481,    0.061337
   63    -0.000770,    0.000620,    0.000165,   -0.000172,    0.016917
   64     0.000355,   -0.002069,   -0.000127,    0.000489,   -0.076691
   65    -0.001879,    0.000122,    0.000147,   -0.000011,   -0.001440
   66    -0.000355,   -0.000600,   -0.001226,    0.000902,   -0.120631
   67     0.000272,   -0.001358,   -0.000197,    0.000357,   -0.050325
   68    -0.001266,    0.000131,    0.000080,   -0.000016,    0.001761
   69    -0.000251,   -0.000407,   -0.000848,    0.000628,   -0.085285
   70    -0.000058,   -0.000282,   -0.000009,    0.000050,   -0.012610
   71    -0.000321,    0.000073,    0.000018,   -0.000009,    0.002445
   72    -0.000048,   -0.000121,   -0.000250,    0.000190,   -0.023870
   73    -0.000052,   -0.000035,   -0.000014,    0.000013,   -0.000847
   74    -0.000010,   -0.000004,   -0.000008,    0.000011,   -0.000891
   75     0.000009,    0.000072,    0.000005,   -0.000013,    0.003077
   76     0.000013,    0.000019,    0.000048,   -0.000034,    0.005686
   77     0.000010,    0.000044,    0.000008,    0.000002,    0.002109
   78    -0.000023,   -0.000040,   -0.000039,    0.000018,   -0.000291
   79    -0.000017,    0.000003,    0.000008,    0.000006,    0.000494
   80     0.000027,    0.000054,    0.000039,   -0.000010,    0.002784
   81     0.000013,    0.000001,    0.000033,   -0.000024,    0.006743
   82     0.000042,   -0.000014,    0.000021,    0.000034,    0.000842
   83     0.000009,   -0.000014,   -0.000006,    0.000007,   -0.000247
   84    -0.000006,   -0.000003,   -0.000005,    0.000007,   -0.000451
   85     0.000013,    0.000004,    0.000003,   -0.000001,    0.000110
   86     0.000001,    0.000003,    0.000003,   -0.000002,   -0.000123
   87     0.000009,   -0.000006,    0.000006,   -0.000004,   -0.000762
   88    -0.000001,    0.000000,   -0.000002,    0.000002,   -0.000355
   89     0.000020,   -0.000004,    0.000014,   -0.000004,   -0.000447
   90    -0.000180,    0.000474,   -0.000696,    0.000312,   -0.011120
   91    -0.000202,    0.000536,   -0.000844,    0.000362,   -0.014775
   92    -0.000009,    0.000111,   -0.000234,    0.000096,   -0.009346
   93    -0.000007,    0.000001,   -0.000054,    0.000031,   -0.001916
   94    -0.000032,    0.000004,    0.000002,    0.000001,   -0.000042
   95     0.000011,   -0.000056,    0.000053,   -0.000018,   -0.000733
   96     0.000022,   -0.000040,   -0.000083,    0.000041,   -0.002347
   97    -0.000100,    0.000028,    0.000008,   -0.000006,   -0.000606
   98     0.000014,   -0.000079,    0.000063,   -0.000004,   -0.003399
   99    -0.000015,    0.000003,    0.000001,    0.000000,   -0.000129
  100     0.000018,   -0.000003,   -0.000000,   -0.000000,    0.000076
  101    -0.000003,    0.000020,   -0.000001,   -0.000003,    0.000895
  102    -0.000000,   -0.000001,    0.000016,   -0.000007,    0.000193
  103    -0.000000,   -0.000003,   -0.000007,    0.000006,   -0.000336
  104     0.000076,    0.000895,    0.000193,   -0.000336,    0.079525
  105     0.000092,    0.001037,    0.000195,   -0.000390,    0.089103
  106     0.000099,    0.000239,    0.000069,   -0.000097,    0.026720
  107     0.000012,    0.000033,    0.000010,   -0.000017,    0.004288
  108    -0.000030,    0.000006,    0.000004,   -0.000002,    0.000246
  109     0.000004,    0.000081,   -0.000002,   -0.000020,    0.005952
  110     0.000033,   -0.000005,   -0.000024,    0.000002,    0.002008
  111    -0.000089,    0.000031,    0.000018,   -0.000014,    0.001256
  112    -0.000014,    0.000092,   -0.000047,   -0.000005,    0.003492
  113    -0.000013,    0.000003,    0.000003,   -0.000002,    0.000170
  114    -0.000016,    0.000005,    0.000003,   -0.000002,    0.000180
  115    -0.000005,    0.000017,   -0.000006,    0.000000,    0.000474
  116     0.000003,    0.000006,   -0.000007,    0.000001,    0.000696
  117     0.000002,    0.000000,   -0.000001,    0.000000,    0.000312
  118     0.000000,   -0.000000,    0.000000,    0.000000,   -0.000001
  119    -0.000000,   -0.000000,   -0.000000,   -0.000000,   -0.000010
  120    -0.000034,    0.000012,   -0.000018,   -0.000008,    0.000025
  121    -0.000350,    0.000139,   -0.000182,   -0.000076,    0.000691
  122     0.001019,   -0.000408,    0.000519,    0.000232,   -0.002120
  123     0.000169,   -0.000056,    0.000101,    0.000038,    0.000243
  124    -0.000001,   -0.000000,    0.000000,    0.000001,   -0.000005
  125     0.000001,    0.000000,    0.000001,    0.000001,    0.000046
  126    -0.000000,   -0.000001,   -0.000000,   -0.000001,    0.000006
  127     0.000012,    0.000002,   -0.000000,   -0.000018,    0.000108
  128    -0.000018,   -0.000002,   -0.000029,   -0.000034,   -0.001063
  129     0.000006,    0.000012,    0.000007,    0.000035,   -0.000140
  130    -0.000058,   -0.000016,    0.000002,    0.000098,   -0.000504
  131     0.000074,    0.000020,    0.000139,    0.000170,    0.005617
  132    -0.000029,   -0.000062,   -0.000033,   -0.000183,    0.000766
  133    -0.000135,   -0.000014,   -0.000007,    0.000165,   -0.000942
  134     0.000193,    0.000003,    0.000296,    0.000333,    0.009736
  135    -0.000054,   -0.000118,   -0.000065,   -0.000330,    0.001264
  136    -0.000079,   -0.000032,   -0.000021,    0.000095,   -0.000449
  137     0.000038,   -0.000010,    0.000109,    0.000122,    0.003242
  138    -0.000011,   -0.000043,   -0.000026,   -0.000151,   -0.000559
  139    -0.000000,   -0.000000,   -0.000000,    0.000000,    0.000000
  140     0.000000,    0.000000,    0.000000,   -0.000000,   -0.000001
  141     0.000000,   -0.000000,    0.000000,    0.000000,   -0.000001
  142    -0.000000,   -0.000000,   -0.000000,    0.000000,   -0.000001
  143    -0.000000,    0.000000,    0.000000,   -0.000000,    0.000000
  144    -0.000000,    0.000002,    0.000001,   -0.000002,   -0.000038
  145    -0.000001,   -0.000001,   -0.000001,    0.000001,    0.000047
  146    -0.000003,    0.000001,   -0.000001,   -0.000002,    0.000005
  147     0.000001,    0.000000,    0.000000,   -0.000000,   -0.000008
  148    -0.000003,   -0.000002,   -0.000003,    0.000000,   -0.000059
  149     0.000004,   -0.000005,    0.000001,    0.000016,    0.000503
  150     0.000009,    0.000007,    0.000005,   -0.000004,   -0.000212
  151     0.000025,   -0.000006,    0.000007,    0.000011,    0.000178
  152    -0.000005,   -0.000003,    0.000000,   -0.000000,    0.000483
  153     0.000046,    0.000014,    0.000020,    0.000006,    0.000675
  154     0.000015,    0.000001,    0.000023,    0.000017,    0.000728
  155     0.000008,    0.000008,    0.000010,   -0.000003,    0.000538
  156     0.000030,   -0.000012,    0.000017,    0.000015,    0.000032
  157    -0.000002,   -0.000002,    0.000002,   -0.000003,    0.000704
  158     0.000057,   -0.000006,    0.000022,    0.000018,    0.000398
  159    -0.000017,   -0.000009,   -0.000008,    0.000001,   -0.000254
  160     0.000003,    0.000002,   -0.000000,    0.000001,   -0.000351
  161    -0.000013,    0.000002,   -0.000006,   -0.000006,   -0.000107
  162     0.000003,    0.000003,    0.000003,   -0.000001,    0.000046
  163     0.000002,   -0.000002,    0.000001,    0.000003,    0.000069
  164     0.000002,    0.000002,    0.000003,   -0.000002,    0.000192
  165     0.000009,    0.000005,    0.000008,    0.000008,    0.000528
  166    -0.000000,    0.000000,   -0.000000,   -0.000000,   -0.000001
  167     0.000001,   -0.000000,   -0.000001,    0.000000,    0.000020
  168     0.000038,   -0.000028,   -0.000012,    0.000008,    0.000429
  169     0.000370,   -0.000285,   -0.000098,    0.000071,    0.003740
  170    -0.001161,    0.000834,    0.000346,   -0.000239,   -0.010846
  171    -0.000155,    0.000139,    0.000026,   -0.000012,   -0.002947
  172    -0.000006,    0.000004,    0.000003,    0.000001,    0.000088
  173     0.000006,   -0.000003,   -0.000002,    0.000002,   -0.000053
  174     0.000001,   -0.000001,   -0.000001,   -0.000000,    0.000089
  175     0.000146,   -0.000084,   -0.000060,   -0.000012,   -0.002075
  176    -0.000142,    0.000077,    0.000052,   -0.000051,    0.001240
  177    -0.000034,    0.000032,    0.000029,    0.000008,   -0.002101
  178    -0.000732,    0.000431,    0.000297,    0.000068,    0.011101
  179     0.000692,   -0.000373,   -0.000249,    0.000251,   -0.006320
  180     0.000177,   -0.000164,   -0.000147,   -0.000044,    0.011567
  181    -0.001417,    0.000829,    0.000566,    0.000109,    0.020420
  182     0.001406,   -0.000776,   -0.000494,    0.000494,   -0.012664
  183     0.000319,   -0.000305,   -0.000277,   -0.000076,    0.020317
  184    -0.000482,    0.000378,    0.000194,    0.000060,    0.010757
  185     0.000433,   -0.000231,   -0.000122,    0.000151,   -0.003294
  186     0.000154,   -0.000101,   -0.000057,   -0.000078,    0.015015
  187    -0.000000,    0.000000,    0.000000,   -0.000000,    0.000003
  188    -0.000000,   -0.000000,   -0.000000,    0.000000,   -0.000008
  189    -0.000000,    0.000000,    0.000000,   -0.000000,    0.000003
  190     0.000000,    0.000000,    0.000000,   -0.000000,    0.000002
  191    -0.000000,    0.000000,    0.000000,   -0.000000,    0.000006
  192     0.000014,   -0.000002,   -0.000006,    0.000003,    0.000040
  193     0.000001,    0.000002,    0.000005,   -0.000003,    0.000400
  194     0.000010,   -0.000004,   -0.000004,    0.000003,   -0.000070
  195    -0.000000,   -0.000001,   -0.000003,    0.000002,   -0.000202
  196     0.000004,   -0.000008,   -0.000003,    0.000004,   -0.000254
  197    -0.000122,    0.000020,    0.000060,   -0.000022,   -0.000825
  198    -0.000006,   -0.000020,   -0.000037,    0.000024,   -0.003038
  199    -0.000077,    0.000034,    0.000039,   -0.000024,    0.000187
  200     0.000003,    0.000012,    0.000023,   -0.000015,    0.001994
  201    -0.000044,    0.000066,    0.000030,   -0.000034,    0.001669
  202    -0.000158,    0.000068,    0.000068,   -0.000026,    0.000114
  203    -0.000000,   -0.000017,   -0.000026,    0.000015,   -0.001422
  204    -0.000099,    0.000053,    0.000036,   -0.000023,    0.000445
  205     0.000001,    0.000010,    0.000019,   -0.000010,    0.001530
  206    -0.000076,    0.000072,    0.000028,   -0.000037,    0.001246
  207     0.000013,    0.000021,   -0.000003,   -0.000009,    0.000836
  208     0.000002,    0.000008,    0.000015,   -0.000009,    0.001246
  209    -0.000043,    0.000024,    0.000018,   -0.000012,    0.000308
  210     0.000002,    0.000008,    0.000013,   -0.000008,    0.000963
  211     0.000028,   -0.000008,   -0.000012,    0.000004,    0.000049
  212     0.000001,    0.000004,    0.000007,   -0.000005,    0.000454
  213     0.000064,   -0.000030,   -0.000031,    0.000016,   -0.000223
               105,         106,         107,         108,         109
    0    -0.000477,    0.000732,    0.000035,   -0.000307,    0.000333
    1     0.001396,    0.001475,    0.000068,   -0.000599,    0.000729
    2    -0.009780,   -0.002419,   -0.000142,    0.000914,   -0.001399
    3    -0.013632,   -0.003751,   -0.000547,    0.000760,   -0.001715
    4    -0.005716,   -0.000837,    0.000033,   -0.000376,   -0.000345
    5     0.019150,    0.011136,   -0.000597,   -0.001904,    0.001540
    6     0.020769,    0.006501,   -0.000604,   -0.001408,    0.001598
    7     0.009563,    0.016880,   -0.000225,   -0.000677,    0.000426
    8     0.014991,    0.007960,   -0.000350,   -0.001281,    0.001232
    9     0.015339,    0.004226,   -0.000314,   -0.000895,    0.001226
   10     0.010140,    0.013881,    0.000037,   -0.000469,    0.000461
   11     0.007269,    0.002555,   -0.000080,   -0.000083,    0.000567
   12     0.003026,   -0.000300,   -0.000031,   -0.000101,    0.000321
   13     0.005047,    0.001393,    0.000188,   -0.000166,    0.000236
   14    -0.000383,   -0.000365,    0.000071,    0.000119,   -0.000017
   15     0.002040,    0.000155,    0.000135,    0.000012,    0.000106
   16     0.000827,    0.000423,   -0.000047,   -0.000059,    0.000057
   17     0.003271,    0.002042,    0.000157,   -0.000022,    0.000159
   18     0.001931,    0.000537,   -0.000018,    0.000036,    0.000147
   19    -0.000023,   -0.000296,    0.000099,    0.000108,    0.000021
   20     0.005207,    0.000811,    0.000325,    0.000017,    0.000271
   21     0.001204,    0.000502,   -0.000079,   -0.000068,    0.000075
   22     0.008852,    0.005313,    0.000473,   -0.000004,    0.000430
   23     0.003231,    0.000680,   -0.000029,    0.000166,    0.000227
   24    -0.000310,    0.000101,   -0.000014,   -0.000056,   -0.000034
   25    -0.001386,   -0.000245,   -0.000089,   -0.000008,   -0.000072
   26    -0.000281,   -0.000051,    0.000009,    0.000005,   -0.000025
   27     0.001165,    0.000511,    0.000069,    0.000003,    0.000057
   28    -0.000081,   -0.000051,   -0.000001,    0.000026,   -0.000011
   29     0.000332,    0.000226,    0.000017,   -0.000002,    0.000015
   30    -0.000680,   -0.000190,    0.000006,    0.000010,   -0.000060
   31     0.012648,    0.011250,    0.000005,   -0.000483,    0.000612
   32     0.014286,    0.012602,    0.000003,   -0.000634,    0.000761
   33     0.012602,    0.009984,    0.000360,   -0.000131,    0.000700
   34    -0.000003,   -0.000360,    0.000019,    0.000013,    0.000014
   35     0.000634,    0.000131,    0.000013,   -0.000019,    0.000045
   36    -0.000761,   -0.000700,    0.000014,    0.000045,   -0.000035
   37     0.001074,    0.000427,    0.000032,   -0.000008,    0.000072
   38     0.000472,   -0.000665,   -0.000026,   -0.000014,    0.000039
   39     0.000863,    0.000399,    0.000060,    0.000061,    0.000037
   40    -0.000191,    0.000033,   -0.000003,    0.000002,   -0.000012
   41    -0.000281,   -0.000027,   -0.000003,    0.000003,   -0.000020
   42     0.000201,    0.000084,    0.000002,   -0.000010,    0.000013
   43    -0.000081,    0.000021,   -0.000003,   -0.000000,   -0.000009
   44    -0.000081,   -0.000017,   -0.000006,    0.000004,   -0.000006
   45    -0.004042,   -0.005972,   -0.000386,   -0.000015,   -0.000179
   46    -0.001471,   -0.005196,   -0.000250,   -0.000091,    0.000013
   47    -0.005196,   -0.006418,   -0.000394,   -0.000067,   -0.000185
   48     0.000250,    0.000394,   -0.000006,   -0.000023,    0.000024
   49     0.000091,    0.000067,   -0.000023,   -0.000023,    0.000016
   50     0.000013,   -0.000185,   -0.000024,   -0.000016,    0.000001
   51    -0.000457,   -0.000255,   -0.000083,   -0.000035,    0.000002
   52     0.000796,    0.000727,   -0.000032,   -0.000014,    0.000052
   53     0.001516,    0.001101,    0.000077,   -0.000053,    0.000075
   54     0.000028,   -0.000057,    0.000014,    0.000004,    0.000001
   55     0.000074,    0.000029,   -0.000012,   -0.000005,    0.000009
   56     0.000056,    0.000065,   -0.000010,   -0.000012,    0.000006
   57     0.000029,    0.000038,   -0.000006,   -0.000005,    0.000006
   58     0.000085,   -0.000013,    0.000008,    0.000009,    0.000003
   59    -0.035538,   -0.009085,   -0.001963,    0.000013,   -0.002761
   60    -0.062260,   -0.015314,   -0.003541,   -0.000017,   -0.005080
   61     0.073132,    0.015978,    0.004517,    0.000150,    0.006858
   62     0.061993,    0.013651,    0.003962,   -0.000162,    0.005908
   63     0.016760,   -0.001050,    0.000084,    0.001119,    0.001503
   64    -0.086840,   -0.020527,   -0.001083,   -0.000335,   -0.007615
   65    -0.003972,   -0.007958,   -0.000195,    0.003867,   -0.000353
   66    -0.139006,   -0.044987,   -0.008405,   -0.000413,   -0.006978
   67    -0.056222,   -0.013301,   -0.000572,   -0.000321,   -0.004961
   68     0.000541,   -0.004247,   -0.000050,    0.002624,    0.000046
   69    -0.097934,   -0.032830,   -0.005889,   -0.000296,   -0.004925
   70    -0.014290,   -0.004367,   -0.000219,    0.000037,   -0.001246
   71     0.002785,    0.000504,    0.000005,    0.000639,    0.000203
   72    -0.027729,   -0.006253,   -0.001700,   -0.000040,   -0.001396
   73    -0.001070,   -0.000493,    0.000021,    0.000132,   -0.000090
   74    -0.000992,   -0.000465,   -0.000067,   -0.000022,   -0.000054
   75     0.003327,    0.000885,    0.000058,   -0.000017,    0.000303
   76     0.006387,    0.002685,    0.000365,    0.000012,    0.000323
   77     0.002116,    0.000681,    0.000042,   -0.000001,    0.000196
   78    -0.000390,   -0.000254,    0.000079,    0.000081,   -0.000022
   79     0.000661,   -0.000069,    0.000022,   -0.000046,    0.000021
   80     0.002458,    0.000765,    0.000035,   -0.000038,    0.000260
   81     0.007145,    0.004802,    0.000359,    0.000014,    0.000368
   82     0.000122,    0.000513,    0.000044,   -0.000014,    0.000049
   83    -0.000358,   -0.000117,    0.000013,   -0.000002,   -0.000026
   84    -0.000518,   -0.000148,   -0.000038,   -0.000013,   -0.000028
   85     0.000109,    0.000065,   -0.000002,   -0.000024,    0.000012
   86    -0.000068,   -0.000252,    0.000004,    0.000002,   -0.000005
   87    -0.000638,   -0.000076,   -0.000042,   -0.000023,   -0.000065
   88    -0.000372,   -0.000219,   -0.000020,   -0.000002,   -0.000020
   89    -0.000426,    0.000039,   -0.000039,   -0.000038,   -0.000041
   90    -0.014775,   -0.009346,   -0.001916,   -0.000042,    0.000733
   91    -0.017961,   -0.010028,   -0.002309,   -0.000097,    0.000690
   92    -0.010028,   -0.007505,   -0.000841,   -0.000150,   -0.000137
   93    -0.002309,   -0.000841,   -0.000150,   -0.000012,   -0.000063
   94    -0.000097,   -0.000150,   -0.000012,    0.000062,   -0.000003
   95    -0.000690,    0.000137,    0.000063,    0.000003,   -0.000180
   96    -0.002557,   -0.000291,   -0.000094,   -0.000051,   -0.000131
   97    -0.000579,   -0.001067,   -0.000079,    0.000155,   -0.000028
   98    -0.004080,   -0.001415,   -0.000106,   -0.000006,   -0.000351
   99    -0.000144,   -0.000142,   -0.000014,    0.000023,   -0.000008
  100     0.000092,    0.000099,    0.000012,   -0.000030,    0.000004
  101     0.001037,    0.000239,    0.000033,    0.000006,    0.000081
  102     0.000195,    0.000069,    0.000010,    0.000004,   -0.000002
  103    -0.000390,   -0.000097,   -0.000017,   -0.000002,   -0.000020
  104     0.089103,    0.026720,    0.004288,    0.000246,    0.005952
  105     0.101438,    0.030301,    0.004854,    0.000227,    0.006678
  106     0.030301,    0.013848,    0.001416,   -0.000038,    0.001878
  107     0.004854,    0.001416,    0.000285,    0.000010,    0.000297
  108     0.000227,   -0.000038,    0.000010,    0.000068,    0.000015
  109     0.006678,    0.001878,    0.000297,    0.000015,    0.000481
  110     0.002732,    0.000618,    0.000247,   -0.000046,    0.000126
  111     0.001389,    0.000654,    0.000024,    0.000176,    0.000073
  112     0.004452,    0.000598,    0.000153,    0.000001,    0.000362
  113     0.000178,    0.000054,    0.000006,    0.000028,    0.000009
  114     0.000202,    0.000009,    0.000007,    0.000032,    0.000011
  115     0.000536,    0.000111,    0.000001,    0.000004,    0.000056
  116     0.000844,    0.000234,    0.000054,   -0.000002,    0.000053
  117     0.000362,    0.000096,    0.000031,    0.000001,    0.000018
  118    -0.000004,   -0.000004,    0.000000,    0.000000,   -0.000000
  119    -0.000007,   -0.000006,   -0.000000,    0.000000,   -0.000001
  120     0.000499,    0.000484,   -0.000006,   -0.000015,    0.000003
  121     0.005548,    0.005207,   -0.000060,   -0.000161,    0.000070
  122    -0.016203,   -0.014390,    0.000179,    0.000399,   -0.000235
  123    -0.002257,   -0.003096,    0.000039,    0.000180,    0.000029
  124    -0.000043,   -0.000040,    0.000003,   -0.000001,    0.000000
  125    -0.000010,   -0.000020,    0.000003,    0.000002,    0.000003
  126     0.000005,   -0.000158,    0.000003,    0.000001,    0.000002
  127     0.000996,    0.000930,   -0.000063,    0.000024,   -0.000008
  128     0.000233,    0.000475,   -0.000070,   -0.000056,   -0.000076
  129    -0.000121,    0.003683,   -0.000062,   -0.000020,   -0.000045
  130    -0.005275,   -0.004895,    0.000339,   -0.000113,    0.000045
  131    -0.000855,   -0.002396,    0.000364,    0.000303,    0.000412
  132     0.000694,   -0.019234,    0.000330,    0.000109,    0.000238
  133    -0.009178,   -0.008699,    0.000603,   -0.000218,    0.000090
  134    -0.003165,   -0.005056,    0.000656,    0.000560,    0.000677
  135     0.001048,   -0.034988,    0.000583,    0.000198,    0.000425
  136    -0.004335,   -0.003614,    0.000313,   -0.000019,    0.000011
  137    -0.001853,   -0.002891,    0.000265,    0.000305,    0.000238
  138    -0.000619,   -0.016109,    0.000227,    0.000118,    0.000132
  139    -0.000000,    0.000001,    0.000000,    0.000000,   -0.000000
  140    -0.000001,   -0.000001,   -0.000000,    0.000000,   -0.000000
  141    -0.000002,   -0.000000,    0.000000,   -0.000000,   -0.000000
  142    -0.000001,   -0.000001,   -0.000000,   -0.000000,   -0.000000
  143    -0.000001,   -0.000000,   -0.000000,   -0.000000,   -0.000000
  144    -0.000000,   -0.000032,   -0.000005,   -0.000003,   -0.000001
  145     0.000039,    0.000028,    0.000000,   -0.000002,    0.000002
  146     0.000045,   -0.000013,   -0.000001,    0.000003,    0.000002
  147    -0.000005,    0.000017,    0.000001,    0.000001,   -0.000000
  148    -0.000027,   -0.000025,    0.000002,    0.000007,   -0.000004
  149     0.000144,    0.000166,    0.000036,    0.000040,    0.000027
  150    -0.000141,    0.000019,    0.000007,    0.000017,   -0.000010
  151    -0.000121,    0.000115,    0.000012,   -0.000019,    0.000004
  152     0.000494,    0.000133,    0.000020,   -0.000010,    0.000026
  153     0.000386,    0.000271,    0.000002,   -0.000074,    0.000056
  154     0.000103,   -0.000152,    0.000022,    0.000075,    0.000043
  155     0.000671,    0.000795,    0.000042,    0.000011,    0.000028
  156    -0.000482,   -0.000177,    0.000007,    0.000010,   -0.000013
  157     0.000734,    0.000176,    0.000037,   -0.000004,    0.000040
  158    -0.000242,   -0.000065,    0.000019,   -0.000049,    0.000027
  159    -0.000206,   -0.000081,    0.000003,    0.000037,   -0.000026
  160    -0.000357,   -0.000060,   -0.000016,    0.000005,   -0.000020
  161     0.000088,   -0.000009,   -0.000005,    0.000005,   -0.000003
  162     0.000088,    0.000131,    0.000009,    0.000006,    0.000003
  163    -0.000019,    0.000001,    0.000005,    0.000010,    0.000002
  164     0.000238,    0.000169,    0.000016,    0.000004,    0.000011
  165     0.000285,    0.000083,    0.000017,    0.000015,    0.000039
  166    -0.000003,   -0.000006,    0.000000,   -0.000000,   -0.000000
  167     0.000015,    0.000001,    0.000003,   -0.000002,    0.000002
  168     0.000672,    0.000906,    0.000036,   -0.000009,    0.000067
  169     0.006389,    0.009340,    0.000294,   -0.000034,    0.000627
  170    -0.017963,   -0.026233,   -0.000985,    0.000354,   -0.001777
  171    -0.004798,   -0.005794,   -0.000124,   -0.000135,   -0.000480
  172     0.000073,    0.000024,   -0.000002,    0.000012,    0.000006
  173    -0.000060,    0.000027,    0.000004,   -0.000012,   -0.000005
  174     0.000062,    0.000153,    0.000002,    0.000004,    0.000005
  175    -0.001733,   -0.000561,    0.000041,   -0.000280,   -0.000151
  176     0.001414,   -0.000623,   -0.000083,    0.000279,    0.000128
  177    -0.001474,   -0.003592,   -0.000042,   -0.000093,   -0.000114
  178     0.009353,    0.003130,   -0.000178,    0.001407,    0.000820
  179    -0.007185,    0.003054,    0.000385,   -0.001370,   -0.000656
  180     0.008404,    0.018937,    0.000265,    0.000486,    0.000628
  181     0.017198,    0.005190,   -0.000378,    0.002695,    0.001501
  182    -0.014292,    0.006402,    0.000774,   -0.002722,   -0.001294
  183     0.014406,    0.034176,    0.000428,    0.000884,    0.001101
  184     0.009402,    0.002679,   -0.000021,    0.000883,    0.000842
  185    -0.003319,    0.003462,    0.000181,   -0.000798,   -0.000327
  186     0.013412,    0.017095,    0.000617,    0.000399,    0.000836
  187     0.000003,    0.000001,   -0.000000,    0.000001,    0.000000
  188    -0.000009,   -0.000003,   -0.000001,   -0.000000,   -0.000000
  189     0.000004,    0.000001,    0.000000,    0.000000,    0.000000
  190     0.000003,   -0.000000,    0.000000,   -0.000000,    0.000000
  191     0.000007,    0.000002,    0.000000,    0.000000,    0.000001
  192     0.000026,    0.000009,    0.000013,   -0.000030,    0.000004
  193     0.000470,    0.000127,    0.000029,    0.000001,    0.000023
  194    -0.000098,   -0.000011,    0.000007,   -0.000019,   -0.000008
  195    -0.000241,   -0.000037,   -0.000015,   -0.000000,   -0.000012
  196    -0.000304,   -0.000070,    0.000002,   -0.000009,   -0.000027
  197    -0.000840,   -0.000375,   -0.000137,    0.000247,   -0.000089
  198    -0.003610,   -0.000779,   -0.000225,   -0.000002,   -0.000177
  199     0.000332,   -0.000075,   -0.000080,    0.000148,    0.000020
  200     0.002351,    0.000562,    0.000144,   -0.000000,    0.000116
  201     0.002095,    0.000380,   -0.000042,    0.000077,    0.000177
  202    -0.000078,   -0.000785,   -0.000129,    0.000285,   -0.000018
  203    -0.001847,    0.000171,   -0.000127,    0.000007,   -0.000086
  204     0.000472,   -0.000421,   -0.000069,    0.000168,    0.000033
  205     0.001829,    0.000460,    0.000110,   -0.000005,    0.000087
  206     0.001597,   -0.000145,   -0.000053,    0.000107,    0.000125
  207     0.001027,    0.000238,    0.000015,   -0.000031,    0.000090
  208     0.001484,    0.000332,    0.000091,   -0.000002,    0.000072
  209     0.000380,   -0.000064,   -0.000033,    0.000078,    0.000029
  210     0.001170,    0.000166,    0.000075,   -0.000001,    0.000057
  211     0.000068,    0.000099,    0.000024,   -0.000054,    0.000008
  212     0.000567,    0.000021,    0.000038,   -0.000000,    0.000027
  213    -0.000262,    0.000143,    0.000059,   -0.000122,   -0.000016
               110,         111,         112,         113,         114
    0    -0.001751,   -0.001310,   -0.000876,   -0.000256,   -0.000289
    1    -0.002832,   -0.002372,   -0.001298,   -0.000452,   -0.000493
    2     0.002429,    0.003139,    0.000722,    0.000554,    0.000541
    3     0.001636,    0.002970,    0.000400,    0.000514,    0.000499
    4     0.000124,   -0.003035,   -0.001819,   -0.000369,   -0.000505
    5    -0.003159,   -0.004625,   -0.000402,   -0.000691,   -0.001038
    6    -0.001650,   -0.000735,    0.003693,   -0.000228,   -0.000269
    7    -0.002050,    0.000056,   -0.002681,   -0.000303,   -0.000272
    8    -0.002213,   -0.003079,   -0.000033,   -0.000470,   -0.000701
    9    -0.001061,   -0.000497,    0.002645,   -0.000150,   -0.000170
   10    -0.001260,    0.000204,   -0.001874,   -0.000200,   -0.000180
   11    -0.000921,    0.000356,    0.000523,    0.000025,    0.000007
   12    -0.000530,    0.000030,    0.000396,    0.000010,    0.000004
   13     0.000134,   -0.000458,   -0.000120,   -0.000115,   -0.000064
   14     0.000118,    0.000215,   -0.000068,    0.000040,    0.000049
   15     0.000116,   -0.000020,    0.000045,    0.000005,    0.000006
   16    -0.000158,   -0.000073,    0.000054,   -0.000014,   -0.000024
   17     0.000036,    0.000096,   -0.000119,   -0.000003,   -0.000004
   18    -0.000172,    0.000190,    0.000225,    0.000021,    0.000023
   19     0.000181,    0.000210,   -0.000025,    0.000046,    0.000052
   20     0.000218,   -0.000034,    0.000033,    0.000009,    0.000010
   21    -0.000162,   -0.000024,    0.000225,   -0.000012,   -0.000022
   22     0.000245,    0.000382,   -0.000170,    0.000026,    0.000015
   23    -0.000162,    0.000671,    0.000599,    0.000082,    0.000105
   24     0.000045,   -0.000152,   -0.000030,   -0.000025,   -0.000030
   25    -0.000068,   -0.000005,   -0.000018,   -0.000005,   -0.000005
   26     0.000054,   -0.000013,   -0.000026,   -0.000001,   -0.000001
   27     0.000062,    0.000033,    0.000009,    0.000003,    0.000003
   28     0.000013,    0.000053,    0.000006,    0.000009,    0.000010
   29     0.000016,    0.000013,   -0.000002,   -0.000000,    0.000000
   30     0.000081,   -0.000017,   -0.000062,    0.000001,   -0.000000
   31    -0.001007,   -0.000131,   -0.000800,   -0.000130,   -0.000209
   32    -0.001074,   -0.000472,   -0.000863,   -0.000191,   -0.000281
   33    -0.000427,    0.000665,   -0.000399,    0.000033,   -0.000027
   34     0.000032,   -0.000026,    0.000060,    0.000003,    0.000003
   35    -0.000008,   -0.000014,    0.000061,   -0.000002,   -0.000003
   36     0.000072,    0.000039,    0.000037,    0.000012,    0.000020
   37    -0.000063,   -0.000037,    0.000019,   -0.000007,   -0.000013
   38    -0.000037,    0.000061,    0.000247,    0.000010,    0.000020
   39     0.000019,    0.000247,    0.000053,    0.000027,    0.000038
   40     0.000007,   -0.000010,   -0.000027,   -0.000002,   -0.000003
   41     0.000013,   -0.000020,   -0.000038,   -0.000003,   -0.000003
   42    -0.000005,   -0.000028,    0.000004,   -0.000003,   -0.000006
   43     0.000012,    0.000006,   -0.000008,    0.000001,    0.000001
   44     0.000003,    0.000017,    0.000007,    0.000002,    0.000003
   45     0.000151,   -0.000553,    0.001248,    0.000050,   -0.000038
   46     0.000457,   -0.000796,    0.001516,    0.000028,   -0.000074
   47     0.000255,   -0.000727,    0.001101,   -0.000057,   -0.000029
   48    -0.000083,   -0.000032,   -0.000077,   -0.000014,   -0.000012
   49    -0.000035,   -0.000014,    0.000053,   -0.000004,   -0.000005
   50    -0.000002,   -0.000052,    0.000075,    0.000001,   -0.000009
   51    -0.000271,   -0.000146,   -0.000106,   -0.000025,   -0.000029
   52    -0.000146,    0.000237,    0.000109,    0.000024,    0.000022
   53     0.000106,   -0.000109,   -0.000048,   -0.000015,   -0.000028
   54     0.000025,   -0.000024,   -0.000015,   -0.000002,   -0.000002
   55    -0.000029,    0.000022,    0.000028,    0.000002,    0.000002
   56    -0.000026,   -0.000032,   -0.000010,   -0.000005,   -0.000007
   57    -0.000037,   -0.000010,   -0.000015,   -0.000003,   -0.000003
   58     0.000018,    0.000026,    0.000018,    0.000005,    0.000005
   59    -0.005920,    0.000112,   -0.008524,    0.000084,   -0.000010
   60    -0.008992,    0.000497,   -0.012657,    0.000155,    0.000010
   61     0.005564,   -0.001791,    0.006563,   -0.000218,   -0.000125
   62     0.004848,   -0.002490,    0.005414,   -0.000321,   -0.000268
   63    -0.002981,    0.004703,    0.002009,    0.000627,    0.000770
   64     0.004965,   -0.002904,   -0.008293,   -0.000292,   -0.000355
   65    -0.002332,    0.009957,   -0.000176,    0.001534,    0.001879
   66    -0.006402,   -0.002126,   -0.000705,   -0.000379,   -0.000355
   67     0.003891,   -0.002119,   -0.004944,   -0.000237,   -0.000272
   68    -0.001516,    0.006680,    0.000169,    0.001028,    0.001266
   69    -0.004239,   -0.001668,   -0.000242,   -0.000288,   -0.000251
   70     0.000502,    0.000230,   -0.001104,    0.000046,    0.000058
   71    -0.000371,    0.001736,    0.000244,    0.000250,    0.000321
   72    -0.001480,    0.000061,   -0.000369,   -0.000019,   -0.000048
   73     0.000119,    0.000232,   -0.000097,    0.000044,    0.000052
   74    -0.000004,   -0.000089,    0.000026,   -0.000019,   -0.000010
   75    -0.000176,   -0.000026,    0.000238,   -0.000006,   -0.000009
   76     0.000171,    0.000163,   -0.000090,    0.000021,    0.000013
   77    -0.000160,   -0.000041,    0.000048,   -0.000006,   -0.000010
   78     0.000306,    0.000039,   -0.000018,    0.000023,    0.000023
   79     0.000140,   -0.000163,    0.000083,   -0.000038,   -0.000017
   80    -0.000360,   -0.000155,   -0.000106,   -0.000016,   -0.000027
   81    -0.000153,    0.000428,   -0.000436,    0.000047,    0.000013
   82    -0.000154,   -0.000275,   -0.000456,   -0.000027,   -0.000042
   83     0.000059,   -0.000063,   -0.000053,   -0.000005,   -0.000009
   84    -0.000014,   -0.000036,    0.000001,   -0.000010,   -0.000006
   85    -0.000021,   -0.000069,   -0.000008,   -0.000010,   -0.000013
   86     0.000053,   -0.000027,    0.000053,   -0.000002,    0.000001
   87     0.000002,   -0.000039,   -0.000019,   -0.000007,   -0.000009
   88     0.000012,   -0.000022,    0.000025,   -0.000003,   -0.000001
   89    -0.000050,   -0.000093,   -0.000065,   -0.000014,   -0.000020
   90    -0.002347,   -0.000606,    0.003399,   -0.000129,   -0.000076
   91    -0.002557,   -0.000579,    0.004080,   -0.000144,   -0.000092
   92    -0.000291,   -0.001067,    0.001415,   -0.000142,   -0.000099
   93    -0.000094,   -0.000079,    0.000106,   -0.000014,   -0.000012
   94    -0.000051,    0.000155,    0.000006,    0.000023,    0.000030
   95     0.000131,    0.000028,   -0.000351,    0.000008,    0.000004
   96     0.000141,   -0.000156,    0.000016,   -0.000024,   -0.000033
   97    -0.000156,    0.000437,    0.000174,    0.000062,    0.000089
   98    -0.000016,   -0.000174,   -0.000504,   -0.000014,   -0.000014
   99    -0.000024,    0.000062,    0.000014,    0.000009,    0.000013
  100     0.000033,   -0.000089,   -0.000014,   -0.000013,   -0.000016
  101    -0.000005,    0.000031,    0.000092,    0.000003,    0.000005
  102    -0.000024,    0.000018,   -0.000047,    0.000003,    0.000003
  103     0.000002,   -0.000014,   -0.000005,   -0.000002,   -0.000002
  104     0.002008,    0.001256,    0.003492,    0.000170,    0.000180
  105     0.002732,    0.001389,    0.004452,    0.000178,    0.000202
  106     0.000618,    0.000654,    0.000598,    0.000054,    0.000009
  107     0.000247,    0.000024,    0.000153,    0.000006,    0.000007
  108    -0.000046,    0.000176,    0.000001,    0.000028,    0.000032
  109     0.000126,    0.000073,    0.000362,    0.000009,    0.000011
  110     0.000604,   -0.000215,    0.000244,   -0.000030,   -0.000022
  111    -0.000215,    0.000654,    0.000035,    0.000090,    0.000100
  112     0.000244,    0.000035,    0.000705,   -0.000002,    0.000014
  113    -0.000030,    0.000090,   -0.000002,    0.000014,    0.000015
  114    -0.000022,    0.000100,    0.000014,    0.000015,    0.000018
  115    -0.000040,    0.000028,    0.000079,    0.000003,    0.000003
  116     0.000083,   -0.000008,    0.000063,   -0.000001,   -0.000000
  117     0.000041,   -0.000006,    0.000004,    0.000000,    0.000000
  118    -0.000001,   -0.000002,   -0.000001,   -0.000000,   -0.000000
  119     0.000002,    0.000000,    0.000001,    0.000000,    0.000000
  120     0.000107,    0.000260,    0.000207,    0.000027,    0.000034
  121     0.001044,    0.002701,    0.002136,    0.000275,    0.000350
  122    -0.002969,   -0.007767,   -0.006257,   -0.000799,   -0.001019
  123    -0.000626,   -0.001399,   -0.001015,   -0.000142,   -0.000169
  124    -0.000007,   -0.000002,   -0.000015,    0.000001,    0.000001
  125    -0.000015,   -0.000008,   -0.000023,    0.000000,   -0.000001
  126    -0.000002,   -0.000019,    0.000003,   -0.000001,   -0.000000
  127     0.000169,    0.000056,    0.000341,   -0.000023,   -0.000012
  128     0.000351,    0.000187,    0.000541,   -0.000002,    0.000018
  129     0.000048,    0.000442,   -0.000067,    0.000012,    0.000006
  130    -0.000895,   -0.000323,   -0.001836,    0.000115,    0.000058
  131    -0.001770,   -0.000844,   -0.002668,    0.000024,   -0.000074
  132    -0.000232,   -0.002301,    0.000366,   -0.000061,   -0.000029
  133    -0.001565,   -0.000384,   -0.003128,    0.000232,    0.000135
  134    -0.003485,   -0.001928,   -0.005429,    0.000007,   -0.000193
  135    -0.000482,   -0.004181,    0.000621,   -0.000109,   -0.000054
  136    -0.000560,   -0.000074,   -0.001487,    0.000112,    0.000079
  137    -0.001317,   -0.000652,   -0.002075,    0.000034,   -0.000038
  138    -0.000128,   -0.001811,    0.000403,   -0.000033,   -0.000011
  139     0.000000,    0.000000,   -0.000000,    0.000000,    0.000000
  140     0.000000,    0.000000,    0.000000,    0.000000,    0.000000
  141    -0.000000,   -0.000000,   -0.000001,   -0.000000,   -0.000000
  142    -0.000000,   -0.000000,    0.000000,   -0.000000,   -0.000000
  143    -0.000001,    0.000000,   -0.000000,    0.000000,    0.000000
  144    -0.000004,    0.000002,    0.000017,    0.000000,    0.000000
  145    -0.000008,   -0.000003,   -0.000010,   -0.000001,   -0.000001
  146     0.000005,    0.000014,    0.000022,    0.000002,    0.000003
  147     0.000002,    0.000006,    0.000002,    0.000001,    0.000001
  148     0.000026,    0.000013,    0.000019,    0.000002,    0.000003
  149    -0.000035,   -0.000025,   -0.000137,   -0.000005,   -0.000004
  150     0.000061,    0.000055,    0.000060,    0.000011,    0.000009
  151    -0.000055,   -0.000136,   -0.000156,   -0.000019,   -0.000025
  152    -0.000018,   -0.000028,   -0.000035,   -0.000006,   -0.000005
  153    -0.000169,   -0.000236,   -0.000168,   -0.000031,   -0.000046
  154    -0.000197,   -0.000115,   -0.000244,   -0.000012,   -0.000015
  155     0.000065,    0.000113,    0.000019,    0.000012,    0.000008
  156    -0.000116,   -0.000192,   -0.000255,   -0.000021,   -0.000030
  157    -0.000022,   -0.000014,   -0.000043,   -0.000001,   -0.000002
  158    -0.000173,   -0.000358,   -0.000338,   -0.000039,   -0.000057
  159     0.000068,    0.000087,    0.000039,    0.000010,    0.000017
  160     0.000017,    0.000020,    0.000027,    0.000003,    0.000003
  161     0.000050,    0.000078,    0.000099,    0.000009,    0.000013
  162     0.000027,    0.000031,    0.000019,    0.000004,    0.000003
  163    -0.000014,   -0.000012,   -0.000036,   -0.000002,   -0.000002
  164     0.000021,    0.000024,    0.000008,    0.000003,    0.000002
  165    -0.000085,   -0.000056,   -0.000095,   -0.000006,   -0.000009
  166    -0.000001,    0.000001,    0.000001,    0.000000,    0.000000
  167     0.000005,   -0.000007,    0.000002,   -0.000001,   -0.000001
  168     0.000230,   -0.000316,   -0.000110,   -0.000030,   -0.000038
  169     0.002238,   -0.003098,   -0.001196,   -0.000283,   -0.000370
  170    -0.006727,    0.009363,    0.003307,    0.000900,    0.001161
  171    -0.001119,    0.001560,    0.000703,    0.000106,    0.000155
  172    -0.000030,    0.000037,   -0.000008,    0.000005,    0.000006
  173     0.000022,   -0.000035,   -0.000011,   -0.000006,   -0.000006
  174    -0.000032,    0.000030,   -0.000031,    0.000005,    0.000001
  175     0.000700,   -0.000857,    0.000181,   -0.000115,   -0.000146
  176    -0.000500,    0.000813,    0.000250,    0.000128,    0.000142
  177     0.000740,   -0.000697,    0.000716,   -0.000115,   -0.000034
  178    -0.003537,    0.004288,   -0.000923,    0.000573,    0.000732
  179     0.002396,   -0.003936,   -0.001252,   -0.000626,   -0.000692
  180    -0.003814,    0.003639,   -0.003721,    0.000603,    0.000177
  181    -0.006763,    0.008335,   -0.001580,    0.001114,    0.001417
  182     0.004938,   -0.008071,   -0.002599,   -0.001259,   -0.001406
  183    -0.007018,    0.006615,   -0.006806,    0.001097,    0.000319
  184    -0.002666,    0.002910,   -0.000427,    0.000371,    0.000482
  185     0.001435,   -0.002523,   -0.000955,   -0.000393,   -0.000433
  186    -0.002697,    0.002956,   -0.002902,    0.000490,    0.000154
  187    -0.000000,    0.000001,    0.000000,    0.000000,    0.000000
  188    -0.000001,   -0.000000,   -0.000000,   -0.000000,   -0.000000
  189    -0.000000,    0.000001,    0.000000,    0.000000,    0.000000
  190     0.000000,   -0.000000,    0.000000,   -0.000000,    0.000000
  191    -0.000000,    0.000000,    0.000001,    0.000000,    0.000000
  192     0.000039,   -0.000078,    0.000010,   -0.000012,   -0.000014
  193     0.000029,    0.000001,    0.000009,    0.000000,    0.000001
  194     0.000031,   -0.000052,   -0.000009,   -0.000008,   -0.000010
  195    -0.000018,    0.000004,   -0.000008,    0.000000,   -0.000000
  196     0.000029,   -0.000021,   -0.000027,   -0.000004,   -0.000004
  197    -0.000420,    0.000689,   -0.000133,    0.000104,    0.000122
  198    -0.000258,    0.000023,   -0.000102,    0.000002,   -0.000006
  199    -0.000301,    0.000443,    0.000031,    0.000066,    0.000077
  200     0.000155,   -0.000012,    0.000053,   -0.000002,    0.000003
  201    -0.000284,    0.000275,    0.000240,    0.000039,    0.000044
  202    -0.000669,    0.000962,    0.000008,    0.000133,    0.000158
  203    -0.000258,    0.000113,   -0.000169,    0.000015,   -0.000000
  204    -0.000391,    0.000605,    0.000116,    0.000082,    0.000099
  205     0.000144,   -0.000021,    0.000058,   -0.000006,    0.000001
  206    -0.000328,    0.000491,    0.000321,    0.000064,    0.000076
  207    -0.000006,   -0.000058,    0.000135,   -0.000010,   -0.000013
  208     0.000111,   -0.000016,    0.000045,   -0.000003,    0.000002
  209    -0.000170,    0.000252,    0.000050,    0.000036,    0.000043
  210     0.000104,   -0.000023,    0.000052,   -0.000003,    0.000002
  211     0.000100,   -0.000161,    0.000013,   -0.000023,   -0.000028
  212     0.000062,   -0.000019,    0.000036,   -0.000002,    0.000001
  213     0.000270,   -0.000380,   -0.000020,   -0.000055,   -0.000064
               115,         116,         117,         118,         119
    0     0.000166,   -0.000167,   -0.000091,    0.000001,   -0.000017
    1     0.000293,   -0.000275,   -0.000150,   -0.000000,   -0.000066
    2    -0.000348,    0.000249,    0.000126,    0.000004,    0.000204
    3    -0.000349,    0.000079,    0.000009,    0.000005,    0.000191
    4    -0.000212,   -0.000063,    0.000122,    0.000054,   -0.000003
    5     0.000537,   -0.000476,   -0.000116,   -0.000006,   -0.000079
    6     0.000689,   -0.000201,   -0.000446,    0.000009,    0.000136
    7     0.000202,   -0.000132,   -0.000247,   -0.000000,   -0.000000
    8     0.000410,   -0.000317,   -0.000095,   -0.000009,   -0.000065
    9     0.000485,   -0.000111,   -0.000296,    0.000013,    0.000098
   10     0.000123,   -0.000060,   -0.000159,    0.000000,    0.000000
   11     0.000219,   -0.000084,   -0.000047,   -0.000012,   -0.000020
   12     0.000120,   -0.000046,   -0.000069,    0.000010,    0.000034
   13     0.000012,    0.000020,   -0.000016,   -0.000000,    0.000000
   14    -0.000021,    0.000026,    0.000023,   -0.000002,   -0.000002
   15    -0.000010,    0.000019,    0.000019,    0.000000,   -0.000000
   16     0.000029,   -0.000024,   -0.000015,   -0.000001,   -0.000002
   17    -0.000004,    0.000020,    0.000005,   -0.000000,   -0.000000
   18     0.000053,   -0.000015,   -0.000019,   -0.000001,   -0.000001
   19    -0.000017,    0.000040,    0.000025,   -0.000004,    0.000002
   20    -0.000018,    0.000043,    0.000041,   -0.000000,   -0.000000
   21     0.000042,   -0.000030,   -0.000038,   -0.000003,   -0.000001
   22    -0.000029,    0.000068,    0.000030,    0.000000,    0.000000
   23     0.000087,   -0.000007,   -0.000045,   -0.000005,    0.000000
   24    -0.000011,   -0.000001,    0.000000,    0.000000,   -0.000002
   25     0.000006,   -0.000013,   -0.000012,    0.000000,    0.000000
   26    -0.000010,    0.000007,    0.000006,    0.000000,   -0.000000
   27    -0.000006,    0.000011,    0.000006,    0.000000,    0.000000
   28    -0.000003,    0.000001,    0.000001,    0.000001,    0.000002
   29    -0.000002,    0.000003,    0.000001,    0.000000,    0.000000
   30    -0.000020,    0.000008,    0.000009,    0.000001,    0.000001
   31     0.000158,   -0.000088,   -0.000084,   -0.000001,    0.000020
   32     0.000201,   -0.000081,   -0.000081,   -0.000003,    0.000015
   33     0.000084,    0.000021,   -0.000017,   -0.000006,    0.000001
   34    -0.000002,    0.000003,    0.000006,   -0.000000,   -0.000003
   35     0.000010,    0.000000,   -0.000004,    0.000000,    0.000002
   36    -0.000013,    0.000009,    0.000006,    0.000000,   -0.000002
   37     0.000005,   -0.000012,   -0.000003,    0.000001,   -0.000005
   38     0.000028,   -0.000006,   -0.000017,   -0.000001,    0.000007
   39    -0.000004,    0.000008,   -0.000007,   -0.000001,   -0.000002
   40    -0.000003,    0.000001,    0.000002,    0.000000,   -0.000001
   41    -0.000006,    0.000001,    0.000003,    0.000000,   -0.000001
   42     0.000002,   -0.000002,    0.000000,    0.000000,   -0.000000
   43    -0.000002,    0.000002,    0.000000,    0.000000,    0.000001
   44     0.000000,    0.000000,   -0.000001,   -0.000000,    0.000000
   45     0.000049,   -0.000072,    0.000048,   -0.000001,    0.000020
   46     0.000056,   -0.000029,    0.000085,   -0.000003,    0.000015
   47     0.000065,   -0.000038,   -0.000013,   -0.000006,    0.000001
   48     0.000010,   -0.000006,   -0.000008,   -0.000000,   -0.000003
   49     0.000012,   -0.000005,   -0.000009,    0.000000,    0.000002
   50     0.000006,   -0.000006,    0.000003,   -0.000000,    0.000002
   51     0.000026,   -0.000037,   -0.000018,    0.000001,   -0.000005
   52     0.000032,   -0.000010,   -0.000026,   -0.000001,    0.000007
   53    -0.000010,    0.000015,    0.000018,    0.000001,    0.000002
   54    -0.000005,    0.000003,    0.000005,    0.000000,   -0.000001
   55     0.000007,   -0.000003,   -0.000005,   -0.000000,    0.000001
   56     0.000004,   -0.000004,   -0.000001,    0.000000,   -0.000000
   57     0.000004,   -0.000004,   -0.000003,   -0.000000,   -0.000001
   58    -0.000001,    0.000003,    0.000001,   -0.000000,    0.000000
   59    -0.000999,   -0.001655,   -0.000691,    0.000001,    0.000007
   60    -0.001466,   -0.002475,   -0.001016,    0.000002,    0.000012
   61     0.000696,    0.001373,    0.000492,   -0.000002,   -0.000014
   62     0.000620,    0.001232,    0.000481,   -0.000001,   -0.000030
   63     0.000620,   -0.000165,   -0.000172,   -0.000010,    0.000002
   64    -0.002069,    0.000127,    0.000489,    0.000004,    0.000009
   65     0.000122,   -0.000147,   -0.000011,   -0.000004,    0.000026
   66     0.000600,   -0.001226,   -0.000902,    0.000000,    0.000000
   67    -0.001358,    0.000197,    0.000357,    0.000001,    0.000004
   68     0.000131,   -0.000080,   -0.000016,   -0.000003,    0.000016
   69     0.000407,   -0.000848,   -0.000628,    0.000000,    0.000000
   70    -0.000282,    0.000009,    0.000050,   -0.000006,    0.000007
   71     0.000073,   -0.000018,   -0.000009,   -0.000005,   -0.000003
   72     0.000121,   -0.000250,   -0.000190,   -0.000000,    0.000000
   73    -0.000035,    0.000014,    0.000013,    0.000000,    0.000003
   74     0.000004,   -0.000008,   -0.000011,   -0.000000,   -0.000000
   75     0.000072,   -0.000005,   -0.000013,    0.000000,   -0.000002
   76    -0.000019,    0.000048,    0.000034,   -0.000000,   -0.000000
   77     0.000044,   -0.000008,    0.000002,   -0.000000,   -0.000006
   78    -0.000040,    0.000039,    0.000018,   -0.000001,    0.000005
   79    -0.000003,    0.000008,   -0.000006,   -0.000000,   -0.000000
   80     0.000054,   -0.000039,   -0.000010,   -0.000000,   -0.000005
   81    -0.000001,    0.000033,    0.000024,    0.000000,   -0.000000
   82    -0.000014,   -0.000021,    0.000034,   -0.000001,   -0.000013
   83    -0.000014,    0.000006,    0.000007,    0.000000,   -0.000001
   84     0.000003,   -0.000005,   -0.000007,   -0.000000,   -0.000000
   85     0.000004,   -0.000003,   -0.000001,    0.000000,   -0.000001
   86    -0.000003,    0.000003,    0.000002,    0.000000,    0.000000
   87    -0.000006,   -0.000006,   -0.000004,    0.000000,    0.000001
   88    -0.000000,   -0.000002,   -0.000002,   -0.000000,    0.000000
   89    -0.000004,   -0.000014,   -0.000004,    0.000000,   -0.000001
   90     0.000895,   -0.000193,   -0.000336,   -0.000001,   -0.000010
   91     0.001037,   -0.000195,   -0.000390,   -0.000004,   -0.000007
   92     0.000239,   -0.000069,   -0.000097,   -0.000004,   -0.000006
   93     0.000033,   -0.000010,   -0.000017,    0.000000,   -0.000000
   94     0.000006,   -0.000004,   -0.000002,    0.000000,    0.000000
   95    -0.000081,   -0.000002,    0.000020,    0.000000,    0.000001
   96    -0.000005,    0.000024,    0.000002,   -0.000001,    0.000002
   97     0.000031,   -0.000018,   -0.000014,   -0.000002,    0.000000
   98    -0.000092,   -0.000047,    0.000005,    0.000001,   -0.000001
   99     0.000003,   -0.000003,   -0.000002,   -0.000000,    0.000000
  100    -0.000005,    0.000003,    0.000002,    0.000000,   -0.000000
  101     0.000017,    0.000006,    0.000000,   -0.000000,   -0.000000
  102    -0.000006,   -0.000007,   -0.000001,    0.000000,   -0.000000
  103     0.000000,    0.000001,    0.000000,    0.000000,   -0.000000
  104     0.000474,    0.000696,    0.000312,   -0.000001,   -0.000010
  105     0.000536,    0.000844,    0.000362,   -0.000004,   -0.000007
  106     0.000111,    0.000234,    0.000096,   -0.000004,   -0.000006
  107     0.000001,    0.000054,    0.000031,    0.000000,   -0.000000
  108     0.000004,   -0.000002,    0.000001,    0.000000,    0.000000
  109     0.000056,    0.000053,    0.000018,   -0.000000,   -0.000001
  110    -0.000040,    0.000083,    0.000041,   -0.000001,    0.000002
  111     0.000028,   -0.000008,   -0.000006,   -0.000002,    0.000000
  112     0.000079,    0.000063,    0.000004,   -0.000001,    0.000001
  113     0.000003,   -0.000001,    0.000000,   -0.000000,    0.000000
  114     0.000003,   -0.000000,    0.000000,   -0.000000,    0.000000
  115     0.000020,    0.000001,   -0.000003,   -0.000000,   -0.000000
  116     0.000001,    0.000016,    0.000007,   -0.000000,    0.000000
  117    -0.000003,    0.000007,    0.000006,    0.000000,   -0.000000
  118    -0.000000,   -0.000000,    0.000000,    0.000000,    0.000000
  119    -0.000000,    0.000000,   -0.000000,    0.000000,    0.000000
  120     0.000012,    0.000018,   -0.000008,   -0.000015,   -0.000011
  121     0.000139,    0.000182,   -0.000076,   -0.000159,   -0.000122
  122    -0.000408,   -0.000519,    0.000232,    0.000435,    0.000315
  123    -0.000056,   -0.000101,    0.000038,    0.000107,    0.000091
  124    -0.000000,   -0.000000,    0.000001,    0.000000,    0.000001
  125     0.000000,   -0.000001,    0.000001,    0.000000,   -0.000001
  126     0.000001,   -0.000000,    0.000001,    0.000000,    0.000000
  127     0.000002,    0.000000,   -0.000018,   -0.000000,   -0.000017
  128    -0.000002,    0.000029,   -0.000034,   -0.000001,    0.000014
  129    -0.000012,    0.000007,   -0.000035,   -0.000000,   -0.000000
  130    -0.000016,   -0.000002,    0.000098,    0.000002,    0.000084
  131     0.000020,   -0.000139,    0.000170,    0.000003,   -0.000070
  132     0.000062,   -0.000033,    0.000183,    0.000000,    0.000000
  133    -0.000014,    0.000007,    0.000165,   -0.000002,    0.000156
  134     0.000003,   -0.000296,    0.000333,    0.000017,   -0.000132
  135     0.000118,   -0.000065,    0.000330,    0.000000,    0.000000
  136    -0.000032,    0.000021,    0.000095,   -0.000009,    0.000045
  137    -0.000010,   -0.000109,    0.000122,    0.000022,   -0.000017
  138     0.000043,   -0.000026,    0.000151,    0.000000,    0.000000
  139    -0.000000,    0.000000,    0.000000,   -0.000000,   -0.000000
  140    -0.000000,    0.000000,    0.000000,    0.000000,   -0.000000
  141    -0.000000,   -0.000000,    0.000000,   -0.000000,   -0.000000
  142     0.000000,   -0.000000,   -0.000000,   -0.000000,   -0.000000
  143     0.000000,   -0.000000,   -0.000000,   -0.000000,   -0.000000
  144     0.000002,   -0.000001,   -0.000002,    0.000001,    0.000003
  145     0.000001,   -0.000001,   -0.000001,   -0.000000,   -0.000000
  146     0.000001,    0.000001,   -0.000002,    0.000001,    0.000002
  147    -0.000000,    0.000000,    0.000000,    0.000000,    0.000000
  148    -0.000002,    0.000003,    0.000000,    0.000001,    0.000001
  149    -0.000005,   -0.000001,    0.000016,   -0.000004,   -0.000019
  150    -0.000007,    0.000005,    0.000004,    0.000000,    0.000000
  151    -0.000006,   -0.000007,    0.000011,   -0.000002,   -0.000013
  152     0.000003,    0.000000,    0.000000,   -0.000000,   -0.000000
  153     0.000014,   -0.000020,    0.000006,   -0.000002,   -0.000011
  154     0.000001,   -0.000023,    0.000017,    0.000007,   -0.000013
  155    -0.000008,    0.000010,    0.000003,    0.000000,    0.000000
  156    -0.000012,   -0.000017,    0.000015,    0.000005,   -0.000007
  157     0.000002,    0.000002,    0.000003,   -0.000000,   -0.000000
  158    -0.000006,   -0.000022,    0.000018,    0.000004,   -0.000006
  159    -0.000009,    0.000008,    0.000001,    0.000000,   -0.000001
  160    -0.000002,   -0.000000,   -0.000001,    0.000000,    0.000000
  161     0.000002,    0.000006,   -0.000006,   -0.000000,    0.000005
  162    -0.000003,    0.000003,    0.000001,    0.000000,    0.000000
  163    -0.000002,   -0.000001,    0.000003,    0.000000,   -0.000003
  164    -0.000002,    0.000003,    0.000002,   -0.000000,   -0.000000
  165     0.000005,   -0.000008,    0.000008,    0.000000,   -0.000008
  166     0.000000,    0.000000,   -0.000000,   -0.000000,   -0.000000
  167    -0.000000,    0.000001,    0.000000,   -0.000000,   -0.000000
  168    -0.000028,    0.000012,    0.000008,    0.000000,    0.000003
  169    -0.000285,    0.000098,    0.000071,    0.000004,    0.000031
  170     0.000834,   -0.000346,   -0.000239,   -0.000010,   -0.000081
  171     0.000139,   -0.000026,   -0.000012,   -0.000001,   -0.000027
  172     0.000004,   -0.000003,    0.000001,   -0.000000,   -0.000001
  173    -0.000003,    0.000002,    0.000002,   -0.000000,   -0.000000
  174     0.000001,   -0.000001,    0.000000,   -0.000000,   -0.000000
  175    -0.000084,    0.000060,   -0.000012,    0.000001,    0.000013
  176     0.000077,   -0.000052,   -0.000051,    0.000000,    0.000006
  177    -0.000032,    0.000029,   -0.000008,    0.000000,    0.000000
  178     0.000431,   -0.000297,    0.000068,   -0.000005,   -0.000069
  179    -0.000373,    0.000249,    0.000251,   -0.000001,   -0.000033
  180     0.000164,   -0.000147,    0.000044,   -0.000000,   -0.000000
  181     0.000829,   -0.000566,    0.000109,   -0.000010,   -0.000126
  182    -0.000776,    0.000494,    0.000494,   -0.000001,   -0.000061
  183     0.000305,   -0.000277,    0.000076,   -0.000000,   -0.000000
  184     0.000378,   -0.000194,    0.000060,   -0.000002,   -0.000055
  185    -0.000231,    0.000122,    0.000151,    0.000000,   -0.000020
  186     0.000101,   -0.000057,    0.000078,   -0.000000,   -0.000000
  187     0.000000,   -0.000000,   -0.000000,   -0.000000,    0.000000
  188     0.000000,   -0.000000,   -0.000000,   -0.000000,    0.000000
  189     0.000000,   -0.000000,   -0.000000,    0.000000,    0.000000
  190    -0.000000,    0.000000,    0.000000,    0.000000,    0.000000
  191     0.000000,   -0.000000,   -0.000000,    0.000000,    0.000000
  192    -0.000002,    0.000006,    0.000003,    0.000000,   -0.000000
  193    -0.000002,    0.000005,    0.000003,    0.000000,   -0.000000
  194    -0.000004,    0.000004,    0.000003,    0.000000,   -0.000000
  195     0.000001,   -0.000003,   -0.000002,    0.000000,   -0.000000
  196    -0.000008,    0.000003,    0.000004,   -0.000000,   -0.000000
  197     0.000020,   -0.000060,   -0.000022,   -0.000000,    0.000000
  198     0.000020,   -0.000037,   -0.000024,    0.000000,    0.000000
  199     0.000034,   -0.000039,   -0.000024,   -0.000000,    0.000002
  200    -0.000012,    0.000023,    0.000015,   -0.000000,   -0.000000
  201     0.000066,   -0.000030,   -0.000034,    0.000000,    0.000003
  202     0.000068,   -0.000068,   -0.000026,    0.000000,   -0.000003
  203     0.000017,   -0.000026,   -0.000015,    0.000000,   -0.000000
  204     0.000053,   -0.000036,   -0.000023,   -0.000000,   -0.000000
  205    -0.000010,    0.000019,    0.000010,   -0.000000,   -0.000000
  206     0.000072,   -0.000028,   -0.000037,   -0.000001,    0.000003
  207     0.000021,    0.000003,   -0.000009,    0.000000,    0.000001
  208    -0.000008,    0.000015,    0.000009,   -0.000000,   -0.000000
  209     0.000024,   -0.000018,   -0.000012,    0.000000,    0.000001
  210    -0.000008,    0.000013,    0.000008,   -0.000000,   -0.000000
  211    -0.000008,    0.000012,    0.000004,   -0.000000,    0.000000
  212    -0.000004,    0.000007,    0.000005,   -0.000000,   -0.000000
  213    -0.000030,    0.000031,    0.000016,    0.000000,    0.000000
               120,         121,         122,         123,         124
    0    -0.000339,   -0.003397,    0.011784,    0.001734,   -0.000037
    1    -0.000854,   -0.007351,    0.026372,    0.002718,   -0.000078
    2     0.002536,    0.019953,   -0.068818,   -0.006385,    0.000139
    3     0.002151,    0.016434,   -0.058432,   -0.004729,    0.000119
    4    -0.008570,   -0.088791,    0.250957,    0.053787,   -0.000307
    5    -0.000230,   -0.000460,    0.010460,   -0.007979,   -0.000350
    6     0.000659,    0.003604,   -0.025633,    0.008574,    0.000513
    7    -0.000000,    0.000000,   -0.000000,    0.000000,    0.000000
    8     0.000436,    0.006085,   -0.009777,   -0.010183,   -0.000284
    9    -0.000581,   -0.008334,    0.012178,    0.013092,    0.000352
   10    -0.000000,   -0.000000,    0.000000,    0.000000,   -0.000000
   11     0.001628,    0.017439,   -0.047439,   -0.011676,   -0.000050
   12    -0.001061,   -0.011879,    0.030149,    0.008813,    0.000200
   13     0.000000,    0.000000,   -0.000000,    0.000000,   -0.000000
   14     0.000236,    0.002460,   -0.006496,   -0.001972,    0.000015
   15    -0.000000,   -0.000000,    0.000000,   -0.000000,   -0.000000
   16     0.000161,    0.001703,   -0.004569,   -0.001286,   -0.000017
   17    -0.000000,   -0.000000,    0.000000,    0.000000,   -0.000000
   18     0.000164,    0.001748,   -0.004861,   -0.001015,   -0.000036
   19     0.000693,    0.007034,   -0.019341,   -0.005249,    0.000064
   20    -0.000000,   -0.000000,    0.000000,    0.000000,    0.000000
   21     0.000477,    0.004928,   -0.013567,   -0.003445,   -0.000046
   22    -0.000000,   -0.000000,    0.000000,    0.000000,   -0.000000
   23     0.000713,    0.007385,   -0.020936,   -0.004198,   -0.000080
   24    -0.000040,   -0.000361,    0.001112,    0.000250,   -0.000018
   25    -0.000000,   -0.000000,    0.000000,    0.000000,   -0.000000
   26    -0.000008,   -0.000075,    0.000266,    0.000028,   -0.000003
   27    -0.000000,   -0.000000,    0.000000,    0.000000,   -0.000000
   28    -0.000061,   -0.000701,    0.001850,    0.000508,   -0.000007
   29    -0.000000,   -0.000000,    0.000000,    0.000000,   -0.000000
   30    -0.000073,   -0.000808,    0.002238,    0.000479,    0.000000
   31     0.000429,    0.003740,   -0.010846,   -0.002947,   -0.000088
   32     0.000672,    0.006389,   -0.017963,   -0.004798,   -0.000073
   33     0.000906,    0.009340,   -0.026233,   -0.005794,   -0.000024
   34    -0.000036,   -0.000294,    0.000985,    0.000124,   -0.000002
   35     0.000009,    0.000034,   -0.000354,    0.000135,    0.000012
   36    -0.000067,   -0.000627,    0.001777,    0.000480,    0.000006
   37    -0.000230,   -0.002238,    0.006727,    0.001119,   -0.000030
   38     0.000316,    0.003098,   -0.009363,   -0.001560,    0.000037
   39     0.000110,    0.001196,   -0.003307,   -0.000703,   -0.000008
   40    -0.000030,   -0.000283,    0.000900,    0.000106,   -0.000005
   41    -0.000038,   -0.000370,    0.001161,    0.000155,   -0.000006
   42    -0.000028,   -0.000285,    0.000834,    0.000139,   -0.000004
   43     0.000012,    0.000098,   -0.000346,   -0.000026,    0.000003
   44     0.000008,    0.000071,   -0.000239,   -0.000012,   -0.000001
   45     0.000429,    0.003740,   -0.010846,   -0.002947,   -0.000088
   46     0.000672,    0.006389,   -0.017963,   -0.004798,   -0.000073
   47     0.000906,    0.009340,   -0.026233,   -0.005794,   -0.000024
   48    -0.000036,   -0.000294,    0.000985,    0.000124,   -0.000002
   49     0.000009,    0.000034,   -0.000354,    0.000135,    0.000012
   50     0.000067,    0.000627,   -0.001777,   -0.000480,   -0.000006
   51    -0.000230,   -0.002238,    0.006727,    0.001119,   -0.000030
   52     0.000316,    0.003098,   -0.009363,   -0.001560,    0.000037
   53    -0.000110,   -0.001196,    0.003307,    0.000703,    0.000008
   54    -0.000030,   -0.000283,    0.000900,    0.000106,   -0.000005
   55     0.000038,    0.000370,   -0.001161,   -0.000155,    0.000006
   56    -0.000028,   -0.000285,    0.000834,    0.000139,   -0.000004
   57    -0.000012,   -0.000098,    0.000346,    0.000026,   -0.000003
   58     0.000008,    0.000071,   -0.000239,   -0.000012,   -0.000001
   59    -0.000033,   -0.000596,    0.001772,   -0.001231,   -0.000032
   60    -0.000068,   -0.001115,    0.002968,   -0.001326,   -0.000071
   61     0.000045,    0.000782,   -0.000611,   -0.001243,    0.000156
   62    -0.000302,   -0.002367,    0.009710,   -0.000769,    0.000240
   63     0.001574,    0.016599,   -0.048935,   -0.008035,    0.000187
   64    -0.000466,   -0.005697,    0.019354,   -0.000071,    0.000083
   65     0.000962,    0.009256,   -0.028263,   -0.003265,   -0.000003
   66     0.000000,   -0.000000,    0.000000,   -0.000000,    0.000000
   67    -0.000103,   -0.001568,    0.006616,   -0.001121,    0.000018
   68     0.000767,    0.007515,   -0.022606,   -0.002885,   -0.000021
   69     0.000000,    0.000000,   -0.000000,   -0.000000,    0.000000
   70     0.001003,    0.010096,   -0.028434,   -0.006784,    0.000130
   71     0.000757,    0.008012,   -0.023002,   -0.003577,   -0.000042
   72     0.000000,    0.000000,   -0.000000,   -0.000000,    0.000000
   73     0.000035,    0.000248,   -0.000647,   -0.000367,   -0.000001
   74     0.000000,    0.000000,   -0.000000,    0.000000,   -0.000000
   75    -0.000052,   -0.000458,    0.001360,    0.000255,    0.000002
   76    -0.000000,   -0.000000,    0.000000,    0.000000,   -0.000000
   77    -0.000082,   -0.000676,    0.002332,    0.000208,   -0.000009
   78     0.000305,    0.002921,   -0.007986,   -0.002560,    0.000020
   79    -0.000000,   -0.000000,   -0.000000,    0.000000,   -0.000000
   80    -0.000052,   -0.000408,    0.001573,   -0.000248,    0.000050
   81    -0.000000,   -0.000000,    0.000000,    0.000000,   -0.000000
   82    -0.000119,   -0.000880,    0.003776,   -0.000338,    0.000012
   83    -0.000028,   -0.000289,    0.001042,   -0.000107,   -0.000004
   84     0.000000,    0.000000,   -0.000000,    0.000000,    0.000000
   85    -0.000044,   -0.000443,    0.001304,    0.000205,    0.000000
   86     0.000000,    0.000000,   -0.000000,   -0.000000,    0.000000
   87    -0.000004,   -0.000064,    0.000097,    0.000091,   -0.000004
   88     0.000000,    0.000000,   -0.000000,   -0.000000,    0.000000
   89    -0.000017,   -0.000151,    0.000527,    0.000023,   -0.000007
   90     0.000025,    0.000691,   -0.002120,    0.000243,   -0.000005
   91     0.000499,    0.005548,   -0.016203,   -0.002257,   -0.000043
   92     0.000484,    0.005207,   -0.014390,   -0.003096,   -0.000040
   93    -0.000006,   -0.000060,    0.000179,    0.000039,    0.000003
   94    -0.000015,   -0.000161,    0.000399,    0.000180,   -0.000001
   95    -0.000003,   -0.000070,    0.000235,   -0.000029,   -0.000000
   96     0.000107,    0.001044,   -0.002969,   -0.000626,   -0.000007
   97     0.000260,    0.002701,   -0.007767,   -0.001399,   -0.000002
   98    -0.000207,   -0.002136,    0.006257,    0.001015,    0.000015
   99     0.000027,    0.000275,   -0.000799,   -0.000142,    0.000001
  100    -0.000034,   -0.000350,    0.001019,    0.000169,   -0.000001
  101     0.000012,    0.000139,   -0.000408,   -0.000056,   -0.000000
  102    -0.000018,   -0.000182,    0.000519,    0.000101,    0.000000
  103    -0.000008,   -0.000076,    0.000232,    0.000038,    0.000001
  104     0.000025,    0.000691,   -0.002120,    0.000243,   -0.000005
  105     0.000499,    0.005548,   -0.016203,   -0.002257,   -0.000043
  106     0.000484,    0.005207,   -0.014390,   -0.003096,   -0.000040
  107    -0.000006,   -0.000060,    0.000179,    0.000039,    0.000003
  108    -0.000015,   -0.000161,    0.000399,    0.000180,   -0.000001
  109     0.000003,    0.000070,   -0.000235,    0.000029,    0.000000
  110     0.000107,    0.001044,   -0.002969,   -0.000626,   -0.000007
  111     0.000260,    0.002701,   -0.007767,   -0.001399,   -0.000002
  112     0.000207,    0.002136,   -0.006257,   -0.001015,   -0.000015
  113     0.000027,    0.000275,   -0.000799,   -0.000142,    0.000001
  114     0.000034,    0.000350,   -0.001019,   -0.000169,    0.000001
  115     0.000012,    0.000139,   -0.000408,   -0.000056,   -0.000000
  116     0.000018,    0.000182,   -0.000519,   -0.000101,   -0.000000
  117    -0.000008,   -0.000076,    0.000232,    0.000038,    0.000001
  118    -0.000015,   -0.000159,    0.000435,    0.000107,    0.000000
  119    -0.000011,   -0.000122,    0.000315,    0.000091,    0.000001
  120     0.002214,    0.023164,   -0.063819,   -0.015483,    0.000009
  121     0.023164,    0.242580,   -0.667763,   -0.162313,    0.000070
  122    -0.063819,   -0.667763,    1.840252,    0.445321,   -0.000233
  123    -0.015483,   -0.162313,    0.445321,    0.110349,   -0.000072
  124     0.000009,    0.000070,   -0.000233,   -0.000072,    0.000011
  125    -0.000014,   -0.000133,    0.000459,   -0.000015,    0.000003
  126     0.000000,   -0.000000,    0.000000,   -0.000000,    0.000000
  127    -0.000213,   -0.001670,    0.005541,    0.001710,   -0.000264
  128     0.000336,    0.003177,   -0.010929,    0.000276,   -0.000065
  129    -0.000000,    0.000000,   -0.000000,    0.000000,   -0.000000
  130     0.000955,    0.007177,   -0.024329,   -0.008121,    0.001365
  131    -0.001471,   -0.013811,    0.048746,   -0.002786,    0.000351
  132     0.000000,   -0.000000,    0.000000,   -0.000000,   -0.000000
  133     0.002773,    0.023697,   -0.074390,   -0.021302,    0.002516
  134    -0.004558,   -0.044473,    0.143575,    0.006456,    0.000624
  135     0.000000,   -0.000000,    0.000000,   -0.000000,    0.000000
  136     0.002167,    0.020856,   -0.059806,   -0.017166,    0.001028
  137    -0.003699,   -0.038148,    0.111214,    0.017535,    0.000331
  138     0.000000,   -0.000000,    0.000000,   -0.000000,    0.000000
  139     0.000002,    0.000026,   -0.000068,   -0.000019,   -0.000000
  140    -0.000000,   -0.000000,    0.000000,   -0.000000,    0.000000
  141     0.000002,    0.000016,   -0.000043,   -0.000013,   -0.000000
  142    -0.000000,    0.000000,    0.000000,   -0.000000,   -0.000000
  143     0.000002,    0.000023,   -0.000061,   -0.000017,    0.000000
  144    -0.000098,   -0.001077,    0.002779,    0.000834,    0.000006
  145     0.000000,    0.000000,   -0.000000,    0.000000,   -0.000000
  146    -0.000064,   -0.000708,    0.001805,    0.000584,    0.000002
  147     0.000000,   -0.000000,    0.000000,   -0.000000,    0.000000
  148    -0.000078,   -0.000843,    0.002207,    0.000676,   -0.000002
  149     0.000282,    0.003434,   -0.007892,   -0.003202,   -0.000060
  150    -0.000000,   -0.000000,    0.000000,   -0.000000,    0.000000
  151     0.000187,    0.002263,   -0.005106,   -0.002307,   -0.000026
  152    -0.000000,   -0.000000,   -0.000000,    0.000000,   -0.000000
  153     0.000217,    0.002501,   -0.005877,   -0.002606,    0.000009
  154    -0.001301,   -0.013098,    0.037748,    0.007800,   -0.000083
  155     0.000000,    0.000000,   -0.000000,   -0.000000,   -0.000000
  156    -0.000833,   -0.008421,    0.024302,    0.004856,   -0.000033
  157     0.000000,    0.000000,   -0.000000,    0.000000,    0.000000
  158    -0.000785,   -0.007988,    0.023103,    0.004274,    0.000017
  159    -0.000016,   -0.000143,    0.000359,    0.000280,   -0.000023
  160    -0.000000,   -0.000000,    0.000000,   -0.000000,   -0.000000
  161     0.000083,    0.000719,   -0.002558,   -0.000054,    0.000012
  162    -0.000000,   -0.000000,    0.000000,   -0.000000,   -0.000000
  163    -0.000058,   -0.000513,    0.001730,    0.000162,   -0.000015
  164     0.000000,    0.000000,   -0.000000,   -0.000000,    0.000000
  165    -0.000144,   -0.001260,    0.004310,    0.000285,   -0.000026
  166     0.000000,    0.000004,   -0.000010,   -0.000001,    0.000000
  167     0.000003,    0.000031,   -0.000081,   -0.000027,    0.000001
  168     0.000008,   -0.000055,    0.000243,   -0.000256,    0.000002
  169    -0.000055,   -0.001983,    0.006327,   -0.001494,    0.000002
  170     0.000243,    0.006327,   -0.020306,    0.003906,   -0.000008
  171    -0.000256,   -0.001494,    0.003906,    0.003184,   -0.000050
  172    -0.000002,   -0.000002,    0.000008,    0.000050,    0.000000
  173    -0.000004,   -0.000027,    0.000080,    0.000044,    0.000000
  174    -0.000000,    0.000000,   -0.000000,    0.000000,   -0.000000
  175     0.000055,    0.000037,   -0.000179,   -0.001169,   -0.000011
  176     0.000085,    0.000625,   -0.001836,   -0.001034,   -0.000005
  177     0.000000,   -0.000000,    0.000000,   -0.000000,    0.000000
  178    -0.000299,   -0.000323,    0.001341,    0.006124,    0.000058
  179    -0.000428,   -0.003124,    0.009049,    0.005425,    0.000023
  180    -0.000000,    0.000000,   -0.000000,    0.000000,    0.000000
  181    -0.000489,    0.000034,    0.000540,    0.010995,    0.000106
  182    -0.000737,   -0.005295,    0.015695,    0.009336,    0.000047
  183    -0.000000,   -0.000000,   -0.000000,    0.000000,   -0.000000
  184    -0.000509,   -0.003024,    0.008787,    0.006544,    0.000060
  185    -0.000366,   -0.002960,    0.008097,    0.004807,   -0.000006
  186    -0.000000,   -0.000000,    0.000000,    0.000000,   -0.000000
  187     0.000001,    0.000006,   -0.000016,   -0.000003,   -0.000000
  188     0.000000,    0.000000,   -0.000000,   -0.000000,    0.000000
  189     0.000000,    0.000001,   -0.000003,   -0.000001,   -0.000000
  190     0.000000,    0.000000,   -0.000000,   -0.000000,   -0.000000
  191    -0.000001,   -0.000008,    0.000023,    0.000005,   -0.000000
  192    -0.000018,   -0.000177,    0.000521,    0.000084,    0.000002
  193    -0.000000,   -0.000000,    0.000000,    0.000000,   -0.000000
  194    -0.000006,   -0.000056,    0.000188,    0.000019,    0.000001
  195    -0.000000,   -0.000000,    0.000000,   -0.000000,    0.000000
  196     0.000017,    0.000190,   -0.000508,   -0.000112,    0.000001
  197     0.000075,    0.000778,   -0.002306,   -0.000274,   -0.000013
  198     0.000000,    0.000000,   -0.000000,   -0.000000,    0.000000
  199     0.000053,    0.000508,   -0.001641,   -0.000157,   -0.000005
  200    -0.000000,    0.000000,   -0.000000,    0.000000,   -0.000000
  201     0.000012,    0.000024,   -0.000355,    0.000044,   -0.000007
  202    -0.000124,   -0.001123,    0.003061,    0.001101,   -0.000017
  203    -0.000000,   -0.000000,    0.000000,    0.000000,   -0.000000
  204    -0.000005,   -0.000012,   -0.000164,    0.000286,   -0.000008
  205     0.000000,    0.000000,   -0.000000,    0.000000,    0.000000
  206     0.000151,    0.001497,   -0.004515,   -0.000806,   -0.000011
  207     0.000017,    0.000132,   -0.000433,   -0.000150,   -0.000002
  208     0.000000,    0.000000,   -0.000000,    0.000000,    0.000000
  209     0.000007,    0.000066,   -0.000289,    0.000045,   -0.000004
  210     0.000000,    0.000000,   -0.000000,    0.000000,    0.000000
  211     0.000004,    0.000031,   -0.000059,   -0.000084,    0.000002
  212    -0.000000,    0.000000,    0.000000,   -0.000000,    0.000000
  213     0.000001,   -0.000002,    0.000076,   -0.000098,    0.000008
               125,         126,         127,         128,         129
    0     0.000081,   -0.000000,    0.000829,   -0.001837,    0.000000
    1     0.000173,   -0.000000,    0.001762,   -0.003951,    0.000000
    2    -0.000318,    0.000000,   -0.003154,    0.007270,   -0.000000
    3    -0.000346,   -0.000000,   -0.002692,    0.007932,    0.000000
    4     0.000357,    0.000000,    0.007172,   -0.008318,   -0.000000
    5     0.000512,    0.000000,    0.008174,   -0.011872,   -0.000000
    6    -0.000834,   -0.000000,   -0.011882,    0.019362,    0.000000
    7     0.000000,   -0.000111,   -0.000000,   -0.000000,    0.002677
    8     0.000370,   -0.000000,    0.006623,   -0.008574,    0.000000
    9    -0.000562,    0.000000,   -0.008157,    0.013044,   -0.000000
   10    -0.000000,   -0.000155,    0.000000,    0.000000,    0.003669
   11     0.000036,   -0.000000,    0.001164,   -0.000835,    0.000000
   12    -0.000052,   -0.000000,   -0.004666,    0.001179,    0.000000
   13    -0.000000,    0.000091,    0.000000,    0.000000,   -0.002121
   14     0.000034,   -0.000000,   -0.000358,   -0.000787,    0.000000
   15    -0.000000,    0.000032,    0.000000,    0.000000,   -0.000755
   16     0.000006,   -0.000000,    0.000390,   -0.000147,    0.000000
   17    -0.000000,   -0.000031,    0.000000,    0.000000,    0.000727
   18    -0.000006,   -0.000000,    0.000836,    0.000150,    0.000000
   19     0.000046,   -0.000000,   -0.001504,   -0.001073,    0.000000
   20     0.000000,    0.000079,   -0.000000,   -0.000000,   -0.001835
   21    -0.000011,   -0.000000,    0.001080,    0.000257,    0.000000
   22    -0.000000,   -0.000127,    0.000000,    0.000000,    0.002978
   23    -0.000051,   -0.000000,    0.001877,    0.001177,    0.000000
   24    -0.000008,    0.000000,    0.000412,    0.000188,   -0.000000
   25     0.000000,   -0.000015,    0.000000,   -0.000000,    0.000341
   26     0.000002,   -0.000000,    0.000059,   -0.000042,    0.000000
   27    -0.000000,   -0.000012,    0.000000,    0.000000,    0.000289
   28    -0.000000,   -0.000000,    0.000155,    0.000000,    0.000000
   29    -0.000000,   -0.000009,    0.000000,    0.000000,    0.000208
   30     0.000005,   -0.000000,   -0.000010,   -0.000117,    0.000000
   31     0.000053,   -0.000089,    0.002075,   -0.001240,    0.002101
   32     0.000060,   -0.000062,    0.001733,   -0.001414,    0.001474
   33    -0.000027,   -0.000153,    0.000561,    0.000623,    0.003592
   34     0.000004,    0.000002,    0.000041,   -0.000083,   -0.000042
   35    -0.000012,    0.000004,   -0.000280,    0.000279,   -0.000093
   36    -0.000005,    0.000005,   -0.000151,    0.000128,   -0.000114
   37     0.000022,   -0.000032,    0.000700,   -0.000500,    0.000740
   38    -0.000035,    0.000030,   -0.000857,    0.000813,   -0.000697
   39    -0.000011,   -0.000031,    0.000181,    0.000250,    0.000716
   40     0.000006,   -0.000005,    0.000115,   -0.000128,    0.000115
   41     0.000006,   -0.000001,    0.000146,   -0.000142,    0.000034
   42     0.000003,   -0.000001,    0.000084,   -0.000077,    0.000032
   43    -0.000002,    0.000001,   -0.000060,    0.000052,   -0.000029
   44    -0.000002,   -0.000000,    0.000012,    0.000051,    0.000008
   45     0.000053,    0.000089,    0.002075,   -0.001240,   -0.002101
   46     0.000060,    0.000062,    0.001733,   -0.001414,   -0.001474
   47    -0.000027,    0.000153,    0.000561,    0.000623,   -0.003592
   48     0.000004,   -0.000002,    0.000041,   -0.000083,    0.000042
   49    -0.000012,   -0.000004,   -0.000280,    0.000279,    0.000093
   50     0.000005,    0.000005,    0.000151,   -0.000128,   -0.000114
   51     0.000022,    0.000032,    0.000700,   -0.000500,   -0.000740
   52    -0.000035,   -0.000030,   -0.000857,    0.000813,    0.000697
   53     0.000011,   -0.000031,   -0.000181,   -0.000250,    0.000716
   54     0.000006,    0.000005,    0.000115,   -0.000128,   -0.000115
   55    -0.000006,   -0.000001,   -0.000146,    0.000142,    0.000034
   56     0.000003,    0.000001,    0.000084,   -0.000077,   -0.000032
   57     0.000002,    0.000001,    0.000060,   -0.000052,   -0.000029
   58    -0.000002,    0.000000,    0.000012,    0.000051,   -0.000008
   59    -0.000049,    0.000000,    0.000743,    0.001137,   -0.000000
   60    -0.000109,    0.000000,    0.001670,    0.002536,   -0.000000
   61     0.000231,   -0.000000,   -0.003674,   -0.005395,    0.000000
   62     0.000308,    0.000000,   -0.005647,   -0.007167,   -0.000000
   63     0.000014,   -0.000000,   -0.004374,   -0.000357,    0.000000
   64     0.000071,    0.000000,   -0.001952,   -0.001644,   -0.000000
   65     0.000184,   -0.000000,    0.000047,   -0.004349,    0.000000
   66    -0.000000,   -0.000078,   -0.000000,    0.000000,    0.001830
   67     0.000005,    0.000000,   -0.000436,   -0.000111,   -0.000000
   68     0.000108,    0.000000,    0.000465,   -0.002551,   -0.000000
   69    -0.000000,   -0.000054,   -0.000000,    0.000000,    0.001262
   70    -0.000012,   -0.000000,   -0.003042,    0.000278,    0.000000
   71    -0.000048,   -0.000000,    0.000969,    0.001111,    0.000000
   72    -0.000000,   -0.000171,   -0.000000,    0.000000,    0.003991
   73     0.000019,    0.000000,    0.000014,   -0.000452,   -0.000000
   74    -0.000000,    0.000001,    0.000000,    0.000000,   -0.000022
   75     0.000010,   -0.000000,   -0.000040,   -0.000224,    0.000000
   76    -0.000000,   -0.000003,    0.000000,    0.000000,    0.000068
   77     0.000028,   -0.000000,    0.000207,   -0.000658,    0.000000
   78     0.000032,    0.000000,   -0.000467,   -0.000761,   -0.000000
   79    -0.000000,   -0.000003,    0.000000,    0.000000,    0.000083
   80     0.000048,   -0.000000,   -0.001166,   -0.001107,    0.000000
   81     0.000000,   -0.000031,    0.000000,   -0.000000,    0.000738
   82     0.000083,   -0.000000,   -0.000297,   -0.001930,    0.000000
   83     0.000017,    0.000000,    0.000092,   -0.000397,   -0.000000
   84     0.000000,   -0.000003,   -0.000000,   -0.000000,    0.000069
   85     0.000005,   -0.000000,   -0.000011,   -0.000105,    0.000000
   86    -0.000000,   -0.000001,   -0.000000,    0.000000,    0.000019
   87    -0.000009,    0.000000,    0.000085,    0.000208,   -0.000000
   88    -0.000000,   -0.000002,   -0.000000,    0.000000,    0.000045
   89     0.000001,   -0.000000,    0.000153,   -0.000014,    0.000000
   90     0.000046,   -0.000006,    0.000108,   -0.001063,    0.000140
   91    -0.000010,   -0.000005,    0.000996,    0.000233,    0.000121
   92    -0.000020,    0.000158,    0.000930,    0.000475,   -0.003683
   93     0.000003,   -0.000003,   -0.000063,   -0.000070,    0.000062
   94     0.000002,   -0.000001,    0.000024,   -0.000056,    0.000020
   95    -0.000003,    0.000002,    0.000008,    0.000076,   -0.000045
   96    -0.000015,    0.000002,    0.000169,    0.000351,   -0.000048
   97    -0.000008,    0.000019,    0.000056,    0.000187,   -0.000442
   98     0.000023,    0.000003,   -0.000341,   -0.000541,   -0.000067
   99     0.000000,    0.000001,   -0.000023,   -0.000002,   -0.000012
  100     0.000001,   -0.000000,    0.000012,   -0.000018,    0.000006
  101     0.000000,   -0.000001,    0.000002,   -0.000002,    0.000012
  102     0.000001,   -0.000000,   -0.000000,   -0.000029,    0.000007
  103     0.000001,   -0.000001,   -0.000018,   -0.000034,    0.000035
  104     0.000046,    0.000006,    0.000108,   -0.001063,   -0.000140
  105    -0.000010,    0.000005,    0.000996,    0.000233,   -0.000121
  106    -0.000020,   -0.000158,    0.000930,    0.000475,    0.003683
  107     0.000003,    0.000003,   -0.000063,   -0.000070,   -0.000062
  108     0.000002,    0.000001,    0.000024,   -0.000056,   -0.000020
  109     0.000003,    0.000002,   -0.000008,   -0.000076,   -0.000045
  110    -0.000015,   -0.000002,    0.000169,    0.000351,    0.000048
  111    -0.000008,   -0.000019,    0.000056,    0.000187,    0.000442
  112    -0.000023,    0.000003,    0.000341,    0.000541,   -0.000067
  113     0.000000,   -0.000001,   -0.000023,   -0.000002,    0.000012
  114    -0.000001,   -0.000000,   -0.000012,    0.000018,    0.000006
  115     0.000000,    0.000001,    0.000002,   -0.000002,   -0.000012
  116    -0.000001,   -0.000000,    0.000000,    0.000029,    0.000007
  117     0.000001,    0.000001,   -0.000018,   -0.000034,   -0.000035
  118     0.000000,    0.000000,   -0.000000,   -0.000001,   -0.000000
  119    -0.000001,    0.000000,   -0.000017,    0.000014,   -0.000000
  120    -0.000014,    0.000000,   -0.000213,    0.000336,   -0.000000
  121    -0.000133,   -0.000000,   -0.001670,    0.003177,    0.000000
  122     0.000459,    0.000000,    0.005541,   -0.010929,   -0.000000
  123    -0.000015,   -0.000000,    0.001710,    0.000276,    0.000000
  124     0.000003,    0.000000,   -0.000264,   -0.000065,   -0.000000
  125     0.000008,   -0.000000,   -0.000065,   -0.000184,    0.000000
  126    -0.000000,    0.000013,   -0.000000,    0.000000,   -0.000306
  127    -0.000065,   -0.000000,    0.006162,    0.001527,    0.000000
  128    -0.000184,    0.000000,    0.001527,    0.004272,   -0.000000
  129     0.000000,   -0.000306,    0.000000,   -0.000000,    0.007137
  130     0.000355,    0.000000,   -0.031864,   -0.008341,   -0.000000
  131     0.000923,   -0.000000,   -0.008250,   -0.021484,    0.000000
  132    -0.000000,    0.001591,    0.000000,    0.000000,   -0.037172
  133     0.000601,   -0.000000,   -0.058706,   -0.014145,    0.000000
  134     0.001789,    0.000000,   -0.014672,   -0.041642,   -0.000000
  135     0.000000,    0.002905,   -0.000000,   -0.000000,   -0.067872
  136     0.000313,   -0.000000,   -0.024007,   -0.007348,    0.000000
  137     0.000640,    0.000000,   -0.007745,   -0.014924,   -0.000000
  138     0.000000,    0.001255,   -0.000000,   -0.000000,   -0.029326
  139     0.000000,   -0.000000,    0.000002,   -0.000002,    0.000000
  140     0.000000,   -0.000000,   -0.000000,   -0.000000,    0.000001
  141     0.000000,    0.000000,    0.000000,   -0.000003,   -0.000000
  142     0.000000,    0.000000,    0.000000,   -0.000000,   -0.000001
  143     0.000000,    0.000000,   -0.000001,   -0.000003,   -0.000000
  144    -0.000007,    0.000000,   -0.000148,    0.000166,   -0.000000
  145    -0.000000,    0.000003,    0.000000,    0.000000,   -0.000059
  146    -0.000007,   -0.000000,   -0.000049,    0.000161,    0.000000
  147    -0.000000,   -0.000003,   -0.000000,    0.000000,    0.000060
  148    -0.000007,   -0.000000,    0.000036,    0.000173,    0.000000
  149     0.000060,   -0.000000,    0.001397,   -0.001395,    0.000000
  150     0.000000,   -0.000031,   -0.000000,   -0.000000,    0.000721
  151     0.000051,    0.000000,    0.000598,   -0.001178,   -0.000000
  152     0.000000,    0.000018,    0.000000,   -0.000000,   -0.000425
  153     0.000062,    0.000000,   -0.000208,   -0.001446,   -0.000000
  154     0.000077,    0.000000,    0.001921,   -0.001794,   -0.000000
  155    -0.000000,   -0.000058,    0.000000,    0.000000,    0.001350
  156     0.000058,   -0.000000,    0.000776,   -0.001356,    0.000000
  157     0.000000,    0.000025,   -0.000000,   -0.000000,   -0.000579
  158     0.000080,    0.000000,   -0.000403,   -0.001864,   -0.000000
  159    -0.000014,   -0.000000,    0.000534,    0.000315,    0.000000
  160    -0.000000,   -0.000017,    0.000000,    0.000000,    0.000390
  161    -0.000030,   -0.000000,   -0.000279,    0.000689,    0.000000
  162    -0.000000,   -0.000017,    0.000000,    0.000000,    0.000388
  163     0.000013,    0.000000,    0.000338,   -0.000297,   -0.000000
  164     0.000000,   -0.000011,   -0.000000,   -0.000000,    0.000258
  165     0.000041,   -0.000000,    0.000596,   -0.000948,    0.000000
  166     0.000000,   -0.000000,   -0.000001,   -0.000000,    0.000000
  167     0.000000,   -0.000000,   -0.000013,   -0.000006,    0.000000
  168     0.000004,   -0.000000,   -0.000055,   -0.000085,    0.000000
  169     0.000027,    0.000000,   -0.000037,   -0.000625,   -0.000000
  170    -0.000080,   -0.000000,    0.000179,    0.001836,    0.000000
  171    -0.000044,    0.000000,    0.001169,    0.001034,   -0.000000
  172     0.000000,    0.000000,   -0.000011,   -0.000005,   -0.000000
  173    -0.000002,    0.000000,   -0.000005,    0.000049,   -0.000000
  174     0.000000,    0.000000,    0.000000,   -0.000000,   -0.000004
  175    -0.000005,   -0.000000,    0.000254,    0.000108,    0.000000
  176     0.000049,   -0.000000,    0.000108,   -0.001147,    0.000000
  177     0.000000,   -0.000004,   -0.000000,   -0.000000,    0.000086
  178     0.000022,    0.000000,   -0.001359,   -0.000510,   -0.000000
  179    -0.000255,   -0.000000,   -0.000529,    0.005975,    0.000000
  180    -0.000000,    0.000018,   -0.000000,    0.000000,   -0.000440
  181     0.000045,   -0.000000,   -0.002500,   -0.001028,    0.000000
  182    -0.000476,    0.000000,   -0.001091,    0.011157,   -0.000000
  183     0.000000,    0.000044,    0.000000,   -0.000000,   -0.001053
  184     0.000018,   -0.000000,   -0.001417,   -0.000405,    0.000000
  185    -0.000204,   -0.000000,    0.000135,    0.004781,    0.000000
  186    -0.000000,    0.000023,    0.000000,    0.000000,   -0.000533
  187    -0.000000,    0.000000,    0.000000,    0.000000,   -0.000000
  188    -0.000000,    0.000000,   -0.000000,    0.000000,   -0.000000
  189     0.000000,   -0.000000,    0.000000,   -0.000000,    0.000000
  190    -0.000000,    0.000000,    0.000000,    0.000000,   -0.000001
  191     0.000000,   -0.000000,    0.000000,   -0.000001,    0.000000
  192     0.000000,   -0.000000,   -0.000036,    0.000000,    0.000000
  193     0.000000,   -0.000000,    0.000000,   -0.000000,    0.000003
  194     0.000000,    0.000000,   -0.000013,   -0.000003,   -0.000000
  195     0.000000,   -0.000001,   -0.000000,   -0.000000,    0.000025
  196    -0.000001,    0.000000,   -0.000021,    0.000024,   -0.000000
  197     0.000006,    0.000000,    0.000308,   -0.000153,   -0.000000
  198    -0.000000,   -0.000004,   -0.000000,    0.000000,    0.000100
  199    -0.000001,   -0.000000,    0.000118,    0.000014,    0.000000
  200    -0.000000,    0.000003,    0.000000,    0.000000,   -0.000073
  201    -0.000003,   -0.000000,    0.000171,    0.000061,    0.000000
  202     0.000020,   -0.000000,    0.000402,   -0.000480,    0.000000
  203     0.000000,   -0.000007,    0.000000,   -0.000000,    0.000171
  204     0.000004,    0.000000,    0.000188,   -0.000089,   -0.000000
  205     0.000000,   -0.000006,   -0.000000,   -0.000000,    0.000141
  206    -0.000007,    0.000000,    0.000257,    0.000152,   -0.000000
  207    -0.000002,    0.000000,    0.000039,    0.000055,   -0.000000
  208    -0.000000,   -0.000000,   -0.000000,    0.000000,    0.000007
  209     0.000002,    0.000000,    0.000082,   -0.000040,   -0.000000
  210    -0.000000,    0.000002,   -0.000000,    0.000000,   -0.000042
  211    -0.000002,    0.000000,   -0.000053,    0.000055,   -0.000000
  212     0.000000,    0.000002,   -0.000000,   -0.000000,   -0.000039
  213    -0.000007,    0.000000,   -0.000196,    0.000163,   -0.000000
               130,         131,         132,         133,         134
    0    -0.003854,    0.008926,   -0.000000,   -0.006816,    0.015189
    1    -0.008077,    0.018933,   -0.000000,   -0.015289,    0.034457
    2     0.014058,   -0.034027,    0.000000,    0.029906,   -0.069022
    3     0.011742,   -0.037643,   -0.000000,    0.025567,   -0.075416
    4    -0.035767,    0.040111,    0.000000,   -0.072147,    0.085965
    5    -0.041841,    0.058156,    0.000000,   -0.080385,    0.116344
    6     0.058570,   -0.095877,   -0.000000,    0.114622,   -0.188686
    7     0.000000,    0.000000,   -0.015654,    0.000000,   -0.000000
    8    -0.033881,    0.042020,   -0.000000,   -0.064557,    0.083452
    9     0.040319,   -0.064634,    0.000000,    0.078399,   -0.126602
   10    -0.000000,   -0.000000,   -0.020303,   -0.000000,   -0.000000
   11    -0.006164,    0.004232,   -0.000000,   -0.010782,    0.007336
   12     0.023870,   -0.005485,   -0.000000,    0.044244,   -0.010885
   13    -0.000000,   -0.000000,    0.010714,   -0.000000,   -0.000000
   14     0.001939,    0.004044,   -0.000000,    0.003464,    0.007513
   15    -0.000000,   -0.000000,    0.003950,   -0.000000,   -0.000000
   16    -0.002052,    0.000715,   -0.000000,   -0.003735,    0.001377
   17    -0.000000,   -0.000000,   -0.003854,   -0.000000,   -0.000000
   18    -0.004366,   -0.000765,   -0.000000,   -0.007915,   -0.001520
   19     0.007827,    0.005655,   -0.000000,    0.014494,    0.010034
   20     0.000000,    0.000000,    0.009557,    0.000000,    0.000000
   21    -0.005675,   -0.001313,   -0.000000,   -0.010162,   -0.002773
   22    -0.000000,   -0.000000,   -0.015567,   -0.000000,   -0.000000
   23    -0.009862,   -0.005862,   -0.000000,   -0.017524,   -0.011842
   24    -0.002134,   -0.001020,    0.000000,   -0.003939,   -0.001810
   25    -0.000000,    0.000000,   -0.001788,   -0.000000,    0.000000
   26    -0.000291,    0.000204,   -0.000000,   -0.000565,    0.000417
   27    -0.000000,   -0.000000,   -0.001499,   -0.000000,   -0.000000
   28    -0.000811,    0.000008,   -0.000000,   -0.001510,    0.000059
   29    -0.000000,   -0.000000,   -0.001084,   -0.000000,   -0.000000
   30     0.000063,    0.000591,   -0.000000,    0.000046,    0.001209
   31    -0.011101,    0.006320,   -0.011567,   -0.020420,    0.012664
   32    -0.009353,    0.007185,   -0.008404,   -0.017198,    0.014292
   33    -0.003130,   -0.003054,   -0.018937,   -0.005190,   -0.006402
   34    -0.000178,    0.000385,    0.000265,   -0.000378,    0.000774
   35     0.001407,   -0.001370,    0.000486,    0.002695,   -0.002722
   36     0.000820,   -0.000656,    0.000628,    0.001501,   -0.001294
   37    -0.003537,    0.002396,   -0.003814,   -0.006763,    0.004938
   38     0.004288,   -0.003936,    0.003639,    0.008335,   -0.008071
   39    -0.000923,   -0.001252,   -0.003721,   -0.001580,   -0.002599
   40    -0.000573,    0.000626,   -0.000603,   -0.001114,    0.001259
   41    -0.000732,    0.000692,   -0.000177,   -0.001417,    0.001406
   42    -0.000431,    0.000373,   -0.000164,   -0.000829,    0.000776
   43     0.000297,   -0.000249,    0.000147,    0.000566,   -0.000494
   44    -0.000068,   -0.000251,   -0.000044,   -0.000109,   -0.000494
   45    -0.011101,    0.006320,    0.011567,   -0.020420,    0.012664
   46    -0.009353,    0.007185,    0.008404,   -0.017198,    0.014292
   47    -0.003130,   -0.003054,    0.018937,   -0.005190,   -0.006402
   48    -0.000178,    0.000385,   -0.000265,   -0.000378,    0.000774
   49     0.001407,   -0.001370,   -0.000486,    0.002695,   -0.002722
   50    -0.000820,    0.000656,    0.000628,   -0.001501,    0.001294
   51    -0.003537,    0.002396,    0.003814,   -0.006763,    0.004938
   52     0.004288,   -0.003936,   -0.003639,    0.008335,   -0.008071
   53     0.000923,    0.001252,   -0.003721,    0.001580,    0.002599
   54    -0.000573,    0.000626,    0.000603,   -0.001114,    0.001259
   55     0.000732,   -0.000692,   -0.000177,    0.001417,   -0.001406
   56    -0.000431,    0.000373,    0.000164,   -0.000829,    0.000776
   57    -0.000297,    0.000249,    0.000147,   -0.000566,    0.000494
   58    -0.000068,   -0.000251,    0.000044,   -0.000109,   -0.000494
   59    -0.004029,   -0.006110,    0.000000,   -0.007296,   -0.009615
   60    -0.009070,   -0.013442,    0.000000,   -0.016206,   -0.022456
   61     0.019947,    0.027955,   -0.000000,    0.034994,    0.051038
   62     0.030351,    0.036628,    0.000000,    0.053601,    0.068241
   63     0.022365,    0.002952,   -0.000000,    0.042695,    0.002755
   64     0.010829,    0.007545,    0.000000,    0.017949,    0.017389
   65     0.000280,    0.023585,   -0.000000,    0.000592,    0.042388
   66     0.000000,   -0.000000,   -0.009785,   -0.000000,    0.000000
   67     0.002690,    0.000015,    0.000000,    0.003881,    0.001819
   68    -0.002067,    0.013971,    0.000000,   -0.003622,    0.024670
   69     0.000000,   -0.000000,   -0.006708,    0.000000,   -0.000000
   70     0.015681,   -0.001097,   -0.000000,    0.029382,   -0.003101
   71    -0.005093,   -0.005372,   -0.000000,   -0.008719,   -0.011208
   72     0.000000,   -0.000000,   -0.020792,    0.000000,   -0.000000
   73    -0.000020,    0.002344,    0.000000,   -0.000141,    0.004426
   74    -0.000000,   -0.000000,    0.000087,   -0.000000,   -0.000000
   75     0.000219,    0.001126,   -0.000000,    0.000359,    0.002142
   76    -0.000000,   -0.000000,   -0.000377,   -0.000000,   -0.000000
   77    -0.001001,    0.003258,   -0.000000,   -0.002053,    0.006419
   78     0.002462,    0.003975,    0.000000,    0.004474,    0.007247
   79    -0.000000,    0.000000,   -0.000490,   -0.000000,   -0.000000
   80     0.006117,    0.005602,   -0.000000,    0.011022,    0.010697
   81    -0.000000,    0.000000,   -0.003940,   -0.000000,    0.000000
   82     0.001753,    0.009592,   -0.000000,    0.002612,    0.018799
   83    -0.000433,    0.001982,    0.000000,   -0.000930,    0.003884
   84     0.000000,    0.000000,   -0.000378,    0.000000,    0.000000
   85     0.000068,    0.000512,   -0.000000,    0.000080,    0.001036
   86     0.000000,   -0.000000,   -0.000086,    0.000000,   -0.000000
   87    -0.000463,   -0.001061,    0.000000,   -0.000801,   -0.002019
   88     0.000000,   -0.000000,   -0.000231,    0.000000,   -0.000000
   89    -0.000792,    0.000033,   -0.000000,   -0.001478,    0.000151
   90    -0.000504,    0.005617,   -0.000766,   -0.000942,    0.009736
   91    -0.005275,   -0.000855,   -0.000694,   -0.009178,   -0.003165
   92    -0.004895,   -0.002396,    0.019234,   -0.008699,   -0.005056
   93     0.000339,    0.000364,   -0.000330,    0.000603,    0.000656
   94    -0.000113,    0.000303,   -0.000109,   -0.000218,    0.000560
   95    -0.000045,   -0.000412,    0.000238,   -0.000090,   -0.000677
   96    -0.000895,   -0.001770,    0.000232,   -0.001565,   -0.003485
   97    -0.000323,   -0.000844,    0.002301,   -0.000384,   -0.001928
   98     0.001836,    0.002668,    0.000366,    0.003128,    0.005429
   99     0.000115,    0.000024,    0.000061,    0.000232,    0.000007
  100    -0.000058,    0.000074,   -0.000029,   -0.000135,    0.000193
  101    -0.000016,    0.000020,   -0.000062,   -0.000014,    0.000003
  102     0.000002,    0.000139,   -0.000033,   -0.000007,    0.000296
  103     0.000098,    0.000170,   -0.000183,    0.000165,    0.000333
  104    -0.000504,    0.005617,    0.000766,   -0.000942,    0.009736
  105    -0.005275,   -0.000855,    0.000694,   -0.009178,   -0.003165
  106    -0.004895,   -0.002396,   -0.019234,   -0.008699,   -0.005056
  107     0.000339,    0.000364,    0.000330,    0.000603,    0.000656
  108    -0.000113,    0.000303,    0.000109,   -0.000218,    0.000560
  109     0.000045,    0.000412,    0.000238,    0.000090,    0.000677
  110    -0.000895,   -0.001770,   -0.000232,   -0.001565,   -0.003485
  111    -0.000323,   -0.000844,   -0.002301,   -0.000384,   -0.001928
  112    -0.001836,   -0.002668,    0.000366,   -0.003128,   -0.005429
  113     0.000115,    0.000024,   -0.000061,    0.000232,    0.000007
  114     0.000058,   -0.000074,   -0.000029,    0.000135,   -0.000193
  115    -0.000016,    0.000020,    0.000062,   -0.000014,    0.000003
  116    -0.000002,   -0.000139,   -0.000033,    0.000007,   -0.000296
  117     0.000098,    0.000170,    0.000183,    0.000165,    0.000333
  118     0.000002,    0.000003,    0.000000,   -0.000002,    0.000017
  119     0.000084,   -0.000070,    0.000000,    0.000156,   -0.000132
  120     0.000955,   -0.001471,    0.000000,    0.002773,   -0.004558
  121     0.007177,   -0.013811,   -0.000000,    0.023697,   -0.044473
  122    -0.024329,    0.048746,    0.000000,   -0.074390,    0.143575
  123    -0.008121,   -0.002786,   -0.000000,   -0.021302,    0.006456
  124     0.001365,    0.000351,   -0.000000,    0.002516,    0.000624
  125     0.000355,    0.000923,   -0.000000,    0.000601,    0.001789
  126     0.000000,   -0.000000,    0.001591,   -0.000000,    0.000000
  127    -0.031864,   -0.008250,    0.000000,   -0.058706,   -0.014672
  128    -0.008341,   -0.021484,    0.000000,   -0.014145,   -0.041642
  129    -0.000000,    0.000000,   -0.037172,    0.000000,   -0.000000
  130     0.164829,    0.044856,   -0.000000,    0.303487,    0.080241
  131     0.044856,    0.108144,   -0.000000,    0.076635,    0.209303
  132    -0.000000,   -0.000000,    0.193605,   -0.000000,    0.000000
  133     0.303487,    0.076635,   -0.000000,    0.559558,    0.135393
  134     0.080241,    0.209303,    0.000000,    0.135393,    0.406728
  135     0.000000,    0.000000,    0.353488,   -0.000000,    0.000000
  136     0.124297,    0.039205,   -0.000000,    0.229110,    0.069845
  137     0.041626,    0.075187,    0.000000,    0.071565,    0.147028
  138     0.000000,    0.000000,    0.152823,    0.000000,    0.000000
  139    -0.000011,    0.000012,   -0.000000,   -0.000020,    0.000021
  140     0.000000,    0.000000,   -0.000004,    0.000000,    0.000000
  141    -0.000000,    0.000016,    0.000000,   -0.000001,    0.000030
  142    -0.000000,    0.000000,    0.000008,   -0.000000,    0.000000
  143     0.000008,    0.000015,    0.000000,    0.000014,    0.000028
  144     0.000743,   -0.000818,    0.000000,    0.001388,   -0.001546
  145    -0.000000,   -0.000000,    0.000303,   -0.000000,   -0.000000
  146     0.000238,   -0.000802,   -0.000000,    0.000463,   -0.001526
  147     0.000000,   -0.000000,   -0.000310,    0.000000,   -0.000000
  148    -0.000200,   -0.000870,   -0.000000,   -0.000356,   -0.001634
  149    -0.007003,    0.006826,   -0.000000,   -0.013279,    0.013308
  150     0.000000,    0.000000,   -0.003707,    0.000000,    0.000000
  151    -0.002940,    0.005806,    0.000000,   -0.005720,    0.011291
  152    -0.000000,    0.000000,    0.002182,   -0.000000,   -0.000000
  153     0.001205,    0.007220,    0.000000,    0.001917,    0.013897
  154    -0.009603,    0.008661,    0.000000,   -0.018832,    0.018148
  155    -0.000000,   -0.000000,   -0.007003,   -0.000000,   -0.000000
  156    -0.003793,    0.006607,   -0.000000,   -0.007763,    0.013641
  157     0.000000,    0.000000,    0.002995,    0.000000,    0.000000
  158     0.002310,    0.009249,    0.000000,    0.003424,    0.018546
  159    -0.002765,   -0.001621,   -0.000000,   -0.005049,   -0.003059
  160    -0.000000,   -0.000000,   -0.002012,   -0.000000,   -0.000000
  161     0.001350,   -0.003395,   -0.000000,    0.002734,   -0.006729
  162    -0.000000,   -0.000000,   -0.002003,   -0.000000,   -0.000000
  163    -0.001695,    0.001444,    0.000000,   -0.003252,    0.002913
  164     0.000000,    0.000000,   -0.001336,    0.000000,    0.000000
  165    -0.002945,    0.004658,   -0.000000,   -0.005783,    0.009269
  166     0.000005,    0.000001,   -0.000000,    0.000010,    0.000001
  167     0.000069,    0.000033,   -0.000000,    0.000126,    0.000061
  168     0.000299,    0.000428,   -0.000000,    0.000489,    0.000737
  169     0.000323,    0.003124,    0.000000,   -0.000034,    0.005295
  170    -0.001341,   -0.009049,   -0.000000,   -0.000540,   -0.015695
  171    -0.006124,   -0.005425,    0.000000,   -0.010995,   -0.009336
  172     0.000058,    0.000023,   -0.000000,    0.000106,    0.000047
  173     0.000022,   -0.000255,    0.000000,    0.000045,   -0.000476
  174    -0.000000,    0.000000,    0.000018,    0.000000,   -0.000000
  175    -0.001359,   -0.000529,    0.000000,   -0.002500,   -0.001091
  176    -0.000510,    0.005975,   -0.000000,   -0.001028,    0.011157
  177     0.000000,   -0.000000,   -0.000440,   -0.000000,    0.000000
  178     0.007264,    0.002472,    0.000000,    0.013349,    0.005156
  179     0.002472,   -0.031070,   -0.000000,    0.005071,   -0.058088
  180     0.000000,   -0.000000,    0.002245,    0.000000,   -0.000000
  181     0.013349,    0.005071,   -0.000000,    0.024606,    0.010378
  182     0.005156,   -0.058088,    0.000000,    0.010378,   -0.108552
  183    -0.000000,    0.000000,    0.005392,   -0.000000,   -0.000000
  184     0.007512,    0.001901,   -0.000000,    0.013695,    0.004216
  185    -0.000944,   -0.024753,   -0.000000,   -0.001233,   -0.046495
  186    -0.000000,    0.000000,    0.002742,   -0.000000,   -0.000000
  187    -0.000003,   -0.000000,    0.000000,   -0.000004,   -0.000001
  188     0.000000,   -0.000000,    0.000002,    0.000000,   -0.000000
  189    -0.000000,    0.000001,   -0.000000,   -0.000000,    0.000001
  190    -0.000000,   -0.000000,    0.000005,   -0.000000,   -0.000000
  191    -0.000001,    0.000007,   -0.000000,   -0.000003,    0.000013
  192     0.000188,   -0.000013,   -0.000000,    0.000331,    0.000003
  193    -0.000000,    0.000000,   -0.000014,   -0.000000,    0.000000
  194     0.000072,    0.000003,    0.000000,    0.000120,    0.000029
  195     0.000000,    0.000000,   -0.000133,    0.000000,    0.000000
  196     0.000110,   -0.000124,    0.000000,    0.000208,   -0.000232
  197    -0.001594,    0.000840,    0.000000,   -0.002877,    0.001508
  198     0.000000,   -0.000000,   -0.000530,    0.000000,   -0.000000
  199    -0.000630,   -0.000003,   -0.000000,   -0.001067,   -0.000148
  200    -0.000000,   -0.000000,    0.000379,   -0.000000,   -0.000000
  201    -0.000928,   -0.000239,   -0.000000,   -0.001605,   -0.000611
  202    -0.002039,    0.002465,   -0.000000,   -0.003825,    0.004841
  203    -0.000000,    0.000000,   -0.000906,   -0.000000,    0.000000
  204    -0.000975,    0.000509,    0.000000,   -0.001738,    0.000916
  205     0.000000,    0.000000,   -0.000736,    0.000000,   -0.000000
  206    -0.001387,   -0.000670,    0.000000,   -0.002351,   -0.001535
  207    -0.000222,   -0.000265,    0.000000,   -0.000371,   -0.000561
  208     0.000000,    0.000000,   -0.000038,    0.000000,   -0.000000
  209    -0.000429,    0.000233,    0.000000,   -0.000759,    0.000393
  210     0.000000,    0.000000,    0.000225,    0.000000,   -0.000000
  211     0.000270,   -0.000291,    0.000000,    0.000497,   -0.000553
  212     0.000000,    0.000000,    0.000208,    0.000000,    0.000000
  213     0.001010,   -0.000855,    0.000000,    0.001853,   -0.001616
               135,         136,         137,         138,         139
    0     0.000000,   -0.000830,    0.003397,    0.000000,    0.000009
    1     0.000000,   -0.001883,    0.007705,    0.000000,    0.000011
    2     0.000000,    0.003947,   -0.016049,    0.000000,    0.000001
    3    -0.000000,    0.001826,   -0.018566,   -0.000000,   -0.000003
    4     0.000000,   -0.030512,    0.033663,    0.000000,    0.000002
    5    -0.000000,   -0.035172,    0.030527,   -0.000000,    0.000011
    6    -0.000000,    0.032246,   -0.059598,   -0.000000,   -0.000030
    7    -0.026392,    0.000000,   -0.000000,   -0.028152,    0.000000
    8    -0.000000,   -0.027199,    0.021159,   -0.000000,    0.000009
    9     0.000000,    0.021811,   -0.038659,    0.000000,   -0.000022
   10    -0.035554,   -0.000000,   -0.000000,   -0.027125,    0.000000
   11    -0.000000,   -0.004481,   -0.000441,   -0.000000,    0.000003
   12    -0.000000,    0.015597,   -0.000008,   -0.000000,   -0.000007
   13     0.019853,   -0.000000,   -0.000000,    0.005129,    0.000000
   14    -0.000000,    0.002130,    0.002727,   -0.000000,    0.000001
   15     0.007183,   -0.000000,   -0.000000,    0.003200,   -0.000000
   16    -0.000000,   -0.001735,    0.000027,   -0.000000,    0.000000
   17    -0.006952,   -0.000000,   -0.000000,   -0.003763,    0.000000
   18    -0.000000,   -0.003410,   -0.000970,   -0.000000,    0.000000
   19    -0.000000,    0.006775,    0.003834,   -0.000000,    0.000001
   20     0.017435,    0.000000,    0.000000,    0.007397,    0.000000
   21    -0.000000,   -0.004432,   -0.001785,   -0.000000,    0.000000
   22    -0.028346,   -0.000000,   -0.000000,   -0.013048,    0.000000
   23    -0.000000,   -0.007357,   -0.004987,   -0.000000,    0.000000
   24     0.000000,   -0.001672,   -0.000920,   -0.000000,    0.000000
   25    -0.003250,   -0.000000,    0.000000,   -0.001456,    0.000000
   26    -0.000000,   -0.000144,    0.000121,   -0.000000,    0.000000
   27    -0.002746,   -0.000000,   -0.000000,   -0.001190,    0.000000
   28    -0.000000,   -0.000690,    0.000138,   -0.000000,    0.000000
   29    -0.001978,   -0.000000,   -0.000000,   -0.000896,    0.000000
   30    -0.000000,    0.000049,    0.000565,   -0.000000,    0.000000
   31    -0.020317,   -0.010757,    0.003294,   -0.015015,    0.000003
   32    -0.014406,   -0.009402,    0.003319,   -0.013412,    0.000003
   33    -0.034176,   -0.002679,   -0.003462,   -0.017095,    0.000001
   34     0.000428,   -0.000021,    0.000181,    0.000617,    0.000000
   35     0.000884,    0.000883,   -0.000798,    0.000399,   -0.000001
   36     0.001101,    0.000842,   -0.000327,    0.000836,   -0.000000
   37    -0.007018,   -0.002666,    0.001435,   -0.002697,    0.000000
   38     0.006615,    0.002910,   -0.002523,    0.002956,   -0.000001
   39    -0.006806,   -0.000427,   -0.000955,   -0.002902,   -0.000000
   40    -0.001097,   -0.000371,    0.000393,   -0.000490,    0.000000
   41    -0.000319,   -0.000482,    0.000433,   -0.000154,    0.000000
   42    -0.000305,   -0.000378,    0.000231,   -0.000101,    0.000000
   43     0.000277,    0.000194,   -0.000122,    0.000057,   -0.000000
   44    -0.000076,   -0.000060,   -0.000151,   -0.000078,   -0.000000
   45     0.020317,   -0.010757,    0.003294,    0.015015,    0.000003
   46     0.014406,   -0.009402,    0.003319,    0.013412,    0.000003
   47     0.034176,   -0.002679,   -0.003462,    0.017095,    0.000001
   48    -0.000428,   -0.000021,    0.000181,   -0.000617,    0.000000
   49    -0.000884,    0.000883,   -0.000798,   -0.000399,   -0.000001
   50     0.001101,   -0.000842,    0.000327,    0.000836,    0.000000
   51     0.007018,   -0.002666,    0.001435,    0.002697,    0.000000
   52    -0.006615,    0.002910,   -0.002523,   -0.002956,   -0.000001
   53    -0.006806,    0.000427,    0.000955,   -0.002902,    0.000000
   54     0.001097,   -0.000371,    0.000393,    0.000490,    0.000000
   55    -0.000319,    0.000482,   -0.000433,   -0.000154,   -0.000000
   56     0.000305,   -0.000378,    0.000231,    0.000101,    0.000000
   57     0.000277,   -0.000194,    0.000122,    0.000057,    0.000000
   58     0.000076,   -0.000060,   -0.000151,    0.000078,   -0.000000
   59    -0.000000,   -0.004267,   -0.003941,    0.000000,    0.000003
   60     0.000000,   -0.009649,   -0.009022,    0.000000,    0.000001
   61    -0.000000,    0.020821,    0.019926,   -0.000000,    0.000012
   62     0.000000,    0.028614,    0.025611,    0.000000,    0.000010
   63    -0.000000,    0.016453,    0.003022,   -0.000000,   -0.000004
   64    -0.000000,    0.013254,    0.007046,    0.000000,    0.000010
   65    -0.000000,    0.005425,    0.021254,   -0.000000,    0.000006
   66    -0.017187,   -0.000000,    0.000000,   -0.005944,   -0.000000
   67     0.000000,    0.005510,    0.000720,    0.000000,    0.000007
   68     0.000000,    0.002155,    0.012698,   -0.000000,    0.000004
   69    -0.011892,    0.000000,   -0.000000,   -0.003701,   -0.000000
   70    -0.000000,    0.012837,   -0.000363,   -0.000000,    0.000000
   71    -0.000000,   -0.002715,   -0.004229,   -0.000000,    0.000001
   72    -0.037796,    0.000000,    0.000000,   -0.015540,   -0.000000
   73    -0.000000,    0.000326,    0.001901,   -0.000000,    0.000001
   74     0.000172,   -0.000000,   -0.000000,   -0.000178,    0.000000
   75    -0.000000,    0.000057,    0.000667,   -0.000000,   -0.000000
   76    -0.000650,   -0.000000,   -0.000000,   -0.000681,    0.000000
   77    -0.000000,   -0.000648,    0.001925,   -0.000000,    0.000001
   78     0.000000,    0.002394,    0.002969,    0.000000,    0.000001
   79    -0.000879,   -0.000000,   -0.000000,   -0.001025,    0.000000
   80    -0.000000,    0.004736,    0.003836,    0.000000,    0.000000
   81    -0.006988,   -0.000000,    0.000000,   -0.004056,    0.000000
   82    -0.000000,    0.002031,    0.005994,    0.000000,    0.000002
   83     0.000000,   -0.000202,    0.001353,    0.000000,    0.000000
   84    -0.000677,    0.000000,    0.000000,   -0.000460,    0.000000
   85    -0.000000,    0.000008,    0.000340,    0.000000,   -0.000000
   86    -0.000187,    0.000000,   -0.000000,    0.000058,   -0.000000
   87     0.000000,   -0.000468,   -0.000729,    0.000000,   -0.000000
   88    -0.000432,    0.000000,   -0.000000,   -0.000147,   -0.000000
   89    -0.000000,   -0.000671,   -0.000114,   -0.000000,    0.000000
   90    -0.001264,   -0.000449,    0.003242,    0.000559,    0.000000
   91    -0.001048,   -0.004335,   -0.001853,    0.000619,   -0.000000
   92     0.034988,   -0.003614,   -0.002891,    0.016109,    0.000001
   93    -0.000583,    0.000313,    0.000265,   -0.000227,    0.000000
   94    -0.000198,   -0.000019,    0.000305,   -0.000118,    0.000000
   95     0.000425,   -0.000011,   -0.000238,    0.000132,    0.000000
   96     0.000482,   -0.000560,   -0.001317,    0.000128,    0.000000
   97     0.004181,   -0.000074,   -0.000652,    0.001811,    0.000000
   98     0.000621,    0.001487,    0.002075,    0.000403,    0.000000
   99     0.000109,    0.000112,    0.000034,    0.000033,    0.000000
  100    -0.000054,   -0.000079,    0.000038,   -0.000011,   -0.000000
  101    -0.000118,   -0.000032,   -0.000010,   -0.000043,   -0.000000
  102    -0.000065,   -0.000021,    0.000109,   -0.000026,   -0.000000
  103    -0.000330,    0.000095,    0.000122,   -0.000151,    0.000000
  104     0.001264,   -0.000449,    0.003242,   -0.000559,    0.000000
  105     0.001048,   -0.004335,   -0.001853,   -0.000619,   -0.000000
  106    -0.034988,   -0.003614,   -0.002891,   -0.016109,    0.000001
  107     0.000583,    0.000313,    0.000265,    0.000227,    0.000000
  108     0.000198,   -0.000019,    0.000305,    0.000118,    0.000000
  109     0.000425,    0.000011,    0.000238,    0.000132,   -0.000000
  110    -0.000482,   -0.000560,   -0.001317,   -0.000128,    0.000000
  111    -0.004181,   -0.000074,   -0.000652,   -0.001811,    0.000000
  112     0.000621,   -0.001487,   -0.002075,    0.000403,   -0.000000
  113    -0.000109,    0.000112,    0.000034,   -0.000033,    0.000000
  114    -0.000054,    0.000079,   -0.000038,   -0.000011,    0.000000
  115     0.000118,   -0.000032,   -0.000010,    0.000043,   -0.000000
  116    -0.000065,    0.000021,   -0.000109,   -0.000026,    0.000000
  117     0.000330,    0.000095,    0.000122,    0.000151,    0.000000
  118     0.000000,   -0.000009,    0.000022,    0.000000,   -0.000000
  119     0.000000,    0.000045,   -0.000017,    0.000000,   -0.000000
  120     0.000000,    0.002167,   -0.003699,    0.000000,    0.000002
  121    -0.000000,    0.020856,   -0.038148,   -0.000000,    0.000026
  122     0.000000,   -0.059806,    0.111214,    0.000000,   -0.000068
  123    -0.000000,   -0.017166,    0.017535,   -0.000000,   -0.000019
  124     0.000000,    0.001028,    0.000331,    0.000000,   -0.000000
  125     0.000000,    0.000313,    0.000640,    0.000000,    0.000000
  126     0.002905,   -0.000000,    0.000000,    0.001255,   -0.000000
  127    -0.000000,   -0.024007,   -0.007745,   -0.000000,    0.000002
  128    -0.000000,   -0.007348,   -0.014924,   -0.000000,   -0.000002
  129    -0.067872,    0.000000,   -0.000000,   -0.029326,    0.000000
  130     0.000000,    0.124297,    0.041626,    0.000000,   -0.000011
  131     0.000000,    0.039205,    0.075187,    0.000000,    0.000012
  132     0.353488,   -0.000000,    0.000000,    0.152823,   -0.000000
  133    -0.000000,    0.229110,    0.071565,    0.000000,   -0.000020
  134     0.000000,    0.069845,    0.147028,    0.000000,    0.000021
  135     0.645431,   -0.000000,    0.000000,    0.278928,   -0.000000
  136    -0.000000,    0.095647,    0.032895,    0.000000,   -0.000005
  137     0.000000,    0.032895,    0.057076,    0.000000,    0.000003
  138     0.278928,    0.000000,    0.000000,    0.121412,   -0.000000
  139    -0.000000,   -0.000005,    0.000003,   -0.000000,    0.000000
  140    -0.000007,    0.000000,    0.000000,   -0.000002,   -0.000000
  141     0.000000,    0.000002,    0.000008,    0.000000,    0.000000
  142     0.000014,   -0.000000,    0.000000,    0.000006,    0.000000
  143     0.000000,    0.000007,    0.000008,    0.000000,    0.000000
  144     0.000000,    0.000380,   -0.000316,    0.000000,   -0.000000
  145     0.000560,   -0.000000,   -0.000000,    0.000184,    0.000000
  146    -0.000000,    0.000063,   -0.000390,   -0.000000,   -0.000000
  147    -0.000569,    0.000000,   -0.000000,   -0.000215,   -0.000000
  148    -0.000000,   -0.000236,   -0.000452,   -0.000000,   -0.000000
  149     0.000000,   -0.004142,    0.003253,    0.000000,    0.000003
  150    -0.006826,    0.000000,    0.000000,   -0.002494,   -0.000000
  151     0.000000,   -0.001517,    0.003051,    0.000000,    0.000002
  152     0.004020,   -0.000000,   -0.000000,    0.001441,    0.000000
  153     0.000000,    0.001385,    0.004195,    0.000000,    0.000001
  154     0.000000,   -0.007189,    0.006315,    0.000000,    0.000001
  155    -0.012820,   -0.000000,   -0.000000,   -0.005282,   -0.000000
  156    -0.000000,   -0.002844,    0.004867,   -0.000000,    0.000001
  157     0.005502,    0.000000,    0.000000,    0.002142,    0.000000
  158     0.000000,    0.001713,    0.006905,    0.000000,    0.000000
  159    -0.000000,   -0.002018,   -0.001188,   -0.000000,    0.000000
  160    -0.003697,   -0.000000,   -0.000000,   -0.001408,   -0.000000
  161    -0.000000,    0.000788,   -0.002092,   -0.000000,   -0.000001
  162    -0.003677,   -0.000000,   -0.000000,   -0.001438,   -0.000000
  163     0.000000,   -0.001134,    0.000834,    0.000000,    0.000000
  164    -0.002450,    0.000000,    0.000000,   -0.000984,   -0.000000
  165     0.000000,   -0.001872,    0.002833,    0.000000,    0.000001
  166    -0.000000,    0.000002,   -0.000000,    0.000000,   -0.000000
  167    -0.000000,    0.000055,    0.000020,   -0.000000,    0.000000
  168    -0.000000,    0.000509,    0.000366,   -0.000000,    0.000001
  169    -0.000000,    0.003024,    0.002960,   -0.000000,    0.000006
  170     0.000000,   -0.008787,   -0.008097,    0.000000,   -0.000016
  171     0.000000,   -0.006544,   -0.004807,    0.000000,   -0.000003
  172     0.000000,    0.000060,   -0.000006,    0.000000,    0.000000
  173    -0.000000,    0.000018,   -0.000204,    0.000000,    0.000000
  174     0.000044,    0.000000,   -0.000000,    0.000023,    0.000000
  175    -0.000000,   -0.001417,    0.000135,   -0.000000,   -0.000000
  176     0.000000,   -0.000405,    0.004781,   -0.000000,   -0.000000
  177    -0.001053,   -0.000000,    0.000000,   -0.000533,   -0.000000
  178     0.000000,    0.007512,   -0.000944,    0.000000,    0.000003
  179    -0.000000,    0.001901,   -0.024753,    0.000000,    0.000000
  180     0.005392,    0.000000,   -0.000000,    0.002742,    0.000000
  181    -0.000000,    0.013695,   -0.001233,    0.000000,    0.000004
  182     0.000000,    0.004216,   -0.046495,    0.000000,    0.000001
  183     0.012216,    0.000000,   -0.000000,    0.006001,    0.000000
  184    -0.000000,    0.006742,   -0.000673,    0.000000,    0.000001
  185    -0.000000,   -0.000673,   -0.019307,    0.000000,    0.000000
  186     0.006001,   -0.000000,   -0.000000,    0.002758,    0.000000
  187     0.000000,   -0.000001,   -0.000000,    0.000000,    0.000000
  188     0.000003,    0.000000,   -0.000000,    0.000002,   -0.000000
  189    -0.000000,   -0.000000,    0.000001,   -0.000000,   -0.000000
  190     0.000008,   -0.000000,   -0.000000,    0.000004,   -0.000000
  191    -0.000000,   -0.000001,    0.000006,   -0.000000,   -0.000000
  192    -0.000000,    0.000115,   -0.000023,   -0.000000,   -0.000000
  193    -0.000031,   -0.000000,    0.000000,   -0.000020,    0.000000
  194     0.000000,    0.000053,   -0.000027,    0.000000,    0.000000
  195    -0.000239,    0.000000,    0.000000,   -0.000101,   -0.000000
  196     0.000000,    0.000109,   -0.000127,    0.000000,    0.000000
  197     0.000000,   -0.001058,    0.000680,    0.000000,    0.000000
  198    -0.000919,    0.000000,   -0.000000,   -0.000362,   -0.000000
  199    -0.000000,   -0.000507,    0.000154,   -0.000000,   -0.000000
  200     0.000669,   -0.000000,   -0.000000,    0.000218,    0.000000
  201    -0.000000,   -0.000970,    0.000035,   -0.000000,   -0.000001
  202    -0.000000,   -0.001602,    0.001865,   -0.000000,   -0.000000
  203    -0.001581,   -0.000000,    0.000000,   -0.000743,    0.000000
  204     0.000000,   -0.000841,    0.000501,    0.000000,   -0.000000
  205    -0.001365,    0.000000,   -0.000000,   -0.000684,    0.000000
  206     0.000000,   -0.001319,   -0.000363,    0.000000,   -0.000001
  207     0.000000,   -0.000300,   -0.000165,    0.000000,   -0.000000
  208    -0.000088,    0.000000,   -0.000000,   -0.000088,    0.000000
  209     0.000000,   -0.000362,    0.000252,    0.000000,   -0.000000
  210     0.000387,    0.000000,   -0.000000,    0.000170,    0.000000
  211     0.000000,    0.000187,   -0.000237,    0.000000,   -0.000000
  212     0.000362,    0.000000,    0.000000,    0.000180,   -0.000000
  213     0.000000,    0.000784,   -0.000666,    0.000000,    0.000000
               140,         141,         142,         143,         144
    0     0.000000,    0.000002,    0.000000,   -0.000004,   -0.000282
    1     0.000000,    0.000003,    0.000000,   -0.000007,   -0.000568
    2    -0.000000,   -0.000001,   -0.000000,    0.000004,    0.000903
    3    -0.000000,   -0.000003,   -0.000000,    0.000003,    0.000950
    4     0.000000,    0.000004,   -0.000000,   -0.000002,   -0.000233
    5    -0.000000,    0.000015,   -0.000000,    0.000023,   -0.000570
    6    -0.000000,   -0.000022,   -0.000000,   -0.000008,    0.001821
    7    -0.000021,   -0.000000,    0.000007,   -0.000000,   -0.000000
    8    -0.000000,    0.000011,    0.000000,    0.000016,   -0.000495
    9    -0.000000,   -0.000016,    0.000000,   -0.000007,    0.001285
   10    -0.000014,   -0.000000,    0.000005,   -0.000000,    0.000000
   11    -0.000000,    0.000002,    0.000000,    0.000005,   -0.000109
   12    -0.000000,   -0.000004,    0.000000,   -0.000001,    0.000376
   13    -0.000004,   -0.000000,    0.000002,   -0.000000,   -0.000000
   14    -0.000000,    0.000001,   -0.000000,    0.000000,   -0.000056
   15     0.000000,    0.000000,    0.000000,    0.000000,    0.000000
   16    -0.000000,    0.000000,   -0.000000,    0.000001,   -0.000008
   17    -0.000001,   -0.000000,    0.000000,   -0.000000,   -0.000000
   18    -0.000000,    0.000000,    0.000000,    0.000000,   -0.000011
   19     0.000000,    0.000001,   -0.000000,    0.000001,   -0.000042
   20    -0.000000,   -0.000000,    0.000000,    0.000000,   -0.000000
   21    -0.000000,    0.000000,    0.000000,    0.000001,   -0.000014
   22    -0.000001,   -0.000000,   -0.000001,   -0.000000,    0.000000
   23    -0.000000,   -0.000001,    0.000000,   -0.000000,   -0.000010
   24     0.000000,    0.000000,    0.000000,   -0.000000,   -0.000007
   25    -0.000000,   -0.000000,   -0.000000,   -0.000000,   -0.000000
   26     0.000000,    0.000000,   -0.000000,   -0.000000,   -0.000009
   27     0.000000,   -0.000000,   -0.000000,    0.000000,    0.000000
   28    -0.000000,    0.000000,   -0.000000,   -0.000000,    0.000003
   29    -0.000000,   -0.000000,   -0.000000,   -0.000000,    0.000000
   30    -0.000000,    0.000000,   -0.000000,   -0.000000,   -0.000002
   31    -0.000008,    0.000003,    0.000002,    0.000006,    0.000040
   32    -0.000009,    0.000004,    0.000003,    0.000007,    0.000026
   33    -0.000003,    0.000001,   -0.000000,    0.000002,    0.000009
   34     0.000001,   -0.000000,   -0.000000,   -0.000000,   -0.000013
   35     0.000000,   -0.000000,    0.000000,   -0.000000,    0.000030
   36     0.000000,   -0.000000,   -0.000000,   -0.000001,   -0.000004
   37     0.000001,    0.000000,   -0.000000,    0.000000,   -0.000039
   38     0.000000,   -0.000001,    0.000000,   -0.000000,    0.000078
   39     0.000000,   -0.000000,   -0.000000,   -0.000001,   -0.000010
   40    -0.000000,    0.000000,   -0.000000,    0.000000,   -0.000012
   41    -0.000000,    0.000000,    0.000000,    0.000000,   -0.000014
   42     0.000000,    0.000000,   -0.000000,    0.000000,   -0.000002
   43    -0.000000,   -0.000000,    0.000000,   -0.000000,    0.000006
   44    -0.000000,   -0.000000,    0.000000,   -0.000000,    0.000003
   45     0.000008,    0.000003,   -0.000002,    0.000006,    0.000040
   46     0.000009,    0.000004,   -0.000003,    0.000007,    0.000026
   47     0.000003,    0.000001,    0.000000,    0.000002,    0.000009
   48    -0.000001,   -0.000000,    0.000000,   -0.000000,   -0.000013
   49    -0.000000,   -0.000000,   -0.000000,   -0.000000,    0.000030
   50     0.000000,    0.000000,   -0.000000,    0.000001,    0.000004
   51    -0.000001,    0.000000,    0.000000,    0.000000,   -0.000039
   52    -0.000000,   -0.000001,   -0.000000,   -0.000000,    0.000078
   53     0.000000,    0.000000,   -0.000000,    0.000001,    0.000010
   54     0.000000,    0.000000,    0.000000,    0.000000,   -0.000012
   55    -0.000000,   -0.000000,    0.000000,   -0.000000,    0.000014
   56    -0.000000,    0.000000,    0.000000,    0.000000,   -0.000002
   57    -0.000000,    0.000000,    0.000000,    0.000000,   -0.000006
   58     0.000000,   -0.000000,   -0.000000,   -0.000000,    0.000003
   59     0.000000,    0.000002,    0.000000,    0.000014,    0.000023
   60     0.000000,    0.000002,    0.000000,    0.000019,    0.000138
   61    -0.000000,    0.000004,    0.000000,   -0.000006,   -0.000522
   62     0.000000,    0.000005,    0.000000,   -0.000004,   -0.000528
   63    -0.000000,   -0.000003,    0.000000,    0.000006,    0.000211
   64     0.000000,    0.000009,   -0.000000,   -0.000004,   -0.000394
   65    -0.000000,    0.000000,   -0.000000,    0.000000,   -0.000245
   66     0.000001,    0.000000,    0.000002,   -0.000000,    0.000000
   67     0.000000,    0.000005,   -0.000000,   -0.000004,   -0.000268
   68    -0.000000,   -0.000000,    0.000000,   -0.000001,   -0.000178
   69     0.000002,    0.000000,    0.000002,   -0.000000,    0.000000
   70    -0.000000,    0.000001,   -0.000000,    0.000000,    0.000034
   71    -0.000000,   -0.000001,    0.000000,   -0.000001,   -0.000047
   72     0.000001,    0.000000,   -0.000001,   -0.000000,    0.000000
   73    -0.000000,    0.000000,   -0.000000,    0.000000,   -0.000028
   74    -0.000000,   -0.000000,    0.000000,   -0.000000,   -0.000000
   75    -0.000000,   -0.000000,    0.000000,    0.000000,   -0.000001
   76    -0.000001,   -0.000000,   -0.000000,    0.000000,   -0.000000
   77    -0.000000,    0.000001,    0.000000,    0.000001,   -0.000041
   78    -0.000000,    0.000001,    0.000000,    0.000000,   -0.000035
   79    -0.000001,   -0.000000,    0.000000,   -0.000000,   -0.000000
   80     0.000000,    0.000001,    0.000000,    0.000001,   -0.000017
   81    -0.000001,   -0.000000,   -0.000000,   -0.000000,   -0.000000
   82     0.000000,    0.000002,   -0.000000,    0.000001,   -0.000121
   83     0.000000,    0.000000,   -0.000000,    0.000000,   -0.000024
   84    -0.000000,   -0.000000,    0.000000,   -0.000000,   -0.000000
   85     0.000000,    0.000000,    0.000000,    0.000000,   -0.000001
   86     0.000000,    0.000000,   -0.000000,    0.000000,    0.000000
   87    -0.000000,   -0.000000,   -0.000000,   -0.000000,    0.000013
   88     0.000000,    0.000000,    0.000000,   -0.000000,    0.000000
   89     0.000000,    0.000000,   -0.000000,    0.000000,   -0.000003
   90     0.000001,   -0.000001,    0.000001,    0.000000,   -0.000038
   91     0.000001,   -0.000002,    0.000001,   -0.000001,   -0.000000
   92     0.000001,   -0.000000,    0.000001,   -0.000000,   -0.000032
   93     0.000000,    0.000000,    0.000000,   -0.000000,   -0.000005
   94    -0.000000,   -0.000000,    0.000000,   -0.000000,   -0.000003
   95    -0.000000,    0.000000,   -0.000000,    0.000000,    0.000001
   96    -0.000000,   -0.000000,    0.000000,   -0.000001,   -0.000004
   97    -0.000000,   -0.000000,    0.000000,    0.000000,    0.000002
   98     0.000000,    0.000001,    0.000000,    0.000000,   -0.000017
   99    -0.000000,   -0.000000,    0.000000,    0.000000,    0.000000
  100     0.000000,    0.000000,   -0.000000,   -0.000000,   -0.000000
  101     0.000000,   -0.000000,   -0.000000,    0.000000,    0.000002
  102     0.000000,    0.000000,   -0.000000,    0.000000,    0.000001
  103    -0.000000,    0.000000,    0.000000,   -0.000000,   -0.000002
  104    -0.000001,   -0.000001,   -0.000001,    0.000000,   -0.000038
  105    -0.000001,   -0.000002,   -0.000001,   -0.000001,   -0.000000
  106    -0.000001,   -0.000000,   -0.000001,   -0.000000,   -0.000032
  107    -0.000000,    0.000000,   -0.000000,   -0.000000,   -0.000005
  108     0.000000,   -0.000000,   -0.000000,   -0.000000,   -0.000003
  109    -0.000000,   -0.000000,   -0.000000,   -0.000000,   -0.000001
  110     0.000000,   -0.000000,   -0.000000,   -0.000001,   -0.000004
  111     0.000000,   -0.000000,   -0.000000,    0.000000,    0.000002
  112     0.000000,   -0.000001,    0.000000,   -0.000000,    0.000017
  113     0.000000,   -0.000000,   -0.000000,    0.000000,    0.000000
  114     0.000000,   -0.000000,   -0.000000,    0.000000,    0.000000
  115    -0.000000,   -0.000000,    0.000000,    0.000000,    0.000002
  116     0.000000,   -0.000000,   -0.000000,   -0.000000,   -0.000001
  117     0.000000,    0.000000,   -0.000000,   -0.000000,   -0.000002
  118     0.000000,   -0.000000,   -0.000000,   -0.000000,    0.000001
  119    -0.000000,   -0.000000,   -0.000000,   -0.000000,    0.000003
  120    -0.000000,    0.000002,   -0.000000,    0.000002,   -0.000098
  121    -0.000000,    0.000016,    0.000000,    0.000023,   -0.001077
  122     0.000000,   -0.000043,    0.000000,   -0.000061,    0.002779
  123    -0.000000,   -0.000013,   -0.000000,   -0.000017,    0.000834
  124     0.000000,   -0.000000,   -0.000000,    0.000000,    0.000006
  125     0.000000,    0.000000,    0.000000,    0.000000,   -0.000007
  126    -0.000000,    0.000000,    0.000000,    0.000000,    0.000000
  127    -0.000000,    0.000000,    0.000000,   -0.000001,   -0.000148
  128    -0.000000,   -0.000003,   -0.000000,   -0.000003,    0.000166
  129     0.000001,   -0.000000,   -0.000001,   -0.000000,   -0.000000
  130     0.000000,   -0.000000,   -0.000000,    0.000008,    0.000743
  131     0.000000,    0.000016,    0.000000,    0.000015,   -0.000818
  132    -0.000004,    0.000000,    0.000008,    0.000000,    0.000000
  133     0.000000,   -0.000001,   -0.000000,    0.000014,    0.001388
  134     0.000000,    0.000030,    0.000000,    0.000028,   -0.001546
  135    -0.000007,    0.000000,    0.000014,    0.000000,    0.000000
  136     0.000000,    0.000002,   -0.000000,    0.000007,    0.000380
  137     0.000000,    0.000008,    0.000000,    0.000008,   -0.000316
  138    -0.000002,    0.000000,    0.000006,    0.000000,    0.000000
  139    -0.000000,    0.000000,    0.000000,    0.000000,   -0.000000
  140     0.000000,    0.000000,   -0.000000,    0.000000,    0.000000
  141     0.000000,    0.000000,   -0.000000,    0.000000,   -0.000000
  142    -0.000000,   -0.000000,    0.000000,   -0.000000,   -0.000000
  143     0.000000,    0.000000,   -0.000000,    0.000000,   -0.000000
  144     0.000000,   -0.000000,   -0.000000,   -0.000000,    0.000024
  145    -0.000000,   -0.000000,    0.000000,   -0.000000,   -0.000000
  146    -0.000000,   -0.000000,   -0.000000,   -0.000000,    0.000016
  147     0.000000,    0.000000,   -0.000000,    0.000000,    0.000000
  148    -0.000000,   -0.000000,   -0.000000,   -0.000000,    0.000012
  149     0.000000,    0.000002,    0.000000,    0.000001,   -0.000176
  150     0.000001,    0.000000,   -0.000000,    0.000000,    0.000000
  151     0.000000,    0.000001,    0.000000,    0.000001,   -0.000114
  152    -0.000000,   -0.000000,    0.000000,   -0.000000,   -0.000000
  153     0.000000,    0.000002,    0.000000,    0.000002,   -0.000085
  154     0.000000,    0.000001,    0.000000,   -0.000000,   -0.000118
  155     0.000000,    0.000000,   -0.000000,    0.000000,    0.000000
  156     0.000000,    0.000001,    0.000000,    0.000000,   -0.000070
  157    -0.000000,   -0.000000,    0.000000,   -0.000000,   -0.000000
  158     0.000000,    0.000001,    0.000000,    0.000001,   -0.000051
  159    -0.000000,   -0.000000,    0.000000,   -0.000000,   -0.000009
  160     0.000000,    0.000000,   -0.000000,    0.000000,    0.000000
  161    -0.000000,   -0.000001,   -0.000000,   -0.000000,    0.000050
  162     0.000000,    0.000000,   -0.000000,    0.000000,    0.000000
  163     0.000000,    0.000000,    0.000000,    0.000000,   -0.000031
  164     0.000000,    0.000000,   -0.000000,    0.000000,   -0.000000
  165     0.000000,    0.000001,    0.000000,    0.000001,   -0.000076
  166     0.000000,    0.000000,   -0.000000,    0.000000,    0.000000
  167     0.000000,    0.000000,   -0.000000,    0.000000,   -0.000000
  168    -0.000000,    0.000000,    0.000000,   -0.000001,   -0.000018
  169    -0.000000,    0.000001,    0.000000,   -0.000008,   -0.000177
  170     0.000000,   -0.000003,   -0.000000,    0.000023,    0.000521
  171     0.000000,   -0.000001,   -0.000000,    0.000005,    0.000084
  172     0.000000,    0.000000,   -0.000000,    0.000000,   -0.000002
  173     0.000000,   -0.000000,   -0.000000,   -0.000000,   -0.000000
  174    -0.000000,   -0.000000,   -0.000000,    0.000000,   -0.000000
  175    -0.000000,   -0.000000,    0.000000,   -0.000000,    0.000036
  176    -0.000000,    0.000000,    0.000000,    0.000001,   -0.000000
  177     0.000000,    0.000000,    0.000001,   -0.000000,    0.000000
  178     0.000000,    0.000000,   -0.000000,    0.000001,   -0.000188
  179     0.000000,   -0.000001,   -0.000000,   -0.000007,    0.000013
  180    -0.000002,   -0.000000,   -0.000005,    0.000000,   -0.000000
  181     0.000000,    0.000000,   -0.000000,    0.000003,   -0.000331
  182     0.000000,   -0.000001,   -0.000000,   -0.000013,   -0.000003
  183    -0.000003,   -0.000000,   -0.000008,    0.000000,   -0.000000
  184     0.000000,    0.000000,   -0.000000,    0.000001,   -0.000115
  185     0.000000,   -0.000001,   -0.000000,   -0.000006,    0.000023
  186    -0.000002,   -0.000000,   -0.000004,    0.000000,   -0.000000
  187    -0.000000,   -0.000000,    0.000000,   -0.000000,   -0.000000
  188     0.000000,    0.000000,    0.000000,    0.000000,    0.000000
  189    -0.000000,   -0.000000,    0.000000,   -0.000000,    0.000000
  190     0.000000,   -0.000000,    0.000000,   -0.000000,    0.000000
  191    -0.000000,   -0.000000,    0.000000,   -0.000000,    0.000000
  192     0.000000,    0.000000,   -0.000000,    0.000000,    0.000001
  193    -0.000000,   -0.000000,   -0.000000,    0.000000,   -0.000000
  194     0.000000,    0.000000,   -0.000000,    0.000000,   -0.000002
  195     0.000000,    0.000000,   -0.000000,   -0.000000,   -0.000000
  196     0.000000,    0.000000,   -0.000000,    0.000000,   -0.000002
  197    -0.000000,   -0.000000,    0.000000,    0.000000,   -0.000008
  198    -0.000000,    0.000000,   -0.000000,   -0.000000,    0.000000
  199    -0.000000,   -0.000000,    0.000000,    0.000000,    0.000012
  200    -0.000000,   -0.000000,    0.000000,    0.000000,   -0.000000
  201    -0.000000,   -0.000000,    0.000000,    0.000000,    0.000029
  202    -0.000000,   -0.000000,    0.000000,    0.000001,   -0.000008
  203    -0.000000,   -0.000000,   -0.000000,   -0.000000,   -0.000000
  204     0.000000,   -0.000000,    0.000000,    0.000000,    0.000011
  205    -0.000000,   -0.000000,    0.000000,    0.000000,   -0.000000
  206    -0.000000,   -0.000001,    0.000000,    0.000001,    0.000031
  207    -0.000000,   -0.000000,    0.000000,    0.000000,    0.000012
  208    -0.000000,   -0.000000,    0.000000,    0.000000,   -0.000000
  209    -0.000000,   -0.000000,    0.000000,    0.000000,    0.000006
  210     0.000000,   -0.000000,    0.000000,    0.000000,    0.000000
  211     0.000000,    0.000000,   -0.000000,   -0.000000,    0.000001
  212     0.000000,    0.000000,    0.000000,    0.000000,   -0.000000
  213     0.000000,    0.000000,   -0.000000,   -0.000000,    0.000001
               145,         146,         147,         148,         149
    0    -0.000000,   -0.000138,   -0.000000,    0.000008,    0.002343
    1    -0.000000,   -0.000319,   -0.000000,   -0.000077,    0.005155
    2     0.000000,    0.000633,    0.000000,    0.000393,   -0.009732
    3     0.000000,    0.000653,    0.000000,    0.000387,   -0.009576
    4    -0.000000,   -0.000253,    0.000000,   -0.000120,    0.003631
    5     0.000000,   -0.000815,    0.000000,   -0.001340,    0.004302
    6     0.000000,    0.001173,    0.000000,    0.000541,   -0.014654
    7     0.001105,    0.000000,   -0.000578,    0.000000,    0.000000
    8     0.000000,   -0.000616,   -0.000000,   -0.000953,    0.003756
    9     0.000000,    0.000841,   -0.000000,    0.000433,   -0.010061
   10     0.000759,    0.000000,   -0.000389,    0.000000,   -0.000000
   11     0.000000,   -0.000120,   -0.000000,   -0.000240,    0.000534
   12     0.000000,    0.000223,   -0.000000,    0.000095,   -0.002737
   13     0.000244,    0.000000,   -0.000152,    0.000000,   -0.000000
   14    -0.000000,   -0.000032,    0.000000,   -0.000010,    0.000371
   15    -0.000002,   -0.000000,   -0.000002,   -0.000000,   -0.000000
   16     0.000000,   -0.000019,   -0.000000,   -0.000045,    0.000034
   17     0.000043,    0.000000,   -0.000019,    0.000000,   -0.000000
   18     0.000000,   -0.000004,   -0.000000,   -0.000017,    0.000096
   19    -0.000000,   -0.000032,    0.000000,   -0.000029,    0.000114
   20     0.000021,    0.000000,   -0.000018,   -0.000000,    0.000000
   21     0.000000,   -0.000014,   -0.000000,   -0.000039,    0.000065
   22     0.000025,    0.000000,    0.000003,    0.000000,   -0.000000
   23     0.000000,    0.000026,   -0.000000,    0.000029,    0.000061
   24     0.000000,   -0.000006,   -0.000000,   -0.000002,    0.000064
   25     0.000001,    0.000000,    0.000000,    0.000000,    0.000000
   26    -0.000000,   -0.000004,    0.000000,    0.000003,    0.000063
   27    -0.000003,    0.000000,    0.000003,    0.000000,   -0.000000
   28     0.000000,    0.000005,   -0.000000,    0.000007,   -0.000027
   29     0.000001,    0.000000,    0.000000,    0.000000,   -0.000000
   30     0.000000,   -0.000002,    0.000000,    0.000004,    0.000008
   31     0.000400,   -0.000070,   -0.000202,   -0.000254,   -0.000825
   32     0.000470,   -0.000098,   -0.000241,   -0.000304,   -0.000840
   33     0.000127,   -0.000011,   -0.000037,   -0.000070,   -0.000375
   34    -0.000029,   -0.000007,    0.000015,   -0.000002,    0.000137
   35    -0.000001,    0.000019,    0.000000,    0.000009,   -0.000247
   36    -0.000023,    0.000008,    0.000012,    0.000027,    0.000089
   37    -0.000029,   -0.000031,    0.000018,   -0.000029,    0.000420
   38    -0.000001,    0.000052,   -0.000004,    0.000021,   -0.000689
   39    -0.000009,    0.000009,    0.000008,    0.000027,    0.000133
   40     0.000000,   -0.000008,    0.000000,   -0.000004,    0.000104
   41     0.000001,   -0.000010,   -0.000000,   -0.000004,    0.000122
   42    -0.000002,   -0.000004,    0.000001,   -0.000008,    0.000020
   43     0.000005,    0.000004,   -0.000003,    0.000003,   -0.000060
   44     0.000003,    0.000003,   -0.000002,    0.000004,   -0.000022
   45    -0.000400,   -0.000070,    0.000202,   -0.000254,   -0.000825
   46    -0.000470,   -0.000098,    0.000241,   -0.000304,   -0.000840
   47    -0.000127,   -0.000011,    0.000037,   -0.000070,   -0.000375
   48     0.000029,   -0.000007,   -0.000015,   -0.000002,    0.000137
   49     0.000001,    0.000019,   -0.000000,    0.000009,   -0.000247
   50    -0.000023,   -0.000008,    0.000012,   -0.000027,   -0.000089
   51     0.000029,   -0.000031,   -0.000018,   -0.000029,    0.000420
   52     0.000001,    0.000052,    0.000004,    0.000021,   -0.000689
   53    -0.000009,   -0.000009,    0.000008,   -0.000027,   -0.000133
   54    -0.000000,   -0.000008,   -0.000000,   -0.000004,    0.000104
   55     0.000001,    0.000010,   -0.000000,    0.000004,   -0.000122
   56     0.000002,   -0.000004,   -0.000001,   -0.000008,    0.000020
   57     0.000005,   -0.000004,   -0.000003,   -0.000003,    0.000060
   58    -0.000003,    0.000003,    0.000002,    0.000004,   -0.000022
   59    -0.000000,   -0.000028,   -0.000000,   -0.000259,   -0.000555
   60    -0.000000,   -0.000005,    0.000000,   -0.000385,   -0.001431
   61     0.000000,   -0.000166,   -0.000000,    0.000189,    0.003422
   62    -0.000000,   -0.000250,   -0.000000,    0.000049,    0.003696
   63     0.000000,    0.000170,   -0.000000,   -0.000066,   -0.001439
   64    -0.000000,   -0.000263,    0.000000,    0.000274,    0.001875
   65     0.000000,    0.000117,    0.000000,    0.000356,    0.002324
   66    -0.000033,   -0.000000,   -0.000009,    0.000000,   -0.000000
   67    -0.000000,   -0.000161,    0.000000,    0.000232,    0.001278
   68     0.000000,    0.000086,   -0.000000,    0.000262,    0.001685
   69    -0.000052,   -0.000000,    0.000002,    0.000000,   -0.000000
   70     0.000000,    0.000018,   -0.000000,    0.000046,   -0.000652
   71     0.000000,    0.000043,   -0.000000,    0.000096,    0.000295
   72    -0.000067,   -0.000000,    0.000055,    0.000000,   -0.000000
   73     0.000000,   -0.000009,    0.000000,    0.000014,    0.000189
   74     0.000017,    0.000000,   -0.000012,    0.000000,    0.000000
   75     0.000000,   -0.000005,   -0.000000,   -0.000024,    0.000053
   76     0.000023,    0.000000,   -0.000008,    0.000000,    0.000000
   77     0.000000,   -0.000036,   -0.000000,   -0.000044,    0.000354
   78     0.000000,   -0.000020,   -0.000000,    0.000000,    0.000157
   79     0.000040,    0.000000,   -0.000028,    0.000000,   -0.000000
   80    -0.000000,   -0.000035,    0.000000,   -0.000070,    0.000137
   81     0.000063,    0.000000,   -0.000018,   -0.000000,    0.000000
   82    -0.000000,   -0.000106,    0.000000,   -0.000102,    0.000912
   83     0.000000,   -0.000019,   -0.000000,   -0.000013,    0.000186
   84     0.000011,    0.000000,   -0.000007,    0.000000,    0.000000
   85    -0.000000,   -0.000005,    0.000000,   -0.000009,    0.000022
   86    -0.000010,   -0.000000,    0.000004,   -0.000000,   -0.000000
   87     0.000000,    0.000008,   -0.000000,    0.000005,   -0.000097
   88    -0.000003,   -0.000000,    0.000001,    0.000000,   -0.000000
   89    -0.000000,   -0.000007,    0.000000,   -0.000012,    0.000027
   90    -0.000047,    0.000005,    0.000008,   -0.000059,    0.000503
   91    -0.000039,    0.000045,    0.000005,   -0.000027,    0.000144
   92    -0.000028,   -0.000013,   -0.000017,   -0.000025,    0.000166
   93    -0.000000,   -0.000001,   -0.000001,    0.000002,    0.000036
   94     0.000002,    0.000003,   -0.000001,    0.000007,    0.000040
   95     0.000002,   -0.000002,   -0.000000,    0.000004,   -0.000027
   96     0.000008,    0.000005,   -0.000002,    0.000026,   -0.000035
   97     0.000003,    0.000014,   -0.000006,    0.000013,   -0.000025
   98    -0.000010,   -0.000022,    0.000002,   -0.000019,    0.000137
   99     0.000001,    0.000002,   -0.000001,    0.000002,   -0.000005
  100    -0.000001,   -0.000003,    0.000001,   -0.000003,    0.000004
  101    -0.000001,    0.000001,    0.000000,   -0.000002,   -0.000005
  102    -0.000001,   -0.000001,    0.000000,   -0.000003,    0.000001
  103     0.000001,   -0.000002,   -0.000000,    0.000000,    0.000016
  104     0.000047,    0.000005,   -0.000008,   -0.000059,    0.000503
  105     0.000039,    0.000045,   -0.000005,   -0.000027,    0.000144
  106     0.000028,   -0.000013,    0.000017,   -0.000025,    0.000166
  107     0.000000,   -0.000001,    0.000001,    0.000002,    0.000036
  108    -0.000002,    0.000003,    0.000001,    0.000007,    0.000040
  109     0.000002,    0.000002,   -0.000000,   -0.000004,    0.000027
  110    -0.000008,    0.000005,    0.000002,    0.000026,   -0.000035
  111    -0.000003,    0.000014,    0.000006,    0.000013,   -0.000025
  112    -0.000010,    0.000022,    0.000002,    0.000019,   -0.000137
  113    -0.000001,    0.000002,    0.000001,    0.000002,   -0.000005
  114    -0.000001,    0.000003,    0.000001,    0.000003,   -0.000004
  115     0.000001,    0.000001,   -0.000000,   -0.000002,   -0.000005
  116    -0.000001,    0.000001,    0.000000,    0.000003,   -0.000001
  117    -0.000001,   -0.000002,    0.000000,    0.000000,    0.000016
  118    -0.000000,    0.000001,    0.000000,    0.000001,   -0.000004
  119    -0.000000,    0.000002,    0.000000,    0.000001,   -0.000019
  120     0.000000,   -0.000064,    0.000000,   -0.000078,    0.000282
  121     0.000000,   -0.000708,   -0.000000,   -0.000843,    0.003434
  122    -0.000000,    0.001805,    0.000000,    0.002207,   -0.007892
  123     0.000000,    0.000584,   -0.000000,    0.000676,   -0.003202
  124    -0.000000,    0.000002,    0.000000,   -0.000002,   -0.000060
  125    -0.000000,   -0.000007,   -0.000000,   -0.000007,    0.000060
  126     0.000003,   -0.000000,   -0.000003,   -0.000000,   -0.000000
  127     0.000000,   -0.000049,   -0.000000,    0.000036,    0.001397
  128     0.000000,    0.000161,    0.000000,    0.000173,   -0.001395
  129    -0.000059,    0.000000,    0.000060,    0.000000,    0.000000
  130    -0.000000,    0.000238,    0.000000,   -0.000200,   -0.007003
  131    -0.000000,   -0.000802,   -0.000000,   -0.000870,    0.006826
  132     0.000303,   -0.000000,   -0.000310,   -0.000000,   -0.000000
  133    -0.000000,    0.000463,    0.000000,   -0.000356,   -0.013279
  134    -0.000000,   -0.001526,   -0.000000,   -0.001634,    0.013308
  135     0.000560,   -0.000000,   -0.000569,   -0.000000,    0.000000
  136    -0.000000,    0.000063,    0.000000,   -0.000236,   -0.004142
  137    -0.000000,   -0.000390,   -0.000000,   -0.000452,    0.003253
  138     0.000184,   -0.000000,   -0.000215,   -0.000000,    0.000000
  139     0.000000,   -0.000000,   -0.000000,   -0.000000,    0.000003
  140    -0.000000,   -0.000000,    0.000000,   -0.000000,    0.000000
  141    -0.000000,   -0.000000,    0.000000,   -0.000000,    0.000002
  142     0.000000,   -0.000000,   -0.000000,   -0.000000,    0.000000
  143    -0.000000,   -0.000000,    0.000000,   -0.000000,    0.000001
  144    -0.000000,    0.000016,    0.000000,    0.000012,   -0.000176
  145     0.000004,    0.000000,   -0.000003,    0.000000,   -0.000000
  146     0.000000,    0.000013,   -0.000000,    0.000011,   -0.000118
  147    -0.000003,   -0.000000,    0.000002,   -0.000000,   -0.000000
  148     0.000000,    0.000011,   -0.000000,    0.000014,   -0.000078
  149    -0.000000,   -0.000118,   -0.000000,   -0.000078,    0.001420
  150    -0.000037,   -0.000000,    0.000023,   -0.000000,    0.000000
  151    -0.000000,   -0.000087,   -0.000000,   -0.000072,    0.000900
  152     0.000023,    0.000000,   -0.000014,    0.000000,    0.000000
  153    -0.000000,   -0.000084,   -0.000000,   -0.000101,    0.000633
  154    -0.000000,   -0.000081,   -0.000000,   -0.000037,    0.001329
  155    -0.000029,   -0.000000,    0.000021,    0.000000,   -0.000000
  156    -0.000000,   -0.000057,   -0.000000,   -0.000036,    0.000773
  157     0.000020,    0.000000,   -0.000013,   -0.000000,    0.000000
  158    -0.000000,   -0.000063,    0.000000,   -0.000068,    0.000560
  159     0.000000,    0.000006,   -0.000000,    0.000024,    0.000092
  160    -0.000016,   -0.000000,    0.000010,   -0.000000,   -0.000000
  161     0.000000,    0.000040,    0.000000,    0.000034,   -0.000431
  162    -0.000013,   -0.000000,    0.000009,   -0.000000,   -0.000000
  163    -0.000000,   -0.000021,   -0.000000,   -0.000012,    0.000276
  164    -0.000007,   -0.000000,    0.000005,   -0.000000,    0.000000
  165    -0.000000,   -0.000057,   -0.000000,   -0.000044,    0.000677
  166    -0.000000,    0.000000,    0.000000,   -0.000000,   -0.000000
  167     0.000000,   -0.000000,   -0.000000,   -0.000000,    0.000000
  168     0.000000,   -0.000006,   -0.000000,    0.000017,    0.000075
  169     0.000000,   -0.000056,   -0.000000,    0.000190,    0.000778
  170    -0.000000,    0.000188,    0.000000,   -0.000508,   -0.002306
  171    -0.000000,    0.000019,    0.000000,   -0.000112,   -0.000274
  172    -0.000000,   -0.000001,    0.000000,   -0.000001,    0.000013
  173    -0.000000,   -0.000000,    0.000000,    0.000001,   -0.000006
  174     0.000000,    0.000000,    0.000001,   -0.000000,    0.000000
  175     0.000000,    0.000013,   -0.000000,    0.000021,   -0.000308
  176     0.000000,    0.000003,   -0.000000,   -0.000024,    0.000153
  177    -0.000003,   -0.000000,   -0.000025,    0.000000,   -0.000000
  178    -0.000000,   -0.000072,    0.000000,   -0.000110,    0.001594
  179    -0.000000,   -0.000003,    0.000000,    0.000124,   -0.000840
  180     0.000014,    0.000000,    0.000133,   -0.000000,    0.000000
  181    -0.000000,   -0.000120,    0.000000,   -0.000208,    0.002877
  182    -0.000000,   -0.000029,    0.000000,    0.000232,   -0.001508
  183     0.000031,    0.000000,    0.000239,   -0.000000,    0.000000
  184    -0.000000,   -0.000053,    0.000000,   -0.000109,    0.001058
  185    -0.000000,    0.000027,    0.000000,    0.000127,   -0.000680
  186     0.000020,    0.000000,    0.000101,   -0.000000,    0.000000
  187     0.000000,    0.000000,    0.000000,    0.000000,    0.000000
  188    -0.000000,   -0.000000,    0.000000,    0.000000,   -0.000000
  189     0.000000,    0.000000,   -0.000000,    0.000000,   -0.000000
  190    -0.000000,    0.000000,   -0.000000,    0.000000,   -0.000000
  191     0.000000,    0.000000,   -0.000000,    0.000000,    0.000000
  192    -0.000000,   -0.000002,    0.000000,   -0.000002,   -0.000008
  193     0.000000,    0.000000,   -0.000000,   -0.000000,    0.000000
  194    -0.000000,   -0.000002,    0.000000,   -0.000002,    0.000006
  195    -0.000000,   -0.000000,    0.000000,   -0.000000,    0.000000
  196    -0.000000,   -0.000002,    0.000000,   -0.000000,    0.000004
  197     0.000000,    0.000006,   -0.000000,    0.000004,    0.000115
  198    -0.000000,   -0.000000,    0.000003,    0.000000,   -0.000000
  199     0.000000,    0.000016,   -0.000000,    0.000006,   -0.000045
  200     0.000003,    0.000000,   -0.000003,    0.000000,   -0.000000
  201     0.000000,    0.000022,   -0.000000,    0.000000,   -0.000149
  202     0.000000,    0.000001,   -0.000000,   -0.000019,    0.000223
  203     0.000005,    0.000000,    0.000003,    0.000000,    0.000000
  204    -0.000000,    0.000014,   -0.000000,   -0.000002,    0.000012
  205     0.000003,    0.000000,   -0.000003,    0.000000,   -0.000000
  206     0.000000,    0.000026,   -0.000000,   -0.000001,   -0.000164
  207     0.000000,    0.000006,   -0.000000,   -0.000003,   -0.000077
  208     0.000002,    0.000000,   -0.000002,    0.000000,   -0.000000
  209     0.000000,    0.000007,   -0.000000,    0.000001,   -0.000006
  210    -0.000001,    0.000000,   -0.000001,   -0.000000,   -0.000000
  211    -0.000000,   -0.000001,    0.000000,    0.000000,   -0.000029
  212    -0.000002,   -0.000000,   -0.000000,   -0.000000,    0.000000
  213    -0.000000,   -0.000003,    0.000000,    0.000005,   -0.000060
               150,         151,         152,         153,         154
    0     0.000000,    0.001464,    0.000000,    0.000940,    0.001299
    1     0.000000,    0.003304,    0.000000,    0.002328,    0.003690
    2    -0.000000,   -0.006458,   -0.000000,   -0.005079,   -0.009708
    3    -0.000000,   -0.006339,    0.000000,   -0.005001,   -0.009384
    4     0.000000,    0.002991,   -0.000000,    0.002795,    0.010644
    5    -0.000000,    0.005988,    0.000000,    0.010930,    0.007536
    6    -0.000000,   -0.008783,   -0.000000,   -0.004596,   -0.016463
    7    -0.008564,   -0.000000,    0.005515,   -0.000000,   -0.000000
    8    -0.000000,    0.004537,    0.000000,    0.007685,    0.005597
    9    -0.000000,   -0.006137,    0.000000,   -0.003453,   -0.010613
   10    -0.005809,   -0.000000,    0.003774,   -0.000000,   -0.000000
   11    -0.000000,    0.000689,    0.000000,    0.001514,    0.000028
   12    -0.000000,   -0.001596,    0.000000,   -0.000712,   -0.002217
   13    -0.002041,   -0.000000,    0.001330,   -0.000000,   -0.000000
   14     0.000000,    0.000174,   -0.000000,    0.000015,    0.000204
   15    -0.000011,    0.000000,    0.000017,    0.000000,    0.000000
   16    -0.000000,    0.000121,    0.000000,    0.000309,    0.000060
   17    -0.000305,   -0.000000,    0.000219,   -0.000000,   -0.000000
   18    -0.000000,    0.000041,    0.000000,    0.000066,    0.000148
   19     0.000000,    0.000071,   -0.000000,    0.000081,   -0.000427
   20    -0.000220,   -0.000000,    0.000166,    0.000000,    0.000000
   21    -0.000000,    0.000087,    0.000000,    0.000184,   -0.000085
   22    -0.000054,   -0.000000,    0.000107,   -0.000000,   -0.000000
   23    -0.000000,   -0.000199,    0.000000,   -0.000463,   -0.000204
   24    -0.000000,    0.000061,    0.000000,    0.000049,    0.000083
   25    -0.000003,    0.000000,   -0.000006,   -0.000000,    0.000000
   26     0.000000,    0.000031,   -0.000000,   -0.000009,    0.000058
   27     0.000035,   -0.000000,   -0.000013,   -0.000000,   -0.000000
   28    -0.000000,   -0.000035,    0.000000,   -0.000059,    0.000056
   29     0.000001,   -0.000000,    0.000003,   -0.000000,   -0.000000
   30    -0.000000,    0.000003,   -0.000000,   -0.000028,    0.000066
   31    -0.003038,    0.000187,    0.001994,    0.001669,    0.000114
   32    -0.003610,    0.000332,    0.002351,    0.002095,   -0.000078
   33    -0.000779,   -0.000075,    0.000562,    0.000380,   -0.000785
   34     0.000225,    0.000080,   -0.000144,    0.000042,    0.000129
   35     0.000002,   -0.000148,    0.000000,   -0.000077,   -0.000285
   36     0.000177,   -0.000020,   -0.000116,   -0.000177,    0.000018
   37     0.000258,    0.000301,   -0.000155,    0.000284,    0.000669
   38    -0.000023,   -0.000443,    0.000012,   -0.000275,   -0.000962
   39     0.000102,   -0.000031,   -0.000053,   -0.000240,   -0.000008
   40     0.000002,    0.000066,   -0.000002,    0.000039,    0.000133
   41    -0.000006,    0.000077,    0.000003,    0.000044,    0.000158
   42     0.000020,    0.000034,   -0.000012,    0.000066,    0.000068
   43    -0.000037,   -0.000039,    0.000023,   -0.000030,   -0.000068
   44    -0.000024,   -0.000024,    0.000015,   -0.000034,   -0.000026
   45     0.003038,    0.000187,   -0.001994,    0.001669,    0.000114
   46     0.003610,    0.000332,   -0.002351,    0.002095,   -0.000078
   47     0.000779,   -0.000075,   -0.000562,    0.000380,   -0.000785
   48    -0.000225,    0.000080,    0.000144,    0.000042,    0.000129
   49    -0.000002,   -0.000148,   -0.000000,   -0.000077,   -0.000285
   50     0.000177,    0.000020,   -0.000116,    0.000177,   -0.000018
   51    -0.000258,    0.000301,    0.000155,    0.000284,    0.000669
   52     0.000023,   -0.000443,   -0.000012,   -0.000275,   -0.000962
   53     0.000102,    0.000031,   -0.000053,    0.000240,    0.000008
   54    -0.000002,    0.000066,    0.000002,    0.000039,    0.000133
   55    -0.000006,   -0.000077,    0.000003,   -0.000044,   -0.000158
   56    -0.000020,    0.000034,    0.000012,    0.000066,    0.000068
   57    -0.000037,    0.000039,    0.000023,    0.000030,    0.000068
   58     0.000024,   -0.000024,   -0.000015,   -0.000034,   -0.000026
   59     0.000000,   -0.000086,   -0.000000,    0.000583,   -0.000582
   60     0.000000,   -0.000339,   -0.000000,    0.000889,   -0.001156
   61    -0.000000,    0.001184,    0.000000,   -0.000385,    0.001940
   62     0.000000,    0.001884,   -0.000000,    0.000920,    0.002328
   63    -0.000000,   -0.001460,    0.000000,   -0.000840,   -0.001425
   64     0.000000,    0.001164,   -0.000000,   -0.001894,    0.000361
   65    -0.000000,   -0.001106,   -0.000000,   -0.004504,    0.003151
   66    -0.000046,    0.000000,   -0.000906,   -0.000000,    0.000000
   67    -0.000000,    0.000689,    0.000000,   -0.001606,    0.000050
   68    -0.000000,   -0.000748,    0.000000,   -0.003135,    0.002059
   69     0.000159,   -0.000000,   -0.000755,   -0.000000,   -0.000000
   70    -0.000000,   -0.000456,    0.000000,   -0.000697,   -0.001725
   71    -0.000000,   -0.000355,    0.000000,   -0.001000,   -0.000174
   72     0.000642,    0.000000,   -0.000584,   -0.000000,   -0.000000
   73    -0.000000,    0.000031,    0.000000,   -0.000162,    0.000202
   74    -0.000149,   -0.000000,    0.000090,   -0.000000,   -0.000000
   75    -0.000000,    0.000076,    0.000000,    0.000224,    0.000126
   76    -0.000154,   -0.000000,    0.000140,   -0.000000,   -0.000000
   77    -0.000000,    0.000291,    0.000000,    0.000399,    0.000489
   78    -0.000000,    0.000057,    0.000000,   -0.000072,   -0.000074
   79    -0.000344,   -0.000000,    0.000228,   -0.000000,   -0.000000
   80     0.000000,    0.000257,   -0.000000,    0.000614,    0.000135
   81    -0.000401,    0.000000,    0.000299,    0.000000,    0.000000
   82     0.000000,    0.000772,   -0.000000,    0.000941,    0.001006
   83    -0.000000,    0.000135,    0.000000,    0.000105,    0.000233
   84    -0.000088,   -0.000000,    0.000054,    0.000000,   -0.000000
   85     0.000000,    0.000044,   -0.000000,    0.000085,    0.000058
   86     0.000073,    0.000000,   -0.000046,   -0.000000,   -0.000000
   87    -0.000000,   -0.000051,    0.000000,   -0.000035,   -0.000098
   88     0.000022,   -0.000000,   -0.000015,   -0.000000,   -0.000000
   89     0.000000,    0.000061,   -0.000000,    0.000114,    0.000054
   90     0.000212,    0.000178,   -0.000483,    0.000675,    0.000728
   91     0.000141,   -0.000121,   -0.000494,    0.000386,    0.000103
   92    -0.000019,    0.000115,   -0.000133,    0.000271,   -0.000152
   93    -0.000007,    0.000012,   -0.000020,    0.000002,    0.000022
   94    -0.000017,   -0.000019,    0.000010,   -0.000074,    0.000075
   95    -0.000010,   -0.000004,    0.000026,   -0.000056,   -0.000043
   96    -0.000061,   -0.000055,    0.000018,   -0.000169,   -0.000197
   97    -0.000055,   -0.000136,    0.000028,   -0.000236,   -0.000115
   98     0.000060,    0.000156,   -0.000035,    0.000168,    0.000244
   99    -0.000011,   -0.000019,    0.000006,   -0.000031,   -0.000012
  100     0.000009,    0.000025,   -0.000005,    0.000046,    0.000015
  101     0.000007,   -0.000006,   -0.000003,    0.000014,    0.000001
  102     0.000005,    0.000007,    0.000000,    0.000020,    0.000023
  103    -0.000004,    0.000011,   -0.000000,    0.000006,    0.000017
  104    -0.000212,    0.000178,    0.000483,    0.000675,    0.000728
  105    -0.000141,   -0.000121,    0.000494,    0.000386,    0.000103
  106     0.000019,    0.000115,    0.000133,    0.000271,   -0.000152
  107     0.000007,    0.000012,    0.000020,    0.000002,    0.000022
  108     0.000017,   -0.000019,   -0.000010,   -0.000074,    0.000075
  109    -0.000010,    0.000004,    0.000026,    0.000056,    0.000043
  110     0.000061,   -0.000055,   -0.000018,   -0.000169,   -0.000197
  111     0.000055,   -0.000136,   -0.000028,   -0.000236,   -0.000115
  112     0.000060,   -0.000156,   -0.000035,   -0.000168,   -0.000244
  113     0.000011,   -0.000019,   -0.000006,   -0.000031,   -0.000012
  114     0.000009,   -0.000025,   -0.000005,   -0.000046,   -0.000015
  115    -0.000007,   -0.000006,    0.000003,    0.000014,    0.000001
  116     0.000005,   -0.000007,    0.000000,   -0.000020,   -0.000023
  117     0.000004,    0.000011,    0.000000,    0.000006,    0.000017
  118     0.000000,   -0.000002,   -0.000000,   -0.000002,    0.000007
  119     0.000000,   -0.000013,   -0.000000,   -0.000011,   -0.000013
  120    -0.000000,    0.000187,   -0.000000,    0.000217,   -0.001301
  121    -0.000000,    0.002263,   -0.000000,    0.002501,   -0.013098
  122     0.000000,   -0.005106,   -0.000000,   -0.005877,    0.037748
  123    -0.000000,   -0.002307,    0.000000,   -0.002606,    0.007800
  124     0.000000,   -0.000026,   -0.000000,    0.000009,   -0.000083
  125     0.000000,    0.000051,    0.000000,    0.000062,    0.000077
  126    -0.000031,    0.000000,    0.000018,    0.000000,    0.000000
  127    -0.000000,    0.000598,    0.000000,   -0.000208,    0.001921
  128    -0.000000,   -0.001178,   -0.000000,   -0.001446,   -0.001794
  129     0.000721,   -0.000000,   -0.000425,   -0.000000,   -0.000000
  130     0.000000,   -0.002940,   -0.000000,    0.001205,   -0.009603
  131     0.000000,    0.005806,    0.000000,    0.007220,    0.008661
  132    -0.003707,    0.000000,    0.002182,    0.000000,    0.000000
  133     0.000000,   -0.005720,   -0.000000,    0.001917,   -0.018832
  134     0.000000,    0.011291,   -0.000000,    0.013897,    0.018148
  135    -0.006826,    0.000000,    0.004020,    0.000000,    0.000000
  136     0.000000,   -0.001517,   -0.000000,    0.001385,   -0.007189
  137     0.000000,    0.003051,   -0.000000,    0.004195,    0.006315
  138    -0.002494,    0.000000,    0.001441,    0.000000,    0.000000
  139    -0.000000,    0.000002,    0.000000,    0.000001,    0.000001
  140     0.000001,    0.000000,   -0.000000,    0.000000,    0.000000
  141     0.000000,    0.000001,   -0.000000,    0.000002,    0.000001
  142    -0.000000,    0.000000,    0.000000,    0.000000,    0.000000
  143     0.000000,    0.000001,   -0.000000,    0.000002,   -0.000000
  144     0.000000,   -0.000114,   -0.000000,   -0.000085,   -0.000118
  145    -0.000037,   -0.000000,    0.000023,   -0.000000,   -0.000000
  146    -0.000000,   -0.000087,    0.000000,   -0.000084,   -0.000081
  147     0.000023,   -0.000000,   -0.000014,   -0.000000,   -0.000000
  148    -0.000000,   -0.000072,    0.000000,   -0.000101,   -0.000037
  149     0.000000,    0.000900,    0.000000,    0.000633,    0.001329
  150     0.000314,    0.000000,   -0.000197,    0.000000,    0.000000
  151     0.000000,    0.000644,   -0.000000,    0.000589,    0.000841
  152    -0.000197,   -0.000000,    0.000127,   -0.000000,   -0.000000
  153     0.000000,    0.000589,   -0.000000,    0.000799,    0.000563
  154     0.000000,    0.000841,   -0.000000,    0.000563,    0.002480
  155     0.000279,   -0.000000,   -0.000167,   -0.000000,   -0.000000
  156    -0.000000,    0.000550,    0.000000,    0.000471,    0.001477
  157    -0.000177,    0.000000,    0.000114,    0.000000,    0.000000
  158     0.000000,    0.000545,   -0.000000,    0.000731,    0.001175
  159    -0.000000,   -0.000023,    0.000000,   -0.000186,    0.000102
  160     0.000137,    0.000000,   -0.000088,   -0.000000,    0.000000
  161    -0.000000,   -0.000317,    0.000000,   -0.000303,   -0.000541
  162     0.000120,    0.000000,   -0.000074,   -0.000000,    0.000000
  163     0.000000,    0.000174,   -0.000000,    0.000117,    0.000350
  164     0.000068,    0.000000,   -0.000040,    0.000000,    0.000000
  165     0.000000,    0.000464,    0.000000,    0.000398,    0.000866
  166     0.000000,   -0.000000,    0.000000,    0.000000,    0.000000
  167    -0.000000,    0.000002,    0.000000,    0.000003,   -0.000003
  168    -0.000000,    0.000053,    0.000000,    0.000012,   -0.000124
  169    -0.000000,    0.000508,    0.000000,    0.000024,   -0.001123
  170     0.000000,   -0.001641,   -0.000000,   -0.000355,    0.003061
  171     0.000000,   -0.000157,   -0.000000,    0.000044,    0.001101
  172     0.000000,    0.000005,   -0.000000,    0.000007,    0.000017
  173     0.000000,    0.000001,   -0.000000,    0.000003,   -0.000020
  174     0.000004,   -0.000000,   -0.000003,    0.000000,   -0.000000
  175    -0.000000,   -0.000118,    0.000000,   -0.000171,   -0.000402
  176    -0.000000,   -0.000014,    0.000000,   -0.000061,    0.000480
  177    -0.000100,    0.000000,    0.000073,   -0.000000,    0.000000
  178     0.000000,    0.000630,   -0.000000,    0.000928,    0.002039
  179     0.000000,    0.000003,   -0.000000,    0.000239,   -0.002465
  180     0.000530,   -0.000000,   -0.000379,    0.000000,   -0.000000
  181     0.000000,    0.001067,   -0.000000,    0.001605,    0.003825
  182     0.000000,    0.000148,   -0.000000,    0.000611,   -0.004841
  183     0.000919,   -0.000000,   -0.000669,    0.000000,   -0.000000
  184     0.000000,    0.000507,   -0.000000,    0.000970,    0.001602
  185     0.000000,   -0.000154,   -0.000000,   -0.000035,   -0.001865
  186     0.000362,   -0.000000,   -0.000218,    0.000000,   -0.000000
  187     0.000000,   -0.000000,   -0.000000,   -0.000001,   -0.000000
  188    -0.000000,   -0.000000,   -0.000000,   -0.000000,   -0.000000
  189    -0.000000,   -0.000000,    0.000000,   -0.000000,   -0.000000
  190    -0.000000,   -0.000000,    0.000000,   -0.000000,   -0.000000
  191    -0.000000,    0.000000,    0.000000,    0.000000,    0.000001
  192    -0.000000,    0.000012,    0.000000,    0.000029,   -0.000008
  193    -0.000000,    0.000000,    0.000003,    0.000000,    0.000000
  194     0.000000,    0.000016,   -0.000000,    0.000022,    0.000001
  195     0.000003,    0.000000,   -0.000003,    0.000000,    0.000000
  196     0.000000,    0.000006,   -0.000000,    0.000000,   -0.000019
  197    -0.000000,   -0.000045,   -0.000000,   -0.000149,    0.000223
  198     0.000008,    0.000000,   -0.000031,   -0.000000,   -0.000000
  199    -0.000000,   -0.000104,    0.000000,   -0.000131,    0.000025
  200    -0.000031,   -0.000000,    0.000037,   -0.000000,   -0.000000
  201    -0.000000,   -0.000131,    0.000000,   -0.000061,   -0.000033
  202    -0.000000,    0.000025,    0.000000,   -0.000033,    0.000657
  203    -0.000017,    0.000000,   -0.000005,    0.000000,    0.000000
  204     0.000000,   -0.000082,   -0.000000,   -0.000116,    0.000219
  205    -0.000028,   -0.000000,    0.000032,   -0.000000,   -0.000000
  206    -0.000000,   -0.000179,    0.000000,   -0.000157,   -0.000054
  207    -0.000000,   -0.000034,    0.000000,    0.000016,   -0.000069
  208    -0.000018,   -0.000000,    0.000023,   -0.000000,   -0.000000
  209    -0.000000,   -0.000044,    0.000000,   -0.000056,    0.000066
  210     0.000003,   -0.000000,    0.000007,   -0.000000,   -0.000000
  211     0.000000,    0.000007,   -0.000000,    0.000026,   -0.000075
  212     0.000011,    0.000000,   -0.000002,    0.000000,    0.000000
  213     0.000000,    0.000013,   -0.000000,    0.000031,   -0.000194
               155,         156,         157,         158,         159
    0    -0.000000,    0.000480,    0.000000,    0.000648,    0.000123
    1    -0.000000,    0.001800,    0.000000,    0.001961,    0.000204
    2     0.000000,   -0.005763,   -0.000000,   -0.005473,   -0.000214
    3     0.000000,   -0.005676,   -0.000000,   -0.005608,   -0.000172
    4     0.000000,    0.007098,   -0.000000,    0.006879,   -0.000203
    5     0.000000,    0.006306,   -0.000000,    0.009813,   -0.003333
    6     0.000000,   -0.009932,    0.000000,   -0.007007,   -0.001681
    7    -0.004627,    0.000000,    0.004231,   -0.000000,    0.000000
    8    -0.000000,    0.004438,    0.000000,    0.006583,   -0.002155
    9    -0.000000,   -0.006460,    0.000000,   -0.004607,   -0.001040
   10    -0.002852,   -0.000000,    0.002851,   -0.000000,    0.000000
   11    -0.000000,    0.000046,    0.000000,    0.000463,   -0.000479
   12    -0.000000,   -0.001224,    0.000000,   -0.000418,   -0.000428
   13    -0.001478,   -0.000000,    0.001036,   -0.000000,    0.000000
   14    -0.000000,    0.000111,    0.000000,    0.000057,    0.000068
   15    -0.000079,   -0.000000,    0.000049,   -0.000000,   -0.000000
   16     0.000000,    0.000063,   -0.000000,    0.000153,   -0.000110
   17    -0.000044,    0.000000,    0.000166,   -0.000000,    0.000000
   18     0.000000,    0.000004,   -0.000000,   -0.000105,    0.000008
   19     0.000000,   -0.000204,   -0.000000,   -0.000017,   -0.000042
   20    -0.000302,    0.000000,    0.000222,   -0.000000,   -0.000000
   21    -0.000000,   -0.000122,    0.000000,   -0.000209,   -0.000032
   22     0.000476,   -0.000000,    0.000046,   -0.000000,    0.000000
   23     0.000000,   -0.000450,    0.000000,   -0.000973,    0.000236
   24    -0.000000,    0.000062,   -0.000000,    0.000035,    0.000006
   25     0.000024,    0.000000,   -0.000025,    0.000000,    0.000000
   26     0.000000,    0.000038,   -0.000000,    0.000017,    0.000019
   27     0.000073,   -0.000000,   -0.000015,   -0.000000,    0.000000
   28     0.000000,    0.000019,    0.000000,   -0.000025,    0.000020
   29     0.000031,   -0.000000,   -0.000005,   -0.000000,    0.000000
   30     0.000000,    0.000057,   -0.000000,    0.000044,    0.000014
   31    -0.001422,    0.000445,    0.001530,    0.001246,   -0.000836
   32    -0.001847,    0.000472,    0.001829,    0.001597,   -0.001027
   33     0.000171,   -0.000421,    0.000460,   -0.000145,   -0.000238
   34     0.000127,    0.000069,   -0.000110,    0.000053,    0.000015
   35    -0.000007,   -0.000168,    0.000005,   -0.000107,   -0.000031
   36     0.000086,   -0.000033,   -0.000087,   -0.000125,    0.000090
   37     0.000258,    0.000391,   -0.000144,    0.000328,   -0.000006
   38    -0.000113,   -0.000605,    0.000021,   -0.000491,   -0.000058
   39     0.000169,   -0.000116,   -0.000058,   -0.000321,    0.000135
   40     0.000015,    0.000082,   -0.000006,    0.000064,    0.000010
   41    -0.000000,    0.000099,    0.000001,    0.000076,    0.000013
   42     0.000017,    0.000053,   -0.000010,    0.000072,   -0.000021
   43    -0.000026,   -0.000036,    0.000019,   -0.000028,   -0.000003
   44    -0.000015,   -0.000023,    0.000010,   -0.000037,    0.000009
   45     0.001422,    0.000445,   -0.001530,    0.001246,   -0.000836
   46     0.001847,    0.000472,   -0.001829,    0.001597,   -0.001027
   47    -0.000171,   -0.000421,   -0.000460,   -0.000145,   -0.000238
   48    -0.000127,    0.000069,    0.000110,    0.000053,    0.000015
   49     0.000007,   -0.000168,   -0.000005,   -0.000107,   -0.000031
   50     0.000086,    0.000033,   -0.000087,    0.000125,   -0.000090
   51    -0.000258,    0.000391,    0.000144,    0.000328,   -0.000006
   52     0.000113,   -0.000605,   -0.000021,   -0.000491,   -0.000058
   53     0.000169,    0.000116,   -0.000058,    0.000321,   -0.000135
   54    -0.000015,    0.000082,    0.000006,    0.000064,    0.000010
   55    -0.000000,   -0.000099,    0.000001,   -0.000076,   -0.000013
   56    -0.000017,    0.000053,    0.000010,    0.000072,   -0.000021
   57    -0.000026,    0.000036,    0.000019,    0.000028,    0.000003
   58     0.000015,   -0.000023,   -0.000010,   -0.000037,    0.000009
   59    -0.000000,   -0.000059,    0.000000,   -0.000089,   -0.000260
   60     0.000000,   -0.000228,    0.000000,   -0.000295,   -0.000505
   61    -0.000000,    0.000832,    0.000000,    0.001115,    0.000702
   62    -0.000000,    0.001486,   -0.000000,    0.002497,    0.000220
   63    -0.000000,   -0.001774,    0.000000,   -0.002125,   -0.000067
   64     0.000000,    0.001669,   -0.000000,    0.000576,    0.001394
   65     0.000000,   -0.000116,   -0.000000,   -0.003625,    0.002198
   66    -0.001572,   -0.000000,   -0.001552,    0.000000,   -0.000000
   67    -0.000000,    0.000894,    0.000000,   -0.000116,    0.001110
   68    -0.000000,   -0.000196,    0.000000,   -0.002609,    0.001539
   69    -0.001024,   -0.000000,   -0.001231,   -0.000000,   -0.000000
   70    -0.000000,   -0.000870,    0.000000,   -0.000840,    0.000134
   71    -0.000000,   -0.000543,    0.000000,   -0.001191,    0.000443
   72     0.000581,   -0.000000,   -0.000680,    0.000000,   -0.000000
   73     0.000000,    0.000084,   -0.000000,   -0.000055,    0.000105
   74    -0.000114,    0.000000,    0.000046,   -0.000000,    0.000000
   75    -0.000000,    0.000068,    0.000000,    0.000189,   -0.000091
   76     0.000008,    0.000000,    0.000159,   -0.000000,    0.000000
   77    -0.000000,    0.000327,    0.000000,    0.000435,   -0.000089
   78    -0.000000,   -0.000031,   -0.000000,   -0.000036,    0.000051
   79    -0.000211,    0.000000,    0.000131,   -0.000000,   -0.000000
   80     0.000000,    0.000217,   -0.000000,    0.000668,   -0.000260
   81    -0.000008,    0.000000,    0.000323,    0.000000,    0.000000
   82     0.000000,    0.000816,   -0.000000,    0.001172,   -0.000201
   83     0.000000,    0.000161,   -0.000000,    0.000152,    0.000003
   84    -0.000055,    0.000000,    0.000028,   -0.000000,    0.000000
   85     0.000000,    0.000054,   -0.000000,    0.000095,   -0.000030
   86     0.000040,   -0.000000,   -0.000044,   -0.000000,   -0.000000
   87     0.000000,   -0.000055,    0.000000,   -0.000058,   -0.000004
   88     0.000011,   -0.000000,   -0.000021,   -0.000000,   -0.000000
   89     0.000000,    0.000059,   -0.000000,    0.000096,   -0.000036
   90    -0.000538,    0.000032,   -0.000704,    0.000398,   -0.000254
   91    -0.000671,   -0.000482,   -0.000734,   -0.000242,   -0.000206
   92    -0.000795,   -0.000177,   -0.000176,   -0.000065,   -0.000081
   93    -0.000042,    0.000007,   -0.000037,    0.000019,    0.000003
   94    -0.000011,    0.000010,    0.000004,   -0.000049,    0.000037
   95     0.000028,    0.000013,    0.000040,   -0.000027,    0.000026
   96    -0.000065,   -0.000116,    0.000022,   -0.000173,    0.000068
   97    -0.000113,   -0.000192,    0.000014,   -0.000358,    0.000087
   98     0.000019,    0.000255,   -0.000043,    0.000338,   -0.000039
   99    -0.000012,   -0.000021,    0.000001,   -0.000039,    0.000010
  100     0.000008,    0.000030,   -0.000002,    0.000057,   -0.000017
  101     0.000008,   -0.000012,   -0.000002,   -0.000006,   -0.000009
  102     0.000010,    0.000017,    0.000002,    0.000022,   -0.000008
  103    -0.000003,    0.000015,   -0.000003,    0.000018,    0.000001
  104     0.000538,    0.000032,    0.000704,    0.000398,   -0.000254
  105     0.000671,   -0.000482,    0.000734,   -0.000242,   -0.000206
  106     0.000795,   -0.000177,    0.000176,   -0.000065,   -0.000081
  107     0.000042,    0.000007,    0.000037,    0.000019,    0.000003
  108     0.000011,    0.000010,   -0.000004,   -0.000049,    0.000037
  109     0.000028,   -0.000013,    0.000040,    0.000027,   -0.000026
  110     0.000065,   -0.000116,   -0.000022,   -0.000173,    0.000068
  111     0.000113,   -0.000192,   -0.000014,   -0.000358,    0.000087
  112     0.000019,   -0.000255,   -0.000043,   -0.000338,    0.000039
  113     0.000012,   -0.000021,   -0.000001,   -0.000039,    0.000010
  114     0.000008,   -0.000030,   -0.000002,   -0.000057,    0.000017
  115    -0.000008,   -0.000012,    0.000002,   -0.000006,   -0.000009
  116     0.000010,   -0.000017,    0.000002,   -0.000022,    0.000008
  117     0.000003,    0.000015,    0.000003,    0.000018,    0.000001
  118     0.000000,    0.000005,   -0.000000,    0.000004,    0.000000
  119     0.000000,   -0.000007,   -0.000000,   -0.000006,   -0.000001
  120     0.000000,   -0.000833,    0.000000,   -0.000785,   -0.000016
  121     0.000000,   -0.008421,    0.000000,   -0.007988,   -0.000143
  122    -0.000000,    0.024302,   -0.000000,    0.023103,    0.000359
  123    -0.000000,    0.004856,    0.000000,    0.004274,    0.000280
  124    -0.000000,   -0.000033,    0.000000,    0.000017,   -0.000023
  125    -0.000000,    0.000058,    0.000000,    0.000080,   -0.000014
  126    -0.000058,   -0.000000,    0.000025,    0.000000,   -0.000000
  127     0.000000,    0.000776,   -0.000000,   -0.000403,    0.000534
  128     0.000000,   -0.001356,   -0.000000,   -0.001864,    0.000315
  129     0.001350,    0.000000,   -0.000579,   -0.000000,    0.000000
  130    -0.000000,   -0.003793,    0.000000,    0.002310,   -0.002765
  131    -0.000000,    0.006607,    0.000000,    0.009249,   -0.001621
  132    -0.007003,   -0.000000,    0.002995,    0.000000,   -0.000000
  133    -0.000000,   -0.007763,    0.000000,    0.003424,   -0.005049
  134    -0.000000,    0.013641,    0.000000,    0.018546,   -0.003059
  135    -0.012820,   -0.000000,    0.005502,    0.000000,   -0.000000
  136    -0.000000,   -0.002844,    0.000000,    0.001713,   -0.002018
  137    -0.000000,    0.004867,    0.000000,    0.006905,   -0.001188
  138    -0.005282,   -0.000000,    0.002142,    0.000000,   -0.000000
  139    -0.000000,    0.000001,    0.000000,    0.000000,    0.000000
  140     0.000000,    0.000000,   -0.000000,    0.000000,   -0.000000
  141     0.000000,    0.000001,   -0.000000,    0.000001,   -0.000000
  142    -0.000000,    0.000000,    0.000000,    0.000000,    0.000000
  143     0.000000,    0.000000,   -0.000000,    0.000001,   -0.000000
  144     0.000000,   -0.000070,   -0.000000,   -0.000051,   -0.000009
  145    -0.000029,   -0.000000,    0.000020,   -0.000000,    0.000000
  146    -0.000000,   -0.000057,    0.000000,   -0.000063,    0.000006
  147     0.000021,   -0.000000,   -0.000013,    0.000000,   -0.000000
  148     0.000000,   -0.000036,   -0.000000,   -0.000068,    0.000024
  149    -0.000000,    0.000773,    0.000000,    0.000560,    0.000092
  150     0.000279,   -0.000000,   -0.000177,    0.000000,   -0.000000
  151    -0.000000,    0.000550,    0.000000,    0.000545,   -0.000023
  152    -0.000167,    0.000000,    0.000114,   -0.000000,    0.000000
  153    -0.000000,    0.000471,    0.000000,    0.000731,   -0.000186
  154    -0.000000,    0.001477,    0.000000,    0.001175,    0.000102
  155     0.000351,   -0.000000,   -0.000169,   -0.000000,    0.000000
  156    -0.000000,    0.000947,    0.000000,    0.000891,   -0.000006
  157    -0.000169,    0.000000,    0.000117,    0.000000,   -0.000000
  158    -0.000000,    0.000891,    0.000000,    0.001174,   -0.000187
  159     0.000000,   -0.000006,   -0.000000,   -0.000187,    0.000108
  160     0.000127,   -0.000000,   -0.000084,    0.000000,   -0.000000
  161     0.000000,   -0.000357,   -0.000000,   -0.000363,    0.000021
  162     0.000123,   -0.000000,   -0.000070,    0.000000,   -0.000000
  163    -0.000000,    0.000205,    0.000000,    0.000152,    0.000021
  164     0.000077,    0.000000,   -0.000038,    0.000000,   -0.000000
  165    -0.000000,    0.000536,    0.000000,    0.000487,    0.000001
  166    -0.000000,   -0.000000,    0.000000,   -0.000001,   -0.000000
  167    -0.000000,   -0.000000,    0.000000,    0.000003,   -0.000001
  168     0.000000,   -0.000005,   -0.000000,    0.000151,   -0.000017
  169     0.000000,   -0.000012,   -0.000000,    0.001497,   -0.000132
  170    -0.000000,   -0.000164,    0.000000,   -0.004515,    0.000433
  171    -0.000000,    0.000286,    0.000000,   -0.000806,    0.000150
  172    -0.000000,    0.000008,    0.000000,    0.000011,   -0.000002
  173    -0.000000,   -0.000004,    0.000000,    0.000007,   -0.000002
  174     0.000007,    0.000000,    0.000006,   -0.000000,   -0.000000
  175     0.000000,   -0.000188,   -0.000000,   -0.000257,    0.000039
  176     0.000000,    0.000089,   -0.000000,   -0.000152,    0.000055
  177    -0.000171,   -0.000000,   -0.000141,    0.000000,    0.000000
  178    -0.000000,    0.000975,    0.000000,    0.001387,   -0.000222
  179    -0.000000,   -0.000509,    0.000000,    0.000670,   -0.000265
  180     0.000906,    0.000000,    0.000736,   -0.000000,   -0.000000
  181    -0.000000,    0.001738,    0.000000,    0.002351,   -0.000371
  182    -0.000000,   -0.000916,    0.000000,    0.001535,   -0.000561
  183     0.001581,    0.000000,    0.001365,   -0.000000,   -0.000000
  184    -0.000000,    0.000841,    0.000000,    0.001319,   -0.000300
  185    -0.000000,   -0.000501,    0.000000,    0.000363,   -0.000165
  186     0.000743,    0.000000,    0.000684,   -0.000000,    0.000000
  187     0.000000,   -0.000000,   -0.000000,   -0.000001,    0.000000
  188    -0.000000,   -0.000000,   -0.000000,   -0.000000,   -0.000000
  189    -0.000000,   -0.000000,    0.000000,   -0.000001,    0.000000
  190    -0.000000,   -0.000000,    0.000000,   -0.000000,    0.000000
  191     0.000000,    0.000000,   -0.000000,    0.000001,   -0.000000
  192    -0.000000,    0.000011,    0.000000,    0.000031,   -0.000012
  193     0.000005,    0.000000,    0.000003,   -0.000000,    0.000000
  194    -0.000000,    0.000014,   -0.000000,    0.000026,   -0.000006
  195     0.000003,    0.000000,   -0.000003,    0.000000,   -0.000000
  196    -0.000000,   -0.000002,    0.000000,   -0.000001,    0.000003
  197     0.000000,    0.000012,   -0.000000,   -0.000164,    0.000077
  198    -0.000017,   -0.000000,   -0.000028,    0.000000,   -0.000000
  199     0.000000,   -0.000082,    0.000000,   -0.000179,    0.000034
  200    -0.000005,    0.000000,    0.000032,   -0.000000,    0.000000
  201     0.000000,   -0.000116,   -0.000000,   -0.000157,   -0.000016
  202    -0.000000,    0.000219,    0.000000,   -0.000054,    0.000069
  203     0.000009,    0.000000,    0.000016,    0.000000,    0.000000
  204    -0.000000,   -0.000004,    0.000000,   -0.000189,    0.000054
  205     0.000016,   -0.000000,    0.000015,   -0.000000,   -0.000000
  206    -0.000000,   -0.000189,    0.000000,   -0.000366,    0.000036
  207     0.000000,   -0.000054,   -0.000000,   -0.000036,   -0.000023
  208     0.000003,    0.000000,    0.000015,   -0.000000,    0.000000
  209     0.000000,   -0.000019,    0.000000,   -0.000083,    0.000019
  210     0.000005,   -0.000000,    0.000003,   -0.000000,    0.000000
  211     0.000000,   -0.000016,   -0.000000,    0.000025,   -0.000016
  212     0.000005,    0.000000,   -0.000004,    0.000000,    0.000000
  213    -0.000000,   -0.000040,   -0.000000,    0.000056,   -0.000024
               160,         161,         162,         163,         164
    0    -0.000000,   -0.000415,   -0.000000,    0.000332,    0.000000
    1    -0.000000,   -0.001151,   -0.000000,    0.000798,    0.000000
    2     0.000000,    0.002885,    0.000000,   -0.001723,   -0.000000
    3    -0.000000,    0.002872,   -0.000000,   -0.001707,   -0.000000
    4     0.000000,   -0.002315,    0.000000,    0.001276,    0.000000
    5     0.000000,   -0.003549,    0.000000,    0.001110,   -0.000000
    6    -0.000000,    0.004675,   -0.000000,   -0.003143,    0.000000
    7    -0.003479,    0.000000,   -0.002814,   -0.000000,   -0.001404
    8    -0.000000,   -0.002582,   -0.000000,    0.000892,   -0.000000
    9    -0.000000,    0.003193,   -0.000000,   -0.002110,   -0.000000
   10    -0.002352,    0.000000,   -0.001863,   -0.000000,   -0.000901
   11    -0.000000,   -0.000315,   -0.000000,    0.000066,   -0.000000
   12    -0.000000,    0.000713,   -0.000000,   -0.000532,   -0.000000
   13    -0.000860,    0.000000,   -0.000724,   -0.000000,   -0.000382
   14    -0.000000,   -0.000081,    0.000000,    0.000064,   -0.000000
   15    -0.000024,   -0.000000,   -0.000014,    0.000000,   -0.000007
   16     0.000000,   -0.000067,    0.000000,    0.000010,   -0.000000
   17    -0.000131,    0.000000,   -0.000081,   -0.000000,   -0.000025
   18     0.000000,   -0.000021,    0.000000,    0.000024,   -0.000000
   19     0.000000,   -0.000006,    0.000000,   -0.000016,    0.000000
   20    -0.000140,   -0.000000,   -0.000100,    0.000000,   -0.000050
   21    -0.000000,   -0.000014,   -0.000000,    0.000006,   -0.000000
   22    -0.000029,    0.000000,    0.000063,   -0.000000,    0.000087
   23    -0.000000,    0.000160,   -0.000000,   -0.000003,   -0.000000
   24    -0.000000,   -0.000026,   -0.000000,    0.000015,   -0.000000
   25     0.000010,    0.000000,    0.000003,   -0.000000,   -0.000000
   26     0.000000,   -0.000015,    0.000000,    0.000013,    0.000000
   27     0.000013,    0.000000,    0.000020,   -0.000000,    0.000017
   28    -0.000000,    0.000006,   -0.000000,    0.000004,   -0.000000
   29     0.000002,    0.000000,    0.000005,   -0.000000,    0.000005
   30     0.000000,   -0.000013,    0.000000,    0.000009,   -0.000000
   31    -0.001246,   -0.000308,   -0.000963,   -0.000049,   -0.000454
   32    -0.001484,   -0.000380,   -0.001170,   -0.000068,   -0.000567
   33    -0.000332,    0.000064,   -0.000166,   -0.000099,   -0.000021
   34     0.000091,   -0.000033,    0.000075,    0.000024,    0.000038
   35    -0.000002,    0.000078,   -0.000001,   -0.000054,   -0.000000
   36     0.000072,    0.000029,    0.000057,    0.000008,    0.000027
   37     0.000111,   -0.000170,    0.000104,    0.000100,    0.000062
   38    -0.000016,    0.000252,   -0.000023,   -0.000161,   -0.000019
   39     0.000045,    0.000050,    0.000052,    0.000013,    0.000036
   40     0.000003,   -0.000036,    0.000003,    0.000023,    0.000002
   41    -0.000002,   -0.000043,   -0.000002,    0.000028,   -0.000001
   42     0.000008,   -0.000024,    0.000008,    0.000008,    0.000004
   43    -0.000015,    0.000018,   -0.000013,   -0.000012,   -0.000007
   44    -0.000009,    0.000012,   -0.000008,   -0.000004,   -0.000005
   45     0.001246,   -0.000308,    0.000963,   -0.000049,    0.000454
   46     0.001484,   -0.000380,    0.001170,   -0.000068,    0.000567
   47     0.000332,    0.000064,    0.000166,   -0.000099,    0.000021
   48    -0.000091,   -0.000033,   -0.000075,    0.000024,   -0.000038
   49     0.000002,    0.000078,    0.000001,   -0.000054,    0.000000
   50     0.000072,   -0.000029,    0.000057,   -0.000008,    0.000027
   51    -0.000111,   -0.000170,   -0.000104,    0.000100,   -0.000062
   52     0.000016,    0.000252,    0.000023,   -0.000161,    0.000019
   53     0.000045,   -0.000050,    0.000052,   -0.000013,    0.000036
   54    -0.000003,   -0.000036,   -0.000003,    0.000023,   -0.000002
   55    -0.000002,    0.000043,   -0.000002,   -0.000028,   -0.000001
   56    -0.000008,   -0.000024,   -0.000008,    0.000008,   -0.000004
   57    -0.000015,   -0.000018,   -0.000013,    0.000012,   -0.000007
   58     0.000009,    0.000012,    0.000008,   -0.000004,    0.000005
   59    -0.000000,    0.000102,   -0.000000,   -0.000150,    0.000000
   60    -0.000000,    0.000222,   -0.000000,   -0.000308,    0.000000
   61    -0.000000,   -0.000480,   -0.000000,    0.000541,   -0.000000
   62     0.000000,   -0.000854,   -0.000000,    0.000586,   -0.000000
   63    -0.000000,    0.000689,   -0.000000,   -0.000326,   -0.000000
   64     0.000000,   -0.000497,    0.000000,    0.000424,   -0.000000
   65    -0.000000,    0.000368,    0.000000,    0.000543,   -0.000000
   66     0.000694,    0.000000,   -0.000299,   -0.000000,   -0.000588
   67    -0.000000,   -0.000238,   -0.000000,    0.000280,   -0.000000
   68    -0.000000,    0.000286,   -0.000000,    0.000369,   -0.000000
   69     0.000577,    0.000000,   -0.000148,   -0.000000,   -0.000385
   70    -0.000000,    0.000320,   -0.000000,   -0.000191,   -0.000000
   71    -0.000000,    0.000242,   -0.000000,    0.000018,   -0.000000
   72     0.000437,    0.000000,    0.000236,   -0.000000,    0.000070
   73     0.000000,   -0.000026,    0.000000,    0.000044,   -0.000000
   74    -0.000052,    0.000000,   -0.000054,   -0.000000,   -0.000032
   75    -0.000000,   -0.000046,   -0.000000,    0.000008,    0.000000
   76    -0.000097,    0.000000,   -0.000035,   -0.000000,    0.000004
   77    -0.000000,   -0.000167,   -0.000000,    0.000076,    0.000000
   78    -0.000000,   -0.000020,   -0.000000,    0.000020,   -0.000000
   79    -0.000132,    0.000000,   -0.000115,   -0.000000,   -0.000060
   80     0.000000,   -0.000148,    0.000000,    0.000012,    0.000000
   81    -0.000204,   -0.000000,   -0.000101,    0.000000,   -0.000018
   82     0.000000,   -0.000426,    0.000000,    0.000182,    0.000000
   83     0.000000,   -0.000076,   -0.000000,    0.000043,   -0.000000
   84    -0.000031,   -0.000000,   -0.000030,    0.000000,   -0.000017
   85     0.000000,   -0.000026,    0.000000,    0.000006,    0.000000
   86     0.000032,    0.000000,    0.000024,   -0.000000,    0.000012
   87    -0.000000,    0.000028,    0.000000,   -0.000019,    0.000000
   88     0.000012,    0.000000,    0.000007,   -0.000000,    0.000002
   89     0.000000,   -0.000032,    0.000000,    0.000007,    0.000000
   90     0.000351,   -0.000107,   -0.000046,    0.000069,   -0.000192
   91     0.000357,    0.000088,   -0.000088,   -0.000019,   -0.000238
   92     0.000060,   -0.000009,   -0.000131,    0.000001,   -0.000169
   93     0.000016,   -0.000005,   -0.000009,    0.000005,   -0.000016
   94    -0.000005,    0.000005,   -0.000006,    0.000010,   -0.000004
   95    -0.000020,    0.000003,    0.000003,   -0.000002,    0.000011
   96    -0.000017,    0.000050,   -0.000027,   -0.000014,   -0.000021
   97    -0.000020,    0.000078,   -0.000031,   -0.000012,   -0.000024
   98     0.000027,   -0.000099,    0.000019,    0.000036,    0.000008
   99    -0.000003,    0.000009,   -0.000004,   -0.000002,   -0.000003
  100     0.000003,   -0.000013,    0.000003,    0.000002,    0.000002
  101     0.000002,    0.000002,    0.000003,   -0.000002,    0.000002
  102    -0.000000,   -0.000006,    0.000003,    0.000001,    0.000003
  103     0.000001,   -0.000006,   -0.000001,    0.000003,   -0.000002
  104    -0.000351,   -0.000107,    0.000046,    0.000069,    0.000192
  105    -0.000357,    0.000088,    0.000088,   -0.000019,    0.000238
  106    -0.000060,   -0.000009,    0.000131,    0.000001,    0.000169
  107    -0.000016,   -0.000005,    0.000009,    0.000005,    0.000016
  108     0.000005,    0.000005,    0.000006,    0.000010,    0.000004
  109    -0.000020,   -0.000003,    0.000003,    0.000002,    0.000011
  110     0.000017,    0.000050,    0.000027,   -0.000014,    0.000021
  111     0.000020,    0.000078,    0.000031,   -0.000012,    0.000024
  112     0.000027,    0.000099,    0.000019,   -0.000036,    0.000008
  113     0.000003,    0.000009,    0.000004,   -0.000002,    0.000003
  114     0.000003,    0.000013,    0.000003,   -0.000002,    0.000002
  115    -0.000002,    0.000002,   -0.000003,   -0.000002,   -0.000002
  116    -0.000000,    0.000006,    0.000003,   -0.000001,    0.000003
  117    -0.000001,   -0.000006,    0.000001,    0.000003,    0.000002
  118     0.000000,   -0.000000,    0.000000,    0.000000,   -0.000000
  119     0.000000,    0.000005,    0.000000,   -0.000003,   -0.000000
  120    -0.000000,    0.000083,   -0.000000,   -0.000058,    0.000000
  121    -0.000000,    0.000719,   -0.000000,   -0.000513,    0.000000
  122     0.000000,   -0.002558,    0.000000,    0.001730,   -0.000000
  123    -0.000000,   -0.000054,   -0.000000,    0.000162,   -0.000000
  124    -0.000000,    0.000012,   -0.000000,   -0.000015,    0.000000
  125    -0.000000,   -0.000030,   -0.000000,    0.000013,    0.000000
  126    -0.000017,   -0.000000,   -0.000017,    0.000000,   -0.000011
  127     0.000000,   -0.000279,    0.000000,    0.000338,   -0.000000
  128     0.000000,    0.000689,    0.000000,   -0.000297,   -0.000000
  129     0.000390,    0.000000,    0.000388,   -0.000000,    0.000258
  130    -0.000000,    0.001350,   -0.000000,   -0.001695,    0.000000
  131    -0.000000,   -0.003395,   -0.000000,    0.001444,    0.000000
  132    -0.002012,   -0.000000,   -0.002003,    0.000000,   -0.001336
  133    -0.000000,    0.002734,   -0.000000,   -0.003252,    0.000000
  134    -0.000000,   -0.006729,   -0.000000,    0.002913,    0.000000
  135    -0.003697,   -0.000000,   -0.003677,    0.000000,   -0.002450
  136    -0.000000,    0.000788,   -0.000000,   -0.001134,    0.000000
  137    -0.000000,   -0.002092,   -0.000000,    0.000834,    0.000000
  138    -0.001408,   -0.000000,   -0.001438,    0.000000,   -0.000984
  139    -0.000000,   -0.000001,   -0.000000,    0.000000,   -0.000000
  140     0.000000,   -0.000000,    0.000000,    0.000000,    0.000000
  141     0.000000,   -0.000001,    0.000000,    0.000000,    0.000000
  142    -0.000000,   -0.000000,   -0.000000,    0.000000,   -0.000000
  143     0.000000,   -0.000000,    0.000000,    0.000000,    0.000000
  144     0.000000,    0.000050,    0.000000,   -0.000031,   -0.000000
  145    -0.000016,    0.000000,   -0.000013,   -0.000000,   -0.000007
  146    -0.000000,    0.000040,   -0.000000,   -0.000021,   -0.000000
  147     0.000010,    0.000000,    0.000009,   -0.000000,    0.000005
  148    -0.000000,    0.000034,   -0.000000,   -0.000012,   -0.000000
  149    -0.000000,   -0.000431,   -0.000000,    0.000276,    0.000000
  150     0.000137,   -0.000000,    0.000120,    0.000000,    0.000068
  151     0.000000,   -0.000317,    0.000000,    0.000174,    0.000000
  152    -0.000088,    0.000000,   -0.000074,   -0.000000,   -0.000040
  153    -0.000000,   -0.000303,   -0.000000,    0.000117,    0.000000
  154     0.000000,   -0.000541,    0.000000,    0.000350,    0.000000
  155     0.000127,    0.000000,    0.000123,   -0.000000,    0.000077
  156    -0.000000,   -0.000357,   -0.000000,    0.000205,    0.000000
  157    -0.000084,   -0.000000,   -0.000070,    0.000000,   -0.000038
  158     0.000000,   -0.000363,    0.000000,    0.000152,    0.000000
  159    -0.000000,    0.000021,   -0.000000,    0.000021,   -0.000000
  160     0.000063,    0.000000,    0.000053,   -0.000000,    0.000030
  161     0.000000,    0.000173,    0.000000,   -0.000093,   -0.000000
  162     0.000053,    0.000000,    0.000049,   -0.000000,    0.000029
  163    -0.000000,   -0.000093,   -0.000000,    0.000061,    0.000000
  164     0.000030,   -0.000000,    0.000029,    0.000000,    0.000018
  165    -0.000000,   -0.000253,   -0.000000,    0.000148,    0.000000
  166    -0.000000,   -0.000000,   -0.000000,    0.000000,    0.000000
  167    -0.000000,   -0.000001,   -0.000000,   -0.000000,   -0.000000
  168     0.000000,   -0.000007,    0.000000,   -0.000004,   -0.000000
  169     0.000000,   -0.000066,    0.000000,   -0.000031,   -0.000000
  170    -0.000000,    0.000289,   -0.000000,    0.000059,    0.000000
  171     0.000000,   -0.000045,    0.000000,    0.000084,    0.000000
  172    -0.000000,   -0.000004,   -0.000000,    0.000002,    0.000000
  173     0.000000,    0.000002,    0.000000,   -0.000002,   -0.000000
  174    -0.000000,   -0.000000,    0.000002,    0.000000,    0.000002
  175     0.000000,    0.000082,    0.000000,   -0.000053,   -0.000000
  176    -0.000000,   -0.000040,   -0.000000,    0.000055,    0.000000
  177     0.000007,    0.000000,   -0.000042,   -0.000000,   -0.000039
  178    -0.000000,   -0.000429,   -0.000000,    0.000270,    0.000000
  179     0.000000,    0.000233,   -0.000000,   -0.000291,   -0.000000
  180    -0.000038,   -0.000000,    0.000225,    0.000000,    0.000208
  181    -0.000000,   -0.000759,   -0.000000,    0.000497,    0.000000
  182     0.000000,    0.000393,    0.000000,   -0.000553,   -0.000000
  183    -0.000088,   -0.000000,    0.000387,    0.000000,    0.000362
  184    -0.000000,   -0.000362,   -0.000000,    0.000187,    0.000000
  185     0.000000,    0.000252,    0.000000,   -0.000237,   -0.000000
  186    -0.000088,   -0.000000,    0.000170,    0.000000,    0.000180
  187     0.000000,    0.000000,    0.000000,    0.000000,   -0.000000
  188     0.000000,    0.000000,   -0.000000,   -0.000000,   -0.000000
  189    -0.000000,    0.000000,   -0.000000,   -0.000000,   -0.000000
  190    -0.000000,    0.000000,   -0.000000,   -0.000000,   -0.000000
  191    -0.000000,   -0.000000,   -0.000000,    0.000000,    0.000000
  192    -0.000000,   -0.000006,   -0.000000,   -0.000001,    0.000000
  193    -0.000002,   -0.000000,    0.000001,    0.000000,    0.000002
  194     0.000000,   -0.000007,    0.000000,    0.000001,    0.000000
  195     0.000002,   -0.000000,    0.000001,    0.000000,    0.000000
  196     0.000000,   -0.000001,    0.000000,   -0.000000,   -0.000000
  197     0.000000,    0.000006,    0.000000,    0.000029,   -0.000000
  198     0.000018,    0.000000,   -0.000003,   -0.000000,   -0.000011
  199    -0.000000,    0.000044,   -0.000000,   -0.000007,    0.000000
  200    -0.000023,    0.000000,   -0.000007,   -0.000000,    0.000002
  201    -0.000000,    0.000056,   -0.000000,   -0.000026,    0.000000
  202    -0.000000,   -0.000066,   -0.000000,    0.000075,    0.000000
  203    -0.000003,   -0.000000,   -0.000005,    0.000000,   -0.000005
  204    -0.000000,    0.000019,   -0.000000,    0.000016,    0.000000
  205    -0.000015,    0.000000,   -0.000003,   -0.000000,    0.000004
  206    -0.000000,    0.000083,   -0.000000,   -0.000025,   -0.000000
  207    -0.000000,    0.000019,   -0.000000,   -0.000016,    0.000000
  208    -0.000012,    0.000000,   -0.000003,   -0.000000,    0.000003
  209    -0.000000,    0.000014,   -0.000000,    0.000003,    0.000000
  210    -0.000003,    0.000000,    0.000002,   -0.000000,    0.000004
  211     0.000000,    0.000003,    0.000000,   -0.000009,   -0.000000
  212     0.000003,   -0.000000,    0.000004,    0.000000,    0.000003
  213     0.000000,    0.000010,    0.000000,   -0.000021,   -0.000000
               165,         166,         167,         168,         169
    0     0.000956,    0.000001,    0.000007,   -0.000033,   -0.000596
    1     0.002238,    0.000002,    0.000012,   -0.000068,   -0.001115
    2    -0.004666,   -0.000002,   -0.000014,    0.000045,    0.000782
    3    -0.004614,   -0.000001,   -0.000030,   -0.000302,   -0.002367
    4     0.003314,   -0.000010,    0.000002,    0.001574,    0.016599
    5     0.004474,   -0.000004,   -0.000009,    0.000466,    0.005697
    6    -0.007215,    0.000004,   -0.000026,   -0.000962,   -0.009256
    7    -0.000000,    0.000000,    0.000000,    0.000000,   -0.000000
    8     0.003366,   -0.000001,   -0.000004,    0.000103,    0.001568
    9    -0.004872,    0.000003,   -0.000016,   -0.000767,   -0.007515
   10    -0.000000,   -0.000000,    0.000000,    0.000000,    0.000000
   11     0.000445,    0.000006,   -0.000007,   -0.001003,   -0.010096
   12    -0.001123,    0.000005,    0.000003,   -0.000757,   -0.008012
   13    -0.000000,   -0.000000,    0.000000,    0.000000,    0.000000
   14     0.000136,    0.000000,    0.000003,    0.000035,    0.000248
   15    -0.000000,   -0.000000,   -0.000000,   -0.000000,    0.000000
   16     0.000081,    0.000000,   -0.000002,   -0.000052,   -0.000458
   17    -0.000000,    0.000000,    0.000000,    0.000000,    0.000000
   18     0.000072,   -0.000000,   -0.000006,   -0.000082,   -0.000676
   19    -0.000016,   -0.000001,    0.000005,    0.000305,    0.002921
   20     0.000000,   -0.000000,    0.000000,    0.000000,    0.000000
   21     0.000036,   -0.000000,   -0.000005,   -0.000052,   -0.000408
   22    -0.000000,   -0.000000,    0.000000,    0.000000,    0.000000
   23    -0.000093,   -0.000001,   -0.000013,   -0.000119,   -0.000880
   24     0.000029,   -0.000000,    0.000001,    0.000028,    0.000289
   25     0.000000,   -0.000000,    0.000000,    0.000000,    0.000000
   26     0.000022,   -0.000000,    0.000001,    0.000044,    0.000443
   27    -0.000000,   -0.000000,   -0.000000,    0.000000,    0.000000
   28    -0.000002,   -0.000000,   -0.000001,    0.000004,    0.000064
   29    -0.000000,   -0.000000,   -0.000000,    0.000000,    0.000000
   30     0.000009,   -0.000000,    0.000001,    0.000017,    0.000151
   31     0.000223,   -0.000001,   -0.000010,    0.000025,    0.000691
   32     0.000262,   -0.000004,   -0.000007,    0.000499,    0.005548
   33    -0.000143,   -0.000004,   -0.000006,    0.000484,    0.005207
   34     0.000059,   -0.000000,    0.000000,    0.000006,    0.000060
   35    -0.000122,   -0.000000,   -0.000000,    0.000015,    0.000161
   36    -0.000016,    0.000000,    0.000001,   -0.000003,   -0.000070
   37     0.000270,    0.000001,   -0.000002,   -0.000107,   -0.001044
   38    -0.000380,    0.000002,   -0.000000,   -0.000260,   -0.002701
   39    -0.000020,    0.000001,   -0.000001,   -0.000207,   -0.002136
   40     0.000055,   -0.000000,    0.000000,    0.000027,    0.000275
   41     0.000064,   -0.000000,    0.000000,    0.000034,    0.000350
   42     0.000030,   -0.000000,   -0.000000,    0.000012,    0.000139
   43    -0.000031,   -0.000000,    0.000000,    0.000018,    0.000182
   44    -0.000016,    0.000000,   -0.000000,   -0.000008,   -0.000076
   45     0.000223,   -0.000001,   -0.000010,    0.000025,    0.000691
   46     0.000262,   -0.000004,   -0.000007,    0.000499,    0.005548
   47    -0.000143,   -0.000004,   -0.000006,    0.000484,    0.005207
   48     0.000059,   -0.000000,    0.000000,    0.000006,    0.000060
   49    -0.000122,   -0.000000,   -0.000000,    0.000015,    0.000161
   50     0.000016,   -0.000000,   -0.000001,    0.000003,    0.000070
   51     0.000270,    0.000001,   -0.000002,   -0.000107,   -0.001044
   52    -0.000380,    0.000002,   -0.000000,   -0.000260,   -0.002701
   53     0.000020,   -0.000001,    0.000001,    0.000207,    0.002136
   54     0.000055,   -0.000000,    0.000000,    0.000027,    0.000275
   55    -0.000064,    0.000000,   -0.000000,   -0.000034,   -0.000350
   56     0.000030,   -0.000000,   -0.000000,    0.000012,    0.000139
   57     0.000031,    0.000000,   -0.000000,   -0.000018,   -0.000182
   58    -0.000016,    0.000000,   -0.000000,   -0.000008,   -0.000076
   59    -0.000232,    0.000001,   -0.000017,   -0.000339,   -0.003397
   60    -0.000566,   -0.000000,   -0.000066,   -0.000854,   -0.007351
   61     0.001314,    0.000004,    0.000204,    0.002536,    0.019953
   62     0.001631,    0.000005,    0.000191,    0.002151,    0.016434
   63    -0.000553,    0.000054,   -0.000003,   -0.008570,   -0.088791
   64    -0.000270,    0.000006,    0.000079,    0.000230,    0.000460
   65     0.000613,   -0.000009,   -0.000136,   -0.000659,   -0.003604
   66     0.000000,   -0.000000,   -0.000000,   -0.000000,   -0.000000
   67    -0.000293,    0.000009,    0.000065,   -0.000436,   -0.006085
   68     0.000415,   -0.000013,   -0.000098,    0.000581,    0.008334
   69    -0.000000,   -0.000000,   -0.000000,    0.000000,    0.000000
   70    -0.000648,    0.000012,    0.000020,   -0.001628,   -0.017439
   71    -0.000108,   -0.000010,   -0.000034,    0.001061,    0.011879
   72    -0.000000,    0.000000,    0.000000,   -0.000000,   -0.000000
   73     0.000061,   -0.000002,   -0.000002,    0.000236,    0.002460
   74    -0.000000,    0.000000,    0.000000,    0.000000,   -0.000000
   75     0.000091,   -0.000001,   -0.000002,    0.000161,    0.001703
   76    -0.000000,    0.000000,    0.000000,    0.000000,    0.000000
   77     0.000255,   -0.000001,   -0.000001,    0.000164,    0.001748
   78     0.000024,   -0.000004,    0.000002,    0.000693,    0.007034
   79    -0.000000,   -0.000000,    0.000000,    0.000000,    0.000000
   80     0.000187,   -0.000003,   -0.000001,    0.000477,    0.004928
   81     0.000000,    0.000000,    0.000000,   -0.000000,   -0.000000
   82     0.000573,   -0.000005,    0.000000,    0.000713,    0.007385
   83     0.000105,   -0.000000,    0.000002,    0.000040,    0.000361
   84     0.000000,    0.000000,    0.000000,   -0.000000,   -0.000000
   85     0.000031,   -0.000000,    0.000000,    0.000008,    0.000075
   86    -0.000000,   -0.000000,   -0.000000,   -0.000000,    0.000000
   87    -0.000051,   -0.000001,   -0.000002,    0.000061,    0.000701
   88    -0.000000,   -0.000000,   -0.000000,   -0.000000,   -0.000000
   89     0.000033,   -0.000001,   -0.000001,    0.000073,    0.000808
   90     0.000528,   -0.000001,    0.000020,    0.000429,    0.003740
   91     0.000285,   -0.000003,    0.000015,    0.000672,    0.006389
   92     0.000083,   -0.000006,    0.000001,    0.000906,    0.009340
   93     0.000017,    0.000000,    0.000003,    0.000036,    0.000294
   94     0.000015,   -0.000000,   -0.000002,   -0.000009,   -0.000034
   95    -0.000039,    0.000000,   -0.000002,   -0.000067,   -0.000627
   96    -0.000085,   -0.000001,    0.000005,    0.000230,    0.002238
   97    -0.000056,    0.000001,   -0.000007,   -0.000316,   -0.003098
   98     0.000095,   -0.000001,   -0.000002,    0.000110,    0.001196
   99    -0.000006,    0.000000,   -0.000001,   -0.000030,   -0.000283
  100     0.000009,   -0.000000,    0.000001,    0.000038,    0.000370
  101     0.000005,    0.000000,   -0.000000,   -0.000028,   -0.000285
  102     0.000008,   -0.000000,   -0.000001,   -0.000012,   -0.000098
  103     0.000008,   -0.000000,    0.000000,    0.000008,    0.000071
  104     0.000528,   -0.000001,    0.000020,    0.000429,    0.003740
  105     0.000285,   -0.000003,    0.000015,    0.000672,    0.006389
  106     0.000083,   -0.000006,    0.000001,    0.000906,    0.009340
  107     0.000017,    0.000000,    0.000003,    0.000036,    0.000294
  108     0.000015,   -0.000000,   -0.000002,   -0.000009,   -0.000034
  109     0.000039,   -0.000000,    0.000002,    0.000067,    0.000627
  110    -0.000085,   -0.000001,    0.000005,    0.000230,    0.002238
  111    -0.000056,    0.000001,   -0.000007,   -0.000316,   -0.003098
  112    -0.000095,    0.000001,    0.000002,   -0.000110,   -0.001196
  113    -0.000006,    0.000000,   -0.000001,   -0.000030,   -0.000283
  114    -0.000009,    0.000000,   -0.000001,   -0.000038,   -0.000370
  115     0.000005,    0.000000,   -0.000000,   -0.000028,   -0.000285
  116    -0.000008,    0.000000,    0.000001,    0.000012,    0.000098
  117     0.000008,   -0.000000,    0.000000,    0.000008,    0.000071
  118     0.000000,   -0.000000,   -0.000000,    0.000000,    0.000004
  119    -0.000008,   -0.000000,   -0.000000,    0.000003,    0.000031
  120    -0.000144,    0.000000,    0.000003,    0.000008,   -0.000055
  121    -0.001260,    0.000004,    0.000031,   -0.000055,   -0.001983
  122     0.004310,   -0.000010,   -0.000081,    0.000243,    0.006327
  123     0.000285,   -0.000001,   -0.000027,   -0.000256,   -0.001494
  124    -0.000026,    0.000000,    0.000001,    0.000002,    0.000002
  125     0.000041,    0.000000,    0.000000,    0.000004,    0.000027
  126    -0.000000,   -0.000000,   -0.000000,   -0.000000,    0.000000
  127     0.000596,   -0.000001,   -0.000013,   -0.000055,   -0.000037
  128    -0.000948,   -0.000000,   -0.000006,   -0.000085,   -0.000625
  129     0.000000,    0.000000,    0.000000,    0.000000,   -0.000000
  130    -0.002945,    0.000005,    0.000069,    0.000299,    0.000323
  131     0.004658,    0.000001,    0.000033,    0.000428,    0.003124
  132    -0.000000,   -0.000000,   -0.000000,   -0.000000,    0.000000
  133    -0.005783,    0.000010,    0.000126,    0.000489,   -0.000034
  134     0.009269,    0.000001,    0.000061,    0.000737,    0.005295
  135     0.000000,   -0.000000,   -0.000000,   -0.000000,   -0.000000
  136    -0.001872,    0.000002,    0.000055,    0.000509,    0.003024
  137     0.002833,   -0.000000,    0.000020,    0.000366,    0.002960
  138     0.000000,    0.000000,   -0.000000,   -0.000000,   -0.000000
  139     0.000001,   -0.000000,    0.000000,    0.000001,    0.000006
  140     0.000000,    0.000000,    0.000000,   -0.000000,   -0.000000
  141     0.000001,    0.000000,    0.000000,    0.000000,    0.000001
  142     0.000000,   -0.000000,   -0.000000,    0.000000,    0.000000
  143     0.000001,    0.000000,    0.000000,   -0.000001,   -0.000008
  144    -0.000076,    0.000000,   -0.000000,   -0.000018,   -0.000177
  145    -0.000000,   -0.000000,    0.000000,    0.000000,    0.000000
  146    -0.000057,    0.000000,   -0.000000,   -0.000006,   -0.000056
  147    -0.000000,    0.000000,   -0.000000,   -0.000000,   -0.000000
  148    -0.000044,   -0.000000,   -0.000000,    0.000017,    0.000190
  149     0.000677,   -0.000000,    0.000000,    0.000075,    0.000778
  150     0.000000,    0.000000,   -0.000000,   -0.000000,   -0.000000
  151     0.000464,   -0.000000,    0.000002,    0.000053,    0.000508
  152     0.000000,    0.000000,    0.000000,    0.000000,    0.000000
  153     0.000398,    0.000000,    0.000003,    0.000012,    0.000024
  154     0.000866,    0.000000,   -0.000003,   -0.000124,   -0.001123
  155    -0.000000,   -0.000000,   -0.000000,    0.000000,    0.000000
  156     0.000536,   -0.000000,   -0.000000,   -0.000005,   -0.000012
  157     0.000000,    0.000000,    0.000000,   -0.000000,   -0.000000
  158     0.000487,   -0.000001,    0.000003,    0.000151,    0.001497
  159     0.000001,   -0.000000,   -0.000001,   -0.000017,   -0.000132
  160    -0.000000,   -0.000000,   -0.000000,    0.000000,    0.000000
  161    -0.000253,   -0.000000,   -0.000001,   -0.000007,   -0.000066
  162    -0.000000,   -0.000000,   -0.000000,    0.000000,    0.000000
  163     0.000148,    0.000000,   -0.000000,   -0.000004,   -0.000031
  164     0.000000,    0.000000,   -0.000000,   -0.000000,   -0.000000
  165     0.000388,   -0.000000,   -0.000000,   -0.000001,    0.000002
  166    -0.000000,    0.000000,    0.000000,   -0.000015,   -0.000159
  167    -0.000000,    0.000000,    0.000000,   -0.000011,   -0.000122
  168    -0.000001,   -0.000015,   -0.000011,    0.002214,    0.023164
  169     0.000002,   -0.000159,   -0.000122,    0.023164,    0.242580
  170    -0.000076,    0.000435,    0.000315,   -0.063819,   -0.667763
  171     0.000098,    0.000107,    0.000091,   -0.015483,   -0.162313
  172     0.000008,   -0.000000,   -0.000001,   -0.000009,   -0.000070
  173    -0.000007,   -0.000000,    0.000001,    0.000014,    0.000133
  174     0.000000,    0.000000,    0.000000,    0.000000,    0.000000
  175    -0.000196,    0.000000,    0.000017,    0.000213,    0.001670
  176     0.000163,    0.000001,   -0.000014,   -0.000336,   -0.003177
  177    -0.000000,   -0.000000,   -0.000000,   -0.000000,    0.000000
  178     0.001010,   -0.000002,   -0.000084,   -0.000955,   -0.007177
  179    -0.000855,   -0.000003,    0.000070,    0.001471,    0.013811
  180     0.000000,    0.000000,    0.000000,    0.000000,   -0.000000
  181     0.001853,    0.000002,   -0.000156,   -0.002773,   -0.023697
  182    -0.001616,   -0.000017,    0.000132,    0.004558,    0.044473
  183     0.000000,    0.000000,    0.000000,    0.000000,   -0.000000
  184     0.000784,    0.000009,   -0.000045,   -0.002167,   -0.020856
  185    -0.000666,   -0.000022,    0.000017,    0.003699,    0.038148
  186     0.000000,   -0.000000,    0.000000,    0.000000,    0.000000
  187    -0.000000,   -0.000000,   -0.000000,    0.000002,    0.000026
  188    -0.000000,    0.000000,    0.000000,   -0.000000,   -0.000000
  189    -0.000000,   -0.000000,   -0.000000,    0.000002,    0.000016
  190    -0.000000,   -0.000000,   -0.000000,    0.000000,    0.000000
  191     0.000000,   -0.000000,   -0.000000,    0.000002,    0.000023
  192    -0.000001,    0.000001,    0.000003,   -0.000098,   -0.001077
  193     0.000000,   -0.000000,   -0.000000,    0.000000,    0.000000
  194     0.000003,    0.000001,    0.000002,   -0.000064,   -0.000708
  195     0.000000,    0.000000,    0.000000,   -0.000000,   -0.000000
  196    -0.000005,    0.000001,    0.000001,   -0.000078,   -0.000843
  197     0.000060,   -0.000004,   -0.000019,    0.000282,    0.003434
  198    -0.000000,    0.000000,    0.000000,   -0.000000,   -0.000000
  199    -0.000013,   -0.000002,   -0.000013,    0.000187,    0.002263
  200    -0.000000,   -0.000000,    0.000000,    0.000000,    0.000000
  201    -0.000031,   -0.000002,   -0.000011,    0.000217,    0.002501
  202     0.000194,    0.000007,   -0.000013,   -0.001301,   -0.013098
  203     0.000000,   -0.000000,    0.000000,    0.000000,    0.000000
  204     0.000040,    0.000005,   -0.000007,   -0.000833,   -0.008421
  205    -0.000000,    0.000000,    0.000000,   -0.000000,   -0.000000
  206    -0.000056,    0.000004,   -0.000006,   -0.000785,   -0.007988
  207    -0.000024,   -0.000000,    0.000001,    0.000016,    0.000143
  208    -0.000000,    0.000000,    0.000000,   -0.000000,   -0.000000
  209     0.000010,    0.000000,   -0.000005,   -0.000083,   -0.000719
  210    -0.000000,    0.000000,   -0.000000,   -0.000000,   -0.000000
  211    -0.000021,   -0.000000,    0.000003,    0.000058,    0.000513
  212     0.000000,    0.000000,   -0.000000,   -0.000000,   -0.000000
  213    -0.000058,   -0.000000,    0.000008,    0.000144,    0.001260
               170,         171,         172,         173,         174
    0     0.001772,   -0.001231,    0.000032,    0.000049,   -0.000000
    1     0.002968,   -0.001326,    0.000071,    0.000109,    0.000000
    2    -0.000611,   -0.001243,   -0.000156,   -0.000231,   -0.000000
    3     0.009710,   -0.000769,   -0.000240,   -0.000308,    0.000000
    4    -0.048935,   -0.008035,   -0.000187,   -0.000014,   -0.000000
    5    -0.019354,    0.000071,    0.000083,    0.000071,   -0.000000
    6     0.028263,    0.003265,   -0.000003,    0.000184,    0.000000
    7     0.000000,   -0.000000,   -0.000000,    0.000000,   -0.000078
    8    -0.006616,    0.001121,    0.000018,    0.000005,    0.000000
    9     0.022606,    0.002885,   -0.000021,    0.000108,   -0.000000
   10    -0.000000,   -0.000000,   -0.000000,    0.000000,   -0.000054
   11     0.028434,    0.006784,    0.000130,   -0.000012,    0.000000
   12     0.023002,    0.003577,   -0.000042,   -0.000048,    0.000000
   13    -0.000000,   -0.000000,   -0.000000,   -0.000000,   -0.000171
   14    -0.000647,   -0.000367,    0.000001,   -0.000019,    0.000000
   15    -0.000000,    0.000000,   -0.000000,   -0.000000,   -0.000001
   16     0.001360,    0.000255,   -0.000002,   -0.000010,   -0.000000
   17    -0.000000,   -0.000000,   -0.000000,    0.000000,    0.000003
   18     0.002332,    0.000208,    0.000009,   -0.000028,   -0.000000
   19    -0.007986,   -0.002560,   -0.000020,   -0.000032,    0.000000
   20    -0.000000,   -0.000000,   -0.000000,   -0.000000,    0.000003
   21     0.001573,   -0.000248,   -0.000050,   -0.000048,    0.000000
   22    -0.000000,   -0.000000,   -0.000000,    0.000000,    0.000031
   23     0.003776,   -0.000338,   -0.000012,   -0.000083,    0.000000
   24    -0.001042,    0.000107,   -0.000004,    0.000017,   -0.000000
   25    -0.000000,   -0.000000,   -0.000000,   -0.000000,   -0.000003
   26    -0.001304,   -0.000205,    0.000000,    0.000005,    0.000000
   27    -0.000000,   -0.000000,   -0.000000,    0.000000,   -0.000001
   28    -0.000097,   -0.000091,   -0.000004,   -0.000009,    0.000000
   29    -0.000000,   -0.000000,   -0.000000,    0.000000,   -0.000002
   30    -0.000527,   -0.000023,   -0.000007,    0.000001,    0.000000
   31    -0.002120,    0.000243,    0.000005,   -0.000046,   -0.000006
   32    -0.016203,   -0.002257,    0.000043,    0.000010,   -0.000005
   33    -0.014390,   -0.003096,    0.000040,    0.000020,    0.000158
   34    -0.000179,   -0.000039,    0.000003,    0.000003,    0.000003
   35    -0.000399,   -0.000180,   -0.000001,    0.000002,    0.000001
   36     0.000235,   -0.000029,    0.000000,    0.000003,    0.000002
   37     0.002969,    0.000626,   -0.000007,   -0.000015,   -0.000002
   38     0.007767,    0.001399,   -0.000002,   -0.000008,   -0.000019
   39     0.006257,    0.001015,   -0.000015,   -0.000023,    0.000003
   40    -0.000799,   -0.000142,   -0.000001,   -0.000000,    0.000001
   41    -0.001019,   -0.000169,   -0.000001,    0.000001,    0.000000
   42    -0.000408,   -0.000056,    0.000000,   -0.000000,   -0.000001
   43    -0.000519,   -0.000101,    0.000000,    0.000001,    0.000000
   44     0.000232,    0.000038,   -0.000001,   -0.000001,   -0.000001
   45    -0.002120,    0.000243,    0.000005,   -0.000046,    0.000006
   46    -0.016203,   -0.002257,    0.000043,    0.000010,    0.000005
   47    -0.014390,   -0.003096,    0.000040,    0.000020,   -0.000158
   48    -0.000179,   -0.000039,    0.000003,    0.000003,   -0.000003
   49    -0.000399,   -0.000180,   -0.000001,    0.000002,   -0.000001
   50    -0.000235,    0.000029,   -0.000000,   -0.000003,    0.000002
   51     0.002969,    0.000626,   -0.000007,   -0.000015,    0.000002
   52     0.007767,    0.001399,   -0.000002,   -0.000008,    0.000019
   53    -0.006257,   -0.001015,    0.000015,    0.000023,    0.000003
   54    -0.000799,   -0.000142,   -0.000001,   -0.000000,   -0.000001
   55     0.001019,    0.000169,    0.000001,   -0.000001,    0.000000
   56    -0.000408,   -0.000056,    0.000000,   -0.000000,    0.000001
   57     0.000519,    0.000101,   -0.000000,   -0.000001,    0.000000
   58     0.000232,    0.000038,   -0.000001,   -0.000001,    0.000001
   59     0.011784,    0.001734,    0.000037,   -0.000081,   -0.000000
   60     0.026372,    0.002718,    0.000078,   -0.000173,   -0.000000
   61    -0.068818,   -0.006385,   -0.000139,    0.000318,    0.000000
   62    -0.058432,   -0.004729,   -0.000119,    0.000346,   -0.000000
   63     0.250957,    0.053787,    0.000307,   -0.000357,    0.000000
   64    -0.010460,    0.007979,   -0.000350,    0.000512,   -0.000000
   65     0.025633,   -0.008574,    0.000513,   -0.000834,    0.000000
   66    -0.000000,    0.000000,   -0.000000,    0.000000,   -0.000111
   67     0.009777,    0.010183,   -0.000284,    0.000370,    0.000000
   68    -0.012178,   -0.013092,    0.000352,   -0.000562,   -0.000000
   69    -0.000000,    0.000000,    0.000000,    0.000000,   -0.000155
   70     0.047439,    0.011676,   -0.000050,    0.000036,    0.000000
   71    -0.030149,   -0.008813,    0.000200,   -0.000052,    0.000000
   72     0.000000,    0.000000,    0.000000,    0.000000,    0.000091
   73    -0.006496,   -0.001972,   -0.000015,   -0.000034,   -0.000000
   74     0.000000,   -0.000000,   -0.000000,   -0.000000,   -0.000032
   75    -0.004569,   -0.001286,    0.000017,   -0.000006,   -0.000000
   76    -0.000000,   -0.000000,   -0.000000,    0.000000,    0.000031
   77    -0.004861,   -0.001015,    0.000036,    0.000006,    0.000000
   78    -0.019341,   -0.005249,   -0.000064,   -0.000046,   -0.000000
   79    -0.000000,   -0.000000,    0.000000,    0.000000,   -0.000079
   80    -0.013567,   -0.003445,    0.000046,    0.000011,   -0.000000
   81     0.000000,   -0.000000,   -0.000000,   -0.000000,    0.000127
   82    -0.020936,   -0.004198,    0.000080,    0.000051,   -0.000000
   83    -0.001112,   -0.000250,   -0.000018,   -0.000008,   -0.000000
   84     0.000000,   -0.000000,    0.000000,   -0.000000,   -0.000015
   85    -0.000266,   -0.000028,   -0.000003,    0.000002,   -0.000000
   86    -0.000000,    0.000000,    0.000000,    0.000000,   -0.000012
   87    -0.001850,   -0.000508,   -0.000007,   -0.000000,    0.000000
   88     0.000000,    0.000000,    0.000000,    0.000000,   -0.000009
   89    -0.002238,   -0.000479,    0.000000,    0.000005,    0.000000
   90    -0.010846,   -0.002947,    0.000088,   -0.000053,   -0.000089
   91    -0.017963,   -0.004798,    0.000073,   -0.000060,   -0.000062
   92    -0.026233,   -0.005794,    0.000024,    0.000027,   -0.000153
   93    -0.000985,   -0.000124,   -0.000002,    0.000004,   -0.000002
   94     0.000354,   -0.000135,    0.000012,   -0.000012,   -0.000004
   95     0.001777,    0.000480,   -0.000006,    0.000005,    0.000005
   96    -0.006727,   -0.001119,   -0.000030,    0.000022,    0.000032
   97     0.009363,    0.001560,    0.000037,   -0.000035,   -0.000030
   98    -0.003307,   -0.000703,    0.000008,    0.000011,   -0.000031
   99     0.000900,    0.000106,    0.000005,   -0.000006,   -0.000005
  100    -0.001161,   -0.000155,   -0.000006,    0.000006,    0.000001
  101     0.000834,    0.000139,    0.000004,   -0.000003,   -0.000001
  102     0.000346,    0.000026,    0.000003,   -0.000002,   -0.000001
  103    -0.000239,   -0.000012,    0.000001,    0.000002,   -0.000000
  104    -0.010846,   -0.002947,    0.000088,   -0.000053,    0.000089
  105    -0.017963,   -0.004798,    0.000073,   -0.000060,    0.000062
  106    -0.026233,   -0.005794,    0.000024,    0.000027,    0.000153
  107    -0.000985,   -0.000124,   -0.000002,    0.000004,    0.000002
  108     0.000354,   -0.000135,    0.000012,   -0.000012,    0.000004
  109    -0.001777,   -0.000480,    0.000006,   -0.000005,    0.000005
  110    -0.006727,   -0.001119,   -0.000030,    0.000022,   -0.000032
  111     0.009363,    0.001560,    0.000037,   -0.000035,    0.000030
  112     0.003307,    0.000703,   -0.000008,   -0.000011,   -0.000031
  113     0.000900,    0.000106,    0.000005,   -0.000006,    0.000005
  114     0.001161,    0.000155,    0.000006,   -0.000006,    0.000001
  115     0.000834,    0.000139,    0.000004,   -0.000003,    0.000001
  116    -0.000346,   -0.000026,   -0.000003,    0.000002,   -0.000001
  117    -0.000239,   -0.000012,    0.000001,    0.000002,    0.000000
  118    -0.000010,   -0.000001,   -0.000000,   -0.000000,   -0.000000
  119    -0.000081,   -0.000027,   -0.000001,   -0.000000,   -0.000000
  120     0.000243,   -0.000256,   -0.000002,   -0.000004,   -0.000000
  121     0.006327,   -0.001494,   -0.000002,   -0.000027,    0.000000
  122    -0.020306,    0.003906,    0.000008,    0.000080,   -0.000000
  123     0.003906,    0.003184,    0.000050,    0.000044,    0.000000
  124    -0.000008,   -0.000050,    0.000000,    0.000000,   -0.000000
  125    -0.000080,   -0.000044,    0.000000,   -0.000002,    0.000000
  126    -0.000000,    0.000000,    0.000000,    0.000000,    0.000000
  127     0.000179,    0.001169,   -0.000011,   -0.000005,    0.000000
  128     0.001836,    0.001034,   -0.000005,    0.000049,   -0.000000
  129     0.000000,   -0.000000,   -0.000000,   -0.000000,   -0.000004
  130    -0.001341,   -0.006124,    0.000058,    0.000022,   -0.000000
  131    -0.009049,   -0.005425,    0.000023,   -0.000255,    0.000000
  132    -0.000000,    0.000000,   -0.000000,    0.000000,    0.000018
  133    -0.000540,   -0.010995,    0.000106,    0.000045,    0.000000
  134    -0.015695,   -0.009336,    0.000047,   -0.000476,   -0.000000
  135     0.000000,    0.000000,    0.000000,   -0.000000,    0.000044
  136    -0.008787,   -0.006544,    0.000060,    0.000018,    0.000000
  137    -0.008097,   -0.004807,   -0.000006,   -0.000204,   -0.000000
  138     0.000000,    0.000000,    0.000000,    0.000000,    0.000023
  139    -0.000016,   -0.000003,    0.000000,    0.000000,    0.000000
  140     0.000000,    0.000000,    0.000000,    0.000000,   -0.000000
  141    -0.000003,   -0.000001,    0.000000,   -0.000000,   -0.000000
  142    -0.000000,   -0.000000,   -0.000000,   -0.000000,   -0.000000
  143     0.000023,    0.000005,    0.000000,   -0.000000,    0.000000
  144     0.000521,    0.000084,   -0.000002,   -0.000000,   -0.000000
  145    -0.000000,   -0.000000,   -0.000000,   -0.000000,    0.000000
  146     0.000188,    0.000019,   -0.000001,   -0.000000,    0.000000
  147     0.000000,    0.000000,    0.000000,    0.000000,    0.000001
  148    -0.000508,   -0.000112,   -0.000001,    0.000001,   -0.000000
  149    -0.002306,   -0.000274,    0.000013,   -0.000006,    0.000000
  150     0.000000,    0.000000,    0.000000,    0.000000,    0.000004
  151    -0.001641,   -0.000157,    0.000005,    0.000001,   -0.000000
  152    -0.000000,   -0.000000,   -0.000000,   -0.000000,   -0.000003
  153    -0.000355,    0.000044,    0.000007,    0.000003,    0.000000
  154     0.003061,    0.001101,    0.000017,   -0.000020,   -0.000000
  155    -0.000000,   -0.000000,   -0.000000,   -0.000000,    0.000007
  156    -0.000164,    0.000286,    0.000008,   -0.000004,    0.000000
  157     0.000000,    0.000000,    0.000000,    0.000000,    0.000006
  158    -0.004515,   -0.000806,    0.000011,    0.000007,   -0.000000
  159     0.000433,    0.000150,   -0.000002,   -0.000002,   -0.000000
  160    -0.000000,    0.000000,   -0.000000,    0.000000,   -0.000000
  161     0.000289,   -0.000045,   -0.000004,    0.000002,   -0.000000
  162    -0.000000,    0.000000,   -0.000000,    0.000000,    0.000002
  163     0.000059,    0.000084,    0.000002,   -0.000002,    0.000000
  164     0.000000,    0.000000,    0.000000,   -0.000000,    0.000002
  165    -0.000076,    0.000098,    0.000008,   -0.000007,    0.000000
  166     0.000435,    0.000107,   -0.000000,   -0.000000,    0.000000
  167     0.000315,    0.000091,   -0.000001,    0.000001,    0.000000
  168    -0.063819,   -0.015483,   -0.000009,    0.000014,    0.000000
  169    -0.667763,   -0.162313,   -0.000070,    0.000133,    0.000000
  170     1.840252,    0.445321,    0.000233,   -0.000459,    0.000000
  171     0.445321,    0.110349,    0.000072,    0.000015,   -0.000000
  172     0.000233,    0.000072,    0.000011,    0.000003,    0.000000
  173    -0.000459,    0.000015,    0.000003,    0.000008,    0.000000
  174     0.000000,   -0.000000,    0.000000,    0.000000,    0.000013
  175    -0.005541,   -0.001710,   -0.000264,   -0.000065,   -0.000000
  176     0.010929,   -0.000276,   -0.000065,   -0.000184,   -0.000000
  177    -0.000000,    0.000000,   -0.000000,   -0.000000,   -0.000306
  178     0.024329,    0.008121,    0.001365,    0.000355,   -0.000000
  179    -0.048746,    0.002786,    0.000351,    0.000923,    0.000000
  180     0.000000,   -0.000000,    0.000000,    0.000000,    0.001591
  181     0.074390,    0.021302,    0.002516,    0.000601,    0.000000
  182    -0.143575,   -0.006456,    0.000624,    0.001789,   -0.000000
  183     0.000000,   -0.000000,   -0.000000,    0.000000,    0.002905
  184     0.059806,    0.017166,    0.001028,    0.000313,    0.000000
  185    -0.111214,   -0.017535,    0.000331,    0.000640,    0.000000
  186    -0.000000,   -0.000000,   -0.000000,   -0.000000,    0.001255
  187    -0.000068,   -0.000019,    0.000000,   -0.000000,   -0.000000
  188     0.000000,    0.000000,    0.000000,    0.000000,    0.000000
  189    -0.000043,   -0.000013,    0.000000,   -0.000000,    0.000000
  190    -0.000000,   -0.000000,   -0.000000,   -0.000000,   -0.000000
  191    -0.000061,   -0.000017,   -0.000000,   -0.000000,    0.000000
  192     0.002779,    0.000834,   -0.000006,    0.000007,    0.000000
  193    -0.000000,   -0.000000,   -0.000000,   -0.000000,   -0.000003
  194     0.001805,    0.000584,   -0.000002,    0.000007,   -0.000000
  195     0.000000,    0.000000,    0.000000,    0.000000,    0.000003
  196     0.002207,    0.000676,    0.000002,    0.000007,   -0.000000
  197    -0.007892,   -0.003202,    0.000060,   -0.000060,   -0.000000
  198     0.000000,    0.000000,    0.000000,    0.000000,    0.000031
  199    -0.005106,   -0.002307,    0.000026,   -0.000051,    0.000000
  200    -0.000000,   -0.000000,   -0.000000,   -0.000000,   -0.000018
  201    -0.005877,   -0.002606,   -0.000009,   -0.000062,    0.000000
  202     0.037748,    0.007800,    0.000083,   -0.000077,    0.000000
  203    -0.000000,   -0.000000,   -0.000000,   -0.000000,    0.000058
  204     0.024302,    0.004856,    0.000033,   -0.000058,   -0.000000
  205     0.000000,    0.000000,    0.000000,    0.000000,   -0.000025
  206     0.023103,    0.004274,   -0.000017,   -0.000080,   -0.000000
  207    -0.000359,   -0.000280,   -0.000023,   -0.000014,   -0.000000
  208     0.000000,   -0.000000,    0.000000,    0.000000,   -0.000017
  209     0.002558,    0.000054,    0.000012,   -0.000030,   -0.000000
  210     0.000000,    0.000000,    0.000000,    0.000000,   -0.000017
  211    -0.001730,   -0.000162,   -0.000015,    0.000013,    0.000000
  212     0.000000,    0.000000,   -0.000000,   -0.000000,   -0.000011
  213    -0.004310,   -0.000285,   -0.000026,    0.000041,   -0.000000
               175,         176,         177,         178,         179
    0    -0.000743,   -0.001137,    0.000000,    0.004029,    0.006110
    1    -0.001670,   -0.002536,   -0.000000,    0.009070,    0.013442
    2     0.003674,    0.005395,    0.000000,   -0.019947,   -0.027955
    3     0.005647,    0.007167,   -0.000000,   -0.030351,   -0.036628
    4     0.004374,    0.000357,    0.000000,   -0.022365,   -0.002952
    5    -0.001952,   -0.001644,    0.000000,    0.010829,    0.007545
    6     0.000047,   -0.004349,   -0.000000,    0.000280,    0.023585
    7     0.000000,   -0.000000,    0.001830,   -0.000000,    0.000000
    8    -0.000436,   -0.000111,   -0.000000,    0.002690,    0.000015
    9     0.000465,   -0.002551,    0.000000,   -0.002067,    0.013971
   10     0.000000,   -0.000000,    0.001262,   -0.000000,    0.000000
   11    -0.003042,    0.000278,   -0.000000,    0.015681,   -0.001097
   12     0.000969,    0.001111,   -0.000000,   -0.005093,   -0.005372
   13     0.000000,    0.000000,    0.003991,   -0.000000,   -0.000000
   14    -0.000014,    0.000452,   -0.000000,    0.000020,   -0.002344
   15     0.000000,    0.000000,    0.000022,   -0.000000,   -0.000000
   16     0.000040,    0.000224,    0.000000,   -0.000219,   -0.001126
   17     0.000000,   -0.000000,   -0.000068,   -0.000000,    0.000000
   18    -0.000207,    0.000658,    0.000000,    0.001001,   -0.003258
   19     0.000467,    0.000761,   -0.000000,   -0.002462,   -0.003975
   20     0.000000,    0.000000,   -0.000083,   -0.000000,   -0.000000
   21     0.001166,    0.001107,   -0.000000,   -0.006117,   -0.005602
   22     0.000000,   -0.000000,   -0.000738,   -0.000000,    0.000000
   23     0.000297,    0.001930,   -0.000000,   -0.001753,   -0.009592
   24     0.000092,   -0.000397,    0.000000,   -0.000433,    0.001982
   25     0.000000,    0.000000,    0.000069,   -0.000000,   -0.000000
   26    -0.000011,   -0.000105,   -0.000000,    0.000068,    0.000512
   27     0.000000,   -0.000000,    0.000019,   -0.000000,    0.000000
   28     0.000085,    0.000208,   -0.000000,   -0.000463,   -0.001061
   29     0.000000,   -0.000000,    0.000045,   -0.000000,    0.000000
   30     0.000153,   -0.000014,   -0.000000,   -0.000792,    0.000033
   31    -0.000108,    0.001063,    0.000140,    0.000504,   -0.005617
   32    -0.000996,   -0.000233,    0.000121,    0.005275,    0.000855
   33    -0.000930,   -0.000475,   -0.003683,    0.004895,    0.002396
   34    -0.000063,   -0.000070,   -0.000062,    0.000339,    0.000364
   35     0.000024,   -0.000056,   -0.000020,   -0.000113,    0.000303
   36    -0.000008,   -0.000076,   -0.000045,    0.000045,    0.000412
   37     0.000169,    0.000351,    0.000048,   -0.000895,   -0.001770
   38     0.000056,    0.000187,    0.000442,   -0.000323,   -0.000844
   39     0.000341,    0.000541,   -0.000067,   -0.001836,   -0.002668
   40     0.000023,    0.000002,   -0.000012,   -0.000115,   -0.000024
   41     0.000012,   -0.000018,   -0.000006,   -0.000058,    0.000074
   42    -0.000002,    0.000002,    0.000012,    0.000016,   -0.000020
   43    -0.000000,   -0.000029,   -0.000007,    0.000002,    0.000139
   44     0.000018,    0.000034,    0.000035,   -0.000098,   -0.000170
   45    -0.000108,    0.001063,   -0.000140,    0.000504,   -0.005617
   46    -0.000996,   -0.000233,   -0.000121,    0.005275,    0.000855
   47    -0.000930,   -0.000475,    0.003683,    0.004895,    0.002396
   48    -0.000063,   -0.000070,    0.000062,    0.000339,    0.000364
   49     0.000024,   -0.000056,    0.000020,   -0.000113,    0.000303
   50     0.000008,    0.000076,   -0.000045,   -0.000045,   -0.000412
   51     0.000169,    0.000351,   -0.000048,   -0.000895,   -0.001770
   52     0.000056,    0.000187,   -0.000442,   -0.000323,   -0.000844
   53    -0.000341,   -0.000541,   -0.000067,    0.001836,    0.002668
   54     0.000023,    0.000002,    0.000012,   -0.000115,   -0.000024
   55    -0.000012,    0.000018,   -0.000006,    0.000058,   -0.000074
   56    -0.000002,    0.000002,   -0.000012,    0.000016,   -0.000020
   57     0.000000,    0.000029,   -0.000007,   -0.000002,   -0.000139
   58     0.000018,    0.000034,   -0.000035,   -0.000098,   -0.000170
   59    -0.000829,    0.001837,    0.000000,    0.003854,   -0.008926
   60    -0.001762,    0.003951,    0.000000,    0.008077,   -0.018933
   61     0.003154,   -0.007270,   -0.000000,   -0.014058,    0.034027
   62     0.002692,   -0.007932,    0.000000,   -0.011742,    0.037643
   63    -0.007172,    0.008318,   -0.000000,    0.035767,   -0.040111
   64     0.008174,   -0.011872,    0.000000,   -0.041841,    0.058156
   65    -0.011882,    0.019362,   -0.000000,    0.058570,   -0.095877
   66     0.000000,   -0.000000,    0.002677,    0.000000,   -0.000000
   67     0.006623,   -0.008574,   -0.000000,   -0.033881,    0.042020
   68    -0.008157,    0.013044,    0.000000,    0.040319,   -0.064634
   69    -0.000000,   -0.000000,    0.003669,    0.000000,    0.000000
   70     0.001164,   -0.000835,   -0.000000,   -0.006164,    0.004232
   71    -0.004666,    0.001179,   -0.000000,    0.023870,   -0.005485
   72    -0.000000,   -0.000000,   -0.002121,    0.000000,    0.000000
   73     0.000358,    0.000787,    0.000000,   -0.001939,   -0.004044
   74     0.000000,    0.000000,    0.000755,   -0.000000,   -0.000000
   75    -0.000390,    0.000147,    0.000000,    0.002052,   -0.000715
   76     0.000000,   -0.000000,   -0.000727,   -0.000000,    0.000000
   77    -0.000836,   -0.000150,   -0.000000,    0.004366,    0.000765
   78     0.001504,    0.001073,    0.000000,   -0.007827,   -0.005655
   79    -0.000000,   -0.000000,    0.001835,    0.000000,    0.000000
   80    -0.001080,   -0.000257,    0.000000,    0.005675,    0.001313
   81     0.000000,    0.000000,   -0.002978,   -0.000000,   -0.000000
   82    -0.001877,   -0.001177,    0.000000,    0.009862,    0.005862
   83     0.000412,    0.000188,    0.000000,   -0.002134,   -0.001020
   84    -0.000000,    0.000000,    0.000341,    0.000000,   -0.000000
   85     0.000059,   -0.000042,   -0.000000,   -0.000291,    0.000204
   86    -0.000000,   -0.000000,    0.000289,    0.000000,    0.000000
   87     0.000155,    0.000000,   -0.000000,   -0.000811,    0.000008
   88    -0.000000,   -0.000000,    0.000208,    0.000000,    0.000000
   89    -0.000010,   -0.000117,   -0.000000,    0.000063,    0.000591
   90    -0.002075,    0.001240,    0.002101,    0.011101,   -0.006320
   91    -0.001733,    0.001414,    0.001474,    0.009353,   -0.007185
   92    -0.000561,   -0.000623,    0.003592,    0.003130,    0.003054
   93     0.000041,   -0.000083,    0.000042,   -0.000178,    0.000385
   94    -0.000280,    0.000279,    0.000093,    0.001407,   -0.001370
   95     0.000151,   -0.000128,   -0.000114,   -0.000820,    0.000656
   96     0.000700,   -0.000500,   -0.000740,   -0.003537,    0.002396
   97    -0.000857,    0.000813,    0.000697,    0.004288,   -0.003936
   98    -0.000181,   -0.000250,    0.000716,    0.000923,    0.001252
   99    -0.000115,    0.000128,    0.000115,    0.000573,   -0.000626
  100     0.000146,   -0.000142,   -0.000034,   -0.000732,    0.000692
  101    -0.000084,    0.000077,    0.000032,    0.000431,   -0.000373
  102    -0.000060,    0.000052,    0.000029,    0.000297,   -0.000249
  103    -0.000012,   -0.000051,    0.000008,    0.000068,    0.000251
  104    -0.002075,    0.001240,   -0.002101,    0.011101,   -0.006320
  105    -0.001733,    0.001414,   -0.001474,    0.009353,   -0.007185
  106    -0.000561,   -0.000623,   -0.003592,    0.003130,    0.003054
  107     0.000041,   -0.000083,   -0.000042,   -0.000178,    0.000385
  108    -0.000280,    0.000279,   -0.000093,    0.001407,   -0.001370
  109    -0.000151,    0.000128,   -0.000114,    0.000820,   -0.000656
  110     0.000700,   -0.000500,    0.000740,   -0.003537,    0.002396
  111    -0.000857,    0.000813,   -0.000697,    0.004288,   -0.003936
  112     0.000181,    0.000250,    0.000716,   -0.000923,   -0.001252
  113    -0.000115,    0.000128,   -0.000115,    0.000573,   -0.000626
  114    -0.000146,    0.000142,   -0.000034,    0.000732,   -0.000692
  115    -0.000084,    0.000077,   -0.000032,    0.000431,   -0.000373
  116     0.000060,   -0.000052,    0.000029,   -0.000297,    0.000249
  117    -0.000012,   -0.000051,   -0.000008,    0.000068,    0.000251
  118     0.000001,    0.000000,    0.000000,   -0.000005,   -0.000001
  119     0.000013,    0.000006,    0.000000,   -0.000069,   -0.000033
  120     0.000055,    0.000085,    0.000000,   -0.000299,   -0.000428
  121     0.000037,    0.000625,   -0.000000,   -0.000323,   -0.003124
  122    -0.000179,   -0.001836,    0.000000,    0.001341,    0.009049
  123    -0.001169,   -0.001034,   -0.000000,    0.006124,    0.005425
  124    -0.000011,   -0.000005,    0.000000,    0.000058,    0.000023
  125    -0.000005,    0.000049,    0.000000,    0.000022,   -0.000255
  126    -0.000000,   -0.000000,   -0.000004,    0.000000,   -0.000000
  127     0.000254,    0.000108,   -0.000000,   -0.001359,   -0.000529
  128     0.000108,   -0.001147,   -0.000000,   -0.000510,    0.005975
  129     0.000000,    0.000000,    0.000086,   -0.000000,    0.000000
  130    -0.001359,   -0.000510,    0.000000,    0.007264,    0.002472
  131    -0.000529,    0.005975,   -0.000000,    0.002472,   -0.031070
  132     0.000000,   -0.000000,   -0.000440,    0.000000,   -0.000000
  133    -0.002500,   -0.001028,   -0.000000,    0.013349,    0.005071
  134    -0.001091,    0.011157,    0.000000,    0.005156,   -0.058088
  135    -0.000000,    0.000000,   -0.001053,    0.000000,   -0.000000
  136    -0.001417,   -0.000405,   -0.000000,    0.007512,    0.001901
  137     0.000135,    0.004781,    0.000000,   -0.000944,   -0.024753
  138    -0.000000,   -0.000000,   -0.000533,    0.000000,    0.000000
  139    -0.000000,   -0.000000,   -0.000000,    0.000003,    0.000000
  140    -0.000000,   -0.000000,    0.000000,    0.000000,    0.000000
  141    -0.000000,    0.000000,    0.000000,    0.000000,   -0.000001
  142     0.000000,    0.000000,    0.000001,   -0.000000,   -0.000000
  143    -0.000000,    0.000001,   -0.000000,    0.000001,   -0.000007
  144     0.000036,   -0.000000,    0.000000,   -0.000188,    0.000013
  145     0.000000,    0.000000,   -0.000003,   -0.000000,   -0.000000
  146     0.000013,    0.000003,   -0.000000,   -0.000072,   -0.000003
  147    -0.000000,   -0.000000,   -0.000025,    0.000000,    0.000000
  148     0.000021,   -0.000024,    0.000000,   -0.000110,    0.000124
  149    -0.000308,    0.000153,   -0.000000,    0.001594,   -0.000840
  150    -0.000000,   -0.000000,   -0.000100,    0.000000,    0.000000
  151    -0.000118,   -0.000014,    0.000000,    0.000630,    0.000003
  152     0.000000,    0.000000,    0.000073,   -0.000000,   -0.000000
  153    -0.000171,   -0.000061,   -0.000000,    0.000928,    0.000239
  154    -0.000402,    0.000480,    0.000000,    0.002039,   -0.002465
  155     0.000000,    0.000000,   -0.000171,   -0.000000,   -0.000000
  156    -0.000188,    0.000089,   -0.000000,    0.000975,   -0.000509
  157    -0.000000,   -0.000000,   -0.000141,    0.000000,    0.000000
  158    -0.000257,   -0.000152,    0.000000,    0.001387,    0.000670
  159     0.000039,    0.000055,    0.000000,   -0.000222,   -0.000265
  160     0.000000,   -0.000000,    0.000007,   -0.000000,    0.000000
  161     0.000082,   -0.000040,    0.000000,   -0.000429,    0.000233
  162     0.000000,   -0.000000,   -0.000042,   -0.000000,   -0.000000
  163    -0.000053,    0.000055,   -0.000000,    0.000270,   -0.000291
  164    -0.000000,    0.000000,   -0.000039,    0.000000,   -0.000000
  165    -0.000196,    0.000163,   -0.000000,    0.001010,   -0.000855
  166     0.000000,    0.000001,   -0.000000,   -0.000002,   -0.000003
  167     0.000017,   -0.000014,   -0.000000,   -0.000084,    0.000070
  168     0.000213,   -0.000336,   -0.000000,   -0.000955,    0.001471
  169     0.001670,   -0.003177,    0.000000,   -0.007177,    0.013811
  170    -0.005541,    0.010929,   -0.000000,    0.024329,   -0.048746
  171    -0.001710,   -0.000276,    0.000000,    0.008121,    0.002786
  172    -0.000264,   -0.000065,   -0.000000,    0.001365,    0.000351
  173    -0.000065,   -0.000184,   -0.000000,    0.000355,    0.000923
  174    -0.000000,   -0.000000,   -0.000306,   -0.000000,    0.000000
  175     0.006162,    0.001527,    0.000000,   -0.031864,   -0.008250
  176     0.001527,    0.004272,    0.000000,   -0.008341,   -0.021484
  177     0.000000,    0.000000,    0.007137,    0.000000,   -0.000000
  178    -0.031864,   -0.008341,    0.000000,    0.164829,    0.044856
  179    -0.008250,   -0.021484,   -0.000000,    0.044856,    0.108144
  180    -0.000000,   -0.000000,   -0.037172,    0.000000,    0.000000
  181    -0.058706,   -0.014145,   -0.000000,    0.303487,    0.076635
  182    -0.014672,   -0.041642,    0.000000,    0.080241,    0.209303
  183     0.000000,   -0.000000,   -0.067872,   -0.000000,    0.000000
  184    -0.024007,   -0.007348,   -0.000000,    0.124297,    0.039205
  185    -0.007745,   -0.014924,   -0.000000,    0.041626,    0.075187
  186     0.000000,    0.000000,   -0.029326,   -0.000000,   -0.000000
  187    -0.000002,    0.000002,    0.000000,    0.000011,   -0.000012
  188    -0.000000,   -0.000000,   -0.000001,    0.000000,    0.000000
  189    -0.000000,    0.000003,   -0.000000,    0.000000,   -0.000016
  190     0.000000,    0.000000,    0.000001,   -0.000000,   -0.000000
  191     0.000001,    0.000003,   -0.000000,   -0.000008,   -0.000015
  192     0.000148,   -0.000166,   -0.000000,   -0.000743,    0.000818
  193     0.000000,    0.000000,    0.000059,   -0.000000,   -0.000000
  194     0.000049,   -0.000161,    0.000000,   -0.000238,    0.000802
  195    -0.000000,   -0.000000,   -0.000060,    0.000000,    0.000000
  196    -0.000036,   -0.000173,    0.000000,    0.000200,    0.000870
  197    -0.001397,    0.001395,    0.000000,    0.007003,   -0.006826
  198    -0.000000,   -0.000000,   -0.000721,    0.000000,    0.000000
  199    -0.000598,    0.001178,   -0.000000,    0.002940,   -0.005806
  200     0.000000,    0.000000,    0.000425,   -0.000000,   -0.000000
  201     0.000208,    0.001446,   -0.000000,   -0.001205,   -0.007220
  202    -0.001921,    0.001794,   -0.000000,    0.009603,   -0.008661
  203     0.000000,    0.000000,   -0.001350,   -0.000000,   -0.000000
  204    -0.000776,    0.001356,    0.000000,    0.003793,   -0.006607
  205    -0.000000,   -0.000000,    0.000579,    0.000000,    0.000000
  206     0.000403,    0.001864,    0.000000,   -0.002310,   -0.009249
  207     0.000534,    0.000315,    0.000000,   -0.002765,   -0.001621
  208    -0.000000,   -0.000000,    0.000390,    0.000000,    0.000000
  209    -0.000279,    0.000689,    0.000000,    0.001350,   -0.003395
  210    -0.000000,   -0.000000,    0.000388,    0.000000,    0.000000
  211     0.000338,   -0.000297,   -0.000000,   -0.001695,    0.001444
  212     0.000000,    0.000000,    0.000258,   -0.000000,   -0.000000
  213     0.000596,   -0.000948,    0.000000,   -0.002945,    0.004658
               180,         181,         182,         183,         184
    0    -0.000000,    0.007296,    0.009615,    0.000000,    0.004267
    1     0.000000,    0.016206,    0.022456,    0.000000,    0.009649
    2    -0.000000,   -0.034994,   -0.051038,   -0.000000,   -0.020821
    3     0.000000,   -0.053601,   -0.068241,    0.000000,   -0.028614
    4    -0.000000,   -0.042695,   -0.002755,   -0.000000,   -0.016453
    5    -0.000000,    0.017949,    0.017389,    0.000000,    0.013254
    6     0.000000,    0.000592,    0.042388,   -0.000000,    0.005425
    7    -0.009785,    0.000000,   -0.000000,   -0.017187,    0.000000
    8     0.000000,    0.003881,    0.001819,    0.000000,    0.005510
    9    -0.000000,   -0.003622,    0.024670,   -0.000000,    0.002155
   10    -0.006708,   -0.000000,    0.000000,   -0.011892,   -0.000000
   11     0.000000,    0.029382,   -0.003101,    0.000000,    0.012837
   12     0.000000,   -0.008719,   -0.011208,    0.000000,   -0.002715
   13    -0.020792,   -0.000000,   -0.000000,   -0.037796,   -0.000000
   14     0.000000,    0.000141,   -0.004426,    0.000000,   -0.000326
   15    -0.000087,   -0.000000,   -0.000000,   -0.000172,   -0.000000
   16    -0.000000,   -0.000359,   -0.002142,   -0.000000,   -0.000057
   17     0.000377,   -0.000000,   -0.000000,    0.000650,   -0.000000
   18    -0.000000,    0.002053,   -0.006419,   -0.000000,    0.000648
   19     0.000000,   -0.004474,   -0.007247,    0.000000,   -0.002394
   20     0.000490,   -0.000000,   -0.000000,    0.000879,    0.000000
   21     0.000000,   -0.011022,   -0.010697,    0.000000,   -0.004736
   22     0.003940,   -0.000000,    0.000000,    0.006988,   -0.000000
   23     0.000000,   -0.002612,   -0.018799,    0.000000,   -0.002031
   24    -0.000000,   -0.000930,    0.003884,   -0.000000,   -0.000202
   25    -0.000378,   -0.000000,   -0.000000,   -0.000677,   -0.000000
   26     0.000000,    0.000080,    0.001036,    0.000000,    0.000008
   27    -0.000086,   -0.000000,    0.000000,   -0.000187,   -0.000000
   28     0.000000,   -0.000801,   -0.002019,    0.000000,   -0.000468
   29    -0.000231,   -0.000000,    0.000000,   -0.000432,   -0.000000
   30     0.000000,   -0.001478,    0.000151,    0.000000,   -0.000671
   31    -0.000766,    0.000942,   -0.009736,   -0.001264,    0.000449
   32    -0.000694,    0.009178,    0.003165,   -0.001048,    0.004335
   33     0.019234,    0.008699,    0.005056,    0.034988,    0.003614
   34     0.000330,    0.000603,    0.000656,    0.000583,    0.000313
   35     0.000109,   -0.000218,    0.000560,    0.000198,   -0.000019
   36     0.000238,    0.000090,    0.000677,    0.000425,    0.000011
   37    -0.000232,   -0.001565,   -0.003485,   -0.000482,   -0.000560
   38    -0.002301,   -0.000384,   -0.001928,   -0.004181,   -0.000074
   39     0.000366,   -0.003128,   -0.005429,    0.000621,   -0.001487
   40     0.000061,   -0.000232,   -0.000007,    0.000109,   -0.000112
   41     0.000029,   -0.000135,    0.000193,    0.000054,   -0.000079
   42    -0.000062,    0.000014,   -0.000003,   -0.000118,    0.000032
   43     0.000033,   -0.000007,    0.000296,    0.000065,   -0.000021
   44    -0.000183,   -0.000165,   -0.000333,   -0.000330,   -0.000095
   45     0.000766,    0.000942,   -0.009736,    0.001264,    0.000449
   46     0.000694,    0.009178,    0.003165,    0.001048,    0.004335
   47    -0.019234,    0.008699,    0.005056,   -0.034988,    0.003614
   48    -0.000330,    0.000603,    0.000656,   -0.000583,    0.000313
   49    -0.000109,   -0.000218,    0.000560,   -0.000198,   -0.000019
   50     0.000238,   -0.000090,   -0.000677,    0.000425,   -0.000011
   51     0.000232,   -0.001565,   -0.003485,    0.000482,   -0.000560
   52     0.002301,   -0.000384,   -0.001928,    0.004181,   -0.000074
   53     0.000366,    0.003128,    0.005429,    0.000621,    0.001487
   54    -0.000061,   -0.000232,   -0.000007,   -0.000109,   -0.000112
   55     0.000029,    0.000135,   -0.000193,    0.000054,    0.000079
   56     0.000062,    0.000014,   -0.000003,    0.000118,    0.000032
   57     0.000033,    0.000007,   -0.000296,    0.000065,    0.000021
   58     0.000183,   -0.000165,   -0.000333,    0.000330,   -0.000095
   59    -0.000000,    0.006816,   -0.015189,   -0.000000,    0.000830
   60    -0.000000,    0.015289,   -0.034457,   -0.000000,    0.001883
   61     0.000000,   -0.029906,    0.069022,    0.000000,   -0.003947
   62    -0.000000,   -0.025567,    0.075416,   -0.000000,   -0.001826
   63     0.000000,    0.072147,   -0.085965,    0.000000,    0.030512
   64    -0.000000,   -0.080385,    0.116344,    0.000000,   -0.035172
   65     0.000000,    0.114622,   -0.188686,   -0.000000,    0.032246
   66    -0.015654,   -0.000000,    0.000000,   -0.026392,   -0.000000
   67     0.000000,   -0.064557,    0.083452,    0.000000,   -0.027199
   68    -0.000000,    0.078399,   -0.126602,   -0.000000,    0.021811
   69    -0.020303,    0.000000,    0.000000,   -0.035554,    0.000000
   70     0.000000,   -0.010782,    0.007336,    0.000000,   -0.004481
   71     0.000000,    0.044244,   -0.010885,    0.000000,    0.015597
   72     0.010714,    0.000000,    0.000000,    0.019853,    0.000000
   73    -0.000000,   -0.003464,   -0.007513,   -0.000000,   -0.002130
   74    -0.003950,   -0.000000,   -0.000000,   -0.007183,   -0.000000
   75    -0.000000,    0.003735,   -0.001377,   -0.000000,    0.001735
   76     0.003854,   -0.000000,   -0.000000,    0.006952,   -0.000000
   77     0.000000,    0.007915,    0.001520,    0.000000,    0.003410
   78    -0.000000,   -0.014494,   -0.010034,   -0.000000,   -0.006775
   79    -0.009557,    0.000000,    0.000000,   -0.017435,    0.000000
   80    -0.000000,    0.010162,    0.002773,   -0.000000,    0.004432
   81     0.015567,   -0.000000,   -0.000000,    0.028346,   -0.000000
   82    -0.000000,    0.017524,    0.011842,   -0.000000,    0.007357
   83    -0.000000,   -0.003939,   -0.001810,   -0.000000,   -0.001672
   84    -0.001788,    0.000000,   -0.000000,   -0.003250,    0.000000
   85     0.000000,   -0.000565,    0.000417,    0.000000,   -0.000144
   86    -0.001499,    0.000000,    0.000000,   -0.002746,    0.000000
   87     0.000000,   -0.001510,    0.000059,    0.000000,   -0.000690
   88    -0.001084,    0.000000,    0.000000,   -0.001978,    0.000000
   89     0.000000,    0.000046,    0.001209,    0.000000,    0.000049
   90    -0.011567,    0.020420,   -0.012664,   -0.020317,    0.010757
   91    -0.008404,    0.017198,   -0.014292,   -0.014406,    0.009402
   92    -0.018937,    0.005190,    0.006402,   -0.034176,    0.002679
   93    -0.000265,   -0.000378,    0.000774,   -0.000428,   -0.000021
   94    -0.000486,    0.002695,   -0.002722,   -0.000884,    0.000883
   95     0.000628,   -0.001501,    0.001294,    0.001101,   -0.000842
   96     0.003814,   -0.006763,    0.004938,    0.007018,   -0.002666
   97    -0.003639,    0.008335,   -0.008071,   -0.006615,    0.002910
   98    -0.003721,    0.001580,    0.002599,   -0.006806,    0.000427
   99    -0.000603,    0.001114,   -0.001259,   -0.001097,    0.000371
  100     0.000177,   -0.001417,    0.001406,    0.000319,   -0.000482
  101    -0.000164,    0.000829,   -0.000776,   -0.000305,    0.000378
  102    -0.000147,    0.000566,   -0.000494,   -0.000277,    0.000194
  103    -0.000044,    0.000109,    0.000494,   -0.000076,    0.000060
  104     0.011567,    0.020420,   -0.012664,    0.020317,    0.010757
  105     0.008404,    0.017198,   -0.014292,    0.014406,    0.009402
  106     0.018937,    0.005190,    0.006402,    0.034176,    0.002679
  107     0.000265,   -0.000378,    0.000774,    0.000428,   -0.000021
  108     0.000486,    0.002695,   -0.002722,    0.000884,    0.000883
  109     0.000628,    0.001501,   -0.001294,    0.001101,    0.000842
  110    -0.003814,   -0.006763,    0.004938,   -0.007018,   -0.002666
  111     0.003639,    0.008335,   -0.008071,    0.006615,    0.002910
  112    -0.003721,   -0.001580,   -0.002599,   -0.006806,   -0.000427
  113     0.000603,    0.001114,   -0.001259,    0.001097,    0.000371
  114     0.000177,    0.001417,   -0.001406,    0.000319,    0.000482
  115     0.000164,    0.000829,   -0.000776,    0.000305,    0.000378
  116    -0.000147,   -0.000566,    0.000494,   -0.000277,   -0.000194
  117     0.000044,    0.000109,    0.000494,    0.000076,    0.000060
  118    -0.000000,   -0.000010,   -0.000001,   -0.000000,   -0.000002
  119    -0.000000,   -0.000126,   -0.000061,   -0.000000,   -0.000055
  120    -0.000000,   -0.000489,   -0.000737,   -0.000000,   -0.000509
  121     0.000000,    0.000034,   -0.005295,   -0.000000,   -0.003024
  122    -0.000000,    0.000540,    0.015695,   -0.000000,    0.008787
  123     0.000000,    0.010995,    0.009336,    0.000000,    0.006544
  124     0.000000,    0.000106,    0.000047,   -0.000000,    0.000060
  125    -0.000000,    0.000045,   -0.000476,    0.000000,    0.000018
  126     0.000018,   -0.000000,    0.000000,    0.000044,   -0.000000
  127    -0.000000,   -0.002500,   -0.001091,    0.000000,   -0.001417
  128     0.000000,   -0.001028,    0.011157,   -0.000000,   -0.000405
  129    -0.000440,    0.000000,   -0.000000,   -0.001053,    0.000000
  130     0.000000,    0.013349,    0.005156,   -0.000000,    0.007512
  131    -0.000000,    0.005071,   -0.058088,    0.000000,    0.001901
  132     0.002245,   -0.000000,    0.000000,    0.005392,   -0.000000
  133     0.000000,    0.024606,    0.010378,   -0.000000,    0.013695
  134    -0.000000,    0.010378,   -0.108552,   -0.000000,    0.004216
  135     0.005392,   -0.000000,    0.000000,    0.012216,   -0.000000
  136     0.000000,    0.013695,    0.004216,    0.000000,    0.006742
  137    -0.000000,   -0.001233,   -0.046495,   -0.000000,   -0.000673
  138     0.002742,    0.000000,    0.000000,    0.006001,    0.000000
  139     0.000000,    0.000004,    0.000001,    0.000000,    0.000001
  140    -0.000002,    0.000000,    0.000000,   -0.000003,    0.000000
  141    -0.000000,    0.000000,   -0.000001,   -0.000000,    0.000000
  142    -0.000005,   -0.000000,   -0.000000,   -0.000008,   -0.000000
  143     0.000000,    0.000003,   -0.000013,    0.000000,    0.000001
  144    -0.000000,   -0.000331,   -0.000003,   -0.000000,   -0.000115
  145     0.000014,   -0.000000,   -0.000000,    0.000031,   -0.000000
  146     0.000000,   -0.000120,   -0.000029,    0.000000,   -0.000053
  147     0.000133,    0.000000,    0.000000,    0.000239,    0.000000
  148    -0.000000,   -0.000208,    0.000232,   -0.000000,   -0.000109
  149     0.000000,    0.002877,   -0.001508,    0.000000,    0.001058
  150     0.000530,    0.000000,    0.000000,    0.000919,    0.000000
  151    -0.000000,    0.001067,    0.000148,   -0.000000,    0.000507
  152    -0.000379,   -0.000000,   -0.000000,   -0.000669,   -0.000000
  153     0.000000,    0.001605,    0.000611,    0.000000,    0.000970
  154    -0.000000,    0.003825,   -0.004841,   -0.000000,    0.001602
  155     0.000906,   -0.000000,   -0.000000,    0.001581,   -0.000000
  156     0.000000,    0.001738,   -0.000916,    0.000000,    0.000841
  157     0.000736,    0.000000,    0.000000,    0.001365,    0.000000
  158    -0.000000,    0.002351,    0.001535,   -0.000000,    0.001319
  159    -0.000000,   -0.000371,   -0.000561,   -0.000000,   -0.000300
  160    -0.000038,   -0.000000,    0.000000,   -0.000088,   -0.000000
  161    -0.000000,   -0.000759,    0.000393,   -0.000000,   -0.000362
  162     0.000225,   -0.000000,    0.000000,    0.000387,   -0.000000
  163     0.000000,    0.000497,   -0.000553,    0.000000,    0.000187
  164     0.000208,    0.000000,   -0.000000,    0.000362,    0.000000
  165     0.000000,    0.001853,   -0.001616,    0.000000,    0.000784
  166     0.000000,    0.000002,   -0.000017,    0.000000,    0.000009
  167     0.000000,   -0.000156,    0.000132,    0.000000,   -0.000045
  168     0.000000,   -0.002773,    0.004558,    0.000000,   -0.002167
  169    -0.000000,   -0.023697,    0.044473,   -0.000000,   -0.020856
  170     0.000000,    0.074390,   -0.143575,    0.000000,    0.059806
  171    -0.000000,    0.021302,   -0.006456,   -0.000000,    0.017166
  172     0.000000,    0.002516,    0.000624,   -0.000000,    0.001028
  173     0.000000,    0.000601,    0.001789,    0.000000,    0.000313
  174     0.001591,    0.000000,   -0.000000,    0.002905,    0.000000
  175    -0.000000,   -0.058706,   -0.014672,    0.000000,   -0.024007
  176    -0.000000,   -0.014145,   -0.041642,   -0.000000,   -0.007348
  177    -0.037172,   -0.000000,    0.000000,   -0.067872,   -0.000000
  178     0.000000,    0.303487,    0.080241,   -0.000000,    0.124297
  179     0.000000,    0.076635,    0.209303,    0.000000,    0.039205
  180     0.193605,    0.000000,   -0.000000,    0.353488,    0.000000
  181     0.000000,    0.559558,    0.135393,   -0.000000,    0.229110
  182    -0.000000,    0.135393,    0.406728,   -0.000000,    0.069845
  183     0.353488,   -0.000000,   -0.000000,    0.645431,    0.000000
  184     0.000000,    0.229110,    0.069845,    0.000000,    0.095647
  185     0.000000,    0.071565,    0.147028,   -0.000000,    0.032895
  186     0.152823,   -0.000000,   -0.000000,    0.278928,   -0.000000
  187    -0.000000,    0.000020,   -0.000021,   -0.000000,    0.000005
  188     0.000004,    0.000000,    0.000000,    0.000007,    0.000000
  189     0.000000,    0.000001,   -0.000030,    0.000000,   -0.000002
  190    -0.000008,   -0.000000,   -0.000000,   -0.000014,   -0.000000
  191     0.000000,   -0.000014,   -0.000028,    0.000000,   -0.000007
  192     0.000000,   -0.001388,    0.001546,    0.000000,   -0.000380
  193    -0.000303,   -0.000000,   -0.000000,   -0.000560,   -0.000000
  194    -0.000000,   -0.000463,    0.001526,   -0.000000,   -0.000063
  195     0.000310,    0.000000,    0.000000,    0.000569,    0.000000
  196    -0.000000,    0.000356,    0.001634,   -0.000000,    0.000236
  197    -0.000000,    0.013279,   -0.013308,   -0.000000,    0.004142
  198     0.003707,    0.000000,    0.000000,    0.006826,    0.000000
  199     0.000000,    0.005720,   -0.011291,    0.000000,    0.001517
  200    -0.002182,   -0.000000,   -0.000000,   -0.004020,   -0.000000
  201     0.000000,   -0.001917,   -0.013897,    0.000000,   -0.001385
  202     0.000000,    0.018832,   -0.018148,    0.000000,    0.007189
  203     0.007003,   -0.000000,   -0.000000,    0.012820,   -0.000000
  204    -0.000000,    0.007763,   -0.013641,   -0.000000,    0.002844
  205    -0.002995,    0.000000,    0.000000,   -0.005502,    0.000000
  206    -0.000000,   -0.003424,   -0.018546,   -0.000000,   -0.001713
  207    -0.000000,   -0.005049,   -0.003059,   -0.000000,   -0.002018
  208    -0.002012,    0.000000,    0.000000,   -0.003697,    0.000000
  209    -0.000000,    0.002734,   -0.006729,   -0.000000,    0.000788
  210    -0.002003,    0.000000,   -0.000000,   -0.003677,    0.000000
  211     0.000000,   -0.003252,    0.002913,    0.000000,   -0.001134
  212    -0.001336,   -0.000000,   -0.000000,   -0.002450,   -0.000000
  213    -0.000000,   -0.005783,    0.009269,   -0.000000,   -0.001872
               185,         186,         187,         188,         189
    0     0.003941,    0.000000,    0.000003,   -0.000000,    0.000002
    1     0.009022,    0.000000,    0.000001,   -0.000000,    0.000002
    2    -0.019926,   -0.000000,    0.000012,    0.000000,    0.000004
    3    -0.025611,    0.000000,    0.000010,    0.000000,    0.000005
    4    -0.003022,   -0.000000,   -0.000004,    0.000000,   -0.000003
    5     0.007046,    0.000000,   -0.000010,   -0.000000,   -0.000009
    6     0.021254,   -0.000000,   -0.000006,   -0.000000,   -0.000000
    7    -0.000000,   -0.005944,   -0.000000,   -0.000001,    0.000000
    8     0.000720,    0.000000,   -0.000007,   -0.000000,   -0.000005
    9     0.012698,   -0.000000,   -0.000004,   -0.000000,    0.000000
   10     0.000000,   -0.003701,   -0.000000,   -0.000002,    0.000000
   11    -0.000363,    0.000000,   -0.000000,   -0.000000,   -0.000001
   12    -0.004229,    0.000000,   -0.000001,   -0.000000,    0.000001
   13    -0.000000,   -0.015540,   -0.000000,   -0.000001,    0.000000
   14    -0.001901,    0.000000,    0.000001,    0.000000,    0.000000
   15     0.000000,    0.000178,   -0.000000,   -0.000000,    0.000000
   16    -0.000667,    0.000000,   -0.000000,   -0.000000,   -0.000000
   17    -0.000000,    0.000681,   -0.000000,   -0.000001,    0.000000
   18    -0.001925,    0.000000,    0.000001,   -0.000000,    0.000001
   19    -0.002969,    0.000000,    0.000001,    0.000000,    0.000001
   20    -0.000000,    0.001025,   -0.000000,   -0.000001,    0.000000
   21    -0.003836,    0.000000,    0.000000,   -0.000000,    0.000001
   22     0.000000,    0.004056,   -0.000000,   -0.000001,    0.000000
   23    -0.005994,    0.000000,    0.000002,   -0.000000,    0.000002
   24     0.001353,   -0.000000,   -0.000000,    0.000000,   -0.000000
   25    -0.000000,   -0.000460,    0.000000,    0.000000,   -0.000000
   26     0.000340,    0.000000,    0.000000,    0.000000,   -0.000000
   27     0.000000,    0.000058,   -0.000000,   -0.000000,    0.000000
   28    -0.000729,    0.000000,    0.000000,   -0.000000,    0.000000
   29     0.000000,   -0.000147,   -0.000000,   -0.000000,    0.000000
   30    -0.000114,    0.000000,   -0.000000,    0.000000,   -0.000000
   31    -0.003242,    0.000559,    0.000000,   -0.000001,   -0.000001
   32     0.001853,    0.000619,   -0.000000,   -0.000001,   -0.000002
   33     0.002891,    0.016109,    0.000001,   -0.000001,   -0.000000
   34     0.000265,    0.000227,   -0.000000,    0.000000,   -0.000000
   35     0.000305,    0.000118,   -0.000000,   -0.000000,    0.000000
   36     0.000238,    0.000132,    0.000000,    0.000000,    0.000000
   37    -0.001317,   -0.000128,   -0.000000,   -0.000000,    0.000000
   38    -0.000652,   -0.001811,   -0.000000,   -0.000000,    0.000000
   39    -0.002075,    0.000403,    0.000000,   -0.000000,    0.000001
   40    -0.000034,    0.000033,    0.000000,    0.000000,   -0.000000
   41     0.000038,    0.000011,    0.000000,    0.000000,   -0.000000
   42     0.000010,   -0.000043,   -0.000000,   -0.000000,   -0.000000
   43     0.000109,    0.000026,    0.000000,    0.000000,   -0.000000
   44    -0.000122,   -0.000151,    0.000000,    0.000000,    0.000000
   45    -0.003242,   -0.000559,    0.000000,    0.000001,   -0.000001
   46     0.001853,   -0.000619,   -0.000000,    0.000001,   -0.000002
   47     0.002891,   -0.016109,    0.000001,    0.000001,   -0.000000
   48     0.000265,   -0.000227,   -0.000000,   -0.000000,   -0.000000
   49     0.000305,   -0.000118,   -0.000000,    0.000000,    0.000000
   50    -0.000238,    0.000132,   -0.000000,    0.000000,   -0.000000
   51    -0.001317,    0.000128,   -0.000000,    0.000000,    0.000000
   52    -0.000652,    0.001811,   -0.000000,    0.000000,    0.000000
   53     0.002075,    0.000403,   -0.000000,   -0.000000,   -0.000001
   54    -0.000034,   -0.000033,    0.000000,   -0.000000,   -0.000000
   55    -0.000038,    0.000011,   -0.000000,    0.000000,    0.000000
   56     0.000010,    0.000043,   -0.000000,    0.000000,   -0.000000
   57    -0.000109,    0.000026,   -0.000000,    0.000000,    0.000000
   58    -0.000122,    0.000151,    0.000000,   -0.000000,    0.000000
   59    -0.003397,   -0.000000,    0.000009,    0.000000,    0.000002
   60    -0.007705,   -0.000000,    0.000011,    0.000000,    0.000003
   61     0.016049,    0.000000,    0.000001,   -0.000000,   -0.000001
   62     0.018566,   -0.000000,   -0.000003,    0.000000,   -0.000003
   63    -0.033663,    0.000000,    0.000002,   -0.000000,    0.000004
   64     0.030527,   -0.000000,   -0.000011,    0.000000,   -0.000015
   65    -0.059598,    0.000000,    0.000030,   -0.000000,    0.000022
   66     0.000000,   -0.028152,    0.000000,    0.000021,   -0.000000
   67     0.021159,    0.000000,   -0.000009,    0.000000,   -0.000011
   68    -0.038659,   -0.000000,    0.000022,   -0.000000,    0.000016
   69     0.000000,   -0.027125,    0.000000,    0.000014,   -0.000000
   70    -0.000441,    0.000000,   -0.000003,    0.000000,   -0.000002
   71    -0.000008,    0.000000,    0.000007,   -0.000000,    0.000004
   72     0.000000,    0.005129,    0.000000,    0.000004,   -0.000000
   73    -0.002727,    0.000000,    0.000001,    0.000000,    0.000001
   74    -0.000000,   -0.003200,    0.000000,    0.000000,    0.000000
   75    -0.000027,    0.000000,    0.000000,   -0.000000,    0.000000
   76    -0.000000,    0.003763,   -0.000000,   -0.000001,    0.000000
   77     0.000970,    0.000000,    0.000000,   -0.000000,    0.000000
   78    -0.003834,   -0.000000,    0.000001,    0.000000,    0.000001
   79     0.000000,   -0.007397,   -0.000000,   -0.000000,    0.000000
   80     0.001785,   -0.000000,    0.000000,   -0.000000,    0.000000
   81    -0.000000,    0.013048,   -0.000000,   -0.000001,    0.000000
   82     0.004987,   -0.000000,    0.000000,    0.000000,   -0.000001
   83    -0.000920,   -0.000000,   -0.000000,    0.000000,   -0.000000
   84    -0.000000,   -0.001456,   -0.000000,    0.000000,    0.000000
   85     0.000121,    0.000000,   -0.000000,   -0.000000,   -0.000000
   86     0.000000,   -0.001190,    0.000000,   -0.000000,   -0.000000
   87     0.000138,    0.000000,   -0.000000,   -0.000000,   -0.000000
   88     0.000000,   -0.000896,    0.000000,    0.000000,   -0.000000
   89     0.000565,    0.000000,   -0.000000,   -0.000000,   -0.000000
   90    -0.003294,   -0.015015,    0.000003,    0.000008,    0.000003
   91    -0.003319,   -0.013412,    0.000003,    0.000009,    0.000004
   92     0.003462,   -0.017095,    0.000001,    0.000003,    0.000001
   93     0.000181,   -0.000617,   -0.000000,    0.000001,    0.000000
   94    -0.000798,   -0.000399,    0.000001,    0.000000,    0.000000
   95     0.000327,    0.000836,   -0.000000,   -0.000000,   -0.000000
   96     0.001435,    0.002697,   -0.000000,    0.000001,   -0.000000
   97    -0.002523,   -0.002956,    0.000001,    0.000000,    0.000001
   98     0.000955,   -0.002902,   -0.000000,   -0.000000,   -0.000000
   99    -0.000393,   -0.000490,    0.000000,    0.000000,    0.000000
  100     0.000433,    0.000154,   -0.000000,   -0.000000,   -0.000000
  101    -0.000231,   -0.000101,    0.000000,   -0.000000,    0.000000
  102    -0.000122,   -0.000057,    0.000000,   -0.000000,    0.000000
  103     0.000151,   -0.000078,   -0.000000,    0.000000,   -0.000000
  104    -0.003294,    0.015015,    0.000003,   -0.000008,    0.000003
  105    -0.003319,    0.013412,    0.000003,   -0.000009,    0.000004
  106     0.003462,    0.017095,    0.000001,   -0.000003,    0.000001
  107     0.000181,    0.000617,   -0.000000,   -0.000001,    0.000000
  108    -0.000798,    0.000399,    0.000001,   -0.000000,    0.000000
  109    -0.000327,    0.000836,    0.000000,   -0.000000,    0.000000
  110     0.001435,   -0.002697,   -0.000000,   -0.000001,   -0.000000
  111    -0.002523,    0.002956,    0.000001,   -0.000000,    0.000001
  112    -0.000955,   -0.002902,    0.000000,   -0.000000,    0.000000
  113    -0.000393,    0.000490,    0.000000,   -0.000000,    0.000000
  114    -0.000433,    0.000154,    0.000000,   -0.000000,    0.000000
  115    -0.000231,    0.000101,    0.000000,    0.000000,    0.000000
  116     0.000122,   -0.000057,   -0.000000,   -0.000000,   -0.000000
  117     0.000151,    0.000078,   -0.000000,   -0.000000,   -0.000000
  118     0.000000,   -0.000000,   -0.000000,   -0.000000,    0.000000
  119    -0.000020,   -0.000000,    0.000000,    0.000000,    0.000000
  120    -0.000366,   -0.000000,    0.000001,    0.000000,    0.000000
  121    -0.002960,   -0.000000,    0.000006,    0.000000,    0.000001
  122     0.008097,    0.000000,   -0.000016,   -0.000000,   -0.000003
  123     0.004807,    0.000000,   -0.000003,   -0.000000,   -0.000001
  124    -0.000006,   -0.000000,   -0.000000,    0.000000,   -0.000000
  125    -0.000204,   -0.000000,   -0.000000,   -0.000000,    0.000000
  126    -0.000000,    0.000023,    0.000000,    0.000000,   -0.000000
  127     0.000135,    0.000000,    0.000000,   -0.000000,    0.000000
  128     0.004781,    0.000000,    0.000000,    0.000000,   -0.000000
  129     0.000000,   -0.000533,   -0.000000,   -0.000000,    0.000000
  130    -0.000944,   -0.000000,   -0.000003,    0.000000,   -0.000000
  131    -0.024753,    0.000000,   -0.000000,   -0.000000,    0.000001
  132    -0.000000,    0.002742,    0.000000,    0.000002,   -0.000000
  133    -0.001233,   -0.000000,   -0.000004,    0.000000,   -0.000000
  134    -0.046495,   -0.000000,   -0.000001,   -0.000000,    0.000001
  135    -0.000000,    0.006001,    0.000000,    0.000003,   -0.000000
  136    -0.000673,   -0.000000,   -0.000001,    0.000000,   -0.000000
  137    -0.019307,   -0.000000,   -0.000000,   -0.000000,    0.000001
  138     0.000000,    0.002758,    0.000000,    0.000002,   -0.000000
  139     0.000000,    0.000000,    0.000000,   -0.000000,   -0.000000
  140     0.000000,   -0.000002,   -0.000000,    0.000000,   -0.000000
  141    -0.000001,   -0.000000,   -0.000000,    0.000000,   -0.000000
  142    -0.000000,   -0.000004,    0.000000,    0.000000,    0.000000
  143    -0.000006,    0.000000,   -0.000000,    0.000000,   -0.000000
  144     0.000023,   -0.000000,   -0.000000,    0.000000,    0.000000
  145    -0.000000,    0.000020,    0.000000,   -0.000000,    0.000000
  146     0.000027,    0.000000,    0.000000,   -0.000000,    0.000000
  147     0.000000,    0.000101,    0.000000,    0.000000,   -0.000000
  148     0.000127,   -0.000000,    0.000000,    0.000000,    0.000000
  149    -0.000680,    0.000000,    0.000000,   -0.000000,   -0.000000
  150     0.000000,    0.000362,    0.000000,   -0.000000,   -0.000000
  151    -0.000154,   -0.000000,   -0.000000,   -0.000000,   -0.000000
  152    -0.000000,   -0.000218,   -0.000000,   -0.000000,    0.000000
  153    -0.000035,    0.000000,   -0.000001,   -0.000000,   -0.000000
  154    -0.001865,   -0.000000,   -0.000000,   -0.000000,   -0.000000
  155    -0.000000,    0.000743,    0.000000,   -0.000000,   -0.000000
  156    -0.000501,    0.000000,   -0.000000,   -0.000000,   -0.000000
  157     0.000000,    0.000684,   -0.000000,   -0.000000,    0.000000
  158     0.000363,   -0.000000,   -0.000001,   -0.000000,   -0.000001
  159    -0.000165,    0.000000,    0.000000,   -0.000000,    0.000000
  160     0.000000,   -0.000088,    0.000000,    0.000000,   -0.000000
  161     0.000252,   -0.000000,    0.000000,    0.000000,    0.000000
  162     0.000000,    0.000170,    0.000000,   -0.000000,   -0.000000
  163    -0.000237,    0.000000,    0.000000,   -0.000000,   -0.000000
  164    -0.000000,    0.000180,   -0.000000,   -0.000000,   -0.000000
  165    -0.000666,    0.000000,   -0.000000,   -0.000000,   -0.000000
  166    -0.000022,   -0.000000,   -0.000000,    0.000000,   -0.000000
  167     0.000017,    0.000000,   -0.000000,    0.000000,   -0.000000
  168     0.003699,    0.000000,    0.000002,   -0.000000,    0.000002
  169     0.038148,    0.000000,    0.000026,   -0.000000,    0.000016
  170    -0.111214,   -0.000000,   -0.000068,    0.000000,   -0.000043
  171    -0.017535,   -0.000000,   -0.000019,    0.000000,   -0.000013
  172     0.000331,   -0.000000,    0.000000,    0.000000,    0.000000
  173     0.000640,   -0.000000,   -0.000000,    0.000000,   -0.000000
  174     0.000000,    0.001255,   -0.000000,    0.000000,    0.000000
  175    -0.007745,    0.000000,   -0.000002,   -0.000000,   -0.000000
  176    -0.014924,    0.000000,    0.000002,   -0.000000,    0.000003
  177    -0.000000,   -0.029326,    0.000000,   -0.000001,   -0.000000
  178     0.041626,   -0.000000,    0.000011,    0.000000,    0.000000
  179     0.075187,   -0.000000,   -0.000012,    0.000000,   -0.000016
  180     0.000000,    0.152823,   -0.000000,    0.000004,    0.000000
  181     0.071565,   -0.000000,    0.000020,    0.000000,    0.000001
  182     0.147028,   -0.000000,   -0.000021,    0.000000,   -0.000030
  183    -0.000000,    0.278928,   -0.000000,    0.000007,    0.000000
  184     0.032895,   -0.000000,    0.000005,    0.000000,   -0.000002
  185     0.057076,   -0.000000,   -0.000003,    0.000000,   -0.000008
  186    -0.000000,    0.121412,   -0.000000,    0.000002,    0.000000
  187    -0.000003,   -0.000000,    0.000000,    0.000000,    0.000000
  188     0.000000,    0.000002,    0.000000,    0.000000,   -0.000000
  189    -0.000008,    0.000000,    0.000000,   -0.000000,    0.000000
  190    -0.000000,   -0.000006,    0.000000,   -0.000000,    0.000000
  191    -0.000008,    0.000000,    0.000000,   -0.000000,    0.000000
  192     0.000316,    0.000000,   -0.000000,    0.000000,   -0.000000
  193    -0.000000,   -0.000184,   -0.000000,   -0.000000,    0.000000
  194     0.000390,   -0.000000,   -0.000000,    0.000000,   -0.000000
  195     0.000000,    0.000215,    0.000000,    0.000000,   -0.000000
  196     0.000452,   -0.000000,   -0.000000,    0.000000,   -0.000000
  197    -0.003253,   -0.000000,    0.000003,   -0.000000,    0.000002
  198     0.000000,    0.002494,    0.000000,    0.000001,   -0.000000
  199    -0.003051,    0.000000,    0.000002,   -0.000000,    0.000001
  200    -0.000000,   -0.001441,   -0.000000,   -0.000000,    0.000000
  201    -0.004195,    0.000000,    0.000001,   -0.000000,    0.000002
  202    -0.006315,    0.000000,    0.000001,   -0.000000,    0.000001
  203    -0.000000,    0.005282,    0.000000,    0.000000,    0.000000
  204    -0.004867,   -0.000000,    0.000001,   -0.000000,    0.000001
  205     0.000000,   -0.002142,   -0.000000,   -0.000000,    0.000000
  206    -0.006905,   -0.000000,    0.000000,   -0.000000,    0.000001
  207    -0.001188,    0.000000,   -0.000000,   -0.000000,    0.000000
  208     0.000000,   -0.001408,   -0.000000,   -0.000000,    0.000000
  209    -0.002092,    0.000000,    0.000001,   -0.000000,    0.000001
  210     0.000000,   -0.001438,   -0.000000,   -0.000000,    0.000000
  211     0.000834,    0.000000,   -0.000000,    0.000000,   -0.000000
  212    -0.000000,   -0.000984,   -0.000000,   -0.000000,    0.000000
  213     0.002833,   -0.000000,   -0.000001,    0.000000,   -0.000001
               190,         191,         192,         193,         194
    0    -0.000000,    0.000014,    0.000023,    0.000000,   -0.000028
    1    -0.000000,    0.000019,    0.000138,    0.000000,   -0.000005
    2     0.000000,   -0.000006,   -0.000522,   -0.000000,   -0.000166
    3     0.000000,   -0.000004,   -0.000528,    0.000000,   -0.000250
    4     0.000000,    0.000006,    0.000211,   -0.000000,    0.000170
    5     0.000000,    0.000004,    0.000394,    0.000000,    0.000263
    6     0.000000,   -0.000000,    0.000245,    0.000000,   -0.000117
    7    -0.000002,    0.000000,    0.000000,    0.000033,   -0.000000
    8     0.000000,    0.000004,    0.000268,    0.000000,    0.000161
    9     0.000000,    0.000001,    0.000178,   -0.000000,   -0.000086
   10    -0.000002,   -0.000000,    0.000000,    0.000052,   -0.000000
   11     0.000000,   -0.000000,   -0.000034,    0.000000,   -0.000018
   12    -0.000000,    0.000001,    0.000047,    0.000000,   -0.000043
   13     0.000001,    0.000000,   -0.000000,    0.000067,   -0.000000
   14     0.000000,    0.000000,   -0.000028,   -0.000000,   -0.000009
   15     0.000000,    0.000000,    0.000000,    0.000017,   -0.000000
   16     0.000000,    0.000000,   -0.000001,    0.000000,   -0.000005
   17    -0.000000,    0.000000,    0.000000,    0.000023,   -0.000000
   18     0.000000,    0.000001,   -0.000041,    0.000000,   -0.000036
   19     0.000000,    0.000000,   -0.000035,    0.000000,   -0.000020
   20     0.000000,    0.000000,    0.000000,    0.000040,   -0.000000
   21     0.000000,    0.000001,   -0.000017,    0.000000,   -0.000035
   22    -0.000000,   -0.000000,    0.000000,    0.000063,   -0.000000
   23     0.000000,    0.000001,   -0.000121,    0.000000,   -0.000106
   24    -0.000000,   -0.000000,    0.000024,   -0.000000,    0.000019
   25    -0.000000,   -0.000000,   -0.000000,   -0.000011,    0.000000
   26    -0.000000,   -0.000000,    0.000001,   -0.000000,    0.000005
   27     0.000000,    0.000000,    0.000000,    0.000010,   -0.000000
   28     0.000000,    0.000000,   -0.000013,    0.000000,   -0.000008
   29    -0.000000,   -0.000000,    0.000000,    0.000003,    0.000000
   30     0.000000,   -0.000000,    0.000003,   -0.000000,    0.000007
   31    -0.000001,    0.000000,   -0.000038,    0.000047,    0.000005
   32    -0.000001,   -0.000001,   -0.000000,    0.000039,    0.000045
   33    -0.000001,   -0.000000,   -0.000032,    0.000028,   -0.000013
   34     0.000000,    0.000000,    0.000005,   -0.000000,    0.000001
   35     0.000000,    0.000000,    0.000003,    0.000002,   -0.000003
   36     0.000000,    0.000000,    0.000001,   -0.000002,   -0.000002
   37     0.000000,    0.000001,    0.000004,    0.000008,   -0.000005
   38     0.000000,   -0.000000,   -0.000002,    0.000003,   -0.000014
   39    -0.000000,    0.000000,   -0.000017,    0.000010,   -0.000022
   40    -0.000000,    0.000000,    0.000000,   -0.000001,    0.000002
   41    -0.000000,    0.000000,    0.000000,   -0.000001,    0.000003
   42     0.000000,    0.000000,    0.000002,    0.000001,    0.000001
   43    -0.000000,   -0.000000,   -0.000001,   -0.000001,    0.000001
   44    -0.000000,   -0.000000,   -0.000002,   -0.000001,   -0.000002
   45     0.000001,    0.000000,   -0.000038,   -0.000047,    0.000005
   46     0.000001,   -0.000001,   -0.000000,   -0.000039,    0.000045
   47     0.000001,   -0.000000,   -0.000032,   -0.000028,   -0.000013
   48    -0.000000,    0.000000,    0.000005,    0.000000,    0.000001
   49    -0.000000,    0.000000,    0.000003,   -0.000002,   -0.000003
   50     0.000000,   -0.000000,   -0.000001,   -0.000002,    0.000002
   51    -0.000000,    0.000001,    0.000004,   -0.000008,   -0.000005
   52    -0.000000,   -0.000000,   -0.000002,   -0.000003,   -0.000014
   53    -0.000000,   -0.000000,    0.000017,    0.000010,    0.000022
   54     0.000000,    0.000000,    0.000000,    0.000001,    0.000002
   55    -0.000000,   -0.000000,   -0.000000,   -0.000001,   -0.000003
   56    -0.000000,    0.000000,    0.000002,   -0.000001,    0.000001
   57    -0.000000,    0.000000,    0.000001,   -0.000001,   -0.000001
   58     0.000000,   -0.000000,   -0.000002,    0.000001,   -0.000002
   59    -0.000000,   -0.000004,   -0.000282,   -0.000000,   -0.000138
   60    -0.000000,   -0.000007,   -0.000568,   -0.000000,   -0.000319
   61     0.000000,    0.000004,    0.000903,    0.000000,    0.000633
   62     0.000000,    0.000003,    0.000950,   -0.000000,    0.000653
   63    -0.000000,   -0.000002,   -0.000233,    0.000000,   -0.000253
   64    -0.000000,   -0.000023,    0.000570,   -0.000000,    0.000815
   65     0.000000,    0.000008,   -0.001821,    0.000000,   -0.001173
   66    -0.000007,   -0.000000,   -0.000000,   -0.001105,    0.000000
   67    -0.000000,   -0.000016,    0.000495,   -0.000000,    0.000616
   68     0.000000,    0.000007,   -0.001285,    0.000000,   -0.000841
   69    -0.000005,   -0.000000,   -0.000000,   -0.000759,    0.000000
   70    -0.000000,   -0.000005,    0.000109,    0.000000,    0.000120
   71     0.000000,    0.000001,   -0.000376,    0.000000,   -0.000223
   72    -0.000002,   -0.000000,   -0.000000,   -0.000244,    0.000000
   73     0.000000,    0.000000,   -0.000056,   -0.000000,   -0.000032
   74     0.000000,   -0.000000,   -0.000000,   -0.000002,   -0.000000
   75     0.000000,    0.000001,   -0.000008,    0.000000,   -0.000019
   76     0.000000,    0.000000,    0.000000,    0.000043,   -0.000000
   77     0.000000,    0.000000,   -0.000011,    0.000000,   -0.000004
   78     0.000000,    0.000001,   -0.000042,   -0.000000,   -0.000032
   79     0.000000,    0.000000,    0.000000,    0.000021,   -0.000000
   80    -0.000000,    0.000001,   -0.000014,   -0.000000,   -0.000014
   81    -0.000001,    0.000000,    0.000000,    0.000025,   -0.000000
   82    -0.000000,   -0.000000,   -0.000010,   -0.000000,    0.000026
   83    -0.000000,    0.000000,    0.000007,   -0.000000,    0.000006
   84     0.000000,    0.000000,    0.000000,   -0.000001,   -0.000000
   85    -0.000000,    0.000000,    0.000009,    0.000000,    0.000004
   86     0.000000,   -0.000000,   -0.000000,    0.000003,    0.000000
   87     0.000000,    0.000000,   -0.000003,    0.000000,   -0.000005
   88     0.000000,   -0.000000,   -0.000000,   -0.000001,    0.000000
   89    -0.000000,    0.000000,    0.000002,    0.000000,    0.000002
   90    -0.000002,    0.000006,    0.000040,   -0.000400,   -0.000070
   91    -0.000003,    0.000007,    0.000026,   -0.000470,   -0.000098
   92     0.000000,    0.000002,    0.000009,   -0.000127,   -0.000011
   93    -0.000000,    0.000000,    0.000013,   -0.000029,    0.000007
   94     0.000000,    0.000000,   -0.000030,   -0.000001,   -0.000019
   95     0.000000,   -0.000001,   -0.000004,    0.000023,    0.000008
   96    -0.000000,   -0.000000,    0.000039,   -0.000029,    0.000031
   97     0.000000,    0.000000,   -0.000078,   -0.000001,   -0.000052
   98     0.000000,   -0.000001,   -0.000010,    0.000009,    0.000009
   99     0.000000,    0.000000,   -0.000012,   -0.000000,   -0.000008
  100     0.000000,   -0.000000,    0.000014,    0.000001,    0.000010
  101     0.000000,    0.000000,   -0.000002,    0.000002,   -0.000004
  102     0.000000,    0.000000,   -0.000006,    0.000005,   -0.000004
  103    -0.000000,   -0.000000,    0.000003,   -0.000003,    0.000003
  104     0.000002,    0.000006,    0.000040,    0.000400,   -0.000070
  105     0.000003,    0.000007,    0.000026,    0.000470,   -0.000098
  106    -0.000000,    0.000002,    0.000009,    0.000127,   -0.000011
  107     0.000000,    0.000000,    0.000013,    0.000029,    0.000007
  108    -0.000000,    0.000000,   -0.000030,    0.000001,   -0.000019
  109     0.000000,    0.000001,    0.000004,    0.000023,   -0.000008
  110     0.000000,   -0.000000,    0.000039,    0.000029,    0.000031
  111    -0.000000,    0.000000,   -0.000078,    0.000001,   -0.000052
  112     0.000000,    0.000001,    0.000010,    0.000009,   -0.000009
  113    -0.000000,    0.000000,   -0.000012,    0.000000,   -0.000008
  114     0.000000,    0.000000,   -0.000014,    0.000001,   -0.000010
  115    -0.000000,    0.000000,   -0.000002,   -0.000002,   -0.000004
  116     0.000000,   -0.000000,    0.000006,    0.000005,    0.000004
  117     0.000000,   -0.000000,    0.000003,    0.000003,    0.000003
  118     0.000000,    0.000000,    0.000000,    0.000000,    0.000000
  119     0.000000,    0.000000,   -0.000000,   -0.000000,   -0.000000
  120     0.000000,   -0.000001,   -0.000018,   -0.000000,   -0.000006
  121     0.000000,   -0.000008,   -0.000177,   -0.000000,   -0.000056
  122    -0.000000,    0.000023,    0.000521,    0.000000,    0.000188
  123    -0.000000,    0.000005,    0.000084,    0.000000,    0.000019
  124    -0.000000,   -0.000000,    0.000002,   -0.000000,    0.000001
  125    -0.000000,    0.000000,    0.000000,    0.000000,    0.000000
  126     0.000000,   -0.000000,   -0.000000,   -0.000000,    0.000000
  127     0.000000,    0.000000,   -0.000036,    0.000000,   -0.000013
  128     0.000000,   -0.000001,    0.000000,   -0.000000,   -0.000003
  129    -0.000001,    0.000000,    0.000000,    0.000003,   -0.000000
  130    -0.000000,   -0.000001,    0.000188,   -0.000000,    0.000072
  131    -0.000000,    0.000007,   -0.000013,    0.000000,    0.000003
  132     0.000005,   -0.000000,   -0.000000,   -0.000014,    0.000000
  133    -0.000000,   -0.000003,    0.000331,   -0.000000,    0.000120
  134    -0.000000,    0.000013,    0.000003,    0.000000,    0.000029
  135     0.000008,   -0.000000,   -0.000000,   -0.000031,    0.000000
  136    -0.000000,   -0.000001,    0.000115,   -0.000000,    0.000053
  137    -0.000000,    0.000006,   -0.000023,    0.000000,   -0.000027
  138     0.000004,   -0.000000,   -0.000000,   -0.000020,    0.000000
  139    -0.000000,   -0.000000,   -0.000000,    0.000000,    0.000000
  140     0.000000,   -0.000000,    0.000000,   -0.000000,    0.000000
  141    -0.000000,   -0.000000,    0.000000,   -0.000000,    0.000000
  142     0.000000,    0.000000,   -0.000000,   -0.000000,   -0.000000
  143    -0.000000,   -0.000000,    0.000000,    0.000000,    0.000000
  144     0.000000,    0.000000,    0.000001,   -0.000000,   -0.000002
  145    -0.000000,    0.000000,   -0.000000,    0.000000,   -0.000000
  146     0.000000,    0.000000,   -0.000002,    0.000000,   -0.000002
  147    -0.000000,   -0.000000,    0.000000,   -0.000000,    0.000000
  148     0.000000,    0.000000,   -0.000002,   -0.000000,   -0.000002
  149    -0.000000,    0.000000,   -0.000008,    0.000000,    0.000006
  150    -0.000000,   -0.000000,   -0.000000,   -0.000000,    0.000000
  151    -0.000000,    0.000000,    0.000012,    0.000000,    0.000016
  152     0.000000,    0.000000,    0.000000,    0.000003,   -0.000000
  153    -0.000000,    0.000000,    0.000029,    0.000000,    0.000022
  154    -0.000000,    0.000001,   -0.000008,    0.000000,    0.000001
  155    -0.000000,    0.000000,   -0.000000,    0.000005,   -0.000000
  156    -0.000000,    0.000000,    0.000011,    0.000000,    0.000014
  157     0.000000,   -0.000000,    0.000000,    0.000003,   -0.000000
  158    -0.000000,    0.000001,    0.000031,   -0.000000,    0.000026
  159     0.000000,   -0.000000,   -0.000012,    0.000000,   -0.000006
  160    -0.000000,   -0.000000,   -0.000000,   -0.000002,    0.000000
  161     0.000000,   -0.000000,   -0.000006,   -0.000000,   -0.000007
  162    -0.000000,   -0.000000,   -0.000000,    0.000001,    0.000000
  163    -0.000000,    0.000000,   -0.000001,    0.000000,    0.000001
  164    -0.000000,    0.000000,    0.000000,    0.000002,    0.000000
  165    -0.000000,    0.000000,   -0.000001,    0.000000,    0.000003
  166    -0.000000,   -0.000000,    0.000001,   -0.000000,    0.000001
  167    -0.000000,   -0.000000,    0.000003,   -0.000000,    0.000002
  168     0.000000,    0.000002,   -0.000098,    0.000000,   -0.000064
  169     0.000000,    0.000023,   -0.001077,    0.000000,   -0.000708
  170    -0.000000,   -0.000061,    0.002779,   -0.000000,    0.001805
  171    -0.000000,   -0.000017,    0.000834,   -0.000000,    0.000584
  172    -0.000000,   -0.000000,   -0.000006,   -0.000000,   -0.000002
  173    -0.000000,   -0.000000,    0.000007,   -0.000000,    0.000007
  174    -0.000000,    0.000000,    0.000000,   -0.000003,   -0.000000
  175     0.000000,    0.000001,    0.000148,    0.000000,    0.000049
  176     0.000000,    0.000003,   -0.000166,    0.000000,   -0.000161
  177     0.000001,   -0.000000,   -0.000000,    0.000059,    0.000000
  178    -0.000000,   -0.000008,   -0.000743,   -0.000000,   -0.000238
  179    -0.000000,   -0.000015,    0.000818,   -0.000000,    0.000802
  180    -0.000008,    0.000000,    0.000000,   -0.000303,   -0.000000
  181    -0.000000,   -0.000014,   -0.001388,   -0.000000,   -0.000463
  182    -0.000000,   -0.000028,    0.001546,   -0.000000,    0.001526
  183    -0.000014,    0.000000,    0.000000,   -0.000560,   -0.000000
  184    -0.000000,   -0.000007,   -0.000380,   -0.000000,   -0.000063
  185    -0.000000,   -0.000008,    0.000316,   -0.000000,    0.000390
  186    -0.000006,    0.000000,    0.000000,   -0.000184,   -0.000000
  187     0.000000,    0.000000,   -0.000000,   -0.000000,   -0.000000
  188    -0.000000,   -0.000000,    0.000000,   -0.000000,    0.000000
  189     0.000000,    0.000000,   -0.000000,    0.000000,   -0.000000
  190     0.000000,    0.000000,   -0.000000,    0.000000,   -0.000000
  191     0.000000,    0.000000,   -0.000000,    0.000000,   -0.000000
  192    -0.000000,   -0.000000,    0.000024,    0.000000,    0.000016
  193     0.000000,    0.000000,    0.000000,    0.000004,   -0.000000
  194    -0.000000,   -0.000000,    0.000016,   -0.000000,    0.000013
  195    -0.000000,   -0.000000,    0.000000,   -0.000003,    0.000000
  196    -0.000000,   -0.000000,    0.000012,   -0.000000,    0.000011
  197     0.000000,    0.000001,   -0.000176,    0.000000,   -0.000118
  198    -0.000000,   -0.000000,   -0.000000,   -0.000037,    0.000000
  199     0.000000,    0.000001,   -0.000114,    0.000000,   -0.000087
  200     0.000000,    0.000000,    0.000000,    0.000023,   -0.000000
  201     0.000000,    0.000002,   -0.000085,    0.000000,   -0.000084
  202     0.000000,   -0.000000,   -0.000118,    0.000000,   -0.000081
  203    -0.000000,    0.000000,   -0.000000,   -0.000029,   -0.000000
  204     0.000000,    0.000000,   -0.000070,    0.000000,   -0.000057
  205     0.000000,   -0.000000,    0.000000,    0.000020,   -0.000000
  206     0.000000,    0.000001,   -0.000051,    0.000000,   -0.000063
  207     0.000000,    0.000000,    0.000009,    0.000000,   -0.000006
  208     0.000000,    0.000000,    0.000000,    0.000016,   -0.000000
  209     0.000000,    0.000000,   -0.000050,    0.000000,   -0.000040
  210     0.000000,    0.000000,    0.000000,    0.000013,   -0.000000
  211    -0.000000,   -0.000000,    0.000031,   -0.000000,    0.000021
  212     0.000000,    0.000000,    0.000000,    0.000007,   -0.000000
  213    -0.000000,   -0.000001,    0.000076,   -0.000000,    0.000057
               195,         196,         197,         198,         199
    0     0.000000,   -0.000259,   -0.000555,   -0.000000,   -0.000086
    1     0.000000,   -0.000385,   -0.001431,   -0.000000,   -0.000339
    2    -0.000000,    0.000189,    0.003422,    0.000000,    0.001184
    3    -0.000000,    0.000049,    0.003696,   -0.000000,    0.001884
    4     0.000000,   -0.000066,   -0.001439,    0.000000,   -0.001460
    5    -0.000000,   -0.000274,   -0.001875,   -0.000000,   -0.001164
    6    -0.000000,   -0.000356,   -0.002324,    0.000000,    0.001106
    7     0.000009,   -0.000000,   -0.000000,    0.000046,    0.000000
    8    -0.000000,   -0.000232,   -0.001278,   -0.000000,   -0.000689
    9    -0.000000,   -0.000262,   -0.001685,    0.000000,    0.000748
   10    -0.000002,    0.000000,   -0.000000,   -0.000159,    0.000000
   11    -0.000000,   -0.000046,    0.000652,   -0.000000,    0.000456
   12    -0.000000,   -0.000096,   -0.000295,   -0.000000,    0.000355
   13    -0.000055,   -0.000000,    0.000000,   -0.000642,    0.000000
   14    -0.000000,    0.000014,    0.000189,    0.000000,    0.000031
   15    -0.000012,   -0.000000,   -0.000000,   -0.000149,    0.000000
   16    -0.000000,   -0.000024,    0.000053,   -0.000000,    0.000076
   17    -0.000008,   -0.000000,   -0.000000,   -0.000154,    0.000000
   18    -0.000000,   -0.000044,    0.000354,   -0.000000,    0.000291
   19    -0.000000,    0.000000,    0.000157,   -0.000000,    0.000057
   20    -0.000028,   -0.000000,   -0.000000,   -0.000344,    0.000000
   21    -0.000000,   -0.000070,    0.000137,   -0.000000,    0.000257
   22    -0.000018,    0.000000,   -0.000000,   -0.000401,   -0.000000
   23    -0.000000,   -0.000102,    0.000912,   -0.000000,    0.000772
   24     0.000000,    0.000013,   -0.000186,    0.000000,   -0.000135
   25     0.000007,    0.000000,    0.000000,    0.000088,   -0.000000
   26    -0.000000,    0.000009,   -0.000022,   -0.000000,   -0.000044
   27    -0.000004,   -0.000000,   -0.000000,   -0.000073,    0.000000
   28    -0.000000,   -0.000005,    0.000097,   -0.000000,    0.000051
   29    -0.000001,    0.000000,   -0.000000,   -0.000022,   -0.000000
   30    -0.000000,    0.000012,   -0.000027,   -0.000000,   -0.000061
   31    -0.000008,   -0.000059,    0.000503,   -0.000212,    0.000178
   32    -0.000005,   -0.000027,    0.000144,   -0.000141,   -0.000121
   33     0.000017,   -0.000025,    0.000166,    0.000019,    0.000115
   34    -0.000001,   -0.000002,   -0.000036,   -0.000007,   -0.000012
   35    -0.000001,   -0.000007,   -0.000040,   -0.000017,    0.000019
   36     0.000000,    0.000004,   -0.000027,    0.000010,   -0.000004
   37    -0.000002,   -0.000026,    0.000035,   -0.000061,    0.000055
   38    -0.000006,   -0.000013,    0.000025,   -0.000055,    0.000136
   39    -0.000002,   -0.000019,    0.000137,   -0.000060,    0.000156
   40     0.000001,    0.000002,   -0.000005,    0.000011,   -0.000019
   41     0.000001,    0.000003,   -0.000004,    0.000009,   -0.000025
   42    -0.000000,   -0.000002,   -0.000005,   -0.000007,   -0.000006
   43     0.000000,    0.000003,   -0.000001,    0.000005,   -0.000007
   44     0.000000,    0.000000,    0.000016,    0.000004,    0.000011
   45     0.000008,   -0.000059,    0.000503,    0.000212,    0.000178
   46     0.000005,   -0.000027,    0.000144,    0.000141,   -0.000121
   47    -0.000017,   -0.000025,    0.000166,   -0.000019,    0.000115
   48     0.000001,   -0.000002,   -0.000036,    0.000007,   -0.000012
   49     0.000001,   -0.000007,   -0.000040,    0.000017,    0.000019
   50     0.000000,   -0.000004,    0.000027,    0.000010,    0.000004
   51     0.000002,   -0.000026,    0.000035,    0.000061,    0.000055
   52     0.000006,   -0.000013,    0.000025,    0.000055,    0.000136
   53    -0.000002,    0.000019,   -0.000137,   -0.000060,   -0.000156
   54    -0.000001,    0.000002,   -0.000005,   -0.000011,   -0.000019
   55     0.000001,   -0.000003,    0.000004,    0.000009,    0.000025
   56     0.000000,   -0.000002,   -0.000005,    0.000007,   -0.000006
   57     0.000000,   -0.000003,    0.000001,    0.000005,    0.000007
   58    -0.000000,    0.000000,    0.000016,   -0.000004,    0.000011
   59     0.000000,    0.000008,    0.002343,    0.000000,    0.001464
   60     0.000000,   -0.000077,    0.005155,    0.000000,    0.003304
   61    -0.000000,    0.000393,   -0.009732,   -0.000000,   -0.006458
   62     0.000000,    0.000387,   -0.009576,    0.000000,   -0.006339
   63    -0.000000,   -0.000120,    0.003631,   -0.000000,    0.002991
   64     0.000000,    0.001340,   -0.004302,    0.000000,   -0.005988
   65    -0.000000,   -0.000541,    0.014654,   -0.000000,    0.008783
   66     0.000578,    0.000000,    0.000000,    0.008564,   -0.000000
   67     0.000000,    0.000953,   -0.003756,    0.000000,   -0.004537
   68    -0.000000,   -0.000433,    0.010061,    0.000000,    0.006137
   69     0.000389,    0.000000,    0.000000,    0.005809,   -0.000000
   70    -0.000000,    0.000240,   -0.000534,   -0.000000,   -0.000689
   71    -0.000000,   -0.000095,    0.002737,   -0.000000,    0.001596
   72     0.000152,    0.000000,    0.000000,    0.002041,   -0.000000
   73    -0.000000,   -0.000010,    0.000371,    0.000000,    0.000174
   74    -0.000002,    0.000000,    0.000000,   -0.000011,    0.000000
   75    -0.000000,   -0.000045,    0.000034,   -0.000000,    0.000121
   76    -0.000019,   -0.000000,   -0.000000,   -0.000305,    0.000000
   77    -0.000000,   -0.000017,    0.000096,   -0.000000,    0.000041
   78    -0.000000,   -0.000029,    0.000114,    0.000000,    0.000071
   79    -0.000018,   -0.000000,   -0.000000,   -0.000220,    0.000000
   80     0.000000,   -0.000039,    0.000065,    0.000000,    0.000087
   81     0.000003,   -0.000000,   -0.000000,   -0.000054,    0.000000
   82     0.000000,    0.000029,    0.000061,    0.000000,   -0.000199
   83     0.000000,    0.000002,   -0.000064,    0.000000,   -0.000061
   84    -0.000000,   -0.000000,    0.000000,    0.000003,    0.000000
   85     0.000000,   -0.000003,   -0.000063,   -0.000000,   -0.000031
   86    -0.000003,    0.000000,    0.000000,   -0.000035,   -0.000000
   87    -0.000000,   -0.000007,    0.000027,   -0.000000,    0.000035
   88    -0.000000,    0.000000,    0.000000,   -0.000001,    0.000000
   89    -0.000000,   -0.000004,   -0.000008,   -0.000000,   -0.000003
   90     0.000202,   -0.000254,   -0.000825,    0.003038,    0.000187
   91     0.000241,   -0.000304,   -0.000840,    0.003610,    0.000332
   92     0.000037,   -0.000070,   -0.000375,    0.000779,   -0.000075
   93     0.000015,    0.000002,   -0.000137,    0.000225,   -0.000080
   94     0.000000,   -0.000009,    0.000247,    0.000002,    0.000148
   95    -0.000012,    0.000027,    0.000089,   -0.000177,   -0.000020
   96     0.000018,    0.000029,   -0.000420,    0.000258,   -0.000301
   97    -0.000004,   -0.000021,    0.000689,   -0.000023,    0.000443
   98    -0.000008,    0.000027,    0.000133,   -0.000102,   -0.000031
   99    -0.000000,   -0.000004,    0.000104,   -0.000002,    0.000066
  100    -0.000000,    0.000004,   -0.000122,   -0.000006,   -0.000077
  101    -0.000001,   -0.000008,    0.000020,   -0.000020,    0.000034
  102    -0.000003,   -0.000003,    0.000060,   -0.000037,    0.000039
  103     0.000002,    0.000004,   -0.000022,    0.000024,   -0.000024
  104    -0.000202,   -0.000254,   -0.000825,   -0.003038,    0.000187
  105    -0.000241,   -0.000304,   -0.000840,   -0.003610,    0.000332
  106    -0.000037,   -0.000070,   -0.000375,   -0.000779,   -0.000075
  107    -0.000015,    0.000002,   -0.000137,   -0.000225,   -0.000080
  108    -0.000000,   -0.000009,    0.000247,   -0.000002,    0.000148
  109    -0.000012,   -0.000027,   -0.000089,   -0.000177,    0.000020
  110    -0.000018,    0.000029,   -0.000420,   -0.000258,   -0.000301
  111     0.000004,   -0.000021,    0.000689,    0.000023,    0.000443
  112    -0.000008,   -0.000027,   -0.000133,   -0.000102,    0.000031
  113     0.000000,   -0.000004,    0.000104,    0.000002,    0.000066
  114    -0.000000,   -0.000004,    0.000122,   -0.000006,    0.000077
  115     0.000001,   -0.000008,    0.000020,    0.000020,    0.000034
  116    -0.000003,    0.000003,   -0.000060,   -0.000037,   -0.000039
  117    -0.000002,    0.000004,   -0.000022,   -0.000024,   -0.000024
  118     0.000000,   -0.000000,   -0.000000,    0.000000,   -0.000000
  119    -0.000000,   -0.000000,    0.000000,    0.000000,    0.000002
  120    -0.000000,    0.000017,    0.000075,    0.000000,    0.000053
  121    -0.000000,    0.000190,    0.000778,    0.000000,    0.000508
  122     0.000000,   -0.000508,   -0.002306,   -0.000000,   -0.001641
  123    -0.000000,   -0.000112,   -0.000274,   -0.000000,   -0.000157
  124     0.000000,    0.000001,   -0.000013,    0.000000,   -0.000005
  125     0.000000,   -0.000001,    0.000006,   -0.000000,   -0.000001
  126    -0.000001,    0.000000,    0.000000,   -0.000004,   -0.000000
  127    -0.000000,   -0.000021,    0.000308,   -0.000000,    0.000118
  128    -0.000000,    0.000024,   -0.000153,    0.000000,    0.000014
  129     0.000025,   -0.000000,   -0.000000,    0.000100,    0.000000
  130     0.000000,    0.000110,   -0.001594,    0.000000,   -0.000630
  131     0.000000,   -0.000124,    0.000840,   -0.000000,   -0.000003
  132    -0.000133,    0.000000,    0.000000,   -0.000530,   -0.000000
  133     0.000000,    0.000208,   -0.002877,    0.000000,   -0.001067
  134     0.000000,   -0.000232,    0.001508,   -0.000000,   -0.000148
  135    -0.000239,    0.000000,    0.000000,   -0.000919,   -0.000000
  136     0.000000,    0.000109,   -0.001058,    0.000000,   -0.000507
  137     0.000000,   -0.000127,    0.000680,   -0.000000,    0.000154
  138    -0.000101,    0.000000,    0.000000,   -0.000362,   -0.000000
  139    -0.000000,    0.000000,    0.000000,   -0.000000,   -0.000000
  140     0.000000,    0.000000,   -0.000000,   -0.000000,   -0.000000
  141     0.000000,    0.000000,   -0.000000,    0.000000,   -0.000000
  142    -0.000000,   -0.000000,    0.000000,   -0.000000,    0.000000
  143    -0.000000,    0.000000,    0.000000,   -0.000000,    0.000000
  144    -0.000000,   -0.000002,   -0.000008,    0.000000,    0.000012
  145    -0.000000,   -0.000000,    0.000000,   -0.000000,    0.000000
  146    -0.000000,   -0.000002,    0.000006,   -0.000000,    0.000016
  147     0.000000,    0.000000,   -0.000000,    0.000003,   -0.000000
  148    -0.000000,   -0.000000,    0.000004,    0.000000,    0.000006
  149     0.000000,    0.000004,    0.000115,   -0.000000,   -0.000045
  150     0.000003,    0.000000,   -0.000000,    0.000008,   -0.000000
  151     0.000000,    0.000006,   -0.000045,    0.000000,   -0.000104
  152    -0.000003,   -0.000000,   -0.000000,   -0.000031,    0.000000
  153     0.000000,    0.000000,   -0.000149,   -0.000000,   -0.000131
  154     0.000000,   -0.000019,    0.000223,   -0.000000,    0.000025
  155     0.000003,   -0.000000,    0.000000,   -0.000017,    0.000000
  156     0.000000,   -0.000002,    0.000012,   -0.000000,   -0.000082
  157    -0.000003,    0.000000,   -0.000000,   -0.000028,    0.000000
  158     0.000000,   -0.000001,   -0.000164,    0.000000,   -0.000179
  159    -0.000000,    0.000003,    0.000077,   -0.000000,    0.000034
  160     0.000002,    0.000000,    0.000000,    0.000018,   -0.000000
  161    -0.000000,   -0.000001,    0.000006,    0.000000,    0.000044
  162     0.000001,    0.000000,    0.000000,   -0.000003,   -0.000000
  163     0.000000,   -0.000000,    0.000029,   -0.000000,   -0.000007
  164     0.000000,   -0.000000,   -0.000000,   -0.000011,    0.000000
  165     0.000000,   -0.000005,    0.000060,   -0.000000,   -0.000013
  166     0.000000,    0.000001,   -0.000004,    0.000000,   -0.000002
  167     0.000000,    0.000001,   -0.000019,    0.000000,   -0.000013
  168    -0.000000,   -0.000078,    0.000282,   -0.000000,    0.000187
  169    -0.000000,   -0.000843,    0.003434,   -0.000000,    0.002263
  170     0.000000,    0.002207,   -0.007892,    0.000000,   -0.005106
  171     0.000000,    0.000676,   -0.003202,    0.000000,   -0.002307
  172     0.000000,    0.000002,    0.000060,    0.000000,    0.000026
  173     0.000000,    0.000007,   -0.000060,    0.000000,   -0.000051
  174     0.000003,   -0.000000,   -0.000000,    0.000031,    0.000000
  175    -0.000000,   -0.000036,   -0.001397,   -0.000000,   -0.000598
  176    -0.000000,   -0.000173,    0.001395,   -0.000000,    0.001178
  177    -0.000060,    0.000000,    0.000000,   -0.000721,   -0.000000
  178     0.000000,    0.000200,    0.007003,    0.000000,    0.002940
  179     0.000000,    0.000870,   -0.006826,    0.000000,   -0.005806
  180     0.000310,   -0.000000,   -0.000000,    0.003707,    0.000000
  181     0.000000,    0.000356,    0.013279,    0.000000,    0.005720
  182     0.000000,    0.001634,   -0.013308,    0.000000,   -0.011291
  183     0.000569,   -0.000000,   -0.000000,    0.006826,    0.000000
  184     0.000000,    0.000236,    0.004142,    0.000000,    0.001517
  185     0.000000,    0.000452,   -0.003253,    0.000000,   -0.003051
  186     0.000215,   -0.000000,   -0.000000,    0.002494,    0.000000
  187     0.000000,   -0.000000,    0.000003,    0.000000,    0.000002
  188     0.000000,    0.000000,   -0.000000,    0.000001,   -0.000000
  189    -0.000000,   -0.000000,    0.000002,   -0.000000,    0.000001
  190    -0.000000,   -0.000000,    0.000000,   -0.000000,    0.000000
  191    -0.000000,   -0.000000,    0.000001,   -0.000000,    0.000001
  192     0.000000,    0.000012,   -0.000176,   -0.000000,   -0.000114
  193    -0.000003,   -0.000000,    0.000000,   -0.000037,    0.000000
  194     0.000000,    0.000011,   -0.000118,    0.000000,   -0.000087
  195     0.000002,    0.000000,   -0.000000,    0.000023,   -0.000000
  196     0.000000,    0.000014,   -0.000078,    0.000000,   -0.000072
  197    -0.000000,   -0.000078,    0.001420,    0.000000,    0.000900
  198     0.000023,    0.000000,    0.000000,    0.000314,   -0.000000
  199    -0.000000,   -0.000072,    0.000900,   -0.000000,    0.000644
  200    -0.000014,   -0.000000,   -0.000000,   -0.000197,    0.000000
  201    -0.000000,   -0.000101,    0.000633,   -0.000000,    0.000589
  202    -0.000000,   -0.000037,    0.001329,   -0.000000,    0.000841
  203     0.000021,   -0.000000,    0.000000,    0.000279,    0.000000
  204     0.000000,   -0.000036,    0.000773,    0.000000,    0.000550
  205    -0.000013,    0.000000,   -0.000000,   -0.000177,    0.000000
  206    -0.000000,   -0.000068,    0.000560,   -0.000000,    0.000545
  207    -0.000000,   -0.000024,   -0.000092,   -0.000000,    0.000023
  208    -0.000010,   -0.000000,   -0.000000,   -0.000137,    0.000000
  209    -0.000000,   -0.000034,    0.000431,   -0.000000,    0.000317
  210    -0.000009,   -0.000000,   -0.000000,   -0.000120,    0.000000
  211     0.000000,    0.000012,   -0.000276,    0.000000,   -0.000174
  212    -0.000005,   -0.000000,   -0.000000,   -0.000068,    0.000000
  213     0.000000,    0.000044,   -0.000677,    0.000000,   -0.000464
               200,         201,         202,         203,         204
    0    -0.000000,    0.000583,   -0.000582,    0.000000,   -0.000059
    1    -0.000000,    0.000889,   -0.001156,    0.000000,   -0.000228
    2     0.000000,   -0.000385,    0.001940,   -0.000000,    0.000832
    3     0.000000,    0.000920,    0.002328,   -0.000000,    0.001486
    4    -0.000000,   -0.000840,   -0.001425,    0.000000,   -0.001774
    5     0.000000,    0.001894,   -0.000361,    0.000000,   -0.001669
    6     0.000000,    0.004504,   -0.003151,   -0.000000,    0.000116
    7     0.000906,    0.000000,    0.000000,    0.001572,   -0.000000
    8     0.000000,    0.001606,   -0.000050,    0.000000,   -0.000894
    9    -0.000000,    0.003135,   -0.002059,    0.000000,    0.000196
   10     0.000755,   -0.000000,    0.000000,    0.001024,   -0.000000
   11     0.000000,    0.000697,    0.001725,    0.000000,    0.000870
   12     0.000000,    0.001000,    0.000174,    0.000000,    0.000543
   13     0.000584,    0.000000,    0.000000,   -0.000581,   -0.000000
   14     0.000000,   -0.000162,    0.000202,   -0.000000,    0.000084
   15     0.000090,    0.000000,    0.000000,   -0.000114,   -0.000000
   16     0.000000,    0.000224,    0.000126,    0.000000,    0.000068
   17     0.000140,    0.000000,    0.000000,    0.000008,   -0.000000
   18     0.000000,    0.000399,    0.000489,    0.000000,    0.000327
   19     0.000000,   -0.000072,   -0.000074,   -0.000000,   -0.000031
   20     0.000228,    0.000000,    0.000000,   -0.000211,   -0.000000
   21     0.000000,    0.000614,    0.000135,    0.000000,    0.000217
   22     0.000299,   -0.000000,   -0.000000,   -0.000008,   -0.000000
   23     0.000000,    0.000941,    0.001006,    0.000000,    0.000816
   24    -0.000000,   -0.000105,   -0.000233,    0.000000,   -0.000161
   25    -0.000054,   -0.000000,   -0.000000,    0.000055,    0.000000
   26     0.000000,   -0.000085,   -0.000058,   -0.000000,   -0.000054
   27     0.000046,   -0.000000,    0.000000,   -0.000040,   -0.000000
   28     0.000000,    0.000035,    0.000098,    0.000000,    0.000055
   29     0.000015,   -0.000000,   -0.000000,   -0.000011,   -0.000000
   30     0.000000,   -0.000114,   -0.000054,   -0.000000,   -0.000059
   31     0.000483,    0.000675,    0.000728,    0.000538,    0.000032
   32     0.000494,    0.000386,    0.000103,    0.000671,   -0.000482
   33     0.000133,    0.000271,   -0.000152,    0.000795,   -0.000177
   34    -0.000020,   -0.000002,   -0.000022,   -0.000042,   -0.000007
   35     0.000010,    0.000074,   -0.000075,   -0.000011,   -0.000010
   36    -0.000026,   -0.000056,   -0.000043,   -0.000028,    0.000013
   37     0.000018,    0.000169,    0.000197,   -0.000065,    0.000116
   38     0.000028,    0.000236,    0.000115,   -0.000113,    0.000192
   39     0.000035,    0.000168,    0.000244,   -0.000019,    0.000255
   40    -0.000006,   -0.000031,   -0.000012,    0.000012,   -0.000021
   41    -0.000005,   -0.000046,   -0.000015,    0.000008,   -0.000030
   42     0.000003,    0.000014,    0.000001,   -0.000008,   -0.000012
   43     0.000000,   -0.000020,   -0.000023,    0.000010,   -0.000017
   44     0.000000,    0.000006,    0.000017,    0.000003,    0.000015
   45    -0.000483,    0.000675,    0.000728,   -0.000538,    0.000032
   46    -0.000494,    0.000386,    0.000103,   -0.000671,   -0.000482
   47    -0.000133,    0.000271,   -0.000152,   -0.000795,   -0.000177
   48     0.000020,   -0.000002,   -0.000022,    0.000042,   -0.000007
   49    -0.000010,    0.000074,   -0.000075,    0.000011,   -0.000010
   50    -0.000026,    0.000056,    0.000043,   -0.000028,   -0.000013
   51    -0.000018,    0.000169,    0.000197,    0.000065,    0.000116
   52    -0.000028,    0.000236,    0.000115,    0.000113,    0.000192
   53     0.000035,   -0.000168,   -0.000244,   -0.000019,   -0.000255
   54     0.000006,   -0.000031,   -0.000012,   -0.000012,   -0.000021
   55    -0.000005,    0.000046,    0.000015,    0.000008,    0.000030
   56    -0.000003,    0.000014,    0.000001,    0.000008,   -0.000012
   57     0.000000,    0.000020,    0.000023,    0.000010,    0.000017
   58    -0.000000,    0.000006,    0.000017,   -0.000003,    0.000015
   59    -0.000000,    0.000940,    0.001299,   -0.000000,    0.000480
   60    -0.000000,    0.002328,    0.003690,   -0.000000,    0.001800
   61     0.000000,   -0.005079,   -0.009708,    0.000000,   -0.005763
   62    -0.000000,   -0.005001,   -0.009384,    0.000000,   -0.005676
   63     0.000000,    0.002795,    0.010644,    0.000000,    0.007098
   64    -0.000000,   -0.010930,   -0.007536,   -0.000000,   -0.006306
   65     0.000000,    0.004596,    0.016463,   -0.000000,    0.009932
   66    -0.005515,   -0.000000,   -0.000000,    0.004627,    0.000000
   67     0.000000,   -0.007685,   -0.005597,   -0.000000,   -0.004438
   68     0.000000,    0.003453,    0.010613,    0.000000,    0.006460
   69    -0.003774,   -0.000000,   -0.000000,    0.002852,    0.000000
   70     0.000000,   -0.001514,   -0.000028,   -0.000000,   -0.000046
   71     0.000000,    0.000712,    0.002217,    0.000000,    0.001224
   72    -0.001330,   -0.000000,   -0.000000,    0.001478,    0.000000
   73     0.000000,    0.000015,    0.000204,    0.000000,    0.000111
   74     0.000017,   -0.000000,    0.000000,   -0.000079,    0.000000
   75     0.000000,    0.000309,    0.000060,    0.000000,    0.000063
   76     0.000219,    0.000000,    0.000000,   -0.000044,   -0.000000
   77     0.000000,    0.000066,    0.000148,    0.000000,    0.000004
   78    -0.000000,    0.000081,   -0.000427,    0.000000,   -0.000204
   79     0.000166,   -0.000000,    0.000000,   -0.000302,   -0.000000
   80    -0.000000,    0.000184,   -0.000085,   -0.000000,   -0.000122
   81     0.000107,    0.000000,   -0.000000,    0.000476,   -0.000000
   82    -0.000000,   -0.000463,   -0.000204,   -0.000000,   -0.000450
   83    -0.000000,   -0.000049,   -0.000083,    0.000000,   -0.000062
   84     0.000006,    0.000000,    0.000000,   -0.000024,    0.000000
   85     0.000000,    0.000009,   -0.000058,    0.000000,   -0.000038
   86     0.000013,   -0.000000,   -0.000000,   -0.000073,    0.000000
   87     0.000000,    0.000059,   -0.000056,   -0.000000,   -0.000019
   88    -0.000003,    0.000000,    0.000000,   -0.000031,    0.000000
   89     0.000000,    0.000028,   -0.000066,    0.000000,   -0.000057
   90    -0.001994,    0.001669,    0.000114,    0.001422,    0.000445
   91    -0.002351,    0.002095,   -0.000078,    0.001847,    0.000472
   92    -0.000562,    0.000380,   -0.000785,   -0.000171,   -0.000421
   93    -0.000144,   -0.000042,   -0.000129,    0.000127,   -0.000069
   94     0.000000,    0.000077,    0.000285,   -0.000007,    0.000168
   95     0.000116,   -0.000177,    0.000018,   -0.000086,   -0.000033
   96    -0.000155,   -0.000284,   -0.000669,    0.000258,   -0.000391
   97     0.000012,    0.000275,    0.000962,   -0.000113,    0.000605
   98     0.000053,   -0.000240,   -0.000008,   -0.000169,   -0.000116
   99     0.000002,    0.000039,    0.000133,   -0.000015,    0.000082
  100     0.000003,   -0.000044,   -0.000158,   -0.000000,   -0.000099
  101     0.000012,    0.000066,    0.000068,   -0.000017,    0.000053
  102     0.000023,    0.000030,    0.000068,   -0.000026,    0.000036
  103    -0.000015,   -0.000034,   -0.000026,    0.000015,   -0.000023
  104     0.001994,    0.001669,    0.000114,   -0.001422,    0.000445
  105     0.002351,    0.002095,   -0.000078,   -0.001847,    0.000472
  106     0.000562,    0.000380,   -0.000785,    0.000171,   -0.000421
  107     0.000144,   -0.000042,   -0.000129,   -0.000127,   -0.000069
  108    -0.000000,    0.000077,    0.000285,    0.000007,    0.000168
  109     0.000116,    0.000177,   -0.000018,   -0.000086,    0.000033
  110     0.000155,   -0.000284,   -0.000669,   -0.000258,   -0.000391
  111    -0.000012,    0.000275,    0.000962,    0.000113,    0.000605
  112     0.000053,    0.000240,    0.000008,   -0.000169,    0.000116
  113    -0.000002,    0.000039,    0.000133,    0.000015,    0.000082
  114     0.000003,    0.000044,    0.000158,   -0.000000,    0.000099
  115    -0.000012,    0.000066,    0.000068,    0.000017,    0.000053
  116     0.000023,   -0.000030,   -0.000068,   -0.000026,   -0.000036
  117     0.000015,   -0.000034,   -0.000026,   -0.000015,   -0.000023
  118    -0.000000,    0.000000,    0.000000,    0.000000,   -0.000000
  119    -0.000000,    0.000003,   -0.000003,   -0.000000,   -0.000000
  120    -0.000000,    0.000012,   -0.000124,   -0.000000,   -0.000005
  121     0.000000,    0.000024,   -0.001123,   -0.000000,   -0.000012
  122    -0.000000,   -0.000355,    0.003061,    0.000000,   -0.000164
  123     0.000000,    0.000044,    0.001101,    0.000000,    0.000286
  124    -0.000000,   -0.000007,   -0.000017,   -0.000000,   -0.000008
  125    -0.000000,   -0.000003,    0.000020,    0.000000,    0.000004
  126     0.000003,   -0.000000,   -0.000000,   -0.000007,    0.000000
  127     0.000000,    0.000171,    0.000402,    0.000000,    0.000188
  128     0.000000,    0.000061,   -0.000480,   -0.000000,   -0.000089
  129    -0.000073,    0.000000,    0.000000,    0.000171,   -0.000000
  130    -0.000000,   -0.000928,   -0.002039,   -0.000000,   -0.000975
  131    -0.000000,   -0.000239,    0.002465,    0.000000,    0.000509
  132     0.000379,   -0.000000,   -0.000000,   -0.000906,    0.000000
  133    -0.000000,   -0.001605,   -0.003825,   -0.000000,   -0.001738
  134    -0.000000,   -0.000611,    0.004841,    0.000000,    0.000916
  135     0.000669,   -0.000000,   -0.000000,   -0.001581,    0.000000
  136    -0.000000,   -0.000970,   -0.001602,   -0.000000,   -0.000841
  137    -0.000000,    0.000035,    0.001865,    0.000000,    0.000501
  138     0.000218,   -0.000000,   -0.000000,   -0.000743,    0.000000
  139     0.000000,   -0.000001,   -0.000000,    0.000000,   -0.000000
  140    -0.000000,   -0.000000,   -0.000000,   -0.000000,    0.000000
  141    -0.000000,   -0.000000,   -0.000000,   -0.000000,   -0.000000
  142     0.000000,    0.000000,    0.000000,   -0.000000,    0.000000
  143     0.000000,    0.000000,    0.000001,   -0.000000,    0.000000
  144    -0.000000,    0.000029,   -0.000008,   -0.000000,    0.000011
  145     0.000003,    0.000000,    0.000000,    0.000005,   -0.000000
  146     0.000000,    0.000022,    0.000001,    0.000000,    0.000014
  147    -0.000003,   -0.000000,   -0.000000,    0.000003,   -0.000000
  148     0.000000,    0.000000,   -0.000019,    0.000000,   -0.000002
  149    -0.000000,   -0.000149,    0.000223,    0.000000,    0.000012
  150    -0.000031,   -0.000000,   -0.000000,   -0.000017,    0.000000
  151    -0.000000,   -0.000131,    0.000025,    0.000000,   -0.000082
  152     0.000037,    0.000000,    0.000000,   -0.000005,   -0.000000
  153    -0.000000,   -0.000061,   -0.000033,    0.000000,   -0.000116
  154    -0.000000,   -0.000033,    0.000657,    0.000000,    0.000219
  155    -0.000005,    0.000000,   -0.000000,    0.000009,   -0.000000
  156     0.000000,   -0.000116,    0.000219,    0.000000,   -0.000004
  157     0.000032,   -0.000000,    0.000000,    0.000016,    0.000000
  158    -0.000000,   -0.000157,   -0.000054,    0.000000,   -0.000189
  159     0.000000,   -0.000016,    0.000069,    0.000000,    0.000054
  160    -0.000023,   -0.000000,   -0.000000,   -0.000003,   -0.000000
  161     0.000000,    0.000056,   -0.000066,   -0.000000,    0.000019
  162    -0.000007,   -0.000000,   -0.000000,   -0.000005,   -0.000000
  163    -0.000000,   -0.000026,    0.000075,    0.000000,    0.000016
  164     0.000002,    0.000000,    0.000000,   -0.000005,    0.000000
  165    -0.000000,   -0.000031,    0.000194,    0.000000,    0.000040
  166    -0.000000,   -0.000002,    0.000007,   -0.000000,    0.000005
  167     0.000000,   -0.000011,   -0.000013,    0.000000,   -0.000007
  168     0.000000,    0.000217,   -0.001301,    0.000000,   -0.000833
  169     0.000000,    0.002501,   -0.013098,    0.000000,   -0.008421
  170    -0.000000,   -0.005877,    0.037748,   -0.000000,    0.024302
  171    -0.000000,   -0.002606,    0.007800,   -0.000000,    0.004856
  172    -0.000000,   -0.000009,    0.000083,   -0.000000,    0.000033
  173    -0.000000,   -0.000062,   -0.000077,   -0.000000,   -0.000058
  174    -0.000018,    0.000000,    0.000000,    0.000058,   -0.000000
  175     0.000000,    0.000208,   -0.001921,    0.000000,   -0.000776
  176     0.000000,    0.001446,    0.001794,    0.000000,    0.001356
  177     0.000425,   -0.000000,   -0.000000,   -0.001350,    0.000000
  178    -0.000000,   -0.001205,    0.009603,   -0.000000,    0.003793
  179    -0.000000,   -0.007220,   -0.008661,   -0.000000,   -0.006607
  180    -0.002182,    0.000000,    0.000000,    0.007003,   -0.000000
  181    -0.000000,   -0.001917,    0.018832,   -0.000000,    0.007763
  182    -0.000000,   -0.013897,   -0.018148,   -0.000000,   -0.013641
  183    -0.004020,    0.000000,    0.000000,    0.012820,   -0.000000
  184    -0.000000,   -0.001385,    0.007189,   -0.000000,    0.002844
  185    -0.000000,   -0.004195,   -0.006315,   -0.000000,   -0.004867
  186    -0.001441,    0.000000,    0.000000,    0.005282,   -0.000000
  187    -0.000000,    0.000001,    0.000001,    0.000000,    0.000001
  188    -0.000000,   -0.000000,   -0.000000,    0.000000,   -0.000000
  189     0.000000,    0.000002,    0.000001,    0.000000,    0.000001
  190     0.000000,    0.000000,    0.000000,   -0.000000,    0.000000
  191     0.000000,    0.000002,   -0.000000,    0.000000,    0.000000
  192     0.000000,   -0.000085,   -0.000118,   -0.000000,   -0.000070
  193     0.000023,    0.000000,    0.000000,   -0.000029,    0.000000
  194    -0.000000,   -0.000084,   -0.000081,   -0.000000,   -0.000057
  195    -0.000014,   -0.000000,   -0.000000,    0.000021,    0.000000
  196    -0.000000,   -0.000101,   -0.000037,   -0.000000,   -0.000036
  197    -0.000000,    0.000633,    0.001329,    0.000000,    0.000773
  198    -0.000197,   -0.000000,   -0.000000,    0.000279,    0.000000
  199     0.000000,    0.000589,    0.000841,    0.000000,    0.000550
  200     0.000127,    0.000000,    0.000000,   -0.000167,   -0.000000
  201     0.000000,    0.000799,    0.000563,    0.000000,    0.000471
  202     0.000000,    0.000563,    0.002480,   -0.000000,    0.001477
  203    -0.000167,    0.000000,   -0.000000,    0.000351,    0.000000
  204    -0.000000,    0.000471,    0.001477,    0.000000,    0.000947
  205     0.000114,   -0.000000,    0.000000,   -0.000169,   -0.000000
  206     0.000000,    0.000731,    0.001175,    0.000000,    0.000891
  207     0.000000,    0.000186,   -0.000102,    0.000000,    0.000006
  208     0.000088,    0.000000,    0.000000,   -0.000127,   -0.000000
  209     0.000000,    0.000303,    0.000541,    0.000000,    0.000357
  210     0.000074,    0.000000,    0.000000,   -0.000123,   -0.000000
  211    -0.000000,   -0.000117,   -0.000350,    0.000000,   -0.000205
  212     0.000040,    0.000000,    0.000000,   -0.000077,   -0.000000
  213    -0.000000,   -0.000398,   -0.000866,   -0.000000,   -0.000536
               205,         206,         207,         208,         209
    0     0.000000,   -0.000089,    0.000260,    0.000000,   -0.000102
    1     0.000000,   -0.000295,    0.000505,    0.000000,   -0.000222
    2    -0.000000,    0.001115,   -0.000702,   -0.000000,    0.000480
    3     0.000000,    0.002497,   -0.000220,    0.000000,    0.000854
    4    -0.000000,   -0.002125,    0.000067,   -0.000000,   -0.000689
    5    -0.000000,   -0.000576,    0.001394,   -0.000000,   -0.000497
    6     0.000000,    0.003625,    0.002198,    0.000000,    0.000368
    7     0.001552,    0.000000,   -0.000000,    0.000694,    0.000000
    8     0.000000,    0.000116,    0.001110,    0.000000,   -0.000238
    9     0.000000,    0.002609,    0.001539,    0.000000,    0.000286
   10     0.001231,   -0.000000,   -0.000000,    0.000577,   -0.000000
   11     0.000000,    0.000840,    0.000134,    0.000000,    0.000320
   12     0.000000,    0.001191,    0.000443,    0.000000,    0.000242
   13     0.000680,    0.000000,    0.000000,    0.000437,    0.000000
   14     0.000000,   -0.000055,   -0.000105,    0.000000,    0.000026
   15     0.000046,   -0.000000,   -0.000000,    0.000052,   -0.000000
   16    -0.000000,    0.000189,    0.000091,   -0.000000,    0.000046
   17     0.000159,   -0.000000,   -0.000000,    0.000097,   -0.000000
   18    -0.000000,    0.000435,    0.000089,    0.000000,    0.000167
   19     0.000000,   -0.000036,   -0.000051,    0.000000,    0.000020
   20     0.000131,   -0.000000,    0.000000,    0.000132,   -0.000000
   21     0.000000,    0.000668,    0.000260,    0.000000,    0.000148
   22     0.000323,   -0.000000,   -0.000000,    0.000204,   -0.000000
   23     0.000000,    0.001172,    0.000201,    0.000000,    0.000426
   24    -0.000000,   -0.000152,    0.000003,   -0.000000,   -0.000076
   25    -0.000028,    0.000000,    0.000000,   -0.000031,   -0.000000
   26     0.000000,   -0.000095,   -0.000030,    0.000000,   -0.000026
   27     0.000044,   -0.000000,   -0.000000,    0.000032,   -0.000000
   28     0.000000,    0.000058,   -0.000004,    0.000000,    0.000028
   29     0.000021,   -0.000000,   -0.000000,    0.000012,   -0.000000
   30     0.000000,   -0.000096,   -0.000036,    0.000000,   -0.000032
   31     0.000704,    0.000398,    0.000254,    0.000351,    0.000107
   32     0.000734,   -0.000242,    0.000206,    0.000357,   -0.000088
   33     0.000176,   -0.000065,    0.000081,    0.000060,    0.000009
   34    -0.000037,   -0.000019,    0.000003,   -0.000016,   -0.000005
   35     0.000004,    0.000049,    0.000037,    0.000005,    0.000005
   36    -0.000040,   -0.000027,   -0.000026,   -0.000020,   -0.000003
   37     0.000022,    0.000173,    0.000068,    0.000017,    0.000050
   38     0.000014,    0.000358,    0.000087,    0.000020,    0.000078
   39     0.000043,    0.000338,    0.000039,    0.000027,    0.000099
   40    -0.000001,   -0.000039,   -0.000010,   -0.000003,   -0.000009
   41    -0.000002,   -0.000057,   -0.000017,   -0.000003,   -0.000013
   42     0.000002,   -0.000006,    0.000009,    0.000002,   -0.000002
   43     0.000002,   -0.000022,   -0.000008,    0.000000,   -0.000006
   44     0.000003,    0.000018,   -0.000001,    0.000001,    0.000006
   45    -0.000704,    0.000398,    0.000254,   -0.000351,    0.000107
   46    -0.000734,   -0.000242,    0.000206,   -0.000357,   -0.000088
   47    -0.000176,   -0.000065,    0.000081,   -0.000060,    0.000009
   48     0.000037,   -0.000019,    0.000003,    0.000016,   -0.000005
   49    -0.000004,    0.000049,    0.000037,   -0.000005,    0.000005
   50    -0.000040,    0.000027,    0.000026,   -0.000020,    0.000003
   51    -0.000022,    0.000173,    0.000068,   -0.000017,    0.000050
   52    -0.000014,    0.000358,    0.000087,   -0.000020,    0.000078
   53     0.000043,   -0.000338,   -0.000039,    0.000027,   -0.000099
   54     0.000001,   -0.000039,   -0.000010,    0.000003,   -0.000009
   55    -0.000002,    0.000057,    0.000017,   -0.000003,    0.000013
   56    -0.000002,   -0.000006,    0.000009,   -0.000002,   -0.000002
   57     0.000002,    0.000022,    0.000008,    0.000000,    0.000006
   58    -0.000003,    0.000018,   -0.000001,   -0.000001,    0.000006
   59    -0.000000,    0.000648,   -0.000123,   -0.000000,    0.000415
   60    -0.000000,    0.001961,   -0.000204,   -0.000000,    0.001151
   61     0.000000,   -0.005473,    0.000214,    0.000000,   -0.002885
   62    -0.000000,   -0.005608,    0.000172,   -0.000000,   -0.002872
   63     0.000000,    0.006879,    0.000203,    0.000000,    0.002315
   64     0.000000,   -0.009813,   -0.003333,   -0.000000,   -0.003549
   65     0.000000,    0.007007,   -0.001681,    0.000000,    0.004675
   66    -0.004231,    0.000000,    0.000000,   -0.003479,    0.000000
   67     0.000000,   -0.006583,   -0.002155,    0.000000,   -0.002582
   68     0.000000,    0.004607,   -0.001040,    0.000000,    0.003193
   69    -0.002851,    0.000000,   -0.000000,   -0.002352,    0.000000
   70     0.000000,   -0.000463,   -0.000479,    0.000000,   -0.000315
   71     0.000000,    0.000418,   -0.000428,    0.000000,    0.000713
   72    -0.001036,   -0.000000,   -0.000000,   -0.000860,   -0.000000
   73    -0.000000,    0.000057,   -0.000068,   -0.000000,    0.000081
   74     0.000049,    0.000000,    0.000000,    0.000024,    0.000000
   75    -0.000000,    0.000153,    0.000110,    0.000000,    0.000067
   76     0.000166,   -0.000000,   -0.000000,    0.000131,   -0.000000
   77     0.000000,   -0.000105,   -0.000008,    0.000000,    0.000021
   78    -0.000000,   -0.000017,    0.000042,   -0.000000,    0.000006
   79     0.000222,   -0.000000,   -0.000000,    0.000140,   -0.000000
   80    -0.000000,   -0.000209,    0.000032,   -0.000000,    0.000014
   81     0.000046,    0.000000,    0.000000,    0.000029,   -0.000000
   82    -0.000000,   -0.000973,   -0.000236,   -0.000000,   -0.000160
   83    -0.000000,   -0.000035,    0.000006,   -0.000000,   -0.000026
   84     0.000025,    0.000000,    0.000000,    0.000010,    0.000000
   85    -0.000000,   -0.000017,    0.000019,   -0.000000,   -0.000015
   86     0.000015,   -0.000000,   -0.000000,    0.000013,    0.000000
   87     0.000000,    0.000025,    0.000020,    0.000000,    0.000006
   88     0.000005,    0.000000,   -0.000000,    0.000002,    0.000000
   89    -0.000000,   -0.000044,    0.000014,    0.000000,   -0.000013
   90    -0.001530,    0.001246,    0.000836,   -0.001246,    0.000308
   91    -0.001829,    0.001597,    0.001027,   -0.001484,    0.000380
   92    -0.000460,   -0.000145,    0.000238,   -0.000332,   -0.000064
   93    -0.000110,   -0.000053,    0.000015,   -0.000091,   -0.000033
   94     0.000005,    0.000107,   -0.000031,    0.000002,    0.000078
   95     0.000087,   -0.000125,   -0.000090,    0.000072,   -0.000029
   96    -0.000144,   -0.000328,   -0.000006,   -0.000111,   -0.000170
   97     0.000021,    0.000491,   -0.000058,    0.000016,    0.000252
   98     0.000058,   -0.000321,   -0.000135,    0.000045,   -0.000050
   99     0.000006,    0.000064,   -0.000010,    0.000003,    0.000036
  100     0.000001,   -0.000076,    0.000013,    0.000002,   -0.000043
  101     0.000010,    0.000072,    0.000021,    0.000008,    0.000024
  102     0.000019,    0.000028,   -0.000003,    0.000015,    0.000018
  103    -0.000010,   -0.000037,   -0.000009,   -0.000009,   -0.000012
  104     0.001530,    0.001246,    0.000836,    0.001246,    0.000308
  105     0.001829,    0.001597,    0.001027,    0.001484,    0.000380
  106     0.000460,   -0.000145,    0.000238,    0.000332,   -0.000064
  107     0.000110,   -0.000053,    0.000015,    0.000091,   -0.000033
  108    -0.000005,    0.000107,   -0.000031,   -0.000002,    0.000078
  109     0.000087,    0.000125,    0.000090,    0.000072,    0.000029
  110     0.000144,   -0.000328,   -0.000006,    0.000111,   -0.000170
  111    -0.000021,    0.000491,   -0.000058,   -0.000016,    0.000252
  112     0.000058,    0.000321,    0.000135,    0.000045,    0.000050
  113    -0.000006,    0.000064,   -0.000010,   -0.000003,    0.000036
  114     0.000001,    0.000076,   -0.000013,    0.000002,    0.000043
  115    -0.000010,    0.000072,    0.000021,   -0.000008,    0.000024
  116     0.000019,   -0.000028,    0.000003,    0.000015,   -0.000018
  117     0.000010,   -0.000037,   -0.000009,    0.000009,   -0.000012
  118    -0.000000,   -0.000001,    0.000000,   -0.000000,    0.000000
  119    -0.000000,    0.000003,    0.000001,   -0.000000,    0.000001
  120     0.000000,    0.000151,    0.000017,    0.000000,    0.000007
  121     0.000000,    0.001497,    0.000132,    0.000000,    0.000066
  122    -0.000000,   -0.004515,   -0.000433,   -0.000000,   -0.000289
  123     0.000000,   -0.000806,   -0.000150,    0.000000,    0.000045
  124     0.000000,   -0.000011,   -0.000002,    0.000000,   -0.000004
  125     0.000000,   -0.000007,   -0.000002,   -0.000000,    0.000002
  126    -0.000006,    0.000000,    0.000000,   -0.000000,    0.000000
  127    -0.000000,    0.000257,    0.000039,   -0.000000,    0.000082
  128    -0.000000,    0.000152,    0.000055,    0.000000,   -0.000040
  129     0.000141,   -0.000000,   -0.000000,    0.000007,   -0.000000
  130     0.000000,   -0.001387,   -0.000222,    0.000000,   -0.000429
  131     0.000000,   -0.000670,   -0.000265,    0.000000,    0.000233
  132    -0.000736,    0.000000,    0.000000,   -0.000038,    0.000000
  133     0.000000,   -0.002351,   -0.000371,    0.000000,   -0.000759
  134    -0.000000,   -0.001535,   -0.000561,   -0.000000,    0.000393
  135    -0.001365,    0.000000,    0.000000,   -0.000088,    0.000000
  136     0.000000,   -0.001319,   -0.000300,    0.000000,   -0.000362
  137    -0.000000,   -0.000363,   -0.000165,   -0.000000,    0.000252
  138    -0.000684,    0.000000,    0.000000,   -0.000088,    0.000000
  139     0.000000,   -0.000001,   -0.000000,    0.000000,   -0.000000
  140    -0.000000,   -0.000000,   -0.000000,   -0.000000,   -0.000000
  141    -0.000000,   -0.000001,   -0.000000,   -0.000000,   -0.000000
  142     0.000000,    0.000000,    0.000000,    0.000000,    0.000000
  143     0.000000,    0.000001,    0.000000,    0.000000,    0.000000
  144    -0.000000,    0.000031,    0.000012,   -0.000000,    0.000006
  145     0.000003,    0.000000,    0.000000,    0.000002,    0.000000
  146     0.000000,    0.000026,    0.000006,    0.000000,    0.000007
  147    -0.000003,   -0.000000,   -0.000000,   -0.000002,   -0.000000
  148     0.000000,   -0.000001,   -0.000003,    0.000000,    0.000001
  149    -0.000000,   -0.000164,   -0.000077,   -0.000000,   -0.000006
  150    -0.000028,   -0.000000,   -0.000000,   -0.000018,   -0.000000
  151    -0.000000,   -0.000179,   -0.000034,   -0.000000,   -0.000044
  152     0.000032,    0.000000,    0.000000,    0.000023,    0.000000
  153    -0.000000,   -0.000157,    0.000016,   -0.000000,   -0.000056
  154    -0.000000,   -0.000054,   -0.000069,   -0.000000,    0.000066
  155     0.000016,   -0.000000,    0.000000,    0.000003,    0.000000
  156    -0.000000,   -0.000189,   -0.000054,    0.000000,   -0.000019
  157     0.000015,    0.000000,   -0.000000,    0.000015,    0.000000
  158    -0.000000,   -0.000366,   -0.000036,   -0.000000,   -0.000083
  159    -0.000000,    0.000036,   -0.000023,    0.000000,    0.000019
  160    -0.000015,   -0.000000,   -0.000000,   -0.000012,   -0.000000
  161     0.000000,    0.000083,    0.000019,    0.000000,    0.000014
  162    -0.000003,   -0.000000,   -0.000000,   -0.000003,   -0.000000
  163    -0.000000,   -0.000025,   -0.000016,   -0.000000,    0.000003
  164     0.000004,   -0.000000,    0.000000,    0.000003,    0.000000
  165    -0.000000,   -0.000056,   -0.000024,   -0.000000,    0.000010
  166     0.000000,    0.000004,   -0.000000,    0.000000,    0.000000
  167     0.000000,   -0.000006,    0.000001,    0.000000,   -0.000005
  168    -0.000000,   -0.000785,    0.000016,   -0.000000,   -0.000083
  169    -0.000000,   -0.007988,    0.000143,   -0.000000,   -0.000719
  170     0.000000,    0.023103,   -0.000359,    0.000000,    0.002558
  171     0.000000,    0.004274,   -0.000280,   -0.000000,    0.000054
  172     0.000000,   -0.000017,   -0.000023,    0.000000,    0.000012
  173     0.000000,   -0.000080,   -0.000014,    0.000000,   -0.000030
  174    -0.000025,   -0.000000,   -0.000000,   -0.000017,   -0.000000
  175    -0.000000,    0.000403,    0.000534,   -0.000000,   -0.000279
  176    -0.000000,    0.001864,    0.000315,   -0.000000,    0.000689
  177     0.000579,    0.000000,    0.000000,    0.000390,    0.000000
  178     0.000000,   -0.002310,   -0.002765,    0.000000,    0.001350
  179     0.000000,   -0.009249,   -0.001621,    0.000000,   -0.003395
  180    -0.002995,   -0.000000,   -0.000000,   -0.002012,   -0.000000
  181     0.000000,   -0.003424,   -0.005049,    0.000000,    0.002734
  182     0.000000,   -0.018546,   -0.003059,    0.000000,   -0.006729
  183    -0.005502,   -0.000000,   -0.000000,   -0.003697,   -0.000000
  184     0.000000,   -0.001713,   -0.002018,    0.000000,    0.000788
  185     0.000000,   -0.006905,   -0.001188,    0.000000,   -0.002092
  186    -0.002142,   -0.000000,    0.000000,   -0.001408,    0.000000
  187    -0.000000,    0.000000,   -0.000000,   -0.000000,    0.000001
  188    -0.000000,   -0.000000,   -0.000000,   -0.000000,   -0.000000
  189     0.000000,    0.000001,    0.000000,    0.000000,    0.000001
  190     0.000000,    0.000000,    0.000000,    0.000000,    0.000000
  191    -0.000000,    0.000001,    0.000000,    0.000000,    0.000000
  192     0.000000,   -0.000051,    0.000009,    0.000000,   -0.000050
  193     0.000020,    0.000000,    0.000000,    0.000016,    0.000000
  194    -0.000000,   -0.000063,   -0.000006,   -0.000000,   -0.000040
  195    -0.000013,   -0.000000,   -0.000000,   -0.000010,   -0.000000
  196     0.000000,   -0.000068,   -0.000024,   -0.000000,   -0.000034
  197    -0.000000,    0.000560,   -0.000092,   -0.000000,    0.000431
  198    -0.000177,   -0.000000,   -0.000000,   -0.000137,   -0.000000
  199     0.000000,    0.000545,    0.000023,    0.000000,    0.000317
  200     0.000114,    0.000000,    0.000000,    0.000088,    0.000000
  201    -0.000000,    0.000731,    0.000186,    0.000000,    0.000303
  202     0.000000,    0.001175,   -0.000102,    0.000000,    0.000541
  203    -0.000169,    0.000000,    0.000000,   -0.000127,    0.000000
  204    -0.000000,    0.000891,    0.000006,   -0.000000,    0.000357
  205     0.000117,   -0.000000,   -0.000000,    0.000084,   -0.000000
  206    -0.000000,    0.001174,    0.000187,   -0.000000,    0.000363
  207    -0.000000,    0.000187,    0.000108,   -0.000000,    0.000021
  208     0.000084,   -0.000000,   -0.000000,    0.000063,    0.000000
  209    -0.000000,    0.000363,    0.000021,    0.000000,    0.000173
  210     0.000070,   -0.000000,   -0.000000,    0.000053,    0.000000
  211    -0.000000,   -0.000152,    0.000021,   -0.000000,   -0.000093
  212     0.000038,   -0.000000,    0.000000,    0.000030,   -0.000000
  213    -0.000000,   -0.000487,    0.000001,   -0.000000,   -0.000253
               210,         211,         212,         213
    0     0.000000,    0.000150,    0.000000,    0.000232
    1     0.000000,    0.000308,    0.000000,    0.000566
    2    -0.000000,   -0.000541,   -0.000000,   -0.001314
    3     0.000000,   -0.000586,   -0.000000,   -0.001631
    4    -0.000000,    0.000326,    0.000000,    0.000553
    5    -0.000000,    0.000424,   -0.000000,   -0.000270
    6     0.000000,    0.000543,   -0.000000,    0.000613
    7    -0.000299,   -0.000000,   -0.000588,   -0.000000
    8    -0.000000,    0.000280,   -0.000000,   -0.000293
    9    -0.000000,    0.000369,   -0.000000,    0.000415
   10    -0.000148,    0.000000,   -0.000385,    0.000000
   11     0.000000,   -0.000191,   -0.000000,   -0.000648
   12     0.000000,    0.000018,    0.000000,   -0.000108
   13     0.000236,   -0.000000,    0.000070,   -0.000000
   14     0.000000,   -0.000044,   -0.000000,   -0.000061
   15     0.000054,    0.000000,    0.000032,   -0.000000
   16    -0.000000,   -0.000008,   -0.000000,   -0.000091
   17     0.000035,    0.000000,   -0.000004,    0.000000
   18    -0.000000,   -0.000076,   -0.000000,   -0.000255
   19     0.000000,   -0.000020,    0.000000,   -0.000024
   20     0.000115,    0.000000,    0.000060,    0.000000
   21     0.000000,   -0.000012,   -0.000000,   -0.000187
   22     0.000101,    0.000000,    0.000018,    0.000000
   23     0.000000,   -0.000182,   -0.000000,   -0.000573
   24    -0.000000,    0.000043,   -0.000000,    0.000105
   25    -0.000030,    0.000000,   -0.000017,    0.000000
   26     0.000000,    0.000006,    0.000000,    0.000031
   27     0.000024,    0.000000,    0.000012,    0.000000
   28     0.000000,   -0.000019,   -0.000000,   -0.000051
   29     0.000007,    0.000000,    0.000002,    0.000000
   30     0.000000,    0.000007,   -0.000000,    0.000033
   31    -0.000046,   -0.000069,   -0.000192,   -0.000528
   32    -0.000088,    0.000019,   -0.000238,   -0.000285
   33    -0.000131,   -0.000001,   -0.000169,   -0.000083
   34     0.000009,    0.000005,    0.000016,    0.000017
   35     0.000006,    0.000010,    0.000004,    0.000015
   36     0.000003,    0.000002,    0.000011,    0.000039
   37     0.000027,   -0.000014,    0.000021,   -0.000085
   38     0.000031,   -0.000012,    0.000024,   -0.000056
   39     0.000019,   -0.000036,    0.000008,   -0.000095
   40    -0.000004,    0.000002,   -0.000003,    0.000006
   41    -0.000003,    0.000002,   -0.000002,    0.000009
   42     0.000003,    0.000002,    0.000002,   -0.000005
   43    -0.000003,    0.000001,   -0.000003,    0.000008
   44    -0.000001,   -0.000003,   -0.000002,   -0.000008
   45     0.000046,   -0.000069,    0.000192,   -0.000528
   46     0.000088,    0.000019,    0.000238,   -0.000285
   47     0.000131,   -0.000001,    0.000169,   -0.000083
   48    -0.000009,    0.000005,   -0.000016,    0.000017
   49    -0.000006,    0.000010,   -0.000004,    0.000015
   50     0.000003,   -0.000002,    0.000011,   -0.000039
   51    -0.000027,   -0.000014,   -0.000021,   -0.000085
   52    -0.000031,   -0.000012,   -0.000024,   -0.000056
   53     0.000019,    0.000036,    0.000008,    0.000095
   54     0.000004,    0.000002,    0.000003,    0.000006
   55    -0.000003,   -0.000002,   -0.000002,   -0.000009
   56    -0.000003,    0.000002,   -0.000002,   -0.000005
   57    -0.000003,   -0.000001,   -0.000003,   -0.000008
   58     0.000001,   -0.000003,    0.000002,   -0.000008
   59    -0.000000,   -0.000332,    0.000000,   -0.000956
   60    -0.000000,   -0.000798,    0.000000,   -0.002238
   61     0.000000,    0.001723,   -0.000000,    0.004666
   62    -0.000000,    0.001707,   -0.000000,    0.004614
   63     0.000000,   -0.001276,   -0.000000,   -0.003314
   64    -0.000000,    0.001110,    0.000000,    0.004474
   65     0.000000,   -0.003143,   -0.000000,   -0.007215
   66    -0.002814,    0.000000,   -0.001404,    0.000000
   67     0.000000,    0.000892,    0.000000,    0.003366
   68     0.000000,   -0.002110,   -0.000000,   -0.004872
   69    -0.001863,   -0.000000,   -0.000901,   -0.000000
   70     0.000000,    0.000066,    0.000000,    0.000445
   71     0.000000,   -0.000532,   -0.000000,   -0.001123
   72    -0.000724,   -0.000000,   -0.000382,    0.000000
   73    -0.000000,   -0.000064,   -0.000000,   -0.000136
   74     0.000014,   -0.000000,    0.000007,   -0.000000
   75     0.000000,   -0.000010,   -0.000000,   -0.000081
   76     0.000081,    0.000000,    0.000025,    0.000000
   77     0.000000,   -0.000024,   -0.000000,   -0.000072
   78    -0.000000,    0.000016,   -0.000000,    0.000016
   79     0.000100,    0.000000,    0.000050,    0.000000
   80    -0.000000,   -0.000006,    0.000000,   -0.000036
   81    -0.000063,    0.000000,   -0.000087,    0.000000
   82    -0.000000,    0.000003,   -0.000000,    0.000093
   83    -0.000000,    0.000015,   -0.000000,    0.000029
   84     0.000003,   -0.000000,   -0.000000,   -0.000000
   85     0.000000,    0.000013,    0.000000,    0.000022
   86     0.000020,   -0.000000,    0.000017,   -0.000000
   87     0.000000,    0.000004,    0.000000,   -0.000002
   88     0.000005,   -0.000000,    0.000005,   -0.000000
   89     0.000000,    0.000009,    0.000000,    0.000009
   90    -0.000963,    0.000049,   -0.000454,   -0.000223
   91    -0.001170,    0.000068,   -0.000567,   -0.000262
   92    -0.000166,    0.000099,   -0.000021,    0.000143
   93    -0.000075,    0.000024,   -0.000038,    0.000059
   94     0.000001,   -0.000054,    0.000000,   -0.000122
   95     0.000057,   -0.000008,    0.000027,    0.000016
   96    -0.000104,    0.000100,   -0.000062,    0.000270
   97     0.000023,   -0.000161,    0.000019,   -0.000380
   98     0.000052,   -0.000013,    0.000036,    0.000020
   99     0.000003,   -0.000023,    0.000002,   -0.000055
  100     0.000002,    0.000028,    0.000001,    0.000064
  101     0.000008,   -0.000008,    0.000004,   -0.000030
  102     0.000013,   -0.000012,    0.000007,   -0.000031
  103    -0.000008,    0.000004,   -0.000005,    0.000016
  104     0.000963,    0.000049,    0.000454,   -0.000223
  105     0.001170,    0.000068,    0.000567,   -0.000262
  106     0.000166,    0.000099,    0.000021,    0.000143
  107     0.000075,    0.000024,    0.000038,    0.000059
  108    -0.000001,   -0.000054,   -0.000000,   -0.000122
  109     0.000057,    0.000008,    0.000027,   -0.000016
  110     0.000104,    0.000100,    0.000062,    0.000270
  111    -0.000023,   -0.000161,   -0.000019,   -0.000380
  112     0.000052,    0.000013,    0.000036,   -0.000020
  113    -0.000003,   -0.000023,   -0.000002,   -0.000055
  114     0.000002,   -0.000028,    0.000001,   -0.000064
  115    -0.000008,   -0.000008,   -0.000004,   -0.000030
  116     0.000013,    0.000012,    0.000007,    0.000031
  117     0.000008,    0.000004,    0.000005,    0.000016
  118    -0.000000,   -0.000000,   -0.000000,    0.000000
  119    -0.000000,    0.000000,   -0.000000,    0.000000
  120     0.000000,    0.000004,   -0.000000,    0.000001
  121     0.000000,    0.000031,    0.000000,   -0.000002
  122    -0.000000,   -0.000059,    0.000000,    0.000076
  123     0.000000,   -0.000084,   -0.000000,   -0.000098
  124     0.000000,    0.000002,    0.000000,    0.000008
  125    -0.000000,   -0.000002,    0.000000,   -0.000007
  126     0.000002,    0.000000,    0.000002,    0.000000
  127    -0.000000,   -0.000053,   -0.000000,   -0.000196
  128     0.000000,    0.000055,   -0.000000,    0.000163
  129    -0.000042,   -0.000000,   -0.000039,   -0.000000
  130     0.000000,    0.000270,    0.000000,    0.001010
  131     0.000000,   -0.000291,    0.000000,   -0.000855
  132     0.000225,    0.000000,    0.000208,    0.000000
  133     0.000000,    0.000497,    0.000000,    0.001853
  134    -0.000000,   -0.000553,    0.000000,   -0.001616
  135     0.000387,    0.000000,    0.000362,    0.000000
  136     0.000000,    0.000187,    0.000000,    0.000784
  137    -0.000000,   -0.000237,    0.000000,   -0.000666
  138     0.000170,    0.000000,    0.000180,    0.000000
  139     0.000000,   -0.000000,   -0.000000,    0.000000
  140     0.000000,    0.000000,    0.000000,    0.000000
  141    -0.000000,    0.000000,    0.000000,    0.000000
  142     0.000000,   -0.000000,    0.000000,   -0.000000
  143     0.000000,   -0.000000,    0.000000,   -0.000000
  144     0.000000,    0.000001,   -0.000000,    0.000001
  145    -0.000001,   -0.000000,   -0.000002,   -0.000000
  146     0.000000,   -0.000001,   -0.000000,   -0.000003
  147    -0.000001,    0.000000,   -0.000000,    0.000000
  148    -0.000000,    0.000000,   -0.000000,    0.000005
  149    -0.000000,   -0.000029,    0.000000,   -0.000060
  150     0.000003,    0.000000,    0.000011,    0.000000
  151    -0.000000,    0.000007,    0.000000,    0.000013
  152     0.000007,   -0.000000,   -0.000002,   -0.000000
  153    -0.000000,    0.000026,    0.000000,    0.000031
  154    -0.000000,   -0.000075,    0.000000,   -0.000194
  155     0.000005,    0.000000,    0.000005,   -0.000000
  156    -0.000000,   -0.000016,    0.000000,   -0.000040
  157     0.000003,   -0.000000,   -0.000004,   -0.000000
  158    -0.000000,    0.000025,    0.000000,    0.000056
  159     0.000000,   -0.000016,    0.000000,   -0.000024
  160    -0.000003,    0.000000,    0.000003,    0.000000
  161     0.000000,    0.000003,   -0.000000,    0.000010
  162     0.000002,    0.000000,    0.000004,    0.000000
  163    -0.000000,   -0.000009,    0.000000,   -0.000021
  164     0.000004,   -0.000000,    0.000003,   -0.000000
  165    -0.000000,   -0.000021,    0.000000,   -0.000058
  166     0.000000,   -0.000000,    0.000000,   -0.000000
  167    -0.000000,    0.000003,   -0.000000,    0.000008
  168    -0.000000,    0.000058,   -0.000000,    0.000144
  169    -0.000000,    0.000513,   -0.000000,    0.001260
  170     0.000000,   -0.001730,    0.000000,   -0.004310
  171     0.000000,   -0.000162,    0.000000,   -0.000285
  172     0.000000,   -0.000015,   -0.000000,   -0.000026
  173     0.000000,    0.000013,   -0.000000,    0.000041
  174    -0.000017,    0.000000,   -0.000011,   -0.000000
  175    -0.000000,    0.000338,    0.000000,    0.000596
  176    -0.000000,   -0.000297,    0.000000,   -0.000948
  177     0.000388,   -0.000000,    0.000258,    0.000000
  178     0.000000,   -0.001695,   -0.000000,   -0.002945
  179     0.000000,    0.001444,   -0.000000,    0.004658
  180    -0.002003,    0.000000,   -0.001336,   -0.000000
  181     0.000000,   -0.003252,   -0.000000,   -0.005783
  182    -0.000000,    0.002913,   -0.000000,    0.009269
  183    -0.003677,    0.000000,   -0.002450,   -0.000000
  184     0.000000,   -0.001134,   -0.000000,   -0.001872
  185     0.000000,    0.000834,   -0.000000,    0.002833
  186    -0.001438,    0.000000,   -0.000984,   -0.000000
  187    -0.000000,   -0.000000,   -0.000000,   -0.000001
  188    -0.000000,    0.000000,   -0.000000,    0.000000
  189     0.000000,   -0.000000,    0.000000,   -0.000001
  190     0.000000,   -0.000000,    0.000000,   -0.000000
  191     0.000000,   -0.000000,    0.000000,   -0.000001
  192     0.000000,    0.000031,    0.000000,    0.000076
  193     0.000013,   -0.000000,    0.000007,   -0.000000
  194    -0.000000,    0.000021,   -0.000000,    0.000057
  195    -0.000009,    0.000000,   -0.000005,    0.000000
  196    -0.000000,    0.000012,   -0.000000,    0.000044
  197    -0.000000,   -0.000276,   -0.000000,   -0.000677
  198    -0.000120,    0.000000,   -0.000068,    0.000000
  199     0.000000,   -0.000174,    0.000000,   -0.000464
  200     0.000074,   -0.000000,    0.000040,   -0.000000
  201     0.000000,   -0.000117,    0.000000,   -0.000398
  202     0.000000,   -0.000350,    0.000000,   -0.000866
  203    -0.000123,    0.000000,   -0.000077,   -0.000000
  204    -0.000000,   -0.000205,   -0.000000,   -0.000536
  205     0.000070,   -0.000000,    0.000038,   -0.000000
  206    -0.000000,   -0.000152,   -0.000000,   -0.000487
  207    -0.000000,    0.000021,    0.000000,    0.000001
  208     0.000053,   -0.000000,    0.000030,   -0.000000
  209     0.000000,   -0.000093,   -0.000000,   -0.000253
  210     0.000049,   -0.000000,    0.000029,   -0.000000
  211    -0.000000,    0.000061,    0.000000,    0.000148
  212     0.000029,    0.000000,    0.000018,    0.000000
  213    -0.000000,    0.000148,    0.000000,    0.000388
Detailed time report:
CInt      |:    1.063 s for Two, Three, and Four-center integrals
DFT Grids |:    3.483 s for Initialization of the tabulated Grids and AOs
Overall   |:    5.885 s for SCF Preparation
ISDF      |:    0.000 s for ISDF initialization
InitGuess |:    1.340 s for Prepare initial guess
total electron number:      29.99994377
The evaluation of Vj, Vk and Vxc matrices cost       0.01,       0.09 and       0.36 seconds, respectively
Exc:     -14.69123590, Vxc:      -9.43331191
The total energy:      -106.8166092459 Ha by the initial guess
total electron number:      29.99994004
The evaluation of Vj, Vk and Vxc matrices cost       0.01,       0.09 and       0.37 seconds, respectively
Exc:     -14.09742141, Vxc:      -9.04504603
Hamiltonian: generation by       0.48s and DIIS extrapolation by       0.01s
Energy:    -106.5083864478 Ha after    1 iterations (in       0.51 seconds).
Detailed timing info in this SCF step:
prepare_next_input:            0.48s
diagonalize_hamiltonian:       0.03s
generate_density_matrix:       0.00s
check_scf_convergence:         0.00s
scf_records.update:            0.00s
total electron number:      29.99995206
The evaluation of Vj, Vk and Vxc matrices cost       0.01,       0.09 and       0.36 seconds, respectively
Exc:     -15.01010174, Vxc:      -9.64321901
Hamiltonian: generation by       0.47s and DIIS extrapolation by       0.01s
SCF Change: DM 8.40979e-3; eev  2.76232e0 Ha; etot  1.39967e0 Ha
Energy:    -105.1087116979 Ha after    2 iterations (in       0.50 seconds).
Detailed timing info in this SCF step:
prepare_next_input:            0.47s
diagonalize_hamiltonian:       0.03s
generate_density_matrix:       0.00s
check_scf_convergence:         0.00s
scf_records.update:            0.00s
total electron number:      29.99993704
The evaluation of Vj, Vk and Vxc matrices cost       0.01,       0.08 and       0.37 seconds, respectively
Exc:     -14.41571360, Vxc:      -9.25340683
Hamiltonian: generation by       0.46s and DIIS extrapolation by       0.01s
SCF Change: DM 9.44163e-4; eev 3.68451e-1 Ha; etot -1.89514e0 Ha
Energy:    -107.0038532685 Ha after    3 iterations (in       0.50 seconds).
Detailed timing info in this SCF step:
prepare_next_input:            0.47s
diagonalize_hamiltonian:       0.03s
generate_density_matrix:       0.00s
check_scf_convergence:         0.00s
scf_records.update:            0.00s
total electron number:      29.99993738
The evaluation of Vj, Vk and Vxc matrices cost       0.01,       0.09 and       0.40 seconds, respectively
Exc:     -14.37895087, Vxc:      -9.22980082
Hamiltonian: generation by       0.51s and DIIS extrapolation by       0.01s
SCF Change: DM 3.87609e-4; eev 1.74139e-1 Ha; etot -5.45458e-3 Ha
Energy:    -107.0093078492 Ha after    4 iterations (in       0.54 seconds).
Detailed timing info in this SCF step:
prepare_next_input:            0.51s
diagonalize_hamiltonian:       0.03s
generate_density_matrix:       0.00s
check_scf_convergence:         0.00s
scf_records.update:            0.00s
total electron number:      29.99993721
The evaluation of Vj, Vk and Vxc matrices cost       0.01,       0.08 and       0.41 seconds, respectively
Exc:     -14.40337012, Vxc:      -9.24557886
Hamiltonian: generation by       0.51s and DIIS extrapolation by       0.01s
SCF Change: DM 2.80706e-5; eev 1.35947e-2 Ha; etot -1.18638e-3 Ha
Energy:    -107.0104942268 Ha after    5 iterations (in       0.55 seconds).
Detailed timing info in this SCF step:
prepare_next_input:            0.52s
diagonalize_hamiltonian:       0.03s
generate_density_matrix:       0.00s
check_scf_convergence:         0.00s
scf_records.update:            0.00s
total electron number:      29.99993721
The evaluation of Vj, Vk and Vxc matrices cost       0.01,       0.09 and       0.35 seconds, respectively
Exc:     -14.40198565, Vxc:      -9.24468354
Hamiltonian: generation by       0.46s and DIIS extrapolation by       0.01s
SCF Change: DM 2.90478e-6; eev 1.23878e-3 Ha; etot -9.20426e-6 Ha
Energy:    -107.0105034310 Ha after    6 iterations (in       0.49 seconds).
Detailed timing info in this SCF step:
prepare_next_input:            0.47s
diagonalize_hamiltonian:       0.03s
generate_density_matrix:       0.00s
check_scf_convergence:         0.00s
scf_records.update:            0.00s
total electron number:      29.99993720
The evaluation of Vj, Vk and Vxc matrices cost       0.01,       0.09 and       0.41 seconds, respectively
Exc:     -14.40187280, Vxc:      -9.24461084
Hamiltonian: generation by       0.51s and DIIS extrapolation by       0.01s
SCF Change: DM 8.62867e-7; eev 4.24823e-4 Ha; etot -1.10737e-7 Ha
Energy:    -107.0105035418 Ha after    7 iterations (in       0.55 seconds).
Detailed timing info in this SCF step:
prepare_next_input:            0.52s
diagonalize_hamiltonian:       0.03s
generate_density_matrix:       0.00s
check_scf_convergence:         0.00s
scf_records.update:            0.00s
total electron number:      29.99993720
The evaluation of Vj, Vk and Vxc matrices cost       0.01,       0.08 and       0.39 seconds, respectively
Exc:     -14.40183185, Vxc:      -9.24458409
Hamiltonian: generation by       0.48s and DIIS extrapolation by       0.01s
SCF Change: DM 1.97013e-7; eev 8.08486e-5 Ha; etot -7.68955e-9 Ha
Energy:    -107.0105035495 Ha after    8 iterations (in       0.52 seconds).
Detailed timing info in this SCF step:
prepare_next_input:            0.49s
diagonalize_hamiltonian:       0.03s
generate_density_matrix:       0.00s
check_scf_convergence:         0.00s
scf_records.update:            0.00s
total electron number:      29.99993720
The evaluation of Vj, Vk and Vxc matrices cost       0.01,       0.09 and       0.39 seconds, respectively
Exc:     -14.40183384, Vxc:      -9.24458535
Hamiltonian: generation by       0.50s and DIIS extrapolation by       0.01s
SCF Change: DM 3.15322e-8; eev 1.05280e-5 Ha; etot -4.47855e-10 Ha
Energy:    -107.0105035499 Ha after    9 iterations (in       0.54 seconds).
Detailed timing info in this SCF step:
prepare_next_input:            0.51s
diagonalize_hamiltonian:       0.03s
generate_density_matrix:       0.00s
check_scf_convergence:         0.00s
scf_records.update:            0.00s
total electron number:      29.99993720
The evaluation of Vj, Vk and Vxc matrices cost       0.01,       0.08 and       0.39 seconds, respectively
Exc:     -14.40183323, Vxc:      -9.24458495
Hamiltonian: generation by       0.49s and DIIS extrapolation by       0.01s
SCF Change: DM 5.60250e-9; eev 1.41643e-6 Ha; etot -7.31859e-12 Ha
Energy:    -107.0105035499 Ha after   10 iterations (in       0.53 seconds).
Detailed timing info in this SCF step:
prepare_next_input:            0.50s
diagonalize_hamiltonian:       0.03s
generate_density_matrix:       0.00s
check_scf_convergence:         0.00s
scf_records.update:            0.00s
total electron number:      29.99993720
The evaluation of Vj, Vk and Vxc matrices cost       0.01,       0.08 and       0.35 seconds, respectively
Exc:     -14.40183331, Vxc:      -9.24458500
Hamiltonian: generation by       0.45s and DIIS extrapolation by       0.01s
SCF Change: DM 1.04859e-9; eev 4.10664e-7 Ha; etot -5.34328e-12 Ha
Energy:    -107.0105035499 Ha after   11 iterations (in       0.48 seconds).
Detailed timing info in this SCF step:
prepare_next_input:            0.46s
diagonalize_hamiltonian:       0.03s
generate_density_matrix:       0.00s
check_scf_convergence:         0.00s
scf_records.update:            0.00s
SCF is converged after   11 iterations.
   State    Occupation        Eigenvalue
       0       2.00000        -10.249378
       1       2.00000        -10.249130
       2       2.00000         -0.916825
       3       2.00000         -0.902853
       4       2.00000         -0.774738
       5       2.00000         -0.642241
       6       2.00000         -0.506385
       7       2.00000         -0.444791
       8       2.00000         -0.440933
       9       2.00000         -0.412052
      10       2.00000         -0.365300
      11       2.00000         -0.301140
      12       2.00000         -0.297770
      13       2.00000         -0.294802
      14       2.00000         -0.293340
      15       0.00000         -0.057171
      16       0.00000         -0.004157
      17       0.00000          0.042271
==========================================
Now evaluate the    PT2 correlation energy
==========================================
generate RI3MO only for occ_range:0..15, vir_range:15..214
Finish the RI3MO generation
Exc_scf: (-14.401833276155147,0.2),Exc_pos: (-4.207836479519365,0.7731)
----------------------------------------------------------------------
Methods         :       Total Corr,          OS Corr,          SS Corr
----------------------------------------------------------------------
PT2             :      -1.02714604,      -0.78340667,      -0.24373937
----------------------------------------------------------------------
Fifth-rung correlation energy :      -0.341878672238 Ha
E[XYGJOS]=:    -106.71307764 Ha, Ex[HF]:     -16.67194594 Ha, Ec[PT2  ]:      -1.02714604 Ha
Detailed time report:
xc_energy |:    0.462 s for for x_hf, xc_scf, xc_xdh
c_r5dft   |:    0.121 s for for advanced correlations
ao2mo     |:    0.252 s for for the generation of RI3MO
Mulliken population:
 0-C-S-0              0.85426
 0-C-S-0              1.11632
 0-C-S-0              0.53948
 0-C-S-0              0.63374
 0-C-S-0              0.08093
 0-C-P-0              0.43531
 0-C-P-1              0.34882
 0-C-P-2              0.49651
 0-C-P-0              0.40609
 0-C-P-1              0.33210
 0-C-P-2              0.46298
 0-C-P-0              0.07952
 0-C-P-1              0.07741
 0-C-P-2              0.13200
 0-C-D-0              0.00454
 0-C-D-1              0.00106
 0-C-D-2              0.00364
 0-C-D-3              0.00620
 0-C-D-4              0.00254
 0-C-D-0              0.01404
 0-C-D-1              0.01101
 0-C-D-2              0.00999
 0-C-D-3              0.03160
 0-C-D-4              0.02081
 0-C-F-0              0.00113
 0-C-F-1              0.00084
 0-C-F-2              0.00033
 0-C-F-3              0.00058
 0-C-F-4              0.00095
 0-C-F-5              0.00020
 0-C-F-6              0.00082
 1-H-S-0              0.28036
 1-H-S-0              0.44358
 1-H-S-0              0.10048
 1-H-P-0              0.00300
 1-H-P-1              0.00099
 1-H-P-2              0.00468
 1-H-P-0              0.01015
 1-H-P-1              0.01086
 1-H-P-2              0.00771
 1-H-D-0              0.00043
 1-H-D-1              0.00050
 1-H-D-2              0.00061
 1-H-D-3              0.00011
 1-H-D-4              0.00014
 2-H-S-0              0.28036
 2-H-S-0              0.44358
 2-H-S-0              0.10048
 2-H-P-0              0.00300
 2-H-P-1              0.00099
 2-H-P-2              0.00468
 2-H-P-0              0.01015
 2-H-P-1              0.01086
 2-H-P-2              0.00771
 2-H-D-0              0.00043
 2-H-D-1              0.00050
 2-H-D-2              0.00061
 2-H-D-3              0.00011
 2-H-D-4              0.00014
 3-C-S-0              0.85426
 3-C-S-0              1.11632
 3-C-S-0              0.53948
 3-C-S-0              0.63374
 3-C-S-0              0.08093
 3-C-P-0              0.43531
 3-C-P-1              0.34882
 3-C-P-2              0.49651
 3-C-P-0              0.40609
 3-C-P-1              0.33210
 3-C-P-2              0.46298
 3-C-P-0              0.07952
 3-C-P-1              0.07741
 3-C-P-2              0.13200
 3-C-D-0              0.00454
 3-C-D-1              0.00106
 3-C-D-2              0.00364
 3-C-D-3              0.00620
 3-C-D-4              0.00254
 3-C-D-0              0.01404
 3-C-D-1              0.01101
 3-C-D-2              0.00999
 3-C-D-3              0.03160
 3-C-D-4              0.02081
 3-C-F-0              0.00113
 3-C-F-1              0.00084
 3-C-F-2              0.00033
 3-C-F-3              0.00058
 3-C-F-4              0.00095
 3-C-F-5              0.00020
 3-C-F-6              0.00082
 4-H-S-0              0.28036
 4-H-S-0              0.44358
 4-H-S-0              0.10048
 4-H-P-0              0.00300
 4-H-P-1              0.00099
 4-H-P-2              0.00468
 4-H-P-0              0.01015
 4-H-P-1              0.01086
 4-H-P-2              0.00771
 4-H-D-0              0.00043
 4-H-D-1              0.00050
 4-H-D-2              0.00061
 4-H-D-3              0.00011
 4-H-D-4              0.00014
 5-H-S-0              0.28036
 5-H-S-0              0.44358
 5-H-S-0              0.10048
 5-H-P-0              0.00300
 5-H-P-1              0.00099
 5-H-P-2              0.00468
 5-H-P-0              0.01015
 5-H-P-1              0.01086
 5-H-P-2              0.00771
 5-H-D-0              0.00043
 5-H-D-1              0.00050
 5-H-D-2              0.00061
 5-H-D-3              0.00011
 5-H-D-4              0.00014
 6-Br-S-0              0.00000
 6-Br-S-0              0.00002
 6-Br-S-0             -0.01382
 6-Br-S-0             -0.29212
 6-Br-S-0              1.72386
 6-Br-S-0              0.45471
 6-Br-P-0              0.00003
 6-Br-P-1              0.00003
 6-Br-P-2              0.00004
 6-Br-P-0             -0.02435
 6-Br-P-1             -0.01916
 6-Br-P-2             -0.02693
 6-Br-P-0              0.44259
 6-Br-P-1              0.34520
 6-Br-P-2              0.49012
 6-Br-P-0              1.01291
 6-Br-P-1              0.87663
 6-Br-P-2              1.08549
 6-Br-P-0              0.37088
 6-Br-P-1              0.26095
 6-Br-P-2              0.42870
 6-Br-D-0              0.00000
 6-Br-D-1              0.00000
 6-Br-D-2              0.00000
 6-Br-D-3              0.00000
 6-Br-D-4              0.00000
 6-Br-D-0             -0.00038
 6-Br-D-1             -0.00009
 6-Br-D-2             -0.00018
 6-Br-D-3             -0.00003
 6-Br-D-4             -0.00021
 6-Br-D-0              0.00611
 6-Br-D-1              0.00172
 6-Br-D-2              0.00265
 6-Br-D-3              0.00077
 6-Br-D-4              0.00365
 6-Br-D-0              0.01198
 6-Br-D-1              0.00352
 6-Br-D-2              0.00476
 6-Br-D-3              0.00228
 6-Br-D-4              0.00827
 6-Br-F-0              0.00104
 6-Br-F-1              0.00063
 6-Br-F-2              0.00122
 6-Br-F-3              0.00043
 6-Br-F-4              0.00041
 6-Br-F-5              0.00013
 6-Br-F-6              0.00258
 7-Br-S-0              0.00000
 7-Br-S-0              0.00002
 7-Br-S-0             -0.01382
 7-Br-S-0             -0.29212
 7-Br-S-0              1.72386
 7-Br-S-0              0.45471
 7-Br-P-0              0.00003
 7-Br-P-1              0.00003
 7-Br-P-2              0.00004
 7-Br-P-0             -0.02435
 7-Br-P-1             -0.01916
 7-Br-P-2             -0.02693
 7-Br-P-0              0.44259
 7-Br-P-1              0.34520
 7-Br-P-2              0.49012
 7-Br-P-0              1.01291
 7-Br-P-1              0.87663
 7-Br-P-2              1.08549
 7-Br-P-0              0.37088
 7-Br-P-1              0.26095
 7-Br-P-2              0.42870
 7-Br-D-0              0.00000
 7-Br-D-1              0.00000
 7-Br-D-2              0.00000
 7-Br-D-3              0.00000
 7-Br-D-4              0.00000
 7-Br-D-0             -0.00038
 7-Br-D-1             -0.00009
 7-Br-D-2             -0.00018
 7-Br-D-3             -0.00003
 7-Br-D-4             -0.00021
 7-Br-D-0              0.00611
 7-Br-D-1              0.00172
 7-Br-D-2              0.00265
 7-Br-D-3              0.00077
 7-Br-D-4              0.00365
 7-Br-D-0              0.01198
 7-Br-D-1              0.00352
 7-Br-D-2              0.00476
 7-Br-D-3              0.00228
 7-Br-D-4              0.00827
 7-Br-F-0              0.00104
 7-Br-F-1              0.00063
 7-Br-F-2              0.00122
 7-Br-F-3              0.00043
 7-Br-F-4              0.00041
 7-Br-F-5              0.00013
 7-Br-F-6              0.00258
Mulliken population analysis:
  0-C  :  -0.105755
  1-H  :   0.136409
  2-H  :   0.136409
  3-C  :  -0.105755
  4-H  :   0.136409
  5-H  :   0.136409
  6-Br :  -0.167063
  7-Br :  -0.167063

====================================================
              REST: Mission accomplished
====================================================
The SCF energy        :    -107.0105035499 Ha
The (R)-xDH energy    :    -106.7130776450 Ha
Detailed time report:
SCF       |:   12.097 s for the scf procedure
PT2       |:    0.835 s for the PT2 evaluation
Overall   |:   13.401 s for the whole job
