=========================================================
Input parameters for the REST calculation
=========================================================
Calculation type: Single-point energy
The exchange-correlation method: xygjos
Print level:                3
The number of threads used for parallelism:      4
The spheric-GTO basis set is taken from /home/symei/def2-TZVPP-ECP28MWB
The pruning method is nwchem
The radial grid generation method is treutler
ERI Type: ri_v
Turn on the basis pair symmetry for RI 3D-tensors
The spheric-GTO auxiliary basis set is taken from /home/symei/def2-SV(P)-JKFIT
Spin polarization: Off
Charge:   0; Spin:   1
min_num_angular_points: 110
max_num_angular_points: 590
hardness: 3
Grid generation level: 3
Even tempered basis generation: false
SCF convergency thresholds: 1e-8 for density matrix
                            1e-6 Ha. for sum of eigenvalues
                            1e-8 Ha. for total energy
Max. SCF cycle number:      100
The diis mixing with (param, max_vec_len) = (0.2, 8) is employed for the SCF procedure
Turn on the diis mixing after 1 step(s) of SCF iteractions with the linear mixing
The specified checkfile exists but is not loaded because the keyword 'external_init_guess' is specified
It will be updated after the SCF procedure 
(none)
Initial guess is prepared by (sad).
It is a finite cluster calculation
the scf functional for 'xygjos' contains
The density functional 'B3LYP' belongs to the 'Hybrid GGA' family and is defined in the reference(s):
(0): P. J. Stephens, F. J. Devlin, C. F. Chabalowski, and M. J. Frisch.,  J. Phys. Chem. 98, 11623 (1994)
the post-scf functional 'xygjos' is employed, which contains
The density functional 'Slater exchange' belongs to the 'LDA' family and is defined in the reference(s):
(0): P. A. M. Dirac.,  Math. Proc. Cambridge Philos. Soc. 26, 376 (1930)
(1): F. Bloch.,  Z. Phys. 57, 545 (1929)
The density functional 'Becke 88' belongs to the 'GGA' family and is defined in the reference(s):
(0): A. D. Becke.,  Phys. Rev. A 38, 3098 (1988)
The density functional 'Vosko, Wilk & Nusair (VWN5_RPA)' belongs to the 'LDA' family and is defined in the reference(s):
(0): S. H. Vosko, L. Wilk, and M. Nusair.,  Can. J. Phys. 58, 1200 (1980)
The density functional 'Lee, Yang & Parr' belongs to the 'GGA' family and is defined in the reference(s):
(0): C. Lee, W. Yang, and R. G. Parr.,  Phys. Rev. B 37, 785 (1988)
(1): B. Miehlich, A. Savin, H. Stoll, and H. Preuss.,  Chem. Phys. Lett. 157, 200 (1989)
<start_mo> for the frozen-core post-SCF methods 5 is smaller than the number of ecp orbitals 14. Set <start_mo> = 0
Libxc version used in REST: 7.0.0
nbas: 91, natm: 11 for standard basis sets
First valence state for the frozen-core algorithm:     0
final nbas: 268,final natm: 22
numbasis: 239, num_auxbas: 617
Molecule_name: cccbr1
job_type = "SinglePoint"
print_level = 3
basis_path = "/home/symei/def2-TZVPP-ECP28MWB"
basis_type = "spheric"
auxbas_path = "/home/symei/def2-SV(P)-JKFIT"
auxbas_type = "spheric"
use_auxbas = true
even_tempered_basis = false
etb_start_atom_number = 1
etb_beta = 1.0
ri_k_only = false
auxbasis_response = false
use_isdf = false
isdf_k_only = false
isdf_k_mu = 8
isdf_new = false
eri_type = "ri_v"
use_ri_symm = true
xc = "xygjos"
post_xc = []
post_correlation = []
post_ai_correction = "none"
charge = 0.0
spin = 1.0
spin_channel = 1
spin_polarization = false
frozen_core_postscf = 2
frequency_points = 20
lambda_points = 20
freq_grid_type = 0
freq_cut_off = 10.0
radial_precision = 0.000000000001
min_num_angular_points = 110
max_num_angular_points = 590
grid_gen_level = 3
hardness = 3
pruning = "nwchem"
rad_grid_method = "treutler"
external_grids = "grids"
mixer = "diis"
mix_param = 0.2
num_max_diis = 8
start_diis_cycle = 1
start_check_oscillation = 20
max_scf_cycle = 100
scf_acc_rho = 0.00000001
scf_acc_eev = 0.000001
scf_acc_etot = 0.00000001
restart = false
chkfile = "none"
chkfile_type = "hdf5"
guessfile = "none"
guessfile_type = "none"
external_init_guess = false
initial_guess = "sad"
noiter = false
check_stab = false
use_dm_only = false
use_ri_vj = true
fciqmc_dump = false
outputs = []
cube_orb_setting = [3.0, 80.0]
cube_orb_indices = []
atom_sad = false
occupation_type = "INTEGER"
frac_tolerant = 0.001
deep_pot = false
bench_eps = false
num_threads = 4
batch_size = 64
nforce_displacement = 0.0013
force_state_occupation = []
auxiliary_reference_states = []
pt2_mpi_mode = 0

Restricted Hartree-Fock (or Kohn-Sham) algorithm is invoked.
Nuc_energy:     107.88470623 Hartree
no empirical dispersion correction is employed
No ghost effective potential
No ghost point charges
Detailed time report:
prim ri   |:    0.288 s for for the pure three-center integrals
inv_sqrt  |:    0.096 s for for the sqrt inverse of aux_ij
ri_v      |:    0.287 s for for RI dot aux_v^{-1/2}
aux_ij    |:    0.007 s for for the coulomb matrix of auxiliary basis
all ri    |:    0.679 s for for the total evaluations of ri3fn
Overlap matrix is nonsigular:
  Lowest eigenvalue:       0.00026850 with the total number of basis functions:    239
Grid size: 132778
Generate SAD of C
the functional of 'hf' contains
For SCF calculation, no core orbital is frozen by effective core potential (ECP) approximation
Libxc version used in REST: 7.0.0
nbas: 11, natm: 1 for standard basis sets
First valence state for the frozen-core algorithm:     0
final nbas: 36,final natm: 2
numbasis: 31, num_auxbas: 75
Restricted Hartree-Fock (or Kohn-Sham) algorithm is invoked.
Nuc_energy:       0.00000000 Hartree
no empirical dispersion correction is employed
No ghost effective potential
No ghost point charges
Detailed time report:
aux_ij    |:    0.001 s for for the coulomb matrix of auxiliary basis
ri_v      |:    0.000 s for for RI dot aux_v^{-1/2}
prim ri   |:    0.003 s for for the pure three-center integrals
all ri    |:    0.006 s for for the total evaluations of ri3fn
inv_sqrt  |:    0.001 s for for the sqrt inverse of aux_ij
Overlap matrix is nonsigular:
  Lowest eigenvalue:       0.02859941 with the total number of basis functions:     31
Grid size: 13902
Initial guess from SAP
The evaluation of vmat costs             0.01 seconds
Detailed time report:
InitGuess |:    0.011 s for Prepare initial guess
Overall   |:    0.045 s for SCF Preparation
DFT Grids |:    0.027 s for Initialization of the tabulated Grids and AOs
ISDF      |:    0.000 s for ISDF initialization
CInt      |:    0.007 s for Two, Three, and Four-center integrals
Exc:       0.00000000, Vxc:       0.00000000
The total energy:       -37.3118631552 Ha by the initial guess
Exc:       0.00000000, Vxc:       0.00000000
Energy:     -37.3534544776 Ha after    1 iterations (in       0.00 seconds).
Detailed timing info in this SCF step:
prepare_next_input:            0.00s
diagonalize_hamiltonian:       0.00s
generate_density_matrix:       0.00s
check_scf_convergence:         0.00s
scf_records.update:            0.00s
Exc:       0.00000000, Vxc:       0.00000000
SCF Change: DM 2.19957e-3; eev 1.98117e-1 Ha; etot 1.39255e-2 Ha
Energy:     -37.3395289986 Ha after    2 iterations (in       0.00 seconds).
Detailed timing info in this SCF step:
prepare_next_input:            0.00s
diagonalize_hamiltonian:       0.00s
generate_density_matrix:       0.00s
check_scf_convergence:         0.00s
scf_records.update:            0.00s
Exc:       0.00000000, Vxc:       0.00000000
SCF Change: DM 2.75898e-4; eev 8.27411e-2 Ha; etot 4.91166e-3 Ha
Energy:     -37.3346173426 Ha after    3 iterations (in       0.00 seconds).
Detailed timing info in this SCF step:
prepare_next_input:            0.00s
diagonalize_hamiltonian:       0.00s
generate_density_matrix:       0.00s
check_scf_convergence:         0.00s
scf_records.update:            0.00s
Exc:       0.00000000, Vxc:       0.00000000
SCF Change: DM 7.48385e-4; eev 5.26451e-2 Ha; etot -5.83989e-3 Ha
Energy:     -37.3404572308 Ha after    4 iterations (in       0.00 seconds).
Detailed timing info in this SCF step:
prepare_next_input:            0.00s
diagonalize_hamiltonian:       0.00s
generate_density_matrix:       0.00s
check_scf_convergence:         0.00s
scf_records.update:            0.00s
Exc:       0.00000000, Vxc:       0.00000000
SCF Change: DM 1.50994e-4; eev 3.25359e-2 Ha; etot -1.32711e-3 Ha
Energy:     -37.3417843366 Ha after    5 iterations (in       0.00 seconds).
Detailed timing info in this SCF step:
prepare_next_input:            0.00s
diagonalize_hamiltonian:       0.00s
generate_density_matrix:       0.00s
check_scf_convergence:         0.00s
scf_records.update:            0.00s
Exc:       0.00000000, Vxc:       0.00000000
SCF Change: DM 2.39738e-4; eev 1.55190e-2 Ha; etot 1.96241e-3 Ha
Energy:     -37.3398219292 Ha after    6 iterations (in       0.00 seconds).
Detailed timing info in this SCF step:
prepare_next_input:            0.00s
diagonalize_hamiltonian:       0.00s
generate_density_matrix:       0.00s
check_scf_convergence:         0.00s
scf_records.update:            0.00s
Exc:       0.00000000, Vxc:       0.00000000
SCF Change: DM 6.22195e-5; eev 1.20159e-2 Ha; etot 2.64520e-4 Ha
Energy:     -37.3395574095 Ha after    7 iterations (in       0.00 seconds).
Detailed timing info in this SCF step:
prepare_next_input:            0.00s
diagonalize_hamiltonian:       0.00s
generate_density_matrix:       0.00s
check_scf_convergence:         0.00s
scf_records.update:            0.00s
Exc:       0.00000000, Vxc:       0.00000000
SCF Change: DM 5.69283e-5; eev 2.75140e-3 Ha; etot -5.52643e-4 Ha
Energy:     -37.3401100521 Ha after    8 iterations (in       0.01 seconds).
Detailed timing info in this SCF step:
prepare_next_input:            0.01s
diagonalize_hamiltonian:       0.00s
generate_density_matrix:       0.00s
check_scf_convergence:         0.00s
scf_records.update:            0.00s
Exc:       0.00000000, Vxc:       0.00000000
SCF Change: DM 1.64934e-5; eev 2.56091e-3 Ha; etot -6.07626e-7 Ha
Energy:     -37.3401106598 Ha after    9 iterations (in       0.00 seconds).
Detailed timing info in this SCF step:
prepare_next_input:            0.00s
diagonalize_hamiltonian:       0.00s
generate_density_matrix:       0.00s
check_scf_convergence:         0.00s
scf_records.update:            0.00s
Exc:       0.00000000, Vxc:       0.00000000
SCF Change: DM 1.87824e-6; eev 2.26777e-5 Ha; etot -1.25578e-7 Ha
Energy:     -37.3401107853 Ha after   10 iterations (in       0.00 seconds).
Detailed timing info in this SCF step:
prepare_next_input:            0.00s
diagonalize_hamiltonian:       0.00s
generate_density_matrix:       0.00s
check_scf_convergence:         0.00s
scf_records.update:            0.00s
Exc:       0.00000000, Vxc:       0.00000000
SCF Change: DM 3.76649e-7; eev 1.74992e-5 Ha; etot -4.21466e-10 Ha
Energy:     -37.3401107858 Ha after   11 iterations (in       0.00 seconds).
Detailed timing info in this SCF step:
prepare_next_input:            0.00s
diagonalize_hamiltonian:       0.00s
generate_density_matrix:       0.00s
check_scf_convergence:         0.00s
scf_records.update:            0.00s
Exc:       0.00000000, Vxc:       0.00000000
SCF Change: DM 1.30812e-8; eev 2.79744e-7 Ha; etot -1.87796e-11 Ha
Energy:     -37.3401107858 Ha after   12 iterations (in       0.00 seconds).
Detailed timing info in this SCF step:
prepare_next_input:            0.00s
diagonalize_hamiltonian:       0.00s
generate_density_matrix:       0.00s
check_scf_convergence:         0.00s
scf_records.update:            0.00s
Exc:       0.00000000, Vxc:       0.00000000
SCF Change: DM 2.33060e-9; eev 2.95397e-8 Ha; etot -4.97380e-14 Ha
Energy:     -37.3401107858 Ha after   13 iterations (in       0.00 seconds).
Detailed timing info in this SCF step:
prepare_next_input:            0.00s
diagonalize_hamiltonian:       0.00s
generate_density_matrix:       0.00s
check_scf_convergence:         0.00s
scf_records.update:            0.00s
Exc:       0.00000000, Vxc:       0.00000000
SCF Change: DM 5.18727e-12; eev 3.12547e-10 Ha; etot -7.10543e-15 Ha
Energy:     -37.3401107858 Ha after   14 iterations (in       0.00 seconds).
Detailed timing info in this SCF step:
prepare_next_input:            0.00s
diagonalize_hamiltonian:       0.00s
generate_density_matrix:       0.00s
check_scf_convergence:         0.00s
scf_records.update:            0.00s
SCF is converged after   14 iterations.
   State    Occupation        Eigenvalue
       0       2.00000        -11.472430
       1       2.00000         -0.775722
       2       0.66667         -0.123052
       3       0.66667         -0.123052
       4       0.66667         -0.123052
       5       0.00000          0.234768
       6       0.00000          0.349642
       7       0.00000          0.349642
the job spends             0.08 seconds
Generate SAD of H
the functional of 'hf' contains
For SCF calculation, no core orbital is frozen by effective core potential (ECP) approximation
Libxc version used in REST: 7.0.0
nbas: 6, natm: 1 for standard basis sets
First valence state for the frozen-core algorithm:     0
final nbas: 12,final natm: 2
numbasis: 14, num_auxbas: 18
Unrestricted Hartree-Fock (or Kohn-Sham) algorithm is invoked.
Nuc_energy:       0.00000000 Hartree
no empirical dispersion correction is employed
No ghost effective potential
No ghost point charges
Detailed time report:
inv_sqrt  |:    0.000 s for for the sqrt inverse of aux_ij
all ri    |:    0.000 s for for the total evaluations of ri3fn
prim ri   |:    0.000 s for for the pure three-center integrals
ri_v      |:    0.000 s for for RI dot aux_v^{-1/2}
aux_ij    |:    0.000 s for for the coulomb matrix of auxiliary basis
Overlap matrix is nonsigular:
  Lowest eigenvalue:       0.10940728 with the total number of basis functions:     14
Grid size: 10024
Initial guess from SAP
The evaluation of vmat costs             0.00 seconds
Detailed time report:
CInt      |:    0.001 s for Two, Three, and Four-center integrals
DFT Grids |:    0.007 s for Initialization of the tabulated Grids and AOs
Overall   |:    0.012 s for SCF Preparation
ISDF      |:    0.000 s for ISDF initialization
InitGuess |:    0.004 s for Prepare initial guess
Exc:       0.00000000, Vxc:       0.00000000
The total energy:        -0.4746750264 Ha by the initial guess
Exc:       0.00000000, Vxc:       0.00000000
Energy:      -0.4947605578 Ha with <S^2> =  0.750 and <2S+1> =  2.000 after    1 iterations (in       0.00 seconds).
Detailed timing info in this SCF step:
prepare_next_input:            0.00s
diagonalize_hamiltonian:       0.00s
generate_density_matrix:       0.00s
check_scf_convergence:         0.00s
scf_records.update:            0.00s
Exc:       0.00000000, Vxc:       0.00000000
SCF Change: DM (2.42831e-3, 0.00000e0); eev 1.75389e-1 Ha; etot -7.45427e-3 Ha
Energy:      -0.5022148265 Ha with <S^2> =  0.750 and <2S+1> =  2.000 after    2 iterations (in       0.00 seconds).
Detailed timing info in this SCF step:
prepare_next_input:            0.00s
diagonalize_hamiltonian:       0.00s
generate_density_matrix:       0.00s
check_scf_convergence:         0.00s
scf_records.update:            0.00s
Exc:       0.00000000, Vxc:       0.00000000
SCF Change: DM (4.89184e-4, 0.00000e0); eev 6.79785e-2 Ha; etot 1.31784e-3 Ha
Energy:      -0.5008969838 Ha with <S^2> =  0.750 and <2S+1> =  2.000 after    3 iterations (in       0.00 seconds).
Detailed timing info in this SCF step:
prepare_next_input:            0.00s
diagonalize_hamiltonian:       0.00s
generate_density_matrix:       0.00s
check_scf_convergence:         0.00s
scf_records.update:            0.00s
Exc:       0.00000000, Vxc:       0.00000000
SCF Change: DM (6.14473e-5, 0.00000e0); eev 1.58155e-2 Ha; etot 9.31515e-4 Ha
Energy:      -0.4999654685 Ha with <S^2> =  0.750 and <2S+1> =  2.000 after    4 iterations (in       0.00 seconds).
Detailed timing info in this SCF step:
prepare_next_input:            0.00s
diagonalize_hamiltonian:       0.00s
generate_density_matrix:       0.00s
check_scf_convergence:         0.00s
scf_records.update:            0.00s
Exc:       0.00000000, Vxc:       0.00000000
SCF Change: DM (3.39240e-5, 0.00000e0); eev 1.39012e-3 Ha; etot 1.87791e-4 Ha
Energy:      -0.4997776776 Ha with <S^2> =  0.750 and <2S+1> =  2.000 after    5 iterations (in       0.00 seconds).
Detailed timing info in this SCF step:
prepare_next_input:            0.00s
diagonalize_hamiltonian:       0.00s
generate_density_matrix:       0.00s
check_scf_convergence:         0.00s
scf_records.update:            0.00s
Exc:       0.00000000, Vxc:       0.00000000
SCF Change: DM (1.39081e-5, 0.00000e0); eev 7.49941e-4 Ha; etot -4.66356e-6 Ha
Energy:      -0.4997823411 Ha with <S^2> =  0.750 and <2S+1> =  2.000 after    6 iterations (in       0.00 seconds).
Detailed timing info in this SCF step:
prepare_next_input:            0.00s
diagonalize_hamiltonian:       0.00s
generate_density_matrix:       0.00s
check_scf_convergence:         0.00s
scf_records.update:            0.00s
Exc:       0.00000000, Vxc:       0.00000000
SCF Change: DM (3.24050e-6, 0.00000e0); eev 4.38958e-4 Ha; etot -1.82058e-5 Ha
Energy:      -0.4998005469 Ha with <S^2> =  0.750 and <2S+1> =  2.000 after    7 iterations (in       0.00 seconds).
Detailed timing info in this SCF step:
prepare_next_input:            0.00s
diagonalize_hamiltonian:       0.00s
generate_density_matrix:       0.00s
check_scf_convergence:         0.00s
scf_records.update:            0.00s
Exc:       0.00000000, Vxc:       0.00000000
SCF Change: DM (3.23524e-7, 0.00000e0); eev 1.46853e-4 Ha; etot -9.28526e-6 Ha
Energy:      -0.4998098322 Ha with <S^2> =  0.750 and <2S+1> =  2.000 after    8 iterations (in       0.00 seconds).
Detailed timing info in this SCF step:
prepare_next_input:            0.00s
diagonalize_hamiltonian:       0.00s
generate_density_matrix:       0.00s
check_scf_convergence:         0.00s
scf_records.update:            0.00s
Exc:       0.00000000, Vxc:       0.00000000
SCF Change: DM (1.39114e-7, 0.00000e0); eev 8.51566e-6 Ha; etot -2.91854e-11 Ha
Energy:      -0.4998098322 Ha with <S^2> =  0.750 and <2S+1> =  2.000 after    9 iterations (in       0.00 seconds).
Detailed timing info in this SCF step:
prepare_next_input:            0.00s
diagonalize_hamiltonian:       0.00s
generate_density_matrix:       0.00s
check_scf_convergence:         0.00s
scf_records.update:            0.00s
Exc:       0.00000000, Vxc:       0.00000000
SCF Change: DM (4.82128e-8, 0.00000e0); eev 1.22527e-6 Ha; etot -2.64561e-12 Ha
Energy:      -0.4998098322 Ha with <S^2> =  0.750 and <2S+1> =  2.000 after   10 iterations (in       0.00 seconds).
Detailed timing info in this SCF step:
prepare_next_input:            0.00s
diagonalize_hamiltonian:       0.00s
generate_density_matrix:       0.00s
check_scf_convergence:         0.00s
scf_records.update:            0.00s
Exc:       0.00000000, Vxc:       0.00000000
SCF Change: DM (4.00930e-14, 0.00000e0); eev 2.50130e-12 Ha; etot -5.84532e-14 Ha
Energy:      -0.4998098322 Ha with <S^2> =  0.750 and <2S+1> =  2.000 after   11 iterations (in       0.00 seconds).
Detailed timing info in this SCF step:
prepare_next_input:            0.00s
diagonalize_hamiltonian:       0.00s
generate_density_matrix:       0.00s
check_scf_convergence:         0.00s
scf_records.update:            0.00s
SCF is converged after   11 iterations.
Spin-up eigenvalues
 
   State    Occupation        Eigenvalue
       0       1.00000         -0.499810
       1       0.00000          0.354348
       2       0.00000          0.738499
       3       0.00000          0.738499
 
Spin-down eigenvalues
 
   State    Occupation        Eigenvalue
the number of eigenvalues in 1 spin channel is 1
the job spends             0.02 seconds
Generate SAD of Br
the functional of 'hf' contains
<start_mo> for the frozen-core post-SCF methods 0 is smaller than the number of ecp orbitals 14. Set <start_mo> = 0
Libxc version used in REST: 7.0.0
nbas: 16, natm: 1 for standard basis sets
First valence state for the frozen-core algorithm:     0
final nbas: 76,final natm: 2
numbasis: 48, num_auxbas: 266
Restricted Hartree-Fock (or Kohn-Sham) algorithm is invoked.
Nuc_energy:       0.00000000 Hartree
no empirical dispersion correction is employed
No ghost effective potential
No ghost point charges
Detailed time report:
aux_ij    |:    0.002 s for for the coulomb matrix of auxiliary basis
all ri    |:    0.025 s for for the total evaluations of ri3fn
inv_sqrt  |:    0.010 s for for the sqrt inverse of aux_ij
ri_v      |:    0.003 s for for RI dot aux_v^{-1/2}
prim ri   |:    0.011 s for for the pure three-center integrals
Overlap matrix is nonsigular:
  Lowest eigenvalue:       0.02573177 with the total number of basis functions:     48
Grid size: 20904
Initial guess from SAP
The evaluation of vmat costs             0.02 seconds
Detailed time report:
ISDF      |:    0.000 s for ISDF initialization
CInt      |:    0.036 s for Two, Three, and Four-center integrals
Overall   |:    0.112 s for SCF Preparation
DFT Grids |:    0.049 s for Initialization of the tabulated Grids and AOs
InitGuess |:    0.027 s for Prepare initial guess
Exc:       0.00000000, Vxc:       0.00000000
The total energy:      1518.2453524047 Ha by the initial guess
Exc:       0.00000000, Vxc:       0.00000000
Energy:     576.5550265900 Ha after    1 iterations (in       0.00 seconds).
Detailed timing info in this SCF step:
prepare_next_input:            0.00s
diagonalize_hamiltonian:       0.00s
generate_density_matrix:       0.00s
check_scf_convergence:         0.00s
scf_records.update:            0.00s
Exc:       0.00000000, Vxc:       0.00000000
SCF Change: DM 5.72721e-2; eev  4.44662e1 Ha; etot -5.88122e2 Ha
Energy:     -11.5665529343 Ha after    2 iterations (in       0.01 seconds).
Detailed timing info in this SCF step:
prepare_next_input:            0.00s
diagonalize_hamiltonian:       0.00s
generate_density_matrix:       0.00s
check_scf_convergence:         0.00s
scf_records.update:            0.00s
Exc:       0.00000000, Vxc:       0.00000000
SCF Change: DM 7.25587e-3; eev  5.59459e0 Ha; etot -1.99317e0 Ha
Energy:     -13.5597247486 Ha after    3 iterations (in       0.00 seconds).
Detailed timing info in this SCF step:
prepare_next_input:            0.00s
diagonalize_hamiltonian:       0.00s
generate_density_matrix:       0.00s
check_scf_convergence:         0.00s
scf_records.update:            0.00s
Exc:       0.00000000, Vxc:       0.00000000
SCF Change: DM 1.61709e-2; eev  1.74924e0 Ha; etot -3.16857e-2 Ha
Energy:     -13.5914104712 Ha after    4 iterations (in       0.00 seconds).
Detailed timing info in this SCF step:
prepare_next_input:            0.00s
diagonalize_hamiltonian:       0.00s
generate_density_matrix:       0.00s
check_scf_convergence:         0.00s
scf_records.update:            0.00s
Exc:       0.00000000, Vxc:       0.00000000
SCF Change: DM 9.00742e-4; eev  1.12698e0 Ha; etot -7.26769e-2 Ha
Energy:     -13.6640873517 Ha after    5 iterations (in       0.00 seconds).
Detailed timing info in this SCF step:
prepare_next_input:            0.00s
diagonalize_hamiltonian:       0.00s
generate_density_matrix:       0.00s
check_scf_convergence:         0.00s
scf_records.update:            0.00s
Exc:       0.00000000, Vxc:       0.00000000
SCF Change: DM 4.22679e-3; eev 5.26666e-1 Ha; etot -6.47387e-2 Ha
Energy:     -13.7288260609 Ha after    6 iterations (in       0.00 seconds).
Detailed timing info in this SCF step:
prepare_next_input:            0.00s
diagonalize_hamiltonian:       0.00s
generate_density_matrix:       0.00s
check_scf_convergence:         0.00s
scf_records.update:            0.00s
Exc:       0.00000000, Vxc:       0.00000000
SCF Change: DM 4.25560e-4; eev 2.56107e-1 Ha; etot -1.43728e-2 Ha
Energy:     -13.7431988356 Ha after    7 iterations (in       0.00 seconds).
Detailed timing info in this SCF step:
prepare_next_input:            0.00s
diagonalize_hamiltonian:       0.00s
generate_density_matrix:       0.00s
check_scf_convergence:         0.00s
scf_records.update:            0.00s
Exc:       0.00000000, Vxc:       0.00000000
SCF Change: DM 1.11464e-3; eev 1.65631e-1 Ha; etot 1.02339e-2 Ha
Energy:     -13.7329649525 Ha after    8 iterations (in       0.00 seconds).
Detailed timing info in this SCF step:
prepare_next_input:            0.00s
diagonalize_hamiltonian:       0.00s
generate_density_matrix:       0.00s
check_scf_convergence:         0.00s
scf_records.update:            0.00s
Exc:       0.00000000, Vxc:       0.00000000
SCF Change: DM 1.36993e-4; eev 8.24133e-2 Ha; etot -4.14099e-4 Ha
Energy:     -13.7333790516 Ha after    9 iterations (in       0.00 seconds).
Detailed timing info in this SCF step:
prepare_next_input:            0.00s
diagonalize_hamiltonian:       0.00s
generate_density_matrix:       0.00s
check_scf_convergence:         0.00s
scf_records.update:            0.00s
Exc:       0.00000000, Vxc:       0.00000000
SCF Change: DM 7.64060e-6; eev 2.34120e-3 Ha; etot -1.43071e-5 Ha
Energy:     -13.7333933587 Ha after   10 iterations (in       0.00 seconds).
Detailed timing info in this SCF step:
prepare_next_input:            0.00s
diagonalize_hamiltonian:       0.00s
generate_density_matrix:       0.00s
check_scf_convergence:         0.00s
scf_records.update:            0.00s
Exc:       0.00000000, Vxc:       0.00000000
SCF Change: DM 3.07933e-7; eev 2.75159e-5 Ha; etot -1.52036e-8 Ha
Energy:     -13.7333933739 Ha after   11 iterations (in       0.00 seconds).
Detailed timing info in this SCF step:
prepare_next_input:            0.00s
diagonalize_hamiltonian:       0.00s
generate_density_matrix:       0.00s
check_scf_convergence:         0.00s
scf_records.update:            0.00s
Exc:       0.00000000, Vxc:       0.00000000
SCF Change: DM 1.96373e-8; eev 3.71799e-6 Ha; etot -1.74332e-11 Ha
Energy:     -13.7333933739 Ha after   12 iterations (in       0.00 seconds).
Detailed timing info in this SCF step:
prepare_next_input:            0.00s
diagonalize_hamiltonian:       0.00s
generate_density_matrix:       0.00s
check_scf_convergence:         0.00s
scf_records.update:            0.00s
Exc:       0.00000000, Vxc:       0.00000000
SCF Change: DM 3.41657e-10; eev 7.30670e-9 Ha; etot -5.32907e-14 Ha
Energy:     -13.7333933739 Ha after   13 iterations (in       0.00 seconds).
Detailed timing info in this SCF step:
prepare_next_input:            0.00s
diagonalize_hamiltonian:       0.00s
generate_density_matrix:       0.00s
check_scf_convergence:         0.00s
scf_records.update:            0.00s
SCF is converged after   13 iterations.
   State    Occupation        Eigenvalue
       0       2.00000         -1.148338
       1       1.66667         -0.401641
       2       1.66667         -0.401641
       3       1.66667         -0.401641
       4       0.00000          0.342927
       5       0.00000          0.342927
       6       0.00000          0.342927
the job spends             0.17 seconds
total electron number:      31.99980526
The evaluation of Vj, Vk and Vxc matrices cost       0.02,       0.32 and       1.09 seconds, respectively
Exc:     -16.90983601, Vxc:     -10.83941477
Initial guess HF energy:    -133.2010253911878124
Initial density matrix by Atom SAD:
                 0,           1,           2,           3,           4
    0     0.457681,    0.615056,   -0.052269,   -0.057031,    0.014214
    1     0.615056,    0.841064,   -0.139226,   -0.131788,    0.011494
    2    -0.052269,   -0.139226,    0.333844,    0.268572,    0.035102
    3    -0.057031,   -0.131788,    0.268572,    0.220661,    0.020454
    4     0.014214,    0.011494,    0.035102,    0.020454,    0.033891
    5    -0.002673,   -0.005605,    0.011605,    0.006678,    0.007687
    6    -0.004947,   -0.010343,    0.019189,    0.023115,    0.020476
    7     0.000000,    0.000000,   -0.000000,    0.000000,    0.000000
    8     0.005918,    0.007416,    0.002962,   -0.000352,    0.007442
    9     0.009935,    0.012356,    0.004333,    0.007418,    0.013479
   10     0.000000,    0.000000,   -0.000000,    0.000000,    0.000000
   11    -0.001538,   -0.002388,    0.001935,    0.002575,   -0.005380
   12    -0.000135,   -0.000264,    0.000377,    0.002922,   -0.003794
   13     0.000000,    0.000000,   -0.000000,    0.000000,    0.000000
   14    -0.000447,   -0.000609,    0.000029,   -0.000319,   -0.000512
   15     0.000000,    0.000000,   -0.000000,    0.000000,    0.000000
   16     0.000312,    0.000422,   -0.000022,    0.000405,    0.000382
   17    -0.000000,   -0.000000,    0.000000,   -0.000000,   -0.000000
   18     0.000283,    0.000383,    0.000059,    0.000007,    0.000816
   19    -0.003988,   -0.005859,    0.002762,    0.002039,   -0.000663
   20     0.000000,    0.000000,   -0.000000,   -0.000000,    0.000000
   21     0.002444,    0.003619,   -0.001776,   -0.001066,   -0.000488
   22    -0.000000,   -0.000000,    0.000000,    0.000000,    0.000000
   23     0.003310,    0.004730,   -0.001625,   -0.001369,    0.002011
   24    -0.000421,   -0.000533,   -0.000123,   -0.000069,   -0.000312
   25    -0.000000,   -0.000000,    0.000000,    0.000000,   -0.000000
   26     0.001014,    0.000559,    0.003688,    0.002933,    0.000174
   27     0.000000,    0.000000,   -0.000000,   -0.000000,    0.000000
   28    -0.001324,   -0.001541,   -0.000990,   -0.000806,   -0.000157
   29    -0.000000,   -0.000000,    0.000000,    0.000000,    0.000000
   30     0.000445,   -0.000202,    0.003731,    0.002945,    0.000116
   31    -0.017100,   -0.036518,    0.066332,    0.055780,    0.010038
   32    -0.030568,   -0.054231,    0.065970,    0.056137,    0.010619
   33    -0.008030,   -0.013022,    0.011466,    0.010510,    0.000358
   34    -0.000812,   -0.001485,    0.001995,    0.001646,    0.000377
   35     0.001736,    0.003123,   -0.003947,   -0.003263,   -0.000305
   36     0.002608,    0.004736,   -0.006160,   -0.005219,   -0.000958
   37    -0.002275,   -0.003482,    0.002329,    0.001943,    0.000308
   38     0.004607,    0.006956,   -0.004132,   -0.003160,   -0.000822
   39     0.007390,    0.011208,   -0.006910,   -0.005878,   -0.001268
   40     0.000517,    0.000764,   -0.000391,   -0.000343,    0.000023
   41    -0.001480,   -0.002196,    0.001149,    0.000943,    0.000121
   42    -0.000927,   -0.001382,    0.000755,    0.000694,    0.000108
   43     0.000574,    0.000869,   -0.000539,   -0.000459,   -0.000109
   44     0.000355,    0.000530,   -0.000283,   -0.000218,    0.000030
   45    -0.017100,   -0.036518,    0.066332,    0.055780,    0.010038
   46    -0.030568,   -0.054231,    0.065970,    0.056137,    0.010619
   47    -0.008030,   -0.013022,    0.011466,    0.010510,    0.000358
   48    -0.000812,   -0.001485,    0.001995,    0.001646,    0.000377
   49     0.001736,    0.003123,   -0.003947,   -0.003263,   -0.000305
   50    -0.002608,   -0.004736,    0.006160,    0.005219,    0.000958
   51    -0.002275,   -0.003482,    0.002329,    0.001943,    0.000308
   52     0.004607,    0.006956,   -0.004132,   -0.003160,   -0.000822
   53    -0.007390,   -0.011208,    0.006910,    0.005878,    0.001268
   54     0.000517,    0.000764,   -0.000391,   -0.000343,    0.000023
   55     0.001480,    0.002196,   -0.001149,   -0.000943,   -0.000121
   56    -0.000927,   -0.001382,    0.000755,    0.000694,    0.000108
   57    -0.000574,   -0.000869,    0.000539,    0.000459,    0.000109
   58     0.000355,    0.000530,   -0.000283,   -0.000218,    0.000030
   59    -0.017234,   -0.036773,    0.067386,    0.052752,    0.009493
   60    -0.031723,   -0.055764,    0.066999,    0.052173,    0.007813
   61    -0.006705,   -0.011081,    0.010834,    0.007939,    0.002353
   62     0.003253,    0.005882,   -0.007614,   -0.006052,   -0.000877
   63    -0.000346,   -0.000661,    0.000994,    0.000894,    0.000439
   64     0.000000,    0.000000,   -0.000000,    0.000000,    0.000000
   65     0.009353,    0.014088,   -0.008372,   -0.006793,   -0.000055
   66    -0.001315,   -0.001992,    0.001256,    0.001150,    0.000682
   67    -0.000000,   -0.000000,    0.000000,    0.000000,    0.000000
   68     0.000328,    0.000492,   -0.000292,   -0.000294,   -0.000188
   69    -0.000000,   -0.000000,    0.000000,    0.000000,    0.000000
   70     0.000888,    0.001330,   -0.000753,   -0.000609,   -0.000088
   71     0.000000,    0.000000,   -0.000000,   -0.000000,   -0.000000
   72    -0.001719,   -0.002554,    0.001360,    0.001125,    0.000044
   73     0.001858,    0.003863,   -0.006378,    0.009817,   -0.009038
   74     0.003823,    0.007831,   -0.012316,    0.014494,   -0.011144
   75    -0.005889,   -0.011425,    0.014995,   -0.009430,   -0.005904
   76     0.010717,    0.015016,   -0.005959,   -0.028879,    0.006973
   77    -0.001793,   -0.000421,   -0.009815,    0.003053,   -0.045883
   78    -0.009310,   -0.020063,    0.035245,    0.030818,   -0.011802
   79    -0.020869,   -0.045217,    0.083435,    0.067956,    0.000747
   80    -0.000000,   -0.000000,    0.000000,   -0.000000,   -0.000000
   81    -0.001806,   -0.006205,    0.017011,    0.015316,   -0.005914
   82    -0.014735,   -0.030652,    0.052871,    0.041991,   -0.000273
   83     0.000000,    0.000000,   -0.000000,   -0.000000,   -0.000000
   84    -0.001506,   -0.002253,    0.000897,    0.000225,    0.000806
   85    -0.003291,   -0.005843,    0.006884,    0.008921,   -0.014550
   86    -0.000000,   -0.000000,    0.000000,    0.000000,   -0.000000
   87    -0.001445,   -0.003021,    0.005327,    0.004521,   -0.001098
   88    -0.000000,    0.000000,   -0.000000,    0.000000,    0.000000
   89     0.001055,    0.002140,   -0.003581,   -0.002872,   -0.000154
   90     0.000000,    0.000000,    0.000000,    0.000000,   -0.000000
   91     0.000962,    0.002014,   -0.003442,   -0.002969,    0.000212
   92    -0.003097,   -0.005574,    0.007208,    0.006264,   -0.002326
   93    -0.000000,   -0.000000,    0.000000,    0.000000,    0.000000
   94     0.003653,    0.006147,   -0.006368,   -0.004807,   -0.000150
   95     0.000000,    0.000000,   -0.000000,   -0.000000,   -0.000000
   96     0.001491,    0.002802,   -0.003837,   -0.003009,   -0.001838
   97     0.000188,    0.000304,   -0.000286,   -0.000484,    0.000571
   98    -0.000000,   -0.000000,    0.000000,    0.000000,    0.000000
   99     0.000370,    0.000609,   -0.000532,   -0.000115,   -0.000260
  100     0.000000,    0.000000,   -0.000000,   -0.000000,   -0.000000
  101     0.000783,    0.001141,   -0.000512,   -0.000535,    0.000061
  102     0.000000,    0.000000,   -0.000000,   -0.000000,    0.000000
  103     0.000885,    0.001341,   -0.000798,   -0.000286,    0.000090
  104     0.002973,    0.006454,   -0.012596,   -0.014545,   -0.001008
  105    -0.002596,   -0.001311,   -0.010680,   -0.012079,   -0.004249
  106     0.000338,    0.001063,   -0.003104,   -0.003648,    0.002220
  107    -0.000254,   -0.000533,    0.000928,    0.000951,   -0.000174
  108    -0.000165,   -0.000293,    0.000313,    0.000009,   -0.000262
  109     0.000272,    0.000618,   -0.001282,   -0.001442,   -0.000178
  110    -0.000091,   -0.000274,    0.000701,    0.000413,    0.000929
  111    -0.002336,   -0.003592,    0.002369,    0.001632,   -0.000362
  112    -0.001334,   -0.001765,   -0.000032,   -0.000020,   -0.001852
  113    -0.000004,   -0.000033,    0.000132,    0.000142,    0.000034
  114    -0.000265,   -0.000417,    0.000307,    0.000165,   -0.000065
  115     0.000144,    0.000261,   -0.000350,   -0.000310,   -0.000122
  116    -0.000185,   -0.000312,    0.000317,    0.000276,    0.000079
  117     0.000277,    0.000452,   -0.000405,   -0.000284,   -0.000042
  118     0.002973,    0.006454,   -0.012596,   -0.014545,   -0.001008
  119    -0.002596,   -0.001311,   -0.010680,   -0.012079,   -0.004249
  120     0.000338,    0.001063,   -0.003104,   -0.003648,    0.002220
  121    -0.000254,   -0.000533,    0.000928,    0.000951,   -0.000174
  122    -0.000165,   -0.000293,    0.000313,    0.000009,   -0.000262
  123    -0.000272,   -0.000618,    0.001282,    0.001442,    0.000178
  124    -0.000091,   -0.000274,    0.000701,    0.000413,    0.000929
  125    -0.002336,   -0.003592,    0.002369,    0.001632,   -0.000362
  126     0.001334,    0.001765,    0.000032,    0.000020,    0.001852
  127    -0.000004,   -0.000033,    0.000132,    0.000142,    0.000034
  128     0.000265,    0.000417,   -0.000307,   -0.000165,    0.000065
  129     0.000144,    0.000261,   -0.000350,   -0.000310,   -0.000122
  130     0.000185,    0.000312,   -0.000317,   -0.000276,   -0.000079
  131     0.000277,    0.000452,   -0.000405,   -0.000284,   -0.000042
  132    -0.000758,   -0.001670,    0.003247,    0.004123,   -0.003637
  133    -0.001649,   -0.003641,    0.007278,    0.006565,   -0.002648
  134     0.003600,    0.007654,   -0.014910,   -0.005199,   -0.012078
  135     0.000635,    0.002591,   -0.008997,   -0.000091,   -0.009297
  136    -0.002775,   -0.003439,   -0.001011,   -0.011705,    0.040503
  137     0.003701,    0.008173,   -0.014408,   -0.026416,    0.024487
  138     0.003947,    0.008758,   -0.019262,   -0.022261,    0.039104
  139    -0.000000,    0.000000,   -0.000000,    0.000000,    0.000000
  140     0.002898,    0.006262,   -0.010855,   -0.017174,    0.014812
  141     0.001418,    0.004163,   -0.012624,   -0.014505,    0.025966
  142    -0.000000,   -0.000000,    0.000000,    0.000000,    0.000000
  143    -0.000423,   -0.000529,    0.000107,   -0.002628,    0.008646
  144    -0.000714,   -0.000454,   -0.002854,   -0.001171,    0.001272
  145     0.000000,    0.000000,   -0.000000,   -0.000000,    0.000000
  146    -0.000596,   -0.001234,    0.002158,    0.001754,   -0.000584
  147    -0.000000,   -0.000000,   -0.000000,    0.000000,    0.000000
  148     0.000163,    0.000282,   -0.000400,    0.000083,    0.000186
  149     0.000000,    0.000000,    0.000000,   -0.000000,   -0.000000
  150     0.000219,    0.000493,   -0.000982,   -0.001269,   -0.000451
  151    -0.000833,   -0.001838,    0.003481,    0.002453,    0.000923
  152    -0.000000,   -0.000000,    0.000000,    0.000000,    0.000000
  153    -0.000809,   -0.001196,    0.000554,    0.001013,   -0.000456
  154     0.000000,    0.000000,   -0.000000,   -0.000000,   -0.000000
  155     0.000208,    0.000585,   -0.001610,   -0.001332,   -0.002800
  156    -0.000368,   -0.000699,    0.001006,    0.000768,    0.000598
  157     0.000000,    0.000000,   -0.000000,   -0.000000,   -0.000000
  158     0.000029,    0.000117,   -0.000372,   -0.000328,    0.000226
  159    -0.000000,   -0.000000,    0.000000,    0.000000,    0.000000
  160    -0.000015,   -0.000063,    0.000204,    0.000314,   -0.000468
  161     0.000000,    0.000000,   -0.000000,   -0.000000,   -0.000000
  162     0.000085,    0.000198,   -0.000411,   -0.000494,    0.000233
  163     0.001150,    0.002490,   -0.005485,   -0.002435,    0.003259
  164     0.002451,    0.004555,   -0.007291,   -0.003412,    0.002624
  165     0.001333,    0.002186,   -0.002275,   -0.000736,   -0.000943
  166     0.000136,    0.000245,   -0.000330,   -0.000400,    0.000564
  167    -0.000028,   -0.000035,    0.000002,   -0.000244,    0.000566
  168     0.000098,    0.000211,   -0.000476,   -0.000154,    0.000191
  169     0.000056,    0.000188,   -0.000542,   -0.001014,    0.001704
  170    -0.000160,   -0.000196,   -0.000079,   -0.000940,    0.003186
  171     0.000438,    0.000745,   -0.000901,   -0.000527,    0.000102
  172    -0.000061,   -0.000111,    0.000140,    0.000163,   -0.000126
  173     0.000004,    0.000009,   -0.000018,   -0.000132,    0.000368
  174     0.000050,    0.000094,   -0.000152,   -0.000122,    0.000208
  175    -0.000012,    0.000004,   -0.000099,   -0.000183,    0.000324
  176    -0.000034,   -0.000038,   -0.000037,   -0.000157,    0.000373
  177     0.001150,    0.002490,   -0.005485,   -0.002435,    0.003259
  178     0.002451,    0.004555,   -0.007291,   -0.003412,    0.002624
  179     0.001333,    0.002186,   -0.002275,   -0.000736,   -0.000943
  180     0.000136,    0.000245,   -0.000330,   -0.000400,    0.000564
  181    -0.000028,   -0.000035,    0.000002,   -0.000244,    0.000566
  182    -0.000098,   -0.000211,    0.000476,    0.000154,   -0.000191
  183     0.000056,    0.000188,   -0.000542,   -0.001014,    0.001704
  184    -0.000160,   -0.000196,   -0.000079,   -0.000940,    0.003186
  185    -0.000438,   -0.000745,    0.000901,    0.000527,   -0.000102
  186    -0.000061,   -0.000111,    0.000140,    0.000163,   -0.000126
  187    -0.000004,   -0.000009,    0.000018,    0.000132,   -0.000368
  188     0.000050,    0.000094,   -0.000152,   -0.000122,    0.000208
  189     0.000012,   -0.000004,    0.000099,    0.000183,   -0.000324
  190    -0.000034,   -0.000038,   -0.000037,   -0.000157,    0.000373
  191    -0.000001,   -0.000001,    0.000002,   -0.000009,    0.000033
  192    -0.000007,   -0.000011,    0.000011,    0.000009,   -0.000002
  193    -0.000010,   -0.000010,   -0.000200,    0.001604,   -0.005243
  194     0.000143,    0.000273,   -0.002361,    0.016385,   -0.054245
  195    -0.000043,   -0.000106,    0.005553,   -0.047033,    0.153094
  196    -0.000693,   -0.001075,    0.002166,   -0.009578,    0.033218
  197    -0.000024,   -0.000054,    0.000115,    0.000103,    0.000138
  198    -0.000020,   -0.000045,    0.000085,    0.000150,   -0.000368
  199    -0.000000,   -0.000000,    0.000000,   -0.000000,   -0.000000
  200     0.000570,    0.001262,   -0.002680,   -0.002397,   -0.003240
  201     0.000469,    0.001039,   -0.001973,   -0.003487,    0.008581
  202    -0.000000,    0.000000,   -0.000000,    0.000000,    0.000000
  203    -0.002901,   -0.006459,    0.013820,    0.012116,    0.017823
  204    -0.002318,   -0.005160,    0.009875,    0.017227,   -0.042794
  205    -0.000000,   -0.000000,    0.000000,   -0.000000,   -0.000000
  206    -0.005786,   -0.012579,    0.025894,    0.023809,    0.028561
  207    -0.004755,   -0.010320,    0.018964,    0.034597,   -0.085973
  208     0.000000,    0.000000,    0.000000,   -0.000000,   -0.000000
  209    -0.002029,   -0.004529,    0.009554,    0.009321,    0.011852
  210    -0.001359,   -0.002990,    0.005340,    0.012030,   -0.035067
  211    -0.000000,   -0.000000,    0.000000,   -0.000000,   -0.000000
  212    -0.000006,   -0.000008,    0.000004,    0.000002,    0.000002
  213     0.000000,    0.000000,   -0.000000,   -0.000000,   -0.000000
  214     0.000004,    0.000005,   -0.000003,   -0.000002,    0.000001
  215     0.000000,    0.000000,   -0.000000,   -0.000000,    0.000000
  216     0.000000,    0.000001,   -0.000001,   -0.000003,    0.000006
  217     0.000121,    0.000195,   -0.000191,   -0.000135,    0.000027
  218    -0.000000,   -0.000000,    0.000000,    0.000000,    0.000000
  219    -0.000076,   -0.000123,    0.000122,    0.000119,   -0.000106
  220    -0.000000,   -0.000000,    0.000000,    0.000000,   -0.000000
  221    -0.000021,   -0.000046,    0.000087,    0.000168,   -0.000294
  222    -0.000464,   -0.000869,    0.001376,    0.001544,   -0.001556
  223     0.000000,    0.000000,   -0.000000,   -0.000000,    0.000000
  224     0.000285,    0.000537,   -0.000836,   -0.001134,    0.001594
  225     0.000000,    0.000000,   -0.000000,   -0.000000,   -0.000000
  226     0.000215,    0.000472,   -0.000871,   -0.001569,    0.002687
  227    -0.000316,   -0.000739,    0.001569,    0.003134,   -0.005671
  228    -0.000000,   -0.000000,    0.000000,    0.000000,    0.000000
  229     0.000202,    0.000453,   -0.000875,   -0.002026,    0.004293
  230    -0.000000,   -0.000000,    0.000000,   -0.000000,   -0.000000
  231     0.000328,    0.000694,   -0.001150,   -0.002442,    0.005191
  232     0.000030,    0.000062,   -0.000057,   -0.000317,    0.000902
  233    -0.000000,   -0.000000,    0.000000,   -0.000000,   -0.000000
  234     0.000152,    0.000306,   -0.000522,   -0.000854,    0.001444
  235     0.000000,    0.000000,    0.000000,    0.000000,    0.000000
  236     0.000074,    0.000145,   -0.000252,   -0.000368,    0.000546
  237     0.000000,   -0.000000,    0.000000,   -0.000000,   -0.000000
  238     0.000236,    0.000493,   -0.000904,   -0.001341,    0.001953
                 5,           6,           7,           8,           9
    0    -0.002673,   -0.004947,    0.000000,    0.005918,    0.009935
    1    -0.005605,   -0.010343,    0.000000,    0.007416,    0.012356
    2     0.011605,    0.019189,   -0.000000,    0.002962,    0.004333
    3     0.006678,    0.023115,    0.000000,   -0.000352,    0.007418
    4     0.007687,    0.020476,    0.000000,    0.007442,    0.013479
    5     0.318071,   -0.027013,    0.000000,    0.212196,   -0.022571
    6    -0.027013,    0.280102,    0.000000,   -0.022265,    0.177336
    7     0.000000,    0.000000,    0.332501,    0.000000,   -0.000000
    8     0.212196,   -0.022265,    0.000000,    0.142348,   -0.017611
    9    -0.022571,    0.177336,   -0.000000,   -0.017611,    0.113828
   10    -0.000000,    0.000000,    0.226986,    0.000000,   -0.000000
   11     0.059536,   -0.012840,    0.000000,    0.039068,   -0.009112
   12    -0.008619,    0.045520,   -0.000000,   -0.006999,    0.028629
   13    -0.000000,   -0.000000,    0.064433,    0.000000,   -0.000000
   14    -0.004096,   -0.008062,    0.000000,   -0.002631,   -0.005075
   15    -0.000000,    0.000000,    0.011891,    0.000000,   -0.000000
   16    -0.005252,    0.009910,   -0.000000,   -0.003655,    0.006390
   17     0.000000,   -0.000000,   -0.005777,   -0.000000,    0.000000
   18     0.011151,    0.001358,    0.000000,    0.007384,    0.000668
   19    -0.004548,   -0.006133,    0.000000,   -0.003124,   -0.004151
   20    -0.000000,    0.000000,    0.010843,   -0.000000,    0.000000
   21    -0.004063,    0.006816,   -0.000000,   -0.003032,    0.004934
   22     0.000000,   -0.000000,   -0.006438,    0.000000,   -0.000000
   23     0.007771,    0.003316,    0.000000,    0.005355,    0.001995
   24     0.000720,   -0.000939,   -0.000000,    0.000501,   -0.000603
   25     0.000000,   -0.000000,    0.000173,    0.000000,   -0.000000
   26    -0.000771,   -0.001036,    0.000000,   -0.000540,   -0.000685
   27    -0.000000,    0.000000,   -0.000596,   -0.000000,    0.000000
   28    -0.000932,   -0.000980,   -0.000000,   -0.000614,   -0.000636
   29     0.000000,   -0.000000,   -0.000847,   -0.000000,   -0.000000
   30    -0.001005,   -0.002045,    0.000000,   -0.000688,   -0.001366
   31    -0.039243,    0.071941,    0.118431,   -0.028118,    0.044513
   32    -0.047729,    0.086687,    0.141904,   -0.033954,    0.053271
   33    -0.016172,    0.021928,    0.044297,   -0.011404,    0.013744
   34     0.003666,    0.001760,    0.003589,    0.002384,    0.000996
   35     0.002205,   -0.000658,   -0.007896,    0.001553,   -0.000330
   36     0.003823,   -0.007292,   -0.006687,    0.002755,   -0.004495
   37     0.007885,    0.001952,    0.003048,    0.005156,    0.000960
   38     0.001667,    0.002139,   -0.008159,    0.001078,    0.001631
   39     0.003570,   -0.008510,   -0.002386,    0.002611,   -0.004991
   40    -0.000995,    0.000025,   -0.000754,   -0.000646,    0.000057
   41    -0.000699,    0.000022,    0.001403,   -0.000495,   -0.000042
   42    -0.000785,    0.001748,   -0.000647,   -0.000573,    0.001080
   43    -0.001514,   -0.000695,   -0.000460,   -0.000988,   -0.000387
   44     0.000758,    0.000618,   -0.000735,    0.000503,    0.000391
   45    -0.039243,    0.071941,   -0.118431,   -0.028118,    0.044513
   46    -0.047729,    0.086687,   -0.141904,   -0.033954,    0.053271
   47    -0.016172,    0.021928,   -0.044297,   -0.011404,    0.013744
   48     0.003666,    0.001760,   -0.003589,    0.002384,    0.000996
   49     0.002205,   -0.000658,    0.007896,    0.001553,   -0.000330
   50    -0.003823,    0.007292,   -0.006687,   -0.002755,    0.004495
   51     0.007885,    0.001952,   -0.003048,    0.005156,    0.000960
   52     0.001667,    0.002139,    0.008159,    0.001078,    0.001631
   53    -0.003570,    0.008510,   -0.002386,   -0.002611,    0.004991
   54    -0.000995,    0.000025,    0.000754,   -0.000646,    0.000057
   55     0.000699,   -0.000022,    0.001403,    0.000495,    0.000042
   56    -0.000785,    0.001748,    0.000647,   -0.000573,    0.001080
   57     0.001514,    0.000695,   -0.000460,    0.000988,    0.000387
   58     0.000758,    0.000618,    0.000735,    0.000503,    0.000391
   59     0.141970,   -0.021978,    0.000000,    0.093936,   -0.018033
   60     0.173230,   -0.030922,   -0.000000,    0.114112,   -0.024132
   61     0.049575,   -0.009171,   -0.000000,    0.033002,   -0.007299
   62    -0.012792,    0.002181,    0.000000,   -0.008420,    0.001813
   63     0.001342,    0.004028,   -0.000000,    0.000817,    0.002501
   64    -0.000000,    0.000000,    0.005028,    0.000000,   -0.000000
   65    -0.010550,    0.002402,    0.000000,   -0.006630,    0.001915
   66     0.001194,    0.007629,   -0.000000,    0.000648,    0.004694
   67     0.000000,   -0.000000,    0.009487,    0.000000,   -0.000000
   68    -0.000270,   -0.002160,    0.000000,   -0.000137,   -0.001341
   69     0.000000,   -0.000000,    0.000246,    0.000000,   -0.000000
   70    -0.000778,    0.000048,    0.000000,   -0.000497,    0.000072
   71     0.000000,   -0.000000,   -0.002304,   -0.000000,    0.000000
   72     0.001412,   -0.000536,   -0.000000,    0.000901,   -0.000430
   73     0.011388,    0.020293,    0.000000,    0.008450,    0.008451
   74     0.024649,    0.043718,   -0.000000,    0.017368,    0.020463
   75    -0.044100,   -0.076892,    0.000000,   -0.028592,   -0.042330
   76    -0.044178,   -0.075547,   -0.000000,   -0.026631,   -0.041487
   77     0.002465,    0.012456,   -0.000000,   -0.003448,    0.007708
   78    -0.040470,   -0.085116,    0.000000,   -0.022874,   -0.056627
   79    -0.088215,   -0.179242,    0.000000,   -0.057863,   -0.117674
   80    -0.000000,   -0.000000,   -0.006294,    0.000000,    0.000000
   81    -0.023637,   -0.053602,   -0.000000,   -0.012474,   -0.036136
   82    -0.063350,   -0.133550,   -0.000000,   -0.041699,   -0.085975
   83    -0.000000,    0.000000,   -0.010238,    0.000000,    0.000000
   84    -0.007335,   -0.011933,   -0.000000,   -0.003648,   -0.008438
   85    -0.012125,   -0.031523,   -0.000000,   -0.009440,   -0.020997
   86     0.000000,    0.000000,   -0.006885,    0.000000,    0.000000
   87    -0.000016,   -0.008270,    0.000000,   -0.000213,   -0.005255
   88    -0.000000,   -0.000000,    0.007748,    0.000000,   -0.000000
   89     0.000775,    0.005360,   -0.000000,    0.000638,    0.003415
   90     0.000000,    0.000000,    0.002165,    0.000000,    0.000000
   91     0.008997,    0.001754,    0.000000,    0.005852,    0.001242
   92     0.003575,   -0.013752,   -0.000000,    0.001879,   -0.008105
   93     0.000000,   -0.000000,    0.021643,    0.000000,   -0.000000
   94     0.002000,    0.012114,    0.000000,    0.001648,    0.006980
   95    -0.000000,    0.000000,    0.004276,    0.000000,    0.000000
   96     0.017595,   -0.000442,   -0.000000,    0.011292,   -0.000051
   97     0.003504,   -0.001644,    0.000000,    0.002492,   -0.001189
   98     0.000000,   -0.000000,    0.002642,    0.000000,   -0.000000
   99     0.001604,    0.002004,    0.000000,    0.000969,    0.001282
  100    -0.000000,    0.000000,   -0.002515,   -0.000000,    0.000000
  101    -0.000388,    0.001334,    0.000000,   -0.000301,    0.000961
  102    -0.000000,   -0.000000,   -0.001922,   -0.000000,   -0.000000
  103     0.000579,    0.002969,    0.000000,    0.000419,    0.001775
  104     0.001625,    0.018237,    0.011462,    0.001773,    0.013442
  105     0.000700,    0.020515,    0.011062,    0.000542,    0.015483
  106    -0.004535,    0.008973,    0.015274,   -0.002534,    0.006461
  107    -0.000617,   -0.002138,   -0.000554,   -0.000356,   -0.001476
  108    -0.000611,   -0.001776,   -0.000361,   -0.000370,   -0.001071
  109     0.000595,    0.001846,    0.000465,    0.000445,    0.001351
  110    -0.000195,   -0.002072,    0.000508,    0.000168,   -0.001679
  111    -0.001954,   -0.005112,   -0.001633,   -0.001346,   -0.003173
  112     0.000671,    0.000102,   -0.002147,    0.000199,    0.000515
  113     0.000185,   -0.000125,   -0.000042,    0.000144,   -0.000104
  114    -0.000213,   -0.000850,   -0.000138,   -0.000133,   -0.000524
  115     0.000219,    0.000628,    0.000188,    0.000145,    0.000434
  116    -0.000172,   -0.000975,   -0.000133,   -0.000061,   -0.000687
  117     0.000382,    0.000814,    0.000326,    0.000233,    0.000538
  118     0.001625,    0.018237,   -0.011462,    0.001773,    0.013442
  119     0.000700,    0.020515,   -0.011062,    0.000542,    0.015483
  120    -0.004535,    0.008973,   -0.015274,   -0.002534,    0.006461
  121    -0.000617,   -0.002138,    0.000554,   -0.000356,   -0.001476
  122    -0.000611,   -0.001776,    0.000361,   -0.000370,   -0.001071
  123    -0.000595,   -0.001846,    0.000465,   -0.000445,   -0.001351
  124    -0.000195,   -0.002072,   -0.000508,    0.000168,   -0.001679
  125    -0.001954,   -0.005112,    0.001633,   -0.001346,   -0.003173
  126    -0.000671,   -0.000102,   -0.002147,   -0.000199,   -0.000515
  127     0.000185,   -0.000125,    0.000042,    0.000144,   -0.000104
  128     0.000213,    0.000850,   -0.000138,    0.000133,    0.000524
  129     0.000219,    0.000628,   -0.000188,    0.000145,    0.000434
  130     0.000172,    0.000975,   -0.000133,    0.000061,    0.000687
  131     0.000382,    0.000814,   -0.000326,    0.000233,    0.000538
  132    -0.007361,   -0.001353,   -0.000000,   -0.000400,   -0.001310
  133    -0.016244,   -0.002932,   -0.000000,   -0.004363,   -0.003049
  134     0.033031,    0.004099,   -0.000000,    0.019496,    0.005406
  135     0.035195,    0.003592,   -0.000000,    0.020888,    0.004165
  136     0.006528,   -0.001409,    0.000000,    0.009804,   -0.002924
  137     0.032883,    0.015728,    0.000000,    0.021295,    0.013936
  138     0.006193,    0.007887,    0.000000,    0.014493,   -0.002179
  139     0.000000,    0.000000,   -0.013551,   -0.000000,   -0.000000
  140     0.024263,    0.016473,    0.000000,    0.015614,    0.012517
  141     0.005103,    0.003264,   -0.000000,    0.010786,   -0.002846
  142    -0.000000,    0.000000,   -0.011840,   -0.000000,   -0.000000
  143     0.008927,   -0.001535,    0.000000,    0.006533,   -0.000130
  144     0.001163,    0.004317,   -0.000000,    0.002051,    0.002227
  145    -0.000000,   -0.000000,   -0.004878,   -0.000000,   -0.000000
  146    -0.003312,   -0.004078,    0.000000,   -0.002357,   -0.002682
  147    -0.000000,   -0.000000,    0.000126,   -0.000000,   -0.000000
  148     0.000819,    0.000529,   -0.000000,    0.000806,    0.000108
  149     0.000000,    0.000000,    0.000002,    0.000000,    0.000000
  150     0.000864,    0.000566,    0.000000,    0.000413,    0.000367
  151    -0.006360,   -0.005203,   -0.000000,   -0.004127,   -0.003954
  152    -0.000000,    0.000000,    0.000354,   -0.000000,    0.000000
  153     0.002154,   -0.004087,   -0.000000,    0.001700,   -0.002548
  154     0.000000,   -0.000000,    0.000174,    0.000000,    0.000000
  155     0.001391,   -0.000082,    0.000000,    0.000645,   -0.000593
  156    -0.001551,   -0.002056,   -0.000000,   -0.000925,   -0.001285
  157     0.000000,    0.000000,    0.000578,    0.000000,    0.000000
  158     0.000887,    0.000272,   -0.000000,    0.000625,    0.000204
  159    -0.000000,    0.000000,   -0.000182,   -0.000000,   -0.000000
  160    -0.000478,   -0.000253,   -0.000000,   -0.000350,   -0.000209
  161     0.000000,   -0.000000,   -0.000050,    0.000000,    0.000000
  162     0.000563,   -0.000236,   -0.000000,    0.000360,   -0.000132
  163     0.004529,    0.003481,    0.002934,    0.004790,    0.000857
  164     0.003379,    0.007686,    0.000019,    0.004075,    0.003187
  165     0.002382,    0.001735,   -0.003127,    0.001896,    0.000981
  166     0.000512,    0.000207,    0.000239,    0.000412,    0.000134
  167    -0.000109,    0.000073,   -0.000210,    0.000007,    0.000038
  168     0.000260,    0.000173,    0.000236,    0.000331,   -0.000041
  169     0.000162,    0.001015,   -0.001609,    0.000234,    0.000676
  170    -0.000101,   -0.000158,   -0.000880,    0.000459,   -0.000229
  171     0.000081,    0.000596,   -0.000731,    0.000161,    0.000110
  172    -0.000345,   -0.000077,   -0.000280,   -0.000229,   -0.000075
  173     0.000023,   -0.000011,    0.000025,    0.000081,   -0.000020
  174     0.000143,   -0.000010,    0.000036,    0.000156,   -0.000057
  175     0.000059,   -0.000063,   -0.000043,    0.000070,   -0.000040
  176    -0.000018,   -0.000021,   -0.000163,    0.000045,   -0.000030
  177     0.004529,    0.003481,   -0.002934,    0.004790,    0.000857
  178     0.003379,    0.007686,   -0.000019,    0.004075,    0.003187
  179     0.002382,    0.001735,    0.003127,    0.001896,    0.000981
  180     0.000512,    0.000207,   -0.000239,    0.000412,    0.000134
  181    -0.000109,    0.000073,    0.000210,    0.000007,    0.000038
  182    -0.000260,   -0.000173,    0.000236,   -0.000331,    0.000041
  183     0.000162,    0.001015,    0.001609,    0.000234,    0.000676
  184    -0.000101,   -0.000158,    0.000880,    0.000459,   -0.000229
  185    -0.000081,   -0.000596,   -0.000731,   -0.000161,   -0.000110
  186    -0.000345,   -0.000077,    0.000280,   -0.000229,   -0.000075
  187    -0.000023,    0.000011,    0.000025,   -0.000081,    0.000020
  188     0.000143,   -0.000010,   -0.000036,    0.000156,   -0.000057
  189    -0.000059,    0.000063,   -0.000043,   -0.000070,    0.000040
  190    -0.000018,   -0.000021,    0.000163,    0.000045,   -0.000030
  191     0.000000,   -0.000003,    0.000000,    0.000002,   -0.000002
  192     0.000023,   -0.000014,    0.000000,    0.000010,   -0.000006
  193     0.000308,    0.000170,    0.000000,   -0.000109,    0.000147
  194     0.002217,    0.002322,   -0.000000,   -0.001665,    0.001854
  195    -0.006167,   -0.005673,    0.000000,    0.005331,   -0.005229
  196    -0.002020,   -0.004256,   -0.000000,    0.000117,   -0.002077
  197    -0.000126,   -0.000171,   -0.000000,   -0.000083,   -0.000028
  198    -0.000120,   -0.000087,    0.000000,   -0.000134,   -0.000069
  199    -0.000000,   -0.000000,    0.000024,    0.000000,    0.000000
  200     0.002953,    0.004016,   -0.000000,    0.001951,    0.000660
  201     0.002805,    0.002025,   -0.000000,    0.003124,    0.001621
  202     0.000000,    0.000000,   -0.000565,   -0.000000,   -0.000000
  203    -0.015470,   -0.020964,    0.000000,   -0.010043,   -0.003629
  204    -0.014361,   -0.009964,    0.000000,   -0.015829,   -0.008239
  205    -0.000000,   -0.000000,    0.003058,    0.000000,    0.000000
  206    -0.028621,   -0.039646,   -0.000000,   -0.019111,   -0.006986
  207    -0.026968,   -0.021204,   -0.000000,   -0.030294,   -0.016369
  208    -0.000000,   -0.000000,    0.005544,    0.000000,    0.000000
  209    -0.013551,   -0.017014,   -0.000000,   -0.008417,   -0.003715
  210    -0.009116,   -0.005552,    0.000000,   -0.010528,   -0.005253
  211     0.000000,    0.000000,    0.003385,    0.000000,    0.000000
  212    -0.000001,   -0.000011,   -0.000000,   -0.000001,   -0.000005
  213    -0.000000,   -0.000000,   -0.000003,   -0.000000,    0.000000
  214     0.000001,    0.000006,    0.000000,    0.000001,    0.000003
  215    -0.000000,    0.000000,   -0.000002,   -0.000000,    0.000000
  216     0.000003,    0.000004,    0.000000,    0.000003,    0.000003
  217    -0.000020,    0.000363,    0.000000,    0.000051,    0.000150
  218     0.000000,    0.000000,    0.000100,    0.000000,   -0.000000
  219    -0.000009,   -0.000214,   -0.000000,   -0.000055,   -0.000089
  220     0.000000,   -0.000000,    0.000060,    0.000000,   -0.000000
  221    -0.000141,   -0.000200,   -0.000000,   -0.000135,   -0.000147
  222     0.000171,   -0.001580,   -0.000000,   -0.000506,   -0.000370
  223    -0.000000,   -0.000000,   -0.000563,   -0.000000,   -0.000000
  224     0.000161,    0.000889,    0.000000,    0.000531,    0.000265
  225    -0.000000,    0.000000,   -0.000471,   -0.000000,    0.000000
  226     0.001343,    0.001725,    0.000000,    0.001233,    0.001262
  227    -0.000683,   -0.001669,   -0.000000,   -0.001347,   -0.000327
  228     0.000000,    0.000000,   -0.000085,    0.000000,    0.000000
  229     0.000748,    0.000814,   -0.000000,    0.001088,    0.000210
  230     0.000000,    0.000000,   -0.000567,    0.000000,    0.000000
  231     0.001441,    0.002279,   -0.000000,    0.001512,    0.001610
  232     0.000561,    0.000298,   -0.000000,    0.000387,    0.000428
  233    -0.000000,    0.000000,   -0.000219,   -0.000000,    0.000000
  234     0.000371,    0.000641,    0.000000,    0.000498,    0.000290
  235    -0.000000,   -0.000000,    0.000199,    0.000000,   -0.000000
  236     0.000043,    0.000173,    0.000000,    0.000167,   -0.000035
  237    -0.000000,   -0.000000,   -0.000077,    0.000000,    0.000000
  238     0.000504,    0.001340,   -0.000000,    0.000705,    0.000639
                10,          11,          12,          13,          14
    0     0.000000,   -0.001538,   -0.000135,    0.000000,   -0.000447
    1     0.000000,   -0.002388,   -0.000264,    0.000000,   -0.000609
    2    -0.000000,    0.001935,    0.000377,   -0.000000,    0.000029
    3     0.000000,    0.002575,    0.002922,    0.000000,   -0.000319
    4     0.000000,   -0.005380,   -0.003794,    0.000000,   -0.000512
    5    -0.000000,    0.059536,   -0.008619,   -0.000000,   -0.004096
    6     0.000000,   -0.012840,    0.045520,   -0.000000,   -0.008062
    7     0.226986,    0.000000,   -0.000000,    0.064433,    0.000000
    8     0.000000,    0.039068,   -0.006999,    0.000000,   -0.002631
    9    -0.000000,   -0.009112,    0.028629,   -0.000000,   -0.005075
   10     0.155163,   -0.000000,   -0.000000,    0.044227,   -0.000000
   11    -0.000000,    0.012998,   -0.001478,    0.000000,   -0.000504
   12    -0.000000,   -0.001478,    0.009319,   -0.000000,   -0.001267
   13     0.044227,    0.000000,   -0.000000,    0.012861,   -0.000000
   14    -0.000000,   -0.000504,   -0.001267,   -0.000000,    0.000361
   15     0.008219,   -0.000000,   -0.000000,    0.002530,   -0.000000
   16     0.000000,   -0.001231,    0.001685,   -0.000000,   -0.000247
   17    -0.003905,   -0.000000,    0.000000,   -0.001056,    0.000000
   18     0.000000,    0.002057,   -0.000097,    0.000000,   -0.000157
   19     0.000000,   -0.000503,   -0.000840,    0.000000,    0.000377
   20     0.007659,   -0.000000,   -0.000000,    0.002650,   -0.000000
   21    -0.000000,   -0.000633,    0.001220,   -0.000000,   -0.000188
   22    -0.004369,    0.000000,   -0.000000,   -0.001162,    0.000000
   23     0.000000,    0.001143,   -0.000082,    0.000000,   -0.000150
   24    -0.000000,    0.000143,   -0.000081,   -0.000000,   -0.000021
   25     0.000075,    0.000000,    0.000000,   -0.000049,    0.000000
   26    -0.000000,   -0.000079,   -0.000143,   -0.000000,    0.000046
   27    -0.000369,   -0.000000,   -0.000000,   -0.000041,   -0.000000
   28    -0.000000,   -0.000151,   -0.000162,   -0.000000,    0.000055
   29    -0.000560,   -0.000000,   -0.000000,   -0.000113,    0.000000
   30     0.000000,   -0.000095,   -0.000312,    0.000000,    0.000090
   31     0.080954,   -0.009244,    0.011721,    0.023231,   -0.001477
   32     0.096871,   -0.011497,    0.014273,    0.027744,   -0.001787
   33     0.030273,   -0.003334,    0.004097,    0.008861,   -0.000460
   34     0.002455,    0.000631,    0.000228,    0.000709,   -0.000107
   35    -0.005384,    0.000409,   -0.000105,   -0.001517,   -0.000025
   36    -0.004570,    0.000909,   -0.001180,   -0.001307,    0.000148
   37     0.002113,    0.001419,    0.000260,    0.000597,   -0.000178
   38    -0.005498,    0.000446,    0.000505,   -0.001500,   -0.000121
   39    -0.001568,    0.001002,   -0.001322,   -0.000389,    0.000167
   40    -0.000520,   -0.000195,    0.000004,   -0.000150,    0.000017
   41     0.000950,   -0.000141,   -0.000014,    0.000263,    0.000019
   42    -0.000438,   -0.000187,    0.000295,   -0.000119,   -0.000040
   43    -0.000318,   -0.000258,   -0.000095,   -0.000095,    0.000046
   44    -0.000497,    0.000127,    0.000096,   -0.000131,   -0.000031
   45    -0.080954,   -0.009244,    0.011721,   -0.023231,   -0.001477
   46    -0.096871,   -0.011497,    0.014273,   -0.027744,   -0.001787
   47    -0.030273,   -0.003334,    0.004097,   -0.008861,   -0.000460
   48    -0.002455,    0.000631,    0.000228,   -0.000709,   -0.000107
   49     0.005384,    0.000409,   -0.000105,    0.001517,   -0.000025
   50    -0.004570,   -0.000909,    0.001180,   -0.001307,   -0.000148
   51    -0.002113,    0.001419,    0.000260,   -0.000597,   -0.000178
   52     0.005498,    0.000446,    0.000505,    0.001500,   -0.000121
   53    -0.001568,   -0.001002,    0.001322,   -0.000389,   -0.000167
   54     0.000520,   -0.000195,    0.000004,    0.000150,    0.000017
   55     0.000950,    0.000141,    0.000014,    0.000263,   -0.000019
   56     0.000438,   -0.000187,    0.000295,    0.000119,   -0.000040
   57    -0.000318,    0.000258,    0.000095,   -0.000095,   -0.000046
   58     0.000497,    0.000127,    0.000096,    0.000131,   -0.000031
   59    -0.000000,    0.026926,   -0.006180,   -0.000000,   -0.001266
   60    -0.000000,    0.033588,   -0.007768,   -0.000000,   -0.001348
   61    -0.000000,    0.009385,   -0.002353,   -0.000000,   -0.000308
   62     0.000000,   -0.002438,    0.000589,    0.000000,    0.000111
   63     0.000000,    0.000145,    0.000615,   -0.000000,   -0.000132
   64     0.003436,    0.000000,   -0.000000,    0.000977,   -0.000000
   65     0.000000,   -0.002234,    0.000466,    0.000000,    0.000051
   66    -0.000000,    0.000007,    0.001224,   -0.000000,   -0.000222
   67     0.006478,    0.000000,   -0.000000,    0.001826,    0.000000
   68    -0.000000,    0.000003,   -0.000339,    0.000000,    0.000061
   69     0.000171,    0.000000,   -0.000000,    0.000055,    0.000000
   70     0.000000,   -0.000143,    0.000030,    0.000000,    0.000007
   71    -0.001573,   -0.000000,    0.000000,   -0.000442,    0.000000
   72    -0.000000,    0.000286,   -0.000111,   -0.000000,   -0.000002
   73     0.000000,    0.002822,    0.004093,   -0.000000,   -0.001304
   74     0.000000,    0.004885,    0.006861,   -0.000000,   -0.002705
   75    -0.000000,   -0.004990,   -0.005781,    0.000000,    0.004511
   76    -0.000000,   -0.008513,   -0.009498,    0.000000,    0.004363
   77    -0.000000,    0.010047,    0.013615,   -0.000000,   -0.000837
   78    -0.000000,   -0.009432,   -0.009945,    0.000000,    0.000415
   79    -0.000000,   -0.010585,   -0.032818,   -0.000000,    0.008169
   80    -0.008641,    0.000000,    0.000000,   -0.010727,   -0.000000
   81    -0.000000,   -0.006505,   -0.006596,    0.000000,    0.000090
   82    -0.000000,   -0.007190,   -0.024358,   -0.000000,    0.005960
   83    -0.009921,    0.000000,    0.000000,   -0.008491,   -0.000000
   84    -0.000000,   -0.002568,   -0.001801,   -0.000000,    0.000121
   85    -0.000000,    0.001919,   -0.002286,   -0.000000,    0.001353
   86    -0.005953,    0.000000,    0.000000,   -0.003724,   -0.000000
   87    -0.000000,    0.000509,   -0.001254,   -0.000000,    0.000226
   88     0.005388,   -0.000000,   -0.000000,    0.001797,    0.000000
   89     0.000000,   -0.000193,    0.001070,    0.000000,   -0.000268
   90     0.001512,    0.000000,    0.000000,    0.000300,   -0.000000
   91     0.000000,    0.001837,    0.000095,    0.000000,   -0.000088
   92    -0.000000,    0.001663,   -0.002131,   -0.000000,    0.000207
   93     0.014683,    0.000000,   -0.000000,    0.004335,    0.000000
   94     0.000000,   -0.000368,    0.002400,    0.000000,   -0.000480
   95     0.003205,   -0.000000,    0.000000,    0.000859,   -0.000000
   96    -0.000000,    0.004044,    0.000125,   -0.000000,   -0.000166
   97    -0.000000,    0.000534,   -0.000414,   -0.000000,    0.000016
   98     0.001814,    0.000000,   -0.000000,    0.000517,    0.000000
   99     0.000000,    0.000344,    0.000326,    0.000000,   -0.000110
  100    -0.001662,   -0.000000,    0.000000,   -0.000435,   -0.000000
  101     0.000000,   -0.000048,    0.000247,    0.000000,   -0.000005
  102    -0.001359,   -0.000000,   -0.000000,   -0.000394,    0.000000
  103     0.000000,   -0.000031,    0.000444,    0.000000,   -0.000142
  104     0.009150,   -0.001134,    0.005243,    0.005450,   -0.000936
  105     0.009155,   -0.000540,    0.006340,    0.006002,   -0.001134
  106     0.010279,   -0.001840,    0.001421,    0.003599,   -0.000363
  107    -0.000445,   -0.000086,   -0.000363,   -0.000233,    0.000046
  108    -0.000144,   -0.000071,   -0.000159,    0.000154,    0.000058
  109     0.000399,   -0.000014,    0.000534,    0.000277,   -0.000104
  110     0.000332,   -0.000422,   -0.000521,    0.000024,    0.000027
  111    -0.000979,   -0.000145,   -0.000751,   -0.000074,    0.000208
  112    -0.001397,    0.000532,    0.000544,   -0.000328,   -0.000083
  113    -0.000047,    0.000010,   -0.000035,   -0.000039,   -0.000010
  114    -0.000078,   -0.000020,   -0.000109,    0.000009,    0.000027
  115     0.000118,    0.000027,    0.000164,    0.000017,   -0.000037
  116    -0.000100,   -0.000069,   -0.000191,   -0.000045,    0.000021
  117     0.000213,    0.000077,    0.000141,    0.000043,   -0.000030
  118    -0.009150,   -0.001134,    0.005243,   -0.005450,   -0.000936
  119    -0.009155,   -0.000540,    0.006340,   -0.006002,   -0.001134
  120    -0.010279,   -0.001840,    0.001421,   -0.003599,   -0.000363
  121     0.000445,   -0.000086,   -0.000363,    0.000233,    0.000046
  122     0.000144,   -0.000071,   -0.000159,   -0.000154,    0.000058
  123     0.000399,    0.000014,   -0.000534,    0.000277,    0.000104
  124    -0.000332,   -0.000422,   -0.000521,   -0.000024,    0.000027
  125     0.000979,   -0.000145,   -0.000751,    0.000074,    0.000208
  126    -0.001397,   -0.000532,   -0.000544,   -0.000328,    0.000083
  127     0.000047,    0.000010,   -0.000035,    0.000039,   -0.000010
  128    -0.000078,    0.000020,    0.000109,    0.000009,   -0.000027
  129    -0.000118,    0.000027,    0.000164,   -0.000017,   -0.000037
  130    -0.000100,    0.000069,    0.000191,   -0.000045,   -0.000021
  131    -0.000213,    0.000077,    0.000141,   -0.000043,   -0.000030
  132     0.000000,   -0.000549,    0.000020,    0.000000,   -0.000095
  133     0.000000,   -0.002865,   -0.000510,   -0.000000,   -0.000132
  134    -0.000000,    0.011034,    0.002636,    0.000000,    0.000012
  135    -0.000000,    0.010275,    0.001613,   -0.000000,   -0.000342
  136     0.000000,   -0.009089,   -0.009189,    0.000000,    0.000279
  137    -0.000000,    0.006164,   -0.003401,   -0.000000,    0.002037
  138     0.000000,   -0.010607,   -0.006246,   -0.000000,    0.000149
  139    -0.013988,   -0.000000,   -0.000000,   -0.004716,    0.000000
  140     0.000000,    0.004693,   -0.000939,    0.000000,    0.001115
  141     0.000000,   -0.006781,   -0.004522,   -0.000000,    0.000152
  142    -0.011556,   -0.000000,   -0.000000,   -0.003746,   -0.000000
  143     0.000000,    0.000827,   -0.002720,    0.000000,    0.000316
  144     0.000000,   -0.000321,    0.000452,   -0.000000,   -0.000222
  145    -0.003874,   -0.000000,   -0.000000,   -0.000751,   -0.000000
  146    -0.000000,   -0.000391,   -0.000572,   -0.000000,    0.000197
  147    -0.000179,   -0.000000,   -0.000000,   -0.000098,    0.000000
  148     0.000000,   -0.000083,    0.000039,    0.000000,   -0.000111
  149    -0.000040,    0.000000,    0.000000,   -0.000215,   -0.000000
  150    -0.000000,    0.000474,    0.000302,    0.000000,    0.000142
  151    -0.000000,   -0.001466,   -0.000966,   -0.000000,    0.000323
  152    -0.000225,   -0.000000,   -0.000000,   -0.000171,   -0.000000
  153    -0.000000,    0.000490,   -0.000767,   -0.000000,   -0.000039
  154     0.000024,    0.000000,    0.000000,   -0.000458,    0.000000
  155     0.000000,    0.000939,    0.000911,    0.000000,    0.000189
  156    -0.000000,   -0.000369,   -0.000540,   -0.000000,    0.000080
  157     0.000451,    0.000000,    0.000000,    0.000166,   -0.000000
  158    -0.000000,    0.000107,   -0.000018,   -0.000000,   -0.000026
  159    -0.000119,   -0.000000,   -0.000000,    0.000006,   -0.000000
  160    -0.000000,   -0.000038,    0.000076,    0.000000,   -0.000015
  161    -0.000112,    0.000000,    0.000000,   -0.000134,    0.000000
  162    -0.000000,    0.000121,   -0.000097,   -0.000000,    0.000046
  163     0.003740,   -0.000969,    0.000025,    0.001164,   -0.000435
  164     0.001928,   -0.001396,    0.001073,    0.000685,   -0.000606
  165    -0.001298,    0.000332,    0.000533,   -0.000328,   -0.000253
  166     0.000252,    0.000016,   -0.000102,    0.000105,    0.000021
  167    -0.000233,   -0.000127,   -0.000113,   -0.000071,    0.000020
  168     0.000262,   -0.000103,    0.000007,    0.000086,   -0.000035
  169    -0.000986,   -0.000258,   -0.000202,   -0.000220,    0.000058
  170    -0.000558,   -0.000780,   -0.000749,   -0.000125,    0.000040
  171    -0.000547,   -0.000177,    0.000156,   -0.000150,   -0.000031
  172    -0.000215,   -0.000052,    0.000022,   -0.000076,    0.000001
  173     0.000011,   -0.000074,   -0.000087,    0.000006,    0.000008
  174     0.000017,   -0.000059,   -0.000042,    0.000002,   -0.000010
  175    -0.000012,   -0.000040,   -0.000086,    0.000006,    0.000019
  176    -0.000097,   -0.000079,   -0.000083,   -0.000014,    0.000015
  177    -0.003740,   -0.000969,    0.000025,   -0.001164,   -0.000435
  178    -0.001928,   -0.001396,    0.001073,   -0.000685,   -0.000606
  179     0.001298,    0.000332,    0.000533,    0.000328,   -0.000253
  180    -0.000252,    0.000016,   -0.000102,   -0.000105,    0.000021
  181     0.000233,   -0.000127,   -0.000113,    0.000071,    0.000020
  182     0.000262,    0.000103,   -0.000007,    0.000086,    0.000035
  183     0.000986,   -0.000258,   -0.000202,    0.000220,    0.000058
  184     0.000558,   -0.000780,   -0.000749,    0.000125,    0.000040
  185    -0.000547,    0.000177,   -0.000156,   -0.000150,    0.000031
  186     0.000215,   -0.000052,    0.000022,    0.000076,    0.000001
  187     0.000011,    0.000074,    0.000087,    0.000006,   -0.000008
  188    -0.000017,   -0.000059,   -0.000042,   -0.000002,   -0.000010
  189    -0.000012,    0.000040,    0.000086,    0.000006,   -0.000019
  190     0.000097,   -0.000079,   -0.000083,    0.000014,    0.000015
  191     0.000000,   -0.000009,   -0.000008,   -0.000000,    0.000000
  192    -0.000000,    0.000004,   -0.000002,    0.000000,   -0.000001
  193    -0.000000,    0.001473,    0.001164,    0.000000,   -0.000013
  194    -0.000000,    0.015078,    0.012147,    0.000000,   -0.000130
  195     0.000000,   -0.042466,   -0.034058,   -0.000000,    0.000459
  196    -0.000000,   -0.009223,   -0.008126,   -0.000000,    0.000067
  197    -0.000000,   -0.000031,   -0.000093,   -0.000000,   -0.000004
  198    -0.000000,    0.000057,    0.000079,    0.000000,    0.000003
  199     0.000052,    0.000000,    0.000000,    0.000042,    0.000000
  200     0.000000,    0.000729,    0.002164,    0.000000,    0.000092
  201     0.000000,   -0.001330,   -0.001836,   -0.000000,   -0.000071
  202    -0.001208,   -0.000000,   -0.000000,   -0.000983,   -0.000000
  203    -0.000000,   -0.004088,   -0.011464,   -0.000000,   -0.000460
  204    -0.000000,    0.006492,    0.009272,    0.000000,    0.000391
  205     0.006400,    0.000000,    0.000000,    0.005159,    0.000000
  206    -0.000000,   -0.006382,   -0.020388,   -0.000000,   -0.000851
  207    -0.000000,    0.013816,    0.018008,    0.000000,    0.000700
  208     0.011617,    0.000000,    0.000000,    0.009374,    0.000000
  209    -0.000000,   -0.003099,   -0.008509,   -0.000000,   -0.000324
  210    -0.000000,    0.006151,    0.007999,    0.000000,    0.000373
  211     0.005907,    0.000000,    0.000000,    0.004289,    0.000000
  212    -0.000000,   -0.000000,   -0.000003,   -0.000000,    0.000000
  213    -0.000002,    0.000000,    0.000000,   -0.000000,   -0.000000
  214     0.000000,   -0.000000,    0.000001,    0.000000,   -0.000000
  215    -0.000001,   -0.000000,   -0.000000,   -0.000000,   -0.000000
  216     0.000000,   -0.000000,   -0.000001,    0.000000,    0.000000
  217     0.000000,   -0.000031,    0.000076,    0.000000,   -0.000003
  218     0.000073,   -0.000000,   -0.000000,    0.000015,    0.000000
  219    -0.000000,    0.000028,   -0.000023,   -0.000000,   -0.000002
  220     0.000047,    0.000000,    0.000000,    0.000012,    0.000000
  221    -0.000000,    0.000014,    0.000037,   -0.000000,   -0.000006
  222    -0.000000,    0.000587,   -0.000089,   -0.000000,   -0.000021
  223    -0.000422,   -0.000000,   -0.000000,   -0.000053,   -0.000000
  224     0.000000,   -0.000380,   -0.000146,    0.000000,    0.000032
  225    -0.000344,    0.000000,    0.000000,   -0.000082,   -0.000000
  226     0.000000,   -0.000190,   -0.000367,   -0.000000,    0.000018
  227    -0.000000,    0.001512,    0.000768,   -0.000000,   -0.000043
  228    -0.000009,   -0.000000,    0.000000,    0.000096,    0.000000
  229     0.000000,   -0.000965,   -0.000763,   -0.000000,    0.000037
  230    -0.000350,    0.000000,    0.000000,   -0.000084,    0.000000
  231    -0.000000,   -0.000894,   -0.000838,   -0.000000,   -0.000033
  232    -0.000000,    0.000024,   -0.000230,   -0.000000,    0.000002
  233    -0.000149,    0.000000,    0.000000,   -0.000019,   -0.000000
  234     0.000000,   -0.000284,   -0.000192,   -0.000000,    0.000011
  235     0.000137,   -0.000000,   -0.000000,    0.000018,    0.000000
  236     0.000000,   -0.000163,   -0.000058,    0.000000,    0.000011
  237    -0.000054,    0.000000,    0.000000,   -0.000051,   -0.000000
  238     0.000000,   -0.000434,   -0.000144,   -0.000000,   -0.000003
                15,          16,          17,          18,          19
    0     0.000000,    0.000312,   -0.000000,    0.000283,   -0.003988
    1     0.000000,    0.000422,   -0.000000,    0.000383,   -0.005859
    2    -0.000000,   -0.000022,    0.000000,    0.000059,    0.002762
    3     0.000000,    0.000405,   -0.000000,    0.000007,    0.002039
    4     0.000000,    0.000382,   -0.000000,    0.000816,   -0.000663
    5    -0.000000,   -0.005252,    0.000000,    0.011151,   -0.004548
    6     0.000000,    0.009910,   -0.000000,    0.001358,   -0.006133
    7     0.011891,   -0.000000,   -0.005777,    0.000000,    0.000000
    8     0.000000,   -0.003655,   -0.000000,    0.007384,   -0.003124
    9    -0.000000,    0.006390,    0.000000,    0.000668,   -0.004151
   10     0.008219,    0.000000,   -0.003905,    0.000000,    0.000000
   11    -0.000000,   -0.001231,   -0.000000,    0.002057,   -0.000503
   12    -0.000000,    0.001685,    0.000000,   -0.000097,   -0.000840
   13     0.002530,   -0.000000,   -0.001056,    0.000000,    0.000000
   14    -0.000000,   -0.000247,    0.000000,   -0.000157,    0.000377
   15     0.000609,   -0.000000,   -0.000161,    0.000000,    0.000000
   16    -0.000000,    0.000426,    0.000000,   -0.000126,   -0.000208
   17    -0.000161,    0.000000,    0.000113,   -0.000000,   -0.000000
   18     0.000000,   -0.000126,   -0.000000,    0.000534,   -0.000095
   19     0.000000,   -0.000208,   -0.000000,   -0.000095,    0.000550
   20     0.000834,    0.000000,   -0.000076,   -0.000000,    0.000000
   21    -0.000000,    0.000329,    0.000000,   -0.000085,   -0.000235
   22    -0.000142,   -0.000000,    0.000133,    0.000000,    0.000000
   23     0.000000,   -0.000021,   -0.000000,    0.000513,   -0.000103
   24    -0.000000,   -0.000025,    0.000000,   -0.000050,   -0.000069
   25    -0.000057,   -0.000000,   -0.000020,    0.000000,   -0.000000
   26     0.000000,   -0.000027,    0.000000,   -0.000049,    0.000056
   27     0.000037,    0.000000,    0.000026,   -0.000000,    0.000000
   28    -0.000000,   -0.000026,    0.000000,   -0.000025,    0.000067
   29     0.000014,   -0.000000,    0.000025,    0.000000,    0.000000
   30     0.000000,   -0.000063,   -0.000000,   -0.000053,    0.000114
   31     0.004481,    0.002908,   -0.002001,   -0.001010,   -0.000493
   32     0.005366,    0.003502,   -0.002411,   -0.001278,   -0.000593
   33     0.001901,    0.000982,   -0.000703,   -0.000565,   -0.000250
   34     0.000141,    0.000008,   -0.000059,    0.000139,   -0.000084
   35    -0.000272,   -0.000046,    0.000140,    0.000077,   -0.000072
   36    -0.000248,   -0.000291,    0.000114,    0.000090,    0.000042
   37     0.000088,   -0.000044,   -0.000054,    0.000278,   -0.000138
   38    -0.000259,    0.000074,    0.000155,    0.000078,   -0.000184
   39    -0.000051,   -0.000312,    0.000054,    0.000069,   -0.000010
   40    -0.000026,    0.000013,    0.000013,   -0.000029,    0.000014
   41     0.000047,    0.000005,   -0.000026,   -0.000022,    0.000042
   42    -0.000018,    0.000069,    0.000013,   -0.000017,   -0.000017
   43    -0.000021,   -0.000003,    0.000007,   -0.000053,    0.000038
   44    -0.000017,    0.000011,    0.000015,    0.000035,   -0.000031
   45    -0.004481,    0.002908,    0.002001,   -0.001010,   -0.000493
   46    -0.005366,    0.003502,    0.002411,   -0.001278,   -0.000593
   47    -0.001901,    0.000982,    0.000703,   -0.000565,   -0.000250
   48    -0.000141,    0.000008,    0.000059,    0.000139,   -0.000084
   49     0.000272,   -0.000046,   -0.000140,    0.000077,   -0.000072
   50    -0.000248,    0.000291,    0.000114,   -0.000090,   -0.000042
   51    -0.000088,   -0.000044,    0.000054,    0.000278,   -0.000138
   52     0.000259,    0.000074,   -0.000155,    0.000078,   -0.000184
   53    -0.000051,    0.000312,    0.000054,   -0.000069,    0.000010
   54     0.000026,    0.000013,   -0.000013,   -0.000029,    0.000014
   55     0.000047,   -0.000005,   -0.000026,    0.000022,   -0.000042
   56     0.000018,    0.000069,   -0.000013,   -0.000017,   -0.000017
   57    -0.000021,    0.000003,    0.000007,    0.000053,   -0.000038
   58     0.000017,    0.000011,   -0.000015,    0.000035,   -0.000031
   59    -0.000000,   -0.002833,    0.000000,    0.004974,   -0.000878
   60    -0.000000,   -0.003610,    0.000000,    0.006159,   -0.000805
   61    -0.000000,   -0.001085,    0.000000,    0.001876,   -0.000105
   62     0.000000,    0.000261,   -0.000000,   -0.000430,    0.000066
   63    -0.000000,    0.000114,    0.000000,    0.000094,   -0.000091
   64     0.000180,   -0.000000,   -0.000087,    0.000000,    0.000000
   65     0.000000,    0.000243,   -0.000000,   -0.000346,   -0.000061
   66    -0.000000,    0.000229,    0.000000,    0.000127,   -0.000122
   67     0.000323,   -0.000000,   -0.000168,    0.000000,    0.000000
   68    -0.000000,   -0.000066,   -0.000000,   -0.000039,    0.000034
   69     0.000014,   -0.000000,   -0.000003,    0.000000,    0.000000
   70     0.000000,    0.000014,   -0.000000,   -0.000026,   -0.000002
   71    -0.000078,    0.000000,    0.000041,   -0.000000,   -0.000000
   72    -0.000000,   -0.000040,    0.000000,    0.000042,    0.000014
   73    -0.000000,    0.000968,    0.000000,    0.001078,   -0.001835
   74    -0.000000,    0.001979,    0.000000,    0.002231,   -0.003410
   75     0.000000,   -0.003214,   -0.000000,   -0.003799,    0.004590
   76    -0.000000,   -0.003096,   -0.000000,   -0.003378,    0.004111
   77    -0.000000,    0.000735,    0.000000,   -0.000907,   -0.000412
   78    -0.000000,   -0.001244,    0.000000,   -0.007064,   -0.002930
   79    -0.000000,   -0.005412,    0.000000,   -0.001651,    0.009716
   80    -0.008063,   -0.000000,   -0.001853,   -0.000000,   -0.000000
   81     0.000000,   -0.000760,    0.000000,   -0.004535,   -0.002207
   82    -0.000000,   -0.004024,    0.000000,   -0.001348,    0.006770
   83    -0.005713,    0.000000,   -0.001148,   -0.000000,   -0.000000
   84    -0.000000,   -0.000206,    0.000000,   -0.001062,   -0.000323
   85    -0.000000,   -0.000930,    0.000000,   -0.000306,    0.001890
   86    -0.001908,    0.000000,   -0.000298,    0.000000,   -0.000000
   87    -0.000000,   -0.000254,    0.000000,   -0.000077,    0.000205
   88     0.000550,   -0.000000,   -0.000072,    0.000000,    0.000000
   89    -0.000000,    0.000205,   -0.000000,   -0.000111,   -0.000369
   90    -0.000073,   -0.000000,   -0.000059,    0.000000,   -0.000000
   91     0.000000,   -0.000103,   -0.000000,    0.000528,   -0.000001
   92    -0.000000,   -0.000405,    0.000000,   -0.000123,   -0.000032
   93     0.001006,   -0.000000,   -0.000344,    0.000000,    0.000000
   94     0.000000,    0.000402,   -0.000000,   -0.000022,   -0.000459
   95     0.000002,    0.000000,   -0.000064,   -0.000000,   -0.000000
   96    -0.000000,   -0.000278,    0.000000,    0.000790,   -0.000101
   97    -0.000000,   -0.000121,    0.000000,    0.000125,    0.000014
   98     0.000092,   -0.000000,   -0.000045,    0.000000,    0.000000
   99     0.000000,    0.000067,    0.000000,    0.000083,   -0.000115
  100    -0.000064,    0.000000,    0.000056,   -0.000000,   -0.000000
  101     0.000000,    0.000036,   -0.000000,    0.000028,    0.000019
  102    -0.000065,   -0.000000,    0.000027,    0.000000,    0.000000
  103     0.000000,    0.000118,   -0.000000,    0.000026,   -0.000163
  104     0.003187,    0.000603,    0.000472,   -0.001368,   -0.001687
  105     0.003738,    0.000770,    0.000624,   -0.001628,   -0.002014
  106     0.001546,    0.000391,   -0.000068,   -0.000530,   -0.000696
  107    -0.000117,   -0.000049,   -0.000016,   -0.000058,    0.000020
  108     0.000172,   -0.000057,    0.000052,   -0.000099,    0.000031
  109     0.000173,    0.000058,    0.000030,   -0.000121,   -0.000178
  110    -0.000081,   -0.000061,   -0.000034,   -0.000090,   -0.000008
  111     0.000125,   -0.000164,    0.000079,   -0.000131,    0.000215
  112    -0.000015,    0.000023,    0.000059,   -0.000167,   -0.000189
  113    -0.000024,   -0.000001,   -0.000006,   -0.000007,   -0.000023
  114     0.000026,   -0.000028,    0.000010,   -0.000034,    0.000020
  115    -0.000009,    0.000023,   -0.000008,   -0.000023,   -0.000055
  116    -0.000021,   -0.000027,   -0.000002,   -0.000026,    0.000009
  117    -0.000004,    0.000024,   -0.000009,    0.000028,   -0.000028
  118    -0.003187,    0.000603,   -0.000472,   -0.001368,   -0.001687
  119    -0.003738,    0.000770,   -0.000624,   -0.001628,   -0.002014
  120    -0.001546,    0.000391,    0.000068,   -0.000530,   -0.000696
  121     0.000117,   -0.000049,    0.000016,   -0.000058,    0.000020
  122    -0.000172,   -0.000057,   -0.000052,   -0.000099,    0.000031
  123     0.000173,   -0.000058,    0.000030,    0.000121,    0.000178
  124     0.000081,   -0.000061,    0.000034,   -0.000090,   -0.000008
  125    -0.000125,   -0.000164,   -0.000079,   -0.000131,    0.000215
  126    -0.000015,   -0.000023,    0.000059,    0.000167,    0.000189
  127     0.000024,   -0.000001,    0.000006,   -0.000007,   -0.000023
  128     0.000026,    0.000028,    0.000010,    0.000034,   -0.000020
  129     0.000009,    0.000023,    0.000008,   -0.000023,   -0.000055
  130    -0.000021,    0.000027,   -0.000002,    0.000026,   -0.000009
  131     0.000004,    0.000024,    0.000009,    0.000028,   -0.000028
  132    -0.000000,    0.000213,    0.000000,   -0.000742,   -0.000741
  133    -0.000000,    0.000390,    0.000000,   -0.001575,   -0.001123
  134    -0.000000,   -0.000571,   -0.000000,    0.002882,    0.000628
  135     0.000000,   -0.000424,    0.000000,    0.002638,    0.000054
  136     0.000000,   -0.000537,   -0.000000,    0.000621,    0.000109
  137     0.000000,   -0.001357,   -0.000000,    0.005218,    0.004472
  138     0.000000,   -0.000604,   -0.000000,    0.000407,   -0.000041
  139     0.000009,    0.000000,   -0.000346,    0.000000,    0.000000
  140     0.000000,   -0.000717,   -0.000000,    0.003656,    0.002836
  141    -0.000000,   -0.000506,    0.000000,    0.000253,   -0.000059
  142     0.000127,    0.000000,   -0.000167,   -0.000000,    0.000000
  143     0.000000,   -0.000377,   -0.000000,    0.000985,    0.000437
  144    -0.000000,    0.000094,   -0.000000,   -0.000066,   -0.000479
  145     0.000229,    0.000000,    0.000051,   -0.000000,    0.000000
  146    -0.000000,   -0.000093,    0.000000,   -0.000106,    0.000265
  147     0.000075,   -0.000000,   -0.000017,    0.000000,    0.000000
  148    -0.000000,    0.000035,    0.000000,   -0.000065,   -0.000207
  149    -0.000198,   -0.000000,   -0.000037,    0.000000,   -0.000000
  150     0.000000,   -0.000077,   -0.000000,    0.000211,    0.000344
  151    -0.000000,   -0.000128,    0.000000,   -0.000188,    0.000499
  152     0.000209,    0.000000,    0.000001,   -0.000000,    0.000000
  153    -0.000000,   -0.000107,    0.000000,   -0.000090,   -0.000258
  154    -0.000486,   -0.000000,   -0.000103,    0.000000,   -0.000000
  155     0.000000,   -0.000131,    0.000000,    0.000203,    0.000539
  156    -0.000000,   -0.000046,    0.000000,   -0.000057,    0.000047
  157     0.000030,    0.000000,   -0.000004,    0.000000,   -0.000000
  158    -0.000000,   -0.000002,    0.000000,    0.000035,   -0.000040
  159     0.000052,    0.000000,    0.000017,   -0.000000,    0.000000
  160    -0.000000,    0.000014,    0.000000,   -0.000065,   -0.000034
  161    -0.000082,   -0.000000,   -0.000022,    0.000000,   -0.000000
  162     0.000000,   -0.000039,    0.000000,    0.000087,    0.000096
  163    -0.000323,    0.000070,    0.000107,   -0.000083,   -0.000789
  164    -0.000392,    0.000239,    0.000198,   -0.000215,   -0.000966
  165    -0.000463,    0.000081,    0.000077,   -0.000106,   -0.000470
  166     0.000018,   -0.000021,    0.000009,    0.000073,    0.000041
  167     0.000008,   -0.000009,   -0.000007,    0.000014,    0.000029
  168    -0.000009,    0.000004,    0.000006,   -0.000018,   -0.000066
  169    -0.000029,   -0.000021,    0.000047,    0.000133,    0.000126
  170    -0.000064,   -0.000041,    0.000003,    0.000024,    0.000005
  171     0.000033,    0.000012,    0.000025,   -0.000012,   -0.000016
  172    -0.000018,    0.000005,    0.000001,   -0.000024,   -0.000001
  173     0.000003,   -0.000007,   -0.000001,    0.000009,    0.000007
  174    -0.000001,   -0.000002,   -0.000003,   -0.000006,   -0.000022
  175     0.000004,   -0.000014,    0.000004,    0.000027,    0.000031
  176    -0.000001,   -0.000010,    0.000005,    0.000014,    0.000022
  177     0.000323,    0.000070,   -0.000107,   -0.000083,   -0.000789
  178     0.000392,    0.000239,   -0.000198,   -0.000215,   -0.000966
  179     0.000463,    0.000081,   -0.000077,   -0.000106,   -0.000470
  180    -0.000018,   -0.000021,   -0.000009,    0.000073,    0.000041
  181    -0.000008,   -0.000009,    0.000007,    0.000014,    0.000029
  182    -0.000009,   -0.000004,    0.000006,    0.000018,    0.000066
  183     0.000029,   -0.000021,   -0.000047,    0.000133,    0.000126
  184     0.000064,   -0.000041,   -0.000003,    0.000024,    0.000005
  185     0.000033,   -0.000012,    0.000025,    0.000012,    0.000016
  186     0.000018,    0.000005,   -0.000001,   -0.000024,   -0.000001
  187     0.000003,    0.000007,   -0.000001,   -0.000009,   -0.000007
  188     0.000001,   -0.000002,    0.000003,   -0.000006,   -0.000022
  189     0.000004,    0.000014,    0.000004,   -0.000027,   -0.000031
  190     0.000001,   -0.000010,   -0.000005,    0.000014,    0.000022
  191     0.000000,   -0.000000,   -0.000000,    0.000000,    0.000000
  192     0.000000,   -0.000000,   -0.000000,    0.000001,   -0.000001
  193     0.000000,    0.000013,    0.000000,   -0.000005,   -0.000007
  194    -0.000000,    0.000153,    0.000000,   -0.000083,   -0.000080
  195     0.000000,   -0.000494,   -0.000000,    0.000321,    0.000396
  196    -0.000000,   -0.000095,    0.000000,   -0.000041,   -0.000122
  197    -0.000000,    0.000003,    0.000000,   -0.000008,   -0.000030
  198    -0.000000,    0.000001,    0.000000,   -0.000009,    0.000014
  199     0.000005,    0.000000,    0.000002,   -0.000000,   -0.000000
  200     0.000000,   -0.000069,   -0.000000,    0.000189,    0.000696
  201     0.000000,   -0.000030,   -0.000000,    0.000214,   -0.000331
  202    -0.000115,   -0.000000,   -0.000043,    0.000000,    0.000000
  203    -0.000000,    0.000345,    0.000000,   -0.000982,   -0.003594
  204    -0.000000,    0.000137,    0.000000,   -0.001066,    0.001774
  205     0.000609,    0.000000,    0.000225,   -0.000000,   -0.000000
  206    -0.000000,    0.000642,    0.000000,   -0.001865,   -0.006643
  207    -0.000000,    0.000259,    0.000000,   -0.002102,    0.003133
  208     0.001090,    0.000000,    0.000402,   -0.000000,   -0.000000
  209    -0.000000,    0.000245,    0.000000,   -0.000905,   -0.002799
  210     0.000000,    0.000045,    0.000000,   -0.000610,    0.001530
  211     0.000442,    0.000000,    0.000177,    0.000000,   -0.000000
  212     0.000000,   -0.000000,    0.000000,   -0.000000,   -0.000000
  213    -0.000000,    0.000000,    0.000000,   -0.000000,   -0.000000
  214     0.000000,    0.000000,   -0.000000,    0.000000,    0.000000
  215    -0.000000,    0.000000,    0.000000,   -0.000000,   -0.000000
  216     0.000000,   -0.000000,    0.000000,    0.000000,    0.000000
  217    -0.000000,    0.000005,   -0.000000,    0.000003,    0.000006
  218     0.000001,   -0.000000,   -0.000000,    0.000000,    0.000000
  219    -0.000000,   -0.000000,    0.000000,   -0.000008,   -0.000010
  220     0.000001,   -0.000000,   -0.000000,    0.000000,    0.000000
  221    -0.000000,    0.000004,    0.000000,   -0.000023,   -0.000008
  222    -0.000000,    0.000013,    0.000000,   -0.000003,   -0.000079
  223     0.000019,    0.000000,    0.000002,   -0.000000,    0.000000
  224     0.000000,   -0.000024,   -0.000000,    0.000050,    0.000064
  225    -0.000017,    0.000000,    0.000000,   -0.000000,   -0.000000
  226     0.000000,   -0.000017,   -0.000000,    0.000172,    0.000014
  227    -0.000000,    0.000051,    0.000000,   -0.000080,   -0.000133
  228     0.000025,   -0.000000,   -0.000001,    0.000000,    0.000000
  229    -0.000000,   -0.000046,   -0.000000,    0.000099,    0.000067
  230    -0.000056,   -0.000000,   -0.000000,    0.000000,   -0.000000
  231    -0.000000,    0.000009,   -0.000000,    0.000153,   -0.000090
  232    -0.000000,   -0.000004,    0.000000,    0.000071,   -0.000023
  233    -0.000006,    0.000000,   -0.000000,   -0.000000,   -0.000000
  234     0.000000,   -0.000013,   -0.000000,    0.000048,    0.000023
  235     0.000006,   -0.000000,    0.000001,   -0.000000,    0.000000
  236     0.000000,   -0.000011,   -0.000000,    0.000009,    0.000028
  237    -0.000027,    0.000000,   -0.000000,   -0.000000,   -0.000000
  238     0.000000,   -0.000003,   -0.000000,    0.000049,    0.000015
                20,          21,          22,          23,          24
    0     0.000000,    0.002444,   -0.000000,    0.003310,   -0.000421
    1     0.000000,    0.003619,   -0.000000,    0.004730,   -0.000533
    2    -0.000000,   -0.001776,    0.000000,   -0.001625,   -0.000123
    3    -0.000000,   -0.001066,    0.000000,   -0.001369,   -0.000069
    4     0.000000,   -0.000488,    0.000000,    0.002011,   -0.000312
    5    -0.000000,   -0.004063,    0.000000,    0.007771,    0.000720
    6     0.000000,    0.006816,   -0.000000,    0.003316,   -0.000939
    7     0.010843,   -0.000000,   -0.006438,    0.000000,   -0.000000
    8    -0.000000,   -0.003032,    0.000000,    0.005355,    0.000501
    9     0.000000,    0.004934,   -0.000000,    0.001995,   -0.000603
   10     0.007659,   -0.000000,   -0.004369,    0.000000,   -0.000000
   11    -0.000000,   -0.000633,    0.000000,    0.001143,    0.000143
   12    -0.000000,    0.001220,   -0.000000,   -0.000082,   -0.000081
   13     0.002650,   -0.000000,   -0.001162,    0.000000,   -0.000000
   14    -0.000000,   -0.000188,    0.000000,   -0.000150,   -0.000021
   15     0.000834,   -0.000000,   -0.000142,    0.000000,   -0.000000
   16     0.000000,    0.000329,   -0.000000,   -0.000021,   -0.000025
   17    -0.000076,    0.000000,    0.000133,   -0.000000,    0.000000
   18    -0.000000,   -0.000085,    0.000000,    0.000513,   -0.000050
   19     0.000000,   -0.000235,    0.000000,   -0.000103,   -0.000069
   20     0.001445,   -0.000000,    0.000007,    0.000000,    0.000000
   21    -0.000000,    0.000560,    0.000000,   -0.000073,   -0.000019
   22     0.000007,    0.000000,    0.000174,   -0.000000,    0.000000
   23     0.000000,   -0.000073,   -0.000000,    0.000720,   -0.000107
   24     0.000000,   -0.000019,    0.000000,   -0.000107,    0.000044
   25    -0.000149,    0.000000,   -0.000033,    0.000000,   -0.000000
   26    -0.000000,   -0.000025,    0.000000,   -0.000068,    0.000004
   27     0.000123,   -0.000000,    0.000039,   -0.000000,    0.000000
   28     0.000000,   -0.000028,    0.000000,   -0.000016,   -0.000007
   29     0.000079,   -0.000000,    0.000038,   -0.000000,    0.000000
   30    -0.000000,   -0.000066,    0.000000,   -0.000072,   -0.000000
   31     0.004453,    0.001674,   -0.002173,   -0.000573,   -0.000257
   32     0.005314,    0.001784,   -0.002590,   -0.000738,   -0.000271
   33     0.002206,    0.000643,   -0.000682,   -0.000476,   -0.000014
   34     0.000147,   -0.000011,   -0.000063,    0.000098,    0.000004
   35    -0.000232,   -0.000010,    0.000158,    0.000075,    0.000008
   36    -0.000239,   -0.000165,    0.000125,    0.000047,    0.000028
   37     0.000054,   -0.000074,   -0.000074,    0.000166,    0.000019
   38    -0.000180,    0.000181,    0.000167,    0.000080,    0.000002
   39     0.000009,   -0.000070,    0.000057,    0.000031,    0.000034
   40    -0.000024,    0.000014,    0.000015,   -0.000010,   -0.000006
   41     0.000037,   -0.000013,   -0.000028,   -0.000024,   -0.000004
   42    -0.000009,    0.000043,    0.000015,   -0.000010,   -0.000005
   43    -0.000026,    0.000007,    0.000007,   -0.000035,   -0.000004
   44    -0.000003,    0.000010,    0.000018,    0.000035,   -0.000002
   45    -0.004453,    0.001674,    0.002173,   -0.000573,   -0.000257
   46    -0.005314,    0.001784,    0.002590,   -0.000738,   -0.000271
   47    -0.002206,    0.000643,    0.000682,   -0.000476,   -0.000014
   48    -0.000147,   -0.000011,    0.000063,    0.000098,    0.000004
   49     0.000232,   -0.000010,   -0.000158,    0.000075,    0.000008
   50    -0.000239,    0.000165,    0.000125,   -0.000047,   -0.000028
   51    -0.000054,   -0.000074,    0.000074,    0.000166,    0.000019
   52     0.000180,    0.000181,   -0.000167,    0.000080,    0.000002
   53     0.000009,    0.000070,    0.000057,   -0.000031,   -0.000034
   54     0.000024,    0.000014,   -0.000015,   -0.000010,   -0.000006
   55     0.000037,    0.000013,   -0.000028,    0.000024,    0.000004
   56     0.000009,    0.000043,   -0.000015,   -0.000010,   -0.000005
   57    -0.000026,   -0.000007,    0.000007,    0.000035,    0.000004
   58     0.000003,    0.000010,   -0.000018,    0.000035,   -0.000002
   59    -0.000000,   -0.002549,    0.000000,    0.003180,    0.000237
   60    -0.000000,   -0.002827,    0.000000,    0.003735,    0.000252
   61    -0.000000,   -0.001053,    0.000000,    0.001364,    0.000005
   62     0.000000,    0.000241,   -0.000000,   -0.000241,   -0.000031
   63     0.000000,    0.000073,   -0.000000,    0.000108,   -0.000018
   64     0.000166,   -0.000000,   -0.000097,    0.000000,   -0.000000
   65     0.000000,    0.000121,   -0.000000,   -0.000045,   -0.000030
   66     0.000000,    0.000119,   -0.000000,    0.000153,   -0.000037
   67     0.000270,   -0.000000,   -0.000193,    0.000000,   -0.000000
   68    -0.000000,   -0.000041,    0.000000,   -0.000053,    0.000013
   69     0.000021,   -0.000000,   -0.000002,    0.000000,   -0.000000
   70     0.000000,    0.000016,   -0.000000,   -0.000009,   -0.000002
   71    -0.000064,    0.000000,    0.000047,   -0.000000,    0.000000
   72    -0.000000,   -0.000039,    0.000000,    0.000005,    0.000007
   73     0.000000,   -0.000137,   -0.000000,    0.003304,   -0.000349
   74     0.000000,    0.000151,   -0.000000,    0.005767,   -0.000530
   75    -0.000000,   -0.001591,    0.000000,   -0.006709,    0.000353
   76    -0.000000,   -0.002028,    0.000000,   -0.005328,    0.000226
   77    -0.000000,    0.002175,   -0.000000,   -0.003394,    0.000563
   78    -0.000000,   -0.003114,   -0.000000,   -0.009183,    0.003024
   79    -0.000000,   -0.004885,    0.000000,    0.000122,   -0.001260
   80    -0.019351,    0.000000,   -0.003719,    0.000000,   -0.000000
   81     0.000000,   -0.002353,   -0.000000,   -0.005655,    0.002000
   82    -0.000000,   -0.002958,    0.000000,   -0.000337,   -0.000815
   83    -0.013356,    0.000000,   -0.002400,    0.000000,    0.000000
   84     0.000000,   -0.000955,   -0.000000,   -0.001124,    0.000413
   85    -0.000000,   -0.000411,    0.000000,   -0.000709,   -0.000134
   86    -0.004209,    0.000000,   -0.000559,    0.000000,   -0.000000
   87    -0.000000,   -0.000038,    0.000000,   -0.000233,    0.000037
   88     0.000909,   -0.000000,   -0.000012,    0.000000,   -0.000000
   89     0.000000,    0.000074,   -0.000000,   -0.000159,    0.000088
   90    -0.000265,    0.000000,   -0.000116,    0.000000,   -0.000000
   91    -0.000000,    0.000061,    0.000000,    0.000528,   -0.000098
   92    -0.000000,    0.000296,    0.000000,   -0.000545,    0.000154
   93     0.001232,   -0.000000,   -0.000290,    0.000000,   -0.000000
   94     0.000000,   -0.000170,   -0.000000,    0.000048,    0.000068
   95    -0.000144,    0.000000,   -0.000169,    0.000000,    0.000000
   96    -0.000000,    0.000131,    0.000000,    0.000552,   -0.000057
   97    -0.000000,   -0.000184,    0.000000,    0.000134,    0.000000
   98     0.000081,   -0.000000,   -0.000054,    0.000000,   -0.000000
   99     0.000000,    0.000104,   -0.000000,    0.000074,    0.000002
  100    -0.000008,    0.000000,    0.000061,   -0.000000,    0.000000
  101     0.000000,    0.000067,   -0.000000,    0.000041,   -0.000027
  102    -0.000067,    0.000000,    0.000039,   -0.000000,   -0.000000
  103     0.000000,    0.000037,   -0.000000,    0.000078,    0.000012
  104     0.007124,    0.000398,    0.001157,   -0.002425,    0.000703
  105     0.008512,    0.000924,    0.001464,   -0.003019,    0.000850
  106     0.002919,    0.000232,    0.000321,   -0.000560,    0.000192
  107    -0.000258,   -0.000079,   -0.000036,   -0.000047,    0.000021
  108     0.000439,   -0.000048,    0.000097,   -0.000163,    0.000032
  109     0.000396,    0.000046,    0.000068,   -0.000239,    0.000073
  110    -0.000236,   -0.000276,   -0.000074,   -0.000042,    0.000043
  111     0.000404,   -0.000084,    0.000121,   -0.000216,    0.000017
  112     0.000095,    0.000243,    0.000075,   -0.000422,    0.000106
  113    -0.000058,   -0.000012,   -0.000010,   -0.000007,    0.000009
  114     0.000072,   -0.000022,    0.000018,   -0.000057,    0.000011
  115    -0.000033,    0.000022,   -0.000012,   -0.000050,    0.000018
  116    -0.000046,   -0.000056,   -0.000006,   -0.000018,    0.000010
  117    -0.000027,    0.000033,   -0.000013,    0.000031,   -0.000005
  118    -0.007124,    0.000398,   -0.001157,   -0.002425,    0.000703
  119    -0.008512,    0.000924,   -0.001464,   -0.003019,    0.000850
  120    -0.002919,    0.000232,   -0.000321,   -0.000560,    0.000192
  121     0.000258,   -0.000079,    0.000036,   -0.000047,    0.000021
  122    -0.000439,   -0.000048,   -0.000097,   -0.000163,    0.000032
  123     0.000396,   -0.000046,    0.000068,    0.000239,   -0.000073
  124     0.000236,   -0.000276,    0.000074,   -0.000042,    0.000043
  125    -0.000404,   -0.000084,   -0.000121,   -0.000216,    0.000017
  126     0.000095,   -0.000243,    0.000075,    0.000422,   -0.000106
  127     0.000058,   -0.000012,    0.000010,   -0.000007,    0.000009
  128     0.000072,    0.000022,    0.000018,    0.000057,   -0.000011
  129     0.000033,    0.000022,    0.000012,   -0.000050,    0.000018
  130    -0.000046,    0.000056,   -0.000006,    0.000018,   -0.000010
  131     0.000027,    0.000033,    0.000013,    0.000031,   -0.000005
  132     0.000000,   -0.001337,   -0.000000,    0.000622,    0.000284
  133     0.000000,   -0.001999,   -0.000000,   -0.000106,    0.000586
  134    -0.000000,    0.001135,    0.000000,    0.004419,   -0.000981
  135    -0.000000,    0.001158,    0.000000,    0.003803,   -0.000726
  136     0.000000,   -0.003293,   -0.000000,    0.002717,   -0.000280
  137    -0.000000,    0.000548,    0.000000,    0.006255,   -0.002435
  138     0.000000,   -0.007601,   -0.000000,    0.004744,   -0.000265
  139    -0.000550,   -0.000000,    0.000554,   -0.000000,    0.000000
  140     0.000000,    0.000316,    0.000000,    0.004479,   -0.001653
  141     0.000000,   -0.005350,   -0.000000,    0.003274,   -0.000152
  142     0.000043,   -0.000000,    0.000592,   -0.000000,    0.000000
  143     0.000000,   -0.000092,    0.000000,    0.001468,   -0.000375
  144     0.000000,   -0.000680,   -0.000000,    0.000546,    0.000060
  145     0.000529,   -0.000000,    0.000229,   -0.000000,    0.000000
  146    -0.000000,   -0.000029,    0.000000,   -0.000159,   -0.000018
  147     0.000134,   -0.000000,    0.000062,   -0.000000,    0.000000
  148     0.000000,   -0.000153,   -0.000000,    0.000022,    0.000061
  149    -0.000455,    0.000000,   -0.000090,    0.000000,   -0.000000
  150    -0.000000,   -0.000038,    0.000000,    0.000199,   -0.000120
  151    -0.000000,   -0.000397,    0.000000,   -0.000113,   -0.000050
  152     0.000479,   -0.000000,    0.000197,   -0.000000,    0.000000
  153    -0.000000,   -0.000087,   -0.000000,   -0.000072,    0.000108
  154    -0.001156,    0.000000,   -0.000252,    0.000000,   -0.000000
  155     0.000000,   -0.000283,    0.000000,    0.000111,   -0.000117
  156    -0.000000,   -0.000051,    0.000000,    0.000004,   -0.000002
  157     0.000041,   -0.000000,   -0.000017,    0.000000,   -0.000000
  158    -0.000000,   -0.000002,    0.000000,    0.000055,   -0.000000
  159     0.000142,   -0.000000,    0.000041,   -0.000000,    0.000000
  160    -0.000000,    0.000010,   -0.000000,   -0.000109,    0.000029
  161    -0.000198,    0.000000,   -0.000032,    0.000000,   -0.000000
  162    -0.000000,   -0.000025,    0.000000,    0.000118,   -0.000041
  163    -0.000477,   -0.001307,   -0.000320,    0.000969,    0.000136
  164    -0.000411,   -0.001406,   -0.000223,    0.000865,    0.000187
  165    -0.000815,   -0.000135,   -0.000214,    0.000038,    0.000119
  166     0.000049,   -0.000049,   -0.000003,    0.000140,   -0.000033
  167     0.000002,   -0.000037,    0.000011,    0.000030,   -0.000012
  168    -0.000009,   -0.000132,   -0.000016,    0.000078,    0.000015
  169     0.000037,   -0.000077,    0.000040,    0.000252,   -0.000079
  170    -0.000137,   -0.000272,   -0.000032,    0.000208,   -0.000022
  171     0.000131,   -0.000169,    0.000066,    0.000071,    0.000005
  172    -0.000031,   -0.000006,    0.000003,   -0.000027,    0.000006
  173     0.000003,   -0.000033,   -0.000001,    0.000030,   -0.000005
  174    -0.000009,   -0.000046,   -0.000003,    0.000017,    0.000006
  175     0.000016,   -0.000025,    0.000003,    0.000053,   -0.000016
  176     0.000006,   -0.000038,    0.000003,    0.000039,   -0.000010
  177     0.000477,   -0.001307,    0.000320,    0.000969,    0.000136
  178     0.000411,   -0.001406,    0.000223,    0.000865,    0.000187
  179     0.000815,   -0.000135,    0.000214,    0.000038,    0.000119
  180    -0.000049,   -0.000049,    0.000003,    0.000140,   -0.000033
  181    -0.000002,   -0.000037,   -0.000011,    0.000030,   -0.000012
  182    -0.000009,    0.000132,   -0.000016,   -0.000078,   -0.000015
  183    -0.000037,   -0.000077,   -0.000040,    0.000252,   -0.000079
  184     0.000137,   -0.000272,    0.000032,    0.000208,   -0.000022
  185     0.000131,    0.000169,    0.000066,   -0.000071,   -0.000005
  186     0.000031,   -0.000006,   -0.000003,   -0.000027,    0.000006
  187     0.000003,    0.000033,   -0.000001,   -0.000030,    0.000005
  188     0.000009,   -0.000046,    0.000003,    0.000017,    0.000006
  189     0.000016,    0.000025,    0.000003,   -0.000053,    0.000016
  190    -0.000006,   -0.000038,   -0.000003,    0.000039,   -0.000010
  191     0.000000,   -0.000001,   -0.000000,    0.000000,   -0.000000
  192    -0.000000,    0.000003,    0.000000,   -0.000001,    0.000000
  193    -0.000000,    0.000138,    0.000000,   -0.000074,    0.000012
  194    -0.000000,    0.001390,    0.000000,   -0.000765,    0.000127
  195     0.000000,   -0.004420,   -0.000000,    0.002471,   -0.000420
  196    -0.000000,   -0.000298,   -0.000000,    0.000190,   -0.000025
  197    -0.000000,    0.000040,    0.000000,   -0.000002,    0.000004
  198    -0.000000,    0.000014,    0.000000,   -0.000032,    0.000002
  199     0.000007,    0.000000,   -0.000008,    0.000000,    0.000000
  200     0.000000,   -0.000932,   -0.000000,    0.000053,   -0.000093
  201     0.000000,   -0.000329,   -0.000000,    0.000743,   -0.000056
  202    -0.000169,   -0.000000,    0.000181,   -0.000000,   -0.000000
  203    -0.000000,    0.004710,    0.000000,   -0.000208,    0.000476
  204    -0.000000,    0.001526,    0.000000,   -0.003723,    0.000262
  205     0.000900,    0.000000,   -0.000942,    0.000000,    0.000000
  206    -0.000000,    0.009024,    0.000000,   -0.000644,    0.000912
  207    -0.000000,    0.003395,    0.000000,   -0.007283,    0.000566
  208     0.001581,    0.000000,   -0.001731,    0.000000,   -0.000000
  209    -0.000000,    0.003301,   -0.000000,   -0.000171,    0.000410
  210    -0.000000,    0.000864,    0.000000,   -0.002477,    0.000110
  211     0.000629,    0.000000,   -0.000796,    0.000000,   -0.000000
  212    -0.000000,    0.000001,    0.000000,   -0.000001,    0.000000
  213    -0.000000,    0.000000,   -0.000000,   -0.000000,    0.000000
  214     0.000000,   -0.000001,   -0.000000,    0.000001,   -0.000000
  215     0.000000,    0.000000,    0.000000,   -0.000000,    0.000000
  216     0.000000,   -0.000000,    0.000000,    0.000001,   -0.000000
  217     0.000000,   -0.000058,   -0.000000,    0.000029,   -0.000003
  218     0.000003,   -0.000000,   -0.000000,    0.000000,   -0.000000
  219    -0.000000,    0.000040,    0.000000,   -0.000029,    0.000005
  220     0.000001,   -0.000000,   -0.000001,    0.000000,   -0.000000
  221    -0.000000,    0.000012,    0.000000,   -0.000043,    0.000011
  222    -0.000000,    0.000526,    0.000000,   -0.000203,    0.000020
  223     0.000028,    0.000000,    0.000006,   -0.000000,    0.000000
  224     0.000000,   -0.000309,   -0.000000,    0.000204,   -0.000033
  225    -0.000039,    0.000000,   -0.000004,   -0.000000,    0.000000
  226     0.000000,   -0.000076,   -0.000000,    0.000323,   -0.000072
  227    -0.000000,    0.000702,    0.000000,   -0.000353,    0.000052
  228     0.000024,   -0.000000,   -0.000022,    0.000000,   -0.000000
  229     0.000000,   -0.000387,   -0.000000,    0.000306,   -0.000050
  230    -0.000124,    0.000000,   -0.000031,    0.000000,   -0.000000
  231     0.000000,   -0.000135,   -0.000000,    0.000370,   -0.000056
  232    -0.000000,    0.000096,    0.000000,    0.000099,   -0.000026
  233    -0.000019,    0.000000,   -0.000007,   -0.000000,    0.000000
  234     0.000000,   -0.000157,   -0.000000,    0.000141,   -0.000023
  235     0.000020,   -0.000000,    0.000008,   -0.000000,    0.000000
  236     0.000000,   -0.000123,   -0.000000,    0.000054,   -0.000007
  237    -0.000049,    0.000000,   -0.000003,    0.000000,    0.000000
  238     0.000000,   -0.000242,   -0.000000,    0.000171,   -0.000024
                25,          26,          27,          28,          29
    0    -0.000000,    0.001014,    0.000000,   -0.001324,   -0.000000
    1    -0.000000,    0.000559,    0.000000,   -0.001541,   -0.000000
    2     0.000000,    0.003688,   -0.000000,   -0.000990,    0.000000
    3     0.000000,    0.002933,   -0.000000,   -0.000806,    0.000000
    4    -0.000000,    0.000174,    0.000000,   -0.000157,    0.000000
    5     0.000000,   -0.000771,   -0.000000,   -0.000932,    0.000000
    6    -0.000000,   -0.001036,    0.000000,   -0.000980,   -0.000000
    7     0.000173,    0.000000,   -0.000596,   -0.000000,   -0.000847
    8     0.000000,   -0.000540,   -0.000000,   -0.000614,   -0.000000
    9    -0.000000,   -0.000685,    0.000000,   -0.000636,   -0.000000
   10     0.000075,   -0.000000,   -0.000369,   -0.000000,   -0.000560
   11     0.000000,   -0.000079,   -0.000000,   -0.000151,   -0.000000
   12     0.000000,   -0.000143,   -0.000000,   -0.000162,   -0.000000
   13    -0.000049,   -0.000000,   -0.000041,   -0.000000,   -0.000113
   14     0.000000,    0.000046,   -0.000000,    0.000055,    0.000000
   15    -0.000057,    0.000000,    0.000037,   -0.000000,    0.000014
   16    -0.000000,   -0.000027,    0.000000,   -0.000026,   -0.000000
   17    -0.000020,    0.000000,    0.000026,    0.000000,    0.000025
   18     0.000000,   -0.000049,   -0.000000,   -0.000025,    0.000000
   19    -0.000000,    0.000056,    0.000000,    0.000067,    0.000000
   20    -0.000149,   -0.000000,    0.000123,    0.000000,    0.000079
   21     0.000000,   -0.000025,   -0.000000,   -0.000028,   -0.000000
   22    -0.000033,    0.000000,    0.000039,    0.000000,    0.000038
   23     0.000000,   -0.000068,   -0.000000,   -0.000016,   -0.000000
   24    -0.000000,    0.000004,    0.000000,   -0.000007,    0.000000
   25     0.000022,    0.000000,   -0.000021,   -0.000000,   -0.000015
   26     0.000000,    0.000057,   -0.000000,   -0.000010,    0.000000
   27    -0.000021,   -0.000000,    0.000020,    0.000000,    0.000015
   28    -0.000000,   -0.000010,    0.000000,    0.000018,    0.000000
   29    -0.000015,    0.000000,    0.000015,    0.000000,    0.000013
   30     0.000000,    0.000060,   -0.000000,   -0.000001,    0.000000
   31    -0.000020,    0.000526,   -0.000137,   -0.000307,   -0.000241
   32    -0.000016,    0.000431,   -0.000171,   -0.000287,   -0.000283
   33    -0.000078,    0.000074,    0.000015,   -0.000063,   -0.000031
   34    -0.000002,    0.000001,   -0.000003,   -0.000022,   -0.000006
   35    -0.000008,   -0.000045,    0.000018,    0.000002,    0.000023
   36    -0.000000,   -0.000042,    0.000009,    0.000026,    0.000015
   37     0.000006,   -0.000014,   -0.000010,   -0.000034,   -0.000015
   38    -0.000019,   -0.000044,    0.000027,   -0.000022,    0.000026
   39    -0.000015,   -0.000025,    0.000017,    0.000013,    0.000013
   40    -0.000000,   -0.000000,    0.000001,    0.000004,    0.000002
   41     0.000002,    0.000010,   -0.000004,    0.000005,   -0.000004
   42    -0.000002,    0.000000,    0.000003,   -0.000004,    0.000003
   43     0.000001,    0.000004,   -0.000001,    0.000008,    0.000000
   44    -0.000003,   -0.000008,    0.000004,   -0.000005,    0.000004
   45     0.000020,    0.000526,    0.000137,   -0.000307,    0.000241
   46     0.000016,    0.000431,    0.000171,   -0.000287,    0.000283
   47     0.000078,    0.000074,   -0.000015,   -0.000063,    0.000031
   48     0.000002,    0.000001,    0.000003,   -0.000022,    0.000006
   49     0.000008,   -0.000045,   -0.000018,    0.000002,   -0.000023
   50    -0.000000,    0.000042,    0.000009,   -0.000026,    0.000015
   51    -0.000006,   -0.000014,    0.000010,   -0.000034,    0.000015
   52     0.000019,   -0.000044,   -0.000027,   -0.000022,   -0.000026
   53    -0.000015,    0.000025,    0.000017,   -0.000013,    0.000013
   54     0.000000,   -0.000000,   -0.000001,    0.000004,   -0.000002
   55     0.000002,   -0.000010,   -0.000004,   -0.000005,   -0.000004
   56     0.000002,    0.000000,   -0.000003,   -0.000004,   -0.000003
   57     0.000001,   -0.000004,   -0.000001,   -0.000008,    0.000000
   58     0.000003,   -0.000008,   -0.000004,   -0.000005,   -0.000004
   59     0.000000,    0.000378,   -0.000000,   -0.000495,    0.000000
   60     0.000000,    0.000265,    0.000000,   -0.000490,    0.000000
   61     0.000000,   -0.000028,   -0.000000,   -0.000096,   -0.000000
   62    -0.000000,   -0.000049,    0.000000,    0.000045,   -0.000000
   63    -0.000000,   -0.000014,    0.000000,   -0.000019,   -0.000000
   64     0.000002,   -0.000000,   -0.000009,   -0.000000,   -0.000013
   65    -0.000000,   -0.000048,   -0.000000,    0.000020,   -0.000000
   66    -0.000000,   -0.000032,    0.000000,   -0.000026,    0.000000
   67     0.000010,    0.000000,   -0.000022,   -0.000000,   -0.000029
   68     0.000000,    0.000010,   -0.000000,    0.000007,    0.000000
   69    -0.000002,    0.000000,    0.000001,    0.000000,    0.000001
   70    -0.000000,   -0.000003,   -0.000000,    0.000002,   -0.000000
   71    -0.000003,   -0.000000,    0.000005,    0.000000,    0.000007
   72     0.000000,    0.000009,    0.000000,   -0.000001,    0.000000
   73     0.000000,   -0.000455,    0.000000,   -0.000615,    0.000000
   74     0.000000,   -0.000747,    0.000000,   -0.000894,    0.000000
   75    -0.000000,    0.000645,   -0.000000,    0.000372,   -0.000000
   76     0.000000,    0.000368,   -0.000000,    0.000464,   -0.000000
   77     0.000000,    0.000099,   -0.000000,   -0.000261,   -0.000000
   78     0.000000,    0.001222,    0.000000,   -0.000330,    0.000000
   79     0.000000,    0.001886,   -0.000000,    0.001157,    0.000000
   80     0.002707,   -0.000000,   -0.002488,   -0.000000,   -0.001857
   81     0.000000,    0.000709,    0.000000,   -0.000232,    0.000000
   82     0.000000,    0.001313,   -0.000000,    0.000855,    0.000000
   83     0.001835,   -0.000000,   -0.001678,   -0.000000,   -0.001259
   84    -0.000000,    0.000108,    0.000000,   -0.000005,    0.000000
   85     0.000000,    0.000312,   -0.000000,    0.000184,   -0.000000
   86     0.000571,   -0.000000,   -0.000511,   -0.000000,   -0.000382
   87     0.000000,    0.000105,   -0.000000,    0.000009,    0.000000
   88    -0.000086,    0.000000,    0.000070,    0.000000,    0.000048
   89    -0.000000,   -0.000058,    0.000000,   -0.000038,   -0.000000
   90     0.000043,   -0.000000,   -0.000042,   -0.000000,   -0.000050
   91    -0.000000,   -0.000085,   -0.000000,   -0.000001,   -0.000000
   92     0.000000,    0.000155,   -0.000000,   -0.000020,    0.000000
   93    -0.000053,    0.000000,    0.000021,    0.000000,    0.000013
   94    -0.000000,   -0.000124,    0.000000,   -0.000061,    0.000000
   95     0.000024,   -0.000000,   -0.000029,   -0.000000,   -0.000071
   96     0.000000,   -0.000089,   -0.000000,   -0.000028,   -0.000000
   97     0.000000,   -0.000011,   -0.000000,    0.000002,    0.000000
   98     0.000002,    0.000000,   -0.000005,   -0.000000,   -0.000008
   99    -0.000000,   -0.000015,    0.000000,   -0.000013,    0.000000
  100    -0.000014,   -0.000000,    0.000016,    0.000000,    0.000010
  101    -0.000000,   -0.000011,   -0.000000,   -0.000001,   -0.000000
  102     0.000002,    0.000000,    0.000001,    0.000000,    0.000009
  103    -0.000000,   -0.000020,    0.000000,   -0.000018,    0.000000
  104    -0.000940,   -0.000166,    0.000853,   -0.000211,    0.000646
  105    -0.001138,   -0.000120,    0.001037,   -0.000235,    0.000780
  106    -0.000306,   -0.000049,    0.000269,   -0.000056,    0.000224
  107     0.000034,    0.000024,   -0.000031,    0.000003,   -0.000021
  108    -0.000064,    0.000017,    0.000059,    0.000003,    0.000045
  109    -0.000053,   -0.000017,    0.000049,   -0.000022,    0.000037
  110     0.000035,    0.000013,   -0.000034,    0.000000,   -0.000025
  111    -0.000067,    0.000055,    0.000064,    0.000029,    0.000046
  112    -0.000026,    0.000018,    0.000027,   -0.000022,    0.000017
  113     0.000008,    0.000002,   -0.000008,   -0.000003,   -0.000005
  114    -0.000011,    0.000009,    0.000010,    0.000003,    0.000008
  115     0.000006,   -0.000004,   -0.000006,   -0.000006,   -0.000004
  116     0.000006,    0.000008,   -0.000005,    0.000002,   -0.000003
  117     0.000005,   -0.000009,   -0.000005,   -0.000004,   -0.000005
  118     0.000940,   -0.000166,   -0.000853,   -0.000211,   -0.000646
  119     0.001138,   -0.000120,   -0.001037,   -0.000235,   -0.000780
  120     0.000306,   -0.000049,   -0.000269,   -0.000056,   -0.000224
  121    -0.000034,    0.000024,    0.000031,    0.000003,    0.000021
  122     0.000064,    0.000017,   -0.000059,    0.000003,   -0.000045
  123    -0.000053,    0.000017,    0.000049,    0.000022,    0.000037
  124    -0.000035,    0.000013,    0.000034,    0.000000,    0.000025
  125     0.000067,    0.000055,   -0.000064,    0.000029,   -0.000046
  126    -0.000026,   -0.000018,    0.000027,    0.000022,    0.000017
  127    -0.000008,    0.000002,    0.000008,   -0.000003,    0.000005
  128    -0.000011,   -0.000009,    0.000010,   -0.000003,    0.000008
  129    -0.000006,   -0.000004,    0.000006,   -0.000006,    0.000004
  130     0.000006,   -0.000008,   -0.000005,   -0.000002,   -0.000003
  131    -0.000005,   -0.000009,    0.000005,   -0.000004,    0.000005
  132     0.000000,    0.000019,    0.000000,   -0.000165,    0.000000
  133     0.000000,    0.000074,    0.000000,   -0.000257,    0.000000
  134    -0.000000,   -0.000226,   -0.000000,    0.000173,   -0.000000
  135    -0.000000,   -0.000173,   -0.000000,    0.000086,    0.000000
  136    -0.000000,   -0.000301,    0.000000,    0.000192,    0.000000
  137    -0.000000,   -0.000721,   -0.000000,    0.000485,   -0.000000
  138    -0.000000,   -0.000504,    0.000000,    0.000300,   -0.000000
  139     0.000265,    0.000000,   -0.000215,    0.000000,    0.000505
  140    -0.000000,   -0.000517,    0.000000,    0.000305,   -0.000000
  141    -0.000000,   -0.000331,    0.000000,    0.000202,   -0.000000
  142     0.000124,    0.000000,   -0.000087,    0.000000,    0.000416
  143    -0.000000,   -0.000102,    0.000000,    0.000077,    0.000000
  144    -0.000000,   -0.000049,   -0.000000,   -0.000010,   -0.000000
  145    -0.000056,    0.000000,    0.000057,    0.000000,    0.000178
  146     0.000000,    0.000052,   -0.000000,    0.000025,    0.000000
  147    -0.000004,    0.000000,    0.000006,    0.000000,    0.000032
  148    -0.000000,   -0.000003,    0.000000,   -0.000016,    0.000000
  149     0.000061,   -0.000000,   -0.000056,   -0.000000,   -0.000054
  150    -0.000000,   -0.000027,   -0.000000,    0.000032,   -0.000000
  151     0.000000,    0.000069,   -0.000000,    0.000056,    0.000000
  152    -0.000042,    0.000000,    0.000045,   -0.000000,    0.000065
  153     0.000000,    0.000028,   -0.000000,   -0.000021,   -0.000000
  154     0.000156,   -0.000000,   -0.000145,   -0.000000,   -0.000129
  155    -0.000000,   -0.000021,    0.000000,    0.000045,    0.000000
  156     0.000000,    0.000022,   -0.000000,    0.000011,    0.000000
  157    -0.000005,   -0.000000,    0.000003,    0.000000,   -0.000001
  158    -0.000000,   -0.000010,   -0.000000,   -0.000003,   -0.000000
  159    -0.000020,    0.000000,    0.000019,    0.000000,    0.000014
  160     0.000000,    0.000010,   -0.000000,   -0.000006,   -0.000000
  161     0.000029,   -0.000000,   -0.000027,   -0.000000,   -0.000018
  162    -0.000000,   -0.000010,    0.000000,    0.000013,    0.000000
  163    -0.000017,   -0.000072,    0.000005,    0.000001,   -0.000241
  164    -0.000051,   -0.000090,    0.000041,   -0.000012,   -0.000242
  165     0.000052,   -0.000013,   -0.000050,   -0.000035,   -0.000129
  166    -0.000010,   -0.000011,    0.000009,    0.000009,   -0.000004
  167     0.000004,   -0.000005,   -0.000003,    0.000004,    0.000012
  168    -0.000003,   -0.000004,    0.000002,    0.000001,   -0.000012
  169    -0.000018,   -0.000027,    0.000018,    0.000022,    0.000005
  170     0.000014,   -0.000023,   -0.000013,    0.000013,   -0.000003
  171    -0.000019,   -0.000009,    0.000020,    0.000007,    0.000017
  172     0.000004,    0.000004,   -0.000003,   -0.000001,    0.000000
  173     0.000000,   -0.000003,   -0.000000,    0.000002,    0.000001
  174     0.000002,   -0.000002,   -0.000002,   -0.000000,   -0.000000
  175    -0.000003,   -0.000004,    0.000003,    0.000006,    0.000000
  176    -0.000002,   -0.000004,    0.000002,    0.000004,    0.000002
  177     0.000017,   -0.000072,   -0.000005,    0.000001,    0.000241
  178     0.000051,   -0.000090,   -0.000041,   -0.000012,    0.000242
  179    -0.000052,   -0.000013,    0.000050,   -0.000035,    0.000129
  180     0.000010,   -0.000011,   -0.000009,    0.000009,    0.000004
  181    -0.000004,   -0.000005,    0.000003,    0.000004,   -0.000012
  182    -0.000003,    0.000004,    0.000002,   -0.000001,   -0.000012
  183     0.000018,   -0.000027,   -0.000018,    0.000022,   -0.000005
  184    -0.000014,   -0.000023,    0.000013,    0.000013,    0.000003
  185    -0.000019,    0.000009,    0.000020,   -0.000007,    0.000017
  186    -0.000004,    0.000004,    0.000003,   -0.000001,   -0.000000
  187     0.000000,    0.000003,   -0.000000,   -0.000002,    0.000001
  188    -0.000002,   -0.000002,    0.000002,   -0.000000,    0.000000
  189    -0.000003,    0.000004,    0.000003,   -0.000006,    0.000000
  190     0.000002,   -0.000004,   -0.000002,    0.000004,   -0.000002
  191    -0.000000,   -0.000000,    0.000000,    0.000000,    0.000000
  192    -0.000000,    0.000000,    0.000000,   -0.000000,    0.000000
  193     0.000000,    0.000032,   -0.000000,   -0.000014,    0.000000
  194     0.000000,    0.000326,   -0.000000,   -0.000145,    0.000000
  195    -0.000000,   -0.000942,    0.000000,    0.000431,   -0.000000
  196     0.000000,   -0.000172,   -0.000000,    0.000074,   -0.000000
  197     0.000000,    0.000003,    0.000000,   -0.000002,    0.000000
  198     0.000000,    0.000004,   -0.000000,   -0.000000,    0.000000
  199    -0.000002,   -0.000000,    0.000001,   -0.000000,    0.000001
  200    -0.000000,   -0.000059,   -0.000000,    0.000044,   -0.000000
  201    -0.000000,   -0.000091,    0.000000,    0.000008,   -0.000000
  202     0.000048,    0.000000,   -0.000032,    0.000000,   -0.000012
  203     0.000000,    0.000301,    0.000000,   -0.000222,    0.000000
  204     0.000000,    0.000451,   -0.000000,   -0.000033,    0.000000
  205    -0.000255,   -0.000000,    0.000170,   -0.000000,    0.000059
  206     0.000000,    0.000593,    0.000000,   -0.000425,    0.000000
  207     0.000000,    0.000907,   -0.000000,   -0.000093,    0.000000
  208    -0.000455,   -0.000000,    0.000301,   -0.000000,    0.000106
  209     0.000000,    0.000245,   -0.000000,   -0.000166,    0.000000
  210     0.000000,    0.000312,   -0.000000,   -0.000009,    0.000000
  211    -0.000197,   -0.000000,    0.000128,   -0.000000,    0.000009
  212    -0.000000,    0.000000,    0.000000,    0.000000,    0.000000
  213     0.000000,   -0.000000,   -0.000000,   -0.000000,    0.000000
  214    -0.000000,   -0.000000,    0.000000,    0.000000,    0.000000
  215    -0.000000,    0.000000,    0.000000,   -0.000000,    0.000000
  216    -0.000000,   -0.000000,    0.000000,    0.000000,    0.000000
  217    -0.000000,   -0.000004,   -0.000000,    0.000001,   -0.000000
  218    -0.000000,   -0.000000,    0.000000,   -0.000000,   -0.000002
  219     0.000000,    0.000003,   -0.000000,   -0.000002,   -0.000000
  220    -0.000000,   -0.000000,    0.000000,    0.000000,   -0.000001
  221     0.000000,    0.000005,   -0.000000,   -0.000002,   -0.000000
  222     0.000000,    0.000034,   -0.000000,   -0.000017,    0.000000
  223    -0.000002,    0.000000,    0.000002,    0.000000,    0.000020
  224    -0.000000,   -0.000027,    0.000000,    0.000014,   -0.000000
  225     0.000005,    0.000000,   -0.000005,   -0.000000,    0.000005
  226    -0.000000,   -0.000044,    0.000000,    0.000010,   -0.000000
  227     0.000000,    0.000070,   -0.000000,   -0.000034,    0.000000
  228    -0.000003,   -0.000000,    0.000001,    0.000000,    0.000012
  229    -0.000000,   -0.000048,    0.000000,    0.000023,   -0.000000
  230     0.000013,   -0.000000,   -0.000013,   -0.000000,   -0.000006
  231     0.000000,   -0.000063,   -0.000000,    0.000008,   -0.000000
  232     0.000000,   -0.000011,   -0.000000,    0.000000,   -0.000000
  233     0.000002,   -0.000000,   -0.000002,   -0.000000,    0.000004
  234    -0.000000,   -0.000021,    0.000000,    0.000008,   -0.000000
  235    -0.000003,    0.000000,    0.000003,   -0.000000,   -0.000004
  236    -0.000000,   -0.000008,    0.000000,    0.000005,   -0.000000
  237     0.000005,   -0.000000,   -0.000005,   -0.000000,   -0.000008
  238    -0.000000,   -0.000032,    0.000000,    0.000009,   -0.000000
                30,          31,          32,          33,          34
    0     0.000445,   -0.017100,   -0.030568,   -0.008030,   -0.000812
    1    -0.000202,   -0.036518,   -0.054231,   -0.013022,   -0.001485
    2     0.003731,    0.066332,    0.065970,    0.011466,    0.001995
    3     0.002945,    0.055780,    0.056137,    0.010510,    0.001646
    4     0.000116,    0.010038,    0.010619,    0.000358,    0.000377
    5    -0.001005,   -0.039243,   -0.047729,   -0.016172,    0.003666
    6    -0.002045,    0.071941,    0.086687,    0.021928,    0.001760
    7     0.000000,    0.118431,    0.141904,    0.044297,    0.003589
    8    -0.000688,   -0.028118,   -0.033954,   -0.011404,    0.002384
    9    -0.001366,    0.044513,    0.053271,    0.013744,    0.000996
   10     0.000000,    0.080954,    0.096871,    0.030273,    0.002455
   11    -0.000095,   -0.009244,   -0.011497,   -0.003334,    0.000631
   12    -0.000312,    0.011721,    0.014273,    0.004097,    0.000228
   13     0.000000,    0.023231,    0.027744,    0.008861,    0.000709
   14     0.000090,   -0.001477,   -0.001787,   -0.000460,   -0.000107
   15     0.000000,    0.004481,    0.005366,    0.001901,    0.000141
   16    -0.000063,    0.002908,    0.003502,    0.000982,    0.000008
   17    -0.000000,   -0.002001,   -0.002411,   -0.000703,   -0.000059
   18    -0.000053,   -0.001010,   -0.001278,   -0.000565,    0.000139
   19     0.000114,   -0.000493,   -0.000593,   -0.000250,   -0.000084
   20    -0.000000,    0.004453,    0.005314,    0.002206,    0.000147
   21    -0.000066,    0.001674,    0.001784,    0.000643,   -0.000011
   22     0.000000,   -0.002173,   -0.002590,   -0.000682,   -0.000063
   23    -0.000072,   -0.000573,   -0.000738,   -0.000476,    0.000098
   24    -0.000000,   -0.000257,   -0.000271,   -0.000014,    0.000004
   25     0.000000,   -0.000020,   -0.000016,   -0.000078,   -0.000002
   26     0.000060,    0.000526,    0.000431,    0.000074,    0.000001
   27    -0.000000,   -0.000137,   -0.000171,    0.000015,   -0.000003
   28    -0.000001,   -0.000307,   -0.000287,   -0.000063,   -0.000022
   29     0.000000,   -0.000241,   -0.000283,   -0.000031,   -0.000006
   30     0.000071,    0.000319,    0.000202,    0.000003,   -0.000009
   31     0.000319,    0.076365,    0.089373,    0.025511,    0.001688
   32     0.000202,    0.089373,    0.105789,    0.030499,    0.001963
   33     0.000003,    0.025511,    0.030499,    0.009581,    0.000534
   34    -0.000009,    0.001688,    0.001963,    0.000534,    0.000107
   35    -0.000048,   -0.003956,   -0.004611,   -0.001322,   -0.000084
   36    -0.000023,   -0.005708,   -0.006670,   -0.001826,   -0.000112
   37    -0.000026,    0.001107,    0.001275,    0.000226,    0.000154
   38    -0.000066,   -0.003387,   -0.004118,   -0.001137,   -0.000076
   39    -0.000013,   -0.004580,   -0.005532,   -0.001348,   -0.000084
   40     0.000000,   -0.000235,   -0.000274,   -0.000073,   -0.000022
   41     0.000014,    0.000809,    0.000967,    0.000263,    0.000014
   42    -0.000004,    0.000426,    0.000508,    0.000121,    0.000001
   43     0.000007,   -0.000278,   -0.000330,   -0.000079,   -0.000032
   44    -0.000011,   -0.000248,   -0.000293,   -0.000087,    0.000004
   45     0.000319,   -0.008673,   -0.012569,   -0.006946,   -0.000902
   46     0.000202,   -0.012569,   -0.016642,   -0.008613,   -0.001142
   47     0.000003,   -0.006946,   -0.008613,   -0.003582,   -0.000468
   48    -0.000009,   -0.000902,   -0.001142,   -0.000468,    0.000028
   49    -0.000048,    0.001641,    0.002098,    0.000747,    0.000085
   50     0.000023,    0.000921,    0.000933,    0.000014,   -0.000033
   51    -0.000026,   -0.000989,   -0.001160,   -0.000434,    0.000092
   52    -0.000066,    0.002359,    0.002858,    0.001022,    0.000097
   53     0.000013,    0.002955,    0.003514,    0.000753,    0.000036
   54     0.000000,    0.000297,    0.000353,    0.000115,   -0.000006
   55    -0.000014,    0.000183,    0.000230,    0.000108,    0.000016
   56    -0.000004,    0.000874,    0.001048,    0.000279,    0.000015
   57    -0.000007,   -0.000062,   -0.000076,   -0.000058,    0.000021
   58    -0.000011,    0.000251,    0.000305,    0.000078,    0.000019
   59     0.000366,   -0.008129,   -0.012490,   -0.006094,    0.001887
   60     0.000283,   -0.013733,   -0.019139,   -0.008131,    0.002206
   61    -0.000000,   -0.005691,   -0.007090,   -0.002800,    0.000581
   62    -0.000049,    0.000455,    0.000819,    0.000478,   -0.000179
   63    -0.000028,    0.000969,    0.001137,    0.000244,    0.000049
   64     0.000000,    0.001791,    0.002143,    0.000668,    0.000054
   65    -0.000057,    0.000056,    0.000303,    0.000277,   -0.000160
   66    -0.000055,    0.001870,    0.002277,    0.000509,    0.000075
   67     0.000000,    0.003355,    0.004011,    0.001225,    0.000101
   68     0.000016,   -0.000522,   -0.000629,   -0.000141,   -0.000020
   69     0.000000,    0.000095,    0.000114,    0.000042,    0.000003
   70    -0.000004,   -0.000056,   -0.000055,    0.000006,   -0.000014
   71    -0.000000,   -0.000813,   -0.000972,   -0.000296,   -0.000025
   72     0.000011,   -0.000002,   -0.000022,   -0.000037,    0.000022
   73    -0.000843,    0.002501,    0.002345,    0.001015,    0.000295
   74    -0.001291,    0.005470,    0.005755,    0.001787,    0.000596
   75     0.000788,   -0.010288,   -0.012336,   -0.001932,   -0.000952
   76     0.000600,   -0.014315,   -0.016109,   -0.003646,   -0.001078
   77    -0.000106,    0.001463,    0.001305,    0.003512,    0.000120
   78     0.001105,   -0.004146,   -0.003361,    0.002649,   -0.000740
   79     0.003102,   -0.018449,   -0.026758,   -0.009617,   -0.001982
   80    -0.000000,   -0.012657,   -0.014926,   -0.014372,   -0.000593
   81     0.000612,   -0.003629,   -0.002834,    0.001468,   -0.000469
   82     0.002159,   -0.015623,   -0.022209,   -0.007290,   -0.001492
   83    -0.000000,   -0.010778,   -0.012821,   -0.010615,   -0.000469
   84     0.000113,   -0.001127,   -0.000484,    0.000186,   -0.000145
   85     0.000517,   -0.005064,   -0.006794,   -0.001399,   -0.000339
   86    -0.000000,   -0.004646,   -0.005357,   -0.003443,   -0.000181
   87     0.000134,   -0.000908,   -0.001469,   -0.000366,   -0.000030
   88     0.000000,    0.003135,    0.003798,    0.001550,    0.000102
   89    -0.000098,    0.000634,    0.001066,    0.000435,    0.000035
   90    -0.000000,    0.000537,    0.000524,   -0.000072,    0.000012
   91    -0.000088,   -0.001414,   -0.001729,   -0.000615,    0.000095
   92     0.000163,   -0.002085,   -0.003307,   -0.000623,   -0.000010
   93     0.000000,    0.008073,    0.009876,    0.003481,    0.000251
   94    -0.000172,    0.001522,    0.002572,    0.000732,    0.000082
   95    -0.000000,    0.001219,    0.001091,   -0.000016,    0.000032
   96    -0.000105,   -0.002949,   -0.003730,   -0.001064,    0.000181
   97    -0.000004,   -0.000836,   -0.000924,   -0.000332,    0.000028
   98     0.000000,    0.000935,    0.001109,    0.000336,    0.000028
   99    -0.000026,    0.000191,    0.000196,    0.000067,    0.000030
  100    -0.000000,   -0.000874,   -0.001092,   -0.000326,   -0.000026
  101    -0.000016,    0.000211,    0.000224,    0.000052,    0.000000
  102    -0.000000,   -0.000665,   -0.000744,   -0.000207,   -0.000020
  103    -0.000033,    0.000507,    0.000669,    0.000187,    0.000024
  104    -0.000425,    0.010560,    0.014180,    0.008971,    0.000442
  105    -0.000426,    0.012451,    0.016210,    0.010721,    0.000502
  106    -0.000139,    0.009274,    0.012015,    0.005610,    0.000245
  107     0.000032,   -0.000544,   -0.000653,   -0.000294,   -0.000029
  108     0.000019,   -0.000132,   -0.000140,    0.000249,   -0.000008
  109    -0.000043,    0.000602,    0.000859,    0.000566,    0.000034
  110     0.000024,   -0.000214,   -0.000092,   -0.000248,   -0.000013
  111     0.000078,   -0.000850,   -0.001144,   -0.000091,   -0.000051
  112    -0.000012,   -0.000596,   -0.000832,    0.000079,   -0.000004
  113     0.000001,   -0.000054,   -0.000056,   -0.000039,    0.000001
  114     0.000012,   -0.000109,   -0.000130,    0.000018,   -0.000006
  115    -0.000011,    0.000129,    0.000186,    0.000067,    0.000007
  116     0.000012,   -0.000200,   -0.000221,   -0.000089,   -0.000009
  117    -0.000013,    0.000158,    0.000187,    0.000040,    0.000010
  118    -0.000425,   -0.005093,   -0.004805,   -0.004061,   -0.000182
  119    -0.000426,   -0.004409,   -0.004190,   -0.004240,   -0.000191
  120    -0.000139,   -0.004516,   -0.005544,   -0.003247,   -0.000236
  121     0.000032,    0.000102,    0.000089,    0.000167,   -0.000005
  122     0.000019,   -0.000366,   -0.000411,   -0.000294,   -0.000025
  123     0.000043,    0.000147,    0.000039,    0.000106,   -0.000003
  124     0.000024,   -0.000308,   -0.000176,    0.000044,   -0.000009
  125     0.000078,   -0.000156,   -0.000232,   -0.000230,   -0.000040
  126     0.000012,   -0.000793,   -0.000918,   -0.000492,   -0.000034
  127     0.000001,    0.000034,    0.000037,    0.000041,    0.000004
  128    -0.000012,    0.000094,    0.000112,    0.000056,    0.000007
  129    -0.000011,    0.000035,    0.000067,    0.000067,    0.000005
  130    -0.000012,    0.000062,    0.000060,   -0.000004,    0.000004
  131    -0.000013,   -0.000032,   -0.000040,    0.000005,    0.000005
  132     0.000261,    0.001416,    0.002549,    0.001505,   -0.000059
  133     0.000445,    0.003033,    0.005232,    0.002570,   -0.000126
  134    -0.000473,   -0.006173,   -0.009710,   -0.002862,    0.000239
  135    -0.000421,   -0.005127,   -0.008372,   -0.002565,    0.000315
  136    -0.000166,   -0.001373,    0.000868,   -0.002707,    0.000038
  137    -0.000333,   -0.006918,   -0.009631,   -0.006223,    0.000307
  138    -0.000350,   -0.001890,    0.004099,   -0.001917,   -0.000006
  139     0.000000,   -0.002674,    0.002051,    0.003410,   -0.000064
  140    -0.000283,   -0.003680,   -0.005157,   -0.003824,    0.000266
  141    -0.000214,   -0.001720,    0.002320,   -0.001327,   -0.000004
  142     0.000000,   -0.002397,    0.000996,    0.002687,   -0.000053
  143    -0.000040,   -0.001914,   -0.002690,   -0.001512,    0.000073
  144    -0.000090,    0.000674,    0.001427,    0.000481,    0.000030
  145     0.000000,   -0.000922,   -0.000197,    0.000683,   -0.000019
  146     0.000083,   -0.000234,   -0.000407,   -0.000129,   -0.000058
  147     0.000000,    0.000210,    0.000526,    0.000416,    0.000009
  148    -0.000018,    0.000094,    0.000267,    0.000114,    0.000014
  149    -0.000000,   -0.000288,   -0.000422,   -0.000398,   -0.000014
  150    -0.000002,   -0.000362,   -0.000420,   -0.000237,    0.000004
  151     0.000130,    0.000060,    0.000187,   -0.000180,   -0.000097
  152     0.000000,    0.000486,    0.001019,    0.000933,    0.000024
  153     0.000017,   -0.000896,   -0.001123,   -0.000138,    0.000004
  154    -0.000000,   -0.000641,   -0.000932,   -0.000984,   -0.000033
  155     0.000020,   -0.000692,   -0.000584,   -0.000257,    0.000003
  156     0.000031,   -0.000110,   -0.000185,   -0.000073,   -0.000028
  157    -0.000000,    0.000209,    0.000211,    0.000044,    0.000006
  158    -0.000014,   -0.000097,   -0.000109,   -0.000040,    0.000010
  159     0.000000,    0.000015,    0.000031,    0.000105,    0.000002
  160     0.000007,    0.000070,    0.000093,    0.000078,   -0.000004
  161    -0.000000,   -0.000118,   -0.000112,   -0.000113,   -0.000005
  162    -0.000003,   -0.000258,   -0.000316,   -0.000150,    0.000000
  163    -0.000176,   -0.000140,   -0.001104,   -0.001951,    0.000024
  164    -0.000225,   -0.000302,   -0.001213,   -0.001965,    0.000002
  165    -0.000073,   -0.001821,   -0.002922,   -0.001706,   -0.000038
  166    -0.000009,   -0.000036,   -0.000114,   -0.000123,    0.000006
  167     0.000002,   -0.000021,    0.000114,    0.000052,   -0.000001
  168    -0.000013,    0.000018,    0.000013,   -0.000079,    0.000001
  169    -0.000017,   -0.000552,   -0.000708,   -0.000408,   -0.000015
  170    -0.000007,   -0.000410,   -0.000295,   -0.000405,   -0.000017
  171    -0.000018,   -0.000163,    0.000022,    0.000095,   -0.000004
  172     0.000005,   -0.000048,   -0.000033,   -0.000001,   -0.000007
  173     0.000000,   -0.000002,    0.000031,   -0.000012,    0.000000
  174    -0.000004,   -0.000016,    0.000030,   -0.000003,    0.000001
  175    -0.000001,   -0.000073,   -0.000094,   -0.000061,   -0.000002
  176    -0.000000,   -0.000076,   -0.000072,   -0.000057,   -0.000003
  177    -0.000176,    0.000038,    0.003129,    0.002213,    0.000058
  178    -0.000225,    0.001991,    0.005972,    0.003109,    0.000097
  179    -0.000073,    0.001828,    0.003306,    0.002221,    0.000099
  180    -0.000009,   -0.000182,   -0.000117,   -0.000070,    0.000001
  181     0.000002,    0.000026,   -0.000040,   -0.000113,   -0.000001
  182     0.000013,    0.000039,   -0.000171,   -0.000113,   -0.000001
  183    -0.000017,    0.000572,    0.000833,    0.000096,    0.000018
  184    -0.000007,    0.000295,    0.000572,    0.000079,    0.000009
  185     0.000018,   -0.000183,   -0.000341,    0.000076,   -0.000002
  186     0.000005,    0.000162,    0.000182,    0.000065,   -0.000000
  187    -0.000000,    0.000032,    0.000024,    0.000037,    0.000001
  188    -0.000004,   -0.000041,   -0.000017,   -0.000014,    0.000001
  189     0.000001,    0.000048,    0.000032,    0.000043,    0.000001
  190    -0.000000,    0.000029,    0.000068,   -0.000009,    0.000000
  191    -0.000000,   -0.000000,    0.000000,   -0.000002,   -0.000000
  192    -0.000000,   -0.000003,   -0.000007,   -0.000002,    0.000000
  193     0.000022,    0.000009,   -0.000164,    0.000325,    0.000005
  194     0.000225,    0.000274,   -0.001424,    0.003460,    0.000040
  195    -0.000622,   -0.000853,    0.004302,   -0.009754,   -0.000113
  196    -0.000138,   -0.000566,   -0.000089,   -0.002232,   -0.000047
  197    -0.000000,    0.000004,   -0.000039,    0.000002,   -0.000002
  198     0.000004,    0.000009,   -0.000000,    0.000017,   -0.000001
  199    -0.000000,    0.000010,   -0.000008,   -0.000022,    0.000000
  200     0.000009,   -0.000096,    0.000908,   -0.000046,    0.000049
  201    -0.000099,   -0.000215,   -0.000001,   -0.000403,    0.000032
  202     0.000000,   -0.000246,    0.000184,    0.000526,   -0.000002
  203    -0.000048,    0.000463,   -0.004647,    0.000182,   -0.000259
  204     0.000504,    0.001109,    0.000173,    0.001988,   -0.000164
  205    -0.000000,    0.001319,   -0.000940,   -0.002738,    0.000010
  206    -0.000063,    0.000747,   -0.009009,    0.000549,   -0.000482
  207     0.000973,    0.001700,   -0.000678,    0.004005,   -0.000320
  208    -0.000000,    0.002376,   -0.001721,   -0.005015,    0.000017
  209    -0.000016,    0.000247,   -0.003444,    0.000362,   -0.000229
  210     0.000377,    0.000591,    0.000054,    0.001598,   -0.000103
  211    -0.000000,    0.001216,   -0.000783,   -0.002360,    0.000011
  212     0.000000,   -0.000002,   -0.000003,   -0.000001,   -0.000000
  213    -0.000000,   -0.000001,   -0.000001,   -0.000000,   -0.000000
  214    -0.000000,    0.000001,    0.000001,    0.000000,    0.000000
  215    -0.000000,   -0.000000,   -0.000000,    0.000000,   -0.000000
  216    -0.000000,    0.000000,    0.000000,   -0.000000,    0.000000
  217    -0.000002,    0.000051,    0.000118,    0.000022,    0.000001
  218     0.000000,    0.000028,    0.000023,    0.000005,    0.000001
  219     0.000001,   -0.000020,   -0.000060,   -0.000002,   -0.000001
  220     0.000000,    0.000017,    0.000012,    0.000000,    0.000000
  221     0.000003,    0.000000,   -0.000006,    0.000019,   -0.000002
  222     0.000012,   -0.000124,   -0.000658,   -0.000019,   -0.000002
  223    -0.000000,   -0.000114,   -0.000037,    0.000033,   -0.000003
  224    -0.000010,   -0.000005,    0.000271,   -0.000066,    0.000003
  225    -0.000000,   -0.000152,   -0.000139,   -0.000050,   -0.000005
  226    -0.000035,   -0.000018,    0.000045,   -0.000160,    0.000020
  227     0.000036,    0.000045,   -0.000640,    0.000314,   -0.000010
  228    -0.000000,    0.000023,    0.000051,   -0.000009,    0.000000
  229    -0.000027,   -0.000123,    0.000207,   -0.000283,    0.000008
  230    -0.000000,   -0.000250,   -0.000321,   -0.000199,   -0.000009
  231    -0.000061,    0.000080,    0.000266,   -0.000236,    0.000024
  232    -0.000013,   -0.000046,   -0.000155,   -0.000079,    0.000007
  233    -0.000000,   -0.000067,   -0.000060,   -0.000031,   -0.000002
  234    -0.000013,   -0.000019,    0.000124,   -0.000079,    0.000005
  235     0.000000,    0.000060,    0.000051,    0.000028,    0.000002
  236    -0.000002,   -0.000019,    0.000090,   -0.000032,    0.000000
  237    -0.000000,   -0.000069,   -0.000108,   -0.000060,   -0.000002
  238    -0.000023,    0.000062,    0.000327,   -0.000061,    0.000010
                35,          36,          37,          38,          39
    0     0.001736,    0.002608,   -0.002275,    0.004607,    0.007390
    1     0.003123,    0.004736,   -0.003482,    0.006956,    0.011208
    2    -0.003947,   -0.006160,    0.002329,   -0.004132,   -0.006910
    3    -0.003263,   -0.005219,    0.001943,   -0.003160,   -0.005878
    4    -0.000305,   -0.000958,    0.000308,   -0.000822,   -0.001268
    5     0.002205,    0.003823,    0.007885,    0.001667,    0.003570
    6    -0.000658,   -0.007292,    0.001952,    0.002139,   -0.008510
    7    -0.007896,   -0.006687,    0.003048,   -0.008159,   -0.002386
    8     0.001553,    0.002755,    0.005156,    0.001078,    0.002611
    9    -0.000330,   -0.004495,    0.000960,    0.001631,   -0.004991
   10    -0.005384,   -0.004570,    0.002113,   -0.005498,   -0.001568
   11     0.000409,    0.000909,    0.001419,    0.000446,    0.001002
   12    -0.000105,   -0.001180,    0.000260,    0.000505,   -0.001322
   13    -0.001517,   -0.001307,    0.000597,   -0.001500,   -0.000389
   14    -0.000025,    0.000148,   -0.000178,   -0.000121,    0.000167
   15    -0.000272,   -0.000248,    0.000088,   -0.000259,   -0.000051
   16    -0.000046,   -0.000291,   -0.000044,    0.000074,   -0.000312
   17     0.000140,    0.000114,   -0.000054,    0.000155,    0.000054
   18     0.000077,    0.000090,    0.000278,    0.000078,    0.000069
   19    -0.000072,    0.000042,   -0.000138,   -0.000184,   -0.000010
   20    -0.000232,   -0.000239,    0.000054,   -0.000180,    0.000009
   21    -0.000010,   -0.000165,   -0.000074,    0.000181,   -0.000070
   22     0.000158,    0.000125,   -0.000074,    0.000167,    0.000057
   23     0.000075,    0.000047,    0.000166,    0.000080,    0.000031
   24     0.000008,    0.000028,    0.000019,    0.000002,    0.000034
   25    -0.000008,   -0.000000,    0.000006,   -0.000019,   -0.000015
   26    -0.000045,   -0.000042,   -0.000014,   -0.000044,   -0.000025
   27     0.000018,    0.000009,   -0.000010,    0.000027,    0.000017
   28     0.000002,    0.000026,   -0.000034,   -0.000022,    0.000013
   29     0.000023,    0.000015,   -0.000015,    0.000026,    0.000013
   30    -0.000048,   -0.000023,   -0.000026,   -0.000066,   -0.000013
   31    -0.003956,   -0.005708,    0.001107,   -0.003387,   -0.004580
   32    -0.004611,   -0.006670,    0.001275,   -0.004118,   -0.005532
   33    -0.001322,   -0.001826,    0.000226,   -0.001137,   -0.001348
   34    -0.000084,   -0.000112,    0.000154,   -0.000076,   -0.000084
   35     0.000255,    0.000270,   -0.000049,    0.000265,    0.000190
   36     0.000270,    0.000463,   -0.000071,    0.000216,    0.000430
   37    -0.000049,   -0.000071,    0.000291,   -0.000042,   -0.000071
   38     0.000265,    0.000216,   -0.000042,    0.000390,    0.000205
   39     0.000190,    0.000430,   -0.000071,    0.000205,    0.000561
   40     0.000016,    0.000013,   -0.000039,    0.000017,    0.000007
   41    -0.000056,   -0.000061,    0.000006,   -0.000072,   -0.000063
   42    -0.000003,   -0.000053,   -0.000002,    0.000012,   -0.000076
   43     0.000008,    0.000021,   -0.000055,    0.000005,    0.000025
   44     0.000027,    0.000014,    0.000014,    0.000037,    0.000007
   45     0.001641,   -0.000921,   -0.000989,    0.002359,   -0.002955
   46     0.002098,   -0.000933,   -0.001160,    0.002858,   -0.003514
   47     0.000747,   -0.000014,   -0.000434,    0.001022,   -0.000753
   48     0.000085,    0.000033,    0.000092,    0.000097,   -0.000036
   49    -0.000121,   -0.000046,    0.000097,   -0.000127,    0.000072
   50     0.000046,   -0.000193,   -0.000050,    0.000109,   -0.000338
   51     0.000097,    0.000050,    0.000203,    0.000083,   -0.000044
   52    -0.000127,   -0.000109,    0.000083,   -0.000061,    0.000046
   53    -0.000072,   -0.000338,    0.000044,   -0.000046,   -0.000491
   54    -0.000019,   -0.000018,   -0.000022,   -0.000015,   -0.000001
   55    -0.000011,    0.000005,    0.000018,   -0.000002,    0.000038
   56    -0.000034,   -0.000079,    0.000010,   -0.000022,   -0.000088
   57     0.000014,   -0.000002,    0.000047,    0.000015,   -0.000021
   58    -0.000009,   -0.000015,    0.000030,   -0.000002,   -0.000007
   59     0.000224,    0.000839,    0.003780,   -0.000257,    0.000551
   60     0.000427,    0.001350,    0.004543,   -0.000169,    0.000983
   61     0.000225,    0.000545,    0.001248,   -0.000028,    0.000379
   62     0.000002,   -0.000048,   -0.000355,    0.000054,   -0.000008
   63    -0.000006,   -0.000099,    0.000075,    0.000030,   -0.000123
   64    -0.000119,   -0.000101,    0.000047,   -0.000122,   -0.000035
   65     0.000041,    0.000003,   -0.000328,    0.000094,    0.000073
   66    -0.000015,   -0.000194,    0.000115,    0.000039,   -0.000257
   67    -0.000226,   -0.000190,    0.000092,   -0.000232,   -0.000068
   68     0.000004,    0.000054,   -0.000028,   -0.000014,    0.000069
   69    -0.000006,   -0.000005,    0.000002,   -0.000005,   -0.000001
   70     0.000005,    0.000006,   -0.000026,    0.000012,    0.000016
   71     0.000055,    0.000046,   -0.000023,    0.000056,    0.000017
   72    -0.000009,   -0.000001,    0.000045,   -0.000025,   -0.000018
   73     0.000096,   -0.000251,    0.000658,    0.001068,   -0.000414
   74     0.000186,   -0.000566,    0.001208,    0.001689,   -0.000845
   75    -0.000233,    0.001110,   -0.001520,   -0.001226,    0.001375
   76     0.000040,    0.001483,   -0.001715,   -0.001355,    0.001611
   77     0.000100,   -0.000099,    0.000510,    0.001655,    0.000531
   78    -0.000566,    0.000782,   -0.000973,   -0.001634,    0.001028
   79    -0.001651,    0.001919,   -0.003685,   -0.003829,    0.002111
   80    -0.000299,    0.000502,    0.000785,   -0.001289,   -0.001435
   81    -0.000270,    0.000602,   -0.000587,   -0.001048,    0.000697
   82    -0.001090,    0.001614,   -0.002784,   -0.002560,    0.001970
   83    -0.000061,    0.000463,    0.000503,   -0.000716,   -0.000924
   84    -0.000039,    0.000154,   -0.000187,   -0.000398,    0.000032
   85    -0.000186,    0.000516,   -0.000489,   -0.000177,    0.000713
   86     0.000071,    0.000221,    0.000053,   -0.000236,   -0.000345
   87    -0.000063,    0.000102,   -0.000037,   -0.000084,    0.000171
   88    -0.000169,   -0.000169,    0.000025,   -0.000159,   -0.000019
   89     0.000052,   -0.000061,    0.000075,    0.000093,   -0.000085
   90    -0.000058,   -0.000036,    0.000077,   -0.000036,   -0.000009
   91     0.000103,    0.000123,    0.000193,    0.000143,    0.000135
   92    -0.000059,    0.000231,    0.000007,    0.000013,    0.000458
   93    -0.000503,   -0.000447,    0.000102,   -0.000570,   -0.000174
   94     0.000095,   -0.000155,    0.000191,    0.000115,   -0.000307
   95    -0.000106,   -0.000077,    0.000182,    0.000007,    0.000048
   96     0.000173,    0.000277,    0.000388,    0.000282,    0.000363
   97     0.000032,    0.000082,    0.000069,   -0.000027,    0.000057
   98    -0.000063,   -0.000053,    0.000028,   -0.000061,   -0.000016
   99     0.000015,   -0.000020,    0.000051,    0.000062,   -0.000006
  100     0.000062,    0.000050,   -0.000011,    0.000082,    0.000035
  101     0.000005,   -0.000023,   -0.000008,    0.000030,   -0.000015
  102     0.000045,    0.000038,   -0.000036,    0.000029,    0.000000
  103     0.000011,   -0.000050,    0.000037,    0.000042,   -0.000059
  104     0.000120,   -0.000595,    0.000040,    0.000513,    0.000147
  105     0.000118,   -0.000733,   -0.000023,    0.000750,    0.000250
  106    -0.000291,   -0.000577,   -0.000219,   -0.000380,   -0.000333
  107    -0.000008,    0.000042,   -0.000026,   -0.000049,    0.000011
  108     0.000015,    0.000027,   -0.000045,    0.000017,    0.000072
  109     0.000024,   -0.000036,    0.000028,    0.000058,    0.000007
  110    -0.000024,    0.000025,    0.000025,   -0.000126,   -0.000042
  111     0.000008,    0.000077,   -0.000103,   -0.000014,    0.000122
  112     0.000062,    0.000038,    0.000012,    0.000172,    0.000114
  113    -0.000000,    0.000004,    0.000006,   -0.000008,   -0.000004
  114     0.000001,    0.000013,   -0.000014,   -0.000008,    0.000020
  115     0.000001,   -0.000010,    0.000015,    0.000008,   -0.000009
  116    -0.000003,    0.000018,   -0.000008,   -0.000025,    0.000006
  117    -0.000001,   -0.000013,    0.000018,    0.000012,   -0.000009
  118     0.000350,    0.000134,    0.000564,    0.000210,   -0.000616
  119     0.000263,    0.000032,    0.000635,    0.000236,   -0.000717
  120     0.000326,    0.000131,    0.000103,    0.000485,   -0.000113
  121    -0.000023,    0.000010,   -0.000028,   -0.000031,    0.000047
  122    -0.000023,    0.000030,    0.000002,   -0.000069,   -0.000002
  123    -0.000029,    0.000002,   -0.000056,   -0.000026,    0.000042
  124     0.000012,    0.000036,   -0.000020,   -0.000088,   -0.000017
  125    -0.000092,    0.000029,   -0.000057,   -0.000188,    0.000009
  126     0.000048,    0.000043,   -0.000038,   -0.000015,   -0.000039
  127     0.000000,    0.000000,    0.000006,    0.000003,    0.000007
  128     0.000009,   -0.000010,    0.000005,    0.000025,   -0.000007
  129     0.000012,   -0.000004,    0.000010,    0.000025,    0.000001
  130     0.000007,   -0.000011,    0.000008,    0.000025,   -0.000011
  131     0.000016,   -0.000001,    0.000008,    0.000034,    0.000001
  132    -0.000129,   -0.000113,    0.000210,   -0.000136,   -0.000330
  133    -0.000236,   -0.000253,    0.000293,   -0.000441,   -0.000727
  134     0.000332,    0.000561,   -0.000047,    0.001321,    0.001503
  135     0.000277,    0.000471,    0.000178,    0.001158,    0.001291
  136     0.000102,    0.000077,    0.000041,   -0.001634,   -0.000997
  137     0.000412,    0.000398,    0.000433,    0.000069,    0.000001
  138     0.000318,    0.000144,   -0.000252,   -0.002283,   -0.001723
  139     0.000280,    0.000217,   -0.001948,   -0.001509,   -0.001280
  140     0.000294,    0.000169,    0.000378,    0.000136,   -0.000134
  141     0.000215,    0.000144,   -0.000176,   -0.001580,   -0.001129
  142     0.000263,    0.000190,   -0.001477,   -0.001052,   -0.000912
  143     0.000061,    0.000149,    0.000049,   -0.000116,    0.000107
  144     0.000035,   -0.000058,   -0.000068,   -0.000080,   -0.000152
  145     0.000124,    0.000071,   -0.000392,   -0.000119,   -0.000124
  146    -0.000050,    0.000026,   -0.000089,   -0.000080,    0.000032
  147    -0.000002,   -0.000007,   -0.000101,   -0.000101,   -0.000073
  148     0.000010,   -0.000003,    0.000017,   -0.000016,   -0.000021
  149    -0.000010,    0.000010,    0.000049,   -0.000008,   -0.000016
  150     0.000018,    0.000022,    0.000018,    0.000011,   -0.000009
  151    -0.000085,   -0.000005,   -0.000149,   -0.000262,   -0.000112
  152     0.000001,   -0.000016,   -0.000174,   -0.000170,   -0.000120
  153     0.000008,    0.000101,    0.000005,    0.000000,    0.000158
  154    -0.000030,    0.000021,    0.000115,   -0.000027,   -0.000043
  155     0.000029,    0.000054,    0.000058,   -0.000005,   -0.000032
  156    -0.000023,    0.000013,   -0.000064,   -0.000057,    0.000019
  157    -0.000013,   -0.000012,    0.000018,    0.000005,    0.000011
  158     0.000011,    0.000009,    0.000017,    0.000012,    0.000011
  159     0.000008,    0.000001,   -0.000014,    0.000007,    0.000006
  160    -0.000005,   -0.000004,   -0.000001,    0.000003,    0.000000
  161    -0.000004,    0.000005,   -0.000001,   -0.000025,   -0.000024
  162     0.000009,    0.000021,   -0.000001,   -0.000004,    0.000016
  163     0.000022,    0.000001,    0.000681,    0.000428,    0.000363
  164     0.000113,   -0.000024,    0.000713,    0.000592,    0.000317
  165     0.000108,    0.000098,    0.000340,    0.000469,    0.000307
  166     0.000003,    0.000003,    0.000026,    0.000016,    0.000022
  167     0.000005,    0.000000,   -0.000038,   -0.000055,   -0.000047
  168     0.000002,    0.000000,    0.000030,    0.000014,    0.000018
  169     0.000049,    0.000021,   -0.000001,    0.000036,   -0.000006
  170     0.000022,    0.000020,   -0.000011,   -0.000103,   -0.000073
  171     0.000033,    0.000013,   -0.000042,   -0.000024,   -0.000036
  172     0.000002,    0.000001,   -0.000013,   -0.000006,   -0.000011
  173     0.000000,    0.000000,   -0.000003,   -0.000019,   -0.000012
  174     0.000002,    0.000003,   -0.000002,   -0.000016,   -0.000008
  175     0.000003,    0.000005,   -0.000002,   -0.000004,    0.000003
  176     0.000005,    0.000004,   -0.000003,   -0.000009,   -0.000006
  177     0.000159,    0.000056,   -0.000829,   -0.000777,   -0.000583
  178     0.000100,   -0.000087,   -0.000872,   -0.000904,   -0.000784
  179    -0.000019,   -0.000067,   -0.000323,   -0.000307,   -0.000185
  180     0.000011,    0.000012,   -0.000034,   -0.000039,   -0.000027
  181    -0.000004,   -0.000005,    0.000040,    0.000006,    0.000002
  182    -0.000012,   -0.000007,    0.000054,    0.000053,    0.000037
  183    -0.000033,   -0.000041,   -0.000031,   -0.000127,   -0.000095
  184    -0.000014,   -0.000017,   -0.000015,   -0.000166,   -0.000100
  185     0.000009,    0.000012,   -0.000021,    0.000030,    0.000027
  186    -0.000010,   -0.000011,    0.000003,   -0.000003,   -0.000001
  187    -0.000001,   -0.000002,   -0.000003,    0.000012,    0.000008
  188     0.000004,    0.000004,    0.000002,   -0.000007,   -0.000002
  189    -0.000000,   -0.000004,    0.000010,    0.000020,    0.000009
  190    -0.000003,   -0.000002,   -0.000004,   -0.000026,   -0.000016
  191     0.000000,   -0.000000,    0.000000,   -0.000001,   -0.000001
  192     0.000000,    0.000000,    0.000001,    0.000001,    0.000001
  193    -0.000005,    0.000006,   -0.000023,    0.000170,    0.000110
  194    -0.000051,    0.000048,   -0.000259,    0.001746,    0.001111
  195     0.000157,   -0.000134,    0.000713,   -0.005029,   -0.003253
  196     0.000018,    0.000016,    0.000114,   -0.000959,   -0.000471
  197    -0.000002,    0.000001,   -0.000010,    0.000006,    0.000015
  198    -0.000002,   -0.000000,    0.000001,    0.000008,    0.000004
  199    -0.000000,   -0.000001,    0.000007,    0.000011,    0.000009
  200     0.000058,   -0.000012,    0.000237,   -0.000145,   -0.000349
  201     0.000051,    0.000012,   -0.000025,   -0.000176,   -0.000090
  202     0.000009,    0.000020,   -0.000171,   -0.000250,   -0.000211
  203    -0.000297,    0.000064,   -0.001234,    0.000700,    0.001773
  204    -0.000255,   -0.000065,    0.000139,    0.000837,    0.000392
  205    -0.000050,   -0.000109,    0.000900,    0.001312,    0.001105
  206    -0.000559,    0.000135,   -0.002288,    0.001461,    0.003421
  207    -0.000493,   -0.000068,    0.000199,    0.001832,    0.001030
  208    -0.000093,   -0.000198,    0.001634,    0.002380,    0.002005
  209    -0.000229,    0.000068,   -0.001027,    0.000506,    0.001359
  210    -0.000160,   -0.000032,    0.000111,    0.000680,    0.000268
  211    -0.000064,   -0.000100,    0.000812,    0.001089,    0.000921
  212    -0.000000,    0.000000,   -0.000000,   -0.000000,    0.000000
  213     0.000000,    0.000000,   -0.000000,    0.000000,   -0.000000
  214     0.000000,   -0.000000,    0.000000,   -0.000000,   -0.000000
  215     0.000000,    0.000000,   -0.000000,   -0.000000,   -0.000000
  216     0.000000,   -0.000000,   -0.000000,   -0.000000,   -0.000000
  217     0.000002,   -0.000005,    0.000001,   -0.000010,   -0.000022
  218    -0.000002,   -0.000002,    0.000005,    0.000000,    0.000001
  219    -0.000002,    0.000003,   -0.000000,    0.000009,    0.000014
  220    -0.000001,   -0.000001,    0.000003,    0.000001,    0.000001
  221    -0.000002,    0.000001,    0.000000,    0.000005,    0.000007
  222    -0.000019,    0.000017,   -0.000009,    0.000145,    0.000174
  223     0.000013,    0.000008,   -0.000041,   -0.000008,   -0.000009
  224     0.000014,   -0.000005,    0.000001,   -0.000096,   -0.000100
  225     0.000010,    0.000009,   -0.000018,   -0.000000,   -0.000005
  226     0.000022,   -0.000008,    0.000011,   -0.000042,   -0.000056
  227    -0.000034,    0.000009,   -0.000049,    0.000282,    0.000265
  228     0.000002,   -0.000001,   -0.000009,    0.000011,    0.000010
  229     0.000022,    0.000002,    0.000021,   -0.000174,   -0.000142
  230     0.000011,    0.000012,    0.000008,    0.000024,    0.000011
  231     0.000030,   -0.000019,    0.000022,   -0.000105,   -0.000106
  232     0.000005,    0.000002,   -0.000002,    0.000016,    0.000021
  233     0.000005,    0.000004,   -0.000008,    0.000003,    0.000000
  234     0.000011,   -0.000002,    0.000007,   -0.000058,   -0.000057
  235    -0.000004,   -0.000003,    0.000008,   -0.000001,    0.000001
  236     0.000004,    0.000000,    0.000004,   -0.000040,   -0.000037
  237     0.000001,    0.000003,    0.000010,    0.000004,    0.000000
  238     0.000018,   -0.000012,    0.000018,   -0.000083,   -0.000099
                40,          41,          42,          43,          44
    0     0.000517,   -0.001480,   -0.000927,    0.000574,    0.000355
    1     0.000764,   -0.002196,   -0.001382,    0.000869,    0.000530
    2    -0.000391,    0.001149,    0.000755,   -0.000539,   -0.000283
    3    -0.000343,    0.000943,    0.000694,   -0.000459,   -0.000218
    4     0.000023,    0.000121,    0.000108,   -0.000109,    0.000030
    5    -0.000995,   -0.000699,   -0.000785,   -0.001514,    0.000758
    6     0.000025,    0.000022,    0.001748,   -0.000695,    0.000618
    7    -0.000754,    0.001403,   -0.000647,   -0.000460,   -0.000735
    8    -0.000646,   -0.000495,   -0.000573,   -0.000988,    0.000503
    9     0.000057,   -0.000042,    0.001080,   -0.000387,    0.000391
   10    -0.000520,    0.000950,   -0.000438,   -0.000318,   -0.000497
   11    -0.000195,   -0.000141,   -0.000187,   -0.000258,    0.000127
   12     0.000004,   -0.000014,    0.000295,   -0.000095,    0.000096
   13    -0.000150,    0.000263,   -0.000119,   -0.000095,   -0.000131
   14     0.000017,    0.000019,   -0.000040,    0.000046,   -0.000031
   15    -0.000026,    0.000047,   -0.000018,   -0.000021,   -0.000017
   16     0.000013,    0.000005,    0.000069,   -0.000003,    0.000011
   17     0.000013,   -0.000026,    0.000013,    0.000007,    0.000015
   18    -0.000029,   -0.000022,   -0.000017,   -0.000053,    0.000035
   19     0.000014,    0.000042,   -0.000017,    0.000038,   -0.000031
   20    -0.000024,    0.000037,   -0.000009,   -0.000026,   -0.000003
   21     0.000014,   -0.000013,    0.000043,    0.000007,    0.000010
   22     0.000015,   -0.000028,    0.000015,    0.000007,    0.000018
   23    -0.000010,   -0.000024,   -0.000010,   -0.000035,    0.000035
   24    -0.000006,   -0.000004,   -0.000005,   -0.000004,   -0.000002
   25    -0.000000,    0.000002,   -0.000002,    0.000001,   -0.000003
   26    -0.000000,    0.000010,    0.000000,    0.000004,   -0.000008
   27     0.000001,   -0.000004,    0.000003,   -0.000001,    0.000004
   28     0.000004,    0.000005,   -0.000004,    0.000008,   -0.000005
   29     0.000002,   -0.000004,    0.000003,    0.000000,    0.000004
   30     0.000000,    0.000014,   -0.000004,    0.000007,   -0.000011
   31    -0.000235,    0.000809,    0.000426,   -0.000278,   -0.000248
   32    -0.000274,    0.000967,    0.000508,   -0.000330,   -0.000293
   33    -0.000073,    0.000263,    0.000121,   -0.000079,   -0.000087
   34    -0.000022,    0.000014,    0.000001,   -0.000032,    0.000004
   35     0.000016,   -0.000056,   -0.000003,    0.000008,    0.000027
   36     0.000013,   -0.000061,   -0.000053,    0.000021,    0.000014
   37    -0.000039,    0.000006,   -0.000002,   -0.000055,    0.000014
   38     0.000017,   -0.000072,    0.000012,    0.000005,    0.000037
   39     0.000007,   -0.000063,   -0.000076,    0.000025,    0.000007
   40     0.000006,   -0.000003,    0.000002,    0.000007,   -0.000000
   41    -0.000003,    0.000016,    0.000003,   -0.000001,   -0.000007
   42     0.000002,    0.000003,    0.000016,   -0.000002,    0.000003
   43     0.000007,   -0.000001,   -0.000002,    0.000012,   -0.000004
   44    -0.000000,   -0.000007,    0.000003,   -0.000004,    0.000006
   45     0.000297,   -0.000183,    0.000874,    0.000062,    0.000251
   46     0.000353,   -0.000230,    0.001048,    0.000076,    0.000305
   47     0.000115,   -0.000108,    0.000279,    0.000058,    0.000078
   48    -0.000006,   -0.000016,    0.000015,   -0.000021,    0.000019
   49    -0.000019,    0.000011,   -0.000034,   -0.000014,   -0.000009
   50     0.000018,    0.000005,    0.000079,   -0.000002,    0.000015
   51    -0.000022,   -0.000018,    0.000010,   -0.000047,    0.000030
   52    -0.000015,    0.000002,   -0.000022,   -0.000015,   -0.000002
   53     0.000001,    0.000038,    0.000088,   -0.000021,    0.000007
   54     0.000002,    0.000003,   -0.000001,    0.000005,   -0.000004
   55    -0.000003,   -0.000004,   -0.000009,   -0.000003,    0.000001
   56    -0.000001,    0.000009,    0.000014,   -0.000004,   -0.000001
   57    -0.000005,   -0.000003,    0.000004,   -0.000010,    0.000006
   58    -0.000004,   -0.000001,   -0.000001,   -0.000006,    0.000002
   59    -0.000506,   -0.000059,   -0.000277,   -0.000726,    0.000244
   60    -0.000611,   -0.000086,   -0.000370,   -0.000860,    0.000295
   61    -0.000159,   -0.000046,   -0.000129,   -0.000231,    0.000095
   62     0.000049,   -0.000004,    0.000020,    0.000069,   -0.000019
   63    -0.000005,   -0.000000,    0.000023,   -0.000019,    0.000013
   64    -0.000012,    0.000021,   -0.000010,   -0.000007,   -0.000011
   65     0.000050,   -0.000028,    0.000004,    0.000063,   -0.000007
   66    -0.000006,    0.000004,    0.000047,   -0.000030,    0.000021
   67    -0.000022,    0.000040,   -0.000019,   -0.000013,   -0.000022
   68     0.000001,   -0.000001,   -0.000013,    0.000008,   -0.000006
   69    -0.000001,    0.000001,   -0.000000,   -0.000000,   -0.000000
   70     0.000004,   -0.000003,   -0.000001,    0.000005,   -0.000001
   71     0.000005,   -0.000010,    0.000005,    0.000003,    0.000005
   72    -0.000007,    0.000006,   -0.000001,   -0.000009,   -0.000000
   73    -0.000095,   -0.000153,    0.000201,   -0.000189,    0.000184
   74    -0.000170,   -0.000252,    0.000338,   -0.000330,    0.000318
   75     0.000202,    0.000218,   -0.000330,    0.000368,   -0.000340
   76     0.000253,    0.000156,   -0.000404,    0.000416,   -0.000321
   77    -0.000123,   -0.000188,    0.000120,   -0.000078,    0.000071
   78    -0.000128,    0.000062,   -0.000261,    0.000161,   -0.000426
   79     0.000298,    0.000737,   -0.000742,    0.000966,   -0.000742
   80     0.000003,    0.000125,   -0.000200,    0.000198,   -0.000362
   81    -0.000083,    0.000007,   -0.000182,    0.000090,   -0.000256
   82     0.000226,    0.000497,   -0.000578,    0.000719,   -0.000544
   83     0.000011,    0.000059,   -0.000124,    0.000144,   -0.000236
   84    -0.000003,    0.000015,   -0.000044,    0.000031,   -0.000062
   85     0.000018,    0.000062,   -0.000136,    0.000160,   -0.000106
   86     0.000018,    0.000015,   -0.000031,    0.000053,   -0.000072
   87    -0.000010,    0.000018,   -0.000035,    0.000017,   -0.000027
   88    -0.000015,    0.000029,   -0.000008,   -0.000017,   -0.000004
   89    -0.000006,   -0.000024,    0.000025,   -0.000023,    0.000017
   90    -0.000012,    0.000008,   -0.000007,    0.000001,   -0.000014
   91    -0.000015,   -0.000029,   -0.000019,   -0.000035,    0.000035
   92    -0.000031,    0.000005,   -0.000065,    0.000009,   -0.000038
   93    -0.000038,    0.000094,   -0.000039,   -0.000035,   -0.000035
   94    -0.000010,   -0.000040,    0.000055,   -0.000048,    0.000044
   95    -0.000030,    0.000009,   -0.000007,   -0.000003,   -0.000021
   96    -0.000043,   -0.000058,   -0.000050,   -0.000069,    0.000054
   97    -0.000008,   -0.000005,   -0.000019,   -0.000012,    0.000006
   98    -0.000007,    0.000011,   -0.000005,   -0.000004,   -0.000006
   99    -0.000006,   -0.000009,    0.000007,   -0.000012,    0.000010
  100     0.000003,   -0.000012,    0.000006,    0.000003,    0.000006
  101     0.000005,   -0.000002,    0.000006,    0.000001,    0.000004
  102     0.000007,   -0.000007,    0.000003,    0.000003,    0.000005
  103    -0.000003,   -0.000009,    0.000014,   -0.000011,    0.000010
  104    -0.000035,   -0.000103,    0.000143,   -0.000192,    0.000153
  105    -0.000048,   -0.000113,    0.000189,   -0.000217,    0.000173
  106     0.000006,    0.000054,    0.000048,   -0.000058,    0.000018
  107     0.000001,    0.000004,   -0.000010,    0.000010,   -0.000011
  108     0.000002,   -0.000003,   -0.000002,    0.000001,    0.000002
  109    -0.000005,   -0.000013,    0.000012,   -0.000017,    0.000012
  110    -0.000005,    0.000009,   -0.000013,    0.000002,   -0.000013
  111     0.000006,    0.000009,   -0.000011,    0.000018,   -0.000011
  112    -0.000007,   -0.000022,    0.000010,   -0.000008,    0.000005
  113    -0.000001,   -0.000000,   -0.000001,   -0.000001,   -0.000001
  114     0.000000,    0.000001,   -0.000003,    0.000002,   -0.000002
  115    -0.000002,   -0.000003,    0.000002,   -0.000004,    0.000001
  116    -0.000000,    0.000002,   -0.000004,    0.000003,   -0.000004
  117    -0.000001,   -0.000002,    0.000002,   -0.000003,    0.000002
  118    -0.000012,   -0.000107,    0.000042,   -0.000028,   -0.000065
  119    -0.000027,   -0.000095,    0.000054,   -0.000027,   -0.000098
  120     0.000020,   -0.000085,    0.000063,    0.000025,   -0.000006
  121    -0.000003,    0.000005,   -0.000007,    0.000003,   -0.000005
  122    -0.000001,    0.000007,   -0.000014,    0.000009,   -0.000017
  123     0.000004,    0.000011,   -0.000005,    0.000009,    0.000001
  124    -0.000001,    0.000003,   -0.000005,   -0.000001,   -0.000003
  125     0.000002,    0.000033,   -0.000028,    0.000023,   -0.000035
  126     0.000012,   -0.000000,    0.000003,    0.000011,    0.000008
  127    -0.000002,   -0.000001,    0.000000,   -0.000002,    0.000001
  128     0.000000,   -0.000003,    0.000005,   -0.000003,    0.000005
  129    -0.000001,   -0.000005,    0.000004,   -0.000004,    0.000003
  130     0.000001,   -0.000002,    0.000004,   -0.000002,    0.000003
  131     0.000000,   -0.000005,    0.000004,   -0.000003,    0.000005
  132    -0.000068,   -0.000050,    0.000044,   -0.000037,   -0.000082
  133    -0.000101,   -0.000035,    0.000085,   -0.000040,   -0.000143
  134     0.000045,   -0.000166,   -0.000142,   -0.000044,    0.000171
  135    -0.000003,   -0.000148,   -0.000117,   -0.000084,    0.000160
  136     0.000067,    0.000131,   -0.000065,   -0.000036,   -0.000011
  137     0.000148,    0.000101,   -0.000086,   -0.000002,    0.000174
  138     0.000137,    0.000097,   -0.000096,   -0.000055,    0.000064
  139     0.000317,    0.000098,   -0.000035,    0.000012,    0.000120
  140     0.000091,    0.000053,   -0.000031,   -0.000026,    0.000144
  141     0.000089,    0.000066,   -0.000077,   -0.000040,    0.000038
  142     0.000236,    0.000064,   -0.000016,    0.000008,    0.000097
  143     0.000021,    0.000024,   -0.000047,   -0.000008,    0.000021
  144     0.000011,   -0.000013,    0.000007,   -0.000021,    0.000020
  145     0.000064,   -0.000004,    0.000006,   -0.000004,    0.000047
  146     0.000006,    0.000020,   -0.000011,    0.000027,   -0.000021
  147     0.000014,    0.000009,   -0.000002,   -0.000001,    0.000004
  148    -0.000005,   -0.000008,    0.000000,   -0.000010,    0.000004
  149    -0.000005,    0.000002,   -0.000004,    0.000005,   -0.000011
  150     0.000008,    0.000005,   -0.000003,    0.000004,    0.000008
  151     0.000017,    0.000044,   -0.000010,    0.000042,   -0.000033
  152     0.000020,    0.000018,    0.000001,   -0.000002,    0.000006
  153    -0.000013,   -0.000011,   -0.000025,   -0.000006,   -0.000008
  154    -0.000011,    0.000004,   -0.000011,    0.000011,   -0.000026
  155     0.000002,    0.000003,   -0.000008,    0.000002,    0.000011
  156     0.000005,    0.000010,   -0.000008,    0.000013,   -0.000011
  157    -0.000003,    0.000000,   -0.000001,   -0.000001,   -0.000001
  158    -0.000002,   -0.000004,   -0.000001,   -0.000005,    0.000003
  159     0.000001,   -0.000001,    0.000002,   -0.000001,    0.000003
  160    -0.000002,   -0.000001,    0.000002,    0.000001,   -0.000002
  161     0.000001,    0.000003,   -0.000002,    0.000002,   -0.000004
  162     0.000003,    0.000001,   -0.000005,    0.000002,    0.000002
  163    -0.000103,   -0.000081,   -0.000010,   -0.000034,   -0.000016
  164    -0.000105,   -0.000108,    0.000021,   -0.000038,   -0.000000
  165    -0.000047,   -0.000072,    0.000004,   -0.000011,    0.000001
  166    -0.000002,   -0.000001,   -0.000002,   -0.000001,    0.000002
  167     0.000008,    0.000005,   -0.000000,    0.000001,    0.000002
  168    -0.000005,   -0.000005,   -0.000002,   -0.000002,   -0.000000
  169     0.000009,   -0.000002,    0.000005,    0.000004,    0.000009
  170     0.000009,    0.000006,   -0.000004,    0.000001,   -0.000000
  171     0.000007,   -0.000004,    0.000002,   -0.000001,    0.000008
  172     0.000001,    0.000000,    0.000001,    0.000002,   -0.000001
  173     0.000001,    0.000002,   -0.000001,   -0.000000,    0.000000
  174     0.000001,   -0.000000,   -0.000001,   -0.000001,    0.000001
  175     0.000001,    0.000001,   -0.000001,    0.000001,    0.000001
  176     0.000002,    0.000001,   -0.000000,    0.000001,    0.000001
  177     0.000128,    0.000008,   -0.000031,   -0.000041,    0.000084
  178     0.000137,    0.000017,   -0.000020,   -0.000052,    0.000093
  179     0.000035,    0.000011,   -0.000011,   -0.000029,    0.000030
  180     0.000009,    0.000003,   -0.000004,    0.000001,    0.000004
  181    -0.000005,    0.000001,    0.000001,    0.000001,   -0.000003
  182    -0.000008,    0.000001,    0.000003,    0.000002,   -0.000005
  183     0.000012,    0.000019,   -0.000005,    0.000001,    0.000001
  184     0.000005,    0.000017,   -0.000004,   -0.000001,   -0.000006
  185     0.000000,    0.000001,    0.000004,    0.000002,   -0.000001
  186    -0.000002,    0.000001,    0.000001,    0.000000,   -0.000002
  187    -0.000000,   -0.000001,    0.000000,   -0.000000,    0.000001
  188    -0.000000,   -0.000001,   -0.000001,   -0.000001,    0.000001
  189    -0.000003,   -0.000003,    0.000002,   -0.000001,   -0.000000
  190     0.000002,    0.000003,   -0.000001,    0.000001,   -0.000001
  191     0.000000,    0.000000,   -0.000000,   -0.000000,   -0.000000
  192    -0.000000,   -0.000000,   -0.000000,   -0.000000,   -0.000000
  193    -0.000005,   -0.000017,    0.000001,    0.000001,    0.000007
  194    -0.000048,   -0.000170,    0.000011,    0.000015,    0.000069
  195     0.000144,    0.000488,   -0.000033,   -0.000042,   -0.000186
  196     0.000026,    0.000098,   -0.000016,    0.000001,   -0.000055
  197     0.000000,   -0.000000,   -0.000001,    0.000001,   -0.000001
  198    -0.000001,   -0.000000,    0.000000,    0.000001,   -0.000000
  199    -0.000001,   -0.000001,    0.000000,   -0.000000,    0.000001
  200    -0.000011,    0.000006,    0.000015,   -0.000026,    0.000027
  201     0.000017,    0.000007,   -0.000011,   -0.000014,    0.000011
  202     0.000020,    0.000027,   -0.000004,    0.000010,   -0.000014
  203     0.000057,   -0.000024,   -0.000077,    0.000136,   -0.000139
  204    -0.000087,   -0.000028,    0.000056,    0.000073,   -0.000054
  205    -0.000106,   -0.000140,    0.000019,   -0.000050,    0.000071
  206     0.000098,   -0.000059,   -0.000143,    0.000256,   -0.000258
  207    -0.000172,   -0.000077,    0.000094,    0.000145,   -0.000105
  208    -0.000192,   -0.000255,    0.000033,   -0.000092,    0.000129
  209     0.000050,   -0.000022,   -0.000066,    0.000114,   -0.000110
  210    -0.000060,   -0.000028,    0.000040,    0.000050,   -0.000023
  211    -0.000100,   -0.000113,    0.000014,   -0.000039,    0.000047
  212    -0.000000,    0.000000,   -0.000000,    0.000000,   -0.000000
  213     0.000000,   -0.000000,    0.000000,    0.000000,    0.000000
  214     0.000000,   -0.000000,    0.000000,   -0.000000,    0.000000
  215     0.000000,   -0.000000,    0.000000,    0.000000,    0.000000
  216     0.000000,    0.000000,   -0.000000,   -0.000000,    0.000000
  217     0.000001,    0.000000,    0.000001,   -0.000001,    0.000001
  218    -0.000001,    0.000000,   -0.000000,   -0.000000,   -0.000001
  219    -0.000001,   -0.000001,   -0.000000,    0.000000,   -0.000001
  220    -0.000001,    0.000000,   -0.000000,   -0.000000,   -0.000000
  221    -0.000001,   -0.000001,    0.000000,    0.000000,   -0.000001
  222    -0.000007,   -0.000008,   -0.000003,    0.000005,   -0.000006
  223     0.000008,   -0.000001,    0.000000,   -0.000001,    0.000006
  224     0.000006,    0.000007,   -0.000000,   -0.000002,    0.000004
  225     0.000004,   -0.000001,   -0.000000,    0.000000,    0.000003
  226     0.000008,    0.000005,    0.000001,   -0.000006,    0.000008
  227    -0.000011,   -0.000020,    0.000000,    0.000010,   -0.000005
  228     0.000003,   -0.000002,   -0.000000,   -0.000002,    0.000005
  229     0.000009,    0.000014,   -0.000003,   -0.000005,    0.000003
  230     0.000001,   -0.000004,   -0.000000,    0.000001,    0.000001
  231     0.000009,    0.000008,    0.000002,   -0.000010,    0.000008
  232     0.000002,    0.000000,   -0.000001,   -0.000001,    0.000002
  233     0.000002,   -0.000001,   -0.000000,   -0.000000,    0.000002
  234     0.000004,    0.000004,   -0.000000,   -0.000003,    0.000003
  235    -0.000002,    0.000001,    0.000000,    0.000000,   -0.000002
  236     0.000002,    0.000003,   -0.000001,   -0.000001,    0.000001
  237    -0.000001,   -0.000000,    0.000000,    0.000001,   -0.000002
  238     0.000005,    0.000005,    0.000002,   -0.000006,    0.000005
                45,          46,          47,          48,          49
    0    -0.017100,   -0.030568,   -0.008030,   -0.000812,    0.001736
    1    -0.036518,   -0.054231,   -0.013022,   -0.001485,    0.003123
    2     0.066332,    0.065970,    0.011466,    0.001995,   -0.003947
    3     0.055780,    0.056137,    0.010510,    0.001646,   -0.003263
    4     0.010038,    0.010619,    0.000358,    0.000377,   -0.000305
    5    -0.039243,   -0.047729,   -0.016172,    0.003666,    0.002205
    6     0.071941,    0.086687,    0.021928,    0.001760,   -0.000658
    7    -0.118431,   -0.141904,   -0.044297,   -0.003589,    0.007896
    8    -0.028118,   -0.033954,   -0.011404,    0.002384,    0.001553
    9     0.044513,    0.053271,    0.013744,    0.000996,   -0.000330
   10    -0.080954,   -0.096871,   -0.030273,   -0.002455,    0.005384
   11    -0.009244,   -0.011497,   -0.003334,    0.000631,    0.000409
   12     0.011721,    0.014273,    0.004097,    0.000228,   -0.000105
   13    -0.023231,   -0.027744,   -0.008861,   -0.000709,    0.001517
   14    -0.001477,   -0.001787,   -0.000460,   -0.000107,   -0.000025
   15    -0.004481,   -0.005366,   -0.001901,   -0.000141,    0.000272
   16     0.002908,    0.003502,    0.000982,    0.000008,   -0.000046
   17     0.002001,    0.002411,    0.000703,    0.000059,   -0.000140
   18    -0.001010,   -0.001278,   -0.000565,    0.000139,    0.000077
   19    -0.000493,   -0.000593,   -0.000250,   -0.000084,   -0.000072
   20    -0.004453,   -0.005314,   -0.002206,   -0.000147,    0.000232
   21     0.001674,    0.001784,    0.000643,   -0.000011,   -0.000010
   22     0.002173,    0.002590,    0.000682,    0.000063,   -0.000158
   23    -0.000573,   -0.000738,   -0.000476,    0.000098,    0.000075
   24    -0.000257,   -0.000271,   -0.000014,    0.000004,    0.000008
   25     0.000020,    0.000016,    0.000078,    0.000002,    0.000008
   26     0.000526,    0.000431,    0.000074,    0.000001,   -0.000045
   27     0.000137,    0.000171,   -0.000015,    0.000003,   -0.000018
   28    -0.000307,   -0.000287,   -0.000063,   -0.000022,    0.000002
   29     0.000241,    0.000283,    0.000031,    0.000006,   -0.000023
   30     0.000319,    0.000202,    0.000003,   -0.000009,   -0.000048
   31    -0.008673,   -0.012569,   -0.006946,   -0.000902,    0.001641
   32    -0.012569,   -0.016642,   -0.008613,   -0.001142,    0.002098
   33    -0.006946,   -0.008613,   -0.003582,   -0.000468,    0.000747
   34    -0.000902,   -0.001142,   -0.000468,    0.000028,    0.000085
   35     0.001641,    0.002098,    0.000747,    0.000085,   -0.000121
   36    -0.000921,   -0.000933,   -0.000014,    0.000033,   -0.000046
   37    -0.000989,   -0.001160,   -0.000434,    0.000092,    0.000097
   38     0.002359,    0.002858,    0.001022,    0.000097,   -0.000127
   39    -0.002955,   -0.003514,   -0.000753,   -0.000036,    0.000072
   40     0.000297,    0.000353,    0.000115,   -0.000006,   -0.000019
   41    -0.000183,   -0.000230,   -0.000108,   -0.000016,    0.000011
   42     0.000874,    0.001048,    0.000279,    0.000015,   -0.000034
   43     0.000062,    0.000076,    0.000058,   -0.000021,   -0.000014
   44     0.000251,    0.000305,    0.000078,    0.000019,   -0.000009
   45     0.076365,    0.089373,    0.025511,    0.001688,   -0.003956
   46     0.089373,    0.105789,    0.030499,    0.001963,   -0.004611
   47     0.025511,    0.030499,    0.009581,    0.000534,   -0.001322
   48     0.001688,    0.001963,    0.000534,    0.000107,   -0.000084
   49    -0.003956,   -0.004611,   -0.001322,   -0.000084,    0.000255
   50     0.005708,    0.006670,    0.001826,    0.000112,   -0.000270
   51     0.001107,    0.001275,    0.000226,    0.000154,   -0.000049
   52    -0.003387,   -0.004118,   -0.001137,   -0.000076,    0.000265
   53     0.004580,    0.005532,    0.001348,    0.000084,   -0.000190
   54    -0.000235,   -0.000274,   -0.000073,   -0.000022,    0.000016
   55    -0.000809,   -0.000967,   -0.000263,   -0.000014,    0.000056
   56     0.000426,    0.000508,    0.000121,    0.000001,   -0.000003
   57     0.000278,    0.000330,    0.000079,    0.000032,   -0.000008
   58    -0.000248,   -0.000293,   -0.000087,    0.000004,    0.000027
   59    -0.008129,   -0.012490,   -0.006094,    0.001887,    0.000224
   60    -0.013733,   -0.019139,   -0.008131,    0.002206,    0.000427
   61    -0.005691,   -0.007090,   -0.002800,    0.000581,    0.000225
   62     0.000455,    0.000819,    0.000478,   -0.000179,    0.000002
   63     0.000969,    0.001137,    0.000244,    0.000049,   -0.000006
   64    -0.001791,   -0.002143,   -0.000668,   -0.000054,    0.000119
   65     0.000056,    0.000303,    0.000277,   -0.000160,    0.000041
   66     0.001870,    0.002277,    0.000509,    0.000075,   -0.000015
   67    -0.003355,   -0.004011,   -0.001225,   -0.000101,    0.000226
   68    -0.000522,   -0.000629,   -0.000141,   -0.000020,    0.000004
   69    -0.000095,   -0.000114,   -0.000042,   -0.000003,    0.000006
   70    -0.000056,   -0.000055,    0.000006,   -0.000014,    0.000005
   71     0.000813,    0.000972,    0.000296,    0.000025,   -0.000055
   72    -0.000002,   -0.000022,   -0.000037,    0.000022,   -0.000009
   73     0.002501,    0.002345,    0.001015,    0.000295,    0.000096
   74     0.005470,    0.005755,    0.001787,    0.000596,    0.000186
   75    -0.010288,   -0.012336,   -0.001932,   -0.000952,   -0.000233
   76    -0.014315,   -0.016109,   -0.003646,   -0.001078,    0.000040
   77     0.001463,    0.001305,    0.003512,    0.000120,    0.000100
   78    -0.004146,   -0.003361,    0.002649,   -0.000740,   -0.000566
   79    -0.018449,   -0.026758,   -0.009617,   -0.001982,   -0.001651
   80     0.012657,    0.014926,    0.014372,    0.000593,    0.000299
   81    -0.003629,   -0.002834,    0.001468,   -0.000469,   -0.000270
   82    -0.015623,   -0.022209,   -0.007290,   -0.001492,   -0.001090
   83     0.010778,    0.012821,    0.010615,    0.000469,    0.000061
   84    -0.001127,   -0.000484,    0.000186,   -0.000145,   -0.000039
   85    -0.005064,   -0.006794,   -0.001399,   -0.000339,   -0.000186
   86     0.004646,    0.005357,    0.003443,    0.000181,   -0.000071
   87    -0.000908,   -0.001469,   -0.000366,   -0.000030,   -0.000063
   88    -0.003135,   -0.003798,   -0.001550,   -0.000102,    0.000169
   89     0.000634,    0.001066,    0.000435,    0.000035,    0.000052
   90    -0.000537,   -0.000524,    0.000072,   -0.000012,    0.000058
   91    -0.001414,   -0.001729,   -0.000615,    0.000095,    0.000103
   92    -0.002085,   -0.003307,   -0.000623,   -0.000010,   -0.000059
   93    -0.008073,   -0.009876,   -0.003481,   -0.000251,    0.000503
   94     0.001522,    0.002572,    0.000732,    0.000082,    0.000095
   95    -0.001219,   -0.001091,    0.000016,   -0.000032,    0.000106
   96    -0.002949,   -0.003730,   -0.001064,    0.000181,    0.000173
   97    -0.000836,   -0.000924,   -0.000332,    0.000028,    0.000032
   98    -0.000935,   -0.001109,   -0.000336,   -0.000028,    0.000063
   99     0.000191,    0.000196,    0.000067,    0.000030,    0.000015
  100     0.000874,    0.001092,    0.000326,    0.000026,   -0.000062
  101     0.000211,    0.000224,    0.000052,    0.000000,    0.000005
  102     0.000665,    0.000744,    0.000207,    0.000020,   -0.000045
  103     0.000507,    0.000669,    0.000187,    0.000024,    0.000011
  104    -0.005093,   -0.004805,   -0.004061,   -0.000182,    0.000350
  105    -0.004409,   -0.004190,   -0.004240,   -0.000191,    0.000263
  106    -0.004516,   -0.005544,   -0.003247,   -0.000236,    0.000326
  107     0.000102,    0.000089,    0.000167,   -0.000005,   -0.000023
  108    -0.000366,   -0.000411,   -0.000294,   -0.000025,   -0.000023
  109    -0.000147,   -0.000039,   -0.000106,    0.000003,    0.000029
  110    -0.000308,   -0.000176,    0.000044,   -0.000009,    0.000012
  111    -0.000156,   -0.000232,   -0.000230,   -0.000040,   -0.000092
  112     0.000793,    0.000918,    0.000492,    0.000034,   -0.000048
  113     0.000034,    0.000037,    0.000041,    0.000004,    0.000000
  114    -0.000094,   -0.000112,   -0.000056,   -0.000007,   -0.000009
  115     0.000035,    0.000067,    0.000067,    0.000005,    0.000012
  116    -0.000062,   -0.000060,    0.000004,   -0.000004,   -0.000007
  117    -0.000032,   -0.000040,    0.000005,    0.000005,    0.000016
  118     0.010560,    0.014180,    0.008971,    0.000442,    0.000120
  119     0.012451,    0.016210,    0.010721,    0.000502,    0.000118
  120     0.009274,    0.012015,    0.005610,    0.000245,   -0.000291
  121    -0.000544,   -0.000653,   -0.000294,   -0.000029,   -0.000008
  122    -0.000132,   -0.000140,    0.000249,   -0.000008,    0.000015
  123    -0.000602,   -0.000859,   -0.000566,   -0.000034,   -0.000024
  124    -0.000214,   -0.000092,   -0.000248,   -0.000013,   -0.000024
  125    -0.000850,   -0.001144,   -0.000091,   -0.000051,    0.000008
  126     0.000596,    0.000832,   -0.000079,    0.000004,   -0.000062
  127    -0.000054,   -0.000056,   -0.000039,    0.000001,   -0.000000
  128     0.000109,    0.000130,   -0.000018,    0.000006,   -0.000001
  129     0.000129,    0.000186,    0.000067,    0.000007,    0.000001
  130     0.000200,    0.000221,    0.000089,    0.000009,    0.000003
  131     0.000158,    0.000187,    0.000040,    0.000010,   -0.000001
  132     0.001416,    0.002549,    0.001505,   -0.000059,   -0.000129
  133     0.003033,    0.005232,    0.002570,   -0.000126,   -0.000236
  134    -0.006173,   -0.009710,   -0.002862,    0.000239,    0.000332
  135    -0.005127,   -0.008372,   -0.002565,    0.000315,    0.000277
  136    -0.001373,    0.000868,   -0.002707,    0.000038,    0.000102
  137    -0.006918,   -0.009631,   -0.006223,    0.000307,    0.000412
  138    -0.001890,    0.004099,   -0.001917,   -0.000006,    0.000318
  139     0.002674,   -0.002051,   -0.003410,    0.000064,   -0.000280
  140    -0.003680,   -0.005157,   -0.003824,    0.000266,    0.000294
  141    -0.001720,    0.002320,   -0.001327,   -0.000004,    0.000215
  142     0.002397,   -0.000996,   -0.002687,    0.000053,   -0.000263
  143    -0.001914,   -0.002690,   -0.001512,    0.000073,    0.000061
  144     0.000674,    0.001427,    0.000481,    0.000030,    0.000035
  145     0.000922,    0.000197,   -0.000683,    0.000019,   -0.000124
  146    -0.000234,   -0.000407,   -0.000129,   -0.000058,   -0.000050
  147    -0.000210,   -0.000526,   -0.000416,   -0.000009,    0.000002
  148     0.000094,    0.000267,    0.000114,    0.000014,    0.000010
  149     0.000288,    0.000422,    0.000398,    0.000014,    0.000010
  150    -0.000362,   -0.000420,   -0.000237,    0.000004,    0.000018
  151     0.000060,    0.000187,   -0.000180,   -0.000097,   -0.000085
  152    -0.000486,   -0.001019,   -0.000933,   -0.000024,   -0.000001
  153    -0.000896,   -0.001123,   -0.000138,    0.000004,    0.000008
  154     0.000641,    0.000932,    0.000984,    0.000033,    0.000030
  155    -0.000692,   -0.000584,   -0.000257,    0.000003,    0.000029
  156    -0.000110,   -0.000185,   -0.000073,   -0.000028,   -0.000023
  157    -0.000209,   -0.000211,   -0.000044,   -0.000006,    0.000013
  158    -0.000097,   -0.000109,   -0.000040,    0.000010,    0.000011
  159    -0.000015,   -0.000031,   -0.000105,   -0.000002,   -0.000008
  160     0.000070,    0.000093,    0.000078,   -0.000004,   -0.000005
  161     0.000118,    0.000112,    0.000113,    0.000005,    0.000004
  162    -0.000258,   -0.000316,   -0.000150,    0.000000,    0.000009
  163     0.000038,    0.003129,    0.002213,    0.000058,    0.000159
  164     0.001991,    0.005972,    0.003109,    0.000097,    0.000100
  165     0.001828,    0.003306,    0.002221,    0.000099,   -0.000019
  166    -0.000182,   -0.000117,   -0.000070,    0.000001,    0.000011
  167     0.000026,   -0.000040,   -0.000113,   -0.000001,   -0.000004
  168    -0.000039,    0.000171,    0.000113,    0.000001,    0.000012
  169     0.000572,    0.000833,    0.000096,    0.000018,   -0.000033
  170     0.000295,    0.000572,    0.000079,    0.000009,   -0.000014
  171     0.000183,    0.000341,   -0.000076,    0.000002,   -0.000009
  172     0.000162,    0.000182,    0.000065,   -0.000000,   -0.000010
  173    -0.000032,   -0.000024,   -0.000037,   -0.000001,    0.000001
  174    -0.000041,   -0.000017,   -0.000014,    0.000001,    0.000004
  175    -0.000048,   -0.000032,   -0.000043,   -0.000001,    0.000000
  176     0.000029,    0.000068,   -0.000009,    0.000000,   -0.000003
  177    -0.000140,   -0.001104,   -0.001951,    0.000024,    0.000022
  178    -0.000302,   -0.001213,   -0.001965,    0.000002,    0.000113
  179    -0.001821,   -0.002922,   -0.001706,   -0.000038,    0.000108
  180    -0.000036,   -0.000114,   -0.000123,    0.000006,    0.000003
  181    -0.000021,    0.000114,    0.000052,   -0.000001,    0.000005
  182    -0.000018,   -0.000013,    0.000079,   -0.000001,   -0.000002
  183    -0.000552,   -0.000708,   -0.000408,   -0.000015,    0.000049
  184    -0.000410,   -0.000295,   -0.000405,   -0.000017,    0.000022
  185     0.000163,   -0.000022,   -0.000095,    0.000004,   -0.000033
  186    -0.000048,   -0.000033,   -0.000001,   -0.000007,    0.000002
  187     0.000002,   -0.000031,    0.000012,   -0.000000,   -0.000000
  188    -0.000016,    0.000030,   -0.000003,    0.000001,    0.000002
  189     0.000073,    0.000094,    0.000061,    0.000002,   -0.000003
  190    -0.000076,   -0.000072,   -0.000057,   -0.000003,    0.000005
  191    -0.000000,    0.000000,   -0.000002,   -0.000000,    0.000000
  192    -0.000003,   -0.000007,   -0.000002,    0.000000,    0.000000
  193     0.000009,   -0.000164,    0.000325,    0.000005,   -0.000005
  194     0.000274,   -0.001424,    0.003460,    0.000040,   -0.000051
  195    -0.000853,    0.004302,   -0.009754,   -0.000113,    0.000157
  196    -0.000566,   -0.000089,   -0.002232,   -0.000047,    0.000018
  197     0.000004,   -0.000039,    0.000002,   -0.000002,   -0.000002
  198     0.000009,   -0.000000,    0.000017,   -0.000001,   -0.000002
  199    -0.000010,    0.000008,    0.000022,   -0.000000,    0.000000
  200    -0.000096,    0.000908,   -0.000046,    0.000049,    0.000058
  201    -0.000215,   -0.000001,   -0.000403,    0.000032,    0.000051
  202     0.000246,   -0.000184,   -0.000526,    0.000002,   -0.000009
  203     0.000463,   -0.004647,    0.000182,   -0.000259,   -0.000297
  204     0.001109,    0.000173,    0.001988,   -0.000164,   -0.000255
  205    -0.001319,    0.000940,    0.002738,   -0.000010,    0.000050
  206     0.000747,   -0.009009,    0.000549,   -0.000482,   -0.000559
  207     0.001700,   -0.000678,    0.004005,   -0.000320,   -0.000493
  208    -0.002376,    0.001721,    0.005015,   -0.000017,    0.000093
  209     0.000247,   -0.003444,    0.000362,   -0.000229,   -0.000229
  210     0.000591,    0.000054,    0.001598,   -0.000103,   -0.000160
  211    -0.001216,    0.000783,    0.002360,   -0.000011,    0.000064
  212    -0.000002,   -0.000003,   -0.000001,   -0.000000,   -0.000000
  213     0.000001,    0.000001,    0.000000,    0.000000,   -0.000000
  214     0.000001,    0.000001,    0.000000,    0.000000,    0.000000
  215     0.000000,    0.000000,   -0.000000,    0.000000,   -0.000000
  216     0.000000,    0.000000,   -0.000000,    0.000000,    0.000000
  217     0.000051,    0.000118,    0.000022,    0.000001,    0.000002
  218    -0.000028,   -0.000023,   -0.000005,   -0.000001,    0.000002
  219    -0.000020,   -0.000060,   -0.000002,   -0.000001,   -0.000002
  220    -0.000017,   -0.000012,   -0.000000,   -0.000000,    0.000001
  221     0.000000,   -0.000006,    0.000019,   -0.000002,   -0.000002
  222    -0.000124,   -0.000658,   -0.000019,   -0.000002,   -0.000019
  223     0.000114,    0.000037,   -0.000033,    0.000003,   -0.000013
  224    -0.000005,    0.000271,   -0.000066,    0.000003,    0.000014
  225     0.000152,    0.000139,    0.000050,    0.000005,   -0.000010
  226    -0.000018,    0.000045,   -0.000160,    0.000020,    0.000022
  227     0.000045,   -0.000640,    0.000314,   -0.000010,   -0.000034
  228    -0.000023,   -0.000051,    0.000009,   -0.000000,   -0.000002
  229    -0.000123,    0.000207,   -0.000283,    0.000008,    0.000022
  230     0.000250,    0.000321,    0.000199,    0.000009,   -0.000011
  231     0.000080,    0.000266,   -0.000236,    0.000024,    0.000030
  232    -0.000046,   -0.000155,   -0.000079,    0.000007,    0.000005
  233     0.000067,    0.000060,    0.000031,    0.000002,   -0.000005
  234    -0.000019,    0.000124,   -0.000079,    0.000005,    0.000011
  235    -0.000060,   -0.000051,   -0.000028,   -0.000002,    0.000004
  236    -0.000019,    0.000090,   -0.000032,    0.000000,    0.000004
  237     0.000069,    0.000108,    0.000060,    0.000002,   -0.000001
  238     0.000062,    0.000327,   -0.000061,    0.000010,    0.000018
                50,          51,          52,          53,          54
    0    -0.002608,   -0.002275,    0.004607,   -0.007390,    0.000517
    1    -0.004736,   -0.003482,    0.006956,   -0.011208,    0.000764
    2     0.006160,    0.002329,   -0.004132,    0.006910,   -0.000391
    3     0.005219,    0.001943,   -0.003160,    0.005878,   -0.000343
    4     0.000958,    0.000308,   -0.000822,    0.001268,    0.000023
    5    -0.003823,    0.007885,    0.001667,   -0.003570,   -0.000995
    6     0.007292,    0.001952,    0.002139,    0.008510,    0.000025
    7    -0.006687,   -0.003048,    0.008159,   -0.002386,    0.000754
    8    -0.002755,    0.005156,    0.001078,   -0.002611,   -0.000646
    9     0.004495,    0.000960,    0.001631,    0.004991,    0.000057
   10    -0.004570,   -0.002113,    0.005498,   -0.001568,    0.000520
   11    -0.000909,    0.001419,    0.000446,   -0.001002,   -0.000195
   12     0.001180,    0.000260,    0.000505,    0.001322,    0.000004
   13    -0.001307,   -0.000597,    0.001500,   -0.000389,    0.000150
   14    -0.000148,   -0.000178,   -0.000121,   -0.000167,    0.000017
   15    -0.000248,   -0.000088,    0.000259,   -0.000051,    0.000026
   16     0.000291,   -0.000044,    0.000074,    0.000312,    0.000013
   17     0.000114,    0.000054,   -0.000155,    0.000054,   -0.000013
   18    -0.000090,    0.000278,    0.000078,   -0.000069,   -0.000029
   19    -0.000042,   -0.000138,   -0.000184,    0.000010,    0.000014
   20    -0.000239,   -0.000054,    0.000180,    0.000009,    0.000024
   21     0.000165,   -0.000074,    0.000181,    0.000070,    0.000014
   22     0.000125,    0.000074,   -0.000167,    0.000057,   -0.000015
   23    -0.000047,    0.000166,    0.000080,   -0.000031,   -0.000010
   24    -0.000028,    0.000019,    0.000002,   -0.000034,   -0.000006
   25    -0.000000,   -0.000006,    0.000019,   -0.000015,    0.000000
   26     0.000042,   -0.000014,   -0.000044,    0.000025,   -0.000000
   27     0.000009,    0.000010,   -0.000027,    0.000017,   -0.000001
   28    -0.000026,   -0.000034,   -0.000022,   -0.000013,    0.000004
   29     0.000015,    0.000015,   -0.000026,    0.000013,   -0.000002
   30     0.000023,   -0.000026,   -0.000066,    0.000013,    0.000000
   31     0.000921,   -0.000989,    0.002359,    0.002955,    0.000297
   32     0.000933,   -0.001160,    0.002858,    0.003514,    0.000353
   33     0.000014,   -0.000434,    0.001022,    0.000753,    0.000115
   34    -0.000033,    0.000092,    0.000097,    0.000036,   -0.000006
   35     0.000046,    0.000097,   -0.000127,   -0.000072,   -0.000019
   36    -0.000193,    0.000050,   -0.000109,   -0.000338,   -0.000018
   37    -0.000050,    0.000203,    0.000083,    0.000044,   -0.000022
   38     0.000109,    0.000083,   -0.000061,   -0.000046,   -0.000015
   39    -0.000338,   -0.000044,    0.000046,   -0.000491,   -0.000001
   40     0.000018,   -0.000022,   -0.000015,    0.000001,    0.000002
   41     0.000005,   -0.000018,    0.000002,    0.000038,    0.000003
   42     0.000079,    0.000010,   -0.000022,    0.000088,   -0.000001
   43    -0.000002,   -0.000047,   -0.000015,   -0.000021,    0.000005
   44     0.000015,    0.000030,   -0.000002,    0.000007,   -0.000004
   45     0.005708,    0.001107,   -0.003387,    0.004580,   -0.000235
   46     0.006670,    0.001275,   -0.004118,    0.005532,   -0.000274
   47     0.001826,    0.000226,   -0.001137,    0.001348,   -0.000073
   48     0.000112,    0.000154,   -0.000076,    0.000084,   -0.000022
   49    -0.000270,   -0.000049,    0.000265,   -0.000190,    0.000016
   50     0.000463,    0.000071,   -0.000216,    0.000430,   -0.000013
   51     0.000071,    0.000291,   -0.000042,    0.000071,   -0.000039
   52    -0.000216,   -0.000042,    0.000390,   -0.000205,    0.000017
   53     0.000430,    0.000071,   -0.000205,    0.000561,   -0.000007
   54    -0.000013,   -0.000039,    0.000017,   -0.000007,    0.000006
   55    -0.000061,   -0.000006,    0.000072,   -0.000063,    0.000003
   56     0.000053,   -0.000002,    0.000012,    0.000076,    0.000002
   57     0.000021,    0.000055,   -0.000005,    0.000025,   -0.000007
   58    -0.000014,    0.000014,    0.000037,   -0.000007,   -0.000000
   59    -0.000839,    0.003780,   -0.000257,   -0.000551,   -0.000506
   60    -0.001350,    0.004543,   -0.000169,   -0.000983,   -0.000611
   61    -0.000545,    0.001248,   -0.000028,   -0.000379,   -0.000159
   62     0.000048,   -0.000355,    0.000054,    0.000008,    0.000049
   63     0.000099,    0.000075,    0.000030,    0.000123,   -0.000005
   64    -0.000101,   -0.000047,    0.000122,   -0.000035,    0.000012
   65    -0.000003,   -0.000328,    0.000094,   -0.000073,    0.000050
   66     0.000194,    0.000115,    0.000039,    0.000257,   -0.000006
   67    -0.000190,   -0.000092,    0.000232,   -0.000068,    0.000022
   68    -0.000054,   -0.000028,   -0.000014,   -0.000069,    0.000001
   69    -0.000005,   -0.000002,    0.000005,   -0.000001,    0.000001
   70    -0.000006,   -0.000026,    0.000012,   -0.000016,    0.000004
   71     0.000046,    0.000023,   -0.000056,    0.000017,   -0.000005
   72     0.000001,    0.000045,   -0.000025,    0.000018,   -0.000007
   73     0.000251,    0.000658,    0.001068,    0.000414,   -0.000095
   74     0.000566,    0.001208,    0.001689,    0.000845,   -0.000170
   75    -0.001110,   -0.001520,   -0.001226,   -0.001375,    0.000202
   76    -0.001483,   -0.001715,   -0.001355,   -0.001611,    0.000253
   77     0.000099,    0.000510,    0.001655,   -0.000531,   -0.000123
   78    -0.000782,   -0.000973,   -0.001634,   -0.001028,   -0.000128
   79    -0.001919,   -0.003685,   -0.003829,   -0.002111,    0.000298
   80     0.000502,   -0.000785,    0.001289,   -0.001435,   -0.000003
   81    -0.000602,   -0.000587,   -0.001048,   -0.000697,   -0.000083
   82    -0.001614,   -0.002784,   -0.002560,   -0.001970,    0.000226
   83     0.000463,   -0.000503,    0.000716,   -0.000924,   -0.000011
   84    -0.000154,   -0.000187,   -0.000398,   -0.000032,   -0.000003
   85    -0.000516,   -0.000489,   -0.000177,   -0.000713,    0.000018
   86     0.000221,   -0.000053,    0.000236,   -0.000345,   -0.000018
   87    -0.000102,   -0.000037,   -0.000084,   -0.000171,   -0.000010
   88    -0.000169,   -0.000025,    0.000159,   -0.000019,    0.000015
   89     0.000061,    0.000075,    0.000093,    0.000085,   -0.000006
   90    -0.000036,   -0.000077,    0.000036,   -0.000009,    0.000012
   91    -0.000123,    0.000193,    0.000143,   -0.000135,   -0.000015
   92    -0.000231,    0.000007,    0.000013,   -0.000458,   -0.000031
   93    -0.000447,   -0.000102,    0.000570,   -0.000174,    0.000038
   94     0.000155,    0.000191,    0.000115,    0.000307,   -0.000010
   95    -0.000077,   -0.000182,   -0.000007,    0.000048,    0.000030
   96    -0.000277,    0.000388,    0.000282,   -0.000363,   -0.000043
   97    -0.000082,    0.000069,   -0.000027,   -0.000057,   -0.000008
   98    -0.000053,   -0.000028,    0.000061,   -0.000016,    0.000007
   99     0.000020,    0.000051,    0.000062,    0.000006,   -0.000006
  100     0.000050,    0.000011,   -0.000082,    0.000035,   -0.000003
  101     0.000023,   -0.000008,    0.000030,    0.000015,    0.000005
  102     0.000038,    0.000036,   -0.000029,    0.000000,   -0.000007
  103     0.000050,    0.000037,    0.000042,    0.000059,   -0.000003
  104    -0.000134,    0.000564,    0.000210,    0.000616,   -0.000012
  105    -0.000032,    0.000635,    0.000236,    0.000717,   -0.000027
  106    -0.000131,    0.000103,    0.000485,    0.000113,    0.000020
  107    -0.000010,   -0.000028,   -0.000031,   -0.000047,   -0.000003
  108    -0.000030,    0.000002,   -0.000069,    0.000002,   -0.000001
  109     0.000002,    0.000056,    0.000026,    0.000042,   -0.000004
  110    -0.000036,   -0.000020,   -0.000088,    0.000017,   -0.000001
  111    -0.000029,   -0.000057,   -0.000188,   -0.000009,    0.000002
  112     0.000043,    0.000038,    0.000015,   -0.000039,   -0.000012
  113    -0.000000,    0.000006,    0.000003,   -0.000007,   -0.000002
  114    -0.000010,   -0.000005,   -0.000025,   -0.000007,   -0.000000
  115     0.000004,    0.000010,    0.000025,   -0.000001,   -0.000001
  116    -0.000011,   -0.000008,   -0.000025,   -0.000011,   -0.000001
  117     0.000001,    0.000008,    0.000034,   -0.000001,    0.000000
  118     0.000595,    0.000040,    0.000513,   -0.000147,   -0.000035
  119     0.000733,   -0.000023,    0.000750,   -0.000250,   -0.000048
  120     0.000577,   -0.000219,   -0.000380,    0.000333,    0.000006
  121    -0.000042,   -0.000026,   -0.000049,   -0.000011,    0.000001
  122    -0.000027,   -0.000045,    0.000017,   -0.000072,    0.000002
  123    -0.000036,   -0.000028,   -0.000058,    0.000007,    0.000005
  124    -0.000025,    0.000025,   -0.000126,    0.000042,   -0.000005
  125    -0.000077,   -0.000103,   -0.000014,   -0.000122,    0.000006
  126     0.000038,   -0.000012,   -0.000172,    0.000114,    0.000007
  127    -0.000004,    0.000006,   -0.000008,    0.000004,   -0.000001
  128     0.000013,    0.000014,    0.000008,    0.000020,   -0.000000
  129     0.000010,    0.000015,    0.000008,    0.000009,   -0.000002
  130     0.000018,    0.000008,    0.000025,    0.000006,    0.000000
  131     0.000013,    0.000018,    0.000012,    0.000009,   -0.000001
  132     0.000113,    0.000210,   -0.000136,    0.000330,   -0.000068
  133     0.000253,    0.000293,   -0.000441,    0.000727,   -0.000101
  134    -0.000561,   -0.000047,    0.001321,   -0.001503,    0.000045
  135    -0.000471,    0.000178,    0.001158,   -0.001291,   -0.000003
  136    -0.000077,    0.000041,   -0.001634,    0.000997,    0.000067
  137    -0.000398,    0.000433,    0.000069,   -0.000001,    0.000148
  138    -0.000144,   -0.000252,   -0.002283,    0.001723,    0.000137
  139     0.000217,    0.001948,    0.001509,   -0.001280,   -0.000317
  140    -0.000169,    0.000378,    0.000136,    0.000134,    0.000091
  141    -0.000144,   -0.000176,   -0.001580,    0.001129,    0.000089
  142     0.000190,    0.001477,    0.001052,   -0.000912,   -0.000236
  143    -0.000149,    0.000049,   -0.000116,   -0.000107,    0.000021
  144     0.000058,   -0.000068,   -0.000080,    0.000152,    0.000011
  145     0.000071,    0.000392,    0.000119,   -0.000124,   -0.000064
  146    -0.000026,   -0.000089,   -0.000080,   -0.000032,    0.000006
  147    -0.000007,    0.000101,    0.000101,   -0.000073,   -0.000014
  148     0.000003,    0.000017,   -0.000016,    0.000021,   -0.000005
  149     0.000010,   -0.000049,    0.000008,   -0.000016,    0.000005
  150    -0.000022,    0.000018,    0.000011,    0.000009,    0.000008
  151     0.000005,   -0.000149,   -0.000262,    0.000112,    0.000017
  152    -0.000016,    0.000174,    0.000170,   -0.000120,   -0.000020
  153    -0.000101,    0.000005,    0.000000,   -0.000158,   -0.000013
  154     0.000021,   -0.000115,    0.000027,   -0.000043,    0.000011
  155    -0.000054,    0.000058,   -0.000005,    0.000032,    0.000002
  156    -0.000013,   -0.000064,   -0.000057,   -0.000019,    0.000005
  157    -0.000012,   -0.000018,   -0.000005,    0.000011,    0.000003
  158    -0.000009,    0.000017,    0.000012,   -0.000011,   -0.000002
  159     0.000001,    0.000014,   -0.000007,    0.000006,   -0.000001
  160     0.000004,   -0.000001,    0.000003,   -0.000000,   -0.000002
  161     0.000005,    0.000001,    0.000025,   -0.000024,   -0.000001
  162    -0.000021,   -0.000001,   -0.000004,   -0.000016,    0.000003
  163    -0.000056,   -0.000829,   -0.000777,    0.000583,    0.000128
  164     0.000087,   -0.000872,   -0.000904,    0.000784,    0.000137
  165     0.000067,   -0.000323,   -0.000307,    0.000185,    0.000035
  166    -0.000012,   -0.000034,   -0.000039,    0.000027,    0.000009
  167     0.000005,    0.000040,    0.000006,   -0.000002,   -0.000005
  168    -0.000007,   -0.000054,   -0.000053,    0.000037,    0.000008
  169     0.000041,   -0.000031,   -0.000127,    0.000095,    0.000012
  170     0.000017,   -0.000015,   -0.000166,    0.000100,    0.000005
  171     0.000012,    0.000021,   -0.000030,    0.000027,   -0.000000
  172     0.000011,    0.000003,   -0.000003,    0.000001,   -0.000002
  173    -0.000002,    0.000003,   -0.000012,    0.000008,    0.000000
  174    -0.000004,    0.000002,   -0.000007,    0.000002,   -0.000000
  175    -0.000004,   -0.000010,   -0.000020,    0.000009,    0.000003
  176     0.000002,   -0.000004,   -0.000026,    0.000016,    0.000002
  177    -0.000001,    0.000681,    0.000428,   -0.000363,   -0.000103
  178     0.000024,    0.000713,    0.000592,   -0.000317,   -0.000105
  179    -0.000098,    0.000340,    0.000469,   -0.000307,   -0.000047
  180    -0.000003,    0.000026,    0.000016,   -0.000022,   -0.000002
  181    -0.000000,   -0.000038,   -0.000055,    0.000047,    0.000008
  182     0.000000,   -0.000030,   -0.000014,    0.000018,    0.000005
  183    -0.000021,   -0.000001,    0.000036,    0.000006,    0.000009
  184    -0.000020,   -0.000011,   -0.000103,    0.000073,    0.000009
  185     0.000013,    0.000042,    0.000024,   -0.000036,   -0.000007
  186    -0.000001,   -0.000013,   -0.000006,    0.000011,    0.000001
  187     0.000000,    0.000003,    0.000019,   -0.000012,   -0.000001
  188    -0.000003,   -0.000002,   -0.000016,    0.000008,    0.000001
  189     0.000005,    0.000002,    0.000004,    0.000003,   -0.000001
  190    -0.000004,   -0.000003,   -0.000009,    0.000006,    0.000002
  191     0.000000,    0.000000,   -0.000001,    0.000001,    0.000000
  192    -0.000000,    0.000001,    0.000001,   -0.000001,   -0.000000
  193    -0.000006,   -0.000023,    0.000170,   -0.000110,   -0.000005
  194    -0.000048,   -0.000259,    0.001746,   -0.001111,   -0.000048
  195     0.000134,    0.000713,   -0.005029,    0.003253,    0.000144
  196    -0.000016,    0.000114,   -0.000959,    0.000471,    0.000026
  197    -0.000001,   -0.000010,    0.000006,   -0.000015,    0.000000
  198     0.000000,    0.000001,    0.000008,   -0.000004,   -0.000001
  199    -0.000001,   -0.000007,   -0.000011,    0.000009,    0.000001
  200     0.000012,    0.000237,   -0.000145,    0.000349,   -0.000011
  201    -0.000012,   -0.000025,   -0.000176,    0.000090,    0.000017
  202     0.000020,    0.000171,    0.000250,   -0.000211,   -0.000020
  203    -0.000064,   -0.001234,    0.000700,   -0.001773,    0.000057
  204     0.000065,    0.000139,    0.000837,   -0.000392,   -0.000087
  205    -0.000109,   -0.000900,   -0.001312,    0.001105,    0.000106
  206    -0.000135,   -0.002288,    0.001461,   -0.003421,    0.000098
  207     0.000068,    0.000199,    0.001832,   -0.001030,   -0.000172
  208    -0.000198,   -0.001634,   -0.002380,    0.002005,    0.000192
  209    -0.000068,   -0.001027,    0.000506,   -0.001359,    0.000050
  210     0.000032,    0.000111,    0.000680,   -0.000268,   -0.000060
  211    -0.000100,   -0.000812,   -0.001089,    0.000921,    0.000100
  212    -0.000000,   -0.000000,   -0.000000,   -0.000000,   -0.000000
  213     0.000000,    0.000000,   -0.000000,   -0.000000,   -0.000000
  214     0.000000,    0.000000,   -0.000000,    0.000000,    0.000000
  215     0.000000,    0.000000,    0.000000,   -0.000000,   -0.000000
  216     0.000000,   -0.000000,   -0.000000,    0.000000,    0.000000
  217     0.000005,    0.000001,   -0.000010,    0.000022,    0.000001
  218    -0.000002,   -0.000005,   -0.000000,    0.000001,    0.000001
  219    -0.000003,   -0.000000,    0.000009,   -0.000014,   -0.000001
  220    -0.000001,   -0.000003,   -0.000001,    0.000001,    0.000001
  221    -0.000001,    0.000000,    0.000005,   -0.000007,   -0.000001
  222    -0.000017,   -0.000009,    0.000145,   -0.000174,   -0.000007
  223     0.000008,    0.000041,    0.000008,   -0.000009,   -0.000008
  224     0.000005,    0.000001,   -0.000096,    0.000100,    0.000006
  225     0.000009,    0.000018,    0.000000,   -0.000005,   -0.000004
  226     0.000008,    0.000011,   -0.000042,    0.000056,    0.000008
  227    -0.000009,   -0.000049,    0.000282,   -0.000265,   -0.000011
  228    -0.000001,    0.000009,   -0.000011,    0.000010,   -0.000003
  229    -0.000002,    0.000021,   -0.000174,    0.000142,    0.000009
  230     0.000012,   -0.000008,   -0.000024,    0.000011,   -0.000001
  231     0.000019,    0.000022,   -0.000105,    0.000106,    0.000009
  232    -0.000002,   -0.000002,    0.000016,   -0.000021,    0.000002
  233     0.000004,    0.000008,   -0.000003,    0.000000,   -0.000002
  234     0.000002,    0.000007,   -0.000058,    0.000057,    0.000004
  235    -0.000003,   -0.000008,    0.000001,    0.000001,    0.000002
  236    -0.000000,    0.000004,   -0.000040,    0.000037,    0.000002
  237     0.000003,   -0.000010,   -0.000004,    0.000000,    0.000001
  238     0.000012,    0.000018,   -0.000083,    0.000099,    0.000005
                55,          56,          57,          58,          59
    0     0.001480,   -0.000927,   -0.000574,    0.000355,   -0.017234
    1     0.002196,   -0.001382,   -0.000869,    0.000530,   -0.036773
    2    -0.001149,    0.000755,    0.000539,   -0.000283,    0.067386
    3    -0.000943,    0.000694,    0.000459,   -0.000218,    0.052752
    4    -0.000121,    0.000108,    0.000109,    0.000030,    0.009493
    5     0.000699,   -0.000785,    0.001514,    0.000758,    0.141970
    6    -0.000022,    0.001748,    0.000695,    0.000618,   -0.021978
    7     0.001403,    0.000647,   -0.000460,    0.000735,    0.000000
    8     0.000495,   -0.000573,    0.000988,    0.000503,    0.093936
    9     0.000042,    0.001080,    0.000387,    0.000391,   -0.018033
   10     0.000950,    0.000438,   -0.000318,    0.000497,   -0.000000
   11     0.000141,   -0.000187,    0.000258,    0.000127,    0.026926
   12     0.000014,    0.000295,    0.000095,    0.000096,   -0.006180
   13     0.000263,    0.000119,   -0.000095,    0.000131,   -0.000000
   14    -0.000019,   -0.000040,   -0.000046,   -0.000031,   -0.001266
   15     0.000047,    0.000018,   -0.000021,    0.000017,   -0.000000
   16    -0.000005,    0.000069,    0.000003,    0.000011,   -0.002833
   17    -0.000026,   -0.000013,    0.000007,   -0.000015,    0.000000
   18     0.000022,   -0.000017,    0.000053,    0.000035,    0.004974
   19    -0.000042,   -0.000017,   -0.000038,   -0.000031,   -0.000878
   20     0.000037,    0.000009,   -0.000026,    0.000003,   -0.000000
   21     0.000013,    0.000043,   -0.000007,    0.000010,   -0.002549
   22    -0.000028,   -0.000015,    0.000007,   -0.000018,    0.000000
   23     0.000024,   -0.000010,    0.000035,    0.000035,    0.003180
   24     0.000004,   -0.000005,    0.000004,   -0.000002,    0.000237
   25     0.000002,    0.000002,    0.000001,    0.000003,    0.000000
   26    -0.000010,    0.000000,   -0.000004,   -0.000008,    0.000378
   27    -0.000004,   -0.000003,   -0.000001,   -0.000004,   -0.000000
   28    -0.000005,   -0.000004,   -0.000008,   -0.000005,   -0.000495
   29    -0.000004,   -0.000003,    0.000000,   -0.000004,    0.000000
   30    -0.000014,   -0.000004,   -0.000007,   -0.000011,    0.000366
   31     0.000183,    0.000874,   -0.000062,    0.000251,   -0.008129
   32     0.000230,    0.001048,   -0.000076,    0.000305,   -0.012490
   33     0.000108,    0.000279,   -0.000058,    0.000078,   -0.006094
   34     0.000016,    0.000015,    0.000021,    0.000019,    0.001887
   35    -0.000011,   -0.000034,    0.000014,   -0.000009,    0.000224
   36     0.000005,   -0.000079,   -0.000002,   -0.000015,    0.000839
   37     0.000018,    0.000010,    0.000047,    0.000030,    0.003780
   38    -0.000002,   -0.000022,    0.000015,   -0.000002,   -0.000257
   39     0.000038,   -0.000088,   -0.000021,   -0.000007,    0.000551
   40    -0.000003,   -0.000001,   -0.000005,   -0.000004,   -0.000506
   41    -0.000004,    0.000009,   -0.000003,   -0.000001,   -0.000059
   42    -0.000009,    0.000014,    0.000004,   -0.000001,   -0.000277
   43    -0.000003,   -0.000004,   -0.000010,   -0.000006,   -0.000726
   44     0.000001,   -0.000001,    0.000006,    0.000002,    0.000244
   45    -0.000809,    0.000426,    0.000278,   -0.000248,   -0.008129
   46    -0.000967,    0.000508,    0.000330,   -0.000293,   -0.012490
   47    -0.000263,    0.000121,    0.000079,   -0.000087,   -0.006094
   48    -0.000014,    0.000001,    0.000032,    0.000004,    0.001887
   49     0.000056,   -0.000003,   -0.000008,    0.000027,    0.000224
   50    -0.000061,    0.000053,    0.000021,   -0.000014,   -0.000839
   51    -0.000006,   -0.000002,    0.000055,    0.000014,    0.003780
   52     0.000072,    0.000012,   -0.000005,    0.000037,   -0.000257
   53    -0.000063,    0.000076,    0.000025,   -0.000007,   -0.000551
   54     0.000003,    0.000002,   -0.000007,   -0.000000,   -0.000506
   55     0.000016,   -0.000003,   -0.000001,    0.000007,    0.000059
   56    -0.000003,    0.000016,    0.000002,    0.000003,   -0.000277
   57    -0.000001,    0.000002,    0.000012,    0.000004,    0.000726
   58     0.000007,    0.000003,    0.000004,    0.000006,    0.000244
   59     0.000059,   -0.000277,    0.000726,    0.000244,    0.076035
   60     0.000086,   -0.000370,    0.000860,    0.000295,    0.090395
   61     0.000046,   -0.000129,    0.000231,    0.000095,    0.024510
   62     0.000004,    0.000020,   -0.000069,   -0.000019,   -0.007152
   63     0.000000,    0.000023,    0.000019,    0.000013,    0.000598
   64     0.000021,    0.000010,   -0.000007,    0.000011,   -0.000000
   65     0.000028,    0.000004,   -0.000063,   -0.000007,   -0.006399
   66    -0.000004,    0.000047,    0.000030,    0.000021,    0.000440
   67     0.000040,    0.000019,   -0.000013,    0.000022,    0.000000
   68     0.000001,   -0.000013,   -0.000008,   -0.000006,   -0.000089
   69     0.000001,    0.000000,   -0.000000,    0.000000,    0.000000
   70     0.000003,   -0.000001,   -0.000005,   -0.000001,   -0.000495
   71    -0.000010,   -0.000005,    0.000003,   -0.000005,   -0.000000
   72    -0.000006,   -0.000001,    0.000009,   -0.000000,    0.000917
   73     0.000153,    0.000201,    0.000189,    0.000184,    0.003182
   74     0.000252,    0.000338,    0.000330,    0.000318,    0.006972
   75    -0.000218,   -0.000330,   -0.000368,   -0.000340,   -0.013397
   76    -0.000156,   -0.000404,   -0.000416,   -0.000321,   -0.017154
   77     0.000188,    0.000120,    0.000078,    0.000071,   -0.003369
   78    -0.000062,   -0.000261,   -0.000161,   -0.000426,   -0.013921
   79    -0.000737,   -0.000742,   -0.000966,   -0.000742,   -0.009012
   80     0.000125,    0.000200,    0.000198,    0.000362,   -0.000000
   81    -0.000007,   -0.000182,   -0.000090,   -0.000256,   -0.009187
   82    -0.000497,   -0.000578,   -0.000719,   -0.000544,   -0.007808
   83     0.000059,    0.000124,    0.000144,    0.000236,   -0.000000
   84    -0.000015,   -0.000044,   -0.000031,   -0.000062,   -0.003331
   85    -0.000062,   -0.000136,   -0.000160,   -0.000106,   -0.001891
   86     0.000015,    0.000031,    0.000053,    0.000072,    0.000000
   87    -0.000018,   -0.000035,   -0.000017,   -0.000027,    0.001361
   88     0.000029,    0.000008,   -0.000017,    0.000004,    0.000000
   89     0.000024,    0.000025,    0.000023,    0.000017,   -0.000880
   90     0.000008,    0.000007,    0.000001,    0.000014,    0.000000
   91     0.000029,   -0.000019,    0.000035,    0.000035,    0.003446
   92    -0.000005,   -0.000065,   -0.000009,   -0.000038,    0.003264
   93     0.000094,    0.000039,   -0.000035,    0.000035,    0.000000
   94     0.000040,    0.000055,    0.000048,    0.000044,   -0.001199
   95     0.000009,    0.000007,   -0.000003,    0.000021,   -0.000000
   96     0.000058,   -0.000050,    0.000069,    0.000054,    0.007138
   97     0.000005,   -0.000019,    0.000012,    0.000006,    0.001599
   98     0.000011,    0.000005,   -0.000004,    0.000006,    0.000000
   99     0.000009,    0.000007,    0.000012,    0.000010,    0.000477
  100    -0.000012,   -0.000006,    0.000003,   -0.000006,   -0.000000
  101     0.000002,    0.000006,   -0.000001,    0.000004,   -0.000291
  102    -0.000007,   -0.000003,    0.000003,   -0.000005,   -0.000000
  103     0.000009,    0.000014,    0.000011,    0.000010,   -0.000101
  104     0.000107,    0.000042,    0.000028,   -0.000065,   -0.004655
  105     0.000095,    0.000054,    0.000027,   -0.000098,   -0.005173
  106     0.000085,    0.000063,   -0.000025,   -0.000006,   -0.003583
  107    -0.000005,   -0.000007,   -0.000003,   -0.000005,   -0.000018
  108    -0.000007,   -0.000014,   -0.000009,   -0.000017,   -0.000192
  109     0.000011,    0.000005,    0.000009,   -0.000001,   -0.000287
  110    -0.000003,   -0.000005,    0.000001,   -0.000003,    0.000082
  111    -0.000033,   -0.000028,   -0.000023,   -0.000035,   -0.000131
  112    -0.000000,   -0.000003,    0.000011,   -0.000008,   -0.000004
  113     0.000001,    0.000000,    0.000002,    0.000001,    0.000091
  114    -0.000003,   -0.000005,   -0.000003,   -0.000005,   -0.000013
  115     0.000005,    0.000004,    0.000004,    0.000003,   -0.000056
  116    -0.000002,   -0.000004,   -0.000002,   -0.000003,    0.000020
  117     0.000005,    0.000004,    0.000003,    0.000005,    0.000053
  118     0.000103,    0.000143,    0.000192,    0.000153,   -0.004655
  119     0.000113,    0.000189,    0.000217,    0.000173,   -0.005173
  120    -0.000054,    0.000048,    0.000058,    0.000018,   -0.003583
  121    -0.000004,   -0.000010,   -0.000010,   -0.000011,   -0.000018
  122     0.000003,   -0.000002,   -0.000001,    0.000002,   -0.000192
  123    -0.000013,   -0.000012,   -0.000017,   -0.000012,    0.000287
  124    -0.000009,   -0.000013,   -0.000002,   -0.000013,    0.000082
  125    -0.000009,   -0.000011,   -0.000018,   -0.000011,   -0.000131
  126    -0.000022,   -0.000010,   -0.000008,   -0.000005,    0.000004
  127     0.000000,   -0.000001,    0.000001,   -0.000001,    0.000091
  128     0.000001,    0.000003,    0.000002,    0.000002,    0.000013
  129     0.000003,    0.000002,    0.000004,    0.000001,   -0.000056
  130     0.000002,    0.000004,    0.000003,    0.000004,   -0.000020
  131     0.000002,    0.000002,    0.000003,    0.000002,    0.000053
  132     0.000050,    0.000044,    0.000037,   -0.000082,   -0.003070
  133     0.000035,    0.000085,    0.000040,   -0.000143,   -0.006783
  134     0.000166,   -0.000142,    0.000044,    0.000171,    0.013745
  135     0.000148,   -0.000117,    0.000084,    0.000160,    0.015217
  136    -0.000131,   -0.000065,    0.000036,   -0.000011,    0.004020
  137    -0.000101,   -0.000086,    0.000002,    0.000174,    0.017190
  138    -0.000097,   -0.000096,    0.000055,    0.000064,    0.000692
  139     0.000098,    0.000035,    0.000012,   -0.000120,    0.000000
  140    -0.000053,   -0.000031,    0.000026,    0.000144,    0.012015
  141    -0.000066,   -0.000077,    0.000040,    0.000038,    0.001068
  142     0.000064,    0.000016,    0.000008,   -0.000097,   -0.000000
  143    -0.000024,   -0.000047,    0.000008,    0.000021,    0.005088
  144     0.000013,    0.000007,    0.000021,    0.000020,   -0.000210
  145    -0.000004,   -0.000006,   -0.000004,   -0.000047,   -0.000000
  146    -0.000020,   -0.000011,   -0.000027,   -0.000021,   -0.000781
  147     0.000009,    0.000002,   -0.000001,   -0.000004,    0.000000
  148     0.000008,    0.000000,    0.000010,    0.000004,    0.000125
  149     0.000002,    0.000004,    0.000005,    0.000011,   -0.000000
  150    -0.000005,   -0.000003,   -0.000004,    0.000008,    0.000471
  151    -0.000044,   -0.000010,   -0.000042,   -0.000033,   -0.001683
  152     0.000018,   -0.000001,   -0.000002,   -0.000006,   -0.000000
  153     0.000011,   -0.000025,    0.000006,   -0.000008,    0.001037
  154     0.000004,    0.000011,    0.000011,    0.000026,    0.000000
  155    -0.000003,   -0.000008,   -0.000002,    0.000011,    0.000630
  156    -0.000010,   -0.000008,   -0.000013,   -0.000011,   -0.000356
  157     0.000000,    0.000001,   -0.000001,    0.000001,    0.000000
  158     0.000004,   -0.000001,    0.000005,    0.000003,    0.000304
  159    -0.000001,   -0.000002,   -0.000001,   -0.000003,   -0.000000
  160     0.000001,    0.000002,   -0.000001,   -0.000002,   -0.000235
  161     0.000003,    0.000002,    0.000002,    0.000004,   -0.000000
  162    -0.000001,   -0.000005,   -0.000002,    0.000002,    0.000292
  163    -0.000008,   -0.000031,    0.000041,    0.000084,    0.000627
  164    -0.000017,   -0.000020,    0.000052,    0.000093,   -0.000580
  165    -0.000011,   -0.000011,    0.000029,    0.000030,    0.000234
  166    -0.000003,   -0.000004,   -0.000001,    0.000004,    0.000247
  167    -0.000001,    0.000001,   -0.000001,   -0.000003,   -0.000012
  168     0.000001,   -0.000003,    0.000002,    0.000005,   -0.000002
  169    -0.000019,   -0.000005,   -0.000001,    0.000001,    0.000137
  170    -0.000017,   -0.000004,    0.000001,   -0.000006,    0.000061
  171     0.000001,   -0.000004,    0.000002,    0.000001,   -0.000162
  172    -0.000001,    0.000001,   -0.000000,   -0.000002,   -0.000136
  173    -0.000001,   -0.000000,   -0.000000,   -0.000001,    0.000027
  174     0.000001,   -0.000001,    0.000001,    0.000001,    0.000025
  175    -0.000003,   -0.000002,   -0.000001,    0.000000,    0.000057
  176    -0.000003,   -0.000001,   -0.000001,   -0.000001,    0.000020
  177     0.000081,   -0.000010,    0.000034,   -0.000016,    0.000627
  178     0.000108,    0.000021,    0.000038,   -0.000000,   -0.000580
  179     0.000072,    0.000004,    0.000011,    0.000001,    0.000234
  180     0.000001,   -0.000002,    0.000001,    0.000002,    0.000247
  181    -0.000005,   -0.000000,   -0.000001,    0.000002,   -0.000012
  182    -0.000005,    0.000002,   -0.000002,    0.000000,    0.000002
  183     0.000002,    0.000005,   -0.000004,    0.000009,    0.000137
  184    -0.000006,   -0.000004,   -0.000001,   -0.000000,    0.000061
  185    -0.000004,   -0.000002,   -0.000001,   -0.000008,    0.000162
  186    -0.000000,    0.000001,   -0.000002,   -0.000001,   -0.000136
  187     0.000002,    0.000001,   -0.000000,   -0.000000,   -0.000027
  188     0.000000,   -0.000001,    0.000001,    0.000001,    0.000025
  189     0.000001,    0.000001,    0.000001,   -0.000001,   -0.000057
  190    -0.000001,   -0.000000,   -0.000001,    0.000001,    0.000020
  191    -0.000000,   -0.000000,    0.000000,   -0.000000,    0.000001
  192     0.000000,   -0.000000,    0.000000,   -0.000000,    0.000011
  193     0.000017,    0.000001,   -0.000001,    0.000007,    0.000071
  194     0.000170,    0.000011,   -0.000015,    0.000069,    0.000246
  195    -0.000488,   -0.000033,    0.000042,   -0.000186,   -0.000634
  196    -0.000098,   -0.000016,   -0.000001,   -0.000055,   -0.000384
  197     0.000000,   -0.000001,   -0.000001,   -0.000001,   -0.000037
  198     0.000000,    0.000000,   -0.000001,   -0.000000,   -0.000043
  199    -0.000001,   -0.000000,   -0.000000,   -0.000001,   -0.000000
  200    -0.000006,    0.000015,    0.000026,    0.000027,    0.000881
  201    -0.000007,   -0.000011,    0.000014,    0.000011,    0.001005
  202     0.000027,    0.000004,    0.000010,    0.000014,    0.000000
  203     0.000024,   -0.000077,   -0.000136,   -0.000139,   -0.004611
  204     0.000028,    0.000056,   -0.000073,   -0.000054,   -0.005128
  205    -0.000140,   -0.000019,   -0.000050,   -0.000071,   -0.000000
  206     0.000059,   -0.000143,   -0.000256,   -0.000258,   -0.008539
  207     0.000077,    0.000094,   -0.000145,   -0.000105,   -0.009648
  208    -0.000255,   -0.000033,   -0.000092,   -0.000129,   -0.000000
  209     0.000022,   -0.000066,   -0.000114,   -0.000110,   -0.004453
  210     0.000028,    0.000040,   -0.000050,   -0.000023,   -0.003287
  211    -0.000113,   -0.000014,   -0.000039,   -0.000047,    0.000000
  212    -0.000000,   -0.000000,   -0.000000,   -0.000000,    0.000001
  213    -0.000000,   -0.000000,    0.000000,   -0.000000,   -0.000000
  214     0.000000,    0.000000,    0.000000,    0.000000,   -0.000000
  215    -0.000000,   -0.000000,    0.000000,   -0.000000,   -0.000000
  216    -0.000000,   -0.000000,    0.000000,    0.000000,    0.000002
  217    -0.000000,    0.000001,    0.000001,    0.000001,   -0.000046
  218     0.000000,    0.000000,   -0.000000,    0.000001,    0.000000
  219     0.000001,   -0.000000,   -0.000000,   -0.000001,    0.000009
  220     0.000000,    0.000000,   -0.000000,    0.000000,    0.000000
  221     0.000001,    0.000000,   -0.000000,   -0.000001,   -0.000067
  222     0.000008,   -0.000003,   -0.000005,   -0.000006,    0.000278
  223    -0.000001,   -0.000000,   -0.000001,   -0.000006,   -0.000000
  224    -0.000007,   -0.000000,    0.000002,    0.000004,    0.000011
  225    -0.000001,    0.000000,    0.000000,   -0.000003,   -0.000000
  226    -0.000005,    0.000001,    0.000006,    0.000008,    0.000554
  227     0.000020,    0.000000,   -0.000010,   -0.000005,   -0.000141
  228    -0.000002,    0.000000,   -0.000002,   -0.000005,    0.000000
  229    -0.000014,   -0.000003,    0.000005,    0.000003,    0.000307
  230    -0.000004,    0.000000,    0.000001,   -0.000001,    0.000000
  231    -0.000008,    0.000002,    0.000010,    0.000008,    0.000472
  232    -0.000000,   -0.000001,    0.000001,    0.000002,    0.000280
  233    -0.000001,    0.000000,   -0.000000,   -0.000002,   -0.000000
  234    -0.000004,   -0.000000,    0.000003,    0.000003,    0.000120
  235     0.000001,   -0.000000,    0.000000,    0.000002,   -0.000000
  236    -0.000003,   -0.000001,    0.000001,    0.000001,    0.000000
  237    -0.000000,   -0.000000,    0.000001,    0.000002,   -0.000000
  238    -0.000005,    0.000002,    0.000006,    0.000005,    0.000081
                60,          61,          62,          63,          64
    0    -0.031723,   -0.006705,    0.003253,   -0.000346,    0.000000
    1    -0.055764,   -0.011081,    0.005882,   -0.000661,    0.000000
    2     0.066999,    0.010834,   -0.007614,    0.000994,   -0.000000
    3     0.052173,    0.007939,   -0.006052,    0.000894,    0.000000
    4     0.007813,    0.002353,   -0.000877,    0.000439,    0.000000
    5     0.173230,    0.049575,   -0.012792,    0.001342,   -0.000000
    6    -0.030922,   -0.009171,    0.002181,    0.004028,    0.000000
    7    -0.000000,   -0.000000,    0.000000,   -0.000000,    0.005028
    8     0.114112,    0.033002,   -0.008420,    0.000817,    0.000000
    9    -0.024132,   -0.007299,    0.001813,    0.002501,   -0.000000
   10    -0.000000,   -0.000000,    0.000000,    0.000000,    0.003436
   11     0.033588,    0.009385,   -0.002438,    0.000145,    0.000000
   12    -0.007768,   -0.002353,    0.000589,    0.000615,   -0.000000
   13    -0.000000,   -0.000000,    0.000000,   -0.000000,    0.000977
   14    -0.001348,   -0.000308,    0.000111,   -0.000132,   -0.000000
   15    -0.000000,   -0.000000,    0.000000,   -0.000000,    0.000180
   16    -0.003610,   -0.001085,    0.000261,    0.000114,   -0.000000
   17     0.000000,    0.000000,   -0.000000,    0.000000,   -0.000087
   18     0.006159,    0.001876,   -0.000430,    0.000094,    0.000000
   19    -0.000805,   -0.000105,    0.000066,   -0.000091,    0.000000
   20    -0.000000,   -0.000000,    0.000000,    0.000000,    0.000166
   21    -0.002827,   -0.001053,    0.000241,    0.000073,   -0.000000
   22     0.000000,    0.000000,   -0.000000,   -0.000000,   -0.000097
   23     0.003735,    0.001364,   -0.000241,    0.000108,    0.000000
   24     0.000252,    0.000005,   -0.000031,   -0.000018,   -0.000000
   25     0.000000,    0.000000,   -0.000000,   -0.000000,    0.000002
   26     0.000265,   -0.000028,   -0.000049,   -0.000014,   -0.000000
   27     0.000000,   -0.000000,    0.000000,    0.000000,   -0.000009
   28    -0.000490,   -0.000096,    0.000045,   -0.000019,   -0.000000
   29     0.000000,   -0.000000,   -0.000000,   -0.000000,   -0.000013
   30     0.000283,   -0.000000,   -0.000049,   -0.000028,    0.000000
   31    -0.013733,   -0.005691,    0.000455,    0.000969,    0.001791
   32    -0.019139,   -0.007090,    0.000819,    0.001137,    0.002143
   33    -0.008131,   -0.002800,    0.000478,    0.000244,    0.000668
   34     0.002206,    0.000581,   -0.000179,    0.000049,    0.000054
   35     0.000427,    0.000225,    0.000002,   -0.000006,   -0.000119
   36     0.001350,    0.000545,   -0.000048,   -0.000099,   -0.000101
   37     0.004543,    0.001248,   -0.000355,    0.000075,    0.000047
   38    -0.000169,   -0.000028,    0.000054,    0.000030,   -0.000122
   39     0.000983,    0.000379,   -0.000008,   -0.000123,   -0.000035
   40    -0.000611,   -0.000159,    0.000049,   -0.000005,   -0.000012
   41    -0.000086,   -0.000046,   -0.000004,   -0.000000,    0.000021
   42    -0.000370,   -0.000129,    0.000020,    0.000023,   -0.000010
   43    -0.000860,   -0.000231,    0.000069,   -0.000019,   -0.000007
   44     0.000295,    0.000095,   -0.000019,    0.000013,   -0.000011
   45    -0.013733,   -0.005691,    0.000455,    0.000969,   -0.001791
   46    -0.019139,   -0.007090,    0.000819,    0.001137,   -0.002143
   47    -0.008131,   -0.002800,    0.000478,    0.000244,   -0.000668
   48     0.002206,    0.000581,   -0.000179,    0.000049,   -0.000054
   49     0.000427,    0.000225,    0.000002,   -0.000006,    0.000119
   50    -0.001350,   -0.000545,    0.000048,    0.000099,   -0.000101
   51     0.004543,    0.001248,   -0.000355,    0.000075,   -0.000047
   52    -0.000169,   -0.000028,    0.000054,    0.000030,    0.000122
   53    -0.000983,   -0.000379,    0.000008,    0.000123,   -0.000035
   54    -0.000611,   -0.000159,    0.000049,   -0.000005,    0.000012
   55     0.000086,    0.000046,    0.000004,    0.000000,    0.000021
   56    -0.000370,   -0.000129,    0.000020,    0.000023,    0.000010
   57     0.000860,    0.000231,   -0.000069,    0.000019,   -0.000007
   58     0.000295,    0.000095,   -0.000019,    0.000013,    0.000011
   59     0.090395,    0.024510,   -0.007152,    0.000598,   -0.000000
   60     0.109430,    0.029821,   -0.008481,    0.000660,   -0.000000
   61     0.029821,    0.008669,   -0.002242,    0.000182,   -0.000000
   62    -0.008481,   -0.002242,    0.000686,   -0.000053,    0.000000
   63     0.000660,    0.000182,   -0.000053,    0.000070,   -0.000000
   64    -0.000000,   -0.000000,    0.000000,   -0.000000,    0.000076
   65    -0.007993,   -0.001960,    0.000644,   -0.000042,    0.000000
   66     0.000463,    0.000163,   -0.000036,    0.000125,   -0.000000
   67    -0.000000,   -0.000000,   -0.000000,   -0.000000,    0.000144
   68    -0.000090,   -0.000035,    0.000006,   -0.000036,    0.000000
   69     0.000000,    0.000000,   -0.000000,   -0.000000,    0.000004
   70    -0.000598,   -0.000149,    0.000050,   -0.000005,    0.000000
   71     0.000000,    0.000000,   -0.000000,    0.000000,   -0.000035
   72     0.001115,    0.000277,   -0.000094,    0.000003,   -0.000000
   73    -0.001995,    0.001271,   -0.000173,    0.000419,   -0.000000
   74    -0.000524,    0.002433,   -0.000440,    0.000836,    0.000000
   75    -0.010257,   -0.003509,    0.001045,   -0.001296,    0.000000
   76    -0.015623,   -0.003787,    0.001563,   -0.001319,   -0.000000
   77    -0.000586,   -0.002205,    0.000211,    0.000086,   -0.000000
   78    -0.026265,   -0.011727,    0.000450,   -0.002017,    0.000000
   79    -0.012032,   -0.002517,    0.000497,   -0.002645,   -0.000000
   80    -0.000000,    0.000000,    0.000000,    0.000000,   -0.000130
   81    -0.017945,   -0.007442,    0.000344,   -0.001295,    0.000000
   82    -0.009078,   -0.002427,    0.000476,   -0.001994,   -0.000000
   83    -0.000000,    0.000000,    0.000000,    0.000000,   -0.000175
   84    -0.005823,   -0.001692,    0.000216,   -0.000300,   -0.000000
   85    -0.000958,   -0.000358,    0.000130,   -0.000470,   -0.000000
   86     0.000000,    0.000000,   -0.000000,    0.000000,   -0.000111
   87     0.001728,    0.000179,   -0.000166,   -0.000115,   -0.000000
   88    -0.000000,   -0.000000,    0.000000,   -0.000000,    0.000117
   89    -0.001252,   -0.000355,    0.000086,    0.000055,    0.000000
   90    -0.000000,    0.000000,    0.000000,    0.000000,    0.000036
   91     0.004731,    0.001539,   -0.000270,    0.000092,    0.000000
   92     0.004401,    0.000317,   -0.000386,   -0.000191,   -0.000000
   93    -0.000000,   -0.000000,   -0.000000,   -0.000000,    0.000322
   94    -0.002100,   -0.000149,    0.000153,    0.000153,    0.000000
   95    -0.000000,    0.000000,    0.000000,    0.000000,    0.000076
   96     0.009611,    0.002753,   -0.000607,    0.000103,   -0.000000
   97     0.001867,    0.000652,   -0.000138,   -0.000004,   -0.000000
   98    -0.000000,   -0.000000,   -0.000000,   -0.000000,    0.000040
   99     0.000608,    0.000124,   -0.000040,    0.000035,    0.000000
  100     0.000000,    0.000000,    0.000000,    0.000000,   -0.000036
  101    -0.000248,   -0.000042,    0.000036,    0.000022,    0.000000
  102     0.000000,    0.000000,   -0.000000,   -0.000000,   -0.000031
  103    -0.000327,   -0.000072,    0.000015,    0.000040,    0.000000
  104    -0.005627,   -0.002317,    0.000372,    0.000116,    0.000180
  105    -0.005815,   -0.003119,    0.000353,    0.000121,    0.000177
  106    -0.004834,   -0.001637,    0.000304,    0.000058,    0.000223
  107    -0.000181,   -0.000078,   -0.000008,   -0.000037,   -0.000009
  108    -0.000215,   -0.000105,    0.000009,   -0.000034,   -0.000005
  109    -0.000327,   -0.000176,    0.000021,    0.000014,    0.000008
  110    -0.000333,    0.000023,   -0.000015,   -0.000040,    0.000007
  111    -0.000008,   -0.000120,   -0.000013,   -0.000081,   -0.000023
  112     0.000309,   -0.000293,   -0.000028,   -0.000013,   -0.000031
  113     0.000059,    0.000008,   -0.000010,   -0.000002,   -0.000001
  114    -0.000006,   -0.000026,   -0.000004,   -0.000015,   -0.000002
  115    -0.000069,   -0.000046,    0.000004,    0.000006,    0.000003
  116    -0.000061,   -0.000010,   -0.000006,   -0.000017,   -0.000002
  117     0.000088,    0.000031,   -0.000001,    0.000014,    0.000005
  118    -0.005627,   -0.002317,    0.000372,    0.000116,   -0.000180
  119    -0.005815,   -0.003119,    0.000353,    0.000121,   -0.000177
  120    -0.004834,   -0.001637,    0.000304,    0.000058,   -0.000223
  121    -0.000181,   -0.000078,   -0.000008,   -0.000037,    0.000009
  122    -0.000215,   -0.000105,    0.000009,   -0.000034,    0.000005
  123     0.000327,    0.000176,   -0.000021,   -0.000014,    0.000008
  124    -0.000333,    0.000023,   -0.000015,   -0.000040,   -0.000007
  125    -0.000008,   -0.000120,   -0.000013,   -0.000081,    0.000023
  126    -0.000309,    0.000293,    0.000028,    0.000013,   -0.000031
  127     0.000059,    0.000008,   -0.000010,   -0.000002,    0.000001
  128     0.000006,    0.000026,    0.000004,    0.000015,   -0.000002
  129    -0.000069,   -0.000046,    0.000004,    0.000006,   -0.000003
  130     0.000061,    0.000010,    0.000006,    0.000017,   -0.000002
  131     0.000088,    0.000031,   -0.000001,    0.000014,   -0.000005
  132    -0.009140,   -0.001707,    0.000294,   -0.000122,    0.000000
  133    -0.015954,   -0.003449,    0.000599,   -0.000255,    0.000000
  134     0.019417,    0.005888,   -0.001068,    0.000437,   -0.000000
  135     0.020537,    0.005681,   -0.001281,    0.000392,   -0.000000
  136     0.000653,    0.003210,   -0.000253,    0.000047,    0.000000
  137     0.029660,    0.012393,   -0.000938,    0.000933,   -0.000000
  138    -0.010237,    0.004150,    0.000250,    0.000150,    0.000000
  139    -0.000000,   -0.000000,   -0.000000,   -0.000000,   -0.000375
  140     0.020106,    0.008544,   -0.000659,    0.000723,    0.000000
  141    -0.006587,    0.002984,    0.000111,    0.000076,   -0.000000
  142    -0.000000,   -0.000000,    0.000000,   -0.000000,   -0.000301
  143     0.006835,    0.002511,   -0.000379,    0.000112,    0.000000
  144    -0.002086,   -0.000059,    0.000036,    0.000054,   -0.000000
  145    -0.000000,   -0.000000,    0.000000,   -0.000000,   -0.000105
  146    -0.000799,   -0.000282,    0.000058,   -0.000070,   -0.000000
  147    -0.000000,   -0.000000,    0.000000,   -0.000000,   -0.000006
  148    -0.000369,   -0.000069,   -0.000018,   -0.000003,    0.000000
  149    -0.000000,    0.000000,    0.000000,    0.000000,    0.000002
  150     0.001095,    0.000569,   -0.000010,    0.000039,    0.000000
  151    -0.002274,   -0.000394,    0.000143,   -0.000097,   -0.000000
  152    -0.000000,   -0.000000,    0.000000,    0.000000,   -0.000003
  153     0.000807,    0.000033,   -0.000121,   -0.000067,   -0.000000
  154     0.000000,    0.000000,   -0.000000,    0.000000,    0.000006
  155     0.001297,    0.000834,   -0.000017,    0.000032,    0.000000
  156    -0.000562,   -0.000176,    0.000025,   -0.000036,   -0.000000
  157    -0.000000,    0.000000,    0.000000,    0.000000,    0.000010
  158     0.000349,    0.000109,   -0.000026,    0.000008,   -0.000000
  159    -0.000000,   -0.000000,    0.000000,   -0.000000,   -0.000003
  160    -0.000326,   -0.000148,    0.000014,   -0.000012,   -0.000000
  161    -0.000000,    0.000000,    0.000000,    0.000000,   -0.000002
  162     0.000485,    0.000223,   -0.000016,    0.000008,   -0.000000
  163    -0.002351,    0.000201,   -0.000049,    0.000030,    0.000107
  164    -0.004176,   -0.000209,    0.000064,    0.000068,    0.000071
  165    -0.000502,   -0.000178,   -0.000031,    0.000009,   -0.000022
  166     0.000292,    0.000178,   -0.000013,    0.000012,    0.000006
  167    -0.000024,    0.000049,    0.000006,    0.000003,   -0.000007
  168    -0.000301,   -0.000003,    0.000000,   -0.000001,    0.000007
  169     0.000243,    0.000277,    0.000008,    0.000031,   -0.000021
  170    -0.000328,    0.000166,    0.000006,    0.000000,   -0.000015
  171    -0.000445,    0.000022,    0.000020,    0.000005,   -0.000011
  172    -0.000196,   -0.000063,    0.000010,   -0.000004,   -0.000005
  173    -0.000006,    0.000035,   -0.000000,    0.000001,    0.000000
  174    -0.000058,    0.000012,   -0.000002,   -0.000001,    0.000000
  175     0.000080,    0.000067,   -0.000001,    0.000003,   -0.000000
  176    -0.000000,    0.000047,    0.000001,    0.000002,   -0.000002
  177    -0.002351,    0.000201,   -0.000049,    0.000030,   -0.000107
  178    -0.004176,   -0.000209,    0.000064,    0.000068,   -0.000071
  179    -0.000502,   -0.000178,   -0.000031,    0.000009,    0.000022
  180     0.000292,    0.000178,   -0.000013,    0.000012,   -0.000006
  181    -0.000024,    0.000049,    0.000006,    0.000003,    0.000007
  182     0.000301,    0.000003,   -0.000000,    0.000001,    0.000007
  183     0.000243,    0.000277,    0.000008,    0.000031,    0.000021
  184    -0.000328,    0.000166,    0.000006,    0.000000,    0.000015
  185     0.000445,   -0.000022,   -0.000020,   -0.000005,   -0.000011
  186    -0.000196,   -0.000063,    0.000010,   -0.000004,    0.000005
  187     0.000006,   -0.000035,    0.000000,   -0.000001,    0.000000
  188    -0.000058,    0.000012,   -0.000002,   -0.000001,   -0.000000
  189    -0.000080,   -0.000067,    0.000001,   -0.000003,   -0.000000
  190    -0.000000,    0.000047,    0.000001,    0.000002,    0.000002
  191     0.000001,    0.000001,   -0.000000,   -0.000000,   -0.000000
  192     0.000019,    0.000002,   -0.000001,   -0.000000,    0.000000
  193     0.000154,   -0.000091,   -0.000007,    0.000007,    0.000000
  194     0.000893,   -0.001084,   -0.000027,    0.000080,    0.000000
  195    -0.003005,    0.003478,    0.000109,   -0.000197,   -0.000000
  196    -0.000214,    0.000147,    0.000002,   -0.000104,   -0.000000
  197    -0.000046,   -0.000060,    0.000001,   -0.000004,   -0.000000
  198    -0.000015,   -0.000022,    0.000002,   -0.000002,    0.000000
  199     0.000000,    0.000000,   -0.000000,    0.000000,    0.000001
  200     0.001076,    0.001394,   -0.000016,    0.000089,    0.000000
  201     0.000347,    0.000509,   -0.000058,    0.000052,   -0.000000
  202    -0.000000,   -0.000000,    0.000000,   -0.000000,   -0.000015
  203    -0.005795,   -0.007181,    0.000090,   -0.000464,   -0.000000
  204    -0.001854,   -0.002443,    0.000309,   -0.000255,    0.000000
  205     0.000000,    0.000000,   -0.000000,    0.000000,    0.000080
  206    -0.010288,   -0.013489,    0.000152,   -0.000873,   -0.000000
  207    -0.003127,   -0.005104,    0.000551,   -0.000523,   -0.000000
  208     0.000000,    0.000000,   -0.000000,    0.000000,    0.000144
  209    -0.006201,   -0.005806,    0.000157,   -0.000387,   -0.000000
  210    -0.000853,   -0.001224,    0.000227,   -0.000131,    0.000000
  211     0.000000,    0.000000,   -0.000000,    0.000000,    0.000086
  212     0.000002,   -0.000000,   -0.000000,   -0.000000,   -0.000000
  213    -0.000000,   -0.000000,    0.000000,   -0.000000,   -0.000000
  214    -0.000001,    0.000001,    0.000000,    0.000000,    0.000000
  215    -0.000000,   -0.000000,    0.000000,   -0.000000,   -0.000000
  216     0.000002,    0.000001,   -0.000000,    0.000000,    0.000000
  217    -0.000139,    0.000026,    0.000008,    0.000006,    0.000000
  218     0.000000,    0.000000,   -0.000000,    0.000000,    0.000002
  219     0.000060,   -0.000031,   -0.000004,   -0.000004,   -0.000000
  220     0.000000,    0.000000,   -0.000000,    0.000000,    0.000001
  221    -0.000078,   -0.000053,    0.000003,   -0.000006,   -0.000000
  222     0.000974,   -0.000261,   -0.000053,   -0.000023,   -0.000000
  223     0.000000,   -0.000000,    0.000000,   -0.000000,   -0.000013
  224    -0.000336,    0.000253,    0.000021,    0.000019,    0.000000
  225     0.000000,    0.000000,    0.000000,   -0.000000,   -0.000009
  226     0.000637,    0.000405,   -0.000024,    0.000047,    0.000000
  227     0.000492,   -0.000598,   -0.000024,   -0.000032,   -0.000000
  228     0.000000,    0.000000,   -0.000000,    0.000000,   -0.000004
  229    -0.000002,    0.000435,   -0.000003,    0.000022,   -0.000000
  230     0.000000,    0.000000,   -0.000000,    0.000000,   -0.000009
  231     0.000360,    0.000365,   -0.000019,    0.000049,   -0.000000
  232     0.000458,    0.000093,   -0.000021,    0.000013,   -0.000000
  233     0.000000,    0.000000,    0.000000,    0.000000,   -0.000005
  234    -0.000022,    0.000185,    0.000002,    0.000015,    0.000000
  235    -0.000000,   -0.000000,    0.000000,   -0.000000,    0.000004
  236    -0.000128,    0.000088,    0.000006,    0.000004,    0.000000
  237    -0.000000,    0.000000,    0.000000,   -0.000000,   -0.000000
  238    -0.000175,    0.000235,    0.000011,    0.000025,    0.000000
                65,          66,          67,          68,          69
    0     0.009353,   -0.001315,   -0.000000,    0.000328,   -0.000000
    1     0.014088,   -0.001992,   -0.000000,    0.000492,   -0.000000
    2    -0.008372,    0.001256,    0.000000,   -0.000292,    0.000000
    3    -0.006793,    0.001150,    0.000000,   -0.000294,    0.000000
    4    -0.000055,    0.000682,    0.000000,   -0.000188,    0.000000
    5    -0.010550,    0.001194,    0.000000,   -0.000270,    0.000000
    6     0.002402,    0.007629,   -0.000000,   -0.002160,   -0.000000
    7     0.000000,   -0.000000,    0.009487,    0.000000,    0.000246
    8    -0.006630,    0.000648,    0.000000,   -0.000137,    0.000000
    9     0.001915,    0.004694,   -0.000000,   -0.001341,   -0.000000
   10     0.000000,   -0.000000,    0.006478,   -0.000000,    0.000171
   11    -0.002234,    0.000007,    0.000000,    0.000003,    0.000000
   12     0.000466,    0.001224,   -0.000000,   -0.000339,   -0.000000
   13     0.000000,   -0.000000,    0.001826,    0.000000,    0.000055
   14     0.000051,   -0.000222,    0.000000,    0.000061,    0.000000
   15     0.000000,   -0.000000,    0.000323,   -0.000000,    0.000014
   16     0.000243,    0.000229,   -0.000000,   -0.000066,   -0.000000
   17    -0.000000,    0.000000,   -0.000168,   -0.000000,   -0.000003
   18    -0.000346,    0.000127,    0.000000,   -0.000039,    0.000000
   19    -0.000061,   -0.000122,    0.000000,    0.000034,    0.000000
   20     0.000000,    0.000000,    0.000270,   -0.000000,    0.000021
   21     0.000121,    0.000119,   -0.000000,   -0.000041,   -0.000000
   22    -0.000000,   -0.000000,   -0.000193,    0.000000,   -0.000002
   23    -0.000045,    0.000153,    0.000000,   -0.000053,    0.000000
   24    -0.000030,   -0.000037,   -0.000000,    0.000013,   -0.000000
   25    -0.000000,   -0.000000,    0.000010,    0.000000,   -0.000002
   26    -0.000048,   -0.000032,    0.000000,    0.000010,    0.000000
   27    -0.000000,    0.000000,   -0.000022,   -0.000000,    0.000001
   28     0.000020,   -0.000026,   -0.000000,    0.000007,    0.000000
   29    -0.000000,    0.000000,   -0.000029,    0.000000,    0.000001
   30    -0.000057,   -0.000055,    0.000000,    0.000016,    0.000000
   31     0.000056,    0.001870,    0.003355,   -0.000522,    0.000095
   32     0.000303,    0.002277,    0.004011,   -0.000629,    0.000114
   33     0.000277,    0.000509,    0.001225,   -0.000141,    0.000042
   34    -0.000160,    0.000075,    0.000101,   -0.000020,    0.000003
   35     0.000041,   -0.000015,   -0.000226,    0.000004,   -0.000006
   36     0.000003,   -0.000194,   -0.000190,    0.000054,   -0.000005
   37    -0.000328,    0.000115,    0.000092,   -0.000028,    0.000002
   38     0.000094,    0.000039,   -0.000232,   -0.000014,   -0.000005
   39     0.000073,   -0.000257,   -0.000068,    0.000069,   -0.000001
   40     0.000050,   -0.000006,   -0.000022,    0.000001,   -0.000001
   41    -0.000028,    0.000004,    0.000040,   -0.000001,    0.000001
   42     0.000004,    0.000047,   -0.000019,   -0.000013,   -0.000000
   43     0.000063,   -0.000030,   -0.000013,    0.000008,   -0.000000
   44    -0.000007,    0.000021,   -0.000022,   -0.000006,   -0.000000
   45     0.000056,    0.001870,   -0.003355,   -0.000522,   -0.000095
   46     0.000303,    0.002277,   -0.004011,   -0.000629,   -0.000114
   47     0.000277,    0.000509,   -0.001225,   -0.000141,   -0.000042
   48    -0.000160,    0.000075,   -0.000101,   -0.000020,   -0.000003
   49     0.000041,   -0.000015,    0.000226,    0.000004,    0.000006
   50    -0.000003,    0.000194,   -0.000190,   -0.000054,   -0.000005
   51    -0.000328,    0.000115,   -0.000092,   -0.000028,   -0.000002
   52     0.000094,    0.000039,    0.000232,   -0.000014,    0.000005
   53    -0.000073,    0.000257,   -0.000068,   -0.000069,   -0.000001
   54     0.000050,   -0.000006,    0.000022,    0.000001,    0.000001
   55     0.000028,   -0.000004,    0.000040,    0.000001,    0.000001
   56     0.000004,    0.000047,    0.000019,   -0.000013,    0.000000
   57    -0.000063,    0.000030,   -0.000013,   -0.000008,   -0.000000
   58    -0.000007,    0.000021,    0.000022,   -0.000006,    0.000000
   59    -0.006399,    0.000440,    0.000000,   -0.000089,    0.000000
   60    -0.007993,    0.000463,   -0.000000,   -0.000090,    0.000000
   61    -0.001960,    0.000163,   -0.000000,   -0.000035,    0.000000
   62     0.000644,   -0.000036,   -0.000000,    0.000006,   -0.000000
   63    -0.000042,    0.000125,   -0.000000,   -0.000036,   -0.000000
   64     0.000000,   -0.000000,    0.000144,    0.000000,    0.000004
   65     0.000802,   -0.000036,    0.000000,    0.000006,    0.000000
   66    -0.000036,    0.000241,   -0.000000,   -0.000067,   -0.000000
   67     0.000000,   -0.000000,    0.000273,    0.000000,    0.000007
   68     0.000006,   -0.000067,    0.000000,    0.000019,    0.000000
   69     0.000000,   -0.000000,    0.000007,    0.000000,    0.000000
   70     0.000059,   -0.000006,    0.000000,    0.000002,   -0.000000
   71    -0.000000,    0.000000,   -0.000066,   -0.000000,   -0.000002
   72    -0.000111,   -0.000001,   -0.000000,    0.000001,    0.000000
   73     0.002066,    0.000909,    0.000000,   -0.000357,   -0.000000
   74     0.003038,    0.001585,    0.000000,   -0.000609,   -0.000000
   75    -0.001397,   -0.001709,   -0.000000,    0.000629,    0.000000
   76    -0.000143,   -0.001725,   -0.000000,    0.000639,    0.000000
   77    -0.001117,    0.000254,   -0.000000,   -0.000047,   -0.000000
   78     0.001424,   -0.003668,    0.000000,    0.001214,    0.000000
   79    -0.000130,   -0.004781,    0.000000,    0.001220,    0.000000
   80     0.000000,   -0.000000,    0.000532,    0.000000,   -0.000239
   81     0.001328,   -0.002348,    0.000000,    0.000780,   -0.000000
   82    -0.000291,   -0.003681,   -0.000000,    0.000939,    0.000000
   83     0.000000,   -0.000000,    0.000196,   -0.000000,   -0.000168
   84     0.000582,   -0.000486,   -0.000000,    0.000170,   -0.000000
   85    -0.000369,   -0.000805,   -0.000000,    0.000211,    0.000000
   86     0.000000,   -0.000000,   -0.000066,   -0.000000,   -0.000058
   87    -0.000282,   -0.000235,    0.000000,    0.000066,    0.000000
   88     0.000000,    0.000000,    0.000193,   -0.000000,    0.000014
   89     0.000158,    0.000118,   -0.000000,   -0.000024,   -0.000000
   90     0.000000,   -0.000000,    0.000084,    0.000000,   -0.000003
   91    -0.000268,    0.000133,   -0.000000,   -0.000045,    0.000000
   92    -0.000685,   -0.000456,   -0.000000,    0.000124,    0.000000
   93     0.000000,   -0.000000,    0.000581,    0.000000,    0.000023
   94     0.000443,    0.000364,    0.000000,   -0.000084,   -0.000000
   95     0.000000,    0.000000,    0.000162,   -0.000000,   -0.000002
   96    -0.000665,    0.000105,   -0.000000,   -0.000038,    0.000000
   97    -0.000064,   -0.000014,    0.000000,    0.000005,    0.000000
   98     0.000000,   -0.000000,    0.000076,    0.000000,    0.000002
   99    -0.000037,    0.000048,    0.000000,   -0.000016,   -0.000000
  100    -0.000000,    0.000000,   -0.000071,   -0.000000,   -0.000001
  101     0.000017,    0.000044,    0.000000,   -0.000014,   -0.000000
  102    -0.000000,    0.000000,   -0.000059,    0.000000,   -0.000001
  103     0.000088,    0.000065,    0.000000,   -0.000019,   -0.000000
  104     0.000217,    0.000346,    0.000060,   -0.000018,    0.000092
  105    -0.000100,    0.000279,   -0.000005,   -0.000004,    0.000108
  106     0.000359,    0.000103,    0.000298,   -0.000017,    0.000039
  107     0.000020,   -0.000073,   -0.000008,    0.000020,   -0.000003
  108    -0.000016,   -0.000055,   -0.000027,    0.000019,    0.000005
  109     0.000001,    0.000036,   -0.000001,   -0.000002,    0.000005
  110     0.000106,   -0.000052,    0.000026,    0.000021,   -0.000002
  111    -0.000118,   -0.000148,   -0.000061,    0.000042,    0.000004
  112    -0.000186,   -0.000051,   -0.000064,    0.000018,    0.000000
  113     0.000003,   -0.000006,    0.000000,    0.000002,   -0.000001
  114    -0.000017,   -0.000027,   -0.000007,    0.000009,    0.000001
  115     0.000002,    0.000011,    0.000007,   -0.000002,   -0.000000
  116     0.000014,   -0.000029,   -0.000002,    0.000009,   -0.000001
  117     0.000001,    0.000024,    0.000011,   -0.000007,   -0.000000
  118     0.000217,    0.000346,   -0.000060,   -0.000018,   -0.000092
  119    -0.000100,    0.000279,    0.000005,   -0.000004,   -0.000108
  120     0.000359,    0.000103,   -0.000298,   -0.000017,   -0.000039
  121     0.000020,   -0.000073,    0.000008,    0.000020,    0.000003
  122    -0.000016,   -0.000055,    0.000027,    0.000019,   -0.000005
  123    -0.000001,   -0.000036,   -0.000001,    0.000002,    0.000005
  124     0.000106,   -0.000052,   -0.000026,    0.000021,    0.000002
  125    -0.000118,   -0.000148,    0.000061,    0.000042,   -0.000004
  126     0.000186,    0.000051,   -0.000064,   -0.000018,    0.000000
  127     0.000003,   -0.000006,   -0.000000,    0.000002,    0.000001
  128     0.000017,    0.000027,   -0.000007,   -0.000009,    0.000001
  129     0.000002,    0.000011,   -0.000007,   -0.000002,    0.000000
  130    -0.000014,    0.000029,   -0.000002,   -0.000009,   -0.000001
  131     0.000001,    0.000024,   -0.000011,   -0.000007,    0.000000
  132     0.002151,   -0.000244,    0.000000,    0.000128,   -0.000000
  133     0.003065,   -0.000303,    0.000000,    0.000219,   -0.000000
  134    -0.001105,   -0.000142,   -0.000000,   -0.000229,    0.000000
  135    -0.001334,   -0.000140,   -0.000000,   -0.000192,    0.000000
  136     0.001413,    0.000245,    0.000000,   -0.000033,    0.000000
  137    -0.002050,    0.001933,   -0.000000,   -0.000605,    0.000000
  138     0.004791,    0.000379,   -0.000000,   -0.000110,   -0.000000
  139     0.000000,    0.000000,   -0.000792,   -0.000000,    0.000017
  140    -0.001249,    0.001451,    0.000000,   -0.000459,    0.000000
  141     0.003338,    0.000180,   -0.000000,   -0.000055,   -0.000000
  142    -0.000000,    0.000000,   -0.000658,   -0.000000,    0.000015
  143    -0.000306,    0.000124,    0.000000,   -0.000061,    0.000000
  144     0.000726,   -0.000020,   -0.000000,   -0.000018,   -0.000000
  145    -0.000000,   -0.000000,   -0.000233,    0.000000,    0.000013
  146    -0.000044,   -0.000100,    0.000000,    0.000030,    0.000000
  147     0.000000,    0.000000,   -0.000024,   -0.000000,    0.000002
  148     0.000144,   -0.000029,    0.000000,    0.000007,   -0.000000
  149     0.000000,   -0.000000,    0.000023,    0.000000,   -0.000006
  150    -0.000094,    0.000106,   -0.000000,   -0.000030,    0.000000
  151     0.000141,   -0.000093,    0.000000,    0.000035,    0.000000
  152     0.000000,    0.000000,   -0.000046,   -0.000000,    0.000004
  153     0.000006,   -0.000190,   -0.000000,    0.000049,   -0.000000
  154     0.000000,   -0.000000,    0.000062,    0.000000,   -0.000015
  155    -0.000080,    0.000134,   -0.000000,   -0.000032,    0.000000
  156     0.000045,   -0.000075,    0.000000,    0.000018,    0.000000
  157     0.000000,   -0.000000,    0.000019,   -0.000000,    0.000001
  158    -0.000006,    0.000005,   -0.000000,   -0.000003,   -0.000000
  159    -0.000000,    0.000000,   -0.000012,   -0.000000,    0.000001
  160     0.000006,   -0.000016,    0.000000,    0.000007,   -0.000000
  161     0.000000,   -0.000000,    0.000004,    0.000000,   -0.000003
  162    -0.000027,    0.000014,   -0.000000,   -0.000006,    0.000000
  163     0.001065,   -0.000161,    0.000264,   -0.000000,   -0.000014
  164     0.001283,   -0.000080,    0.000189,   -0.000022,   -0.000017
  165     0.000234,   -0.000074,    0.000014,    0.000008,   -0.000012
  166     0.000018,    0.000016,    0.000012,   -0.000008,    0.000000
  167     0.000018,    0.000016,   -0.000014,   -0.000002,    0.000001
  168     0.000104,   -0.000021,    0.000016,    0.000001,   -0.000001
  169     0.000033,    0.000064,   -0.000042,   -0.000021,   -0.000000
  170     0.000165,    0.000017,   -0.000019,   -0.000001,   -0.000001
  171     0.000114,    0.000007,   -0.000032,   -0.000005,    0.000001
  172     0.000012,   -0.000005,   -0.000009,    0.000002,   -0.000000
  173     0.000019,    0.000005,   -0.000000,   -0.000001,    0.000000
  174     0.000029,   -0.000004,    0.000001,    0.000001,   -0.000000
  175     0.000006,    0.000005,   -0.000001,   -0.000002,    0.000000
  176     0.000017,    0.000006,   -0.000004,   -0.000002,    0.000000
  177     0.001065,   -0.000161,   -0.000264,   -0.000000,    0.000014
  178     0.001283,   -0.000080,   -0.000189,   -0.000022,    0.000017
  179     0.000234,   -0.000074,   -0.000014,    0.000008,    0.000012
  180     0.000018,    0.000016,   -0.000012,   -0.000008,   -0.000000
  181     0.000018,    0.000016,    0.000014,   -0.000002,   -0.000001
  182    -0.000104,    0.000021,    0.000016,   -0.000001,   -0.000001
  183     0.000033,    0.000064,    0.000042,   -0.000021,    0.000000
  184     0.000165,    0.000017,    0.000019,   -0.000001,    0.000001
  185    -0.000114,   -0.000007,   -0.000032,    0.000005,    0.000001
  186     0.000012,   -0.000005,    0.000009,    0.000002,    0.000000
  187    -0.000019,   -0.000005,   -0.000000,    0.000001,    0.000000
  188     0.000029,   -0.000004,   -0.000001,    0.000001,    0.000000
  189    -0.000006,   -0.000005,   -0.000001,    0.000002,    0.000000
  190     0.000017,    0.000006,    0.000004,   -0.000002,   -0.000000
  191    -0.000000,    0.000000,    0.000000,    0.000000,    0.000000
  192    -0.000003,   -0.000000,    0.000000,    0.000000,    0.000000
  193    -0.000005,   -0.000045,   -0.000000,   -0.000001,    0.000000
  194     0.000041,   -0.000456,   -0.000000,   -0.000011,    0.000000
  195     0.000205,    0.001360,    0.000000,    0.000012,   -0.000000
  196    -0.000327,    0.000127,   -0.000000,    0.000044,   -0.000000
  197    -0.000006,   -0.000016,    0.000000,    0.000003,    0.000000
  198    -0.000015,   -0.000002,   -0.000000,    0.000001,    0.000000
  199    -0.000000,   -0.000000,    0.000002,    0.000000,    0.000000
  200     0.000128,    0.000379,   -0.000000,   -0.000072,   -0.000000
  201     0.000340,    0.000035,    0.000000,   -0.000019,   -0.000000
  202     0.000000,    0.000000,   -0.000057,   -0.000000,   -0.000008
  203    -0.000593,   -0.001959,    0.000000,    0.000371,    0.000000
  204    -0.001678,   -0.000130,   -0.000000,    0.000087,    0.000000
  205    -0.000000,   -0.000000,    0.000303,    0.000000,    0.000043
  206    -0.001279,   -0.003686,    0.000000,    0.000698,    0.000000
  207    -0.003341,   -0.000439,   -0.000000,    0.000199,    0.000000
  208    -0.000000,   -0.000000,    0.000552,    0.000000,    0.000079
  209    -0.000129,   -0.001581,    0.000000,    0.000302,   -0.000000
  210    -0.001061,    0.000002,   -0.000000,    0.000030,    0.000000
  211    -0.000000,   -0.000000,    0.000291,    0.000000,    0.000032
  212    -0.000001,   -0.000000,   -0.000000,    0.000000,    0.000000
  213    -0.000000,   -0.000000,   -0.000000,    0.000000,    0.000000
  214     0.000001,    0.000000,    0.000000,   -0.000000,    0.000000
  215    -0.000000,    0.000000,   -0.000000,    0.000000,    0.000000
  216     0.000000,    0.000000,    0.000000,   -0.000000,    0.000000
  217     0.000045,    0.000014,    0.000000,   -0.000004,   -0.000000
  218     0.000000,    0.000000,    0.000004,   -0.000000,   -0.000000
  219    -0.000028,   -0.000010,   -0.000000,    0.000003,    0.000000
  220     0.000000,   -0.000000,    0.000002,   -0.000000,   -0.000000
  221    -0.000009,   -0.000010,   -0.000000,    0.000003,    0.000000
  222    -0.000329,   -0.000092,   -0.000000,    0.000018,    0.000000
  223    -0.000000,    0.000000,   -0.000024,    0.000000,    0.000002
  224     0.000191,    0.000061,    0.000000,   -0.000013,   -0.000000
  225    -0.000000,   -0.000000,   -0.000015,    0.000000,    0.000000
  226     0.000062,    0.000085,    0.000000,   -0.000025,   -0.000000
  227    -0.000320,   -0.000153,   -0.000000,    0.000025,    0.000000
  228    -0.000000,    0.000000,   -0.000004,   -0.000000,    0.000002
  229     0.000177,    0.000085,   -0.000000,   -0.000016,   -0.000000
  230    -0.000000,   -0.000000,   -0.000009,   -0.000000,   -0.000001
  231     0.000112,    0.000098,   -0.000000,   -0.000025,   -0.000000
  232    -0.000044,    0.000009,   -0.000000,   -0.000006,   -0.000000
  233    -0.000000,    0.000000,   -0.000007,   -0.000000,    0.000000
  234     0.000089,    0.000041,    0.000000,   -0.000009,   -0.000000
  235     0.000000,   -0.000000,    0.000006,    0.000000,   -0.000000
  236     0.000063,    0.000019,    0.000000,   -0.000003,   -0.000000
  237    -0.000000,   -0.000000,    0.000001,    0.000000,   -0.000001
  238     0.000144,    0.000071,   -0.000000,   -0.000015,   -0.000000
                70,          71,          72,          73,          74
    0     0.000888,    0.000000,   -0.001719,    0.001858,    0.003823
    1     0.001330,    0.000000,   -0.002554,    0.003863,    0.007831
    2    -0.000753,   -0.000000,    0.001360,   -0.006378,   -0.012316
    3    -0.000609,   -0.000000,    0.001125,    0.009817,    0.014494
    4    -0.000088,   -0.000000,    0.000044,   -0.009038,   -0.011144
    5    -0.000778,    0.000000,    0.001412,    0.011388,    0.024649
    6     0.000048,   -0.000000,   -0.000536,    0.020293,    0.043718
    7     0.000000,   -0.002304,   -0.000000,    0.000000,   -0.000000
    8    -0.000497,   -0.000000,    0.000901,    0.008450,    0.017368
    9     0.000072,    0.000000,   -0.000430,    0.008451,    0.020463
   10     0.000000,   -0.001573,   -0.000000,    0.000000,    0.000000
   11    -0.000143,   -0.000000,    0.000286,    0.002822,    0.004885
   12     0.000030,    0.000000,   -0.000111,    0.004093,    0.006861
   13     0.000000,   -0.000442,   -0.000000,   -0.000000,   -0.000000
   14     0.000007,    0.000000,   -0.000002,   -0.001304,   -0.002705
   15     0.000000,   -0.000078,   -0.000000,   -0.000000,   -0.000000
   16     0.000014,    0.000000,   -0.000040,    0.000968,    0.001979
   17    -0.000000,    0.000041,    0.000000,    0.000000,    0.000000
   18    -0.000026,   -0.000000,    0.000042,    0.001078,    0.002231
   19    -0.000002,   -0.000000,    0.000014,   -0.001835,   -0.003410
   20     0.000000,   -0.000064,   -0.000000,    0.000000,    0.000000
   21     0.000016,    0.000000,   -0.000039,   -0.000137,    0.000151
   22    -0.000000,    0.000047,    0.000000,   -0.000000,   -0.000000
   23    -0.000009,   -0.000000,    0.000005,    0.003304,    0.005767
   24    -0.000002,    0.000000,    0.000007,   -0.000349,   -0.000530
   25    -0.000000,   -0.000003,    0.000000,    0.000000,    0.000000
   26    -0.000003,   -0.000000,    0.000009,   -0.000455,   -0.000747
   27    -0.000000,    0.000005,    0.000000,    0.000000,    0.000000
   28     0.000002,    0.000000,   -0.000001,   -0.000615,   -0.000894
   29    -0.000000,    0.000007,    0.000000,    0.000000,    0.000000
   30    -0.000004,   -0.000000,    0.000011,   -0.000843,   -0.001291
   31    -0.000056,   -0.000813,   -0.000002,    0.002501,    0.005470
   32    -0.000055,   -0.000972,   -0.000022,    0.002345,    0.005755
   33     0.000006,   -0.000296,   -0.000037,    0.001015,    0.001787
   34    -0.000014,   -0.000025,    0.000022,    0.000295,    0.000596
   35     0.000005,    0.000055,   -0.000009,    0.000096,    0.000186
   36     0.000006,    0.000046,   -0.000001,   -0.000251,   -0.000566
   37    -0.000026,   -0.000023,    0.000045,    0.000658,    0.001208
   38     0.000012,    0.000056,   -0.000025,    0.001068,    0.001689
   39     0.000016,    0.000017,   -0.000018,   -0.000414,   -0.000845
   40     0.000004,    0.000005,   -0.000007,   -0.000095,   -0.000170
   41    -0.000003,   -0.000010,    0.000006,   -0.000153,   -0.000252
   42    -0.000001,    0.000005,   -0.000001,    0.000201,    0.000338
   43     0.000005,    0.000003,   -0.000009,   -0.000189,   -0.000330
   44    -0.000001,    0.000005,   -0.000000,    0.000184,    0.000318
   45    -0.000056,    0.000813,   -0.000002,    0.002501,    0.005470
   46    -0.000055,    0.000972,   -0.000022,    0.002345,    0.005755
   47     0.000006,    0.000296,   -0.000037,    0.001015,    0.001787
   48    -0.000014,    0.000025,    0.000022,    0.000295,    0.000596
   49     0.000005,   -0.000055,   -0.000009,    0.000096,    0.000186
   50    -0.000006,    0.000046,    0.000001,    0.000251,    0.000566
   51    -0.000026,    0.000023,    0.000045,    0.000658,    0.001208
   52     0.000012,   -0.000056,   -0.000025,    0.001068,    0.001689
   53    -0.000016,    0.000017,    0.000018,    0.000414,    0.000845
   54     0.000004,   -0.000005,   -0.000007,   -0.000095,   -0.000170
   55     0.000003,   -0.000010,   -0.000006,    0.000153,    0.000252
   56    -0.000001,   -0.000005,   -0.000001,    0.000201,    0.000338
   57    -0.000005,    0.000003,    0.000009,    0.000189,    0.000330
   58    -0.000001,   -0.000005,   -0.000000,    0.000184,    0.000318
   59    -0.000495,   -0.000000,    0.000917,    0.003182,    0.006972
   60    -0.000598,    0.000000,    0.001115,   -0.001995,   -0.000524
   61    -0.000149,    0.000000,    0.000277,    0.001271,    0.002433
   62     0.000050,   -0.000000,   -0.000094,   -0.000173,   -0.000440
   63    -0.000005,    0.000000,    0.000003,    0.000419,    0.000836
   64     0.000000,   -0.000035,   -0.000000,   -0.000000,    0.000000
   65     0.000059,   -0.000000,   -0.000111,    0.002066,    0.003038
   66    -0.000006,    0.000000,   -0.000001,    0.000909,    0.001585
   67     0.000000,   -0.000066,   -0.000000,    0.000000,    0.000000
   68     0.000002,   -0.000000,    0.000001,   -0.000357,   -0.000609
   69    -0.000000,   -0.000002,    0.000000,   -0.000000,   -0.000000
   70     0.000005,   -0.000000,   -0.000009,    0.000063,    0.000099
   71    -0.000000,    0.000016,    0.000000,   -0.000000,   -0.000000
   72    -0.000009,    0.000000,    0.000017,   -0.000082,   -0.000114
   73     0.000063,   -0.000000,   -0.000082,    0.457361,    0.614569
   74     0.000099,   -0.000000,   -0.000114,    0.614569,    0.840231
   75    -0.000065,    0.000000,    0.000012,   -0.048672,   -0.133142
   76     0.000013,    0.000000,   -0.000131,   -0.073911,   -0.157371
   77     0.000043,    0.000000,    0.000015,    0.028211,    0.032979
   78     0.000044,   -0.000000,    0.000176,   -0.002265,   -0.004591
   79     0.000032,   -0.000000,    0.000289,    0.006116,    0.012918
   80    -0.000000,   -0.000155,   -0.000000,   -0.000000,   -0.000000
   81     0.000044,   -0.000000,    0.000083,    0.008625,    0.011876
   82     0.000022,    0.000000,    0.000198,   -0.015438,   -0.019959
   83     0.000000,   -0.000067,   -0.000000,    0.000000,    0.000000
   84     0.000018,    0.000000,   -0.000003,   -0.001248,   -0.002133
   85     0.000026,    0.000000,    0.000052,    0.001177,    0.002040
   86    -0.000000,    0.000006,   -0.000000,    0.000000,    0.000000
   87    -0.000012,   -0.000000,    0.000042,   -0.000306,   -0.000319
   88     0.000000,   -0.000046,   -0.000000,   -0.000000,   -0.000000
   89     0.000008,    0.000000,   -0.000022,    0.000569,    0.000722
   90     0.000000,   -0.000022,   -0.000000,    0.000000,    0.000000
   91    -0.000015,    0.000000,    0.000018,   -0.000233,   -0.000310
   92    -0.000031,    0.000000,    0.000087,   -0.003340,   -0.004512
   93     0.000000,   -0.000139,   -0.000000,   -0.000000,   -0.000000
   94     0.000022,   -0.000000,   -0.000052,    0.007716,    0.011300
   95     0.000000,   -0.000043,   -0.000000,    0.000000,    0.000000
   96    -0.000035,    0.000000,    0.000058,   -0.002414,   -0.003461
   97    -0.000008,    0.000000,    0.000014,   -0.000070,   -0.000196
   98     0.000000,   -0.000019,   -0.000000,   -0.000000,   -0.000000
   99    -0.000001,   -0.000000,    0.000001,   -0.000948,   -0.000442
  100    -0.000000,    0.000017,    0.000000,    0.000000,    0.000000
  101     0.000002,   -0.000000,   -0.000009,    0.000574,    0.000346
  102    -0.000000,    0.000015,    0.000000,   -0.000000,   -0.000000
  103     0.000004,   -0.000000,   -0.000009,    0.000757,    0.002078
  104    -0.000001,   -0.000004,   -0.000074,   -0.017472,   -0.037440
  105    -0.000017,    0.000012,   -0.000046,   -0.035609,   -0.061804
  106     0.000008,   -0.000070,   -0.000048,   -0.009596,   -0.015506
  107     0.000001,    0.000002,    0.000005,    0.000913,    0.001660
  108    -0.000001,    0.000007,    0.000003,   -0.001722,   -0.003100
  109    -0.000001,    0.000001,   -0.000005,   -0.002569,   -0.004708
  110     0.000002,   -0.000006,    0.000003,    0.002884,    0.004263
  111    -0.000006,    0.000015,    0.000018,   -0.005392,   -0.008128
  112    -0.000008,    0.000015,    0.000012,   -0.008598,   -0.012830
  113    -0.000000,   -0.000000,    0.000001,    0.000666,    0.000985
  114    -0.000001,    0.000002,    0.000003,   -0.001417,   -0.002107
  115     0.000000,   -0.000002,   -0.000001,   -0.000945,   -0.001397
  116     0.000000,    0.000001,    0.000002,    0.000760,    0.001128
  117     0.000000,   -0.000003,   -0.000002,    0.000451,    0.000666
  118    -0.000001,    0.000004,   -0.000074,   -0.017472,   -0.037440
  119    -0.000017,   -0.000012,   -0.000046,   -0.035609,   -0.061804
  120     0.000008,    0.000070,   -0.000048,   -0.009596,   -0.015506
  121     0.000001,   -0.000002,    0.000005,    0.000913,    0.001660
  122    -0.000001,   -0.000007,    0.000003,   -0.001722,   -0.003100
  123     0.000001,    0.000001,    0.000005,    0.002569,    0.004708
  124     0.000002,    0.000006,    0.000003,    0.002884,    0.004263
  125    -0.000006,   -0.000015,    0.000018,   -0.005392,   -0.008128
  126     0.000008,    0.000015,   -0.000012,    0.008598,    0.012830
  127    -0.000000,    0.000000,    0.000001,    0.000666,    0.000985
  128     0.000001,    0.000002,   -0.000003,    0.001417,    0.002107
  129     0.000000,    0.000002,   -0.000001,   -0.000945,   -0.001397
  130    -0.000000,    0.000001,   -0.000002,   -0.000760,   -0.001128
  131     0.000000,    0.000003,   -0.000002,    0.000451,    0.000666
  132     0.000090,   -0.000000,   -0.000096,    0.002060,    0.004259
  133     0.000141,   -0.000000,   -0.000141,    0.004300,    0.008743
  134    -0.000104,    0.000000,    0.000076,   -0.006591,   -0.013104
  135    -0.000112,    0.000000,    0.000127,    0.005921,    0.009026
  136    -0.000039,   -0.000000,   -0.000023,   -0.008208,   -0.010526
  137    -0.000111,    0.000000,   -0.000022,   -0.023556,   -0.050977
  138     0.000039,   -0.000000,   -0.000214,    0.002861,    0.006054
  139     0.000000,    0.000250,    0.000000,   -0.000000,   -0.000000
  140    -0.000071,   -0.000000,   -0.000022,   -0.011202,   -0.025836
  141     0.000024,    0.000000,   -0.000139,    0.001963,    0.003736
  142     0.000000,    0.000200,    0.000000,    0.000000,    0.000000
  143    -0.000036,   -0.000000,    0.000024,   -0.004835,   -0.007891
  144     0.000004,    0.000000,   -0.000032,    0.000417,    0.001162
  145     0.000000,    0.000072,    0.000000,    0.000000,    0.000000
  146     0.000004,   -0.000000,    0.000005,    0.000166,    0.000316
  147     0.000000,    0.000007,   -0.000000,   -0.000000,   -0.000000
  148     0.000001,   -0.000000,   -0.000001,    0.001164,    0.002379
  149    -0.000000,   -0.000008,   -0.000000,    0.000000,    0.000000
  150    -0.000002,    0.000000,   -0.000004,   -0.001804,   -0.003796
  151     0.000010,    0.000000,   -0.000003,    0.001223,    0.002033
  152     0.000000,    0.000011,   -0.000000,    0.000000,    0.000000
  153    -0.000006,    0.000000,    0.000020,    0.001238,    0.002371
  154    -0.000000,   -0.000018,   -0.000000,   -0.000000,   -0.000000
  155     0.000002,    0.000000,   -0.000002,   -0.002485,   -0.004806
  156     0.000001,    0.000000,    0.000001,    0.000359,    0.000631
  157     0.000000,   -0.000004,   -0.000000,   -0.000000,   -0.000000
  158    -0.000002,    0.000000,    0.000001,    0.000171,    0.000207
  159    -0.000000,    0.000003,    0.000000,    0.000000,    0.000000
  160     0.000002,   -0.000000,    0.000000,    0.000737,    0.001133
  161     0.000000,   -0.000001,   -0.000000,   -0.000000,   -0.000000
  162    -0.000002,    0.000000,    0.000000,   -0.000984,   -0.001546
  163    -0.000001,   -0.000085,   -0.000028,    0.003085,    0.006742
  164     0.000008,   -0.000070,   -0.000050,    0.002304,    0.006200
  165     0.000000,   -0.000009,   -0.000007,    0.001057,    0.002167
  166    -0.000001,   -0.000004,   -0.000002,   -0.000199,   -0.000400
  167     0.000000,    0.000005,   -0.000002,   -0.000210,   -0.000409
  168     0.000000,   -0.000005,   -0.000003,    0.000323,    0.000708
  169    -0.000002,    0.000009,   -0.000007,   -0.001446,   -0.002383
  170    -0.000001,    0.000006,   -0.000007,    0.000224,    0.000196
  171     0.000002,    0.000007,   -0.000006,    0.000267,    0.000647
  172     0.000001,    0.000002,   -0.000001,    0.000141,    0.000237
  173     0.000000,    0.000000,   -0.000001,   -0.000056,   -0.000104
  174     0.000000,   -0.000000,   -0.000001,    0.000220,    0.000377
  175    -0.000001,    0.000000,   -0.000001,   -0.000227,   -0.000386
  176    -0.000000,    0.000001,   -0.000001,   -0.000196,   -0.000343
  177    -0.000001,    0.000085,   -0.000028,    0.003085,    0.006742
  178     0.000008,    0.000070,   -0.000050,    0.002304,    0.006200
  179     0.000000,    0.000009,   -0.000007,    0.001057,    0.002167
  180    -0.000001,    0.000004,   -0.000002,   -0.000199,   -0.000400
  181     0.000000,   -0.000005,   -0.000002,   -0.000210,   -0.000409
  182    -0.000000,   -0.000005,    0.000003,   -0.000323,   -0.000708
  183    -0.000002,   -0.000009,   -0.000007,   -0.001446,   -0.002383
  184    -0.000001,   -0.000006,   -0.000007,    0.000224,    0.000196
  185    -0.000002,    0.000007,    0.000006,   -0.000267,   -0.000647
  186     0.000001,   -0.000002,   -0.000001,    0.000141,    0.000237
  187    -0.000000,    0.000000,    0.000001,    0.000056,    0.000104
  188     0.000000,    0.000000,   -0.000001,    0.000220,    0.000377
  189     0.000001,    0.000000,    0.000001,    0.000227,    0.000386
  190    -0.000000,   -0.000001,   -0.000001,   -0.000196,   -0.000343
  191    -0.000000,   -0.000000,    0.000000,    0.000000,    0.000001
  192    -0.000000,    0.000000,    0.000000,   -0.000001,    0.000001
  193     0.000004,    0.000000,   -0.000001,   -0.000057,   -0.000107
  194     0.000044,    0.000000,   -0.000019,   -0.000525,   -0.001056
  195    -0.000116,   -0.000000,    0.000033,    0.001632,    0.002967
  196    -0.000034,    0.000000,    0.000030,   -0.000920,   -0.001113
  197    -0.000001,   -0.000000,    0.000001,    0.000054,    0.000122
  198     0.000000,    0.000000,    0.000001,    0.000001,    0.000001
  199    -0.000000,   -0.000000,    0.000000,   -0.000000,   -0.000000
  200     0.000012,    0.000000,   -0.000013,   -0.001266,   -0.002839
  201    -0.000010,   -0.000000,   -0.000017,   -0.000010,   -0.000002
  202     0.000000,    0.000007,   -0.000000,   -0.000000,    0.000000
  203    -0.000060,   -0.000000,    0.000062,    0.006850,    0.015204
  204     0.000051,    0.000000,    0.000082,   -0.000006,   -0.000188
  205    -0.000000,   -0.000036,    0.000000,    0.000000,   -0.000000
  206    -0.000110,   -0.000000,    0.000124,    0.010971,    0.025481
  207     0.000094,    0.000000,    0.000167,   -0.000574,   -0.001029
  208    -0.000000,   -0.000064,    0.000000,   -0.000000,   -0.000000
  209    -0.000035,   -0.000000,    0.000030,    0.005285,    0.011879
  210     0.000044,    0.000000,    0.000042,   -0.001250,   -0.002734
  211    -0.000000,   -0.000044,    0.000000,    0.000000,    0.000000
  212    -0.000000,    0.000000,    0.000000,   -0.000013,   -0.000018
  213     0.000000,    0.000000,   -0.000000,    0.000000,    0.000000
  214     0.000000,   -0.000000,   -0.000000,    0.000003,    0.000004
  215     0.000000,    0.000000,   -0.000000,    0.000000,    0.000000
  216    -0.000000,   -0.000000,   -0.000000,   -0.000009,   -0.000014
  217     0.000001,   -0.000000,   -0.000003,    0.000217,    0.000300
  218     0.000000,   -0.000001,   -0.000000,    0.000000,    0.000000
  219    -0.000001,    0.000000,    0.000002,   -0.000046,   -0.000054
  220    -0.000000,   -0.000001,   -0.000000,   -0.000000,   -0.000000
  221     0.000000,    0.000000,    0.000001,    0.000205,    0.000368
  222    -0.000008,    0.000000,    0.000021,   -0.000299,   -0.000278
  223    -0.000000,    0.000009,    0.000000,   -0.000000,   -0.000000
  224     0.000003,   -0.000000,   -0.000012,   -0.000036,   -0.000197
  225    -0.000000,    0.000005,    0.000000,    0.000000,    0.000000
  226    -0.000004,   -0.000000,   -0.000008,   -0.000831,   -0.001700
  227    -0.000002,    0.000000,    0.000018,    0.000235,    0.000608
  228    -0.000000,    0.000003,    0.000000,   -0.000000,    0.000000
  229    -0.000001,   -0.000000,   -0.000010,   -0.000023,   -0.000184
  230    -0.000000,    0.000003,    0.000000,   -0.000000,   -0.000000
  231    -0.000005,    0.000000,   -0.000010,   -0.000463,   -0.000945
  232    -0.000003,    0.000000,    0.000001,   -0.000320,   -0.000601
  233    -0.000000,    0.000003,    0.000000,    0.000000,    0.000000
  234     0.000000,   -0.000000,   -0.000006,   -0.000140,   -0.000307
  235     0.000000,   -0.000002,   -0.000000,   -0.000000,   -0.000000
  236     0.000001,   -0.000000,   -0.000003,    0.000032,    0.000034
  237    -0.000000,   -0.000001,   -0.000000,    0.000000,    0.000000
  238     0.000001,   -0.000000,   -0.000010,   -0.000208,   -0.000497
                75,          76,          77,          78,          79
    0    -0.005889,    0.010717,   -0.001793,   -0.009310,   -0.020869
    1    -0.011425,    0.015016,   -0.000421,   -0.020063,   -0.045217
    2     0.014995,   -0.005959,   -0.009815,    0.035245,    0.083435
    3    -0.009430,   -0.028879,    0.003053,    0.030818,    0.067956
    4    -0.005904,    0.006973,   -0.045883,   -0.011802,    0.000747
    5    -0.044100,   -0.044178,    0.002465,   -0.040470,   -0.088215
    6    -0.076892,   -0.075547,    0.012456,   -0.085116,   -0.179242
    7     0.000000,   -0.000000,   -0.000000,    0.000000,    0.000000
    8    -0.028592,   -0.026631,   -0.003448,   -0.022874,   -0.057863
    9    -0.042330,   -0.041487,    0.007708,   -0.056627,   -0.117674
   10    -0.000000,   -0.000000,   -0.000000,   -0.000000,   -0.000000
   11    -0.004990,   -0.008513,    0.010047,   -0.009432,   -0.010585
   12    -0.005781,   -0.009498,    0.013615,   -0.009945,   -0.032818
   13     0.000000,    0.000000,   -0.000000,    0.000000,   -0.000000
   14     0.004511,    0.004363,   -0.000837,    0.000415,    0.008169
   15     0.000000,   -0.000000,   -0.000000,   -0.000000,   -0.000000
   16    -0.003214,   -0.003096,    0.000735,   -0.001244,   -0.005412
   17    -0.000000,   -0.000000,    0.000000,    0.000000,    0.000000
   18    -0.003799,   -0.003378,   -0.000907,   -0.007064,   -0.001651
   19     0.004590,    0.004111,   -0.000412,   -0.002930,    0.009716
   20    -0.000000,   -0.000000,   -0.000000,   -0.000000,   -0.000000
   21    -0.001591,   -0.002028,    0.002175,   -0.003114,   -0.004885
   22     0.000000,    0.000000,   -0.000000,   -0.000000,    0.000000
   23    -0.006709,   -0.005328,   -0.003394,   -0.009183,    0.000122
   24     0.000353,    0.000226,    0.000563,    0.003024,   -0.001260
   25    -0.000000,    0.000000,    0.000000,    0.000000,    0.000000
   26     0.000645,    0.000368,    0.000099,    0.001222,    0.001886
   27    -0.000000,   -0.000000,   -0.000000,    0.000000,   -0.000000
   28     0.000372,    0.000464,   -0.000261,   -0.000330,    0.001157
   29    -0.000000,   -0.000000,   -0.000000,    0.000000,    0.000000
   30     0.000788,    0.000600,   -0.000106,    0.001105,    0.003102
   31    -0.010288,   -0.014315,    0.001463,   -0.004146,   -0.018449
   32    -0.012336,   -0.016109,    0.001305,   -0.003361,   -0.026758
   33    -0.001932,   -0.003646,    0.003512,    0.002649,   -0.009617
   34    -0.000952,   -0.001078,    0.000120,   -0.000740,   -0.001982
   35    -0.000233,    0.000040,    0.000100,   -0.000566,   -0.001651
   36     0.001110,    0.001483,   -0.000099,    0.000782,    0.001919
   37    -0.001520,   -0.001715,    0.000510,   -0.000973,   -0.003685
   38    -0.001226,   -0.001355,    0.001655,   -0.001634,   -0.003829
   39     0.001375,    0.001611,    0.000531,    0.001028,    0.002111
   40     0.000202,    0.000253,   -0.000123,   -0.000128,    0.000298
   41     0.000218,    0.000156,   -0.000188,    0.000062,    0.000737
   42    -0.000330,   -0.000404,    0.000120,   -0.000261,   -0.000742
   43     0.000368,    0.000416,   -0.000078,    0.000161,    0.000966
   44    -0.000340,   -0.000321,    0.000071,   -0.000426,   -0.000742
   45    -0.010288,   -0.014315,    0.001463,   -0.004146,   -0.018449
   46    -0.012336,   -0.016109,    0.001305,   -0.003361,   -0.026758
   47    -0.001932,   -0.003646,    0.003512,    0.002649,   -0.009617
   48    -0.000952,   -0.001078,    0.000120,   -0.000740,   -0.001982
   49    -0.000233,    0.000040,    0.000100,   -0.000566,   -0.001651
   50    -0.001110,   -0.001483,    0.000099,   -0.000782,   -0.001919
   51    -0.001520,   -0.001715,    0.000510,   -0.000973,   -0.003685
   52    -0.001226,   -0.001355,    0.001655,   -0.001634,   -0.003829
   53    -0.001375,   -0.001611,   -0.000531,   -0.001028,   -0.002111
   54     0.000202,    0.000253,   -0.000123,   -0.000128,    0.000298
   55    -0.000218,   -0.000156,    0.000188,   -0.000062,   -0.000737
   56    -0.000330,   -0.000404,    0.000120,   -0.000261,   -0.000742
   57    -0.000368,   -0.000416,    0.000078,   -0.000161,   -0.000966
   58    -0.000340,   -0.000321,    0.000071,   -0.000426,   -0.000742
   59    -0.013397,   -0.017154,   -0.003369,   -0.013921,   -0.009012
   60    -0.010257,   -0.015623,   -0.000586,   -0.026265,   -0.012032
   61    -0.003509,   -0.003787,   -0.002205,   -0.011727,   -0.002517
   62     0.001045,    0.001563,    0.000211,    0.000450,    0.000497
   63    -0.001296,   -0.001319,    0.000086,   -0.002017,   -0.002645
   64     0.000000,   -0.000000,   -0.000000,    0.000000,   -0.000000
   65    -0.001397,   -0.000143,   -0.001117,    0.001424,   -0.000130
   66    -0.001709,   -0.001725,    0.000254,   -0.003668,   -0.004781
   67    -0.000000,   -0.000000,   -0.000000,    0.000000,    0.000000
   68     0.000629,    0.000639,   -0.000047,    0.001214,    0.001220
   69     0.000000,    0.000000,   -0.000000,    0.000000,    0.000000
   70    -0.000065,    0.000013,    0.000043,    0.000044,    0.000032
   71     0.000000,    0.000000,    0.000000,   -0.000000,   -0.000000
   72     0.000012,   -0.000131,    0.000015,    0.000176,    0.000289
   73    -0.048672,   -0.073911,    0.028211,   -0.002265,    0.006116
   74    -0.133142,   -0.157371,    0.032979,   -0.004591,    0.012918
   75     0.323804,    0.280461,    0.023785,    0.008520,   -0.027198
   76     0.280461,    0.256429,   -0.004261,    0.006554,   -0.017340
   77     0.023785,   -0.004261,    0.082212,    0.016235,   -0.042620
   78     0.008520,    0.006554,    0.016235,    0.265407,   -0.017959
   79    -0.027198,   -0.017340,   -0.042620,   -0.017959,    0.278480
   80    -0.000000,    0.000000,    0.000000,   -0.000000,   -0.000000
   81    -0.001559,   -0.001287,    0.007148,    0.177597,   -0.014835
   82    -0.005528,    0.000293,   -0.029350,   -0.012879,    0.192953
   83    -0.000000,   -0.000000,    0.000000,    0.000000,   -0.000000
   84     0.002463,    0.004000,   -0.003096,    0.039908,   -0.002474
   85    -0.001867,   -0.006765,    0.016166,   -0.005080,    0.042156
   86    -0.000000,   -0.000000,    0.000000,   -0.000000,    0.000000
   87    -0.000531,   -0.001022,    0.001267,    0.003301,    0.007721
   88     0.000000,   -0.000000,   -0.000000,   -0.000000,    0.000000
   89     0.000361,    0.000418,    0.001315,    0.005535,   -0.009769
   90    -0.000000,    0.000000,    0.000000,    0.000000,   -0.000000
   91    -0.000015,   -0.000217,   -0.000163,   -0.011697,   -0.001890
   92     0.000122,   -0.001452,    0.003908,    0.008336,    0.006488
   93     0.000000,    0.000000,   -0.000000,   -0.000000,    0.000000
   94    -0.004603,   -0.003647,    0.001627,    0.005659,   -0.014072
   95    -0.000000,   -0.000000,    0.000000,    0.000000,   -0.000000
   96     0.001361,   -0.000308,    0.003694,   -0.013143,   -0.004966
   97     0.000476,    0.000755,   -0.001233,   -0.000212,    0.000254
   98     0.000000,    0.000000,   -0.000000,   -0.000000,    0.000000
   99    -0.003785,   -0.003494,    0.000584,   -0.000769,   -0.001470
  100    -0.000000,   -0.000000,    0.000000,    0.000000,   -0.000000
  101     0.001936,    0.001576,    0.000247,   -0.002532,   -0.000867
  102     0.000000,    0.000000,   -0.000000,   -0.000000,    0.000000
  103    -0.005007,   -0.004341,   -0.000063,    0.001169,   -0.002011
  104     0.068592,    0.059263,    0.012873,    0.038908,   -0.070665
  105     0.070523,    0.058928,    0.018968,    0.045720,   -0.078562
  106     0.013309,    0.012439,   -0.001051,    0.013332,   -0.019843
  107    -0.002159,   -0.001909,   -0.000225,    0.002739,    0.002356
  108     0.003903,    0.003418,    0.000494,    0.002362,   -0.000563
  109     0.006297,    0.005449,    0.001390,    0.003870,   -0.007157
  110    -0.002107,   -0.001076,   -0.001972,    0.005570,    0.001444
  111     0.004637,    0.004084,   -0.000025,    0.001733,    0.003970
  112     0.006996,    0.005114,    0.004025,    0.004592,   -0.006927
  113    -0.000494,   -0.000438,   -0.000043,    0.000786,   -0.000092
  114     0.001099,    0.001010,    0.000042,    0.000872,    0.000156
  115     0.000730,    0.000608,    0.000417,    0.000949,   -0.001702
  116    -0.000594,   -0.000439,   -0.000327,    0.001349,    0.000871
  117    -0.000320,   -0.000362,    0.000201,   -0.000718,   -0.000714
  118     0.068592,    0.059263,    0.012873,    0.038908,   -0.070665
  119     0.070523,    0.058928,    0.018968,    0.045720,   -0.078562
  120     0.013309,    0.012439,   -0.001051,    0.013332,   -0.019843
  121    -0.002159,   -0.001909,   -0.000225,    0.002739,    0.002356
  122     0.003903,    0.003418,    0.000494,    0.002362,   -0.000563
  123    -0.006297,   -0.005449,   -0.001390,   -0.003870,    0.007157
  124    -0.002107,   -0.001076,   -0.001972,    0.005570,    0.001444
  125     0.004637,    0.004084,   -0.000025,    0.001733,    0.003970
  126    -0.006996,   -0.005114,   -0.004025,   -0.004592,    0.006927
  127    -0.000494,   -0.000438,   -0.000043,    0.000786,   -0.000092
  128    -0.001099,   -0.001010,   -0.000042,   -0.000872,   -0.000156
  129     0.000730,    0.000608,    0.000417,    0.000949,   -0.001702
  130     0.000594,    0.000439,    0.000327,   -0.001349,   -0.000871
  131    -0.000320,   -0.000362,    0.000201,   -0.000718,   -0.000714
  132    -0.006728,    0.011104,   -0.006306,    0.024263,   -0.002793
  133    -0.013201,    0.017196,   -0.011653,    0.052426,   -0.006108
  134     0.018163,   -0.014945,    0.018172,   -0.095952,    0.011738
  135    -0.007916,   -0.034448,    0.015150,   -0.073147,    0.011466
  136    -0.003484,    0.018577,   -0.069743,    0.002700,    0.012141
  137     0.091549,    0.096941,   -0.039560,   -0.212764,    0.035075
  138    -0.011518,    0.009612,   -0.083573,    0.037360,    0.007837
  139     0.000000,    0.000000,   -0.000000,   -0.000000,    0.000000
  140     0.050879,    0.053804,   -0.024159,   -0.143072,    0.021713
  141    -0.005944,    0.008558,   -0.057177,    0.028133,    0.005649
  142    -0.000000,   -0.000000,   -0.000000,    0.000000,   -0.000000
  143     0.006135,    0.009847,   -0.015558,   -0.030421,    0.010335
  144    -0.003007,   -0.003322,   -0.005261,    0.010706,   -0.005612
  145     0.000000,   -0.000000,   -0.000000,    0.000000,   -0.000000
  146    -0.000468,   -0.000267,    0.000411,    0.000060,    0.006345
  147     0.000000,    0.000000,   -0.000000,    0.000000,    0.000000
  148    -0.003947,   -0.003653,   -0.000734,    0.006133,   -0.001848
  149    -0.000000,    0.000000,    0.000000,   -0.000000,   -0.000000
  150     0.006732,    0.005932,    0.000664,   -0.010517,    0.001727
  151    -0.001940,   -0.000560,   -0.002757,    0.001617,    0.011063
  152    -0.000000,   -0.000000,   -0.000000,    0.000000,   -0.000000
  153    -0.003595,   -0.003487,   -0.000211,    0.008659,   -0.000057
  154     0.000000,    0.000000,    0.000000,   -0.000000,    0.000000
  155     0.007583,    0.005742,    0.003978,   -0.009788,    0.002344
  156    -0.000860,   -0.000464,   -0.001504,    0.001212,    0.002969
  157    -0.000000,   -0.000000,    0.000000,   -0.000000,   -0.000000
  158     0.000055,   -0.000014,   -0.000299,   -0.000337,   -0.000709
  159    -0.000000,   -0.000000,   -0.000000,    0.000000,   -0.000000
  160    -0.000698,   -0.000745,    0.000842,    0.002345,   -0.000419
  161     0.000000,    0.000000,    0.000000,   -0.000000,    0.000000
  162     0.001118,    0.001008,   -0.000548,   -0.003409,    0.001193
  163    -0.012990,   -0.015845,   -0.008797,    0.021169,   -0.006024
  164    -0.015077,   -0.018701,   -0.007461,    0.026743,   -0.010970
  165    -0.003651,   -0.005549,    0.001213,    0.010146,   -0.006427
  166     0.000583,    0.000602,   -0.001122,   -0.002305,    0.000678
  167     0.000617,    0.001164,   -0.001016,   -0.000657,    0.000256
  168    -0.001357,   -0.001688,   -0.000683,    0.002284,   -0.000364
  169     0.002111,    0.002575,   -0.002954,   -0.005574,    0.001325
  170     0.000325,    0.002423,   -0.005783,    0.000609,    0.001007
  171    -0.001354,   -0.001843,   -0.000430,    0.001804,   -0.000295
  172    -0.000221,   -0.000213,    0.000175,    0.000653,    0.000080
  173     0.000125,    0.000433,   -0.000700,   -0.000171,    0.000177
  174    -0.000411,   -0.000349,   -0.000419,    0.000855,   -0.000157
  175     0.000372,    0.000442,   -0.000627,   -0.001040,    0.000522
  176     0.000380,    0.000581,   -0.000711,   -0.000509,    0.000317
  177    -0.012990,   -0.015845,   -0.008797,    0.021169,   -0.006024
  178    -0.015077,   -0.018701,   -0.007461,    0.026743,   -0.010970
  179    -0.003651,   -0.005549,    0.001213,    0.010146,   -0.006427
  180     0.000583,    0.000602,   -0.001122,   -0.002305,    0.000678
  181     0.000617,    0.001164,   -0.001016,   -0.000657,    0.000256
  182     0.001357,    0.001688,    0.000683,   -0.002284,    0.000364
  183     0.002111,    0.002575,   -0.002954,   -0.005574,    0.001325
  184     0.000325,    0.002423,   -0.005783,    0.000609,    0.001007
  185     0.001354,    0.001843,    0.000430,   -0.001804,    0.000295
  186    -0.000221,   -0.000213,    0.000175,    0.000653,    0.000080
  187    -0.000125,   -0.000433,    0.000700,    0.000171,   -0.000177
  188    -0.000411,   -0.000349,   -0.000419,    0.000855,   -0.000157
  189    -0.000372,   -0.000442,    0.000627,    0.001040,   -0.000522
  190     0.000380,    0.000581,   -0.000711,   -0.000509,    0.000317
  191    -0.000003,    0.000014,   -0.000045,    0.000000,    0.000004
  192    -0.000010,   -0.000025,    0.000022,   -0.000012,   -0.000004
  193     0.000379,   -0.002512,    0.007370,   -0.000255,   -0.000631
  194     0.004122,   -0.025418,    0.075866,   -0.002009,   -0.006714
  195    -0.010432,    0.074031,   -0.216477,    0.004573,    0.020733
  196    -0.002289,    0.014918,   -0.044922,    0.001681,    0.003764
  197    -0.000282,   -0.000259,   -0.000199,    0.000223,    0.000053
  198     0.000029,   -0.000160,    0.000642,    0.000044,    0.000063
  199     0.000000,   -0.000000,    0.000000,    0.000000,   -0.000000
  200     0.006592,    0.006058,    0.004676,   -0.005256,   -0.001247
  201    -0.000705,    0.003686,   -0.014960,   -0.001018,   -0.001485
  202    -0.000000,    0.000000,   -0.000000,   -0.000000,    0.000000
  203    -0.034703,   -0.031177,   -0.026180,    0.027923,    0.007111
  204     0.004229,   -0.017365,    0.074592,    0.004433,    0.008101
  205     0.000000,   -0.000000,    0.000000,    0.000000,   -0.000000
  206    -0.062162,   -0.058296,   -0.041183,    0.051095,    0.012083
  207     0.007601,   -0.036404,    0.148763,    0.010403,    0.014212
  208     0.000000,   -0.000000,    0.000000,   -0.000000,   -0.000000
  209    -0.027295,   -0.024919,   -0.019257,    0.027896,    0.005647
  210     0.007951,   -0.009176,    0.058356,   -0.002610,    0.005957
  211     0.000000,   -0.000000,    0.000000,   -0.000000,    0.000000
  212     0.000002,    0.000004,   -0.000001,    0.000001,    0.000004
  213     0.000000,   -0.000000,    0.000000,    0.000000,   -0.000000
  214    -0.000000,    0.000001,   -0.000003,   -0.000005,   -0.000000
  215    -0.000000,   -0.000000,   -0.000000,    0.000000,   -0.000000
  216     0.000010,    0.000012,   -0.000011,   -0.000017,    0.000000
  217    -0.000030,    0.000064,   -0.000220,    0.000173,   -0.000120
  218    -0.000000,    0.000000,   -0.000000,   -0.000000,    0.000000
  219    -0.000048,   -0.000164,    0.000304,    0.000118,   -0.000031
  220     0.000000,    0.000000,    0.000000,   -0.000000,    0.000000
  221    -0.000440,   -0.000579,    0.000540,    0.000768,   -0.000016
  222    -0.000724,   -0.002358,    0.003842,   -0.002126,    0.000372
  223     0.000000,   -0.000000,   -0.000000,    0.000000,   -0.000000
  224     0.000739,    0.002091,   -0.003476,   -0.000385,    0.000387
  225    -0.000000,   -0.000000,    0.000000,    0.000000,   -0.000000
  226     0.002682,    0.004134,   -0.004645,   -0.005285,   -0.000423
  227    -0.001413,   -0.005143,    0.009803,   -0.000517,   -0.000141
  228    -0.000000,   -0.000000,    0.000000,   -0.000000,    0.000000
  229     0.000613,    0.003254,   -0.007364,   -0.001199,    0.000788
  230     0.000000,   -0.000000,    0.000000,   -0.000000,    0.000000
  231     0.001283,    0.004020,   -0.008215,   -0.003353,   -0.001379
  232     0.000712,    0.001015,   -0.001304,   -0.002652,    0.000018
  233    -0.000000,   -0.000000,    0.000000,    0.000000,   -0.000000
  234     0.000548,    0.001486,   -0.002657,   -0.000764,    0.000033
  235     0.000000,    0.000000,   -0.000000,    0.000000,   -0.000000
  236     0.000064,    0.000519,   -0.001146,    0.000267,    0.000201
  237    -0.000000,    0.000000,    0.000000,    0.000000,   -0.000000
  238     0.001056,    0.002339,   -0.003525,   -0.000317,   -0.000789
                80,          81,          82,          83,          84
    0    -0.000000,   -0.001806,   -0.014735,    0.000000,   -0.001506
    1    -0.000000,   -0.006205,   -0.030652,    0.000000,   -0.002253
    2     0.000000,    0.017011,    0.052871,   -0.000000,    0.000897
    3    -0.000000,    0.015316,    0.041991,   -0.000000,    0.000225
    4    -0.000000,   -0.005914,   -0.000273,   -0.000000,    0.000806
    5    -0.000000,   -0.023637,   -0.063350,   -0.000000,   -0.007335
    6    -0.000000,   -0.053602,   -0.133550,    0.000000,   -0.011933
    7    -0.006294,   -0.000000,   -0.000000,   -0.010238,   -0.000000
    8     0.000000,   -0.012474,   -0.041699,    0.000000,   -0.003648
    9     0.000000,   -0.036136,   -0.085975,    0.000000,   -0.008438
   10    -0.008641,   -0.000000,   -0.000000,   -0.009921,   -0.000000
   11     0.000000,   -0.006505,   -0.007190,    0.000000,   -0.002568
   12     0.000000,   -0.006596,   -0.024358,    0.000000,   -0.001801
   13    -0.010727,    0.000000,   -0.000000,   -0.008491,   -0.000000
   14    -0.000000,    0.000090,    0.005960,   -0.000000,    0.000121
   15    -0.008063,    0.000000,   -0.000000,   -0.005713,   -0.000000
   16    -0.000000,   -0.000760,   -0.004024,    0.000000,   -0.000206
   17    -0.001853,    0.000000,    0.000000,   -0.001148,    0.000000
   18    -0.000000,   -0.004535,   -0.001348,   -0.000000,   -0.001062
   19    -0.000000,   -0.002207,    0.006770,   -0.000000,   -0.000323
   20    -0.019351,    0.000000,   -0.000000,   -0.013356,    0.000000
   21     0.000000,   -0.002353,   -0.002958,    0.000000,   -0.000955
   22    -0.003719,   -0.000000,    0.000000,   -0.002400,   -0.000000
   23     0.000000,   -0.005655,   -0.000337,    0.000000,   -0.001124
   24    -0.000000,    0.002000,   -0.000815,    0.000000,    0.000413
   25     0.002707,    0.000000,    0.000000,    0.001835,   -0.000000
   26    -0.000000,    0.000709,    0.001313,   -0.000000,    0.000108
   27    -0.002488,    0.000000,   -0.000000,   -0.001678,    0.000000
   28    -0.000000,   -0.000232,    0.000855,   -0.000000,   -0.000005
   29    -0.001857,    0.000000,    0.000000,   -0.001259,    0.000000
   30    -0.000000,    0.000612,    0.002159,   -0.000000,    0.000113
   31    -0.012657,   -0.003629,   -0.015623,   -0.010778,   -0.001127
   32    -0.014926,   -0.002834,   -0.022209,   -0.012821,   -0.000484
   33    -0.014372,    0.001468,   -0.007290,   -0.010615,    0.000186
   34    -0.000593,   -0.000469,   -0.001492,   -0.000469,   -0.000145
   35    -0.000299,   -0.000270,   -0.001090,   -0.000061,   -0.000039
   36     0.000502,    0.000602,    0.001614,    0.000463,    0.000154
   37     0.000785,   -0.000587,   -0.002784,    0.000503,   -0.000187
   38    -0.001289,   -0.001048,   -0.002560,   -0.000716,   -0.000398
   39    -0.001435,    0.000697,    0.001970,   -0.000924,    0.000032
   40     0.000003,   -0.000083,    0.000226,    0.000011,   -0.000003
   41     0.000125,    0.000007,    0.000497,    0.000059,    0.000015
   42    -0.000200,   -0.000182,   -0.000578,   -0.000124,   -0.000044
   43     0.000198,    0.000090,    0.000719,    0.000144,    0.000031
   44    -0.000362,   -0.000256,   -0.000544,   -0.000236,   -0.000062
   45     0.012657,   -0.003629,   -0.015623,    0.010778,   -0.001127
   46     0.014926,   -0.002834,   -0.022209,    0.012821,   -0.000484
   47     0.014372,    0.001468,   -0.007290,    0.010615,    0.000186
   48     0.000593,   -0.000469,   -0.001492,    0.000469,   -0.000145
   49     0.000299,   -0.000270,   -0.001090,    0.000061,   -0.000039
   50     0.000502,   -0.000602,   -0.001614,    0.000463,   -0.000154
   51    -0.000785,   -0.000587,   -0.002784,   -0.000503,   -0.000187
   52     0.001289,   -0.001048,   -0.002560,    0.000716,   -0.000398
   53    -0.001435,   -0.000697,   -0.001970,   -0.000924,   -0.000032
   54    -0.000003,   -0.000083,    0.000226,   -0.000011,   -0.000003
   55     0.000125,   -0.000007,   -0.000497,    0.000059,   -0.000015
   56     0.000200,   -0.000182,   -0.000578,    0.000124,   -0.000044
   57     0.000198,   -0.000090,   -0.000719,    0.000144,   -0.000031
   58     0.000362,   -0.000256,   -0.000544,    0.000236,   -0.000062
   59    -0.000000,   -0.009187,   -0.007808,   -0.000000,   -0.003331
   60    -0.000000,   -0.017945,   -0.009078,   -0.000000,   -0.005823
   61     0.000000,   -0.007442,   -0.002427,    0.000000,   -0.001692
   62     0.000000,    0.000344,    0.000476,    0.000000,    0.000216
   63     0.000000,   -0.001295,   -0.001994,    0.000000,   -0.000300
   64    -0.000130,    0.000000,   -0.000000,   -0.000175,   -0.000000
   65     0.000000,    0.001328,   -0.000291,    0.000000,    0.000582
   66    -0.000000,   -0.002348,   -0.003681,   -0.000000,   -0.000486
   67     0.000532,    0.000000,   -0.000000,    0.000196,   -0.000000
   68     0.000000,    0.000780,    0.000939,   -0.000000,    0.000170
   69    -0.000239,   -0.000000,    0.000000,   -0.000168,   -0.000000
   70    -0.000000,    0.000044,    0.000022,    0.000000,    0.000018
   71    -0.000155,   -0.000000,    0.000000,   -0.000067,    0.000000
   72    -0.000000,    0.000083,    0.000198,   -0.000000,   -0.000003
   73    -0.000000,    0.008625,   -0.015438,    0.000000,   -0.001248
   74    -0.000000,    0.011876,   -0.019959,    0.000000,   -0.002133
   75    -0.000000,   -0.001559,   -0.005528,   -0.000000,    0.002463
   76     0.000000,   -0.001287,    0.000293,   -0.000000,    0.004000
   77     0.000000,    0.007148,   -0.029350,    0.000000,   -0.003096
   78    -0.000000,    0.177597,   -0.012879,    0.000000,    0.039908
   79    -0.000000,   -0.014835,    0.192953,   -0.000000,   -0.002474
   80     0.336313,   -0.000000,    0.000000,    0.228908,   -0.000000
   81    -0.000000,    0.120037,   -0.011717,    0.000000,    0.027539
   82     0.000000,   -0.011717,    0.136466,   -0.000000,   -0.002526
   83     0.228908,    0.000000,   -0.000000,    0.156158,    0.000000
   84    -0.000000,    0.027539,   -0.002526,    0.000000,    0.007156
   85     0.000000,   -0.005011,    0.029221,    0.000000,   -0.002173
   86     0.069732,   -0.000000,    0.000000,    0.048127,   -0.000000
   87    -0.000000,    0.001771,    0.005681,   -0.000000,    0.000020
   88    -0.011737,    0.000000,   -0.000000,   -0.008167,    0.000000
   89     0.000000,    0.003912,   -0.006980,    0.000000,    0.000966
   90     0.005985,   -0.000000,    0.000000,    0.004202,   -0.000000
   91     0.000000,   -0.007745,   -0.001135,   -0.000000,   -0.001801
   92     0.000000,    0.004520,    0.005992,    0.000000,   -0.000100
   93    -0.009908,   -0.000000,    0.000000,   -0.007328,   -0.000000
   94    -0.000000,    0.004710,   -0.011417,   -0.000000,    0.001604
   95     0.005327,    0.000000,   -0.000000,    0.004000,    0.000000
   96     0.000000,   -0.009003,   -0.002827,   -0.000000,   -0.002477
   97    -0.000000,    0.000014,    0.000077,   -0.000000,    0.000160
   98     0.000052,   -0.000000,    0.000000,   -0.000006,   -0.000000
   99    -0.000000,   -0.000514,   -0.001038,    0.000000,   -0.000244
  100    -0.001201,    0.000000,    0.000000,   -0.000710,    0.000000
  101     0.000000,   -0.001724,   -0.000533,   -0.000000,   -0.000395
  102     0.000057,   -0.000000,    0.000000,   -0.000001,   -0.000000
  103    -0.000000,    0.000967,   -0.001691,   -0.000000,    0.000221
  104    -0.118988,    0.025401,   -0.046402,   -0.081324,    0.006400
  105    -0.143636,    0.028976,   -0.050233,   -0.097942,    0.006505
  106    -0.043597,    0.008905,   -0.012761,   -0.029900,    0.002336
  107     0.004215,    0.001873,    0.001520,    0.002863,    0.000410
  108    -0.007911,    0.001469,   -0.000191,   -0.005378,    0.000364
  109    -0.006697,    0.002508,   -0.004684,   -0.004572,    0.000614
  110     0.004476,    0.004066,    0.000452,    0.002961,    0.001192
  111    -0.007952,    0.000825,    0.003264,   -0.005338,    0.000176
  112    -0.002822,    0.002503,   -0.003799,   -0.001803,    0.000234
  113     0.000987,    0.000554,   -0.000112,    0.000667,    0.000120
  114    -0.001342,    0.000526,    0.000211,   -0.000908,    0.000130
  115     0.000675,    0.000613,   -0.001120,    0.000451,    0.000133
  116     0.000731,    0.000952,    0.000521,    0.000492,    0.000245
  117     0.000646,   -0.000464,   -0.000512,    0.000439,   -0.000126
  118     0.118988,    0.025401,   -0.046402,    0.081324,    0.006400
  119     0.143636,    0.028976,   -0.050233,    0.097942,    0.006505
  120     0.043597,    0.008905,   -0.012761,    0.029900,    0.002336
  121    -0.004215,    0.001873,    0.001520,   -0.002863,    0.000410
  122     0.007911,    0.001469,   -0.000191,    0.005378,    0.000364
  123    -0.006697,   -0.002508,    0.004684,   -0.004572,   -0.000614
  124    -0.004476,    0.004066,    0.000452,   -0.002961,    0.001192
  125     0.007952,    0.000825,    0.003264,    0.005338,    0.000176
  126    -0.002822,   -0.002503,    0.003799,   -0.001803,   -0.000234
  127    -0.000987,    0.000554,   -0.000112,   -0.000667,    0.000120
  128    -0.001342,   -0.000526,   -0.000211,   -0.000908,   -0.000130
  129    -0.000675,    0.000613,   -0.001120,   -0.000451,    0.000133
  130     0.000731,   -0.000952,   -0.000521,    0.000492,   -0.000245
  131    -0.000646,   -0.000464,   -0.000512,   -0.000439,   -0.000126
  132    -0.000000,    0.015478,   -0.005125,    0.000000,    0.006195
  133    -0.000000,    0.033089,   -0.009473,    0.000000,    0.010868
  134     0.000000,   -0.059645,    0.013120,   -0.000000,   -0.012914
  135    -0.000000,   -0.044580,    0.011333,   -0.000000,   -0.010371
  136    -0.000000,    0.007800,    0.004679,   -0.000000,    0.008308
  137     0.000000,   -0.146086,    0.029472,   -0.000000,   -0.031297
  138    -0.000000,    0.036401,   -0.003963,    0.000000,    0.020181
  139    -0.003630,    0.000000,   -0.000000,   -0.009452,    0.000000
  140    -0.000000,   -0.097617,    0.017608,   -0.000000,   -0.020865
  141     0.000000,    0.026364,   -0.002309,    0.000000,    0.014143
  142    -0.011665,    0.000000,   -0.000000,   -0.012684,    0.000000
  143    -0.000000,   -0.020579,    0.008419,   -0.000000,   -0.004236
  144     0.000000,    0.008253,   -0.004225,    0.000000,    0.002821
  145    -0.012891,    0.000000,   -0.000000,   -0.010408,    0.000000
  146    -0.000000,   -0.000173,    0.004340,   -0.000000,   -0.000137
  147    -0.002622,    0.000000,   -0.000000,   -0.001987,    0.000000
  148     0.000000,    0.004487,   -0.001590,    0.000000,    0.001181
  149     0.008074,   -0.000000,    0.000000,    0.005656,   -0.000000
  150     0.000000,   -0.007234,    0.001288,   -0.000000,   -0.001493
  151     0.000000,    0.001347,    0.006814,    0.000000,    0.000748
  152    -0.008858,    0.000000,   -0.000000,   -0.005966,    0.000000
  153     0.000000,    0.005831,    0.000194,    0.000000,    0.001163
  154     0.020606,   -0.000000,    0.000000,    0.014225,   -0.000000
  155    -0.000000,   -0.006590,    0.001147,   -0.000000,   -0.001137
  156     0.000000,    0.000827,    0.002118,    0.000000,    0.000215
  157    -0.000350,   -0.000000,    0.000000,   -0.000257,   -0.000000
  158     0.000000,   -0.000138,   -0.000470,    0.000000,    0.000006
  159    -0.002620,    0.000000,   -0.000000,   -0.001741,    0.000000
  160     0.000000,    0.001524,   -0.000358,    0.000000,    0.000269
  161     0.003419,   -0.000000,    0.000000,    0.002325,   -0.000000
  162    -0.000000,   -0.002240,    0.000883,   -0.000000,   -0.000421
  163     0.012278,    0.018072,   -0.005764,    0.010852,    0.006354
  164     0.009693,    0.022237,   -0.009619,    0.009598,    0.007504
  165     0.013757,    0.007550,   -0.004501,    0.010099,    0.001884
  166    -0.000639,   -0.001436,    0.000484,   -0.000333,   -0.000207
  167    -0.000271,   -0.000483,    0.000150,   -0.000339,   -0.000048
  168     0.000417,    0.001901,   -0.000419,    0.000425,    0.000640
  169    -0.001421,   -0.003592,    0.000961,   -0.000830,   -0.000546
  170     0.001990,    0.000724,    0.000432,    0.001174,    0.000645
  171    -0.002788,    0.001679,   -0.000526,   -0.001805,    0.000657
  172     0.000364,    0.000436,    0.000018,    0.000236,    0.000098
  173    -0.000040,   -0.000098,    0.000093,   -0.000050,    0.000034
  174     0.000163,    0.000676,   -0.000176,    0.000091,    0.000218
  175    -0.000288,   -0.000659,    0.000372,   -0.000174,   -0.000092
  176    -0.000188,   -0.000309,    0.000199,   -0.000135,    0.000001
  177    -0.012278,    0.018072,   -0.005764,   -0.010852,    0.006354
  178    -0.009693,    0.022237,   -0.009619,   -0.009598,    0.007504
  179    -0.013757,    0.007550,   -0.004501,   -0.010099,    0.001884
  180     0.000639,   -0.001436,    0.000484,    0.000333,   -0.000207
  181     0.000271,   -0.000483,    0.000150,    0.000339,   -0.000048
  182     0.000417,   -0.001901,    0.000419,    0.000425,   -0.000640
  183     0.001421,   -0.003592,    0.000961,    0.000830,   -0.000546
  184    -0.001990,    0.000724,    0.000432,   -0.001174,    0.000645
  185    -0.002788,   -0.001679,    0.000526,   -0.001805,   -0.000657
  186    -0.000364,    0.000436,    0.000018,   -0.000236,    0.000098
  187    -0.000040,    0.000098,   -0.000093,   -0.000050,   -0.000034
  188    -0.000163,    0.000676,   -0.000176,   -0.000091,    0.000218
  189    -0.000288,    0.000659,   -0.000372,   -0.000174,    0.000092
  190     0.000188,   -0.000309,    0.000199,    0.000135,    0.000001
  191    -0.000000,    0.000004,    0.000000,   -0.000000,    0.000004
  192    -0.000000,   -0.000005,   -0.000001,   -0.000000,   -0.000004
  193    -0.000000,   -0.000779,   -0.000007,   -0.000000,   -0.000718
  194     0.000000,   -0.007747,   -0.000213,    0.000000,   -0.007336
  195    -0.000000,    0.021142,    0.001323,   -0.000000,    0.021023
  196     0.000000,    0.004687,    0.000942,    0.000000,    0.003827
  197    -0.000000,    0.000121,    0.000139,    0.000000,   -0.000025
  198    -0.000000,   -0.000001,    0.000033,   -0.000000,   -0.000035
  199    -0.000077,   -0.000000,    0.000000,   -0.000084,   -0.000000
  200     0.000000,   -0.002865,   -0.003254,   -0.000000,    0.000573
  201     0.000000,    0.000029,   -0.000786,    0.000000,    0.000811
  202     0.001794,    0.000000,   -0.000000,    0.001954,    0.000000
  203    -0.000000,    0.015468,    0.017134,    0.000000,   -0.002642
  204    -0.000000,   -0.000512,    0.004065,   -0.000000,   -0.003965
  205    -0.009608,   -0.000000,    0.000000,   -0.010317,   -0.000000
  206     0.000000,    0.027559,    0.031588,    0.000000,   -0.005766
  207     0.000000,   -0.000530,    0.008216,   -0.000000,   -0.008444
  208    -0.016506,   -0.000000,    0.000000,   -0.018188,   -0.000000
  209     0.000000,    0.016218,    0.013101,    0.000000,   -0.000859
  210    -0.000000,   -0.004875,    0.002999,   -0.000000,   -0.003902
  211    -0.005351,   -0.000000,    0.000000,   -0.006265,   -0.000000
  212    -0.000000,   -0.000000,    0.000005,   -0.000000,   -0.000001
  213     0.000001,    0.000000,   -0.000000,    0.000000,    0.000000
  214    -0.000000,   -0.000003,   -0.000002,   -0.000000,    0.000000
  215    -0.000002,    0.000000,   -0.000000,   -0.000001,    0.000000
  216    -0.000000,   -0.000011,    0.000001,   -0.000000,   -0.000002
  217     0.000000,    0.000166,   -0.000189,    0.000000,    0.000112
  218     0.000017,   -0.000000,    0.000000,    0.000044,   -0.000000
  219     0.000000,    0.000049,    0.000039,    0.000000,   -0.000044
  220     0.000020,   -0.000000,    0.000000,    0.000030,   -0.000000
  221     0.000000,    0.000523,   -0.000041,    0.000000,    0.000087
  222    -0.000000,   -0.001874,    0.001085,   -0.000000,   -0.001154
  223    -0.000882,    0.000000,   -0.000000,   -0.000888,    0.000000
  224    -0.000000,   -0.000026,   -0.000128,   -0.000000,    0.000444
  225     0.000399,    0.000000,   -0.000000,    0.000136,    0.000000
  226    -0.000000,   -0.003569,   -0.000114,   -0.000000,   -0.000574
  227     0.000000,   -0.001320,    0.001094,    0.000000,   -0.001546
  228    -0.000440,   -0.000000,    0.000000,   -0.000572,   -0.000000
  229     0.000000,   -0.000230,   -0.000018,    0.000000,    0.000680
  230     0.001930,   -0.000000,    0.000000,    0.001197,   -0.000000
  231     0.000000,   -0.001892,   -0.000965,    0.000000,    0.000058
  232     0.000000,   -0.001884,    0.000300,   -0.000000,   -0.000502
  233     0.000206,    0.000000,   -0.000000,    0.000035,   -0.000000
  234     0.000000,   -0.000337,   -0.000166,    0.000000,    0.000200
  235    -0.000241,   -0.000000,   -0.000000,   -0.000059,    0.000000
  236    -0.000000,    0.000309,   -0.000059,    0.000000,    0.000251
  237     0.000833,    0.000000,    0.000000,    0.000654,    0.000000
  238     0.000000,    0.000065,   -0.000881,    0.000000,    0.000442
                85,          86,          87,          88,          89
    0    -0.003291,   -0.000000,   -0.001445,   -0.000000,    0.001055
    1    -0.005843,   -0.000000,   -0.003021,    0.000000,    0.002140
    2     0.006884,    0.000000,    0.005327,   -0.000000,   -0.003581
    3     0.008921,    0.000000,    0.004521,    0.000000,   -0.002872
    4    -0.014550,   -0.000000,   -0.001098,    0.000000,   -0.000154
    5    -0.012125,    0.000000,   -0.000016,   -0.000000,    0.000775
    6    -0.031523,    0.000000,   -0.008270,   -0.000000,    0.005360
    7    -0.000000,   -0.006885,    0.000000,    0.007748,   -0.000000
    8    -0.009440,    0.000000,   -0.000213,    0.000000,    0.000638
    9    -0.020997,    0.000000,   -0.005255,   -0.000000,    0.003415
   10    -0.000000,   -0.005953,   -0.000000,    0.005388,    0.000000
   11     0.001919,    0.000000,    0.000509,   -0.000000,   -0.000193
   12    -0.002286,    0.000000,   -0.001254,   -0.000000,    0.001070
   13    -0.000000,   -0.003724,   -0.000000,    0.001797,    0.000000
   14     0.001353,   -0.000000,    0.000226,    0.000000,   -0.000268
   15    -0.000000,   -0.001908,   -0.000000,    0.000550,   -0.000000
   16    -0.000930,    0.000000,   -0.000254,   -0.000000,    0.000205
   17     0.000000,   -0.000298,    0.000000,   -0.000072,   -0.000000
   18    -0.000306,    0.000000,   -0.000077,    0.000000,   -0.000111
   19     0.001890,   -0.000000,    0.000205,    0.000000,   -0.000369
   20    -0.000000,   -0.004209,   -0.000000,    0.000909,    0.000000
   21    -0.000411,    0.000000,   -0.000038,   -0.000000,    0.000074
   22     0.000000,   -0.000559,    0.000000,   -0.000012,   -0.000000
   23    -0.000709,    0.000000,   -0.000233,    0.000000,   -0.000159
   24    -0.000134,   -0.000000,    0.000037,   -0.000000,    0.000088
   25     0.000000,    0.000571,    0.000000,   -0.000086,   -0.000000
   26     0.000312,   -0.000000,    0.000105,    0.000000,   -0.000058
   27    -0.000000,   -0.000511,   -0.000000,    0.000070,    0.000000
   28     0.000184,   -0.000000,    0.000009,    0.000000,   -0.000038
   29    -0.000000,   -0.000382,    0.000000,    0.000048,   -0.000000
   30     0.000517,   -0.000000,    0.000134,    0.000000,   -0.000098
   31    -0.005064,   -0.004646,   -0.000908,    0.003135,    0.000634
   32    -0.006794,   -0.005357,   -0.001469,    0.003798,    0.001066
   33    -0.001399,   -0.003443,   -0.000366,    0.001550,    0.000435
   34    -0.000339,   -0.000181,   -0.000030,    0.000102,    0.000035
   35    -0.000186,    0.000071,   -0.000063,   -0.000169,    0.000052
   36     0.000516,    0.000221,    0.000102,   -0.000169,   -0.000061
   37    -0.000489,    0.000053,   -0.000037,    0.000025,    0.000075
   38    -0.000177,   -0.000236,   -0.000084,   -0.000159,    0.000093
   39     0.000713,   -0.000345,    0.000171,   -0.000019,   -0.000085
   40     0.000018,    0.000018,   -0.000010,   -0.000015,   -0.000006
   41     0.000062,    0.000015,    0.000018,    0.000029,   -0.000024
   42    -0.000136,   -0.000031,   -0.000035,   -0.000008,    0.000025
   43     0.000160,    0.000053,    0.000017,   -0.000017,   -0.000023
   44    -0.000106,   -0.000072,   -0.000027,   -0.000004,    0.000017
   45    -0.005064,    0.004646,   -0.000908,   -0.003135,    0.000634
   46    -0.006794,    0.005357,   -0.001469,   -0.003798,    0.001066
   47    -0.001399,    0.003443,   -0.000366,   -0.001550,    0.000435
   48    -0.000339,    0.000181,   -0.000030,   -0.000102,    0.000035
   49    -0.000186,   -0.000071,   -0.000063,    0.000169,    0.000052
   50    -0.000516,    0.000221,   -0.000102,   -0.000169,    0.000061
   51    -0.000489,   -0.000053,   -0.000037,   -0.000025,    0.000075
   52    -0.000177,    0.000236,   -0.000084,    0.000159,    0.000093
   53    -0.000713,   -0.000345,   -0.000171,   -0.000019,    0.000085
   54     0.000018,   -0.000018,   -0.000010,    0.000015,   -0.000006
   55    -0.000062,    0.000015,   -0.000018,    0.000029,    0.000024
   56    -0.000136,    0.000031,   -0.000035,    0.000008,    0.000025
   57    -0.000160,    0.000053,   -0.000017,   -0.000017,    0.000023
   58    -0.000106,    0.000072,   -0.000027,    0.000004,    0.000017
   59    -0.001891,    0.000000,    0.001361,    0.000000,   -0.000880
   60    -0.000958,    0.000000,    0.001728,   -0.000000,   -0.001252
   61    -0.000358,    0.000000,    0.000179,   -0.000000,   -0.000355
   62     0.000130,   -0.000000,   -0.000166,    0.000000,    0.000086
   63    -0.000470,    0.000000,   -0.000115,   -0.000000,    0.000055
   64    -0.000000,   -0.000111,   -0.000000,    0.000117,    0.000000
   65    -0.000369,    0.000000,   -0.000282,    0.000000,    0.000158
   66    -0.000805,   -0.000000,   -0.000235,    0.000000,    0.000118
   67    -0.000000,   -0.000066,    0.000000,    0.000193,   -0.000000
   68     0.000211,   -0.000000,    0.000066,   -0.000000,   -0.000024
   69     0.000000,   -0.000058,    0.000000,    0.000014,   -0.000000
   70     0.000026,   -0.000000,   -0.000012,    0.000000,    0.000008
   71     0.000000,    0.000006,   -0.000000,   -0.000046,    0.000000
   72     0.000052,   -0.000000,    0.000042,   -0.000000,   -0.000022
   73     0.001177,    0.000000,   -0.000306,   -0.000000,    0.000569
   74     0.002040,    0.000000,   -0.000319,   -0.000000,    0.000722
   75    -0.001867,   -0.000000,   -0.000531,    0.000000,    0.000361
   76    -0.006765,   -0.000000,   -0.001022,   -0.000000,    0.000418
   77     0.016166,    0.000000,    0.001267,   -0.000000,    0.001315
   78    -0.005080,   -0.000000,    0.003301,   -0.000000,    0.005535
   79     0.042156,    0.000000,    0.007721,    0.000000,   -0.009769
   80     0.000000,    0.069732,   -0.000000,   -0.011737,    0.000000
   81    -0.005011,   -0.000000,    0.001771,    0.000000,    0.003912
   82     0.029221,    0.000000,    0.005681,   -0.000000,   -0.006980
   83     0.000000,    0.048127,   -0.000000,   -0.008167,    0.000000
   84    -0.002173,   -0.000000,    0.000020,    0.000000,    0.000966
   85     0.013829,    0.000000,    0.001780,   -0.000000,   -0.001610
   86     0.000000,    0.016942,   -0.000000,   -0.002531,   -0.000000
   87     0.001780,   -0.000000,    0.000541,    0.000000,   -0.000281
   88    -0.000000,   -0.002531,    0.000000,    0.000603,   -0.000000
   89    -0.001610,   -0.000000,   -0.000281,   -0.000000,    0.000475
   90     0.000000,    0.001329,   -0.000000,   -0.000218,    0.000000
   91    -0.000048,    0.000000,   -0.000142,    0.000000,   -0.000200
   92     0.002061,    0.000000,    0.001037,   -0.000000,   -0.000322
   93    -0.000000,   -0.002338,    0.000000,    0.000929,   -0.000000
   94    -0.002150,   -0.000000,   -0.000690,    0.000000,    0.000778
   95     0.000000,    0.001214,   -0.000000,   -0.000266,    0.000000
   96     0.000641,    0.000000,    0.000013,   -0.000000,   -0.000226
   97    -0.000249,    0.000000,   -0.000055,    0.000000,   -0.000007
   98     0.000000,   -0.000050,    0.000000,    0.000053,   -0.000000
   99    -0.000033,   -0.000000,   -0.000001,    0.000000,    0.000024
  100     0.000000,   -0.000155,   -0.000000,   -0.000037,    0.000000
  101    -0.000093,    0.000000,   -0.000066,    0.000000,   -0.000019
  102     0.000000,   -0.000016,   -0.000000,   -0.000020,   -0.000000
  103    -0.000376,   -0.000000,   -0.000084,    0.000000,    0.000115
  104    -0.011509,   -0.024692,   -0.001666,    0.004453,    0.003037
  105    -0.011356,   -0.029314,   -0.001459,    0.005286,    0.003245
  106    -0.004806,   -0.007280,   -0.000646,    0.002068,    0.000914
  107     0.000344,    0.000878,    0.000103,   -0.000152,   -0.000025
  108    -0.000027,   -0.001637,    0.000025,    0.000265,    0.000052
  109    -0.001106,   -0.001401,   -0.000154,    0.000244,    0.000303
  110    -0.000380,    0.000611,   -0.000009,   -0.000145,    0.000114
  111     0.000731,   -0.001601,    0.000196,    0.000220,   -0.000146
  112    -0.000280,   -0.000436,    0.000065,    0.000027,    0.000217
  113    -0.000056,    0.000208,    0.000008,   -0.000033,    0.000019
  114     0.000035,   -0.000266,    0.000023,    0.000043,    0.000004
  115    -0.000220,    0.000128,   -0.000031,   -0.000018,    0.000072
  116     0.000044,    0.000136,    0.000029,   -0.000027,    0.000002
  117    -0.000067,    0.000145,   -0.000026,   -0.000016,    0.000010
  118    -0.011509,    0.024692,   -0.001666,   -0.004453,    0.003037
  119    -0.011356,    0.029314,   -0.001459,   -0.005286,    0.003245
  120    -0.004806,    0.007280,   -0.000646,   -0.002068,    0.000914
  121     0.000344,   -0.000878,    0.000103,    0.000152,   -0.000025
  122    -0.000027,    0.001637,    0.000025,   -0.000265,    0.000052
  123     0.001106,   -0.001401,    0.000154,    0.000244,   -0.000303
  124    -0.000380,   -0.000611,   -0.000009,    0.000145,    0.000114
  125     0.000731,    0.001601,    0.000196,   -0.000220,   -0.000146
  126     0.000280,   -0.000436,   -0.000065,    0.000027,   -0.000217
  127    -0.000056,   -0.000208,    0.000008,    0.000033,    0.000019
  128    -0.000035,   -0.000266,   -0.000023,    0.000043,   -0.000004
  129    -0.000220,   -0.000128,   -0.000031,    0.000018,    0.000072
  130    -0.000044,    0.000136,   -0.000029,   -0.000027,   -0.000002
  131    -0.000067,   -0.000145,   -0.000026,    0.000016,    0.000010
  132     0.000162,    0.000000,    0.000281,   -0.000000,    0.001116
  133    -0.001354,    0.000000,    0.000639,   -0.000000,    0.002251
  134     0.008232,   -0.000000,   -0.001184,   -0.000000,   -0.003713
  135     0.006825,   -0.000000,   -0.000524,    0.000000,   -0.003107
  136    -0.018338,   -0.000000,   -0.002505,    0.000000,    0.000329
  137    -0.000395,    0.000000,   -0.002237,    0.000000,   -0.005045
  138    -0.023374,    0.000000,   -0.006772,   -0.000000,    0.002041
  139    -0.000000,   -0.005830,    0.000000,    0.002395,   -0.000000
  140     0.000175,   -0.000000,   -0.001745,    0.000000,   -0.003293
  141    -0.015963,    0.000000,   -0.004663,   -0.000000,    0.001445
  142    -0.000000,   -0.004936,    0.000000,    0.002010,    0.000000
  143    -0.002185,   -0.000000,   -0.000339,    0.000000,   -0.000944
  144    -0.003074,    0.000000,   -0.001003,   -0.000000,    0.000486
  145    -0.000000,   -0.005026,    0.000000,    0.000813,    0.000000
  146     0.001404,   -0.000000,    0.000290,    0.000000,   -0.000210
  147    -0.000000,   -0.000243,    0.000000,    0.000217,   -0.000000
  148    -0.000705,    0.000000,   -0.000123,   -0.000000,    0.000197
  149     0.000000,    0.001913,   -0.000000,   -0.000322,    0.000000
  150     0.000860,   -0.000000,   -0.000123,    0.000000,   -0.000241
  151     0.001446,    0.000000,    0.000187,   -0.000000,   -0.000241
  152    -0.000000,   -0.000097,    0.000000,    0.000488,    0.000000
  153    -0.000323,    0.000000,    0.000143,   -0.000000,    0.000116
  154     0.000000,    0.004328,   -0.000000,   -0.000792,   -0.000000
  155     0.002210,   -0.000000,   -0.000178,    0.000000,   -0.000205
  156     0.000046,    0.000000,    0.000071,   -0.000000,   -0.000078
  157     0.000000,   -0.000244,   -0.000000,    0.000010,   -0.000000
  158    -0.000233,    0.000000,   -0.000035,   -0.000000,    0.000008
  159    -0.000000,   -0.000365,    0.000000,    0.000090,    0.000000
  160     0.000121,    0.000000,    0.000050,   -0.000000,    0.000063
  161     0.000000,    0.000798,   -0.000000,   -0.000108,   -0.000000
  162     0.000167,   -0.000000,   -0.000036,    0.000000,   -0.000110
  163    -0.004529,    0.003810,   -0.001453,   -0.001332,    0.000601
  164    -0.005219,    0.004075,   -0.001775,   -0.001421,    0.000920
  165    -0.001274,    0.001882,   -0.000325,   -0.000966,    0.000357
  166    -0.000170,   -0.000086,   -0.000086,   -0.000014,   -0.000064
  167    -0.000220,   -0.000203,   -0.000032,    0.000057,    0.000002
  168    -0.000349,    0.000162,   -0.000132,   -0.000064,    0.000056
  169    -0.000528,   -0.000249,   -0.000185,   -0.000033,   -0.000127
  170    -0.001542,   -0.000253,   -0.000217,   -0.000081,    0.000057
  171    -0.000225,   -0.000138,   -0.000175,    0.000095,    0.000060
  172     0.000061,    0.000088,    0.000012,   -0.000010,    0.000013
  173    -0.000160,   -0.000049,   -0.000025,    0.000007,    0.000003
  174    -0.000179,    0.000001,   -0.000037,   -0.000000,    0.000027
  175    -0.000070,   -0.000042,   -0.000032,    0.000001,   -0.000034
  176    -0.000135,   -0.000094,   -0.000035,    0.000001,   -0.000010
  177    -0.004529,   -0.003810,   -0.001453,    0.001332,    0.000601
  178    -0.005219,   -0.004075,   -0.001775,    0.001421,    0.000920
  179    -0.001274,   -0.001882,   -0.000325,    0.000966,    0.000357
  180    -0.000170,    0.000086,   -0.000086,    0.000014,   -0.000064
  181    -0.000220,    0.000203,   -0.000032,   -0.000057,    0.000002
  182     0.000349,    0.000162,    0.000132,   -0.000064,   -0.000056
  183    -0.000528,    0.000249,   -0.000185,    0.000033,   -0.000127
  184    -0.001542,    0.000253,   -0.000217,    0.000081,    0.000057
  185     0.000225,   -0.000138,    0.000175,    0.000095,   -0.000060
  186     0.000061,   -0.000088,    0.000012,    0.000010,    0.000013
  187     0.000160,   -0.000049,    0.000025,    0.000007,   -0.000003
  188    -0.000179,   -0.000001,   -0.000037,    0.000000,    0.000027
  189     0.000070,   -0.000042,    0.000032,    0.000001,    0.000034
  190    -0.000135,    0.000094,   -0.000035,   -0.000001,   -0.000010
  191    -0.000013,    0.000000,    0.000000,    0.000000,    0.000000
  192     0.000005,   -0.000000,    0.000003,    0.000000,   -0.000002
  193     0.002091,   -0.000000,    0.000036,   -0.000000,   -0.000036
  194     0.021473,   -0.000000,    0.000296,   -0.000000,   -0.000317
  195    -0.060763,    0.000000,   -0.001295,    0.000000,    0.000975
  196    -0.013023,    0.000000,    0.000319,   -0.000000,    0.000037
  197    -0.000093,    0.000000,    0.000026,   -0.000000,   -0.000010
  198     0.000216,   -0.000000,    0.000027,    0.000000,   -0.000005
  199     0.000000,   -0.000188,   -0.000000,   -0.000003,    0.000000
  200     0.002167,   -0.000000,   -0.000596,    0.000000,    0.000226
  201    -0.005044,    0.000000,   -0.000632,   -0.000000,    0.000119
  202    -0.000000,    0.004381,    0.000000,    0.000072,   -0.000000
  203    -0.011683,    0.000000,    0.003013,   -0.000000,   -0.001146
  204     0.025413,   -0.000000,    0.003117,    0.000000,   -0.000585
  205     0.000000,   -0.022835,   -0.000000,   -0.000379,    0.000000
  206    -0.019644,    0.000000,    0.005830,   -0.000000,   -0.002194
  207     0.049886,   -0.000000,    0.006267,   -0.000000,   -0.001208
  208     0.000000,   -0.041545,   -0.000000,   -0.000711,    0.000000
  209    -0.008753,    0.000000,    0.002071,   -0.000000,   -0.000693
  210     0.020061,   -0.000000,    0.001896,    0.000000,   -0.000445
  211     0.000000,   -0.017226,   -0.000000,   -0.000479,   -0.000000
  212     0.000000,   -0.000000,    0.000001,    0.000000,   -0.000000
  213     0.000000,   -0.000001,    0.000000,   -0.000000,    0.000000
  214    -0.000001,   -0.000000,   -0.000001,    0.000000,    0.000000
  215    -0.000000,   -0.000001,    0.000000,    0.000000,    0.000000
  216    -0.000003,   -0.000000,   -0.000001,    0.000000,   -0.000000
  217    -0.000073,    0.000000,   -0.000062,   -0.000000,    0.000027
  218     0.000000,    0.000074,   -0.000000,   -0.000005,   -0.000000
  219     0.000069,   -0.000000,    0.000043,   -0.000000,   -0.000010
  220     0.000000,    0.000031,   -0.000000,   -0.000004,   -0.000000
  221     0.000148,   -0.000000,    0.000036,   -0.000000,    0.000009
  222     0.001084,   -0.000000,    0.000468,    0.000000,   -0.000217
  223    -0.000000,   -0.000795,    0.000000,    0.000077,    0.000000
  224    -0.000870,    0.000000,   -0.000298,    0.000000,    0.000080
  225     0.000000,   -0.000228,    0.000000,    0.000002,    0.000000
  226    -0.001416,    0.000000,   -0.000264,    0.000000,   -0.000037
  227     0.002704,   -0.000000,    0.000577,   -0.000000,   -0.000217
  228    -0.000000,   -0.000901,   -0.000000,    0.000040,   -0.000000
  229    -0.001956,    0.000000,   -0.000345,   -0.000000,    0.000068
  230     0.000000,   -0.000080,   -0.000000,   -0.000080,   -0.000000
  231    -0.002755,    0.000000,   -0.000332,   -0.000000,    0.000051
  232    -0.000410,    0.000000,   -0.000000,   -0.000000,   -0.000070
  233     0.000000,   -0.000239,   -0.000000,    0.000003,    0.000000
  234    -0.000743,    0.000000,   -0.000172,    0.000000,    0.000036
  235    -0.000000,    0.000227,    0.000000,   -0.000003,    0.000000
  236    -0.000266,    0.000000,   -0.000095,    0.000000,    0.000034
  237     0.000000,    0.000367,    0.000000,   -0.000046,    0.000000
  238    -0.001146,    0.000000,   -0.000276,   -0.000000,    0.000101
                90,          91,          92,          93,          94
    0     0.000000,    0.000962,   -0.003097,   -0.000000,    0.003653
    1     0.000000,    0.002014,   -0.005574,   -0.000000,    0.006147
    2     0.000000,   -0.003442,    0.007208,    0.000000,   -0.006368
    3     0.000000,   -0.002969,    0.006264,    0.000000,   -0.004807
    4    -0.000000,    0.000212,   -0.002326,    0.000000,   -0.000150
    5     0.000000,    0.008997,    0.003575,    0.000000,    0.002000
    6     0.000000,    0.001754,   -0.013752,   -0.000000,    0.012114
    7     0.002165,    0.000000,   -0.000000,    0.021643,    0.000000
    8     0.000000,    0.005852,    0.001879,    0.000000,    0.001648
    9     0.000000,    0.001242,   -0.008105,   -0.000000,    0.006980
   10     0.001512,    0.000000,   -0.000000,    0.014683,    0.000000
   11     0.000000,    0.001837,    0.001663,    0.000000,   -0.000368
   12     0.000000,    0.000095,   -0.002131,   -0.000000,    0.002400
   13     0.000300,    0.000000,   -0.000000,    0.004335,    0.000000
   14    -0.000000,   -0.000088,    0.000207,    0.000000,   -0.000480
   15    -0.000073,    0.000000,   -0.000000,    0.001006,    0.000000
   16    -0.000000,   -0.000103,   -0.000405,   -0.000000,    0.000402
   17    -0.000059,   -0.000000,    0.000000,   -0.000344,   -0.000000
   18     0.000000,    0.000528,   -0.000123,    0.000000,   -0.000022
   19    -0.000000,   -0.000001,   -0.000032,    0.000000,   -0.000459
   20    -0.000265,   -0.000000,   -0.000000,    0.001232,    0.000000
   21     0.000000,    0.000061,    0.000296,   -0.000000,   -0.000170
   22    -0.000116,    0.000000,    0.000000,   -0.000290,   -0.000000
   23     0.000000,    0.000528,   -0.000545,    0.000000,    0.000048
   24    -0.000000,   -0.000098,    0.000154,   -0.000000,    0.000068
   25     0.000043,   -0.000000,    0.000000,   -0.000053,   -0.000000
   26    -0.000000,   -0.000085,    0.000155,    0.000000,   -0.000124
   27    -0.000042,   -0.000000,   -0.000000,    0.000021,    0.000000
   28    -0.000000,   -0.000001,   -0.000020,    0.000000,   -0.000061
   29    -0.000050,   -0.000000,    0.000000,    0.000013,    0.000000
   30    -0.000000,   -0.000088,    0.000163,    0.000000,   -0.000172
   31     0.000537,   -0.001414,   -0.002085,    0.008073,    0.001522
   32     0.000524,   -0.001729,   -0.003307,    0.009876,    0.002572
   33    -0.000072,   -0.000615,   -0.000623,    0.003481,    0.000732
   34     0.000012,    0.000095,   -0.000010,    0.000251,    0.000082
   35    -0.000058,    0.000103,   -0.000059,   -0.000503,    0.000095
   36    -0.000036,    0.000123,    0.000231,   -0.000447,   -0.000155
   37     0.000077,    0.000193,    0.000007,    0.000102,    0.000191
   38    -0.000036,    0.000143,    0.000013,   -0.000570,    0.000115
   39    -0.000009,    0.000135,    0.000458,   -0.000174,   -0.000307
   40    -0.000012,   -0.000015,   -0.000031,   -0.000038,   -0.000010
   41     0.000008,   -0.000029,    0.000005,    0.000094,   -0.000040
   42    -0.000007,   -0.000019,   -0.000065,   -0.000039,    0.000055
   43     0.000001,   -0.000035,    0.000009,   -0.000035,   -0.000048
   44    -0.000014,    0.000035,   -0.000038,   -0.000035,    0.000044
   45    -0.000537,   -0.001414,   -0.002085,   -0.008073,    0.001522
   46    -0.000524,   -0.001729,   -0.003307,   -0.009876,    0.002572
   47     0.000072,   -0.000615,   -0.000623,   -0.003481,    0.000732
   48    -0.000012,    0.000095,   -0.000010,   -0.000251,    0.000082
   49     0.000058,    0.000103,   -0.000059,    0.000503,    0.000095
   50    -0.000036,   -0.000123,   -0.000231,   -0.000447,    0.000155
   51    -0.000077,    0.000193,    0.000007,   -0.000102,    0.000191
   52     0.000036,    0.000143,    0.000013,    0.000570,    0.000115
   53    -0.000009,   -0.000135,   -0.000458,   -0.000174,    0.000307
   54     0.000012,   -0.000015,   -0.000031,    0.000038,   -0.000010
   55     0.000008,    0.000029,   -0.000005,    0.000094,    0.000040
   56     0.000007,   -0.000019,   -0.000065,    0.000039,    0.000055
   57     0.000001,    0.000035,   -0.000009,   -0.000035,    0.000048
   58     0.000014,    0.000035,   -0.000038,    0.000035,    0.000044
   59     0.000000,    0.003446,    0.003264,    0.000000,   -0.001199
   60    -0.000000,    0.004731,    0.004401,   -0.000000,   -0.002100
   61     0.000000,    0.001539,    0.000317,   -0.000000,   -0.000149
   62     0.000000,   -0.000270,   -0.000386,   -0.000000,    0.000153
   63     0.000000,    0.000092,   -0.000191,   -0.000000,    0.000153
   64     0.000036,    0.000000,   -0.000000,    0.000322,    0.000000
   65     0.000000,   -0.000268,   -0.000685,    0.000000,    0.000443
   66    -0.000000,    0.000133,   -0.000456,   -0.000000,    0.000364
   67     0.000084,   -0.000000,   -0.000000,    0.000581,    0.000000
   68     0.000000,   -0.000045,    0.000124,    0.000000,   -0.000084
   69    -0.000003,    0.000000,    0.000000,    0.000023,   -0.000000
   70     0.000000,   -0.000015,   -0.000031,    0.000000,    0.000022
   71    -0.000022,    0.000000,    0.000000,   -0.000139,   -0.000000
   72    -0.000000,    0.000018,    0.000087,   -0.000000,   -0.000052
   73     0.000000,   -0.000233,   -0.003340,   -0.000000,    0.007716
   74     0.000000,   -0.000310,   -0.004512,   -0.000000,    0.011300
   75    -0.000000,   -0.000015,    0.000122,    0.000000,   -0.004603
   76     0.000000,   -0.000217,   -0.001452,    0.000000,   -0.003647
   77     0.000000,   -0.000163,    0.003908,   -0.000000,    0.001627
   78     0.000000,   -0.011697,    0.008336,   -0.000000,    0.005659
   79    -0.000000,   -0.001890,    0.006488,    0.000000,   -0.014072
   80     0.005985,    0.000000,    0.000000,   -0.009908,   -0.000000
   81    -0.000000,   -0.007745,    0.004520,   -0.000000,    0.004710
   82     0.000000,   -0.001135,    0.005992,    0.000000,   -0.011417
   83     0.004202,   -0.000000,    0.000000,   -0.007328,   -0.000000
   84    -0.000000,   -0.001801,   -0.000100,   -0.000000,    0.001604
   85     0.000000,   -0.000048,    0.002061,   -0.000000,   -0.002150
   86     0.001329,    0.000000,    0.000000,   -0.002338,   -0.000000
   87    -0.000000,   -0.000142,    0.001037,    0.000000,   -0.000690
   88    -0.000218,    0.000000,   -0.000000,    0.000929,    0.000000
   89     0.000000,   -0.000200,   -0.000322,   -0.000000,    0.000778
   90     0.000299,   -0.000000,    0.000000,   -0.000291,   -0.000000
   91    -0.000000,    0.000724,   -0.000184,    0.000000,   -0.000260
   92     0.000000,   -0.000184,    0.002677,   -0.000000,   -0.001555
   93    -0.000291,    0.000000,   -0.000000,    0.002093,   -0.000000
   94    -0.000000,   -0.000260,   -0.001555,   -0.000000,    0.002056
   95     0.000635,   -0.000000,    0.000000,   -0.000647,    0.000000
   96     0.000000,    0.001037,    0.000399,    0.000000,   -0.000524
   97     0.000000,    0.000088,   -0.000174,    0.000000,    0.000075
   98     0.000031,    0.000000,   -0.000000,    0.000149,    0.000000
   99    -0.000000,    0.000064,    0.000088,   -0.000000,    0.000027
  100     0.000025,   -0.000000,    0.000000,   -0.000222,   -0.000000
  101     0.000000,    0.000104,   -0.000116,    0.000000,   -0.000033
  102    -0.000088,    0.000000,    0.000000,   -0.000014,   -0.000000
  103    -0.000000,   -0.000056,   -0.000144,   -0.000000,    0.000293
  104    -0.002294,   -0.001166,   -0.000923,    0.004491,    0.003143
  105    -0.002676,   -0.001348,    0.000331,    0.005117,    0.002489
  106    -0.001109,   -0.000550,   -0.000440,    0.003119,    0.000761
  107     0.000055,   -0.000137,    0.000137,   -0.000129,   -0.000018
  108    -0.000146,   -0.000091,    0.000087,    0.000203,   -0.000019
  109    -0.000124,   -0.000106,   -0.000056,    0.000230,    0.000305
  110     0.000064,   -0.000275,   -0.000224,   -0.000099,    0.000415
  111    -0.000106,   -0.000090,    0.000371,    0.000047,   -0.000463
  112     0.000004,   -0.000085,    0.000645,   -0.000153,   -0.000231
  113     0.000011,   -0.000031,    0.000020,   -0.000020,    0.000037
  114    -0.000025,   -0.000034,    0.000058,    0.000030,   -0.000043
  115     0.000009,   -0.000026,    0.000003,   -0.000001,    0.000074
  116     0.000008,   -0.000066,    0.000018,   -0.000024,    0.000031
  117     0.000017,    0.000040,   -0.000028,   -0.000000,    0.000026
  118     0.002294,   -0.001166,   -0.000923,   -0.004491,    0.003143
  119     0.002676,   -0.001348,    0.000331,   -0.005117,    0.002489
  120     0.001109,   -0.000550,   -0.000440,   -0.003119,    0.000761
  121    -0.000055,   -0.000137,    0.000137,    0.000129,   -0.000018
  122     0.000146,   -0.000091,    0.000087,   -0.000203,   -0.000019
  123    -0.000124,    0.000106,    0.000056,    0.000230,   -0.000305
  124    -0.000064,   -0.000275,   -0.000224,    0.000099,    0.000415
  125     0.000106,   -0.000090,    0.000371,   -0.000047,   -0.000463
  126     0.000004,    0.000085,   -0.000645,   -0.000153,    0.000231
  127    -0.000011,   -0.000031,    0.000020,    0.000020,    0.000037
  128    -0.000025,    0.000034,   -0.000058,    0.000030,    0.000043
  129    -0.000009,   -0.000026,    0.000003,    0.000001,    0.000074
  130     0.000008,    0.000066,   -0.000018,   -0.000024,   -0.000031
  131    -0.000017,    0.000040,   -0.000028,    0.000000,    0.000026
  132     0.000000,   -0.001801,    0.000693,   -0.000000,    0.003256
  133     0.000000,   -0.003804,    0.000880,   -0.000000,    0.005876
  134     0.000000,    0.006797,    0.000407,    0.000000,   -0.007587
  135    -0.000000,    0.005518,    0.001449,    0.000000,   -0.006349
  136    -0.000000,   -0.000290,   -0.006853,    0.000000,    0.002807
  137    -0.000000,    0.009118,   -0.006744,    0.000000,   -0.007155
  138     0.000000,   -0.001728,   -0.018264,   -0.000000,    0.009179
  139    -0.007726,    0.000000,   -0.000000,    0.010403,    0.000000
  140    -0.000000,    0.006184,   -0.005169,    0.000000,   -0.004216
  141     0.000000,   -0.001292,   -0.012523,   -0.000000,    0.006250
  142    -0.005703,   -0.000000,   -0.000000,    0.007681,    0.000000
  143    -0.000000,    0.001385,   -0.000799,    0.000000,   -0.001737
  144     0.000000,   -0.000350,   -0.001966,   -0.000000,    0.000909
  145    -0.001796,   -0.000000,    0.000000,    0.002155,    0.000000
  146    -0.000000,   -0.000108,    0.000348,    0.000000,   -0.000282
  147    -0.000362,   -0.000000,   -0.000000,    0.000609,    0.000000
  148     0.000000,   -0.000224,   -0.000205,   -0.000000,    0.000384
  149     0.000287,    0.000000,    0.000000,   -0.000422,   -0.000000
  150    -0.000000,    0.000452,   -0.000485,    0.000000,   -0.000196
  151     0.000000,   -0.000299,   -0.000358,    0.000000,    0.000146
  152    -0.000487,   -0.000000,   -0.000000,    0.000986,    0.000000
  153     0.000000,   -0.000276,    0.000552,   -0.000000,   -0.000103
  154     0.000611,    0.000000,    0.000000,   -0.000938,   -0.000000
  155    -0.000000,    0.000438,   -0.000926,    0.000000,    0.000261
  156     0.000000,   -0.000091,    0.000098,   -0.000000,   -0.000176
  157     0.000026,    0.000000,   -0.000000,   -0.000015,   -0.000000
  158    -0.000000,    0.000050,   -0.000013,    0.000000,   -0.000005
  159    -0.000043,   -0.000000,   -0.000000,    0.000074,    0.000000
  160     0.000000,   -0.000117,    0.000100,   -0.000000,    0.000099
  161     0.000038,    0.000000,    0.000000,   -0.000054,   -0.000000
  162    -0.000000,    0.000168,   -0.000123,    0.000000,   -0.000136
  163     0.003045,   -0.000356,   -0.002768,   -0.004373,    0.001578
  164     0.003352,   -0.000584,   -0.003467,   -0.004984,    0.002281
  165     0.001300,   -0.000218,   -0.000283,   -0.002380,    0.000428
  166     0.000108,    0.000116,   -0.000211,   -0.000144,   -0.000064
  167    -0.000165,   -0.000003,   -0.000124,    0.000223,    0.000042
  168     0.000167,   -0.000049,   -0.000266,   -0.000234,    0.000157
  169     0.000091,    0.000229,   -0.000492,   -0.000259,   -0.000112
  170    -0.000049,   -0.000087,   -0.000611,   -0.000068,    0.000259
  171    -0.000060,   -0.000031,   -0.000450,    0.000088,    0.000273
  172    -0.000018,   -0.000038,    0.000013,    0.000008,    0.000033
  173    -0.000019,   -0.000004,   -0.000078,    0.000026,    0.000029
  174    -0.000013,   -0.000028,   -0.000085,    0.000019,    0.000070
  175     0.000017,    0.000046,   -0.000093,   -0.000028,   -0.000037
  176    -0.000003,    0.000014,   -0.000106,   -0.000014,    0.000012
  177    -0.003045,   -0.000356,   -0.002768,    0.004373,    0.001578
  178    -0.003352,   -0.000584,   -0.003467,    0.004984,    0.002281
  179    -0.001300,   -0.000218,   -0.000283,    0.002380,    0.000428
  180    -0.000108,    0.000116,   -0.000211,    0.000144,   -0.000064
  181     0.000165,   -0.000003,   -0.000124,   -0.000223,    0.000042
  182     0.000167,    0.000049,    0.000266,   -0.000234,   -0.000157
  183    -0.000091,    0.000229,   -0.000492,    0.000259,   -0.000112
  184     0.000049,   -0.000087,   -0.000611,    0.000068,    0.000259
  185    -0.000060,    0.000031,    0.000450,    0.000088,   -0.000273
  186     0.000018,   -0.000038,    0.000013,   -0.000008,    0.000033
  187    -0.000019,    0.000004,    0.000078,    0.000026,   -0.000029
  188     0.000013,   -0.000028,   -0.000085,   -0.000019,    0.000070
  189     0.000017,   -0.000046,    0.000093,   -0.000028,    0.000037
  190     0.000003,    0.000014,   -0.000106,    0.000014,    0.000012
  191    -0.000000,   -0.000000,   -0.000000,    0.000000,    0.000001
  192    -0.000000,    0.000002,    0.000011,    0.000000,   -0.000005
  193    -0.000000,    0.000058,    0.000182,    0.000000,   -0.000249
  194     0.000000,    0.000520,    0.001659,    0.000000,   -0.002461
  195    -0.000000,   -0.001536,   -0.006145,   -0.000000,    0.007539
  196     0.000000,   -0.000239,    0.000639,   -0.000000,    0.000525
  197     0.000000,   -0.000006,    0.000110,   -0.000000,   -0.000089
  198    -0.000000,   -0.000002,    0.000049,    0.000000,   -0.000002
  199     0.000001,   -0.000000,    0.000000,   -0.000020,   -0.000000
  200    -0.000000,    0.000149,   -0.002567,    0.000000,    0.002080
  201     0.000000,    0.000048,   -0.001137,   -0.000000,    0.000053
  202    -0.000032,    0.000000,   -0.000000,    0.000463,    0.000000
  203     0.000000,   -0.000829,    0.013049,   -0.000000,   -0.010634
  204    -0.000000,   -0.000253,    0.005383,    0.000000,   -0.000015
  205     0.000204,   -0.000000,    0.000000,   -0.002455,   -0.000000
  206     0.000000,   -0.001446,    0.024916,   -0.000000,   -0.020132
  207    -0.000000,   -0.000445,    0.011571,    0.000000,   -0.000998
  208     0.000338,   -0.000000,    0.000000,   -0.004440,   -0.000000
  209     0.000000,   -0.000959,    0.009352,   -0.000000,   -0.007743
  210    -0.000000,    0.000019,    0.002787,    0.000000,    0.000234
  211     0.000584,    0.000000,    0.000000,   -0.002484,   -0.000000
  212    -0.000000,    0.000000,    0.000003,    0.000000,   -0.000002
  213    -0.000000,   -0.000000,    0.000000,    0.000000,    0.000000
  214    -0.000000,    0.000000,   -0.000003,    0.000000,    0.000001
  215    -0.000000,   -0.000000,    0.000000,    0.000000,    0.000000
  216    -0.000000,    0.000001,   -0.000001,    0.000000,   -0.000001
  217     0.000000,   -0.000018,   -0.000184,   -0.000000,    0.000113
  218     0.000026,    0.000000,   -0.000000,   -0.000024,   -0.000000
  219     0.000000,    0.000003,    0.000129,    0.000000,   -0.000062
  220     0.000015,    0.000000,   -0.000000,   -0.000016,   -0.000000
  221     0.000000,   -0.000029,    0.000081,   -0.000000,    0.000015
  222    -0.000000,    0.000184,    0.001430,    0.000000,   -0.000901
  223    -0.000237,   -0.000000,    0.000000,    0.000256,    0.000000
  224    -0.000000,   -0.000046,   -0.000892,   -0.000000,    0.000428
  225    -0.000097,   -0.000000,    0.000000,    0.000079,    0.000000
  226    -0.000000,    0.000195,   -0.000579,    0.000000,   -0.000055
  227     0.000000,    0.000126,    0.001791,    0.000000,   -0.001116
  228    -0.000152,    0.000000,   -0.000000,    0.000138,   -0.000000
  229     0.000000,   -0.000008,   -0.001023,   -0.000000,    0.000492
  230    -0.000009,    0.000000,    0.000000,   -0.000085,   -0.000000
  231     0.000000,    0.000114,   -0.000681,   -0.000000,    0.000125
  232    -0.000000,    0.000122,    0.000106,    0.000000,   -0.000256
  233    -0.000063,   -0.000000,    0.000000,    0.000049,   -0.000000
  234    -0.000000,    0.000007,   -0.000479,   -0.000000,    0.000203
  235     0.000064,   -0.000000,   -0.000000,   -0.000052,    0.000000
  236     0.000000,   -0.000030,   -0.000307,   -0.000000,    0.000186
  237     0.000074,   -0.000000,    0.000000,   -0.000099,   -0.000000
  238     0.000000,   -0.000023,   -0.000749,   -0.000000,    0.000401
                95,          96,          97,          98,          99
    0     0.000000,    0.001491,    0.000188,   -0.000000,    0.000370
    1     0.000000,    0.002802,    0.000304,   -0.000000,    0.000609
    2    -0.000000,   -0.003837,   -0.000286,    0.000000,   -0.000532
    3    -0.000000,   -0.003009,   -0.000484,    0.000000,   -0.000115
    4    -0.000000,   -0.001838,    0.000571,    0.000000,   -0.000260
    5    -0.000000,    0.017595,    0.003504,    0.000000,    0.001604
    6     0.000000,   -0.000442,   -0.001644,   -0.000000,    0.002004
    7     0.004276,   -0.000000,    0.000000,    0.002642,    0.000000
    8     0.000000,    0.011292,    0.002492,    0.000000,    0.000969
    9     0.000000,   -0.000051,   -0.001189,   -0.000000,    0.001282
   10     0.003205,   -0.000000,   -0.000000,    0.001814,    0.000000
   11    -0.000000,    0.004044,    0.000534,    0.000000,    0.000344
   12     0.000000,    0.000125,   -0.000414,   -0.000000,    0.000326
   13     0.000859,   -0.000000,   -0.000000,    0.000517,    0.000000
   14    -0.000000,   -0.000166,    0.000016,    0.000000,   -0.000110
   15     0.000002,   -0.000000,   -0.000000,    0.000092,    0.000000
   16     0.000000,   -0.000278,   -0.000121,   -0.000000,    0.000067
   17    -0.000064,    0.000000,    0.000000,   -0.000045,    0.000000
   18    -0.000000,    0.000790,    0.000125,    0.000000,    0.000083
   19    -0.000000,   -0.000101,    0.000014,    0.000000,   -0.000115
   20    -0.000144,   -0.000000,   -0.000000,    0.000081,    0.000000
   21     0.000000,    0.000131,   -0.000184,   -0.000000,    0.000104
   22    -0.000169,    0.000000,    0.000000,   -0.000054,   -0.000000
   23     0.000000,    0.000552,    0.000134,    0.000000,    0.000074
   24     0.000000,   -0.000057,    0.000000,   -0.000000,    0.000002
   25     0.000024,    0.000000,    0.000000,    0.000002,   -0.000000
   26    -0.000000,   -0.000089,   -0.000011,    0.000000,   -0.000015
   27    -0.000029,   -0.000000,   -0.000000,   -0.000005,    0.000000
   28    -0.000000,   -0.000028,    0.000002,   -0.000000,   -0.000013
   29    -0.000071,   -0.000000,    0.000000,   -0.000008,    0.000000
   30    -0.000000,   -0.000105,   -0.000004,    0.000000,   -0.000026
   31     0.001219,   -0.002949,   -0.000836,    0.000935,    0.000191
   32     0.001091,   -0.003730,   -0.000924,    0.001109,    0.000196
   33    -0.000016,   -0.001064,   -0.000332,    0.000336,    0.000067
   34     0.000032,    0.000181,    0.000028,    0.000028,    0.000030
   35    -0.000106,    0.000173,    0.000032,   -0.000063,    0.000015
   36    -0.000077,    0.000277,    0.000082,   -0.000053,   -0.000020
   37     0.000182,    0.000388,    0.000069,    0.000028,    0.000051
   38     0.000007,    0.000282,   -0.000027,   -0.000061,    0.000062
   39     0.000048,    0.000363,    0.000057,   -0.000016,   -0.000006
   40    -0.000030,   -0.000043,   -0.000008,   -0.000007,   -0.000006
   41     0.000009,   -0.000058,   -0.000005,    0.000011,   -0.000009
   42    -0.000007,   -0.000050,   -0.000019,   -0.000005,    0.000007
   43    -0.000003,   -0.000069,   -0.000012,   -0.000004,   -0.000012
   44    -0.000021,    0.000054,    0.000006,   -0.000006,    0.000010
   45    -0.001219,   -0.002949,   -0.000836,   -0.000935,    0.000191
   46    -0.001091,   -0.003730,   -0.000924,   -0.001109,    0.000196
   47     0.000016,   -0.001064,   -0.000332,   -0.000336,    0.000067
   48    -0.000032,    0.000181,    0.000028,   -0.000028,    0.000030
   49     0.000106,    0.000173,    0.000032,    0.000063,    0.000015
   50    -0.000077,   -0.000277,   -0.000082,   -0.000053,    0.000020
   51    -0.000182,    0.000388,    0.000069,   -0.000028,    0.000051
   52    -0.000007,    0.000282,   -0.000027,    0.000061,    0.000062
   53     0.000048,   -0.000363,   -0.000057,   -0.000016,    0.000006
   54     0.000030,   -0.000043,   -0.000008,    0.000007,   -0.000006
   55     0.000009,    0.000058,    0.000005,    0.000011,    0.000009
   56     0.000007,   -0.000050,   -0.000019,    0.000005,    0.000007
   57    -0.000003,    0.000069,    0.000012,   -0.000004,    0.000012
   58     0.000021,    0.000054,    0.000006,    0.000006,    0.000010
   59    -0.000000,    0.007138,    0.001599,    0.000000,    0.000477
   60    -0.000000,    0.009611,    0.001867,   -0.000000,    0.000608
   61     0.000000,    0.002753,    0.000652,   -0.000000,    0.000124
   62     0.000000,   -0.000607,   -0.000138,   -0.000000,   -0.000040
   63     0.000000,    0.000103,   -0.000004,   -0.000000,    0.000035
   64     0.000076,   -0.000000,   -0.000000,    0.000040,    0.000000
   65     0.000000,   -0.000665,   -0.000064,    0.000000,   -0.000037
   66     0.000000,    0.000105,   -0.000014,   -0.000000,    0.000048
   67     0.000162,   -0.000000,    0.000000,    0.000076,    0.000000
   68    -0.000000,   -0.000038,    0.000005,    0.000000,   -0.000016
   69    -0.000002,    0.000000,    0.000000,    0.000002,   -0.000000
   70     0.000000,   -0.000035,   -0.000008,    0.000000,   -0.000001
   71    -0.000043,    0.000000,    0.000000,   -0.000019,   -0.000000
   72    -0.000000,    0.000058,    0.000014,   -0.000000,    0.000001
   73     0.000000,   -0.002414,   -0.000070,   -0.000000,   -0.000948
   74     0.000000,   -0.003461,   -0.000196,   -0.000000,   -0.000442
   75    -0.000000,    0.001361,    0.000476,    0.000000,   -0.003785
   76    -0.000000,   -0.000308,    0.000755,    0.000000,   -0.003494
   77     0.000000,    0.003694,   -0.001233,   -0.000000,    0.000584
   78     0.000000,   -0.013143,   -0.000212,   -0.000000,   -0.000769
   79    -0.000000,   -0.004966,    0.000254,    0.000000,   -0.001470
   80     0.005327,    0.000000,   -0.000000,    0.000052,   -0.000000
   81     0.000000,   -0.009003,    0.000014,   -0.000000,   -0.000514
   82    -0.000000,   -0.002827,    0.000077,    0.000000,   -0.001038
   83     0.004000,   -0.000000,   -0.000000,   -0.000006,    0.000000
   84     0.000000,   -0.002477,    0.000160,   -0.000000,   -0.000244
   85     0.000000,    0.000641,   -0.000249,    0.000000,   -0.000033
   86     0.001214,    0.000000,    0.000000,   -0.000050,   -0.000000
   87    -0.000000,    0.000013,   -0.000055,    0.000000,   -0.000001
   88    -0.000266,   -0.000000,    0.000000,    0.000053,    0.000000
   89     0.000000,   -0.000226,   -0.000007,   -0.000000,    0.000024
   90     0.000635,    0.000000,    0.000000,    0.000031,   -0.000000
   91    -0.000000,    0.001037,    0.000088,    0.000000,    0.000064
   92     0.000000,    0.000399,   -0.000174,   -0.000000,    0.000088
   93    -0.000647,    0.000000,    0.000000,    0.000149,   -0.000000
   94     0.000000,   -0.000524,    0.000075,    0.000000,    0.000027
   95     0.001622,   -0.000000,   -0.000000,    0.000071,    0.000000
   96    -0.000000,    0.001864,    0.000109,    0.000000,    0.000144
   97    -0.000000,    0.000109,    0.000093,    0.000000,   -0.000023
   98     0.000071,    0.000000,    0.000000,    0.000022,   -0.000000
   99     0.000000,    0.000144,   -0.000023,   -0.000000,    0.000077
  100     0.000130,    0.000000,   -0.000000,   -0.000016,    0.000000
  101    -0.000000,    0.000119,   -0.000008,    0.000000,   -0.000012
  102    -0.000242,    0.000000,    0.000000,   -0.000020,   -0.000000
  103     0.000000,   -0.000099,   -0.000007,   -0.000000,    0.000064
  104    -0.002478,   -0.000675,    0.000018,    0.000036,   -0.000506
  105    -0.002731,   -0.000313,   -0.000177,    0.000025,   -0.000329
  106    -0.001923,   -0.000722,   -0.000010,    0.000055,   -0.000093
  107     0.000011,   -0.000179,    0.000003,   -0.000004,    0.000001
  108    -0.000137,   -0.000068,    0.000006,   -0.000005,   -0.000046
  109    -0.000123,   -0.000034,    0.000000,    0.000001,   -0.000037
  110     0.000046,   -0.000494,    0.000067,    0.000007,   -0.000050
  111    -0.000011,   -0.000044,   -0.000004,   -0.000012,   -0.000059
  112     0.000120,    0.000261,   -0.000079,   -0.000014,    0.000028
  113    -0.000004,   -0.000040,    0.000002,   -0.000001,    0.000001
  114    -0.000023,   -0.000023,    0.000002,   -0.000002,   -0.000012
  115     0.000002,   -0.000001,   -0.000004,    0.000001,    0.000004
  116    -0.000002,   -0.000102,    0.000010,   -0.000001,   -0.000009
  117     0.000023,    0.000057,   -0.000004,    0.000003,    0.000011
  118     0.002478,   -0.000675,    0.000018,   -0.000036,   -0.000506
  119     0.002731,   -0.000313,   -0.000177,   -0.000025,   -0.000329
  120     0.001923,   -0.000722,   -0.000010,   -0.000055,   -0.000093
  121    -0.000011,   -0.000179,    0.000003,    0.000004,    0.000001
  122     0.000137,   -0.000068,    0.000006,    0.000005,   -0.000046
  123    -0.000123,    0.000034,   -0.000000,    0.000001,    0.000037
  124    -0.000046,   -0.000494,    0.000067,   -0.000007,   -0.000050
  125     0.000011,   -0.000044,   -0.000004,    0.000012,   -0.000059
  126     0.000120,   -0.000261,    0.000079,   -0.000014,   -0.000028
  127     0.000004,   -0.000040,    0.000002,    0.000001,    0.000001
  128    -0.000023,    0.000023,   -0.000002,   -0.000002,    0.000012
  129    -0.000002,   -0.000001,   -0.000004,   -0.000001,    0.000004
  130    -0.000002,    0.000102,   -0.000010,   -0.000001,    0.000009
  131    -0.000023,    0.000057,   -0.000004,   -0.000003,    0.000011
  132     0.000000,   -0.004404,   -0.000246,   -0.000000,   -0.000472
  133     0.000000,   -0.007953,   -0.000393,   -0.000000,   -0.000714
  134    -0.000000,    0.010368,    0.000320,    0.000000,    0.000485
  135    -0.000000,    0.008708,    0.000198,    0.000000,    0.000703
  136    -0.000000,   -0.004237,    0.001519,    0.000000,   -0.000908
  137    -0.000000,    0.009506,    0.001006,    0.000000,   -0.000959
  138     0.000000,   -0.007484,    0.003383,   -0.000000,   -0.001520
  139    -0.021996,   -0.000000,   -0.000000,   -0.000610,   -0.000000
  140    -0.000000,    0.006516,    0.000712,    0.000000,   -0.000506
  141     0.000000,   -0.005235,    0.002375,   -0.000000,   -0.001086
  142    -0.015990,   -0.000000,   -0.000000,   -0.000468,    0.000000
  143    -0.000000,    0.001203,    0.000315,    0.000000,   -0.000127
  144     0.000000,   -0.000701,    0.000389,   -0.000000,   -0.000075
  145    -0.004568,   -0.000000,   -0.000000,   -0.000129,    0.000000
  146    -0.000000,   -0.000160,   -0.000060,    0.000000,   -0.000023
  147    -0.000990,   -0.000000,   -0.000000,   -0.000026,   -0.000000
  148     0.000000,   -0.000310,    0.000059,   -0.000000,    0.000019
  149     0.000527,    0.000000,    0.000000,    0.000010,   -0.000000
  150    -0.000000,    0.000549,    0.000043,    0.000000,   -0.000064
  151    -0.000000,   -0.000709,    0.000027,    0.000000,   -0.000109
  152    -0.001242,   -0.000000,   -0.000000,   -0.000043,    0.000000
  153     0.000000,   -0.000220,    0.000030,   -0.000000,    0.000030
  154     0.001034,    0.000000,    0.000000,    0.000025,   -0.000000
  155    -0.000000,    0.000619,    0.000085,    0.000000,   -0.000081
  156     0.000000,   -0.000186,    0.000008,   -0.000000,   -0.000021
  157     0.000096,    0.000000,    0.000000,    0.000008,    0.000000
  158    -0.000000,    0.000061,    0.000013,   -0.000000,    0.000002
  159    -0.000043,   -0.000000,   -0.000000,   -0.000004,    0.000000
  160     0.000000,   -0.000109,   -0.000021,   -0.000000,    0.000009
  161    -0.000019,    0.000000,    0.000000,   -0.000002,   -0.000000
  162    -0.000000,    0.000186,    0.000024,    0.000000,   -0.000012
  163     0.008350,   -0.000882,    0.000624,    0.000220,   -0.000042
  164     0.009306,   -0.001136,    0.000675,    0.000215,   -0.000011
  165     0.003408,   -0.000106,    0.000103,    0.000070,    0.000059
  166     0.000335,    0.000091,    0.000042,    0.000010,   -0.000016
  167    -0.000459,   -0.000070,    0.000018,   -0.000012,   -0.000022
  168     0.000468,   -0.000095,    0.000059,    0.000013,   -0.000003
  169     0.000327,    0.000123,    0.000075,   -0.000004,   -0.000046
  170    -0.000157,   -0.000447,    0.000127,   -0.000005,   -0.000092
  171    -0.000102,   -0.000079,    0.000072,   -0.000012,   -0.000005
  172    -0.000064,   -0.000049,   -0.000006,   -0.000004,   -0.000000
  173    -0.000050,   -0.000048,    0.000015,   -0.000001,   -0.000012
  174    -0.000041,   -0.000056,    0.000020,   -0.000000,   -0.000004
  175     0.000059,    0.000026,    0.000018,    0.000001,   -0.000010
  176     0.000003,   -0.000025,    0.000019,   -0.000001,   -0.000015
  177    -0.008350,   -0.000882,    0.000624,   -0.000220,   -0.000042
  178    -0.009306,   -0.001136,    0.000675,   -0.000215,   -0.000011
  179    -0.003408,   -0.000106,    0.000103,   -0.000070,    0.000059
  180    -0.000335,    0.000091,    0.000042,   -0.000010,   -0.000016
  181     0.000459,   -0.000070,    0.000018,    0.000012,   -0.000022
  182     0.000468,    0.000095,   -0.000059,    0.000013,    0.000003
  183    -0.000327,    0.000123,    0.000075,    0.000004,   -0.000046
  184     0.000157,   -0.000447,    0.000127,    0.000005,   -0.000092
  185    -0.000102,    0.000079,   -0.000072,   -0.000012,    0.000005
  186     0.000064,   -0.000049,   -0.000006,    0.000004,   -0.000000
  187    -0.000050,    0.000048,   -0.000015,   -0.000001,    0.000012
  188     0.000041,   -0.000056,    0.000020,    0.000000,   -0.000004
  189     0.000059,   -0.000026,   -0.000018,    0.000001,    0.000010
  190    -0.000003,   -0.000025,    0.000019,    0.000001,   -0.000015
  191    -0.000000,   -0.000003,    0.000000,    0.000000,   -0.000000
  192    -0.000000,    0.000005,   -0.000001,    0.000000,    0.000001
  193    -0.000000,    0.000501,   -0.000043,   -0.000000,    0.000079
  194     0.000000,    0.005040,   -0.000421,   -0.000000,    0.000803
  195     0.000000,   -0.014530,    0.001417,    0.000000,   -0.002369
  196     0.000000,   -0.002741,    0.000037,    0.000000,   -0.000401
  197     0.000000,   -0.000000,   -0.000011,   -0.000000,    0.000007
  198    -0.000000,    0.000026,   -0.000013,    0.000000,    0.000006
  199     0.000020,    0.000000,    0.000000,    0.000002,    0.000000
  200    -0.000000,    0.000011,    0.000248,    0.000000,   -0.000164
  201     0.000000,   -0.000597,    0.000308,   -0.000000,   -0.000128
  202    -0.000467,   -0.000000,   -0.000000,   -0.000052,   -0.000000
  203     0.000000,   -0.000248,   -0.001237,   -0.000000,    0.000823
  204    -0.000000,    0.002890,   -0.001514,    0.000000,    0.000607
  205     0.002547,    0.000000,    0.000000,    0.000272,    0.000000
  206     0.000000,    0.000094,   -0.002426,   -0.000000,    0.001607
  207    -0.000000,    0.006106,   -0.003038,    0.000000,    0.001292
  208     0.004518,    0.000000,    0.000000,    0.000493,    0.000000
  209     0.000000,   -0.000590,   -0.000832,   -0.000000,    0.000593
  210    -0.000000,    0.002510,   -0.000957,    0.000000,    0.000396
  211     0.003136,    0.000000,    0.000000,    0.000247,    0.000000
  212    -0.000000,    0.000000,   -0.000000,    0.000000,    0.000000
  213    -0.000001,   -0.000000,   -0.000000,   -0.000000,    0.000000
  214    -0.000000,   -0.000000,    0.000000,    0.000000,   -0.000000
  215    -0.000001,   -0.000000,   -0.000000,   -0.000000,    0.000000
  216    -0.000000,    0.000000,    0.000000,    0.000000,   -0.000000
  217     0.000000,   -0.000052,    0.000024,   -0.000000,   -0.000010
  218     0.000068,    0.000000,    0.000000,    0.000002,   -0.000000
  219    -0.000000,    0.000030,   -0.000018,    0.000000,    0.000009
  220     0.000042,    0.000000,    0.000000,    0.000001,   -0.000000
  221     0.000000,   -0.000011,   -0.000015,   -0.000000,    0.000009
  222    -0.000000,    0.000563,   -0.000212,    0.000000,    0.000117
  223    -0.000609,   -0.000000,   -0.000000,   -0.000014,    0.000000
  224     0.000000,   -0.000302,    0.000143,   -0.000000,   -0.000079
  225    -0.000270,   -0.000000,   -0.000000,   -0.000008,    0.000000
  226    -0.000000,    0.000024,    0.000109,    0.000000,   -0.000064
  227    -0.000000,    0.000830,   -0.000288,    0.000000,    0.000191
  228    -0.000367,   -0.000000,    0.000000,   -0.000003,   -0.000000
  229     0.000000,   -0.000459,    0.000182,   -0.000000,   -0.000116
  230    -0.000054,    0.000000,    0.000000,   -0.000002,   -0.000000
  231     0.000000,   -0.000266,    0.000139,   -0.000000,   -0.000084
  232    -0.000000,    0.000130,   -0.000003,    0.000000,    0.000002
  233    -0.000168,   -0.000000,   -0.000000,   -0.000003,    0.000000
  234     0.000000,   -0.000155,    0.000082,   -0.000000,   -0.000046
  235     0.000172,    0.000000,    0.000000,    0.000003,   -0.000000
  236     0.000000,   -0.000125,    0.000049,   -0.000000,   -0.000028
  237     0.000171,    0.000000,   -0.000000,    0.000002,   -0.000000
  238     0.000000,   -0.000262,    0.000119,   -0.000000,   -0.000070
               100,         101,         102,         103,         104
    0     0.000000,    0.000783,    0.000000,    0.000885,    0.002973
    1     0.000000,    0.001141,    0.000000,    0.001341,    0.006454
    2    -0.000000,   -0.000512,   -0.000000,   -0.000798,   -0.012596
    3    -0.000000,   -0.000535,   -0.000000,   -0.000286,   -0.014545
    4    -0.000000,    0.000061,    0.000000,    0.000090,   -0.001008
    5    -0.000000,   -0.000388,   -0.000000,    0.000579,    0.001625
    6     0.000000,    0.001334,   -0.000000,    0.002969,    0.018237
    7    -0.002515,    0.000000,   -0.001922,    0.000000,    0.011462
    8    -0.000000,   -0.000301,   -0.000000,    0.000419,    0.001773
    9     0.000000,    0.000961,   -0.000000,    0.001775,    0.013442
   10    -0.001662,    0.000000,   -0.001359,    0.000000,    0.009150
   11    -0.000000,   -0.000048,   -0.000000,   -0.000031,   -0.001134
   12     0.000000,    0.000247,   -0.000000,    0.000444,    0.005243
   13    -0.000435,    0.000000,   -0.000394,    0.000000,    0.005450
   14    -0.000000,   -0.000005,    0.000000,   -0.000142,   -0.000936
   15    -0.000064,    0.000000,   -0.000065,    0.000000,    0.003187
   16     0.000000,    0.000036,   -0.000000,    0.000118,    0.000603
   17     0.000056,   -0.000000,    0.000027,   -0.000000,    0.000472
   18    -0.000000,    0.000028,    0.000000,    0.000026,   -0.001368
   19    -0.000000,    0.000019,    0.000000,   -0.000163,   -0.001687
   20    -0.000008,    0.000000,   -0.000067,    0.000000,    0.007124
   21     0.000000,    0.000067,    0.000000,    0.000037,    0.000398
   22     0.000061,   -0.000000,    0.000039,   -0.000000,    0.001157
   23    -0.000000,    0.000041,   -0.000000,    0.000078,   -0.002425
   24     0.000000,   -0.000027,   -0.000000,    0.000012,    0.000703
   25    -0.000014,   -0.000000,    0.000002,   -0.000000,   -0.000940
   26    -0.000000,   -0.000011,    0.000000,   -0.000020,   -0.000166
   27     0.000016,   -0.000000,    0.000001,    0.000000,    0.000853
   28     0.000000,   -0.000001,    0.000000,   -0.000018,   -0.000211
   29     0.000010,   -0.000000,    0.000009,    0.000000,    0.000646
   30    -0.000000,   -0.000016,   -0.000000,   -0.000033,   -0.000425
   31    -0.000874,    0.000211,   -0.000665,    0.000507,    0.010560
   32    -0.001092,    0.000224,   -0.000744,    0.000669,    0.014180
   33    -0.000326,    0.000052,   -0.000207,    0.000187,    0.008971
   34    -0.000026,    0.000000,   -0.000020,    0.000024,    0.000442
   35     0.000062,    0.000005,    0.000045,    0.000011,    0.000120
   36     0.000050,   -0.000023,    0.000038,   -0.000050,   -0.000595
   37    -0.000011,   -0.000008,   -0.000036,    0.000037,    0.000040
   38     0.000082,    0.000030,    0.000029,    0.000042,    0.000513
   39     0.000035,   -0.000015,    0.000000,   -0.000059,    0.000147
   40     0.000003,    0.000005,    0.000007,   -0.000003,   -0.000035
   41    -0.000012,   -0.000002,   -0.000007,   -0.000009,   -0.000103
   42     0.000006,    0.000006,    0.000003,    0.000014,    0.000143
   43     0.000003,    0.000001,    0.000003,   -0.000011,   -0.000192
   44     0.000006,    0.000004,    0.000005,    0.000010,    0.000153
   45     0.000874,    0.000211,    0.000665,    0.000507,   -0.005093
   46     0.001092,    0.000224,    0.000744,    0.000669,   -0.004805
   47     0.000326,    0.000052,    0.000207,    0.000187,   -0.004061
   48     0.000026,    0.000000,    0.000020,    0.000024,   -0.000182
   49    -0.000062,    0.000005,   -0.000045,    0.000011,    0.000350
   50     0.000050,    0.000023,    0.000038,    0.000050,   -0.000134
   51     0.000011,   -0.000008,    0.000036,    0.000037,    0.000564
   52    -0.000082,    0.000030,   -0.000029,    0.000042,    0.000210
   53     0.000035,    0.000015,    0.000000,    0.000059,    0.000616
   54    -0.000003,    0.000005,   -0.000007,   -0.000003,   -0.000012
   55    -0.000012,    0.000002,   -0.000007,    0.000009,    0.000107
   56    -0.000006,    0.000006,   -0.000003,    0.000014,    0.000042
   57     0.000003,   -0.000001,    0.000003,    0.000011,    0.000028
   58    -0.000006,    0.000004,   -0.000005,    0.000010,   -0.000065
   59    -0.000000,   -0.000291,   -0.000000,   -0.000101,   -0.004655
   60     0.000000,   -0.000248,    0.000000,   -0.000327,   -0.005627
   61     0.000000,   -0.000042,    0.000000,   -0.000072,   -0.002317
   62     0.000000,    0.000036,   -0.000000,    0.000015,    0.000372
   63     0.000000,    0.000022,   -0.000000,    0.000040,    0.000116
   64    -0.000036,    0.000000,   -0.000031,    0.000000,    0.000180
   65    -0.000000,    0.000017,   -0.000000,    0.000088,    0.000217
   66     0.000000,    0.000044,    0.000000,    0.000065,    0.000346
   67    -0.000071,    0.000000,   -0.000059,    0.000000,    0.000060
   68    -0.000000,   -0.000014,    0.000000,   -0.000019,   -0.000018
   69    -0.000001,   -0.000000,   -0.000001,   -0.000000,    0.000092
   70    -0.000000,    0.000002,   -0.000000,    0.000004,   -0.000001
   71     0.000017,   -0.000000,    0.000015,   -0.000000,   -0.000004
   72     0.000000,   -0.000009,    0.000000,   -0.000009,   -0.000074
   73     0.000000,    0.000574,   -0.000000,    0.000757,   -0.017472
   74     0.000000,    0.000346,   -0.000000,    0.002078,   -0.037440
   75    -0.000000,    0.001936,    0.000000,   -0.005007,    0.068592
   76    -0.000000,    0.001576,    0.000000,   -0.004341,    0.059263
   77     0.000000,    0.000247,   -0.000000,   -0.000063,    0.012873
   78     0.000000,   -0.002532,   -0.000000,    0.001169,    0.038908
   79    -0.000000,   -0.000867,    0.000000,   -0.002011,   -0.070665
   80    -0.001201,    0.000000,    0.000057,   -0.000000,   -0.118988
   81     0.000000,   -0.001724,   -0.000000,    0.000967,    0.025401
   82     0.000000,   -0.000533,    0.000000,   -0.001691,   -0.046402
   83    -0.000710,   -0.000000,   -0.000001,   -0.000000,   -0.081324
   84     0.000000,   -0.000395,   -0.000000,    0.000221,    0.006400
   85     0.000000,   -0.000093,    0.000000,   -0.000376,   -0.011509
   86    -0.000155,    0.000000,   -0.000016,   -0.000000,   -0.024692
   87    -0.000000,   -0.000066,   -0.000000,   -0.000084,   -0.001666
   88    -0.000037,    0.000000,   -0.000020,    0.000000,    0.004453
   89     0.000000,   -0.000019,   -0.000000,    0.000115,    0.003037
   90     0.000025,    0.000000,   -0.000088,   -0.000000,   -0.002294
   91    -0.000000,    0.000104,    0.000000,   -0.000056,   -0.001166
   92     0.000000,   -0.000116,    0.000000,   -0.000144,   -0.000923
   93    -0.000222,    0.000000,   -0.000014,   -0.000000,    0.004491
   94    -0.000000,   -0.000033,   -0.000000,    0.000293,    0.003143
   95     0.000130,   -0.000000,   -0.000242,    0.000000,   -0.002478
   96     0.000000,    0.000119,    0.000000,   -0.000099,   -0.000675
   97    -0.000000,   -0.000008,    0.000000,   -0.000007,    0.000018
   98    -0.000016,    0.000000,   -0.000020,   -0.000000,    0.000036
   99     0.000000,   -0.000012,   -0.000000,    0.000064,   -0.000506
  100     0.000047,   -0.000000,   -0.000013,    0.000000,    0.000269
  101    -0.000000,    0.000046,    0.000000,   -0.000033,    0.000247
  102    -0.000013,    0.000000,    0.000044,   -0.000000,    0.000029
  103     0.000000,   -0.000033,   -0.000000,    0.000114,   -0.000312
  104     0.000269,    0.000247,    0.000029,   -0.000312,    0.076990
  105     0.000387,    0.000207,    0.000001,   -0.000294,    0.088682
  106    -0.000104,    0.000023,    0.000088,    0.000043,    0.025904
  107    -0.000018,   -0.000047,    0.000011,    0.000028,   -0.002094
  108     0.000031,   -0.000001,    0.000002,   -0.000049,    0.003957
  109     0.000019,    0.000019,    0.000000,   -0.000024,    0.005724
  110    -0.000028,   -0.000079,    0.000006,    0.000063,   -0.001552
  111     0.000059,   -0.000012,   -0.000011,   -0.000113,    0.002917
  112     0.000052,    0.000012,   -0.000017,   -0.000062,    0.004277
  113    -0.000006,   -0.000010,    0.000003,    0.000012,   -0.000323
  114     0.000006,   -0.000006,    0.000001,   -0.000016,    0.000766
  115    -0.000005,   -0.000001,    0.000001,    0.000007,    0.000424
  116    -0.000003,   -0.000020,    0.000003,    0.000010,   -0.000399
  117    -0.000004,    0.000009,   -0.000003,    0.000008,   -0.000221
  118    -0.000269,    0.000247,   -0.000029,   -0.000312,   -0.008452
  119    -0.000387,    0.000207,   -0.000001,   -0.000294,   -0.014095
  120     0.000104,    0.000023,   -0.000088,    0.000043,   -0.007533
  121     0.000018,   -0.000047,   -0.000011,    0.000028,    0.000866
  122    -0.000031,   -0.000001,   -0.000002,   -0.000049,   -0.001617
  123     0.000019,   -0.000019,    0.000000,    0.000024,   -0.000946
  124     0.000028,   -0.000079,   -0.000006,    0.000063,    0.001608
  125    -0.000059,   -0.000012,    0.000011,   -0.000113,   -0.002477
  126     0.000052,   -0.000012,   -0.000017,    0.000062,   -0.002572
  127     0.000006,   -0.000010,   -0.000003,    0.000012,    0.000357
  128     0.000006,    0.000006,    0.000001,    0.000016,    0.000176
  129     0.000005,   -0.000001,   -0.000001,    0.000007,    0.000880
  130    -0.000003,    0.000020,    0.000003,   -0.000010,   -0.000116
  131     0.000004,    0.000009,    0.000003,    0.000008,    0.000222
  132     0.000000,   -0.000815,   -0.000000,    0.000897,    0.002858
  133     0.000000,   -0.001293,   -0.000000,    0.001349,    0.006231
  134    -0.000000,    0.001010,    0.000000,   -0.000743,   -0.012173
  135    -0.000000,    0.000663,    0.000000,   -0.000336,   -0.014447
  136    -0.000000,   -0.000277,    0.000000,    0.000231,   -0.000075
  137    -0.000000,    0.002448,    0.000000,   -0.002791,   -0.016410
  138     0.000000,   -0.000584,   -0.000000,    0.001311,    0.006499
  139    -0.002600,   -0.000000,    0.003320,    0.000000,    0.011170
  140    -0.000000,    0.001607,    0.000000,   -0.001653,   -0.012652
  141     0.000000,   -0.000424,    0.000000,    0.000904,    0.005134
  142    -0.001807,   -0.000000,    0.002384,    0.000000,    0.011276
  143    -0.000000,    0.000281,    0.000000,   -0.000342,   -0.004557
  144     0.000000,   -0.000087,   -0.000000,    0.000299,    0.002794
  145    -0.000468,   -0.000000,    0.000687,    0.000000,    0.006315
  146    -0.000000,   -0.000023,    0.000000,   -0.000060,   -0.001608
  147    -0.000103,   -0.000000,    0.000133,    0.000000,    0.001428
  148     0.000000,   -0.000079,   -0.000000,    0.000131,    0.000534
  149     0.000021,    0.000000,   -0.000061,   -0.000000,   -0.003026
  150    -0.000000,    0.000132,    0.000000,   -0.000159,   -0.000448
  151     0.000000,   -0.000066,   -0.000000,   -0.000032,   -0.002585
  152    -0.000084,   -0.000000,    0.000134,    0.000000,    0.003849
  153     0.000000,   -0.000113,   -0.000000,    0.000093,    0.000389
  154     0.000008,    0.000000,   -0.000103,   -0.000000,   -0.007615
  155    -0.000000,    0.000118,    0.000000,   -0.000145,   -0.000403
  156     0.000000,   -0.000024,   -0.000000,   -0.000006,   -0.000635
  157     0.000006,    0.000000,   -0.000015,    0.000000,    0.000078
  158    -0.000000,    0.000003,    0.000000,    0.000005,    0.000132
  159     0.000013,   -0.000000,   -0.000002,    0.000000,    0.000936
  160     0.000000,   -0.000022,   -0.000000,    0.000021,    0.000220
  161    -0.000020,    0.000000,    0.000010,   -0.000000,   -0.001165
  162    -0.000000,    0.000032,    0.000000,   -0.000041,   -0.000469
  163     0.000937,   -0.000270,   -0.001216,    0.000579,   -0.005644
  164     0.001105,   -0.000298,   -0.001361,    0.000710,   -0.003674
  165     0.000354,   -0.000085,   -0.000437,    0.000197,   -0.004474
  166     0.000043,    0.000024,   -0.000052,   -0.000017,   -0.000206
  167    -0.000054,    0.000007,    0.000069,   -0.000011,    0.000323
  168     0.000053,   -0.000028,   -0.000069,    0.000056,   -0.000161
  169     0.000063,    0.000063,   -0.000045,   -0.000058,   -0.000169
  170    -0.000030,   -0.000018,    0.000041,    0.000017,   -0.000524
  171     0.000015,   -0.000020,    0.000005,    0.000055,    0.001157
  172    -0.000007,   -0.000008,    0.000011,    0.000008,   -0.000084
  173    -0.000007,   -0.000000,    0.000008,   -0.000000,    0.000030
  174    -0.000007,   -0.000010,    0.000007,    0.000016,    0.000056
  175     0.000009,    0.000011,   -0.000009,   -0.000013,   -0.000078
  176     0.000002,    0.000005,    0.000001,   -0.000007,    0.000026
  177    -0.000937,   -0.000270,    0.001216,    0.000579,    0.010647
  178    -0.001105,   -0.000298,    0.001361,    0.000710,    0.011837
  179    -0.000354,   -0.000085,    0.000437,    0.000197,    0.008805
  180    -0.000043,    0.000024,    0.000052,   -0.000017,   -0.000342
  181     0.000054,    0.000007,   -0.000069,   -0.000011,   -0.000276
  182     0.000053,    0.000028,   -0.000069,   -0.000056,   -0.000558
  183    -0.000063,    0.000063,    0.000045,   -0.000058,   -0.000720
  184     0.000030,   -0.000018,   -0.000041,    0.000017,    0.000883
  185     0.000015,    0.000020,    0.000005,   -0.000055,    0.000899
  186     0.000007,   -0.000008,   -0.000011,    0.000008,    0.000121
  187    -0.000007,    0.000000,    0.000008,    0.000000,    0.000041
  188     0.000007,   -0.000010,   -0.000007,    0.000016,    0.000131
  189     0.000009,   -0.000011,   -0.000009,    0.000013,    0.000219
  190    -0.000002,    0.000005,   -0.000001,   -0.000007,   -0.000079
  191    -0.000000,   -0.000000,    0.000000,   -0.000000,   -0.000001
  192    -0.000000,   -0.000000,    0.000000,   -0.000000,   -0.000006
  193    -0.000000,    0.000031,   -0.000000,    0.000020,    0.000030
  194    -0.000000,    0.000324,   -0.000000,    0.000220,    0.000546
  195     0.000000,   -0.000897,    0.000000,   -0.000573,   -0.001502
  196     0.000000,   -0.000200,    0.000000,   -0.000226,   -0.000450
  197     0.000000,   -0.000002,   -0.000000,   -0.000000,   -0.000039
  198    -0.000000,   -0.000000,    0.000000,   -0.000002,   -0.000033
  199     0.000001,   -0.000000,   -0.000001,   -0.000000,    0.000001
  200    -0.000000,    0.000049,    0.000000,    0.000003,    0.000918
  201     0.000000,    0.000008,   -0.000000,    0.000057,    0.000769
  202    -0.000014,    0.000000,    0.000018,    0.000000,   -0.000032
  203     0.000000,   -0.000268,   -0.000000,   -0.000000,   -0.004827
  204    -0.000000,   -0.000039,    0.000000,   -0.000292,   -0.003929
  205     0.000088,   -0.000000,   -0.000114,   -0.000000,    0.000209
  206     0.000000,   -0.000465,   -0.000000,   -0.000049,   -0.008652
  207    -0.000000,   -0.000064,    0.000000,   -0.000566,   -0.007314
  208     0.000137,   -0.000000,   -0.000185,   -0.000000,    0.000083
  209     0.000000,   -0.000261,   -0.000000,    0.000105,   -0.002847
  210    -0.000000,    0.000073,    0.000000,   -0.000238,   -0.002557
  211     0.000189,   -0.000000,   -0.000257,   -0.000000,   -0.001096
  212     0.000000,   -0.000000,    0.000000,   -0.000000,   -0.000001
  213    -0.000000,   -0.000000,    0.000000,    0.000000,   -0.000000
  214    -0.000000,    0.000000,   -0.000000,    0.000000,   -0.000000
  215    -0.000000,   -0.000000,    0.000000,    0.000000,    0.000001
  216    -0.000000,    0.000000,    0.000000,   -0.000000,    0.000000
  217     0.000000,   -0.000001,   -0.000000,    0.000013,    0.000082
  218     0.000008,    0.000000,   -0.000011,   -0.000000,   -0.000029
  219     0.000000,   -0.000001,    0.000000,   -0.000005,   -0.000018
  220     0.000005,    0.000000,   -0.000007,   -0.000000,   -0.000023
  221     0.000000,   -0.000010,   -0.000000,    0.000008,   -0.000015
  222    -0.000000,    0.000022,    0.000000,   -0.000078,   -0.000845
  223    -0.000072,   -0.000000,    0.000097,    0.000000,    0.000528
  224     0.000000,    0.000003,   -0.000000,    0.000027,    0.000255
  225    -0.000035,   -0.000000,    0.000047,    0.000000,   -0.000050
  226     0.000000,    0.000069,    0.000000,   -0.000049,    0.000173
  227    -0.000000,    0.000025,   -0.000000,   -0.000047,   -0.000806
  228    -0.000051,    0.000000,    0.000064,    0.000000,    0.000254
  229     0.000000,   -0.000003,    0.000000,    0.000012,    0.000121
  230    -0.000018,    0.000000,    0.000022,   -0.000000,   -0.000705
  231     0.000000,    0.000037,    0.000000,   -0.000016,    0.000471
  232    -0.000000,    0.000032,    0.000000,   -0.000036,   -0.000180
  233    -0.000023,   -0.000000,    0.000030,    0.000000,   -0.000022
  234     0.000000,    0.000007,   -0.000000,    0.000007,    0.000150
  235     0.000024,    0.000000,   -0.000030,   -0.000000,    0.000031
  236     0.000000,   -0.000006,   -0.000000,    0.000013,    0.000078
  237     0.000019,    0.000000,   -0.000025,   -0.000000,   -0.000357
  238     0.000000,    0.000006,   -0.000000,    0.000020,    0.000559
               105,         106,         107,         108,         109
    0    -0.002596,    0.000338,   -0.000254,   -0.000165,    0.000272
    1    -0.001311,    0.001063,   -0.000533,   -0.000293,    0.000618
    2    -0.010680,   -0.003104,    0.000928,    0.000313,   -0.001282
    3    -0.012079,   -0.003648,    0.000951,    0.000009,   -0.001442
    4    -0.004249,    0.002220,   -0.000174,   -0.000262,   -0.000178
    5     0.000700,   -0.004535,   -0.000617,   -0.000611,    0.000595
    6     0.020515,    0.008973,   -0.002138,   -0.001776,    0.001846
    7     0.011062,    0.015274,   -0.000554,   -0.000361,    0.000465
    8     0.000542,   -0.002534,   -0.000356,   -0.000370,    0.000445
    9     0.015483,    0.006461,   -0.001476,   -0.001071,    0.001351
   10     0.009155,    0.010279,   -0.000445,   -0.000144,    0.000399
   11    -0.000540,   -0.001840,   -0.000086,   -0.000071,   -0.000014
   12     0.006340,    0.001421,   -0.000363,   -0.000159,    0.000534
   13     0.006002,    0.003599,   -0.000233,    0.000154,    0.000277
   14    -0.001134,   -0.000363,    0.000046,    0.000058,   -0.000104
   15     0.003738,    0.001546,   -0.000117,    0.000172,    0.000173
   16     0.000770,    0.000391,   -0.000049,   -0.000057,    0.000058
   17     0.000624,   -0.000068,   -0.000016,    0.000052,    0.000030
   18    -0.001628,   -0.000530,   -0.000058,   -0.000099,   -0.000121
   19    -0.002014,   -0.000696,    0.000020,    0.000031,   -0.000178
   20     0.008512,    0.002919,   -0.000258,    0.000439,    0.000396
   21     0.000924,    0.000232,   -0.000079,   -0.000048,    0.000046
   22     0.001464,    0.000321,   -0.000036,    0.000097,    0.000068
   23    -0.003019,   -0.000560,   -0.000047,   -0.000163,   -0.000239
   24     0.000850,    0.000192,    0.000021,    0.000032,    0.000073
   25    -0.001138,   -0.000306,    0.000034,   -0.000064,   -0.000053
   26    -0.000120,   -0.000049,    0.000024,    0.000017,   -0.000017
   27     0.001037,    0.000269,   -0.000031,    0.000059,    0.000049
   28    -0.000235,   -0.000056,    0.000003,    0.000003,   -0.000022
   29     0.000780,    0.000224,   -0.000021,    0.000045,    0.000037
   30    -0.000426,   -0.000139,    0.000032,    0.000019,   -0.000043
   31     0.012451,    0.009274,   -0.000544,   -0.000132,    0.000602
   32     0.016210,    0.012015,   -0.000653,   -0.000140,    0.000859
   33     0.010721,    0.005610,   -0.000294,    0.000249,    0.000566
   34     0.000502,    0.000245,   -0.000029,   -0.000008,    0.000034
   35     0.000118,   -0.000291,   -0.000008,    0.000015,    0.000024
   36    -0.000733,   -0.000577,    0.000042,    0.000027,   -0.000036
   37    -0.000023,   -0.000219,   -0.000026,   -0.000045,    0.000028
   38     0.000750,   -0.000380,   -0.000049,    0.000017,    0.000058
   39     0.000250,   -0.000333,    0.000011,    0.000072,    0.000007
   40    -0.000048,    0.000006,    0.000001,    0.000002,   -0.000005
   41    -0.000113,    0.000054,    0.000004,   -0.000003,   -0.000013
   42     0.000189,    0.000048,   -0.000010,   -0.000002,    0.000012
   43    -0.000217,   -0.000058,    0.000010,    0.000001,   -0.000017
   44     0.000173,    0.000018,   -0.000011,    0.000002,    0.000012
   45    -0.004409,   -0.004516,    0.000102,   -0.000366,   -0.000147
   46    -0.004190,   -0.005544,    0.000089,   -0.000411,   -0.000039
   47    -0.004240,   -0.003247,    0.000167,   -0.000294,   -0.000106
   48    -0.000191,   -0.000236,   -0.000005,   -0.000025,    0.000003
   49     0.000263,    0.000326,   -0.000023,   -0.000023,    0.000029
   50    -0.000032,   -0.000131,   -0.000010,   -0.000030,    0.000002
   51     0.000635,    0.000103,   -0.000028,    0.000002,    0.000056
   52     0.000236,    0.000485,   -0.000031,   -0.000069,    0.000026
   53     0.000717,    0.000113,   -0.000047,    0.000002,    0.000042
   54    -0.000027,    0.000020,   -0.000003,   -0.000001,   -0.000004
   55     0.000095,    0.000085,   -0.000005,   -0.000007,    0.000011
   56     0.000054,    0.000063,   -0.000007,   -0.000014,    0.000005
   57     0.000027,   -0.000025,   -0.000003,   -0.000009,    0.000009
   58    -0.000098,   -0.000006,   -0.000005,   -0.000017,   -0.000001
   59    -0.005173,   -0.003583,   -0.000018,   -0.000192,   -0.000287
   60    -0.005815,   -0.004834,   -0.000181,   -0.000215,   -0.000327
   61    -0.003119,   -0.001637,   -0.000078,   -0.000105,   -0.000176
   62     0.000353,    0.000304,   -0.000008,    0.000009,    0.000021
   63     0.000121,    0.000058,   -0.000037,   -0.000034,    0.000014
   64     0.000177,    0.000223,   -0.000009,   -0.000005,    0.000008
   65    -0.000100,    0.000359,    0.000020,   -0.000016,    0.000001
   66     0.000279,    0.000103,   -0.000073,   -0.000055,    0.000036
   67    -0.000005,    0.000298,   -0.000008,   -0.000027,   -0.000001
   68    -0.000004,   -0.000017,    0.000020,    0.000019,   -0.000002
   69     0.000108,    0.000039,   -0.000003,    0.000005,    0.000005
   70    -0.000017,    0.000008,    0.000001,   -0.000001,   -0.000001
   71     0.000012,   -0.000070,    0.000002,    0.000007,    0.000001
   72    -0.000046,   -0.000048,    0.000005,    0.000003,   -0.000005
   73    -0.035609,   -0.009596,    0.000913,   -0.001722,   -0.002569
   74    -0.061804,   -0.015506,    0.001660,   -0.003100,   -0.004708
   75     0.070523,    0.013309,   -0.002159,    0.003903,    0.006297
   76     0.058928,    0.012439,   -0.001909,    0.003418,    0.005449
   77     0.018968,   -0.001051,   -0.000225,    0.000494,    0.001390
   78     0.045720,    0.013332,    0.002739,    0.002362,    0.003870
   79    -0.078562,   -0.019843,    0.002356,   -0.000563,   -0.007157
   80    -0.143636,   -0.043597,    0.004215,   -0.007911,   -0.006697
   81     0.028976,    0.008905,    0.001873,    0.001469,    0.002508
   82    -0.050233,   -0.012761,    0.001520,   -0.000191,   -0.004684
   83    -0.097942,   -0.029900,    0.002863,   -0.005378,   -0.004572
   84     0.006505,    0.002336,    0.000410,    0.000364,    0.000614
   85    -0.011356,   -0.004806,    0.000344,   -0.000027,   -0.001106
   86    -0.029314,   -0.007280,    0.000878,   -0.001637,   -0.001401
   87    -0.001459,   -0.000646,    0.000103,    0.000025,   -0.000154
   88     0.005286,    0.002068,   -0.000152,    0.000265,    0.000244
   89     0.003245,    0.000914,   -0.000025,    0.000052,    0.000303
   90    -0.002676,   -0.001109,    0.000055,   -0.000146,   -0.000124
   91    -0.001348,   -0.000550,   -0.000137,   -0.000091,   -0.000106
   92     0.000331,   -0.000440,    0.000137,    0.000087,   -0.000056
   93     0.005117,    0.003119,   -0.000129,    0.000203,    0.000230
   94     0.002489,    0.000761,   -0.000018,   -0.000019,    0.000305
   95    -0.002731,   -0.001923,    0.000011,   -0.000137,   -0.000123
   96    -0.000313,   -0.000722,   -0.000179,   -0.000068,   -0.000034
   97    -0.000177,   -0.000010,    0.000003,    0.000006,    0.000000
   98     0.000025,    0.000055,   -0.000004,   -0.000005,    0.000001
   99    -0.000329,   -0.000093,    0.000001,   -0.000046,   -0.000037
  100     0.000387,   -0.000104,   -0.000018,    0.000031,    0.000019
  101     0.000207,    0.000023,   -0.000047,   -0.000001,    0.000019
  102     0.000001,    0.000088,    0.000011,    0.000002,    0.000000
  103    -0.000294,    0.000043,    0.000028,   -0.000049,   -0.000024
  104     0.088682,    0.025904,   -0.002094,    0.003957,    0.005724
  105     0.104676,    0.030562,   -0.002427,    0.004670,    0.006561
  106     0.030562,    0.012964,   -0.000634,    0.001283,    0.001791
  107    -0.002427,   -0.000634,    0.000121,   -0.000102,   -0.000144
  108     0.004670,    0.001283,   -0.000102,    0.000257,    0.000270
  109     0.006561,    0.001791,   -0.000144,    0.000270,    0.000462
  110    -0.002385,   -0.000750,    0.000146,   -0.000092,   -0.000092
  111     0.003813,    0.000870,   -0.000083,    0.000270,    0.000178
  112     0.005715,    0.001126,   -0.000097,    0.000216,    0.000408
  113    -0.000412,   -0.000090,    0.000025,   -0.000024,   -0.000018
  114     0.000948,    0.000260,   -0.000014,    0.000056,    0.000057
  115     0.000489,    0.000114,   -0.000001,    0.000003,    0.000054
  116    -0.000523,   -0.000128,    0.000037,   -0.000015,   -0.000030
  117    -0.000265,   -0.000071,   -0.000004,   -0.000026,   -0.000012
  118    -0.014095,   -0.007533,    0.000866,   -0.001617,    0.000946
  119    -0.019260,   -0.009745,    0.001158,   -0.002063,    0.000809
  120    -0.009745,   -0.006344,    0.000399,   -0.000725,   -0.000008
  121     0.001158,    0.000399,    0.000011,    0.000094,    0.000024
  122    -0.002063,   -0.000725,    0.000094,   -0.000117,   -0.000044
  123    -0.000809,    0.000008,   -0.000024,    0.000044,   -0.000194
  124     0.001557,    0.000854,    0.000034,    0.000119,    0.000083
  125    -0.002784,   -0.000772,    0.000121,   -0.000108,   -0.000131
  126    -0.003512,   -0.000795,    0.000020,   -0.000078,   -0.000306
  127     0.000414,    0.000121,   -0.000001,    0.000022,    0.000021
  128     0.000195,    0.000091,   -0.000019,    0.000008,   -0.000004
  129     0.001050,    0.000262,   -0.000018,    0.000036,    0.000080
  130    -0.000108,   -0.000080,   -0.000018,   -0.000019,    0.000001
  131     0.000267,    0.000053,   -0.000019,    0.000005,    0.000013
  132    -0.002413,    0.000424,    0.000314,    0.000158,    0.000253
  133    -0.001865,    0.001080,    0.000595,    0.000321,    0.000585
  134    -0.006461,   -0.002594,   -0.000817,   -0.000549,   -0.001228
  135    -0.009427,   -0.003198,   -0.000448,   -0.000695,   -0.001410
  136    -0.007612,    0.002826,    0.000107,   -0.000120,   -0.000169
  137    -0.025068,   -0.007496,   -0.002692,   -0.000733,   -0.001824
  138    -0.002171,    0.009042,    0.000779,    0.000092,    0.000278
  139     0.008788,    0.018402,    0.000706,    0.000185,    0.000374
  140    -0.018299,   -0.005300,   -0.001737,   -0.000620,   -0.001377
  141    -0.000676,    0.006612,    0.000567,    0.000113,    0.000248
  142     0.010444,    0.015316,    0.000399,    0.000347,    0.000446
  143    -0.005917,   -0.000708,   -0.000292,   -0.000195,   -0.000490
  144     0.003419,    0.002501,    0.000154,    0.000057,    0.000229
  145     0.006475,    0.003826,   -0.000011,    0.000329,    0.000316
  146    -0.001813,   -0.000671,    0.000049,   -0.000007,   -0.000156
  147     0.001606,    0.001644,   -0.000000,    0.000064,    0.000065
  148     0.000668,    0.000465,    0.000088,    0.000004,    0.000052
  149    -0.003542,   -0.001245,    0.000088,   -0.000192,   -0.000167
  150    -0.000815,   -0.000499,   -0.000142,   -0.000004,   -0.000052
  151    -0.003533,   -0.000944,    0.000114,   -0.000020,   -0.000265
  152     0.004749,    0.003948,   -0.000072,    0.000208,    0.000189
  153     0.000849,    0.000487,    0.000131,    0.000033,    0.000041
  154    -0.009061,   -0.003340,    0.000234,   -0.000488,   -0.000420
  155    -0.000867,   -0.000839,   -0.000124,    0.000024,   -0.000042
  156    -0.000691,   -0.000027,    0.000044,   -0.000004,   -0.000068
  157     0.000078,   -0.000180,   -0.000009,    0.000007,    0.000006
  158     0.000137,    0.000064,   -0.000008,   -0.000003,    0.000012
  159     0.001162,    0.000488,   -0.000032,    0.000062,    0.000052
  160     0.000287,    0.000032,    0.000026,    0.000011,    0.000024
  161    -0.001404,   -0.000282,    0.000045,   -0.000080,   -0.000067
  162    -0.000574,   -0.000178,   -0.000034,   -0.000014,   -0.000048
  163    -0.004843,   -0.005969,    0.000245,   -0.000306,   -0.000162
  164    -0.002054,   -0.005485,    0.000224,   -0.000219,    0.000028
  165    -0.004464,   -0.005028,    0.000179,   -0.000281,   -0.000110
  166    -0.000225,   -0.000235,   -0.000040,   -0.000000,   -0.000025
  167     0.000103,    0.000388,    0.000001,    0.000009,    0.000011
  168    -0.000045,   -0.000189,    0.000031,   -0.000009,    0.000000
  169    -0.000348,   -0.000295,   -0.000093,    0.000010,   -0.000034
  170    -0.001478,   -0.000388,    0.000042,   -0.000045,   -0.000038
  171     0.001477,    0.000954,    0.000004,    0.000065,    0.000064
  172    -0.000112,    0.000020,    0.000016,   -0.000005,   -0.000004
  173    -0.000077,    0.000047,   -0.000001,    0.000000,   -0.000001
  174     0.000019,    0.000082,    0.000016,   -0.000002,    0.000005
  175    -0.000111,   -0.000035,   -0.000015,    0.000002,   -0.000012
  176    -0.000061,   -0.000025,   -0.000008,    0.000004,   -0.000002
  177     0.011518,    0.011970,    0.000494,    0.000337,    0.000555
  178     0.012685,    0.012889,    0.000598,    0.000303,    0.000679
  179     0.010716,    0.007608,    0.000047,    0.000374,    0.000532
  180    -0.000525,    0.000223,   -0.000000,   -0.000027,   -0.000041
  181    -0.000409,   -0.000359,   -0.000024,   -0.000008,   -0.000013
  182    -0.000635,   -0.000735,   -0.000052,   -0.000014,   -0.000030
  183    -0.001179,    0.000244,   -0.000036,   -0.000059,   -0.000077
  184     0.000506,    0.001072,   -0.000020,    0.000043,    0.000036
  185     0.001150,    0.000588,   -0.000068,    0.000067,    0.000046
  186     0.000153,   -0.000020,    0.000002,    0.000011,    0.000009
  187     0.000131,   -0.000001,    0.000003,    0.000002,    0.000004
  188     0.000138,    0.000084,    0.000009,    0.000005,    0.000010
  189     0.000311,   -0.000002,    0.000003,    0.000012,    0.000022
  190    -0.000174,    0.000063,   -0.000003,   -0.000005,   -0.000009
  191    -0.000007,   -0.000001,   -0.000000,   -0.000000,   -0.000000
  192    -0.000003,   -0.000006,   -0.000000,   -0.000000,   -0.000000
  193     0.001088,    0.000117,    0.000019,    0.000022,    0.000009
  194     0.011478,    0.001412,    0.000207,    0.000238,    0.000108
  195    -0.032837,   -0.003573,   -0.000564,   -0.000660,   -0.000329
  196    -0.006449,   -0.001054,   -0.000149,   -0.000142,   -0.000057
  197     0.000029,    0.000043,    0.000004,   -0.000002,   -0.000004
  198     0.000002,   -0.000063,    0.000001,    0.000002,   -0.000001
  199    -0.000024,   -0.000169,   -0.000002,    0.000002,    0.000002
  200    -0.000684,   -0.000997,   -0.000094,    0.000056,    0.000089
  201    -0.000048,    0.001469,   -0.000018,   -0.000041,    0.000031
  202     0.000572,    0.003952,    0.000044,   -0.000047,   -0.000036
  203     0.003225,    0.005244,    0.000505,   -0.000293,   -0.000474
  204    -0.000178,   -0.007545,    0.000079,    0.000208,   -0.000163
  205    -0.002901,   -0.020630,   -0.000238,    0.000251,    0.000189
  206     0.007220,    0.009552,    0.000914,   -0.000505,   -0.000833
  207     0.001441,   -0.014016,    0.000184,    0.000424,   -0.000280
  208    -0.005696,   -0.037702,   -0.000417,    0.000435,    0.000327
  209     0.003654,    0.004766,    0.000493,   -0.000169,   -0.000294
  210     0.000388,   -0.005280,   -0.000000,    0.000183,   -0.000105
  211    -0.003567,   -0.017362,   -0.000198,    0.000140,    0.000090
  212     0.000000,   -0.000001,   -0.000000,    0.000000,   -0.000000
  213    -0.000001,   -0.000001,    0.000000,   -0.000000,   -0.000000
  214    -0.000001,    0.000000,   -0.000000,   -0.000000,   -0.000000
  215     0.000001,    0.000001,    0.000000,    0.000000,    0.000000
  216    -0.000000,    0.000001,   -0.000000,   -0.000000,   -0.000000
  217     0.000018,    0.000060,    0.000004,    0.000001,    0.000005
  218    -0.000012,   -0.000003,   -0.000002,   -0.000001,   -0.000001
  219     0.000040,   -0.000033,   -0.000000,    0.000000,    0.000000
  220    -0.000016,   -0.000018,   -0.000001,   -0.000001,   -0.000001
  221     0.000030,   -0.000041,    0.000011,    0.000002,    0.000001
  222    -0.000105,   -0.000499,   -0.000028,   -0.000025,   -0.000060
  223     0.000430,    0.000149,    0.000009,    0.000025,    0.000026
  224    -0.000279,    0.000288,    0.000001,    0.000003,    0.000008
  225    -0.000160,   -0.000074,    0.000014,   -0.000007,   -0.000004
  226    -0.000257,    0.000320,   -0.000080,   -0.000018,   -0.000001
  227     0.000817,   -0.000396,    0.000009,   -0.000006,   -0.000050
  228     0.000103,   -0.000308,    0.000006,    0.000013,    0.000015
  229    -0.000912,    0.000236,   -0.000016,   -0.000015,   -0.000009
  230    -0.000946,   -0.000640,    0.000027,   -0.000043,   -0.000037
  231    -0.000295,    0.000511,   -0.000068,   -0.000028,    0.000025
  232    -0.000186,    0.000033,   -0.000037,   -0.000016,   -0.000021
  233    -0.000105,   -0.000117,    0.000008,   -0.000003,   -0.000001
  234    -0.000204,    0.000166,   -0.000011,   -0.000003,    0.000005
  235     0.000116,    0.000111,   -0.000009,    0.000004,    0.000002
  236    -0.000132,    0.000065,    0.000006,    0.000002,    0.000003
  237    -0.000368,   -0.000104,    0.000005,   -0.000020,   -0.000019
  238     0.000057,    0.000318,   -0.000016,    0.000006,    0.000041
               110,         111,         112,         113,         114
    0    -0.000091,   -0.002336,   -0.001334,   -0.000004,   -0.000265
    1    -0.000274,   -0.003592,   -0.001765,   -0.000033,   -0.000417
    2     0.000701,    0.002369,   -0.000032,    0.000132,    0.000307
    3     0.000413,    0.001632,   -0.000020,    0.000142,    0.000165
    4     0.000929,   -0.000362,   -0.001852,    0.000034,   -0.000065
    5    -0.000195,   -0.001954,    0.000671,    0.000185,   -0.000213
    6    -0.002072,   -0.005112,    0.000102,   -0.000125,   -0.000850
    7     0.000508,   -0.001633,   -0.002147,   -0.000042,   -0.000138
    8     0.000168,   -0.001346,    0.000199,    0.000144,   -0.000133
    9    -0.001679,   -0.003173,    0.000515,   -0.000104,   -0.000524
   10     0.000332,   -0.000979,   -0.001397,   -0.000047,   -0.000078
   11    -0.000422,   -0.000145,    0.000532,    0.000010,   -0.000020
   12    -0.000521,   -0.000751,    0.000544,   -0.000035,   -0.000109
   13     0.000024,   -0.000074,   -0.000328,   -0.000039,    0.000009
   14     0.000027,    0.000208,   -0.000083,   -0.000010,    0.000027
   15    -0.000081,    0.000125,   -0.000015,   -0.000024,    0.000026
   16    -0.000061,   -0.000164,    0.000023,   -0.000001,   -0.000028
   17    -0.000034,    0.000079,    0.000059,   -0.000006,    0.000010
   18    -0.000090,   -0.000131,   -0.000167,   -0.000007,   -0.000034
   19    -0.000008,    0.000215,   -0.000189,   -0.000023,    0.000020
   20    -0.000236,    0.000404,    0.000095,   -0.000058,    0.000072
   21    -0.000276,   -0.000084,    0.000243,   -0.000012,   -0.000022
   22    -0.000074,    0.000121,    0.000075,   -0.000010,    0.000018
   23    -0.000042,   -0.000216,   -0.000422,   -0.000007,   -0.000057
   24     0.000043,    0.000017,    0.000106,    0.000009,    0.000011
   25     0.000035,   -0.000067,   -0.000026,    0.000008,   -0.000011
   26     0.000013,    0.000055,    0.000018,    0.000002,    0.000009
   27    -0.000034,    0.000064,    0.000027,   -0.000008,    0.000010
   28     0.000000,    0.000029,   -0.000022,   -0.000003,    0.000003
   29    -0.000025,    0.000046,    0.000017,   -0.000005,    0.000008
   30     0.000024,    0.000078,   -0.000012,    0.000001,    0.000012
   31    -0.000214,   -0.000850,   -0.000596,   -0.000054,   -0.000109
   32    -0.000092,   -0.001144,   -0.000832,   -0.000056,   -0.000130
   33    -0.000248,   -0.000091,    0.000079,   -0.000039,    0.000018
   34    -0.000013,   -0.000051,   -0.000004,    0.000001,   -0.000006
   35    -0.000024,    0.000008,    0.000062,   -0.000000,    0.000001
   36     0.000025,    0.000077,    0.000038,    0.000004,    0.000013
   37     0.000025,   -0.000103,    0.000012,    0.000006,   -0.000014
   38    -0.000126,   -0.000014,    0.000172,   -0.000008,   -0.000008
   39    -0.000042,    0.000122,    0.000114,   -0.000004,    0.000020
   40    -0.000005,    0.000006,   -0.000007,   -0.000001,    0.000000
   41     0.000009,    0.000009,   -0.000022,   -0.000000,    0.000001
   42    -0.000013,   -0.000011,    0.000010,   -0.000001,   -0.000003
   43     0.000002,    0.000018,   -0.000008,   -0.000001,    0.000002
   44    -0.000013,   -0.000011,    0.000005,   -0.000001,   -0.000002
   45    -0.000308,   -0.000156,    0.000793,    0.000034,   -0.000094
   46    -0.000176,   -0.000232,    0.000918,    0.000037,   -0.000112
   47     0.000044,   -0.000230,    0.000492,    0.000041,   -0.000056
   48    -0.000009,   -0.000040,    0.000034,    0.000004,   -0.000007
   49     0.000012,   -0.000092,   -0.000048,    0.000000,   -0.000009
   50    -0.000036,   -0.000029,    0.000043,   -0.000000,   -0.000010
   51    -0.000020,   -0.000057,    0.000038,    0.000006,   -0.000005
   52    -0.000088,   -0.000188,    0.000015,    0.000003,   -0.000025
   53     0.000017,   -0.000009,   -0.000039,   -0.000007,   -0.000007
   54    -0.000001,    0.000002,   -0.000012,   -0.000002,   -0.000000
   55    -0.000003,   -0.000033,   -0.000000,    0.000001,   -0.000003
   56    -0.000005,   -0.000028,   -0.000003,    0.000000,   -0.000005
   57     0.000001,   -0.000023,    0.000011,    0.000002,   -0.000003
   58    -0.000003,   -0.000035,   -0.000008,    0.000001,   -0.000005
   59     0.000082,   -0.000131,   -0.000004,    0.000091,   -0.000013
   60    -0.000333,   -0.000008,    0.000309,    0.000059,   -0.000006
   61     0.000023,   -0.000120,   -0.000293,    0.000008,   -0.000026
   62    -0.000015,   -0.000013,   -0.000028,   -0.000010,   -0.000004
   63    -0.000040,   -0.000081,   -0.000013,   -0.000002,   -0.000015
   64     0.000007,   -0.000023,   -0.000031,   -0.000001,   -0.000002
   65     0.000106,   -0.000118,   -0.000186,    0.000003,   -0.000017
   66    -0.000052,   -0.000148,   -0.000051,   -0.000006,   -0.000027
   67     0.000026,   -0.000061,   -0.000064,    0.000000,   -0.000007
   68     0.000021,    0.000042,    0.000018,    0.000002,    0.000009
   69    -0.000002,    0.000004,    0.000000,   -0.000001,    0.000001
   70     0.000002,   -0.000006,   -0.000008,   -0.000000,   -0.000001
   71    -0.000006,    0.000015,    0.000015,   -0.000000,    0.000002
   72     0.000003,    0.000018,    0.000012,    0.000001,    0.000003
   73     0.002884,   -0.005392,   -0.008598,    0.000666,   -0.001417
   74     0.004263,   -0.008128,   -0.012830,    0.000985,   -0.002107
   75    -0.002107,    0.004637,    0.006996,   -0.000494,    0.001099
   76    -0.001076,    0.004084,    0.005114,   -0.000438,    0.001010
   77    -0.001972,   -0.000025,    0.004025,   -0.000043,    0.000042
   78     0.005570,    0.001733,    0.004592,    0.000786,    0.000872
   79     0.001444,    0.003970,   -0.006927,   -0.000092,    0.000156
   80     0.004476,   -0.007952,   -0.002822,    0.000987,   -0.001342
   81     0.004066,    0.000825,    0.002503,    0.000554,    0.000526
   82     0.000452,    0.003264,   -0.003799,   -0.000112,    0.000211
   83     0.002961,   -0.005338,   -0.001803,    0.000667,   -0.000908
   84     0.001192,    0.000176,    0.000234,    0.000120,    0.000130
   85    -0.000380,    0.000731,   -0.000280,   -0.000056,    0.000035
   86     0.000611,   -0.001601,   -0.000436,    0.000208,   -0.000266
   87    -0.000009,    0.000196,    0.000065,    0.000008,    0.000023
   88    -0.000145,    0.000220,    0.000027,   -0.000033,    0.000043
   89     0.000114,   -0.000146,    0.000217,    0.000019,    0.000004
   90     0.000064,   -0.000106,    0.000004,    0.000011,   -0.000025
   91    -0.000275,   -0.000090,   -0.000085,   -0.000031,   -0.000034
   92    -0.000224,    0.000371,    0.000645,    0.000020,    0.000058
   93    -0.000099,    0.000047,   -0.000153,   -0.000020,    0.000030
   94     0.000415,   -0.000463,   -0.000231,    0.000037,   -0.000043
   95     0.000046,   -0.000011,    0.000120,   -0.000004,   -0.000023
   96    -0.000494,   -0.000044,    0.000261,   -0.000040,   -0.000023
   97     0.000067,   -0.000004,   -0.000079,    0.000002,    0.000002
   98     0.000007,   -0.000012,   -0.000014,   -0.000001,   -0.000002
   99    -0.000050,   -0.000059,    0.000028,    0.000001,   -0.000012
  100    -0.000028,    0.000059,    0.000052,   -0.000006,    0.000006
  101    -0.000079,   -0.000012,    0.000012,   -0.000010,   -0.000006
  102     0.000006,   -0.000011,   -0.000017,    0.000003,    0.000001
  103     0.000063,   -0.000113,   -0.000062,    0.000012,   -0.000016
  104    -0.001552,    0.002917,    0.004277,   -0.000323,    0.000766
  105    -0.002385,    0.003813,    0.005715,   -0.000412,    0.000948
  106    -0.000750,    0.000870,    0.001126,   -0.000090,    0.000260
  107     0.000146,   -0.000083,   -0.000097,    0.000025,   -0.000014
  108    -0.000092,    0.000270,    0.000216,   -0.000024,    0.000056
  109    -0.000092,    0.000178,    0.000408,   -0.000018,    0.000057
  110     0.000410,   -0.000156,   -0.000288,    0.000040,   -0.000017
  111    -0.000156,    0.000434,    0.000274,   -0.000036,    0.000074
  112    -0.000288,    0.000274,    0.000823,   -0.000020,    0.000071
  113     0.000040,   -0.000036,   -0.000020,    0.000008,   -0.000005
  114    -0.000017,    0.000074,    0.000071,   -0.000005,    0.000016
  115     0.000006,   -0.000018,    0.000078,    0.000003,    0.000003
  116     0.000071,   -0.000015,   -0.000050,    0.000008,   -0.000002
  117    -0.000015,   -0.000041,   -0.000006,    0.000001,   -0.000008
  118     0.001608,   -0.002477,    0.002572,    0.000357,   -0.000176
  119     0.001557,   -0.002784,    0.003512,    0.000414,   -0.000195
  120     0.000854,   -0.000772,    0.000795,    0.000121,   -0.000091
  121     0.000034,    0.000121,   -0.000020,   -0.000001,    0.000019
  122     0.000119,   -0.000108,    0.000078,    0.000022,   -0.000008
  123    -0.000083,    0.000131,   -0.000306,   -0.000021,   -0.000004
  124     0.000210,    0.000068,   -0.000173,    0.000014,    0.000021
  125     0.000068,    0.000013,    0.000081,    0.000014,    0.000009
  126     0.000173,   -0.000081,   -0.000689,   -0.000001,   -0.000045
  127     0.000014,    0.000014,    0.000001,    0.000001,    0.000003
  128    -0.000021,   -0.000009,   -0.000045,   -0.000003,   -0.000005
  129    -0.000015,    0.000018,    0.000096,   -0.000001,    0.000009
  130    -0.000048,   -0.000021,    0.000036,   -0.000004,   -0.000004
  131    -0.000029,   -0.000008,    0.000006,   -0.000003,   -0.000003
  132     0.002137,   -0.001106,   -0.001379,    0.000249,    0.000030
  133     0.003668,   -0.001631,   -0.002166,    0.000419,    0.000059
  134    -0.004097,    0.000806,    0.001763,   -0.000423,   -0.000090
  135    -0.003224,    0.000436,    0.001179,   -0.000291,   -0.000146
  136     0.002963,   -0.000492,   -0.003951,    0.000099,   -0.000019
  137    -0.004122,    0.000275,   -0.003320,   -0.000724,   -0.000334
  138     0.004967,   -0.000990,   -0.005170,    0.000209,    0.000045
  139     0.000741,   -0.001873,   -0.002818,    0.000268,    0.000005
  140    -0.002734,   -0.000023,   -0.002390,   -0.000476,   -0.000268
  141     0.003417,   -0.000639,   -0.003417,    0.000154,    0.000049
  142     0.000268,   -0.001121,   -0.001895,    0.000169,    0.000045
  143    -0.000479,    0.000064,   -0.000739,   -0.000082,   -0.000053
  144     0.000295,   -0.000085,    0.000139,    0.000039,    0.000029
  145     0.000158,   -0.000069,   -0.000490,    0.000014,    0.000045
  146     0.000034,    0.000093,   -0.000144,   -0.000002,    0.000003
  147    -0.000068,   -0.000027,   -0.000087,    0.000006,    0.000012
  148     0.000188,   -0.000062,    0.000005,    0.000026,    0.000004
  149     0.000074,   -0.000155,   -0.000010,    0.000019,   -0.000031
  150    -0.000225,    0.000046,   -0.000101,   -0.000045,   -0.000008
  151     0.000346,    0.000076,   -0.000588,    0.000005,   -0.000001
  152    -0.000334,    0.000106,   -0.000001,   -0.000007,    0.000043
  153     0.000124,    0.000033,    0.000194,    0.000036,    0.000021
  154     0.000263,   -0.000425,   -0.000086,    0.000051,   -0.000082
  155    -0.000151,    0.000054,   -0.000142,   -0.000051,   -0.000001
  156     0.000052,    0.000043,   -0.000074,    0.000006,    0.000004
  157     0.000017,    0.000014,    0.000005,   -0.000003,    0.000000
  158    -0.000005,   -0.000013,    0.000007,    0.000000,   -0.000001
  159    -0.000058,    0.000063,    0.000030,   -0.000007,    0.000011
  160     0.000041,   -0.000005,    0.000038,    0.000008,    0.000003
  161     0.000035,   -0.000088,   -0.000035,    0.000011,   -0.000013
  162    -0.000062,    0.000020,   -0.000059,   -0.000013,   -0.000003
  163     0.000755,    0.000301,    0.000834,    0.000003,   -0.000011
  164     0.000726,    0.000416,    0.001164,   -0.000006,    0.000011
  165     0.000387,   -0.000044,    0.000652,    0.000026,   -0.000037
  166    -0.000043,    0.000047,   -0.000018,   -0.000014,   -0.000001
  167     0.000047,   -0.000044,   -0.000127,    0.000004,   -0.000001
  168     0.000073,    0.000022,    0.000047,    0.000002,    0.000003
  169    -0.000074,    0.000084,   -0.000103,   -0.000029,   -0.000001
  170     0.000358,   -0.000109,   -0.000379,    0.000018,   -0.000012
  171     0.000002,    0.000052,   -0.000017,   -0.000004,    0.000015
  172     0.000022,   -0.000014,   -0.000009,    0.000004,   -0.000000
  173     0.000031,   -0.000011,   -0.000051,    0.000001,   -0.000001
  174     0.000047,   -0.000016,   -0.000027,    0.000004,    0.000000
  175    -0.000014,    0.000019,   -0.000027,   -0.000005,    0.000000
  176     0.000021,    0.000006,   -0.000042,   -0.000002,    0.000000
  177     0.000854,   -0.000600,   -0.001060,    0.000142,    0.000083
  178     0.001110,   -0.000833,   -0.001130,    0.000171,    0.000076
  179    -0.000190,   -0.000027,    0.000108,    0.000035,    0.000081
  180    -0.000009,   -0.000044,   -0.000116,   -0.000001,   -0.000006
  181     0.000011,    0.000026,   -0.000010,   -0.000005,   -0.000002
  182    -0.000087,    0.000041,    0.000064,   -0.000012,   -0.000006
  183    -0.000021,   -0.000070,   -0.000244,   -0.000011,   -0.000014
  184     0.000132,    0.000010,   -0.000261,    0.000005,    0.000009
  185    -0.000188,    0.000080,    0.000094,   -0.000009,    0.000012
  186     0.000014,    0.000012,    0.000009,    0.000000,    0.000002
  187    -0.000021,    0.000003,    0.000036,   -0.000000,    0.000001
  188     0.000033,    0.000001,   -0.000010,    0.000002,    0.000002
  189     0.000001,    0.000007,    0.000050,    0.000002,    0.000002
  190     0.000011,   -0.000006,   -0.000045,   -0.000001,   -0.000001
  191     0.000002,   -0.000000,   -0.000003,    0.000000,   -0.000000
  192    -0.000001,    0.000000,    0.000001,   -0.000000,   -0.000000
  193    -0.000358,    0.000076,    0.000491,   -0.000013,    0.000011
  194    -0.003685,    0.000774,    0.005069,   -0.000128,    0.000117
  195     0.010539,   -0.002233,   -0.014564,    0.000361,   -0.000329
  196     0.002004,   -0.000353,   -0.002729,    0.000076,   -0.000062
  197    -0.000017,    0.000007,    0.000027,    0.000001,    0.000000
  198    -0.000013,    0.000005,    0.000019,   -0.000001,    0.000000
  199     0.000021,    0.000004,   -0.000003,   -0.000001,   -0.000000
  200     0.000400,   -0.000167,   -0.000632,   -0.000032,   -0.000009
  201     0.000293,   -0.000120,   -0.000447,    0.000022,   -0.000011
  202    -0.000486,   -0.000084,    0.000076,    0.000021,    0.000010
  203    -0.001963,    0.000845,    0.003137,    0.000174,    0.000045
  204    -0.001377,    0.000581,    0.002089,   -0.000111,    0.000052
  205     0.002523,    0.000454,   -0.000379,   -0.000110,   -0.000051
  206    -0.003995,    0.001676,    0.006325,    0.000305,    0.000099
  207    -0.003117,    0.001257,    0.004750,   -0.000213,    0.000120
  208     0.004631,    0.000791,   -0.000722,   -0.000196,   -0.000098
  209    -0.001388,    0.000669,    0.002523,    0.000151,    0.000057
  210    -0.001260,    0.000442,    0.001668,   -0.000110,    0.000042
  211     0.001972,    0.000401,   -0.000176,   -0.000094,   -0.000049
  212    -0.000000,    0.000000,    0.000001,   -0.000000,    0.000000
  213     0.000000,   -0.000000,   -0.000000,    0.000000,   -0.000000
  214     0.000000,   -0.000000,   -0.000001,   -0.000000,   -0.000000
  215     0.000000,   -0.000000,   -0.000000,    0.000000,    0.000000
  216    -0.000000,    0.000000,   -0.000000,   -0.000000,    0.000000
  217     0.000030,   -0.000015,   -0.000034,    0.000001,   -0.000001
  218    -0.000009,    0.000005,    0.000010,   -0.000001,    0.000000
  219    -0.000018,    0.000009,    0.000031,   -0.000000,    0.000001
  220    -0.000003,    0.000003,    0.000006,   -0.000000,   -0.000000
  221     0.000009,    0.000001,    0.000018,    0.000002,    0.000001
  222    -0.000339,    0.000096,    0.000356,   -0.000011,   -0.000001
  223     0.000070,   -0.000031,   -0.000086,    0.000004,    0.000001
  224     0.000179,   -0.000056,   -0.000261,    0.000003,   -0.000003
  225     0.000047,   -0.000032,   -0.000046,    0.000004,   -0.000003
  226    -0.000025,   -0.000037,   -0.000174,   -0.000012,   -0.000010
  227    -0.000593,    0.000152,    0.000764,   -0.000014,    0.000008
  228     0.000100,   -0.000023,   -0.000071,    0.000002,   -0.000002
  229     0.000327,   -0.000090,   -0.000503,    0.000006,   -0.000010
  230     0.000088,   -0.000050,   -0.000041,    0.000006,   -0.000009
  231     0.000162,   -0.000091,   -0.000347,    0.000002,   -0.000014
  232    -0.000088,    0.000006,    0.000005,   -0.000007,   -0.000005
  233     0.000040,   -0.000020,   -0.000032,    0.000002,   -0.000002
  234     0.000103,   -0.000036,   -0.000169,    0.000001,   -0.000003
  235    -0.000040,    0.000021,    0.000033,   -0.000002,    0.000002
  236     0.000085,   -0.000021,   -0.000105,    0.000002,   -0.000001
  237    -0.000015,   -0.000004,    0.000021,    0.000001,   -0.000003
  238     0.000171,   -0.000061,   -0.000225,    0.000003,   -0.000003
               115,         116,         117,         118,         119
    0     0.000144,   -0.000185,    0.000277,    0.002973,   -0.002596
    1     0.000261,   -0.000312,    0.000452,    0.006454,   -0.001311
    2    -0.000350,    0.000317,   -0.000405,   -0.012596,   -0.010680
    3    -0.000310,    0.000276,   -0.000284,   -0.014545,   -0.012079
    4    -0.000122,    0.000079,   -0.000042,   -0.001008,   -0.004249
    5     0.000219,   -0.000172,    0.000382,    0.001625,    0.000700
    6     0.000628,   -0.000975,    0.000814,    0.018237,    0.020515
    7     0.000188,   -0.000133,    0.000326,   -0.011462,   -0.011062
    8     0.000145,   -0.000061,    0.000233,    0.001773,    0.000542
    9     0.000434,   -0.000687,    0.000538,    0.013442,    0.015483
   10     0.000118,   -0.000100,    0.000213,   -0.009150,   -0.009155
   11     0.000027,   -0.000069,    0.000077,   -0.001134,   -0.000540
   12     0.000164,   -0.000191,    0.000141,    0.005243,    0.006340
   13     0.000017,   -0.000045,    0.000043,   -0.005450,   -0.006002
   14    -0.000037,    0.000021,   -0.000030,   -0.000936,   -0.001134
   15    -0.000009,   -0.000021,   -0.000004,   -0.003187,   -0.003738
   16     0.000023,   -0.000027,    0.000024,    0.000603,    0.000770
   17    -0.000008,   -0.000002,   -0.000009,   -0.000472,   -0.000624
   18    -0.000023,   -0.000026,    0.000028,   -0.001368,   -0.001628
   19    -0.000055,    0.000009,   -0.000028,   -0.001687,   -0.002014
   20    -0.000033,   -0.000046,   -0.000027,   -0.007124,   -0.008512
   21     0.000022,   -0.000056,    0.000033,    0.000398,    0.000924
   22    -0.000012,   -0.000006,   -0.000013,   -0.001157,   -0.001464
   23    -0.000050,   -0.000018,    0.000031,   -0.002425,   -0.003019
   24     0.000018,    0.000010,   -0.000005,    0.000703,    0.000850
   25     0.000006,    0.000006,    0.000005,    0.000940,    0.001138
   26    -0.000004,    0.000008,   -0.000009,   -0.000166,   -0.000120
   27    -0.000006,   -0.000005,   -0.000005,   -0.000853,   -0.001037
   28    -0.000006,    0.000002,   -0.000004,   -0.000211,   -0.000235
   29    -0.000004,   -0.000003,   -0.000005,   -0.000646,   -0.000780
   30    -0.000011,    0.000012,   -0.000013,   -0.000425,   -0.000426
   31     0.000129,   -0.000200,    0.000158,   -0.005093,   -0.004409
   32     0.000186,   -0.000221,    0.000187,   -0.004805,   -0.004190
   33     0.000067,   -0.000089,    0.000040,   -0.004061,   -0.004240
   34     0.000007,   -0.000009,    0.000010,   -0.000182,   -0.000191
   35     0.000001,   -0.000003,   -0.000001,    0.000350,    0.000263
   36    -0.000010,    0.000018,   -0.000013,    0.000134,    0.000032
   37     0.000015,   -0.000008,    0.000018,    0.000564,    0.000635
   38     0.000008,   -0.000025,    0.000012,    0.000210,    0.000236
   39    -0.000009,    0.000006,   -0.000009,   -0.000616,   -0.000717
   40    -0.000002,   -0.000000,   -0.000001,   -0.000012,   -0.000027
   41    -0.000003,    0.000002,   -0.000002,   -0.000107,   -0.000095
   42     0.000002,   -0.000004,    0.000002,    0.000042,    0.000054
   43    -0.000004,    0.000003,   -0.000003,   -0.000028,   -0.000027
   44     0.000001,   -0.000004,    0.000002,   -0.000065,   -0.000098
   45     0.000035,   -0.000062,   -0.000032,    0.010560,    0.012451
   46     0.000067,   -0.000060,   -0.000040,    0.014180,    0.016210
   47     0.000067,    0.000004,    0.000005,    0.008971,    0.010721
   48     0.000005,   -0.000004,    0.000005,    0.000442,    0.000502
   49     0.000012,   -0.000007,    0.000016,    0.000120,    0.000118
   50     0.000004,   -0.000011,    0.000001,    0.000595,    0.000733
   51     0.000010,   -0.000008,    0.000008,    0.000040,   -0.000023
   52     0.000025,   -0.000025,    0.000034,    0.000513,    0.000750
   53    -0.000001,   -0.000011,   -0.000001,   -0.000147,   -0.000250
   54    -0.000001,   -0.000001,    0.000000,   -0.000035,   -0.000048
   55     0.000005,   -0.000002,    0.000005,    0.000103,    0.000113
   56     0.000004,   -0.000004,    0.000004,    0.000143,    0.000189
   57     0.000004,   -0.000002,    0.000003,    0.000192,    0.000217
   58     0.000003,   -0.000003,    0.000005,    0.000153,    0.000173
   59    -0.000056,    0.000020,    0.000053,   -0.004655,   -0.005173
   60    -0.000069,   -0.000061,    0.000088,   -0.005627,   -0.005815
   61    -0.000046,   -0.000010,    0.000031,   -0.002317,   -0.003119
   62     0.000004,   -0.000006,   -0.000001,    0.000372,    0.000353
   63     0.000006,   -0.000017,    0.000014,    0.000116,    0.000121
   64     0.000003,   -0.000002,    0.000005,   -0.000180,   -0.000177
   65     0.000002,    0.000014,    0.000001,    0.000217,   -0.000100
   66     0.000011,   -0.000029,    0.000024,    0.000346,    0.000279
   67     0.000007,   -0.000002,    0.000011,   -0.000060,    0.000005
   68    -0.000002,    0.000009,   -0.000007,   -0.000018,   -0.000004
   69    -0.000000,   -0.000001,   -0.000000,   -0.000092,   -0.000108
   70     0.000000,    0.000000,    0.000000,   -0.000001,   -0.000017
   71    -0.000002,    0.000001,   -0.000003,    0.000004,   -0.000012
   72    -0.000001,    0.000002,   -0.000002,   -0.000074,   -0.000046
   73    -0.000945,    0.000760,    0.000451,   -0.017472,   -0.035609
   74    -0.001397,    0.001128,    0.000666,   -0.037440,   -0.061804
   75     0.000730,   -0.000594,   -0.000320,    0.068592,    0.070523
   76     0.000608,   -0.000439,   -0.000362,    0.059263,    0.058928
   77     0.000417,   -0.000327,    0.000201,    0.012873,    0.018968
   78     0.000949,    0.001349,   -0.000718,    0.038908,    0.045720
   79    -0.001702,    0.000871,   -0.000714,   -0.070665,   -0.078562
   80     0.000675,    0.000731,    0.000646,    0.118988,    0.143636
   81     0.000613,    0.000952,   -0.000464,    0.025401,    0.028976
   82    -0.001120,    0.000521,   -0.000512,   -0.046402,   -0.050233
   83     0.000451,    0.000492,    0.000439,    0.081324,    0.097942
   84     0.000133,    0.000245,   -0.000126,    0.006400,    0.006505
   85    -0.000220,    0.000044,   -0.000067,   -0.011509,   -0.011356
   86     0.000128,    0.000136,    0.000145,    0.024692,    0.029314
   87    -0.000031,    0.000029,   -0.000026,   -0.001666,   -0.001459
   88    -0.000018,   -0.000027,   -0.000016,   -0.004453,   -0.005286
   89     0.000072,    0.000002,    0.000010,    0.003037,    0.003245
   90     0.000009,    0.000008,    0.000017,    0.002294,    0.002676
   91    -0.000026,   -0.000066,    0.000040,   -0.001166,   -0.001348
   92     0.000003,    0.000018,   -0.000028,   -0.000923,    0.000331
   93    -0.000001,   -0.000024,   -0.000000,   -0.004491,   -0.005117
   94     0.000074,    0.000031,    0.000026,    0.003143,    0.002489
   95     0.000002,   -0.000002,    0.000023,    0.002478,    0.002731
   96    -0.000001,   -0.000102,    0.000057,   -0.000675,   -0.000313
   97    -0.000004,    0.000010,   -0.000004,    0.000018,   -0.000177
   98     0.000001,   -0.000001,    0.000003,   -0.000036,   -0.000025
   99     0.000004,   -0.000009,    0.000011,   -0.000506,   -0.000329
  100    -0.000005,   -0.000003,   -0.000004,   -0.000269,   -0.000387
  101    -0.000001,   -0.000020,    0.000009,    0.000247,    0.000207
  102     0.000001,    0.000003,   -0.000003,   -0.000029,   -0.000001
  103     0.000007,    0.000010,    0.000008,   -0.000312,   -0.000294
  104     0.000424,   -0.000399,   -0.000221,   -0.008452,   -0.014095
  105     0.000489,   -0.000523,   -0.000265,   -0.014095,   -0.019260
  106     0.000114,   -0.000128,   -0.000071,   -0.007533,   -0.009745
  107    -0.000001,    0.000037,   -0.000004,    0.000866,    0.001158
  108     0.000003,   -0.000015,   -0.000026,   -0.001617,   -0.002063
  109     0.000054,   -0.000030,   -0.000012,    0.000946,    0.000809
  110     0.000006,    0.000071,   -0.000015,    0.001608,    0.001557
  111    -0.000018,   -0.000015,   -0.000041,   -0.002477,   -0.002784
  112     0.000078,   -0.000050,   -0.000006,    0.002572,    0.003512
  113     0.000003,    0.000008,    0.000001,    0.000357,    0.000414
  114     0.000003,   -0.000002,   -0.000008,   -0.000176,   -0.000195
  115     0.000017,   -0.000002,    0.000002,    0.000880,    0.001050
  116    -0.000002,    0.000016,   -0.000005,    0.000116,    0.000108
  117     0.000002,   -0.000005,    0.000007,    0.000222,    0.000267
  118     0.000880,    0.000116,    0.000222,    0.076990,    0.088682
  119     0.001050,    0.000108,    0.000267,    0.088682,    0.104676
  120     0.000262,    0.000080,    0.000053,    0.025904,    0.030562
  121    -0.000018,    0.000018,   -0.000019,   -0.002094,   -0.002427
  122     0.000036,    0.000019,    0.000005,    0.003957,    0.004670
  123    -0.000080,    0.000001,   -0.000013,   -0.005724,   -0.006561
  124    -0.000015,    0.000048,   -0.000029,   -0.001552,   -0.002385
  125     0.000018,    0.000021,   -0.000008,    0.002917,    0.003813
  126    -0.000096,    0.000036,   -0.000006,   -0.004277,   -0.005715
  127    -0.000001,    0.000004,   -0.000003,   -0.000323,   -0.000412
  128    -0.000009,   -0.000004,    0.000003,   -0.000766,   -0.000948
  129     0.000014,   -0.000005,   -0.000001,    0.000424,    0.000489
  130     0.000005,   -0.000013,    0.000007,    0.000399,    0.000523
  131    -0.000001,   -0.000007,    0.000004,   -0.000221,   -0.000265
  132     0.000120,    0.000369,   -0.000109,    0.002858,   -0.002413
  133     0.000212,    0.000618,   -0.000218,    0.006231,   -0.001865
  134    -0.000251,   -0.000625,    0.000357,   -0.012173,   -0.006461
  135    -0.000258,   -0.000448,    0.000314,   -0.014447,   -0.009427
  136    -0.000197,    0.000411,   -0.000185,   -0.000075,   -0.007612
  137    -0.000752,   -0.001082,    0.000317,   -0.016410,   -0.025068
  138    -0.000080,    0.000785,   -0.000319,    0.006499,   -0.002171
  139     0.000163,    0.000184,   -0.000161,   -0.011170,   -0.008788
  140    -0.000513,   -0.000716,    0.000238,   -0.012652,   -0.018299
  141    -0.000040,    0.000551,   -0.000231,    0.005134,   -0.000676
  142     0.000094,    0.000106,   -0.000128,   -0.011276,   -0.010444
  143    -0.000157,   -0.000110,    0.000026,   -0.004557,   -0.005917
  144     0.000066,    0.000072,   -0.000023,    0.002794,    0.003419
  145     0.000010,    0.000021,   -0.000067,   -0.006315,   -0.006475
  146    -0.000037,    0.000017,   -0.000016,   -0.001608,   -0.001813
  147     0.000001,   -0.000001,   -0.000007,   -0.001428,   -0.001606
  148     0.000022,    0.000042,   -0.000009,    0.000534,    0.000668
  149     0.000013,    0.000013,    0.000019,    0.003026,    0.003542
  150    -0.000029,   -0.000060,    0.000016,   -0.000448,   -0.000815
  151    -0.000071,    0.000069,   -0.000041,   -0.002585,   -0.003533
  152    -0.000014,   -0.000024,   -0.000010,   -0.003849,   -0.004749
  153     0.000023,    0.000050,   -0.000018,    0.000389,    0.000849
  154     0.000036,    0.000039,    0.000044,    0.007615,    0.009061
  155    -0.000023,   -0.000053,    0.000012,   -0.000403,   -0.000867
  156    -0.000016,    0.000019,   -0.000012,   -0.000635,   -0.000691
  157    -0.000001,   -0.000000,   -0.000001,   -0.000078,   -0.000078
  158     0.000002,   -0.000002,    0.000003,    0.000132,    0.000137
  159    -0.000006,   -0.000007,   -0.000004,   -0.000936,   -0.001162
  160     0.000008,    0.000010,   -0.000003,    0.000220,    0.000287
  161     0.000007,    0.000007,    0.000007,    0.001165,    0.001404
  162    -0.000015,   -0.000015,    0.000004,   -0.000469,   -0.000574
  163     0.000033,    0.000148,    0.000043,    0.010647,    0.011518
  164     0.000061,    0.000146,    0.000045,    0.011837,    0.012685
  165     0.000072,    0.000053,    0.000032,    0.008805,    0.010716
  166    -0.000015,   -0.000011,    0.000003,   -0.000342,   -0.000525
  167    -0.000001,    0.000005,   -0.000007,   -0.000276,   -0.000409
  168     0.000004,    0.000017,   -0.000000,    0.000558,    0.000635
  169    -0.000031,   -0.000025,    0.000001,   -0.000720,   -0.001179
  170    -0.000008,    0.000045,   -0.000020,    0.000883,    0.000506
  171    -0.000003,    0.000010,   -0.000006,   -0.000899,   -0.001150
  172     0.000002,    0.000005,   -0.000002,    0.000121,    0.000153
  173    -0.000002,    0.000004,   -0.000003,   -0.000041,   -0.000131
  174     0.000003,    0.000009,   -0.000002,    0.000131,    0.000138
  175    -0.000007,   -0.000004,   -0.000000,   -0.000219,   -0.000311
  176    -0.000004,    0.000001,   -0.000003,   -0.000079,   -0.000174
  177     0.000109,    0.000228,   -0.000106,   -0.005644,   -0.004843
  178     0.000171,    0.000259,   -0.000108,   -0.003674,   -0.002054
  179     0.000062,    0.000022,   -0.000032,   -0.004474,   -0.004464
  180    -0.000007,   -0.000003,    0.000002,   -0.000206,   -0.000225
  181    -0.000007,   -0.000003,    0.000001,    0.000323,    0.000103
  182    -0.000009,   -0.000022,    0.000008,    0.000161,    0.000045
  183    -0.000018,   -0.000015,    0.000006,   -0.000169,   -0.000348
  184    -0.000021,    0.000024,   -0.000015,   -0.000524,   -0.001478
  185    -0.000011,   -0.000026,   -0.000000,   -0.001157,   -0.001477
  186     0.000000,    0.000003,   -0.000002,   -0.000084,   -0.000112
  187     0.000003,   -0.000003,    0.000001,   -0.000030,    0.000077
  188     0.000001,    0.000007,   -0.000002,    0.000056,    0.000019
  189     0.000005,    0.000001,   -0.000000,    0.000078,    0.000111
  190    -0.000003,    0.000001,   -0.000001,    0.000026,   -0.000061
  191    -0.000000,    0.000000,   -0.000000,   -0.000001,   -0.000007
  192    -0.000000,   -0.000000,    0.000000,   -0.000006,   -0.000003
  193     0.000026,   -0.000042,    0.000015,    0.000030,    0.001088
  194     0.000272,   -0.000431,    0.000156,    0.000546,    0.011478
  195    -0.000778,    0.001235,   -0.000456,   -0.001502,   -0.032837
  196    -0.000161,    0.000236,   -0.000083,   -0.000450,   -0.006449
  197    -0.000000,   -0.000000,    0.000000,   -0.000039,    0.000029
  198     0.000001,   -0.000002,    0.000001,   -0.000033,    0.000002
  199     0.000000,    0.000001,   -0.000001,   -0.000001,    0.000024
  200     0.000001,    0.000007,   -0.000005,    0.000918,   -0.000684
  201    -0.000019,    0.000041,   -0.000018,    0.000769,   -0.000048
  202    -0.000004,   -0.000020,    0.000028,    0.000032,   -0.000572
  203    -0.000012,   -0.000017,    0.000016,   -0.004827,    0.003225
  204     0.000086,   -0.000197,    0.000084,   -0.003929,   -0.000178
  205     0.000022,    0.000105,   -0.000145,   -0.000209,    0.002901
  206     0.000005,   -0.000080,    0.000046,   -0.008652,    0.007220
  207     0.000200,   -0.000423,    0.000179,   -0.007314,    0.001441
  208     0.000043,    0.000195,   -0.000264,   -0.000083,    0.005696
  209     0.000018,    0.000024,   -0.000009,   -0.002847,    0.003654
  210     0.000071,   -0.000194,    0.000070,   -0.002557,    0.000388
  211     0.000013,    0.000077,   -0.000102,    0.001096,    0.003567
  212    -0.000000,   -0.000000,   -0.000000,   -0.000001,    0.000000
  213     0.000000,    0.000000,   -0.000000,    0.000000,    0.000001
  214    -0.000000,    0.000000,    0.000000,   -0.000000,   -0.000001
  215     0.000000,    0.000000,   -0.000000,   -0.000001,   -0.000001
  216    -0.000000,   -0.000000,    0.000000,    0.000000,   -0.000000
  217     0.000001,    0.000004,   -0.000001,    0.000082,    0.000018
  218    -0.000001,   -0.000001,    0.000001,    0.000029,    0.000012
  219     0.000001,   -0.000002,    0.000001,   -0.000018,    0.000040
  220    -0.000000,   -0.000000,    0.000000,    0.000023,    0.000016
  221     0.000002,    0.000003,   -0.000000,   -0.000015,    0.000030
  222    -0.000003,   -0.000044,    0.000021,   -0.000845,   -0.000105
  223     0.000004,    0.000007,   -0.000009,   -0.000528,   -0.000430
  224    -0.000007,    0.000020,   -0.000012,    0.000255,   -0.000279
  225     0.000003,    0.000005,   -0.000003,    0.000050,    0.000160
  226    -0.000015,   -0.000020,    0.000003,    0.000173,   -0.000257
  227     0.000021,   -0.000068,    0.000031,   -0.000806,    0.000817
  228     0.000004,    0.000007,   -0.000008,   -0.000254,   -0.000103
  229    -0.000024,    0.000037,   -0.000017,    0.000121,   -0.000912
  230     0.000006,    0.000008,   -0.000001,    0.000705,    0.000946
  231    -0.000016,    0.000007,   -0.000004,    0.000471,   -0.000295
  232    -0.000008,   -0.000017,    0.000006,   -0.000180,   -0.000186
  233     0.000002,    0.000004,   -0.000003,    0.000022,    0.000105
  234    -0.000006,    0.000010,   -0.000006,    0.000150,   -0.000204
  235    -0.000002,   -0.000004,    0.000002,   -0.000031,   -0.000116
  236    -0.000003,    0.000011,   -0.000005,    0.000078,   -0.000132
  237    -0.000000,   -0.000001,    0.000004,    0.000357,    0.000368
  238    -0.000002,    0.000016,   -0.000008,    0.000559,    0.000057
               120,         121,         122,         123,         124
    0     0.000338,   -0.000254,   -0.000165,   -0.000272,   -0.000091
    1     0.001063,   -0.000533,   -0.000293,   -0.000618,   -0.000274
    2    -0.003104,    0.000928,    0.000313,    0.001282,    0.000701
    3    -0.003648,    0.000951,    0.000009,    0.001442,    0.000413
    4     0.002220,   -0.000174,   -0.000262,    0.000178,    0.000929
    5    -0.004535,   -0.000617,   -0.000611,   -0.000595,   -0.000195
    6     0.008973,   -0.002138,   -0.001776,   -0.001846,   -0.002072
    7    -0.015274,    0.000554,    0.000361,    0.000465,   -0.000508
    8    -0.002534,   -0.000356,   -0.000370,   -0.000445,    0.000168
    9     0.006461,   -0.001476,   -0.001071,   -0.001351,   -0.001679
   10    -0.010279,    0.000445,    0.000144,    0.000399,   -0.000332
   11    -0.001840,   -0.000086,   -0.000071,    0.000014,   -0.000422
   12     0.001421,   -0.000363,   -0.000159,   -0.000534,   -0.000521
   13    -0.003599,    0.000233,   -0.000154,    0.000277,   -0.000024
   14    -0.000363,    0.000046,    0.000058,    0.000104,    0.000027
   15    -0.001546,    0.000117,   -0.000172,    0.000173,    0.000081
   16     0.000391,   -0.000049,   -0.000057,   -0.000058,   -0.000061
   17     0.000068,    0.000016,   -0.000052,    0.000030,    0.000034
   18    -0.000530,   -0.000058,   -0.000099,    0.000121,   -0.000090
   19    -0.000696,    0.000020,    0.000031,    0.000178,   -0.000008
   20    -0.002919,    0.000258,   -0.000439,    0.000396,    0.000236
   21     0.000232,   -0.000079,   -0.000048,   -0.000046,   -0.000276
   22    -0.000321,    0.000036,   -0.000097,    0.000068,    0.000074
   23    -0.000560,   -0.000047,   -0.000163,    0.000239,   -0.000042
   24     0.000192,    0.000021,    0.000032,   -0.000073,    0.000043
   25     0.000306,   -0.000034,    0.000064,   -0.000053,   -0.000035
   26    -0.000049,    0.000024,    0.000017,    0.000017,    0.000013
   27    -0.000269,    0.000031,   -0.000059,    0.000049,    0.000034
   28    -0.000056,    0.000003,    0.000003,    0.000022,    0.000000
   29    -0.000224,    0.000021,   -0.000045,    0.000037,    0.000025
   30    -0.000139,    0.000032,    0.000019,    0.000043,    0.000024
   31    -0.004516,    0.000102,   -0.000366,    0.000147,   -0.000308
   32    -0.005544,    0.000089,   -0.000411,    0.000039,   -0.000176
   33    -0.003247,    0.000167,   -0.000294,    0.000106,    0.000044
   34    -0.000236,   -0.000005,   -0.000025,   -0.000003,   -0.000009
   35     0.000326,   -0.000023,   -0.000023,   -0.000029,    0.000012
   36     0.000131,    0.000010,    0.000030,    0.000002,    0.000036
   37     0.000103,   -0.000028,    0.000002,   -0.000056,   -0.000020
   38     0.000485,   -0.000031,   -0.000069,   -0.000026,   -0.000088
   39    -0.000113,    0.000047,   -0.000002,    0.000042,   -0.000017
   40     0.000020,   -0.000003,   -0.000001,    0.000004,   -0.000001
   41    -0.000085,    0.000005,    0.000007,    0.000011,    0.000003
   42     0.000063,   -0.000007,   -0.000014,   -0.000005,   -0.000005
   43     0.000025,    0.000003,    0.000009,    0.000009,   -0.000001
   44    -0.000006,   -0.000005,   -0.000017,    0.000001,   -0.000003
   45     0.009274,   -0.000544,   -0.000132,   -0.000602,   -0.000214
   46     0.012015,   -0.000653,   -0.000140,   -0.000859,   -0.000092
   47     0.005610,   -0.000294,    0.000249,   -0.000566,   -0.000248
   48     0.000245,   -0.000029,   -0.000008,   -0.000034,   -0.000013
   49    -0.000291,   -0.000008,    0.000015,   -0.000024,   -0.000024
   50     0.000577,   -0.000042,   -0.000027,   -0.000036,   -0.000025
   51    -0.000219,   -0.000026,   -0.000045,   -0.000028,    0.000025
   52    -0.000380,   -0.000049,    0.000017,   -0.000058,   -0.000126
   53     0.000333,   -0.000011,   -0.000072,    0.000007,    0.000042
   54     0.000006,    0.000001,    0.000002,    0.000005,   -0.000005
   55    -0.000054,   -0.000004,    0.000003,   -0.000013,   -0.000009
   56     0.000048,   -0.000010,   -0.000002,   -0.000012,   -0.000013
   57     0.000058,   -0.000010,   -0.000001,   -0.000017,   -0.000002
   58     0.000018,   -0.000011,    0.000002,   -0.000012,   -0.000013
   59    -0.003583,   -0.000018,   -0.000192,    0.000287,    0.000082
   60    -0.004834,   -0.000181,   -0.000215,    0.000327,   -0.000333
   61    -0.001637,   -0.000078,   -0.000105,    0.000176,    0.000023
   62     0.000304,   -0.000008,    0.000009,   -0.000021,   -0.000015
   63     0.000058,   -0.000037,   -0.000034,   -0.000014,   -0.000040
   64    -0.000223,    0.000009,    0.000005,    0.000008,   -0.000007
   65     0.000359,    0.000020,   -0.000016,   -0.000001,    0.000106
   66     0.000103,   -0.000073,   -0.000055,   -0.000036,   -0.000052
   67    -0.000298,    0.000008,    0.000027,   -0.000001,   -0.000026
   68    -0.000017,    0.000020,    0.000019,    0.000002,    0.000021
   69    -0.000039,    0.000003,   -0.000005,    0.000005,    0.000002
   70     0.000008,    0.000001,   -0.000001,    0.000001,    0.000002
   71     0.000070,   -0.000002,   -0.000007,    0.000001,    0.000006
   72    -0.000048,    0.000005,    0.000003,    0.000005,    0.000003
   73    -0.009596,    0.000913,   -0.001722,    0.002569,    0.002884
   74    -0.015506,    0.001660,   -0.003100,    0.004708,    0.004263
   75     0.013309,   -0.002159,    0.003903,   -0.006297,   -0.002107
   76     0.012439,   -0.001909,    0.003418,   -0.005449,   -0.001076
   77    -0.001051,   -0.000225,    0.000494,   -0.001390,   -0.001972
   78     0.013332,    0.002739,    0.002362,   -0.003870,    0.005570
   79    -0.019843,    0.002356,   -0.000563,    0.007157,    0.001444
   80     0.043597,   -0.004215,    0.007911,   -0.006697,   -0.004476
   81     0.008905,    0.001873,    0.001469,   -0.002508,    0.004066
   82    -0.012761,    0.001520,   -0.000191,    0.004684,    0.000452
   83     0.029900,   -0.002863,    0.005378,   -0.004572,   -0.002961
   84     0.002336,    0.000410,    0.000364,   -0.000614,    0.001192
   85    -0.004806,    0.000344,   -0.000027,    0.001106,   -0.000380
   86     0.007280,   -0.000878,    0.001637,   -0.001401,   -0.000611
   87    -0.000646,    0.000103,    0.000025,    0.000154,   -0.000009
   88    -0.002068,    0.000152,   -0.000265,    0.000244,    0.000145
   89     0.000914,   -0.000025,    0.000052,   -0.000303,    0.000114
   90     0.001109,   -0.000055,    0.000146,   -0.000124,   -0.000064
   91    -0.000550,   -0.000137,   -0.000091,    0.000106,   -0.000275
   92    -0.000440,    0.000137,    0.000087,    0.000056,   -0.000224
   93    -0.003119,    0.000129,   -0.000203,    0.000230,    0.000099
   94     0.000761,   -0.000018,   -0.000019,   -0.000305,    0.000415
   95     0.001923,   -0.000011,    0.000137,   -0.000123,   -0.000046
   96    -0.000722,   -0.000179,   -0.000068,    0.000034,   -0.000494
   97    -0.000010,    0.000003,    0.000006,   -0.000000,    0.000067
   98    -0.000055,    0.000004,    0.000005,    0.000001,   -0.000007
   99    -0.000093,    0.000001,   -0.000046,    0.000037,   -0.000050
  100     0.000104,    0.000018,   -0.000031,    0.000019,    0.000028
  101     0.000023,   -0.000047,   -0.000001,   -0.000019,   -0.000079
  102    -0.000088,   -0.000011,   -0.000002,    0.000000,   -0.000006
  103     0.000043,    0.000028,   -0.000049,    0.000024,    0.000063
  104    -0.007533,    0.000866,   -0.001617,   -0.000946,    0.001608
  105    -0.009745,    0.001158,   -0.002063,   -0.000809,    0.001557
  106    -0.006344,    0.000399,   -0.000725,    0.000008,    0.000854
  107     0.000399,    0.000011,    0.000094,   -0.000024,    0.000034
  108    -0.000725,    0.000094,   -0.000117,    0.000044,    0.000119
  109    -0.000008,    0.000024,   -0.000044,   -0.000194,    0.000083
  110     0.000854,    0.000034,    0.000119,   -0.000083,    0.000210
  111    -0.000772,    0.000121,   -0.000108,    0.000131,    0.000068
  112     0.000795,   -0.000020,    0.000078,   -0.000306,   -0.000173
  113     0.000121,   -0.000001,    0.000022,   -0.000021,    0.000014
  114    -0.000091,    0.000019,   -0.000008,   -0.000004,    0.000021
  115     0.000262,   -0.000018,    0.000036,   -0.000080,   -0.000015
  116     0.000080,    0.000018,    0.000019,    0.000001,    0.000048
  117     0.000053,   -0.000019,    0.000005,   -0.000013,   -0.000029
  118     0.025904,   -0.002094,    0.003957,   -0.005724,   -0.001552
  119     0.030562,   -0.002427,    0.004670,   -0.006561,   -0.002385
  120     0.012964,   -0.000634,    0.001283,   -0.001791,   -0.000750
  121    -0.000634,    0.000121,   -0.000102,    0.000144,    0.000146
  122     0.001283,   -0.000102,    0.000257,   -0.000270,   -0.000092
  123    -0.001791,    0.000144,   -0.000270,    0.000462,    0.000092
  124    -0.000750,    0.000146,   -0.000092,    0.000092,    0.000410
  125     0.000870,   -0.000083,    0.000270,   -0.000178,   -0.000156
  126    -0.001126,    0.000097,   -0.000216,    0.000408,    0.000288
  127    -0.000090,    0.000025,   -0.000024,    0.000018,    0.000040
  128    -0.000260,    0.000014,   -0.000056,    0.000057,    0.000017
  129     0.000114,   -0.000001,    0.000003,   -0.000054,    0.000006
  130     0.000128,   -0.000037,    0.000015,   -0.000030,   -0.000071
  131    -0.000071,   -0.000004,   -0.000026,    0.000012,   -0.000015
  132     0.000424,    0.000314,    0.000158,   -0.000253,    0.002137
  133     0.001080,    0.000595,    0.000321,   -0.000585,    0.003668
  134    -0.002594,   -0.000817,   -0.000549,    0.001228,   -0.004097
  135    -0.003198,   -0.000448,   -0.000695,    0.001410,   -0.003224
  136     0.002826,    0.000107,   -0.000120,    0.000169,    0.002963
  137    -0.007496,   -0.002692,   -0.000733,    0.001824,   -0.004122
  138     0.009042,    0.000779,    0.000092,   -0.000278,    0.004967
  139    -0.018402,   -0.000706,   -0.000185,    0.000374,   -0.000741
  140    -0.005300,   -0.001737,   -0.000620,    0.001377,   -0.002734
  141     0.006612,    0.000567,    0.000113,   -0.000248,    0.003417
  142    -0.015316,   -0.000399,   -0.000347,    0.000446,   -0.000268
  143    -0.000708,   -0.000292,   -0.000195,    0.000490,   -0.000479
  144     0.002501,    0.000154,    0.000057,   -0.000229,    0.000295
  145    -0.003826,    0.000011,   -0.000329,    0.000316,   -0.000158
  146    -0.000671,    0.000049,   -0.000007,    0.000156,    0.000034
  147    -0.001644,    0.000000,   -0.000064,    0.000065,    0.000068
  148     0.000465,    0.000088,    0.000004,   -0.000052,    0.000188
  149     0.001245,   -0.000088,    0.000192,   -0.000167,   -0.000074
  150    -0.000499,   -0.000142,   -0.000004,    0.000052,   -0.000225
  151    -0.000944,    0.000114,   -0.000020,    0.000265,    0.000346
  152    -0.003948,    0.000072,   -0.000208,    0.000189,    0.000334
  153     0.000487,    0.000131,    0.000033,   -0.000041,    0.000124
  154     0.003340,   -0.000234,    0.000488,   -0.000420,   -0.000263
  155    -0.000839,   -0.000124,    0.000024,    0.000042,   -0.000151
  156    -0.000027,    0.000044,   -0.000004,    0.000068,    0.000052
  157     0.000180,    0.000009,   -0.000007,    0.000006,   -0.000017
  158     0.000064,   -0.000008,   -0.000003,   -0.000012,   -0.000005
  159    -0.000488,    0.000032,   -0.000062,    0.000052,    0.000058
  160     0.000032,    0.000026,    0.000011,   -0.000024,    0.000041
  161     0.000282,   -0.000045,    0.000080,   -0.000067,   -0.000035
  162    -0.000178,   -0.000034,   -0.000014,    0.000048,   -0.000062
  163     0.011970,    0.000494,    0.000337,   -0.000555,    0.000854
  164     0.012889,    0.000598,    0.000303,   -0.000679,    0.001110
  165     0.007608,    0.000047,    0.000374,   -0.000532,   -0.000190
  166     0.000223,   -0.000000,   -0.000027,    0.000041,   -0.000009
  167    -0.000359,   -0.000024,   -0.000008,    0.000013,    0.000011
  168     0.000735,    0.000052,    0.000014,   -0.000030,    0.000087
  169     0.000244,   -0.000036,   -0.000059,    0.000077,   -0.000021
  170     0.001072,   -0.000020,    0.000043,   -0.000036,    0.000132
  171    -0.000588,    0.000068,   -0.000067,    0.000046,    0.000188
  172    -0.000020,    0.000002,    0.000011,   -0.000009,    0.000014
  173     0.000001,   -0.000003,   -0.000002,    0.000004,    0.000021
  174     0.000084,    0.000009,    0.000005,   -0.000010,    0.000033
  175     0.000002,   -0.000003,   -0.000012,    0.000022,   -0.000001
  176     0.000063,   -0.000003,   -0.000005,    0.000009,    0.000011
  177    -0.005969,    0.000245,   -0.000306,    0.000162,    0.000755
  178    -0.005485,    0.000224,   -0.000219,   -0.000028,    0.000726
  179    -0.005028,    0.000179,   -0.000281,    0.000110,    0.000387
  180    -0.000235,   -0.000040,   -0.000000,    0.000025,   -0.000043
  181     0.000388,    0.000001,    0.000009,   -0.000011,    0.000047
  182     0.000189,   -0.000031,    0.000009,    0.000000,   -0.000073
  183    -0.000295,   -0.000093,    0.000010,    0.000034,   -0.000074
  184    -0.000388,    0.000042,   -0.000045,    0.000038,    0.000358
  185    -0.000954,   -0.000004,   -0.000065,    0.000064,   -0.000002
  186     0.000020,    0.000016,   -0.000005,    0.000004,    0.000022
  187    -0.000047,    0.000001,   -0.000000,   -0.000001,   -0.000031
  188     0.000082,    0.000016,   -0.000002,   -0.000005,    0.000047
  189     0.000035,    0.000015,   -0.000002,   -0.000012,    0.000014
  190    -0.000025,   -0.000008,    0.000004,    0.000002,    0.000021
  191    -0.000001,   -0.000000,   -0.000000,    0.000000,    0.000002
  192    -0.000006,   -0.000000,   -0.000000,    0.000000,   -0.000001
  193     0.000117,    0.000019,    0.000022,   -0.000009,   -0.000358
  194     0.001412,    0.000207,    0.000238,   -0.000108,   -0.003685
  195    -0.003573,   -0.000564,   -0.000660,    0.000329,    0.010539
  196    -0.001054,   -0.000149,   -0.000142,    0.000057,    0.002004
  197     0.000043,    0.000004,   -0.000002,    0.000004,   -0.000017
  198    -0.000063,    0.000001,    0.000002,    0.000001,   -0.000013
  199     0.000169,    0.000002,   -0.000002,    0.000002,   -0.000021
  200    -0.000997,   -0.000094,    0.000056,   -0.000089,    0.000400
  201     0.001469,   -0.000018,   -0.000041,   -0.000031,    0.000293
  202    -0.003952,   -0.000044,    0.000047,   -0.000036,    0.000486
  203     0.005244,    0.000505,   -0.000293,    0.000474,   -0.001963
  204    -0.007545,    0.000079,    0.000208,    0.000163,   -0.001377
  205     0.020630,    0.000238,   -0.000251,    0.000189,   -0.002523
  206     0.009552,    0.000914,   -0.000505,    0.000833,   -0.003995
  207    -0.014016,    0.000184,    0.000424,    0.000280,   -0.003117
  208     0.037702,    0.000417,   -0.000435,    0.000327,   -0.004631
  209     0.004766,    0.000493,   -0.000169,    0.000294,   -0.001388
  210    -0.005280,   -0.000000,    0.000183,    0.000105,   -0.001260
  211     0.017362,    0.000198,   -0.000140,    0.000090,   -0.001972
  212    -0.000001,   -0.000000,    0.000000,    0.000000,   -0.000000
  213     0.000001,   -0.000000,    0.000000,   -0.000000,   -0.000000
  214     0.000000,   -0.000000,   -0.000000,    0.000000,    0.000000
  215    -0.000001,   -0.000000,   -0.000000,    0.000000,   -0.000000
  216     0.000001,   -0.000000,   -0.000000,    0.000000,   -0.000000
  217     0.000060,    0.000004,    0.000001,   -0.000005,    0.000030
  218     0.000003,    0.000002,    0.000001,   -0.000001,    0.000009
  219    -0.000033,   -0.000000,    0.000000,   -0.000000,   -0.000018
  220     0.000018,    0.000001,    0.000001,   -0.000001,    0.000003
  221    -0.000041,    0.000011,    0.000002,   -0.000001,    0.000009
  222    -0.000499,   -0.000028,   -0.000025,    0.000060,   -0.000339
  223    -0.000149,   -0.000009,   -0.000025,    0.000026,   -0.000070
  224     0.000288,    0.000001,    0.000003,   -0.000008,    0.000179
  225     0.000074,   -0.000014,    0.000007,   -0.000004,   -0.000047
  226     0.000320,   -0.000080,   -0.000018,    0.000001,   -0.000025
  227    -0.000396,    0.000009,   -0.000006,    0.000050,   -0.000593
  228     0.000308,   -0.000006,   -0.000013,    0.000015,   -0.000100
  229     0.000236,   -0.000016,   -0.000015,    0.000009,    0.000327
  230     0.000640,   -0.000027,    0.000043,   -0.000037,   -0.000088
  231     0.000511,   -0.000068,   -0.000028,   -0.000025,    0.000162
  232     0.000033,   -0.000037,   -0.000016,    0.000021,   -0.000088
  233     0.000117,   -0.000008,    0.000003,   -0.000001,   -0.000040
  234     0.000166,   -0.000011,   -0.000003,   -0.000005,    0.000103
  235    -0.000111,    0.000009,   -0.000004,    0.000002,    0.000040
  236     0.000065,    0.000006,    0.000002,   -0.000003,    0.000085
  237     0.000104,   -0.000005,    0.000020,   -0.000019,    0.000015
  238     0.000318,   -0.000016,    0.000006,   -0.000041,    0.000171
               125,         126,         127,         128,         129
    0    -0.002336,    0.001334,   -0.000004,    0.000265,    0.000144
    1    -0.003592,    0.001765,   -0.000033,    0.000417,    0.000261
    2     0.002369,    0.000032,    0.000132,   -0.000307,   -0.000350
    3     0.001632,    0.000020,    0.000142,   -0.000165,   -0.000310
    4    -0.000362,    0.001852,    0.000034,    0.000065,   -0.000122
    5    -0.001954,   -0.000671,    0.000185,    0.000213,    0.000219
    6    -0.005112,   -0.000102,   -0.000125,    0.000850,    0.000628
    7     0.001633,   -0.002147,    0.000042,   -0.000138,   -0.000188
    8    -0.001346,   -0.000199,    0.000144,    0.000133,    0.000145
    9    -0.003173,   -0.000515,   -0.000104,    0.000524,    0.000434
   10     0.000979,   -0.001397,    0.000047,   -0.000078,   -0.000118
   11    -0.000145,   -0.000532,    0.000010,    0.000020,    0.000027
   12    -0.000751,   -0.000544,   -0.000035,    0.000109,    0.000164
   13     0.000074,   -0.000328,    0.000039,    0.000009,   -0.000017
   14     0.000208,    0.000083,   -0.000010,   -0.000027,   -0.000037
   15    -0.000125,   -0.000015,    0.000024,    0.000026,    0.000009
   16    -0.000164,   -0.000023,   -0.000001,    0.000028,    0.000023
   17    -0.000079,    0.000059,    0.000006,    0.000010,    0.000008
   18    -0.000131,    0.000167,   -0.000007,    0.000034,   -0.000023
   19     0.000215,    0.000189,   -0.000023,   -0.000020,   -0.000055
   20    -0.000404,    0.000095,    0.000058,    0.000072,    0.000033
   21    -0.000084,   -0.000243,   -0.000012,    0.000022,    0.000022
   22    -0.000121,    0.000075,    0.000010,    0.000018,    0.000012
   23    -0.000216,    0.000422,   -0.000007,    0.000057,   -0.000050
   24     0.000017,   -0.000106,    0.000009,   -0.000011,    0.000018
   25     0.000067,   -0.000026,   -0.000008,   -0.000011,   -0.000006
   26     0.000055,   -0.000018,    0.000002,   -0.000009,   -0.000004
   27    -0.000064,    0.000027,    0.000008,    0.000010,    0.000006
   28     0.000029,    0.000022,   -0.000003,   -0.000003,   -0.000006
   29    -0.000046,    0.000017,    0.000005,    0.000008,    0.000004
   30     0.000078,    0.000012,    0.000001,   -0.000012,   -0.000011
   31    -0.000156,   -0.000793,    0.000034,    0.000094,    0.000035
   32    -0.000232,   -0.000918,    0.000037,    0.000112,    0.000067
   33    -0.000230,   -0.000492,    0.000041,    0.000056,    0.000067
   34    -0.000040,   -0.000034,    0.000004,    0.000007,    0.000005
   35    -0.000092,    0.000048,    0.000000,    0.000009,    0.000012
   36     0.000029,    0.000043,    0.000000,   -0.000010,   -0.000004
   37    -0.000057,   -0.000038,    0.000006,    0.000005,    0.000010
   38    -0.000188,   -0.000015,    0.000003,    0.000025,    0.000025
   39     0.000009,   -0.000039,    0.000007,   -0.000007,    0.000001
   40     0.000002,    0.000012,   -0.000002,    0.000000,   -0.000001
   41     0.000033,   -0.000000,   -0.000001,   -0.000003,   -0.000005
   42    -0.000028,    0.000003,    0.000000,    0.000005,    0.000004
   43     0.000023,    0.000011,   -0.000002,   -0.000003,   -0.000004
   44    -0.000035,    0.000008,    0.000001,    0.000005,    0.000003
   45    -0.000850,    0.000596,   -0.000054,    0.000109,    0.000129
   46    -0.001144,    0.000832,   -0.000056,    0.000130,    0.000186
   47    -0.000091,   -0.000079,   -0.000039,   -0.000018,    0.000067
   48    -0.000051,    0.000004,    0.000001,    0.000006,    0.000007
   49     0.000008,   -0.000062,   -0.000000,   -0.000001,    0.000001
   50    -0.000077,    0.000038,   -0.000004,    0.000013,    0.000010
   51    -0.000103,   -0.000012,    0.000006,    0.000014,    0.000015
   52    -0.000014,   -0.000172,   -0.000008,    0.000008,    0.000008
   53    -0.000122,    0.000114,    0.000004,    0.000020,    0.000009
   54     0.000006,    0.000007,   -0.000001,   -0.000000,   -0.000002
   55    -0.000009,   -0.000022,    0.000000,    0.000001,    0.000003
   56    -0.000011,   -0.000010,   -0.000001,    0.000003,    0.000002
   57    -0.000018,   -0.000008,    0.000001,    0.000002,    0.000004
   58    -0.000011,   -0.000005,   -0.000001,    0.000002,    0.000001
   59    -0.000131,    0.000004,    0.000091,    0.000013,   -0.000056
   60    -0.000008,   -0.000309,    0.000059,    0.000006,   -0.000069
   61    -0.000120,    0.000293,    0.000008,    0.000026,   -0.000046
   62    -0.000013,    0.000028,   -0.000010,    0.000004,    0.000004
   63    -0.000081,    0.000013,   -0.000002,    0.000015,    0.000006
   64     0.000023,   -0.000031,    0.000001,   -0.000002,   -0.000003
   65    -0.000118,    0.000186,    0.000003,    0.000017,    0.000002
   66    -0.000148,    0.000051,   -0.000006,    0.000027,    0.000011
   67     0.000061,   -0.000064,   -0.000000,   -0.000007,   -0.000007
   68     0.000042,   -0.000018,    0.000002,   -0.000009,   -0.000002
   69    -0.000004,    0.000000,    0.000001,    0.000001,    0.000000
   70    -0.000006,    0.000008,   -0.000000,    0.000001,    0.000000
   71    -0.000015,    0.000015,    0.000000,    0.000002,    0.000002
   72     0.000018,   -0.000012,    0.000001,   -0.000003,   -0.000001
   73    -0.005392,    0.008598,    0.000666,    0.001417,   -0.000945
   74    -0.008128,    0.012830,    0.000985,    0.002107,   -0.001397
   75     0.004637,   -0.006996,   -0.000494,   -0.001099,    0.000730
   76     0.004084,   -0.005114,   -0.000438,   -0.001010,    0.000608
   77    -0.000025,   -0.004025,   -0.000043,   -0.000042,    0.000417
   78     0.001733,   -0.004592,    0.000786,   -0.000872,    0.000949
   79     0.003970,    0.006927,   -0.000092,   -0.000156,   -0.001702
   80     0.007952,   -0.002822,   -0.000987,   -0.001342,   -0.000675
   81     0.000825,   -0.002503,    0.000554,   -0.000526,    0.000613
   82     0.003264,    0.003799,   -0.000112,   -0.000211,   -0.001120
   83     0.005338,   -0.001803,   -0.000667,   -0.000908,   -0.000451
   84     0.000176,   -0.000234,    0.000120,   -0.000130,    0.000133
   85     0.000731,    0.000280,   -0.000056,   -0.000035,   -0.000220
   86     0.001601,   -0.000436,   -0.000208,   -0.000266,   -0.000128
   87     0.000196,   -0.000065,    0.000008,   -0.000023,   -0.000031
   88    -0.000220,    0.000027,    0.000033,    0.000043,    0.000018
   89    -0.000146,   -0.000217,    0.000019,   -0.000004,    0.000072
   90     0.000106,    0.000004,   -0.000011,   -0.000025,   -0.000009
   91    -0.000090,    0.000085,   -0.000031,    0.000034,   -0.000026
   92     0.000371,   -0.000645,    0.000020,   -0.000058,    0.000003
   93    -0.000047,   -0.000153,    0.000020,    0.000030,    0.000001
   94    -0.000463,    0.000231,    0.000037,    0.000043,    0.000074
   95     0.000011,    0.000120,    0.000004,   -0.000023,   -0.000002
   96    -0.000044,   -0.000261,   -0.000040,    0.000023,   -0.000001
   97    -0.000004,    0.000079,    0.000002,   -0.000002,   -0.000004
   98     0.000012,   -0.000014,    0.000001,   -0.000002,   -0.000001
   99    -0.000059,   -0.000028,    0.000001,    0.000012,    0.000004
  100    -0.000059,    0.000052,    0.000006,    0.000006,    0.000005
  101    -0.000012,   -0.000012,   -0.000010,    0.000006,   -0.000001
  102     0.000011,   -0.000017,   -0.000003,    0.000001,   -0.000001
  103    -0.000113,    0.000062,    0.000012,    0.000016,    0.000007
  104    -0.002477,   -0.002572,    0.000357,    0.000176,    0.000880
  105    -0.002784,   -0.003512,    0.000414,    0.000195,    0.001050
  106    -0.000772,   -0.000795,    0.000121,    0.000091,    0.000262
  107     0.000121,    0.000020,   -0.000001,   -0.000019,   -0.000018
  108    -0.000108,   -0.000078,    0.000022,    0.000008,    0.000036
  109    -0.000131,   -0.000306,    0.000021,   -0.000004,    0.000080
  110     0.000068,    0.000173,    0.000014,   -0.000021,   -0.000015
  111     0.000013,   -0.000081,    0.000014,   -0.000009,    0.000018
  112     0.000081,   -0.000689,    0.000001,   -0.000045,    0.000096
  113     0.000014,   -0.000001,    0.000001,   -0.000003,   -0.000001
  114     0.000009,   -0.000045,    0.000003,   -0.000005,    0.000009
  115     0.000018,   -0.000096,   -0.000001,   -0.000009,    0.000014
  116     0.000021,    0.000036,    0.000004,   -0.000004,   -0.000005
  117    -0.000008,   -0.000006,   -0.000003,    0.000003,   -0.000001
  118     0.002917,   -0.004277,   -0.000323,   -0.000766,    0.000424
  119     0.003813,   -0.005715,   -0.000412,   -0.000948,    0.000489
  120     0.000870,   -0.001126,   -0.000090,   -0.000260,    0.000114
  121    -0.000083,    0.000097,    0.000025,    0.000014,   -0.000001
  122     0.000270,   -0.000216,   -0.000024,   -0.000056,    0.000003
  123    -0.000178,    0.000408,    0.000018,    0.000057,   -0.000054
  124    -0.000156,    0.000288,    0.000040,    0.000017,    0.000006
  125     0.000434,   -0.000274,   -0.000036,   -0.000074,   -0.000018
  126    -0.000274,    0.000823,    0.000020,    0.000071,   -0.000078
  127    -0.000036,    0.000020,    0.000008,    0.000005,    0.000003
  128    -0.000074,    0.000071,    0.000005,    0.000016,   -0.000003
  129    -0.000018,   -0.000078,    0.000003,   -0.000003,    0.000017
  130     0.000015,   -0.000050,   -0.000008,   -0.000002,    0.000002
  131    -0.000041,    0.000006,    0.000001,    0.000008,    0.000002
  132    -0.001106,    0.001379,    0.000249,   -0.000030,    0.000120
  133    -0.001631,    0.002166,    0.000419,   -0.000059,    0.000212
  134     0.000806,   -0.001763,   -0.000423,    0.000090,   -0.000251
  135     0.000436,   -0.001179,   -0.000291,    0.000146,   -0.000258
  136    -0.000492,    0.003951,    0.000099,    0.000019,   -0.000197
  137     0.000275,    0.003320,   -0.000724,    0.000334,   -0.000752
  138    -0.000990,    0.005170,    0.000209,   -0.000045,   -0.000080
  139     0.001873,   -0.002818,   -0.000268,    0.000005,   -0.000163
  140    -0.000023,    0.002390,   -0.000476,    0.000268,   -0.000513
  141    -0.000639,    0.003417,    0.000154,   -0.000049,   -0.000040
  142     0.001121,   -0.001895,   -0.000169,    0.000045,   -0.000094
  143     0.000064,    0.000739,   -0.000082,    0.000053,   -0.000157
  144    -0.000085,   -0.000139,    0.000039,   -0.000029,    0.000066
  145     0.000069,   -0.000490,   -0.000014,    0.000045,   -0.000010
  146     0.000093,    0.000144,   -0.000002,   -0.000003,   -0.000037
  147     0.000027,   -0.000087,   -0.000006,    0.000012,   -0.000001
  148    -0.000062,   -0.000005,    0.000026,   -0.000004,    0.000022
  149     0.000155,   -0.000010,   -0.000019,   -0.000031,   -0.000013
  150     0.000046,    0.000101,   -0.000045,    0.000008,   -0.000029
  151     0.000076,    0.000588,    0.000005,    0.000001,   -0.000071
  152    -0.000106,   -0.000001,    0.000007,    0.000043,    0.000014
  153     0.000033,   -0.000194,    0.000036,   -0.000021,    0.000023
  154     0.000425,   -0.000086,   -0.000051,   -0.000082,   -0.000036
  155     0.000054,    0.000142,   -0.000051,    0.000001,   -0.000023
  156     0.000043,    0.000074,    0.000006,   -0.000004,   -0.000016
  157    -0.000014,    0.000005,    0.000003,    0.000000,    0.000001
  158    -0.000013,   -0.000007,    0.000000,    0.000001,    0.000002
  159    -0.000063,    0.000030,    0.000007,    0.000011,    0.000006
  160    -0.000005,   -0.000038,    0.000008,   -0.000003,    0.000008
  161     0.000088,   -0.000035,   -0.000011,   -0.000013,   -0.000007
  162     0.000020,    0.000059,   -0.000013,    0.000003,   -0.000015
  163    -0.000600,    0.001060,    0.000142,   -0.000083,    0.000109
  164    -0.000833,    0.001130,    0.000171,   -0.000076,    0.000171
  165    -0.000027,   -0.000108,    0.000035,   -0.000081,    0.000062
  166    -0.000044,    0.000116,   -0.000001,    0.000006,   -0.000007
  167     0.000026,    0.000010,   -0.000005,    0.000002,   -0.000007
  168    -0.000041,    0.000064,    0.000012,   -0.000006,    0.000009
  169    -0.000070,    0.000244,   -0.000011,    0.000014,   -0.000018
  170     0.000010,    0.000261,    0.000005,   -0.000009,   -0.000021
  171    -0.000080,    0.000094,    0.000009,    0.000012,    0.000011
  172     0.000012,   -0.000009,    0.000000,   -0.000002,    0.000000
  173    -0.000003,    0.000036,    0.000000,    0.000001,   -0.000003
  174     0.000001,    0.000010,    0.000002,   -0.000002,    0.000001
  175    -0.000007,    0.000050,   -0.000002,    0.000002,   -0.000005
  176    -0.000006,    0.000045,   -0.000001,    0.000001,   -0.000003
  177     0.000301,   -0.000834,    0.000003,    0.000011,    0.000033
  178     0.000416,   -0.001164,   -0.000006,   -0.000011,    0.000061
  179    -0.000044,   -0.000652,    0.000026,    0.000037,    0.000072
  180     0.000047,    0.000018,   -0.000014,    0.000001,   -0.000015
  181    -0.000044,    0.000127,    0.000004,    0.000001,   -0.000001
  182    -0.000022,    0.000047,   -0.000002,    0.000003,   -0.000004
  183     0.000084,    0.000103,   -0.000029,    0.000001,   -0.000031
  184    -0.000109,    0.000379,    0.000018,    0.000012,   -0.000008
  185    -0.000052,   -0.000017,    0.000004,    0.000015,    0.000003
  186    -0.000014,    0.000009,    0.000004,    0.000000,    0.000002
  187     0.000011,   -0.000051,   -0.000001,   -0.000001,    0.000002
  188    -0.000016,    0.000027,    0.000004,   -0.000000,    0.000003
  189    -0.000019,   -0.000027,    0.000005,    0.000000,    0.000007
  190     0.000006,    0.000042,   -0.000002,   -0.000000,   -0.000004
  191    -0.000000,    0.000003,    0.000000,    0.000000,   -0.000000
  192     0.000000,   -0.000001,   -0.000000,    0.000000,   -0.000000
  193     0.000076,   -0.000491,   -0.000013,   -0.000011,    0.000026
  194     0.000774,   -0.005069,   -0.000128,   -0.000117,    0.000272
  195    -0.002233,    0.014564,    0.000361,    0.000329,   -0.000778
  196    -0.000353,    0.002729,    0.000076,    0.000062,   -0.000161
  197     0.000007,   -0.000027,    0.000001,   -0.000000,   -0.000000
  198     0.000005,   -0.000019,   -0.000001,   -0.000000,    0.000001
  199    -0.000004,   -0.000003,    0.000001,   -0.000000,   -0.000000
  200    -0.000167,    0.000632,   -0.000032,    0.000009,    0.000001
  201    -0.000120,    0.000447,    0.000022,    0.000011,   -0.000019
  202     0.000084,    0.000076,   -0.000021,    0.000010,    0.000004
  203     0.000845,   -0.003137,    0.000174,   -0.000045,   -0.000012
  204     0.000581,   -0.002089,   -0.000111,   -0.000052,    0.000086
  205    -0.000454,   -0.000379,    0.000110,   -0.000051,   -0.000022
  206     0.001676,   -0.006325,    0.000305,   -0.000099,    0.000005
  207     0.001257,   -0.004750,   -0.000213,   -0.000120,    0.000200
  208    -0.000791,   -0.000722,    0.000196,   -0.000098,   -0.000043
  209     0.000669,   -0.002523,    0.000151,   -0.000057,    0.000018
  210     0.000442,   -0.001668,   -0.000110,   -0.000042,    0.000071
  211    -0.000401,   -0.000176,    0.000094,   -0.000049,   -0.000013
  212     0.000000,   -0.000001,   -0.000000,   -0.000000,   -0.000000
  213     0.000000,   -0.000000,   -0.000000,   -0.000000,   -0.000000
  214    -0.000000,    0.000001,   -0.000000,    0.000000,   -0.000000
  215     0.000000,   -0.000000,   -0.000000,    0.000000,   -0.000000
  216     0.000000,    0.000000,   -0.000000,   -0.000000,   -0.000000
  217    -0.000015,    0.000034,    0.000001,    0.000001,    0.000001
  218    -0.000005,    0.000010,    0.000001,    0.000000,    0.000001
  219     0.000009,   -0.000031,   -0.000000,   -0.000001,    0.000001
  220    -0.000003,    0.000006,    0.000000,   -0.000000,    0.000000
  221     0.000001,   -0.000018,    0.000002,   -0.000001,    0.000002
  222     0.000096,   -0.000356,   -0.000011,    0.000001,   -0.000003
  223     0.000031,   -0.000086,   -0.000004,    0.000001,   -0.000004
  224    -0.000056,    0.000261,    0.000003,    0.000003,   -0.000007
  225     0.000032,   -0.000046,   -0.000004,   -0.000003,   -0.000003
  226    -0.000037,    0.000174,   -0.000012,    0.000010,   -0.000015
  227     0.000152,   -0.000764,   -0.000014,   -0.000008,    0.000021
  228     0.000023,   -0.000071,   -0.000002,   -0.000002,   -0.000004
  229    -0.000090,    0.000503,    0.000006,    0.000010,   -0.000024
  230     0.000050,   -0.000041,   -0.000006,   -0.000009,   -0.000006
  231    -0.000091,    0.000347,    0.000002,    0.000014,   -0.000016
  232     0.000006,   -0.000005,   -0.000007,    0.000005,   -0.000008
  233     0.000020,   -0.000032,   -0.000002,   -0.000002,   -0.000002
  234    -0.000036,    0.000169,    0.000001,    0.000003,   -0.000006
  235    -0.000021,    0.000033,    0.000002,    0.000002,    0.000002
  236    -0.000021,    0.000105,    0.000002,    0.000001,   -0.000003
  237     0.000004,    0.000021,   -0.000001,   -0.000003,    0.000000
  238    -0.000061,    0.000225,    0.000003,    0.000003,   -0.000002
               130,         131,         132,         133,         134
    0     0.000185,    0.000277,   -0.000758,   -0.001649,    0.003600
    1     0.000312,    0.000452,   -0.001670,   -0.003641,    0.007654
    2    -0.000317,   -0.000405,    0.003247,    0.007278,   -0.014910
    3    -0.000276,   -0.000284,    0.004123,    0.006565,   -0.005199
    4    -0.000079,   -0.000042,   -0.003637,   -0.002648,   -0.012078
    5     0.000172,    0.000382,   -0.007361,   -0.016244,    0.033031
    6     0.000975,    0.000814,   -0.001353,   -0.002932,    0.004099
    7    -0.000133,   -0.000326,   -0.000000,   -0.000000,   -0.000000
    8     0.000061,    0.000233,   -0.000400,   -0.004363,    0.019496
    9     0.000687,    0.000538,   -0.001310,   -0.003049,    0.005406
   10    -0.000100,   -0.000213,    0.000000,    0.000000,   -0.000000
   11     0.000069,    0.000077,   -0.000549,   -0.002865,    0.011034
   12     0.000191,    0.000141,    0.000020,   -0.000510,    0.002636
   13    -0.000045,   -0.000043,    0.000000,   -0.000000,    0.000000
   14    -0.000021,   -0.000030,   -0.000095,   -0.000132,    0.000012
   15    -0.000021,    0.000004,   -0.000000,   -0.000000,   -0.000000
   16     0.000027,    0.000024,    0.000213,    0.000390,   -0.000571
   17    -0.000002,    0.000009,    0.000000,    0.000000,   -0.000000
   18     0.000026,    0.000028,   -0.000742,   -0.001575,    0.002882
   19    -0.000009,   -0.000028,   -0.000741,   -0.001123,    0.000628
   20    -0.000046,    0.000027,    0.000000,    0.000000,   -0.000000
   21     0.000056,    0.000033,   -0.001337,   -0.001999,    0.001135
   22    -0.000006,    0.000013,   -0.000000,   -0.000000,    0.000000
   23     0.000018,    0.000031,    0.000622,   -0.000106,    0.004419
   24    -0.000010,   -0.000005,    0.000284,    0.000586,   -0.000981
   25     0.000006,   -0.000005,    0.000000,    0.000000,   -0.000000
   26    -0.000008,   -0.000009,    0.000019,    0.000074,   -0.000226
   27    -0.000005,    0.000005,    0.000000,    0.000000,   -0.000000
   28    -0.000002,   -0.000004,   -0.000165,   -0.000257,    0.000173
   29    -0.000003,    0.000005,    0.000000,    0.000000,   -0.000000
   30    -0.000012,   -0.000013,    0.000261,    0.000445,   -0.000473
   31     0.000062,   -0.000032,    0.001416,    0.003033,   -0.006173
   32     0.000060,   -0.000040,    0.002549,    0.005232,   -0.009710
   33    -0.000004,    0.000005,    0.001505,    0.002570,   -0.002862
   34     0.000004,    0.000005,   -0.000059,   -0.000126,    0.000239
   35     0.000007,    0.000016,   -0.000129,   -0.000236,    0.000332
   36    -0.000011,   -0.000001,   -0.000113,   -0.000253,    0.000561
   37     0.000008,    0.000008,    0.000210,    0.000293,   -0.000047
   38     0.000025,    0.000034,   -0.000136,   -0.000441,    0.001321
   39    -0.000011,    0.000001,   -0.000330,   -0.000727,    0.001503
   40     0.000001,    0.000000,   -0.000068,   -0.000101,    0.000045
   41    -0.000002,   -0.000005,   -0.000050,   -0.000035,   -0.000166
   42     0.000004,    0.000004,    0.000044,    0.000085,   -0.000142
   43    -0.000002,   -0.000003,   -0.000037,   -0.000040,   -0.000044
   44     0.000003,    0.000005,   -0.000082,   -0.000143,    0.000171
   45     0.000200,    0.000158,    0.001416,    0.003033,   -0.006173
   46     0.000221,    0.000187,    0.002549,    0.005232,   -0.009710
   47     0.000089,    0.000040,    0.001505,    0.002570,   -0.002862
   48     0.000009,    0.000010,   -0.000059,   -0.000126,    0.000239
   49     0.000003,   -0.000001,   -0.000129,   -0.000236,    0.000332
   50     0.000018,    0.000013,    0.000113,    0.000253,   -0.000561
   51     0.000008,    0.000018,    0.000210,    0.000293,   -0.000047
   52     0.000025,    0.000012,   -0.000136,   -0.000441,    0.001321
   53     0.000006,    0.000009,    0.000330,    0.000727,   -0.001503
   54     0.000000,   -0.000001,   -0.000068,   -0.000101,    0.000045
   55     0.000002,    0.000002,    0.000050,    0.000035,    0.000166
   56     0.000004,    0.000002,    0.000044,    0.000085,   -0.000142
   57     0.000003,    0.000003,    0.000037,    0.000040,    0.000044
   58     0.000004,    0.000002,   -0.000082,   -0.000143,    0.000171
   59    -0.000020,    0.000053,   -0.003070,   -0.006783,    0.013745
   60     0.000061,    0.000088,   -0.009140,   -0.015954,    0.019417
   61     0.000010,    0.000031,   -0.001707,   -0.003449,    0.005888
   62     0.000006,   -0.000001,    0.000294,    0.000599,   -0.001068
   63     0.000017,    0.000014,   -0.000122,   -0.000255,    0.000437
   64    -0.000002,   -0.000005,    0.000000,    0.000000,   -0.000000
   65    -0.000014,    0.000001,    0.002151,    0.003065,   -0.001105
   66     0.000029,    0.000024,   -0.000244,   -0.000303,   -0.000142
   67    -0.000002,   -0.000011,    0.000000,    0.000000,   -0.000000
   68    -0.000009,   -0.000007,    0.000128,    0.000219,   -0.000229
   69    -0.000001,    0.000000,   -0.000000,   -0.000000,    0.000000
   70    -0.000000,    0.000000,    0.000090,    0.000141,   -0.000104
   71     0.000001,    0.000003,   -0.000000,   -0.000000,    0.000000
   72    -0.000002,   -0.000002,   -0.000096,   -0.000141,    0.000076
   73    -0.000760,    0.000451,    0.002060,    0.004300,   -0.006591
   74    -0.001128,    0.000666,    0.004259,    0.008743,   -0.013104
   75     0.000594,   -0.000320,   -0.006728,   -0.013201,    0.018163
   76     0.000439,   -0.000362,    0.011104,    0.017196,   -0.014945
   77     0.000327,    0.000201,   -0.006306,   -0.011653,    0.018172
   78    -0.001349,   -0.000718,    0.024263,    0.052426,   -0.095952
   79    -0.000871,   -0.000714,   -0.002793,   -0.006108,    0.011738
   80     0.000731,   -0.000646,   -0.000000,   -0.000000,    0.000000
   81    -0.000952,   -0.000464,    0.015478,    0.033089,   -0.059645
   82    -0.000521,   -0.000512,   -0.005125,   -0.009473,    0.013120
   83     0.000492,   -0.000439,    0.000000,    0.000000,   -0.000000
   84    -0.000245,   -0.000126,    0.006195,    0.010868,   -0.012914
   85    -0.000044,   -0.000067,    0.000162,   -0.001354,    0.008232
   86     0.000136,   -0.000145,    0.000000,    0.000000,   -0.000000
   87    -0.000029,   -0.000026,    0.000281,    0.000639,   -0.001184
   88    -0.000027,    0.000016,   -0.000000,   -0.000000,   -0.000000
   89    -0.000002,    0.000010,    0.001116,    0.002251,   -0.003713
   90     0.000008,   -0.000017,    0.000000,    0.000000,    0.000000
   91     0.000066,    0.000040,   -0.001801,   -0.003804,    0.006797
   92    -0.000018,   -0.000028,    0.000693,    0.000880,    0.000407
   93    -0.000024,    0.000000,   -0.000000,   -0.000000,    0.000000
   94    -0.000031,    0.000026,    0.003256,    0.005876,   -0.007587
   95    -0.000002,   -0.000023,    0.000000,    0.000000,   -0.000000
   96     0.000102,    0.000057,   -0.004404,   -0.007953,    0.010368
   97    -0.000010,   -0.000004,   -0.000246,   -0.000393,    0.000320
   98    -0.000001,   -0.000003,   -0.000000,   -0.000000,    0.000000
   99     0.000009,    0.000011,   -0.000472,   -0.000714,    0.000485
  100    -0.000003,    0.000004,    0.000000,    0.000000,   -0.000000
  101     0.000020,    0.000009,   -0.000815,   -0.001293,    0.001010
  102     0.000003,    0.000003,   -0.000000,   -0.000000,    0.000000
  103    -0.000010,    0.000008,    0.000897,    0.001349,   -0.000743
  104    -0.000116,    0.000222,    0.002858,    0.006231,   -0.012173
  105    -0.000108,    0.000267,   -0.002413,   -0.001865,   -0.006461
  106    -0.000080,    0.000053,    0.000424,    0.001080,   -0.002594
  107    -0.000018,   -0.000019,    0.000314,    0.000595,   -0.000817
  108    -0.000019,    0.000005,    0.000158,    0.000321,   -0.000549
  109     0.000001,    0.000013,    0.000253,    0.000585,   -0.001228
  110    -0.000048,   -0.000029,    0.002137,    0.003668,   -0.004097
  111    -0.000021,   -0.000008,   -0.001106,   -0.001631,    0.000806
  112     0.000036,    0.000006,   -0.001379,   -0.002166,    0.001763
  113    -0.000004,   -0.000003,    0.000249,    0.000419,   -0.000423
  114    -0.000004,   -0.000003,    0.000030,    0.000059,   -0.000090
  115     0.000005,   -0.000001,    0.000120,    0.000212,   -0.000251
  116    -0.000013,   -0.000007,    0.000369,    0.000618,   -0.000625
  117     0.000007,    0.000004,   -0.000109,   -0.000218,    0.000357
  118     0.000399,   -0.000221,    0.002858,    0.006231,   -0.012173
  119     0.000523,   -0.000265,   -0.002413,   -0.001865,   -0.006461
  120     0.000128,   -0.000071,    0.000424,    0.001080,   -0.002594
  121    -0.000037,   -0.000004,    0.000314,    0.000595,   -0.000817
  122     0.000015,   -0.000026,    0.000158,    0.000321,   -0.000549
  123    -0.000030,    0.000012,   -0.000253,   -0.000585,    0.001228
  124    -0.000071,   -0.000015,    0.002137,    0.003668,   -0.004097
  125     0.000015,   -0.000041,   -0.001106,   -0.001631,    0.000806
  126    -0.000050,    0.000006,    0.001379,    0.002166,   -0.001763
  127    -0.000008,    0.000001,    0.000249,    0.000419,   -0.000423
  128    -0.000002,    0.000008,   -0.000030,   -0.000059,    0.000090
  129     0.000002,    0.000002,    0.000120,    0.000212,   -0.000251
  130     0.000016,    0.000005,   -0.000369,   -0.000618,    0.000625
  131     0.000005,    0.000007,   -0.000109,   -0.000218,    0.000357
  132    -0.000369,   -0.000109,    0.457317,    0.614475,   -0.049725
  133    -0.000618,   -0.000218,    0.614475,    0.839937,   -0.134743
  134     0.000625,    0.000357,   -0.049725,   -0.134743,    0.328414
  135     0.000448,    0.000314,   -0.070544,   -0.150878,    0.274460
  136    -0.000411,   -0.000185,    0.021205,    0.028187,   -0.003897
  137     0.001082,    0.000317,    0.003631,    0.007401,   -0.013855
  138    -0.000785,   -0.000319,   -0.005252,   -0.011544,    0.020913
  139     0.000184,    0.000161,   -0.000000,   -0.000000,   -0.000000
  140     0.000716,    0.000238,   -0.007748,   -0.010305,   -0.000437
  141    -0.000551,   -0.000231,    0.009861,    0.011012,    0.009173
  142     0.000106,    0.000128,    0.000000,    0.000000,   -0.000000
  143     0.000110,    0.000026,    0.001889,    0.002692,   -0.001097
  144    -0.000072,   -0.000023,   -0.000126,   -0.002298,    0.010746
  145     0.000021,    0.000067,    0.000000,    0.000000,   -0.000000
  146    -0.000017,   -0.000016,    0.000017,    0.000569,   -0.002649
  147    -0.000001,    0.000007,    0.000000,    0.000000,   -0.000000
  148    -0.000042,   -0.000009,    0.000399,    0.000139,    0.001922
  149     0.000013,   -0.000019,   -0.000000,   -0.000000,    0.000000
  150     0.000060,    0.000016,   -0.000367,   -0.000946,    0.002137
  151    -0.000069,   -0.000041,   -0.002364,   -0.002350,   -0.003934
  152    -0.000024,    0.000010,    0.000000,    0.000000,   -0.000000
  153    -0.000050,   -0.000018,    0.005698,    0.007517,    0.000272
  154     0.000039,   -0.000044,   -0.000000,   -0.000000,    0.000000
  155     0.000053,    0.000012,   -0.002161,   -0.003935,    0.005121
  156    -0.000019,   -0.000012,    0.000143,    0.000248,   -0.000279
  157    -0.000000,    0.000001,   -0.000000,   -0.000000,    0.000000
  158     0.000002,    0.000003,    0.000986,    0.000810,    0.002318
  159    -0.000007,    0.000004,    0.000000,    0.000000,   -0.000000
  160    -0.000010,   -0.000003,   -0.000776,   -0.000523,   -0.002353
  161     0.000007,   -0.000007,   -0.000000,   -0.000000,    0.000000
  162     0.000015,    0.000004,   -0.000620,   -0.001522,    0.003299
  163    -0.000228,   -0.000106,   -0.018241,   -0.038922,    0.070517
  164    -0.000259,   -0.000108,   -0.034519,   -0.061057,    0.073623
  165    -0.000022,   -0.000032,   -0.009422,   -0.015953,    0.016926
  166     0.000003,    0.000002,   -0.001081,   -0.001984,    0.002629
  167     0.000003,    0.000001,    0.001617,    0.002900,   -0.003652
  168    -0.000022,   -0.000008,   -0.002702,   -0.004976,    0.006702
  169     0.000015,    0.000006,   -0.003173,   -0.004644,    0.002050
  170    -0.000024,   -0.000015,    0.004818,    0.007596,   -0.006004
  171    -0.000026,    0.000000,   -0.008257,   -0.012496,    0.007533
  172    -0.000003,   -0.000002,    0.000633,    0.000916,   -0.000377
  173    -0.000003,   -0.000001,    0.001344,    0.002030,   -0.001225
  174    -0.000007,   -0.000002,   -0.000963,   -0.001425,    0.000720
  175     0.000001,    0.000000,   -0.000913,   -0.001360,    0.000717
  176    -0.000001,   -0.000001,    0.000322,    0.000502,   -0.000382
  177    -0.000148,    0.000043,   -0.018241,   -0.038922,    0.070517
  178    -0.000146,    0.000045,   -0.034519,   -0.061057,    0.073623
  179    -0.000053,    0.000032,   -0.009422,   -0.015953,    0.016926
  180     0.000011,    0.000003,   -0.001081,   -0.001984,    0.002629
  181    -0.000005,   -0.000007,    0.001617,    0.002900,   -0.003652
  182     0.000017,    0.000000,    0.002702,    0.004976,   -0.006702
  183     0.000025,    0.000001,   -0.003173,   -0.004644,    0.002050
  184    -0.000045,   -0.000020,    0.004818,    0.007596,   -0.006004
  185     0.000010,    0.000006,    0.008257,    0.012496,   -0.007533
  186    -0.000005,   -0.000002,    0.000633,    0.000916,   -0.000377
  187     0.000004,    0.000003,   -0.001344,   -0.002030,    0.001225
  188    -0.000009,   -0.000002,   -0.000963,   -0.001425,    0.000720
  189    -0.000004,    0.000000,    0.000913,    0.001360,   -0.000717
  190    -0.000001,   -0.000003,    0.000322,    0.000502,   -0.000382
  191    -0.000000,   -0.000000,    0.000000,   -0.000001,    0.000002
  192     0.000000,    0.000000,   -0.000022,   -0.000068,    0.000183
  193     0.000042,    0.000015,   -0.000345,   -0.000843,    0.002513
  194     0.000431,    0.000156,   -0.003255,   -0.007149,    0.020596
  195    -0.001235,   -0.000456,    0.011407,    0.025877,   -0.070890
  196    -0.000236,   -0.000083,    0.001719,    0.002173,   -0.004049
  197     0.000000,    0.000000,   -0.000056,   -0.000122,    0.000236
  198     0.000002,    0.000001,   -0.000080,   -0.000172,    0.000321
  199     0.000001,    0.000001,    0.000000,    0.000000,   -0.000000
  200    -0.000007,   -0.000005,    0.001291,    0.002800,   -0.005424
  201    -0.000041,   -0.000018,    0.001829,    0.003926,   -0.007335
  202    -0.000020,   -0.000028,   -0.000000,   -0.000000,    0.000000
  203     0.000017,    0.000016,   -0.006412,   -0.013738,    0.026131
  204     0.000197,    0.000084,   -0.008820,   -0.018653,    0.033992
  205     0.000105,    0.000145,    0.000000,    0.000000,   -0.000000
  206     0.000080,    0.000046,   -0.010985,   -0.025001,    0.052228
  207     0.000423,    0.000179,   -0.015034,   -0.034205,    0.070184
  208     0.000195,    0.000264,   -0.000000,   -0.000000,   -0.000000
  209    -0.000024,   -0.000009,   -0.003170,   -0.007239,    0.015794
  210     0.000194,    0.000070,   -0.003066,   -0.007034,    0.015418
  211     0.000077,    0.000102,   -0.000000,   -0.000000,    0.000000
  212     0.000000,   -0.000000,    0.000000,    0.000000,   -0.000001
  213     0.000000,    0.000000,    0.000000,    0.000000,    0.000000
  214    -0.000000,    0.000000,    0.000002,    0.000004,   -0.000003
  215     0.000000,    0.000000,    0.000000,    0.000000,   -0.000000
  216     0.000000,    0.000000,    0.000006,    0.000008,    0.000000
  217    -0.000004,   -0.000001,    0.000117,    0.000329,   -0.000807
  218    -0.000001,   -0.000001,   -0.000000,   -0.000000,    0.000000
  219     0.000002,    0.000001,   -0.000136,   -0.000322,    0.000666
  220    -0.000000,   -0.000000,   -0.000000,   -0.000000,    0.000000
  221    -0.000003,   -0.000000,   -0.000198,   -0.000395,    0.000627
  222     0.000044,    0.000021,   -0.001851,   -0.004324,    0.008905
  223     0.000007,    0.000009,    0.000000,    0.000000,   -0.000000
  224    -0.000020,   -0.000012,    0.001459,    0.003306,   -0.006547
  225     0.000005,    0.000003,    0.000000,    0.000000,   -0.000000
  226     0.000020,    0.000003,    0.001632,    0.003562,   -0.006694
  227     0.000068,    0.000031,   -0.001143,   -0.003403,    0.009483
  228     0.000007,    0.000008,   -0.000000,   -0.000000,    0.000000
  229    -0.000037,   -0.000017,    0.000475,    0.001816,   -0.005958
  230     0.000008,    0.000001,   -0.000000,   -0.000000,    0.000000
  231    -0.000007,   -0.000004,    0.000846,    0.002420,   -0.006469
  232     0.000017,    0.000006,    0.000181,    0.000381,   -0.000686
  233     0.000004,    0.000003,    0.000000,    0.000000,   -0.000000
  234    -0.000010,   -0.000006,    0.000510,    0.001309,   -0.003077
  235    -0.000004,   -0.000002,    0.000000,    0.000000,   -0.000000
  236    -0.000011,   -0.000005,    0.000186,    0.000573,   -0.001583
  237    -0.000001,   -0.000004,    0.000000,    0.000000,   -0.000000
  238    -0.000016,   -0.000008,    0.000924,    0.002201,   -0.004741
               135,         136,         137,         138,         139
    0     0.000635,   -0.002775,    0.003701,    0.003947,   -0.000000
    1     0.002591,   -0.003439,    0.008173,    0.008758,    0.000000
    2    -0.008997,   -0.001011,   -0.014408,   -0.019262,   -0.000000
    3    -0.000091,   -0.011705,   -0.026416,   -0.022261,    0.000000
    4    -0.009297,    0.040503,    0.024487,    0.039104,    0.000000
    5     0.035195,    0.006528,    0.032883,    0.006193,    0.000000
    6     0.003592,   -0.001409,    0.015728,    0.007887,    0.000000
    7    -0.000000,    0.000000,    0.000000,    0.000000,   -0.013551
    8     0.020888,    0.009804,    0.021295,    0.014493,   -0.000000
    9     0.004165,   -0.002924,    0.013936,   -0.002179,   -0.000000
   10    -0.000000,    0.000000,   -0.000000,    0.000000,   -0.013988
   11     0.010275,   -0.009089,    0.006164,   -0.010607,   -0.000000
   12     0.001613,   -0.009189,   -0.003401,   -0.006246,   -0.000000
   13    -0.000000,    0.000000,   -0.000000,   -0.000000,   -0.004716
   14    -0.000342,    0.000279,    0.002037,    0.000149,    0.000000
   15     0.000000,    0.000000,    0.000000,    0.000000,    0.000009
   16    -0.000424,   -0.000537,   -0.001357,   -0.000604,    0.000000
   17     0.000000,   -0.000000,   -0.000000,   -0.000000,   -0.000346
   18     0.002638,    0.000621,    0.005218,    0.000407,    0.000000
   19     0.000054,    0.000109,    0.004472,   -0.000041,    0.000000
   20    -0.000000,    0.000000,   -0.000000,    0.000000,   -0.000550
   21     0.001158,   -0.003293,    0.000548,   -0.007601,   -0.000000
   22     0.000000,   -0.000000,    0.000000,   -0.000000,    0.000554
   23     0.003803,    0.002717,    0.006255,    0.004744,   -0.000000
   24    -0.000726,   -0.000280,   -0.002435,   -0.000265,    0.000000
   25    -0.000000,   -0.000000,   -0.000000,   -0.000000,    0.000265
   26    -0.000173,   -0.000301,   -0.000721,   -0.000504,    0.000000
   27    -0.000000,    0.000000,   -0.000000,    0.000000,   -0.000215
   28     0.000086,    0.000192,    0.000485,    0.000300,    0.000000
   29     0.000000,    0.000000,   -0.000000,   -0.000000,    0.000505
   30    -0.000421,   -0.000166,   -0.000333,   -0.000350,    0.000000
   31    -0.005127,   -0.001373,   -0.006918,   -0.001890,   -0.002674
   32    -0.008372,    0.000868,   -0.009631,    0.004099,    0.002051
   33    -0.002565,   -0.002707,   -0.006223,   -0.001917,    0.003410
   34     0.000315,    0.000038,    0.000307,   -0.000006,   -0.000064
   35     0.000277,    0.000102,    0.000412,    0.000318,    0.000280
   36     0.000471,    0.000077,    0.000398,    0.000144,    0.000217
   37     0.000178,    0.000041,    0.000433,   -0.000252,   -0.001948
   38     0.001158,   -0.001634,    0.000069,   -0.002283,   -0.001509
   39     0.001291,   -0.000997,    0.000001,   -0.001723,   -0.001280
   40    -0.000003,    0.000067,    0.000148,    0.000137,    0.000317
   41    -0.000148,    0.000131,    0.000101,    0.000097,    0.000098
   42    -0.000117,   -0.000065,   -0.000086,   -0.000096,   -0.000035
   43    -0.000084,   -0.000036,   -0.000002,   -0.000055,    0.000012
   44     0.000160,   -0.000011,    0.000174,    0.000064,    0.000120
   45    -0.005127,   -0.001373,   -0.006918,   -0.001890,    0.002674
   46    -0.008372,    0.000868,   -0.009631,    0.004099,   -0.002051
   47    -0.002565,   -0.002707,   -0.006223,   -0.001917,   -0.003410
   48     0.000315,    0.000038,    0.000307,   -0.000006,    0.000064
   49     0.000277,    0.000102,    0.000412,    0.000318,   -0.000280
   50    -0.000471,   -0.000077,   -0.000398,   -0.000144,    0.000217
   51     0.000178,    0.000041,    0.000433,   -0.000252,    0.001948
   52     0.001158,   -0.001634,    0.000069,   -0.002283,    0.001509
   53    -0.001291,    0.000997,   -0.000001,    0.001723,   -0.001280
   54    -0.000003,    0.000067,    0.000148,    0.000137,   -0.000317
   55     0.000148,   -0.000131,   -0.000101,   -0.000097,    0.000098
   56    -0.000117,   -0.000065,   -0.000086,   -0.000096,    0.000035
   57     0.000084,    0.000036,    0.000002,    0.000055,    0.000012
   58     0.000160,   -0.000011,    0.000174,    0.000064,   -0.000120
   59     0.015217,    0.004020,    0.017190,    0.000692,    0.000000
   60     0.020537,    0.000653,    0.029660,   -0.010237,   -0.000000
   61     0.005681,    0.003210,    0.012393,    0.004150,   -0.000000
   62    -0.001281,   -0.000253,   -0.000938,    0.000250,   -0.000000
   63     0.000392,    0.000047,    0.000933,    0.000150,   -0.000000
   64    -0.000000,    0.000000,   -0.000000,    0.000000,   -0.000375
   65    -0.001334,    0.001413,   -0.002050,    0.004791,    0.000000
   66    -0.000140,    0.000245,    0.001933,    0.000379,    0.000000
   67    -0.000000,    0.000000,   -0.000000,   -0.000000,   -0.000792
   68    -0.000192,   -0.000033,   -0.000605,   -0.000110,   -0.000000
   69     0.000000,    0.000000,    0.000000,   -0.000000,    0.000017
   70    -0.000112,   -0.000039,   -0.000111,    0.000039,    0.000000
   71     0.000000,   -0.000000,    0.000000,   -0.000000,    0.000250
   72     0.000127,   -0.000023,   -0.000022,   -0.000214,    0.000000
   73     0.005921,   -0.008208,   -0.023556,    0.002861,   -0.000000
   74     0.009026,   -0.010526,   -0.050977,    0.006054,   -0.000000
   75    -0.007916,   -0.003484,    0.091549,   -0.011518,    0.000000
   76    -0.034448,    0.018577,    0.096941,    0.009612,    0.000000
   77     0.015150,   -0.069743,   -0.039560,   -0.083573,   -0.000000
   78    -0.073147,    0.002700,   -0.212764,    0.037360,   -0.000000
   79     0.011466,    0.012141,    0.035075,    0.007837,    0.000000
   80    -0.000000,   -0.000000,    0.000000,   -0.000000,   -0.003630
   81    -0.044580,    0.007800,   -0.146086,    0.036401,    0.000000
   82     0.011333,    0.004679,    0.029472,   -0.003963,   -0.000000
   83    -0.000000,   -0.000000,   -0.000000,    0.000000,   -0.009452
   84    -0.010371,    0.008308,   -0.031297,    0.020181,    0.000000
   85     0.006825,   -0.018338,   -0.000395,   -0.023374,   -0.000000
   86    -0.000000,   -0.000000,    0.000000,    0.000000,   -0.005830
   87    -0.000524,   -0.002505,   -0.002237,   -0.006772,    0.000000
   88     0.000000,    0.000000,    0.000000,   -0.000000,    0.002395
   89    -0.003107,    0.000329,   -0.005045,    0.002041,   -0.000000
   90    -0.000000,   -0.000000,   -0.000000,    0.000000,   -0.007726
   91     0.005518,   -0.000290,    0.009118,   -0.001728,    0.000000
   92     0.001449,   -0.006853,   -0.006744,   -0.018264,   -0.000000
   93     0.000000,    0.000000,    0.000000,   -0.000000,    0.010403
   94    -0.006349,    0.002807,   -0.007155,    0.009179,    0.000000
   95    -0.000000,   -0.000000,   -0.000000,    0.000000,   -0.021996
   96     0.008708,   -0.004237,    0.009506,   -0.007484,   -0.000000
   97     0.000198,    0.001519,    0.001006,    0.003383,   -0.000000
   98     0.000000,    0.000000,    0.000000,   -0.000000,   -0.000610
   99     0.000703,   -0.000908,   -0.000959,   -0.001520,   -0.000000
  100    -0.000000,   -0.000000,   -0.000000,    0.000000,   -0.002600
  101     0.000663,   -0.000277,    0.002448,   -0.000584,   -0.000000
  102     0.000000,    0.000000,    0.000000,   -0.000000,    0.003320
  103    -0.000336,    0.000231,   -0.002791,    0.001311,    0.000000
  104    -0.014447,   -0.000075,   -0.016410,    0.006499,    0.011170
  105    -0.009427,   -0.007612,   -0.025068,   -0.002171,    0.008788
  106    -0.003198,    0.002826,   -0.007496,    0.009042,    0.018402
  107    -0.000448,    0.000107,   -0.002692,    0.000779,    0.000706
  108    -0.000695,   -0.000120,   -0.000733,    0.000092,    0.000185
  109    -0.001410,   -0.000169,   -0.001824,    0.000278,    0.000374
  110    -0.003224,    0.002963,   -0.004122,    0.004967,    0.000741
  111     0.000436,   -0.000492,    0.000275,   -0.000990,   -0.001873
  112     0.001179,   -0.003951,   -0.003320,   -0.005170,   -0.002818
  113    -0.000291,    0.000099,   -0.000724,    0.000209,    0.000268
  114    -0.000146,   -0.000019,   -0.000334,    0.000045,    0.000005
  115    -0.000258,   -0.000197,   -0.000752,   -0.000080,    0.000163
  116    -0.000448,    0.000411,   -0.001082,    0.000785,    0.000184
  117     0.000314,   -0.000185,    0.000317,   -0.000319,   -0.000161
  118    -0.014447,   -0.000075,   -0.016410,    0.006499,   -0.011170
  119    -0.009427,   -0.007612,   -0.025068,   -0.002171,   -0.008788
  120    -0.003198,    0.002826,   -0.007496,    0.009042,   -0.018402
  121    -0.000448,    0.000107,   -0.002692,    0.000779,   -0.000706
  122    -0.000695,   -0.000120,   -0.000733,    0.000092,   -0.000185
  123     0.001410,    0.000169,    0.001824,   -0.000278,    0.000374
  124    -0.003224,    0.002963,   -0.004122,    0.004967,   -0.000741
  125     0.000436,   -0.000492,    0.000275,   -0.000990,    0.001873
  126    -0.001179,    0.003951,    0.003320,    0.005170,   -0.002818
  127    -0.000291,    0.000099,   -0.000724,    0.000209,   -0.000268
  128     0.000146,    0.000019,    0.000334,   -0.000045,    0.000005
  129    -0.000258,   -0.000197,   -0.000752,   -0.000080,   -0.000163
  130     0.000448,   -0.000411,    0.001082,   -0.000785,    0.000184
  131     0.000314,   -0.000185,    0.000317,   -0.000319,    0.000161
  132    -0.070544,    0.021205,    0.003631,   -0.005252,   -0.000000
  133    -0.150878,    0.028187,    0.007401,   -0.011544,   -0.000000
  134     0.274460,   -0.003897,   -0.013855,    0.020913,   -0.000000
  135     0.234093,   -0.004800,   -0.026750,    0.011168,    0.000000
  136    -0.004800,    0.076871,    0.014596,    0.100903,    0.000000
  137    -0.026750,    0.014596,    0.250107,   -0.016575,   -0.000000
  138     0.011168,    0.100903,   -0.016575,    0.267288,    0.000000
  139     0.000000,    0.000000,   -0.000000,    0.000000,    0.323445
  140    -0.009428,    0.008566,    0.160434,   -0.004607,    0.000000
  141     0.001983,    0.068119,   -0.009482,    0.187308,    0.000000
  142    -0.000000,    0.000000,   -0.000000,   -0.000000,    0.231564
  143    -0.002804,    0.008345,    0.038393,    0.008666,    0.000000
  144     0.007701,    0.005657,   -0.009714,    0.039195,   -0.000000
  145    -0.000000,    0.000000,   -0.000000,   -0.000000,    0.065635
  146    -0.002000,   -0.000868,    0.000374,   -0.004582,   -0.000000
  147     0.000000,    0.000000,    0.000000,   -0.000000,    0.013531
  148     0.001885,    0.001569,   -0.007210,    0.006902,    0.000000
  149    -0.000000,   -0.000000,   -0.000000,    0.000000,   -0.006152
  150     0.000829,   -0.000651,    0.011072,   -0.001236,   -0.000000
  151    -0.002890,    0.003640,   -0.001092,    0.002887,   -0.000000
  152    -0.000000,    0.000000,   -0.000000,   -0.000000,    0.014248
  153     0.000357,   -0.000324,   -0.007718,    0.003160,   -0.000000
  154     0.000000,   -0.000000,    0.000000,    0.000000,   -0.010515
  155     0.003207,   -0.001751,    0.008190,    0.000793,    0.000000
  156    -0.000156,    0.000884,   -0.000525,    0.001526,   -0.000000
  157     0.000000,   -0.000000,   -0.000000,    0.000000,   -0.001216
  158     0.001894,    0.000555,   -0.000313,    0.000649,    0.000000
  159    -0.000000,    0.000000,   -0.000000,   -0.000000,   -0.000173
  160    -0.001768,   -0.000769,   -0.001975,   -0.000935,   -0.000000
  161     0.000000,   -0.000000,    0.000000,    0.000000,    0.000933
  162     0.002595,    0.000573,    0.002628,    0.000473,    0.000000
  163     0.060400,    0.018497,   -0.043941,    0.063374,   -0.119922
  164     0.063964,    0.018604,   -0.052122,    0.071959,   -0.135699
  165     0.014958,    0.000776,   -0.015935,    0.013617,   -0.045939
  166     0.002066,    0.001029,    0.001951,    0.002546,   -0.005037
  167    -0.003284,    0.000677,    0.002392,    0.000727,    0.006762
  168     0.005809,    0.001609,   -0.004528,    0.006140,   -0.006771
  169     0.001431,    0.002518,    0.006056,    0.004215,   -0.005340
  170    -0.005541,    0.005561,    0.003439,    0.008781,    0.003345
  171     0.006829,    0.001766,   -0.004884,    0.006907,    0.000288
  172    -0.000320,   -0.000078,   -0.000638,   -0.000070,    0.000966
  173    -0.001160,    0.000616,    0.000873,    0.000900,    0.000772
  174     0.000689,    0.000623,   -0.001058,    0.001760,    0.000677
  175     0.000565,    0.000532,    0.001074,    0.001041,   -0.000950
  176    -0.000427,    0.000666,    0.000973,    0.001185,   -0.000042
  177     0.060400,    0.018497,   -0.043941,    0.063374,    0.119922
  178     0.063964,    0.018604,   -0.052122,    0.071959,    0.135699
  179     0.014958,    0.000776,   -0.015935,    0.013617,    0.045939
  180     0.002066,    0.001029,    0.001951,    0.002546,    0.005037
  181    -0.003284,    0.000677,    0.002392,    0.000727,   -0.006762
  182    -0.005809,   -0.001609,    0.004528,   -0.006140,   -0.006771
  183     0.001431,    0.002518,    0.006056,    0.004215,    0.005340
  184    -0.005541,    0.005561,    0.003439,    0.008781,   -0.003345
  185    -0.006829,   -0.001766,    0.004884,   -0.006907,    0.000288
  186    -0.000320,   -0.000078,   -0.000638,   -0.000070,   -0.000966
  187     0.001160,   -0.000616,   -0.000873,   -0.000900,    0.000772
  188     0.000689,    0.000623,   -0.001058,    0.001760,   -0.000677
  189    -0.000565,   -0.000532,   -0.001074,   -0.001041,   -0.000950
  190    -0.000427,    0.000666,    0.000973,    0.001185,    0.000042
  191     0.000007,    0.000057,   -0.000004,   -0.000008,    0.000000
  192     0.000166,    0.000002,   -0.000076,   -0.000122,    0.000000
  193     0.001402,   -0.008890,   -0.000527,   -0.000492,    0.000000
  194     0.009702,   -0.092351,   -0.003662,   -0.002527,   -0.000000
  195    -0.039568,    0.261598,    0.018499,    0.024024,    0.000000
  196     0.002243,    0.054264,   -0.001854,   -0.014739,   -0.000000
  197     0.000261,   -0.000102,   -0.000204,   -0.000467,    0.000000
  198     0.000298,   -0.000515,   -0.000398,   -0.000962,    0.000000
  199     0.000000,   -0.000000,    0.000000,   -0.000000,   -0.000113
  200    -0.006011,    0.002370,    0.004767,    0.010810,   -0.000000
  201    -0.006796,    0.012014,    0.009190,    0.022364,   -0.000000
  202    -0.000000,    0.000000,   -0.000000,    0.000000,    0.002711
  203     0.029465,   -0.010268,   -0.024328,   -0.052494,    0.000000
  204     0.031612,   -0.059142,   -0.044676,   -0.111050,    0.000000
  205     0.000000,   -0.000000,    0.000000,   -0.000000,   -0.015851
  206     0.057507,   -0.026956,   -0.046335,   -0.106520,   -0.000000
  207     0.064572,   -0.122431,   -0.088180,   -0.219636,   -0.000000
  208     0.000000,   -0.000000,    0.000000,   -0.000000,   -0.026699
  209     0.018222,   -0.009235,   -0.021942,   -0.027297,   -0.000000
  210     0.013025,   -0.049173,   -0.020885,   -0.070983,   -0.000000
  211     0.000000,   -0.000000,    0.000000,    0.000000,   -0.028649
  212     0.000001,   -0.000002,   -0.000001,   -0.000036,    0.000000
  213     0.000000,   -0.000000,   -0.000000,   -0.000000,    0.000016
  214    -0.000004,    0.000005,    0.000008,    0.000027,    0.000000
  215    -0.000000,   -0.000000,   -0.000000,   -0.000000,    0.000014
  216    -0.000003,    0.000007,    0.000025,    0.000017,    0.000000
  217    -0.000792,    0.000309,    0.000229,    0.002022,   -0.000000
  218    -0.000000,    0.000000,    0.000000,    0.000000,   -0.001057
  219     0.000653,   -0.000302,   -0.000495,   -0.001387,   -0.000000
  220     0.000000,    0.000000,    0.000000,    0.000000,   -0.000626
  221     0.000649,   -0.000311,   -0.001348,   -0.000861,   -0.000000
  222     0.008329,   -0.004695,   -0.002563,   -0.015963,    0.000000
  223     0.000000,   -0.000000,   -0.000000,   -0.000000,    0.009280
  224    -0.006129,    0.003348,    0.004150,    0.010025,    0.000000
  225     0.000000,   -0.000000,   -0.000000,   -0.000000,    0.004308
  226    -0.006397,    0.002881,    0.010124,    0.005896,    0.000000
  227     0.008448,   -0.011956,   -0.004732,   -0.018363,   -0.000000
  228     0.000000,   -0.000000,    0.000000,    0.000000,    0.006125
  229    -0.005280,    0.007889,    0.004930,    0.011212,    0.000000
  230     0.000000,   -0.000000,    0.000000,    0.000000,    0.001669
  231    -0.005738,    0.007189,    0.008005,    0.008155,   -0.000000
  232    -0.000676,    0.000250,    0.003614,   -0.001071,    0.000000
  233     0.000000,   -0.000000,   -0.000000,    0.000000,    0.002778
  234    -0.002865,    0.002605,    0.002747,    0.005335,    0.000000
  235    -0.000000,    0.000000,   -0.000000,   -0.000000,   -0.002835
  236    -0.001459,    0.001408,    0.000590,    0.003384,    0.000000
  237    -0.000000,   -0.000000,   -0.000000,   -0.000000,   -0.002537
  238    -0.004409,    0.003787,    0.003204,    0.008065,    0.000000
               140,         141,         142,         143,         144
    0     0.002898,    0.001418,   -0.000000,   -0.000423,   -0.000714
    1     0.006262,    0.004163,   -0.000000,   -0.000529,   -0.000454
    2    -0.010855,   -0.012624,    0.000000,    0.000107,   -0.002854
    3    -0.017174,   -0.014505,    0.000000,   -0.002628,   -0.001171
    4     0.014812,    0.025966,    0.000000,    0.008646,    0.001272
    5     0.024263,    0.005103,   -0.000000,    0.008927,    0.001163
    6     0.016473,    0.003264,    0.000000,   -0.001535,    0.004317
    7     0.000000,   -0.000000,   -0.011840,    0.000000,   -0.000000
    8     0.015614,    0.010786,   -0.000000,    0.006533,    0.002051
    9     0.012517,   -0.002846,   -0.000000,   -0.000130,    0.002227
   10     0.000000,    0.000000,   -0.011556,    0.000000,    0.000000
   11     0.004693,   -0.006781,   -0.000000,    0.000827,   -0.000321
   12    -0.000939,   -0.004522,   -0.000000,   -0.002720,    0.000452
   13     0.000000,   -0.000000,   -0.003746,    0.000000,   -0.000000
   14     0.001115,    0.000152,   -0.000000,    0.000316,   -0.000222
   15     0.000000,   -0.000000,    0.000127,    0.000000,   -0.000000
   16    -0.000717,   -0.000506,    0.000000,   -0.000377,    0.000094
   17    -0.000000,    0.000000,   -0.000167,   -0.000000,   -0.000000
   18     0.003656,    0.000253,   -0.000000,    0.000985,   -0.000066
   19     0.002836,   -0.000059,    0.000000,    0.000437,   -0.000479
   20     0.000000,    0.000000,    0.000043,    0.000000,    0.000000
   21     0.000316,   -0.005350,   -0.000000,   -0.000092,   -0.000680
   22     0.000000,   -0.000000,    0.000592,    0.000000,   -0.000000
   23     0.004479,    0.003274,   -0.000000,    0.001468,    0.000546
   24    -0.001653,   -0.000152,    0.000000,   -0.000375,    0.000060
   25    -0.000000,   -0.000000,    0.000124,   -0.000000,   -0.000000
   26    -0.000517,   -0.000331,    0.000000,   -0.000102,   -0.000049
   27     0.000000,    0.000000,   -0.000087,    0.000000,   -0.000000
   28     0.000305,    0.000202,    0.000000,    0.000077,   -0.000010
   29    -0.000000,   -0.000000,    0.000416,    0.000000,   -0.000000
   30    -0.000283,   -0.000214,    0.000000,   -0.000040,   -0.000090
   31    -0.003680,   -0.001720,   -0.002397,   -0.001914,    0.000674
   32    -0.005157,    0.002320,    0.000996,   -0.002690,    0.001427
   33    -0.003824,   -0.001327,    0.002687,   -0.001512,    0.000481
   34     0.000266,   -0.000004,   -0.000053,    0.000073,    0.000030
   35     0.000294,    0.000215,    0.000263,    0.000061,    0.000035
   36     0.000169,    0.000144,    0.000190,    0.000149,   -0.000058
   37     0.000378,   -0.000176,   -0.001477,    0.000049,   -0.000068
   38     0.000136,   -0.001580,   -0.001052,   -0.000116,   -0.000080
   39    -0.000134,   -0.001129,   -0.000912,    0.000107,   -0.000152
   40     0.000091,    0.000089,    0.000236,    0.000021,    0.000011
   41     0.000053,    0.000066,    0.000064,    0.000024,   -0.000013
   42    -0.000031,   -0.000077,   -0.000016,   -0.000047,    0.000007
   43    -0.000026,   -0.000040,    0.000008,   -0.000008,   -0.000021
   44     0.000144,    0.000038,    0.000097,    0.000021,    0.000020
   45    -0.003680,   -0.001720,    0.002397,   -0.001914,    0.000674
   46    -0.005157,    0.002320,   -0.000996,   -0.002690,    0.001427
   47    -0.003824,   -0.001327,   -0.002687,   -0.001512,    0.000481
   48     0.000266,   -0.000004,    0.000053,    0.000073,    0.000030
   49     0.000294,    0.000215,   -0.000263,    0.000061,    0.000035
   50    -0.000169,   -0.000144,    0.000190,   -0.000149,    0.000058
   51     0.000378,   -0.000176,    0.001477,    0.000049,   -0.000068
   52     0.000136,   -0.001580,    0.001052,   -0.000116,   -0.000080
   53     0.000134,    0.001129,   -0.000912,   -0.000107,    0.000152
   54     0.000091,    0.000089,   -0.000236,    0.000021,    0.000011
   55    -0.000053,   -0.000066,    0.000064,   -0.000024,    0.000013
   56    -0.000031,   -0.000077,    0.000016,   -0.000047,    0.000007
   57     0.000026,    0.000040,    0.000008,    0.000008,    0.000021
   58     0.000144,    0.000038,   -0.000097,    0.000021,    0.000020
   59     0.012015,    0.001068,   -0.000000,    0.005088,   -0.000210
   60     0.020106,   -0.006587,   -0.000000,    0.006835,   -0.002086
   61     0.008544,    0.002984,   -0.000000,    0.002511,   -0.000059
   62    -0.000659,    0.000111,    0.000000,   -0.000379,    0.000036
   63     0.000723,    0.000076,   -0.000000,    0.000112,    0.000054
   64     0.000000,   -0.000000,   -0.000301,    0.000000,   -0.000000
   65    -0.001249,    0.003338,   -0.000000,   -0.000306,    0.000726
   66     0.001451,    0.000180,    0.000000,    0.000124,   -0.000020
   67     0.000000,   -0.000000,   -0.000658,    0.000000,   -0.000000
   68    -0.000459,   -0.000055,   -0.000000,   -0.000061,   -0.000018
   69     0.000000,   -0.000000,    0.000015,    0.000000,   -0.000000
   70    -0.000071,    0.000024,    0.000000,   -0.000036,    0.000004
   71    -0.000000,    0.000000,    0.000200,   -0.000000,    0.000000
   72    -0.000022,   -0.000139,    0.000000,    0.000024,   -0.000032
   73    -0.011202,    0.001963,    0.000000,   -0.004835,    0.000417
   74    -0.025836,    0.003736,    0.000000,   -0.007891,    0.001162
   75     0.050879,   -0.005944,   -0.000000,    0.006135,   -0.003007
   76     0.053804,    0.008558,   -0.000000,    0.009847,   -0.003322
   77    -0.024159,   -0.057177,   -0.000000,   -0.015558,   -0.005261
   78    -0.143072,    0.028133,    0.000000,   -0.030421,    0.010706
   79     0.021713,    0.005649,   -0.000000,    0.010335,   -0.005612
   80    -0.000000,    0.000000,   -0.011665,   -0.000000,    0.000000
   81    -0.097617,    0.026364,    0.000000,   -0.020579,    0.008253
   82     0.017608,   -0.002309,   -0.000000,    0.008419,   -0.004225
   83    -0.000000,    0.000000,   -0.012684,   -0.000000,    0.000000
   84    -0.020865,    0.014143,    0.000000,   -0.004236,    0.002821
   85     0.000175,   -0.015963,   -0.000000,   -0.002185,   -0.003074
   86    -0.000000,    0.000000,   -0.004936,   -0.000000,    0.000000
   87    -0.001745,   -0.004663,    0.000000,   -0.000339,   -0.001003
   88     0.000000,   -0.000000,    0.002010,    0.000000,   -0.000000
   89    -0.003293,    0.001445,    0.000000,   -0.000944,    0.000486
   90    -0.000000,    0.000000,   -0.005703,   -0.000000,    0.000000
   91     0.006184,   -0.001292,   -0.000000,    0.001385,   -0.000350
   92    -0.005169,   -0.012523,   -0.000000,   -0.000799,   -0.001966
   93     0.000000,   -0.000000,    0.007681,    0.000000,   -0.000000
   94    -0.004216,    0.006250,    0.000000,   -0.001737,    0.000909
   95    -0.000000,    0.000000,   -0.015990,   -0.000000,    0.000000
   96     0.006516,   -0.005235,   -0.000000,    0.001203,   -0.000701
   97     0.000712,    0.002375,   -0.000000,    0.000315,    0.000389
   98     0.000000,   -0.000000,   -0.000468,    0.000000,   -0.000000
   99    -0.000506,   -0.001086,    0.000000,   -0.000127,   -0.000075
  100    -0.000000,    0.000000,   -0.001807,   -0.000000,    0.000000
  101     0.001607,   -0.000424,   -0.000000,    0.000281,   -0.000087
  102     0.000000,    0.000000,    0.002384,    0.000000,   -0.000000
  103    -0.001653,    0.000904,    0.000000,   -0.000342,    0.000299
  104    -0.012652,    0.005134,    0.011276,   -0.004557,    0.002794
  105    -0.018299,   -0.000676,    0.010444,   -0.005917,    0.003419
  106    -0.005300,    0.006612,    0.015316,   -0.000708,    0.002501
  107    -0.001737,    0.000567,    0.000399,   -0.000292,    0.000154
  108    -0.000620,    0.000113,    0.000347,   -0.000195,    0.000057
  109    -0.001377,    0.000248,    0.000446,   -0.000490,    0.000229
  110    -0.002734,    0.003417,    0.000268,   -0.000479,    0.000295
  111    -0.000023,   -0.000639,   -0.001121,    0.000064,   -0.000085
  112    -0.002390,   -0.003417,   -0.001895,   -0.000739,    0.000139
  113    -0.000476,    0.000154,    0.000169,   -0.000082,    0.000039
  114    -0.000268,    0.000049,    0.000045,   -0.000053,    0.000029
  115    -0.000513,   -0.000040,    0.000094,   -0.000157,    0.000066
  116    -0.000716,    0.000551,    0.000106,   -0.000110,    0.000072
  117     0.000238,   -0.000231,   -0.000128,    0.000026,   -0.000023
  118    -0.012652,    0.005134,   -0.011276,   -0.004557,    0.002794
  119    -0.018299,   -0.000676,   -0.010444,   -0.005917,    0.003419
  120    -0.005300,    0.006612,   -0.015316,   -0.000708,    0.002501
  121    -0.001737,    0.000567,   -0.000399,   -0.000292,    0.000154
  122    -0.000620,    0.000113,   -0.000347,   -0.000195,    0.000057
  123     0.001377,   -0.000248,    0.000446,    0.000490,   -0.000229
  124    -0.002734,    0.003417,   -0.000268,   -0.000479,    0.000295
  125    -0.000023,   -0.000639,    0.001121,    0.000064,   -0.000085
  126     0.002390,    0.003417,   -0.001895,    0.000739,   -0.000139
  127    -0.000476,    0.000154,   -0.000169,   -0.000082,    0.000039
  128     0.000268,   -0.000049,    0.000045,    0.000053,   -0.000029
  129    -0.000513,   -0.000040,   -0.000094,   -0.000157,    0.000066
  130     0.000716,   -0.000551,    0.000106,    0.000110,   -0.000072
  131     0.000238,   -0.000231,    0.000128,    0.000026,   -0.000023
  132    -0.007748,    0.009861,    0.000000,    0.001889,   -0.000126
  133    -0.010305,    0.011012,    0.000000,    0.002692,   -0.002298
  134    -0.000437,    0.009173,   -0.000000,   -0.001097,    0.010746
  135    -0.009428,    0.001983,   -0.000000,   -0.002804,    0.007701
  136     0.008566,    0.068119,    0.000000,    0.008345,    0.005657
  137     0.160434,   -0.009482,   -0.000000,    0.038393,   -0.009714
  138    -0.004607,    0.187308,   -0.000000,    0.008666,    0.039195
  139     0.000000,    0.000000,    0.231564,    0.000000,   -0.000000
  140     0.103977,   -0.002168,   -0.000000,    0.024595,   -0.004898
  141    -0.002168,    0.132273,   -0.000000,    0.006723,    0.028565
  142    -0.000000,   -0.000000,    0.166547,    0.000000,   -0.000000
  143     0.024595,    0.006723,    0.000000,    0.007930,    0.000804
  144    -0.004898,    0.028565,   -0.000000,    0.000804,    0.009236
  145    -0.000000,   -0.000000,    0.046696,    0.000000,   -0.000000
  146     0.000053,   -0.003323,    0.000000,   -0.000223,   -0.001208
  147     0.000000,   -0.000000,    0.009994,    0.000000,   -0.000000
  148    -0.004419,    0.004869,   -0.000000,   -0.000711,    0.001476
  149    -0.000000,    0.000000,   -0.004553,   -0.000000,    0.000000
  150     0.007252,   -0.000844,   -0.000000,    0.001214,   -0.000553
  151    -0.000724,    0.001507,   -0.000000,   -0.000490,   -0.001072
  152    -0.000000,   -0.000000,    0.011353,    0.000000,   -0.000000
  153    -0.005087,    0.002681,   -0.000000,   -0.000452,    0.001483
  154     0.000000,    0.000000,   -0.008130,   -0.000000,    0.000000
  155     0.005765,    0.000387,    0.000000,    0.000074,   -0.000443
  156    -0.000389,    0.001110,   -0.000000,    0.000210,    0.000263
  157     0.000000,    0.000000,   -0.000949,   -0.000000,    0.000000
  158    -0.000184,    0.000429,   -0.000000,    0.000020,    0.000115
  159     0.000000,   -0.000000,    0.000028,    0.000000,   -0.000000
  160    -0.001306,   -0.000644,    0.000000,   -0.000389,   -0.000094
  161    -0.000000,    0.000000,    0.000624,   -0.000000,    0.000000
  162     0.001779,    0.000240,   -0.000000,    0.000381,   -0.000081
  163    -0.025169,    0.042871,   -0.086441,   -0.003957,    0.012112
  164    -0.029697,    0.048411,   -0.097408,   -0.005287,    0.013862
  165    -0.009383,    0.009339,   -0.034041,   -0.001726,    0.003715
  166     0.001386,    0.001750,   -0.003603,    0.000448,    0.000389
  167     0.001436,    0.000625,    0.004828,    0.000430,   -0.000026
  168    -0.002587,    0.004134,   -0.004871,   -0.000446,    0.001184
  169     0.004053,    0.002829,   -0.003803,    0.001147,    0.000341
  170     0.002028,    0.006315,    0.002053,    0.001153,    0.000835
  171    -0.002636,    0.004412,    0.000487,   -0.000677,    0.001079
  172    -0.000427,   -0.000034,    0.000694,   -0.000122,   -0.000009
  173     0.000518,    0.000689,    0.000540,    0.000204,    0.000075
  174    -0.000617,    0.001185,    0.000470,   -0.000085,    0.000277
  175     0.000736,    0.000697,   -0.000671,    0.000224,    0.000109
  176     0.000624,    0.000846,   -0.000051,    0.000212,    0.000114
  177    -0.025169,    0.042871,    0.086441,   -0.003957,    0.012112
  178    -0.029697,    0.048411,    0.097408,   -0.005287,    0.013862
  179    -0.009383,    0.009339,    0.034041,   -0.001726,    0.003715
  180     0.001386,    0.001750,    0.003603,    0.000448,    0.000389
  181     0.001436,    0.000625,   -0.004828,    0.000430,   -0.000026
  182     0.002587,   -0.004134,   -0.004871,    0.000446,   -0.001184
  183     0.004053,    0.002829,    0.003803,    0.001147,    0.000341
  184     0.002028,    0.006315,   -0.002053,    0.001153,    0.000835
  185     0.002636,   -0.004412,    0.000487,    0.000677,   -0.001079
  186    -0.000427,   -0.000034,   -0.000694,   -0.000122,   -0.000009
  187    -0.000518,   -0.000689,    0.000540,   -0.000204,   -0.000075
  188    -0.000617,    0.001185,   -0.000470,   -0.000085,    0.000277
  189    -0.000736,   -0.000697,   -0.000671,   -0.000224,   -0.000109
  190     0.000624,    0.000846,    0.000051,    0.000212,    0.000114
  191    -0.000006,   -0.000013,    0.000000,   -0.000001,   -0.000018
  192    -0.000050,   -0.000097,    0.000000,   -0.000018,   -0.000029
  193     0.000221,    0.000595,   -0.000000,   -0.000136,    0.002321
  194     0.003449,    0.008258,   -0.000000,   -0.000968,    0.024738
  195    -0.004004,   -0.010426,    0.000000,    0.004612,   -0.066222
  196    -0.005363,   -0.016959,   -0.000000,   -0.000172,   -0.017897
  197    -0.000165,   -0.000307,   -0.000000,    0.000064,    0.000018
  198    -0.000251,   -0.000695,    0.000000,   -0.000163,   -0.000150
  199    -0.000000,    0.000000,   -0.000160,   -0.000000,    0.000000
  200     0.003846,    0.007100,    0.000000,   -0.001506,   -0.000442
  201     0.005789,    0.016137,   -0.000000,    0.003787,    0.003487
  202     0.000000,   -0.000000,    0.003784,    0.000000,   -0.000000
  203    -0.019692,   -0.034337,   -0.000000,    0.008048,    0.002604
  204    -0.028129,   -0.080252,    0.000000,   -0.019018,   -0.017837
  205    -0.000000,    0.000000,   -0.020934,   -0.000000,    0.000000
  206    -0.037215,   -0.069696,   -0.000000,    0.014180,    0.004680
  207    -0.055486,   -0.157590,    0.000000,   -0.036292,   -0.032494
  208    -0.000000,    0.000000,   -0.036661,   -0.000000,    0.000000
  209    -0.016771,   -0.016389,   -0.000000,    0.006258,    0.005622
  210    -0.012326,   -0.049998,    0.000000,   -0.011959,   -0.009298
  211    -0.000000,    0.000000,   -0.028094,   -0.000000,    0.000000
  212    -0.000002,   -0.000026,    0.000000,   -0.000000,   -0.000008
  213    -0.000000,   -0.000000,    0.000011,   -0.000000,    0.000000
  214     0.000006,    0.000020,    0.000000,    0.000002,    0.000005
  215    -0.000000,   -0.000000,    0.000010,   -0.000000,   -0.000000
  216     0.000016,    0.000013,    0.000000,    0.000005,    0.000003
  217     0.000215,    0.001478,   -0.000000,    0.000075,    0.000370
  218     0.000000,    0.000000,   -0.000732,    0.000000,   -0.000000
  219    -0.000356,   -0.001017,   -0.000000,   -0.000117,   -0.000234
  220     0.000000,    0.000000,   -0.000440,    0.000000,    0.000000
  221    -0.000868,   -0.000661,   -0.000000,   -0.000286,   -0.000157
  222    -0.001931,   -0.011525,   -0.000000,   -0.000757,   -0.002309
  223    -0.000000,   -0.000000,    0.006447,    0.000000,   -0.000000
  224     0.002793,    0.007306,    0.000000,    0.001021,    0.001435
  225    -0.000000,   -0.000000,    0.002958,   -0.000000,   -0.000000
  226     0.006426,    0.004525,    0.000000,    0.002174,    0.000908
  227    -0.003025,   -0.012484,   -0.000000,   -0.001145,   -0.000843
  228     0.000000,    0.000000,    0.004062,    0.000000,    0.000000
  229     0.003108,    0.007657,    0.000000,    0.001254,    0.000526
  230     0.000000,    0.000000,    0.000930,   -0.000000,    0.000000
  231     0.004899,    0.005690,   -0.000000,    0.002068,    0.000435
  232     0.002219,   -0.000661,   -0.000000,    0.000786,   -0.000112
  233    -0.000000,    0.000000,    0.001871,   -0.000000,    0.000000
  234     0.001791,    0.003803,    0.000000,    0.000673,    0.000587
  235     0.000000,   -0.000000,   -0.001914,    0.000000,   -0.000000
  236     0.000429,    0.002382,    0.000000,    0.000165,    0.000365
  237    -0.000000,   -0.000000,   -0.001766,   -0.000000,   -0.000000
  238     0.002100,    0.005736,    0.000000,    0.000789,    0.000892
               145,         146,         147,         148,         149
    0     0.000000,   -0.000596,   -0.000000,    0.000163,    0.000000
    1     0.000000,   -0.001234,   -0.000000,    0.000282,    0.000000
    2    -0.000000,    0.002158,   -0.000000,   -0.000400,    0.000000
    3    -0.000000,    0.001754,    0.000000,    0.000083,   -0.000000
    4     0.000000,   -0.000584,    0.000000,    0.000186,   -0.000000
    5    -0.000000,   -0.003312,   -0.000000,    0.000819,    0.000000
    6    -0.000000,   -0.004078,   -0.000000,    0.000529,    0.000000
    7    -0.004878,    0.000000,    0.000126,   -0.000000,    0.000002
    8    -0.000000,   -0.002357,   -0.000000,    0.000806,    0.000000
    9    -0.000000,   -0.002682,   -0.000000,    0.000108,    0.000000
   10    -0.003874,   -0.000000,   -0.000179,    0.000000,   -0.000040
   11    -0.000000,   -0.000391,   -0.000000,   -0.000083,    0.000000
   12    -0.000000,   -0.000572,   -0.000000,    0.000039,    0.000000
   13    -0.000751,   -0.000000,   -0.000098,    0.000000,   -0.000215
   14    -0.000000,    0.000197,    0.000000,   -0.000111,   -0.000000
   15     0.000229,   -0.000000,    0.000075,   -0.000000,   -0.000198
   16     0.000000,   -0.000093,   -0.000000,    0.000035,   -0.000000
   17     0.000051,    0.000000,   -0.000017,    0.000000,   -0.000037
   18    -0.000000,   -0.000106,    0.000000,   -0.000065,    0.000000
   19     0.000000,    0.000265,    0.000000,   -0.000207,   -0.000000
   20     0.000529,   -0.000000,    0.000134,    0.000000,   -0.000455
   21    -0.000000,   -0.000029,   -0.000000,   -0.000153,    0.000000
   22     0.000229,    0.000000,    0.000062,   -0.000000,   -0.000090
   23    -0.000000,   -0.000159,   -0.000000,    0.000022,    0.000000
   24     0.000000,   -0.000018,    0.000000,    0.000061,   -0.000000
   25    -0.000056,    0.000000,   -0.000004,   -0.000000,    0.000061
   26     0.000000,    0.000052,    0.000000,   -0.000003,   -0.000000
   27     0.000057,   -0.000000,    0.000006,    0.000000,   -0.000056
   28     0.000000,    0.000025,    0.000000,   -0.000016,   -0.000000
   29     0.000178,    0.000000,    0.000032,    0.000000,   -0.000054
   30     0.000000,    0.000083,    0.000000,   -0.000018,   -0.000000
   31    -0.000922,   -0.000234,    0.000210,    0.000094,   -0.000288
   32    -0.000197,   -0.000407,    0.000526,    0.000267,   -0.000422
   33     0.000683,   -0.000129,    0.000416,    0.000114,   -0.000398
   34    -0.000019,   -0.000058,    0.000009,    0.000014,   -0.000014
   35     0.000124,   -0.000050,   -0.000002,    0.000010,   -0.000010
   36     0.000071,    0.000026,   -0.000007,   -0.000003,    0.000010
   37    -0.000392,   -0.000089,   -0.000101,    0.000017,    0.000049
   38    -0.000119,   -0.000080,   -0.000101,   -0.000016,   -0.000008
   39    -0.000124,    0.000032,   -0.000073,   -0.000021,   -0.000016
   40     0.000064,    0.000006,    0.000014,   -0.000005,   -0.000005
   41    -0.000004,    0.000020,    0.000009,   -0.000008,    0.000002
   42     0.000006,   -0.000011,   -0.000002,    0.000000,   -0.000004
   43    -0.000004,    0.000027,   -0.000001,   -0.000010,    0.000005
   44     0.000047,   -0.000021,    0.000004,    0.000004,   -0.000011
   45     0.000922,   -0.000234,   -0.000210,    0.000094,    0.000288
   46     0.000197,   -0.000407,   -0.000526,    0.000267,    0.000422
   47    -0.000683,   -0.000129,   -0.000416,    0.000114,    0.000398
   48     0.000019,   -0.000058,   -0.000009,    0.000014,    0.000014
   49    -0.000124,   -0.000050,    0.000002,    0.000010,    0.000010
   50     0.000071,   -0.000026,   -0.000007,    0.000003,    0.000010
   51     0.000392,   -0.000089,    0.000101,    0.000017,   -0.000049
   52     0.000119,   -0.000080,    0.000101,   -0.000016,    0.000008
   53    -0.000124,   -0.000032,   -0.000073,    0.000021,   -0.000016
   54    -0.000064,    0.000006,   -0.000014,   -0.000005,    0.000005
   55    -0.000004,   -0.000020,    0.000009,    0.000008,    0.000002
   56    -0.000006,   -0.000011,    0.000002,    0.000000,    0.000004
   57    -0.000004,   -0.000027,   -0.000001,    0.000010,    0.000005
   58    -0.000047,   -0.000021,   -0.000004,    0.000004,    0.000011
   59    -0.000000,   -0.000781,    0.000000,    0.000125,   -0.000000
   60    -0.000000,   -0.000799,   -0.000000,   -0.000369,   -0.000000
   61    -0.000000,   -0.000282,   -0.000000,   -0.000069,    0.000000
   62     0.000000,    0.000058,    0.000000,   -0.000018,    0.000000
   63    -0.000000,   -0.000070,   -0.000000,   -0.000003,    0.000000
   64    -0.000105,   -0.000000,   -0.000006,    0.000000,    0.000002
   65    -0.000000,   -0.000044,    0.000000,    0.000144,    0.000000
   66    -0.000000,   -0.000100,    0.000000,   -0.000029,   -0.000000
   67    -0.000233,    0.000000,   -0.000024,    0.000000,    0.000023
   68     0.000000,    0.000030,   -0.000000,    0.000007,    0.000000
   69     0.000013,    0.000000,    0.000002,   -0.000000,   -0.000006
   70     0.000000,    0.000004,    0.000000,    0.000001,   -0.000000
   71     0.000072,   -0.000000,    0.000007,   -0.000000,   -0.000008
   72     0.000000,    0.000005,   -0.000000,   -0.000001,   -0.000000
   73     0.000000,    0.000166,   -0.000000,    0.001164,    0.000000
   74     0.000000,    0.000316,   -0.000000,    0.002379,    0.000000
   75     0.000000,   -0.000468,    0.000000,   -0.003947,   -0.000000
   76    -0.000000,   -0.000267,    0.000000,   -0.003653,    0.000000
   77    -0.000000,    0.000411,   -0.000000,   -0.000734,    0.000000
   78     0.000000,    0.000060,    0.000000,    0.006133,   -0.000000
   79    -0.000000,    0.006345,    0.000000,   -0.001848,   -0.000000
   80    -0.012891,   -0.000000,   -0.002622,    0.000000,    0.008074
   81     0.000000,   -0.000173,    0.000000,    0.004487,   -0.000000
   82    -0.000000,    0.004340,   -0.000000,   -0.001590,    0.000000
   83    -0.010408,   -0.000000,   -0.001987,    0.000000,    0.005656
   84     0.000000,   -0.000137,    0.000000,    0.001181,   -0.000000
   85    -0.000000,    0.001404,   -0.000000,   -0.000705,    0.000000
   86    -0.005026,   -0.000000,   -0.000243,    0.000000,    0.001913
   87     0.000000,    0.000290,    0.000000,   -0.000123,   -0.000000
   88     0.000813,    0.000000,    0.000217,   -0.000000,   -0.000322
   89     0.000000,   -0.000210,   -0.000000,    0.000197,    0.000000
   90    -0.001796,   -0.000000,   -0.000362,    0.000000,    0.000287
   91    -0.000000,   -0.000108,   -0.000000,   -0.000224,    0.000000
   92     0.000000,    0.000348,   -0.000000,   -0.000205,    0.000000
   93     0.002155,    0.000000,    0.000609,   -0.000000,   -0.000422
   94     0.000000,   -0.000282,    0.000000,    0.000384,   -0.000000
   95    -0.004568,   -0.000000,   -0.000990,    0.000000,    0.000527
   96    -0.000000,   -0.000160,   -0.000000,   -0.000310,    0.000000
   97    -0.000000,   -0.000060,   -0.000000,    0.000059,    0.000000
   98    -0.000129,    0.000000,   -0.000026,   -0.000000,    0.000010
   99     0.000000,   -0.000023,   -0.000000,    0.000019,   -0.000000
  100    -0.000468,   -0.000000,   -0.000103,    0.000000,    0.000021
  101    -0.000000,   -0.000023,   -0.000000,   -0.000079,    0.000000
  102     0.000687,    0.000000,    0.000133,   -0.000000,   -0.000061
  103     0.000000,   -0.000060,    0.000000,    0.000131,   -0.000000
  104     0.006315,   -0.001608,    0.001428,    0.000534,   -0.003026
  105     0.006475,   -0.001813,    0.001606,    0.000668,   -0.003542
  106     0.003826,   -0.000671,    0.001644,    0.000465,   -0.001245
  107    -0.000011,    0.000049,   -0.000000,    0.000088,    0.000088
  108     0.000329,   -0.000007,    0.000064,    0.000004,   -0.000192
  109     0.000316,   -0.000156,    0.000065,    0.000052,   -0.000167
  110     0.000158,    0.000034,   -0.000068,    0.000188,    0.000074
  111    -0.000069,    0.000093,   -0.000027,   -0.000062,   -0.000155
  112    -0.000490,   -0.000144,   -0.000087,    0.000005,   -0.000010
  113     0.000014,   -0.000002,    0.000006,    0.000026,    0.000019
  114     0.000045,    0.000003,    0.000012,    0.000004,   -0.000031
  115     0.000010,   -0.000037,    0.000001,    0.000022,    0.000013
  116     0.000021,    0.000017,   -0.000001,    0.000042,    0.000013
  117    -0.000067,   -0.000016,   -0.000007,   -0.000009,    0.000019
  118    -0.006315,   -0.001608,   -0.001428,    0.000534,    0.003026
  119    -0.006475,   -0.001813,   -0.001606,    0.000668,    0.003542
  120    -0.003826,   -0.000671,   -0.001644,    0.000465,    0.001245
  121     0.000011,    0.000049,    0.000000,    0.000088,   -0.000088
  122    -0.000329,   -0.000007,   -0.000064,    0.000004,    0.000192
  123     0.000316,    0.000156,    0.000065,   -0.000052,   -0.000167
  124    -0.000158,    0.000034,    0.000068,    0.000188,   -0.000074
  125     0.000069,    0.000093,    0.000027,   -0.000062,    0.000155
  126    -0.000490,    0.000144,   -0.000087,   -0.000005,   -0.000010
  127    -0.000014,   -0.000002,   -0.000006,    0.000026,   -0.000019
  128     0.000045,   -0.000003,    0.000012,   -0.000004,   -0.000031
  129    -0.000010,   -0.000037,   -0.000001,    0.000022,   -0.000013
  130     0.000021,   -0.000017,   -0.000001,   -0.000042,    0.000013
  131     0.000067,   -0.000016,    0.000007,   -0.000009,   -0.000019
  132     0.000000,    0.000017,    0.000000,    0.000399,   -0.000000
  133     0.000000,    0.000569,    0.000000,    0.000139,   -0.000000
  134    -0.000000,   -0.002649,   -0.000000,    0.001922,    0.000000
  135    -0.000000,   -0.002000,    0.000000,    0.001885,   -0.000000
  136     0.000000,   -0.000868,    0.000000,    0.001569,   -0.000000
  137    -0.000000,    0.000374,    0.000000,   -0.007210,   -0.000000
  138    -0.000000,   -0.004582,   -0.000000,    0.006902,    0.000000
  139     0.065635,   -0.000000,    0.013531,    0.000000,   -0.006152
  140    -0.000000,    0.000053,    0.000000,   -0.004419,   -0.000000
  141    -0.000000,   -0.003323,   -0.000000,    0.004869,    0.000000
  142     0.046696,    0.000000,    0.009994,   -0.000000,   -0.004553
  143     0.000000,   -0.000223,    0.000000,   -0.000711,   -0.000000
  144    -0.000000,   -0.001208,   -0.000000,    0.001476,    0.000000
  145     0.014586,    0.000000,    0.002519,   -0.000000,   -0.001621
  146     0.000000,    0.000301,    0.000000,   -0.000188,   -0.000000
  147     0.002519,    0.000000,    0.000705,   -0.000000,   -0.000284
  148    -0.000000,   -0.000188,   -0.000000,    0.000399,    0.000000
  149    -0.001621,   -0.000000,   -0.000284,    0.000000,    0.000316
  150    -0.000000,    0.000056,    0.000000,   -0.000359,   -0.000000
  151    -0.000000,    0.000416,   -0.000000,   -0.000070,    0.000000
  152     0.002028,    0.000000,    0.001111,   -0.000000,   -0.000356
  153    -0.000000,   -0.000166,   -0.000000,    0.000377,    0.000000
  154    -0.002813,   -0.000000,   -0.000614,    0.000000,    0.000681
  155     0.000000,    0.000112,    0.000000,   -0.000283,   -0.000000
  156    -0.000000,    0.000026,   -0.000000,    0.000050,    0.000000
  157    -0.000130,   -0.000000,   -0.000089,    0.000000,    0.000003
  158     0.000000,   -0.000046,    0.000000,    0.000036,    0.000000
  159    -0.000040,    0.000000,    0.000050,   -0.000000,   -0.000049
  160     0.000000,    0.000031,   -0.000000,    0.000023,    0.000000
  161     0.000003,   -0.000000,    0.000038,    0.000000,    0.000070
  162    -0.000000,    0.000003,    0.000000,   -0.000064,   -0.000000
  163    -0.024332,   -0.001691,   -0.005249,    0.002961,    0.002502
  164    -0.027698,   -0.001933,   -0.005784,    0.003382,    0.002768
  165    -0.008715,   -0.000571,   -0.002432,    0.000887,    0.001081
  166    -0.000978,   -0.000060,   -0.000213,    0.000018,    0.000077
  167     0.001402,    0.000010,    0.000276,   -0.000056,   -0.000136
  168    -0.001368,   -0.000155,   -0.000293,    0.000291,    0.000135
  169    -0.000974,   -0.000065,   -0.000232,   -0.000072,    0.000062
  170     0.000981,   -0.000097,   -0.000019,    0.000100,   -0.000054
  171    -0.000091,   -0.000131,    0.000129,    0.000290,   -0.000045
  172     0.000170,    0.000011,    0.000043,    0.000013,   -0.000008
  173     0.000174,   -0.000007,    0.000026,   -0.000003,   -0.000017
  174     0.000143,   -0.000035,    0.000022,    0.000072,   -0.000010
  175    -0.000182,   -0.000013,   -0.000037,   -0.000005,    0.000011
  176     0.000034,   -0.000012,   -0.000014,   -0.000001,   -0.000007
  177     0.024332,   -0.001691,    0.005249,    0.002961,   -0.002502
  178     0.027698,   -0.001933,    0.005784,    0.003382,   -0.002768
  179     0.008715,   -0.000571,    0.002432,    0.000887,   -0.001081
  180     0.000978,   -0.000060,    0.000213,    0.000018,   -0.000077
  181    -0.001402,    0.000010,   -0.000276,   -0.000056,    0.000136
  182    -0.001368,    0.000155,   -0.000293,   -0.000291,    0.000135
  183     0.000974,   -0.000065,    0.000232,   -0.000072,   -0.000062
  184    -0.000981,   -0.000097,    0.000019,    0.000100,    0.000054
  185    -0.000091,    0.000131,    0.000129,   -0.000290,   -0.000045
  186    -0.000170,    0.000011,   -0.000043,    0.000013,    0.000008
  187     0.000174,    0.000007,    0.000026,    0.000003,   -0.000017
  188    -0.000143,   -0.000035,   -0.000022,    0.000072,    0.000010
  189    -0.000182,    0.000013,   -0.000037,    0.000005,    0.000011
  190    -0.000034,   -0.000012,    0.000014,   -0.000001,    0.000007
  191    -0.000000,    0.000002,    0.000000,   -0.000001,   -0.000000
  192     0.000000,    0.000003,    0.000000,   -0.000001,   -0.000000
  193     0.000000,   -0.000239,   -0.000000,    0.000159,   -0.000000
  194     0.000000,   -0.002535,   -0.000000,    0.001670,    0.000000
  195    -0.000000,    0.006826,    0.000000,   -0.004467,   -0.000000
  196    -0.000000,    0.001797,   -0.000000,   -0.001304,    0.000000
  197     0.000000,   -0.000008,   -0.000000,    0.000005,    0.000000
  198     0.000000,    0.000025,    0.000000,   -0.000017,   -0.000000
  199     0.000083,   -0.000000,   -0.000044,    0.000000,   -0.000010
  200    -0.000000,    0.000185,    0.000000,   -0.000109,   -0.000000
  201    -0.000000,   -0.000577,   -0.000000,    0.000388,    0.000000
  202    -0.001912,    0.000000,    0.001020,   -0.000000,    0.000242
  203     0.000000,   -0.000981,   -0.000000,    0.000623,    0.000000
  204     0.000000,    0.002969,    0.000000,   -0.002007,   -0.000000
  205     0.009611,   -0.000000,   -0.005382,    0.000000,   -0.001231
  206     0.000000,   -0.001796,   -0.000000,    0.001038,    0.000000
  207     0.000000,    0.005446,    0.000000,   -0.003725,   -0.000000
  208     0.017983,   -0.000000,   -0.009747,    0.000000,   -0.002267
  209     0.000000,   -0.001099,   -0.000000,    0.000972,    0.000000
  210     0.000000,    0.001790,    0.000000,   -0.001400,   -0.000000
  211     0.004183,   -0.000000,   -0.004917,    0.000000,   -0.000611
  212     0.000000,    0.000001,    0.000000,   -0.000001,   -0.000000
  213     0.000004,   -0.000000,    0.000000,    0.000000,   -0.000000
  214    -0.000000,   -0.000001,    0.000000,    0.000001,   -0.000000
  215     0.000003,    0.000000,    0.000001,    0.000000,   -0.000000
  216    -0.000000,   -0.000001,    0.000000,   -0.000000,   -0.000000
  217    -0.000000,   -0.000038,   -0.000000,    0.000045,    0.000000
  218    -0.000248,    0.000000,   -0.000032,   -0.000000,    0.000024
  219     0.000000,    0.000024,   -0.000000,   -0.000021,    0.000000
  220    -0.000138,   -0.000000,   -0.000022,   -0.000000,    0.000013
  221     0.000000,    0.000025,   -0.000000,    0.000010,    0.000000
  222     0.000000,    0.000227,    0.000000,   -0.000292,   -0.000000
  223     0.002191,   -0.000000,    0.000287,    0.000000,   -0.000224
  224    -0.000000,   -0.000149,    0.000000,    0.000123,   -0.000000
  225     0.001007,    0.000000,    0.000120,    0.000000,   -0.000086
  226    -0.000000,   -0.000168,    0.000000,   -0.000101,   -0.000000
  227     0.000000,    0.000094,   -0.000000,   -0.000175,    0.000000
  228     0.001677,   -0.000000,    0.000097,    0.000000,   -0.000169
  229    -0.000000,   -0.000072,   -0.000000,    0.000067,    0.000000
  230     0.000545,   -0.000000,   -0.000050,    0.000000,   -0.000014
  231    -0.000000,   -0.000154,   -0.000000,   -0.000034,    0.000000
  232    -0.000000,   -0.000024,   -0.000000,   -0.000101,    0.000000
  233     0.000698,   -0.000000,    0.000060,    0.000000,   -0.000062
  234    -0.000000,   -0.000076,    0.000000,    0.000044,   -0.000000
  235    -0.000704,    0.000000,   -0.000063,   -0.000000,    0.000062
  236    -0.000000,   -0.000032,    0.000000,    0.000053,   -0.000000
  237    -0.000633,    0.000000,   -0.000078,   -0.000000,    0.000077
  238    -0.000000,   -0.000122,    0.000000,    0.000089,    0.000000
               150,         151,         152,         153,         154
    0     0.000219,   -0.000833,   -0.000000,   -0.000809,    0.000000
    1     0.000493,   -0.001838,   -0.000000,   -0.001196,    0.000000
    2    -0.000982,    0.003481,    0.000000,    0.000554,   -0.000000
    3    -0.001269,    0.002453,    0.000000,    0.001013,   -0.000000
    4    -0.000451,    0.000923,    0.000000,   -0.000456,   -0.000000
    5     0.000864,   -0.006360,   -0.000000,    0.002154,    0.000000
    6     0.000566,   -0.005203,    0.000000,   -0.004087,   -0.000000
    7     0.000000,   -0.000000,    0.000354,   -0.000000,    0.000174
    8     0.000413,   -0.004127,   -0.000000,    0.001700,    0.000000
    9     0.000367,   -0.003954,    0.000000,   -0.002548,    0.000000
   10    -0.000000,   -0.000000,   -0.000225,   -0.000000,    0.000024
   11     0.000474,   -0.001466,   -0.000000,    0.000490,    0.000000
   12     0.000302,   -0.000966,   -0.000000,   -0.000767,    0.000000
   13     0.000000,   -0.000000,   -0.000171,   -0.000000,   -0.000458
   14     0.000142,    0.000323,   -0.000000,   -0.000039,    0.000000
   15     0.000000,   -0.000000,    0.000209,   -0.000000,   -0.000486
   16    -0.000077,   -0.000128,    0.000000,   -0.000107,   -0.000000
   17    -0.000000,    0.000000,    0.000001,    0.000000,   -0.000103
   18     0.000211,   -0.000188,   -0.000000,   -0.000090,    0.000000
   19     0.000344,    0.000499,    0.000000,   -0.000258,   -0.000000
   20    -0.000000,   -0.000000,    0.000479,   -0.000000,   -0.001156
   21    -0.000038,   -0.000397,   -0.000000,   -0.000087,    0.000000
   22     0.000000,    0.000000,    0.000197,   -0.000000,   -0.000252
   23     0.000199,   -0.000113,   -0.000000,   -0.000072,    0.000000
   24    -0.000120,   -0.000050,    0.000000,    0.000108,   -0.000000
   25    -0.000000,    0.000000,   -0.000042,    0.000000,    0.000156
   26    -0.000027,    0.000069,    0.000000,    0.000028,   -0.000000
   27    -0.000000,   -0.000000,    0.000045,   -0.000000,   -0.000145
   28     0.000032,    0.000056,   -0.000000,   -0.000021,   -0.000000
   29    -0.000000,    0.000000,    0.000065,   -0.000000,   -0.000129
   30    -0.000002,    0.000130,    0.000000,    0.000017,   -0.000000
   31    -0.000362,    0.000060,    0.000486,   -0.000896,   -0.000641
   32    -0.000420,    0.000187,    0.001019,   -0.001123,   -0.000932
   33    -0.000237,   -0.000180,    0.000933,   -0.000138,   -0.000984
   34     0.000004,   -0.000097,    0.000024,    0.000004,   -0.000033
   35     0.000018,   -0.000085,    0.000001,    0.000008,   -0.000030
   36     0.000022,   -0.000005,   -0.000016,    0.000101,    0.000021
   37     0.000018,   -0.000149,   -0.000174,    0.000005,    0.000115
   38     0.000011,   -0.000262,   -0.000170,    0.000000,   -0.000027
   39    -0.000009,   -0.000112,   -0.000120,    0.000158,   -0.000043
   40     0.000008,    0.000017,    0.000020,   -0.000013,   -0.000011
   41     0.000005,    0.000044,    0.000018,   -0.000011,    0.000004
   42    -0.000003,   -0.000010,    0.000001,   -0.000025,   -0.000011
   43     0.000004,    0.000042,   -0.000002,   -0.000006,    0.000011
   44     0.000008,   -0.000033,    0.000006,   -0.000008,   -0.000026
   45    -0.000362,    0.000060,   -0.000486,   -0.000896,    0.000641
   46    -0.000420,    0.000187,   -0.001019,   -0.001123,    0.000932
   47    -0.000237,   -0.000180,   -0.000933,   -0.000138,    0.000984
   48     0.000004,   -0.000097,   -0.000024,    0.000004,    0.000033
   49     0.000018,   -0.000085,   -0.000001,    0.000008,    0.000030
   50    -0.000022,    0.000005,   -0.000016,   -0.000101,    0.000021
   51     0.000018,   -0.000149,    0.000174,    0.000005,   -0.000115
   52     0.000011,   -0.000262,    0.000170,    0.000000,    0.000027
   53     0.000009,    0.000112,   -0.000120,   -0.000158,   -0.000043
   54     0.000008,    0.000017,   -0.000020,   -0.000013,    0.000011
   55    -0.000005,   -0.000044,    0.000018,    0.000011,    0.000004
   56    -0.000003,   -0.000010,   -0.000001,   -0.000025,    0.000011
   57    -0.000004,   -0.000042,   -0.000002,    0.000006,    0.000011
   58     0.000008,   -0.000033,   -0.000006,   -0.000008,    0.000026
   59     0.000471,   -0.001683,   -0.000000,    0.001037,    0.000000
   60     0.001095,   -0.002274,   -0.000000,    0.000807,    0.000000
   61     0.000569,   -0.000394,   -0.000000,    0.000033,    0.000000
   62    -0.000010,    0.000143,    0.000000,   -0.000121,   -0.000000
   63     0.000039,   -0.000097,    0.000000,   -0.000067,    0.000000
   64     0.000000,   -0.000000,   -0.000003,   -0.000000,    0.000006
   65    -0.000094,    0.000141,    0.000000,    0.000006,    0.000000
   66     0.000106,   -0.000093,    0.000000,   -0.000190,   -0.000000
   67    -0.000000,    0.000000,   -0.000046,   -0.000000,    0.000062
   68    -0.000030,    0.000035,   -0.000000,    0.000049,    0.000000
   69     0.000000,    0.000000,    0.000004,   -0.000000,   -0.000015
   70    -0.000002,    0.000010,    0.000000,   -0.000006,   -0.000000
   71     0.000000,    0.000000,    0.000011,    0.000000,   -0.000018
   72    -0.000004,   -0.000003,   -0.000000,    0.000020,   -0.000000
   73    -0.001804,    0.001223,    0.000000,    0.001238,   -0.000000
   74    -0.003796,    0.002033,    0.000000,    0.002371,   -0.000000
   75     0.006732,   -0.001940,   -0.000000,   -0.003595,    0.000000
   76     0.005932,   -0.000560,   -0.000000,   -0.003487,    0.000000
   77     0.000664,   -0.002757,   -0.000000,   -0.000211,    0.000000
   78    -0.010517,    0.001617,    0.000000,    0.008659,   -0.000000
   79     0.001727,    0.011063,   -0.000000,   -0.000057,    0.000000
   80     0.000000,    0.000000,   -0.008858,    0.000000,    0.020606
   81    -0.007234,    0.001347,    0.000000,    0.005831,   -0.000000
   82     0.001288,    0.006814,   -0.000000,    0.000194,    0.000000
   83    -0.000000,    0.000000,   -0.005966,    0.000000,    0.014225
   84    -0.001493,    0.000748,    0.000000,    0.001163,   -0.000000
   85     0.000860,    0.001446,   -0.000000,   -0.000323,    0.000000
   86    -0.000000,    0.000000,   -0.000097,    0.000000,    0.004328
   87    -0.000123,    0.000187,    0.000000,    0.000143,   -0.000000
   88     0.000000,   -0.000000,    0.000488,   -0.000000,   -0.000792
   89    -0.000241,   -0.000241,    0.000000,    0.000116,   -0.000000
   90    -0.000000,    0.000000,   -0.000487,    0.000000,    0.000611
   91     0.000452,   -0.000299,   -0.000000,   -0.000276,    0.000000
   92    -0.000485,   -0.000358,   -0.000000,    0.000552,    0.000000
   93     0.000000,    0.000000,    0.000986,   -0.000000,   -0.000938
   94    -0.000196,    0.000146,    0.000000,   -0.000103,   -0.000000
   95    -0.000000,   -0.000000,   -0.001242,    0.000000,    0.001034
   96     0.000549,   -0.000709,   -0.000000,   -0.000220,    0.000000
   97     0.000043,    0.000027,   -0.000000,    0.000030,    0.000000
   98     0.000000,    0.000000,   -0.000043,   -0.000000,    0.000025
   99    -0.000064,   -0.000109,    0.000000,    0.000030,   -0.000000
  100    -0.000000,    0.000000,   -0.000084,    0.000000,    0.000008
  101     0.000132,   -0.000066,   -0.000000,   -0.000113,    0.000000
  102     0.000000,   -0.000000,    0.000134,   -0.000000,   -0.000103
  103    -0.000159,   -0.000032,    0.000000,    0.000093,   -0.000000
  104    -0.000448,   -0.002585,    0.003849,    0.000389,   -0.007615
  105    -0.000815,   -0.003533,    0.004749,    0.000849,   -0.009061
  106    -0.000499,   -0.000944,    0.003948,    0.000487,   -0.003340
  107    -0.000142,    0.000114,   -0.000072,    0.000131,    0.000234
  108    -0.000004,   -0.000020,    0.000208,    0.000033,   -0.000488
  109    -0.000052,   -0.000265,    0.000189,    0.000041,   -0.000420
  110    -0.000225,    0.000346,   -0.000334,    0.000124,    0.000263
  111     0.000046,    0.000076,    0.000106,    0.000033,   -0.000425
  112    -0.000101,   -0.000588,   -0.000001,    0.000194,   -0.000086
  113    -0.000045,    0.000005,   -0.000007,    0.000036,    0.000051
  114    -0.000008,   -0.000001,    0.000043,    0.000021,   -0.000082
  115    -0.000029,   -0.000071,   -0.000014,    0.000023,    0.000036
  116    -0.000060,    0.000069,   -0.000024,    0.000050,    0.000039
  117     0.000016,   -0.000041,   -0.000010,   -0.000018,    0.000044
  118    -0.000448,   -0.002585,   -0.003849,    0.000389,    0.007615
  119    -0.000815,   -0.003533,   -0.004749,    0.000849,    0.009061
  120    -0.000499,   -0.000944,   -0.003948,    0.000487,    0.003340
  121    -0.000142,    0.000114,    0.000072,    0.000131,   -0.000234
  122    -0.000004,   -0.000020,   -0.000208,    0.000033,    0.000488
  123     0.000052,    0.000265,    0.000189,   -0.000041,   -0.000420
  124    -0.000225,    0.000346,    0.000334,    0.000124,   -0.000263
  125     0.000046,    0.000076,   -0.000106,    0.000033,    0.000425
  126     0.000101,    0.000588,   -0.000001,   -0.000194,   -0.000086
  127    -0.000045,    0.000005,    0.000007,    0.000036,   -0.000051
  128     0.000008,    0.000001,    0.000043,   -0.000021,   -0.000082
  129    -0.000029,   -0.000071,    0.000014,    0.000023,   -0.000036
  130     0.000060,   -0.000069,   -0.000024,   -0.000050,    0.000039
  131     0.000016,   -0.000041,    0.000010,   -0.000018,   -0.000044
  132    -0.000367,   -0.002364,    0.000000,    0.005698,   -0.000000
  133    -0.000946,   -0.002350,    0.000000,    0.007517,   -0.000000
  134     0.002137,   -0.003934,   -0.000000,    0.000272,    0.000000
  135     0.000829,   -0.002890,   -0.000000,    0.000357,    0.000000
  136    -0.000651,    0.003640,    0.000000,   -0.000324,   -0.000000
  137     0.011072,   -0.001092,   -0.000000,   -0.007718,    0.000000
  138    -0.001236,    0.002887,   -0.000000,    0.003160,    0.000000
  139    -0.000000,   -0.000000,    0.014248,   -0.000000,   -0.010515
  140     0.007252,   -0.000724,   -0.000000,   -0.005087,    0.000000
  141    -0.000844,    0.001507,   -0.000000,    0.002681,    0.000000
  142    -0.000000,   -0.000000,    0.011353,   -0.000000,   -0.008130
  143     0.001214,   -0.000490,    0.000000,   -0.000452,   -0.000000
  144    -0.000553,   -0.001072,   -0.000000,    0.001483,    0.000000
  145    -0.000000,   -0.000000,    0.002028,   -0.000000,   -0.002813
  146     0.000056,    0.000416,    0.000000,   -0.000166,   -0.000000
  147     0.000000,   -0.000000,    0.001111,   -0.000000,   -0.000614
  148    -0.000359,   -0.000070,   -0.000000,    0.000377,    0.000000
  149    -0.000000,    0.000000,   -0.000356,    0.000000,    0.000681
  150     0.000676,    0.000059,   -0.000000,   -0.000502,    0.000000
  151     0.000059,    0.001132,    0.000000,   -0.000373,   -0.000000
  152    -0.000000,    0.000000,    0.002549,   -0.000000,   -0.001082
  153    -0.000502,   -0.000373,   -0.000000,    0.000722,    0.000000
  154     0.000000,   -0.000000,   -0.001082,    0.000000,    0.001595
  155     0.000840,    0.000382,   -0.000000,   -0.000684,   -0.000000
  156    -0.000089,    0.000072,   -0.000000,    0.000112,    0.000000
  157     0.000000,   -0.000000,   -0.000199,    0.000000,    0.000026
  158    -0.000016,   -0.000056,   -0.000000,    0.000035,    0.000000
  159    -0.000000,    0.000000,    0.000206,   -0.000000,   -0.000162
  160    -0.000092,    0.000028,    0.000000,    0.000040,   -0.000000
  161     0.000000,    0.000000,    0.000042,    0.000000,    0.000174
  162     0.000161,    0.000038,   -0.000000,   -0.000123,    0.000000
  163    -0.001619,   -0.000256,   -0.006127,    0.001894,    0.004593
  164    -0.001867,   -0.000212,   -0.006339,    0.001932,    0.004914
  165    -0.000655,   -0.000536,   -0.003899,    0.000769,    0.002379
  166     0.000092,   -0.000016,   -0.000232,   -0.000031,    0.000123
  167     0.000066,    0.000029,    0.000269,   -0.000038,   -0.000230
  168    -0.000161,   -0.000005,   -0.000334,    0.000177,    0.000242
  169     0.000259,    0.000065,   -0.000262,   -0.000211,    0.000086
  170    -0.000015,    0.000167,   -0.000443,    0.000071,    0.000043
  171    -0.000116,    0.000154,    0.000452,    0.000022,   -0.000199
  172    -0.000024,    0.000020,    0.000053,    0.000018,   -0.000010
  173     0.000017,    0.000013,    0.000011,    0.000005,   -0.000026
  174    -0.000050,    0.000020,    0.000008,    0.000039,   -0.000011
  175     0.000047,    0.000019,   -0.000033,   -0.000034,    0.000013
  176     0.000034,    0.000023,   -0.000047,   -0.000015,   -0.000008
  177    -0.001619,   -0.000256,    0.006127,    0.001894,   -0.004593
  178    -0.001867,   -0.000212,    0.006339,    0.001932,   -0.004914
  179    -0.000655,   -0.000536,    0.003899,    0.000769,   -0.002379
  180     0.000092,   -0.000016,    0.000232,   -0.000031,   -0.000123
  181     0.000066,    0.000029,   -0.000269,   -0.000038,    0.000230
  182     0.000161,    0.000005,   -0.000334,   -0.000177,    0.000242
  183     0.000259,    0.000065,    0.000262,   -0.000211,   -0.000086
  184    -0.000015,    0.000167,    0.000443,    0.000071,   -0.000043
  185     0.000116,   -0.000154,    0.000452,   -0.000022,   -0.000199
  186    -0.000024,    0.000020,   -0.000053,    0.000018,    0.000010
  187    -0.000017,   -0.000013,    0.000011,   -0.000005,   -0.000026
  188    -0.000050,    0.000020,   -0.000008,    0.000039,    0.000011
  189    -0.000047,   -0.000019,   -0.000033,    0.000034,    0.000013
  190     0.000034,    0.000023,    0.000047,   -0.000015,    0.000008
  191    -0.000001,    0.000006,    0.000000,   -0.000003,   -0.000000
  192    -0.000002,    0.000003,   -0.000000,   -0.000003,    0.000000
  193     0.000138,   -0.000828,   -0.000000,    0.000467,    0.000000
  194     0.001455,   -0.008665,   -0.000000,    0.004917,    0.000000
  195    -0.003760,    0.024258,    0.000000,   -0.013623,   -0.000000
  196    -0.001192,    0.005133,   -0.000000,   -0.003021,   -0.000000
  197    -0.000043,   -0.000056,   -0.000000,    0.000048,    0.000000
  198     0.000008,    0.000017,    0.000000,   -0.000021,   -0.000000
  199     0.000000,   -0.000000,   -0.000151,    0.000000,    0.000007
  200     0.001007,    0.001315,    0.000000,   -0.001133,   -0.000000
  201    -0.000201,   -0.000395,   -0.000000,    0.000500,    0.000000
  202    -0.000000,    0.000000,    0.003541,   -0.000000,   -0.000160
  203    -0.005247,   -0.006690,   -0.000000,    0.005881,    0.000000
  204     0.001131,    0.002250,    0.000000,   -0.002703,   -0.000000
  205     0.000000,   -0.000000,   -0.018503,    0.000000,    0.000873
  206    -0.009608,   -0.012908,   -0.000000,    0.011034,    0.000000
  207     0.001952,    0.003088,    0.000000,   -0.004391,   -0.000000
  208     0.000000,   -0.000000,   -0.033738,    0.000000,    0.001587
  209    -0.004157,   -0.005514,   -0.000000,    0.005138,    0.000000
  210     0.001511,    0.000892,    0.000000,   -0.001718,   -0.000000
  211     0.000000,   -0.000000,   -0.015292,    0.000000,    0.001335
  212    -0.000000,    0.000000,    0.000000,   -0.000000,   -0.000000
  213    -0.000000,   -0.000000,   -0.000000,    0.000000,   -0.000000
  214     0.000001,    0.000000,    0.000000,    0.000000,   -0.000000
  215    -0.000000,   -0.000000,    0.000001,    0.000000,   -0.000001
  216     0.000001,   -0.000001,   -0.000000,    0.000000,   -0.000000
  217     0.000018,    0.000003,    0.000000,    0.000020,    0.000000
  218     0.000000,    0.000000,    0.000001,   -0.000000,    0.000032
  219    -0.000022,   -0.000004,   -0.000000,   -0.000006,    0.000000
  220     0.000000,    0.000000,   -0.000013,   -0.000000,    0.000020
  221    -0.000042,    0.000033,   -0.000000,    0.000003,    0.000000
  222    -0.000117,   -0.000227,   -0.000000,   -0.000066,    0.000000
  223    -0.000000,   -0.000000,    0.000026,    0.000000,   -0.000328
  224     0.000132,    0.000093,    0.000000,    0.000025,   -0.000000
  225    -0.000000,   -0.000000,   -0.000035,    0.000000,   -0.000102
  226     0.000269,   -0.000210,    0.000000,   -0.000042,   -0.000000
  227    -0.000127,   -0.000850,   -0.000000,    0.000344,    0.000000
  228     0.000000,   -0.000000,   -0.000330,    0.000000,   -0.000189
  229     0.000089,    0.000450,    0.000000,   -0.000193,    0.000000
  230     0.000000,   -0.000000,   -0.000374,    0.000000,    0.000085
  231     0.000069,    0.000055,   -0.000000,   -0.000106,    0.000000
  232     0.000068,   -0.000152,   -0.000000,   -0.000014,    0.000000
  233    -0.000000,   -0.000000,   -0.000090,    0.000000,   -0.000065
  234     0.000070,    0.000079,    0.000000,   -0.000028,   -0.000000
  235    -0.000000,    0.000000,    0.000082,   -0.000000,    0.000065
  236     0.000026,    0.000099,    0.000000,   -0.000015,   -0.000000
  237    -0.000000,    0.000000,   -0.000003,    0.000000,    0.000125
  238     0.000085,    0.000122,    0.000000,   -0.000040,   -0.000000
               155,         156,         157,         158,         159
    0     0.000208,   -0.000368,    0.000000,    0.000029,   -0.000000
    1     0.000585,   -0.000699,    0.000000,    0.000117,   -0.000000
    2    -0.001610,    0.001006,   -0.000000,   -0.000372,    0.000000
    3    -0.001332,    0.000768,   -0.000000,   -0.000328,    0.000000
    4    -0.002800,    0.000598,   -0.000000,    0.000226,    0.000000
    5     0.001391,   -0.001551,    0.000000,    0.000887,   -0.000000
    6    -0.000082,   -0.002056,    0.000000,    0.000272,    0.000000
    7     0.000000,   -0.000000,    0.000578,   -0.000000,   -0.000182
    8     0.000645,   -0.000925,    0.000000,    0.000625,   -0.000000
    9    -0.000593,   -0.001285,    0.000000,    0.000204,   -0.000000
   10     0.000000,   -0.000000,    0.000451,   -0.000000,   -0.000119
   11     0.000939,   -0.000369,    0.000000,    0.000107,   -0.000000
   12     0.000911,   -0.000540,    0.000000,   -0.000018,   -0.000000
   13     0.000000,   -0.000000,    0.000166,   -0.000000,    0.000006
   14     0.000189,    0.000080,   -0.000000,   -0.000026,   -0.000000
   15     0.000000,   -0.000000,    0.000030,   -0.000000,    0.000052
   16    -0.000131,   -0.000046,    0.000000,   -0.000002,    0.000000
   17     0.000000,    0.000000,   -0.000004,    0.000000,    0.000017
   18     0.000203,   -0.000057,    0.000000,    0.000035,   -0.000000
   19     0.000539,    0.000047,   -0.000000,   -0.000040,    0.000000
   20     0.000000,   -0.000000,    0.000041,   -0.000000,    0.000142
   21    -0.000283,   -0.000051,   -0.000000,   -0.000002,   -0.000000
   22     0.000000,    0.000000,   -0.000017,    0.000000,    0.000041
   23     0.000111,    0.000004,    0.000000,    0.000055,   -0.000000
   24    -0.000117,   -0.000002,   -0.000000,   -0.000000,    0.000000
   25    -0.000000,    0.000000,   -0.000005,   -0.000000,   -0.000020
   26    -0.000021,    0.000022,   -0.000000,   -0.000010,    0.000000
   27     0.000000,   -0.000000,    0.000003,   -0.000000,    0.000019
   28     0.000045,    0.000011,    0.000000,   -0.000003,    0.000000
   29     0.000000,    0.000000,   -0.000001,   -0.000000,    0.000014
   30     0.000020,    0.000031,   -0.000000,   -0.000014,    0.000000
   31    -0.000692,   -0.000110,    0.000209,   -0.000097,    0.000015
   32    -0.000584,   -0.000185,    0.000211,   -0.000109,    0.000031
   33    -0.000257,   -0.000073,    0.000044,   -0.000040,    0.000105
   34     0.000003,   -0.000028,    0.000006,    0.000010,    0.000002
   35     0.000029,   -0.000023,   -0.000013,    0.000011,    0.000008
   36     0.000054,    0.000013,   -0.000012,    0.000009,    0.000001
   37     0.000058,   -0.000064,    0.000018,    0.000017,   -0.000014
   38    -0.000005,   -0.000057,    0.000005,    0.000012,    0.000007
   39    -0.000032,    0.000019,    0.000011,    0.000011,    0.000006
   40     0.000002,    0.000005,   -0.000003,   -0.000002,    0.000001
   41     0.000003,    0.000010,    0.000000,   -0.000004,   -0.000001
   42    -0.000008,   -0.000008,   -0.000001,   -0.000001,    0.000002
   43     0.000002,    0.000013,   -0.000001,   -0.000005,   -0.000001
   44     0.000011,   -0.000011,   -0.000001,    0.000003,    0.000003
   45    -0.000692,   -0.000110,   -0.000209,   -0.000097,   -0.000015
   46    -0.000584,   -0.000185,   -0.000211,   -0.000109,   -0.000031
   47    -0.000257,   -0.000073,   -0.000044,   -0.000040,   -0.000105
   48     0.000003,   -0.000028,   -0.000006,    0.000010,   -0.000002
   49     0.000029,   -0.000023,    0.000013,    0.000011,   -0.000008
   50    -0.000054,   -0.000013,   -0.000012,   -0.000009,    0.000001
   51     0.000058,   -0.000064,   -0.000018,    0.000017,    0.000014
   52    -0.000005,   -0.000057,   -0.000005,    0.000012,   -0.000007
   53     0.000032,   -0.000019,    0.000011,   -0.000011,    0.000006
   54     0.000002,    0.000005,    0.000003,   -0.000002,   -0.000001
   55    -0.000003,   -0.000010,    0.000000,    0.000004,   -0.000001
   56    -0.000008,   -0.000008,    0.000001,   -0.000001,   -0.000002
   57    -0.000002,   -0.000013,   -0.000001,    0.000005,   -0.000001
   58     0.000011,   -0.000011,    0.000001,    0.000003,   -0.000003
   59     0.000630,   -0.000356,    0.000000,    0.000304,   -0.000000
   60     0.001297,   -0.000562,   -0.000000,    0.000349,   -0.000000
   61     0.000834,   -0.000176,    0.000000,    0.000109,   -0.000000
   62    -0.000017,    0.000025,    0.000000,   -0.000026,    0.000000
   63     0.000032,   -0.000036,    0.000000,    0.000008,   -0.000000
   64     0.000000,   -0.000000,    0.000010,   -0.000000,   -0.000003
   65    -0.000080,    0.000045,    0.000000,   -0.000006,   -0.000000
   66     0.000134,   -0.000075,   -0.000000,    0.000005,    0.000000
   67    -0.000000,    0.000000,    0.000019,   -0.000000,   -0.000012
   68    -0.000032,    0.000018,   -0.000000,   -0.000003,   -0.000000
   69     0.000000,    0.000000,    0.000001,   -0.000000,    0.000001
   70     0.000002,    0.000001,    0.000000,   -0.000002,   -0.000000
   71     0.000000,    0.000000,   -0.000004,    0.000000,    0.000003
   72    -0.000002,    0.000001,   -0.000000,    0.000001,    0.000000
   73    -0.002485,    0.000359,   -0.000000,    0.000171,    0.000000
   74    -0.004806,    0.000631,   -0.000000,    0.000207,    0.000000
   75     0.007583,   -0.000860,   -0.000000,    0.000055,   -0.000000
   76     0.005742,   -0.000464,   -0.000000,   -0.000014,   -0.000000
   77     0.003978,   -0.001504,    0.000000,   -0.000299,   -0.000000
   78    -0.009788,    0.001212,   -0.000000,   -0.000337,    0.000000
   79     0.002344,    0.002969,   -0.000000,   -0.000709,   -0.000000
   80    -0.000000,    0.000000,   -0.000350,    0.000000,   -0.002620
   81    -0.006590,    0.000827,   -0.000000,   -0.000138,    0.000000
   82     0.001147,    0.002118,    0.000000,   -0.000470,   -0.000000
   83    -0.000000,    0.000000,   -0.000257,    0.000000,   -0.001741
   84    -0.001137,    0.000215,   -0.000000,    0.000006,    0.000000
   85     0.002210,    0.000046,    0.000000,   -0.000233,   -0.000000
   86    -0.000000,    0.000000,   -0.000244,    0.000000,   -0.000365
   87    -0.000178,    0.000071,   -0.000000,   -0.000035,    0.000000
   88     0.000000,   -0.000000,    0.000010,   -0.000000,    0.000090
   89    -0.000205,   -0.000078,   -0.000000,    0.000008,    0.000000
   90    -0.000000,    0.000000,    0.000026,   -0.000000,   -0.000043
   91     0.000438,   -0.000091,    0.000000,    0.000050,   -0.000000
   92    -0.000926,    0.000098,   -0.000000,   -0.000013,   -0.000000
   93     0.000000,   -0.000000,   -0.000015,    0.000000,    0.000074
   94     0.000261,   -0.000176,   -0.000000,   -0.000005,    0.000000
   95    -0.000000,    0.000000,    0.000096,   -0.000000,   -0.000043
   96     0.000619,   -0.000186,    0.000000,    0.000061,   -0.000000
   97     0.000085,    0.000008,    0.000000,    0.000013,   -0.000000
   98     0.000000,   -0.000000,    0.000008,   -0.000000,   -0.000004
   99    -0.000081,   -0.000021,    0.000000,    0.000002,    0.000000
  100    -0.000000,    0.000000,    0.000006,   -0.000000,    0.000013
  101     0.000118,   -0.000024,    0.000000,    0.000003,   -0.000000
  102     0.000000,   -0.000000,   -0.000015,    0.000000,   -0.000002
  103    -0.000145,   -0.000006,    0.000000,    0.000005,    0.000000
  104    -0.000403,   -0.000635,    0.000078,    0.000132,    0.000936
  105    -0.000867,   -0.000691,    0.000078,    0.000137,    0.001162
  106    -0.000839,   -0.000027,   -0.000180,    0.000064,    0.000488
  107    -0.000124,    0.000044,   -0.000009,   -0.000008,   -0.000032
  108     0.000024,   -0.000004,    0.000007,   -0.000003,    0.000062
  109    -0.000042,   -0.000068,    0.000006,    0.000012,    0.000052
  110    -0.000151,    0.000052,    0.000017,   -0.000005,   -0.000058
  111     0.000054,    0.000043,    0.000014,   -0.000013,    0.000063
  112    -0.000142,   -0.000074,    0.000005,    0.000007,    0.000030
  113    -0.000051,    0.000006,   -0.000003,    0.000000,   -0.000007
  114    -0.000001,    0.000004,    0.000000,   -0.000001,    0.000011
  115    -0.000023,   -0.000016,   -0.000001,    0.000002,   -0.000006
  116    -0.000053,    0.000019,   -0.000000,   -0.000002,   -0.000007
  117     0.000012,   -0.000012,   -0.000001,    0.000003,   -0.000004
  118    -0.000403,   -0.000635,   -0.000078,    0.000132,   -0.000936
  119    -0.000867,   -0.000691,   -0.000078,    0.000137,   -0.001162
  120    -0.000839,   -0.000027,    0.000180,    0.000064,   -0.000488
  121    -0.000124,    0.000044,    0.000009,   -0.000008,    0.000032
  122     0.000024,   -0.000004,   -0.000007,   -0.000003,   -0.000062
  123     0.000042,    0.000068,    0.000006,   -0.000012,    0.000052
  124    -0.000151,    0.000052,   -0.000017,   -0.000005,    0.000058
  125     0.000054,    0.000043,   -0.000014,   -0.000013,   -0.000063
  126     0.000142,    0.000074,    0.000005,   -0.000007,    0.000030
  127    -0.000051,    0.000006,    0.000003,    0.000000,    0.000007
  128     0.000001,   -0.000004,    0.000000,    0.000001,    0.000011
  129    -0.000023,   -0.000016,    0.000001,    0.000002,    0.000006
  130     0.000053,   -0.000019,   -0.000000,    0.000002,   -0.000007
  131     0.000012,   -0.000012,    0.000001,    0.000003,    0.000004
  132    -0.002161,    0.000143,   -0.000000,    0.000986,    0.000000
  133    -0.003935,    0.000248,   -0.000000,    0.000810,    0.000000
  134     0.005121,   -0.000279,    0.000000,    0.002318,   -0.000000
  135     0.003207,   -0.000156,    0.000000,    0.001894,   -0.000000
  136    -0.001751,    0.000884,   -0.000000,    0.000555,    0.000000
  137     0.008190,   -0.000525,   -0.000000,   -0.000313,   -0.000000
  138     0.000793,    0.001526,    0.000000,    0.000649,   -0.000000
  139     0.000000,   -0.000000,   -0.001216,    0.000000,   -0.000173
  140     0.005765,   -0.000389,    0.000000,   -0.000184,    0.000000
  141     0.000387,    0.001110,    0.000000,    0.000429,   -0.000000
  142     0.000000,   -0.000000,   -0.000949,   -0.000000,    0.000028
  143     0.000074,    0.000210,   -0.000000,    0.000020,    0.000000
  144    -0.000443,    0.000263,    0.000000,    0.000115,   -0.000000
  145     0.000000,   -0.000000,   -0.000130,    0.000000,   -0.000040
  146     0.000112,    0.000026,   -0.000000,   -0.000046,    0.000000
  147     0.000000,   -0.000000,   -0.000089,    0.000000,    0.000050
  148    -0.000283,    0.000050,    0.000000,    0.000036,   -0.000000
  149    -0.000000,    0.000000,    0.000003,    0.000000,   -0.000049
  150     0.000840,   -0.000089,    0.000000,   -0.000016,   -0.000000
  151     0.000382,    0.000072,   -0.000000,   -0.000056,    0.000000
  152    -0.000000,   -0.000000,   -0.000199,   -0.000000,    0.000206
  153    -0.000684,    0.000112,    0.000000,    0.000035,   -0.000000
  154    -0.000000,    0.000000,    0.000026,    0.000000,   -0.000162
  155     0.001573,   -0.000182,   -0.000000,   -0.000027,    0.000000
  156    -0.000182,    0.000071,    0.000000,   -0.000001,   -0.000000
  157    -0.000000,    0.000000,    0.000020,    0.000000,   -0.000010
  158    -0.000027,   -0.000001,    0.000000,    0.000029,   -0.000000
  159     0.000000,   -0.000000,   -0.000010,   -0.000000,    0.000033
  160    -0.000070,   -0.000004,   -0.000000,   -0.000023,    0.000000
  161    -0.000000,    0.000000,   -0.000015,    0.000000,   -0.000020
  162     0.000201,   -0.000008,    0.000000,    0.000020,   -0.000000
  163    -0.000350,    0.000338,    0.000487,    0.000640,   -0.000068
  164    -0.000221,    0.000310,    0.000505,    0.000624,    0.000001
  165    -0.000382,    0.000062,    0.000291,    0.000137,   -0.000206
  166     0.000093,    0.000014,    0.000022,    0.000019,    0.000006
  167    -0.000003,    0.000009,   -0.000022,   -0.000022,   -0.000005
  168    -0.000019,    0.000033,    0.000027,    0.000056,   -0.000001
  169     0.000212,    0.000019,    0.000024,    0.000013,    0.000010
  170    -0.000219,    0.000092,    0.000033,    0.000002,   -0.000063
  171     0.000162,    0.000010,   -0.000033,    0.000044,    0.000054
  172    -0.000010,    0.000001,   -0.000006,   -0.000002,   -0.000001
  173    -0.000016,    0.000010,   -0.000001,   -0.000003,   -0.000002
  174    -0.000027,    0.000011,   -0.000001,    0.000008,   -0.000003
  175     0.000043,    0.000008,    0.000004,    0.000004,    0.000003
  176     0.000021,    0.000009,    0.000005,    0.000000,   -0.000003
  177    -0.000350,    0.000338,   -0.000487,    0.000640,    0.000068
  178    -0.000221,    0.000310,   -0.000505,    0.000624,   -0.000001
  179    -0.000382,    0.000062,   -0.000291,    0.000137,    0.000206
  180     0.000093,    0.000014,   -0.000022,    0.000019,   -0.000006
  181    -0.000003,    0.000009,    0.000022,   -0.000022,    0.000005
  182     0.000019,   -0.000033,    0.000027,   -0.000056,   -0.000001
  183     0.000212,    0.000019,   -0.000024,    0.000013,   -0.000010
  184    -0.000219,    0.000092,   -0.000033,    0.000002,    0.000063
  185    -0.000162,   -0.000010,   -0.000033,   -0.000044,    0.000054
  186    -0.000010,    0.000001,    0.000006,   -0.000002,    0.000001
  187     0.000016,   -0.000010,   -0.000001,    0.000003,   -0.000002
  188    -0.000027,    0.000011,    0.000001,    0.000008,    0.000003
  189    -0.000043,   -0.000008,    0.000004,   -0.000004,    0.000003
  190     0.000021,    0.000009,   -0.000005,    0.000000,    0.000003
  191    -0.000002,    0.000000,   -0.000000,    0.000001,    0.000000
  192    -0.000001,   -0.000001,    0.000000,    0.000002,    0.000000
  193     0.000335,   -0.000028,    0.000000,   -0.000061,   -0.000000
  194     0.003433,   -0.000267,    0.000000,   -0.000683,   -0.000000
  195    -0.009237,    0.000832,   -0.000000,    0.001799,    0.000000
  196    -0.002801,    0.000160,   -0.000000,    0.000507,   -0.000000
  197    -0.000110,    0.000015,    0.000000,    0.000004,   -0.000000
  198     0.000047,   -0.000012,   -0.000000,   -0.000002,    0.000000
  199    -0.000000,    0.000000,    0.000014,    0.000000,   -0.000012
  200     0.002578,   -0.000345,   -0.000000,   -0.000094,    0.000000
  201    -0.001111,    0.000288,    0.000000,    0.000052,   -0.000000
  202     0.000000,   -0.000000,   -0.000332,   -0.000000,    0.000284
  203    -0.013408,    0.001821,    0.000000,    0.000483,   -0.000000
  204     0.005829,   -0.001474,   -0.000000,   -0.000281,    0.000000
  205    -0.000000,    0.000000,    0.001735,    0.000000,   -0.001475
  206    -0.024591,    0.003287,    0.000000,    0.000869,   -0.000000
  207     0.010605,   -0.002765,   -0.000000,   -0.000542,    0.000000
  208    -0.000000,    0.000000,    0.003161,    0.000000,   -0.002705
  209    -0.010259,    0.001488,    0.000000,    0.000312,   -0.000000
  210     0.005180,   -0.001104,   -0.000000,   -0.000361,    0.000000
  211    -0.000000,    0.000000,    0.001422,    0.000000,   -0.001165
  212    -0.000001,    0.000000,   -0.000000,    0.000000,    0.000000
  213    -0.000000,   -0.000000,    0.000000,    0.000000,   -0.000000
  214     0.000001,    0.000000,   -0.000000,   -0.000000,    0.000000
  215    -0.000000,   -0.000000,   -0.000000,   -0.000000,   -0.000000
  216     0.000000,    0.000000,    0.000000,    0.000000,    0.000000
  217     0.000053,    0.000004,    0.000000,   -0.000007,   -0.000000
  218    -0.000000,    0.000000,   -0.000000,   -0.000000,    0.000005
  219    -0.000036,   -0.000004,    0.000000,    0.000005,   -0.000000
  220     0.000000,    0.000000,    0.000001,   -0.000000,    0.000001
  221    -0.000005,   -0.000007,   -0.000000,    0.000004,   -0.000000
  222    -0.000314,   -0.000045,    0.000000,    0.000054,   -0.000000
  223     0.000000,   -0.000000,    0.000003,    0.000000,   -0.000034
  224     0.000139,    0.000047,   -0.000000,   -0.000039,    0.000000
  225    -0.000000,   -0.000000,    0.000002,    0.000000,   -0.000024
  226    -0.000073,    0.000056,   -0.000000,   -0.000032,    0.000000
  227    -0.000235,   -0.000057,    0.000000,    0.000002,   -0.000000
  228     0.000000,    0.000000,    0.000034,    0.000000,   -0.000053
  229    -0.000003,    0.000067,   -0.000000,    0.000003,   -0.000000
  230    -0.000000,    0.000000,    0.000027,    0.000000,   -0.000050
  231    -0.000387,    0.000089,   -0.000000,    0.000013,   -0.000000
  232    -0.000148,    0.000022,    0.000000,    0.000001,   -0.000000
  233    -0.000000,    0.000000,    0.000008,    0.000000,   -0.000021
  234     0.000029,    0.000028,   -0.000000,   -0.000009,    0.000000
  235    -0.000000,   -0.000000,   -0.000007,   -0.000000,    0.000021
  236     0.000069,    0.000011,   -0.000000,   -0.000007,    0.000000
  237    -0.000000,    0.000000,   -0.000004,   -0.000000,    0.000006
  238     0.000066,    0.000029,   -0.000000,   -0.000014,    0.000000
               160,         161,         162,         163,         164
    0    -0.000015,    0.000000,    0.000085,    0.001150,    0.002451
    1    -0.000063,    0.000000,    0.000198,    0.002490,    0.004555
    2     0.000204,   -0.000000,   -0.000411,   -0.005485,   -0.007291
    3     0.000314,   -0.000000,   -0.000494,   -0.002435,   -0.003412
    4    -0.000468,   -0.000000,    0.000233,    0.003259,    0.002624
    5    -0.000478,    0.000000,    0.000563,    0.004529,    0.003379
    6    -0.000253,   -0.000000,   -0.000236,    0.003481,    0.007686
    7    -0.000000,   -0.000050,   -0.000000,    0.002934,    0.000019
    8    -0.000350,    0.000000,    0.000360,    0.004790,    0.004075
    9    -0.000209,    0.000000,   -0.000132,    0.000857,    0.003187
   10    -0.000000,   -0.000112,   -0.000000,    0.003740,    0.001928
   11    -0.000038,    0.000000,    0.000121,   -0.000969,   -0.001396
   12     0.000076,    0.000000,   -0.000097,    0.000025,    0.001073
   13     0.000000,   -0.000134,   -0.000000,    0.001164,    0.000685
   14    -0.000015,    0.000000,    0.000046,   -0.000435,   -0.000606
   15    -0.000000,   -0.000082,    0.000000,   -0.000323,   -0.000392
   16     0.000014,   -0.000000,   -0.000039,    0.000070,    0.000239
   17     0.000000,   -0.000022,    0.000000,    0.000107,    0.000198
   18    -0.000065,    0.000000,    0.000087,   -0.000083,   -0.000215
   19    -0.000034,   -0.000000,    0.000096,   -0.000789,   -0.000966
   20    -0.000000,   -0.000198,   -0.000000,   -0.000477,   -0.000411
   21     0.000010,    0.000000,   -0.000025,   -0.001307,   -0.001406
   22    -0.000000,   -0.000032,    0.000000,   -0.000320,   -0.000223
   23    -0.000109,    0.000000,    0.000118,    0.000969,    0.000865
   24     0.000029,   -0.000000,   -0.000041,    0.000136,    0.000187
   25     0.000000,    0.000029,   -0.000000,   -0.000017,   -0.000051
   26     0.000010,   -0.000000,   -0.000010,   -0.000072,   -0.000090
   27    -0.000000,   -0.000027,    0.000000,    0.000005,    0.000041
   28    -0.000006,   -0.000000,    0.000013,    0.000001,   -0.000012
   29    -0.000000,   -0.000018,    0.000000,   -0.000241,   -0.000242
   30     0.000007,   -0.000000,   -0.000003,   -0.000176,   -0.000225
   31     0.000070,   -0.000118,   -0.000258,   -0.000140,   -0.000302
   32     0.000093,   -0.000112,   -0.000316,   -0.001104,   -0.001213
   33     0.000078,   -0.000113,   -0.000150,   -0.001951,   -0.001965
   34    -0.000004,   -0.000005,    0.000000,    0.000024,    0.000002
   35    -0.000005,   -0.000004,    0.000009,    0.000022,    0.000113
   36    -0.000004,    0.000005,    0.000021,    0.000001,   -0.000024
   37    -0.000001,   -0.000001,   -0.000001,    0.000681,    0.000713
   38     0.000003,   -0.000025,   -0.000004,    0.000428,    0.000592
   39     0.000000,   -0.000024,    0.000016,    0.000363,    0.000317
   40    -0.000002,    0.000001,    0.000003,   -0.000103,   -0.000105
   41    -0.000001,    0.000003,    0.000001,   -0.000081,   -0.000108
   42     0.000002,   -0.000002,   -0.000005,   -0.000010,    0.000021
   43     0.000001,    0.000002,    0.000002,   -0.000034,   -0.000038
   44    -0.000002,   -0.000004,    0.000002,   -0.000016,   -0.000000
   45     0.000070,    0.000118,   -0.000258,    0.000038,    0.001991
   46     0.000093,    0.000112,   -0.000316,    0.003129,    0.005972
   47     0.000078,    0.000113,   -0.000150,    0.002213,    0.003109
   48    -0.000004,    0.000005,    0.000000,    0.000058,    0.000097
   49    -0.000005,    0.000004,    0.000009,    0.000159,    0.000100
   50     0.000004,    0.000005,   -0.000021,   -0.000056,    0.000087
   51    -0.000001,    0.000001,   -0.000001,   -0.000829,   -0.000872
   52     0.000003,    0.000025,   -0.000004,   -0.000777,   -0.000904
   53    -0.000000,   -0.000024,   -0.000016,    0.000583,    0.000784
   54    -0.000002,   -0.000001,    0.000003,    0.000128,    0.000137
   55     0.000001,    0.000003,   -0.000001,   -0.000008,   -0.000017
   56     0.000002,    0.000002,   -0.000005,   -0.000031,   -0.000020
   57    -0.000001,    0.000002,   -0.000002,    0.000041,    0.000052
   58    -0.000002,    0.000004,    0.000002,    0.000084,    0.000093
   59    -0.000235,   -0.000000,    0.000292,    0.000627,   -0.000580
   60    -0.000326,   -0.000000,    0.000485,   -0.002351,   -0.004176
   61    -0.000148,    0.000000,    0.000223,    0.000201,   -0.000209
   62     0.000014,    0.000000,   -0.000016,   -0.000049,    0.000064
   63    -0.000012,    0.000000,    0.000008,    0.000030,    0.000068
   64    -0.000000,   -0.000002,   -0.000000,    0.000107,    0.000071
   65     0.000006,    0.000000,   -0.000027,    0.001065,    0.001283
   66    -0.000016,   -0.000000,    0.000014,   -0.000161,   -0.000080
   67     0.000000,    0.000004,   -0.000000,    0.000264,    0.000189
   68     0.000007,    0.000000,   -0.000006,   -0.000000,   -0.000022
   69    -0.000000,   -0.000003,    0.000000,   -0.000014,   -0.000017
   70     0.000002,    0.000000,   -0.000002,   -0.000001,    0.000008
   71    -0.000000,   -0.000001,    0.000000,   -0.000085,   -0.000070
   72     0.000000,   -0.000000,    0.000000,   -0.000028,   -0.000050
   73     0.000737,   -0.000000,   -0.000984,    0.003085,    0.002304
   74     0.001133,   -0.000000,   -0.001546,    0.006742,    0.006200
   75    -0.000698,    0.000000,    0.001118,   -0.012990,   -0.015077
   76    -0.000745,    0.000000,    0.001008,   -0.015845,   -0.018701
   77     0.000842,    0.000000,   -0.000548,   -0.008797,   -0.007461
   78     0.002345,   -0.000000,   -0.003409,    0.021169,    0.026743
   79    -0.000419,    0.000000,    0.001193,   -0.006024,   -0.010970
   80     0.000000,    0.003419,   -0.000000,    0.012278,    0.009693
   81     0.001524,   -0.000000,   -0.002240,    0.018072,    0.022237
   82    -0.000358,    0.000000,    0.000883,   -0.005764,   -0.009619
   83     0.000000,    0.002325,   -0.000000,    0.010852,    0.009598
   84     0.000269,   -0.000000,   -0.000421,    0.006354,    0.007504
   85     0.000121,    0.000000,    0.000167,   -0.004529,   -0.005219
   86     0.000000,    0.000798,   -0.000000,    0.003810,    0.004075
   87     0.000050,   -0.000000,   -0.000036,   -0.001453,   -0.001775
   88    -0.000000,   -0.000108,    0.000000,   -0.001332,   -0.001421
   89     0.000063,   -0.000000,   -0.000110,    0.000601,    0.000920
   90     0.000000,    0.000038,   -0.000000,    0.003045,    0.003352
   91    -0.000117,    0.000000,    0.000168,   -0.000356,   -0.000584
   92     0.000100,    0.000000,   -0.000123,   -0.002768,   -0.003467
   93    -0.000000,   -0.000054,    0.000000,   -0.004373,   -0.004984
   94     0.000099,   -0.000000,   -0.000136,    0.001578,    0.002281
   95     0.000000,   -0.000019,   -0.000000,    0.008350,    0.009306
   96    -0.000109,    0.000000,    0.000186,   -0.000882,   -0.001136
   97    -0.000021,    0.000000,    0.000024,    0.000624,    0.000675
   98    -0.000000,   -0.000002,    0.000000,    0.000220,    0.000215
   99     0.000009,   -0.000000,   -0.000012,   -0.000042,   -0.000011
  100     0.000000,   -0.000020,   -0.000000,    0.000937,    0.001105
  101    -0.000022,    0.000000,    0.000032,   -0.000270,   -0.000298
  102    -0.000000,    0.000010,    0.000000,   -0.001216,   -0.001361
  103     0.000021,   -0.000000,   -0.000041,    0.000579,    0.000710
  104     0.000220,   -0.001165,   -0.000469,   -0.005644,   -0.003674
  105     0.000287,   -0.001404,   -0.000574,   -0.004843,   -0.002054
  106     0.000032,   -0.000282,   -0.000178,   -0.005969,   -0.005485
  107     0.000026,    0.000045,   -0.000034,    0.000245,    0.000224
  108     0.000011,   -0.000080,   -0.000014,   -0.000306,   -0.000219
  109     0.000024,   -0.000067,   -0.000048,   -0.000162,    0.000028
  110     0.000041,    0.000035,   -0.000062,    0.000755,    0.000726
  111    -0.000005,   -0.000088,    0.000020,    0.000301,    0.000416
  112     0.000038,   -0.000035,   -0.000059,    0.000834,    0.001164
  113     0.000008,    0.000011,   -0.000013,    0.000003,   -0.000006
  114     0.000003,   -0.000013,   -0.000003,   -0.000011,    0.000011
  115     0.000008,    0.000007,   -0.000015,    0.000033,    0.000061
  116     0.000010,    0.000007,   -0.000015,    0.000148,    0.000146
  117    -0.000003,    0.000007,    0.000004,    0.000043,    0.000045
  118     0.000220,    0.001165,   -0.000469,    0.010647,    0.011837
  119     0.000287,    0.001404,   -0.000574,    0.011518,    0.012685
  120     0.000032,    0.000282,   -0.000178,    0.011970,    0.012889
  121     0.000026,   -0.000045,   -0.000034,    0.000494,    0.000598
  122     0.000011,    0.000080,   -0.000014,    0.000337,    0.000303
  123    -0.000024,   -0.000067,    0.000048,   -0.000555,   -0.000679
  124     0.000041,   -0.000035,   -0.000062,    0.000854,    0.001110
  125    -0.000005,    0.000088,    0.000020,   -0.000600,   -0.000833
  126    -0.000038,   -0.000035,    0.000059,    0.001060,    0.001130
  127     0.000008,   -0.000011,   -0.000013,    0.000142,    0.000171
  128    -0.000003,   -0.000013,    0.000003,   -0.000083,   -0.000076
  129     0.000008,   -0.000007,   -0.000015,    0.000109,    0.000171
  130    -0.000010,    0.000007,    0.000015,   -0.000228,   -0.000259
  131    -0.000003,   -0.000007,    0.000004,   -0.000106,   -0.000108
  132    -0.000776,   -0.000000,   -0.000620,   -0.018241,   -0.034519
  133    -0.000523,   -0.000000,   -0.001522,   -0.038922,   -0.061057
  134    -0.002353,    0.000000,    0.003299,    0.070517,    0.073623
  135    -0.001768,    0.000000,    0.002595,    0.060400,    0.063964
  136    -0.000769,   -0.000000,    0.000573,    0.018497,    0.018604
  137    -0.001975,    0.000000,    0.002628,   -0.043941,   -0.052122
  138    -0.000935,    0.000000,    0.000473,    0.063374,    0.071959
  139    -0.000000,    0.000933,    0.000000,   -0.119922,   -0.135699
  140    -0.001306,   -0.000000,    0.001779,   -0.025169,   -0.029697
  141    -0.000644,    0.000000,    0.000240,    0.042871,    0.048411
  142     0.000000,    0.000624,   -0.000000,   -0.086441,   -0.097408
  143    -0.000389,   -0.000000,    0.000381,   -0.003957,   -0.005287
  144    -0.000094,    0.000000,   -0.000081,    0.012112,    0.013862
  145     0.000000,    0.000003,   -0.000000,   -0.024332,   -0.027698
  146     0.000031,   -0.000000,    0.000003,   -0.001691,   -0.001933
  147    -0.000000,    0.000038,    0.000000,   -0.005249,   -0.005784
  148     0.000023,    0.000000,   -0.000064,    0.002961,    0.003382
  149     0.000000,    0.000070,   -0.000000,    0.002502,    0.002768
  150    -0.000092,    0.000000,    0.000161,   -0.001619,   -0.001867
  151     0.000028,    0.000000,    0.000038,   -0.000256,   -0.000212
  152     0.000000,    0.000042,   -0.000000,   -0.006127,   -0.006339
  153     0.000040,    0.000000,   -0.000123,    0.001894,    0.001932
  154    -0.000000,    0.000174,    0.000000,    0.004593,    0.004914
  155    -0.000070,   -0.000000,    0.000201,   -0.000350,   -0.000221
  156    -0.000004,    0.000000,   -0.000008,    0.000338,    0.000310
  157    -0.000000,   -0.000015,    0.000000,    0.000487,    0.000505
  158    -0.000023,    0.000000,    0.000020,    0.000640,    0.000624
  159     0.000000,   -0.000020,   -0.000000,   -0.000068,    0.000001
  160     0.000043,   -0.000000,   -0.000049,   -0.000350,   -0.000280
  161    -0.000000,    0.000042,    0.000000,   -0.000264,   -0.000316
  162    -0.000049,    0.000000,    0.000074,    0.000322,    0.000274
  163    -0.000350,   -0.000264,    0.000322,    0.079102,    0.088658
  164    -0.000280,   -0.000316,    0.000274,    0.088658,    0.100413
  165    -0.000007,   -0.000079,   -0.000031,    0.026833,    0.029977
  166    -0.000044,   -0.000023,    0.000052,    0.002627,    0.002921
  167     0.000000,    0.000016,   -0.000011,   -0.003432,   -0.003885
  168    -0.000027,   -0.000017,    0.000028,    0.005854,    0.006599
  169    -0.000080,   -0.000034,    0.000102,    0.002395,    0.002707
  170    -0.000039,    0.000002,   -0.000010,   -0.000828,   -0.001255
  171    -0.000018,   -0.000008,    0.000049,    0.003429,    0.004217
  172     0.000008,    0.000008,   -0.000010,   -0.000360,   -0.000405
  173    -0.000006,    0.000001,   -0.000002,   -0.000472,   -0.000573
  174    -0.000001,    0.000003,   -0.000001,    0.000451,    0.000524
  175    -0.000017,   -0.000006,    0.000023,    0.000552,    0.000623
  176    -0.000011,   -0.000005,    0.000010,    0.000053,    0.000033
  177    -0.000350,    0.000264,    0.000322,   -0.010921,   -0.012651
  178    -0.000280,    0.000316,    0.000274,   -0.012651,   -0.014052
  179    -0.000007,    0.000079,   -0.000031,   -0.009146,   -0.009618
  180    -0.000044,    0.000023,    0.000052,   -0.001081,   -0.001276
  181     0.000000,   -0.000016,   -0.000011,    0.001574,    0.001795
  182     0.000027,   -0.000017,   -0.000028,   -0.000793,   -0.000896
  183    -0.000080,    0.000034,    0.000102,   -0.001529,   -0.001773
  184    -0.000039,   -0.000002,   -0.000010,    0.001160,    0.001343
  185     0.000018,   -0.000008,   -0.000049,   -0.004057,   -0.004627
  186     0.000008,   -0.000008,   -0.000010,    0.000342,    0.000383
  187     0.000006,    0.000001,    0.000002,   -0.000087,   -0.000074
  188    -0.000001,   -0.000003,   -0.000001,    0.000931,    0.001084
  189     0.000017,   -0.000006,   -0.000023,    0.000134,    0.000162
  190    -0.000011,    0.000005,    0.000010,   -0.000001,   -0.000007
  191    -0.000000,   -0.000000,    0.000001,   -0.000001,   -0.000003
  192    -0.000001,    0.000000,    0.000002,    0.000021,    0.000018
  193     0.000046,    0.000000,   -0.000067,    0.000440,    0.000792
  194     0.000498,    0.000000,   -0.000746,    0.003800,    0.007513
  195    -0.001395,   -0.000000,    0.002032,   -0.010914,   -0.020971
  196    -0.000319,   -0.000000,    0.000487,   -0.003389,   -0.006273
  197    -0.000001,    0.000000,   -0.000007,    0.000002,   -0.000026
  198     0.000006,   -0.000000,    0.000000,   -0.000098,   -0.000099
  199    -0.000000,   -0.000009,   -0.000000,    0.000088,    0.000057
  200     0.000020,   -0.000000,    0.000153,   -0.000055,    0.000607
  201    -0.000144,    0.000000,   -0.000010,    0.002312,    0.002347
  202     0.000000,    0.000211,    0.000000,   -0.002083,   -0.001366
  203    -0.000111,    0.000000,   -0.000798,    0.000592,   -0.002791
  204     0.000728,   -0.000000,    0.000063,   -0.012187,   -0.012367
  205    -0.000000,   -0.001104,   -0.000000,    0.011480,    0.007834
  206    -0.000165,    0.000000,   -0.001504,    0.000007,   -0.006334
  207     0.001425,   -0.000000,    0.000016,   -0.023298,   -0.023723
  208    -0.000000,   -0.001999,   -0.000000,    0.020172,    0.013389
  209    -0.000033,    0.000000,   -0.000738,    0.002842,    0.000885
  210     0.000541,   -0.000000,   -0.000002,   -0.010463,   -0.010283
  211    -0.000000,   -0.000893,   -0.000000,    0.015085,    0.012992
  212     0.000000,   -0.000000,    0.000000,   -0.000008,   -0.000009
  213     0.000000,    0.000000,   -0.000000,   -0.000006,   -0.000007
  214    -0.000000,   -0.000000,    0.000000,    0.000004,    0.000005
  215     0.000000,    0.000000,   -0.000000,   -0.000005,   -0.000006
  216    -0.000000,   -0.000000,    0.000000,    0.000000,   -0.000000
  217     0.000001,    0.000000,   -0.000006,    0.000231,    0.000308
  218     0.000000,   -0.000000,    0.000000,    0.000376,    0.000439
  219     0.000002,    0.000000,    0.000001,   -0.000086,   -0.000122
  220    -0.000000,   -0.000001,    0.000000,    0.000227,    0.000261
  221     0.000010,    0.000000,   -0.000005,    0.000132,    0.000152
  222    -0.000005,    0.000000,    0.000043,   -0.001207,   -0.001663
  223    -0.000000,   -0.000003,    0.000000,   -0.003333,   -0.003877
  224    -0.000015,   -0.000000,   -0.000014,    0.000214,    0.000380
  225    -0.000000,    0.000006,   -0.000000,   -0.001511,   -0.001775
  226    -0.000063,   -0.000000,    0.000021,   -0.001474,   -0.001683
  227     0.000057,    0.000000,   -0.000046,   -0.001295,   -0.001551
  228    -0.000000,   -0.000018,    0.000000,   -0.002083,   -0.002532
  229    -0.000056,    0.000000,    0.000041,    0.000498,    0.000543
  230    -0.000000,    0.000004,    0.000000,   -0.000423,   -0.000613
  231    -0.000079,    0.000000,    0.000030,   -0.000562,   -0.000762
  232    -0.000029,    0.000000,    0.000017,   -0.000838,   -0.001035
  233    -0.000000,   -0.000001,    0.000000,   -0.000954,   -0.001142
  234    -0.000022,   -0.000000,    0.000007,    0.000133,    0.000180
  235     0.000000,   -0.000000,   -0.000000,    0.000976,    0.001165
  236    -0.000004,   -0.000000,    0.000000,    0.000305,    0.000389
  237     0.000000,    0.000008,   -0.000000,    0.000925,    0.001076
  238    -0.000023,   -0.000000,    0.000001,    0.000322,    0.000440
               165,         166,         167,         168,         169
    0     0.001333,    0.000136,   -0.000028,    0.000098,    0.000056
    1     0.002186,    0.000245,   -0.000035,    0.000211,    0.000188
    2    -0.002275,   -0.000330,    0.000002,   -0.000476,   -0.000542
    3    -0.000736,   -0.000400,   -0.000244,   -0.000154,   -0.001014
    4    -0.000943,    0.000564,    0.000566,    0.000191,    0.001704
    5     0.002382,    0.000512,   -0.000109,    0.000260,    0.000162
    6     0.001735,    0.000207,    0.000073,    0.000173,    0.001015
    7    -0.003127,    0.000239,   -0.000210,    0.000236,   -0.001609
    8     0.001896,    0.000412,    0.000007,    0.000331,    0.000234
    9     0.000981,    0.000134,    0.000038,   -0.000041,    0.000676
   10    -0.001298,    0.000252,   -0.000233,    0.000262,   -0.000986
   11     0.000332,    0.000016,   -0.000127,   -0.000103,   -0.000258
   12     0.000533,   -0.000102,   -0.000113,    0.000007,   -0.000202
   13    -0.000328,    0.000105,   -0.000071,    0.000086,   -0.000220
   14    -0.000253,    0.000021,    0.000020,   -0.000035,    0.000058
   15    -0.000463,    0.000018,    0.000008,   -0.000009,   -0.000029
   16     0.000081,   -0.000021,   -0.000009,    0.000004,   -0.000021
   17     0.000077,    0.000009,   -0.000007,    0.000006,    0.000047
   18    -0.000106,    0.000073,    0.000014,   -0.000018,    0.000133
   19    -0.000470,    0.000041,    0.000029,   -0.000066,    0.000126
   20    -0.000815,    0.000049,    0.000002,   -0.000009,    0.000037
   21    -0.000135,   -0.000049,   -0.000037,   -0.000132,   -0.000077
   22    -0.000214,   -0.000003,    0.000011,   -0.000016,    0.000040
   23     0.000038,    0.000140,    0.000030,    0.000078,    0.000252
   24     0.000119,   -0.000033,   -0.000012,    0.000015,   -0.000079
   25     0.000052,   -0.000010,    0.000004,   -0.000003,   -0.000018
   26    -0.000013,   -0.000011,   -0.000005,   -0.000004,   -0.000027
   27    -0.000050,    0.000009,   -0.000003,    0.000002,    0.000018
   28    -0.000035,    0.000009,    0.000004,    0.000001,    0.000022
   29    -0.000129,   -0.000004,    0.000012,   -0.000012,    0.000005
   30    -0.000073,   -0.000009,    0.000002,   -0.000013,   -0.000017
   31    -0.001821,   -0.000036,   -0.000021,    0.000018,   -0.000552
   32    -0.002922,   -0.000114,    0.000114,    0.000013,   -0.000708
   33    -0.001706,   -0.000123,    0.000052,   -0.000079,   -0.000408
   34    -0.000038,    0.000006,   -0.000001,    0.000001,   -0.000015
   35     0.000108,    0.000003,    0.000005,    0.000002,    0.000049
   36     0.000098,    0.000003,    0.000000,    0.000000,    0.000021
   37     0.000340,    0.000026,   -0.000038,    0.000030,   -0.000001
   38     0.000469,    0.000016,   -0.000055,    0.000014,    0.000036
   39     0.000307,    0.000022,   -0.000047,    0.000018,   -0.000006
   40    -0.000047,   -0.000002,    0.000008,   -0.000005,    0.000009
   41    -0.000072,   -0.000001,    0.000005,   -0.000005,   -0.000002
   42     0.000004,   -0.000002,   -0.000000,   -0.000002,    0.000005
   43    -0.000011,   -0.000001,    0.000001,   -0.000002,    0.000004
   44     0.000001,    0.000002,    0.000002,   -0.000000,    0.000009
   45     0.001828,   -0.000182,    0.000026,   -0.000039,    0.000572
   46     0.003306,   -0.000117,   -0.000040,    0.000171,    0.000833
   47     0.002221,   -0.000070,   -0.000113,    0.000113,    0.000096
   48     0.000099,    0.000001,   -0.000001,    0.000001,    0.000018
   49    -0.000019,    0.000011,   -0.000004,    0.000012,   -0.000033
   50     0.000067,   -0.000012,    0.000005,   -0.000007,    0.000041
   51    -0.000323,   -0.000034,    0.000040,   -0.000054,   -0.000031
   52    -0.000307,   -0.000039,    0.000006,   -0.000053,   -0.000127
   53     0.000185,    0.000027,   -0.000002,    0.000037,    0.000095
   54     0.000035,    0.000009,   -0.000005,    0.000008,    0.000012
   55    -0.000011,   -0.000003,   -0.000001,    0.000001,   -0.000019
   56    -0.000011,   -0.000004,    0.000001,   -0.000003,   -0.000005
   57     0.000029,   -0.000001,   -0.000001,    0.000002,   -0.000001
   58     0.000030,    0.000004,   -0.000003,    0.000005,    0.000001
   59     0.000234,    0.000247,   -0.000012,   -0.000002,    0.000137
   60    -0.000502,    0.000292,   -0.000024,   -0.000301,    0.000243
   61    -0.000178,    0.000178,    0.000049,   -0.000003,    0.000277
   62    -0.000031,   -0.000013,    0.000006,    0.000000,    0.000008
   63     0.000009,    0.000012,    0.000003,   -0.000001,    0.000031
   64    -0.000022,    0.000006,   -0.000007,    0.000007,   -0.000021
   65     0.000234,    0.000018,    0.000018,    0.000104,    0.000033
   66    -0.000074,    0.000016,    0.000016,   -0.000021,    0.000064
   67     0.000014,    0.000012,   -0.000014,    0.000016,   -0.000042
   68     0.000008,   -0.000008,   -0.000002,    0.000001,   -0.000021
   69    -0.000012,    0.000000,    0.000001,   -0.000001,   -0.000000
   70     0.000000,   -0.000001,    0.000000,    0.000000,   -0.000002
   71    -0.000009,   -0.000004,    0.000005,   -0.000005,    0.000009
   72    -0.000007,   -0.000002,   -0.000002,   -0.000003,   -0.000007
   73     0.001057,   -0.000199,   -0.000210,    0.000323,   -0.001446
   74     0.002167,   -0.000400,   -0.000409,    0.000708,   -0.002383
   75    -0.003651,    0.000583,    0.000617,   -0.001357,    0.002111
   76    -0.005549,    0.000602,    0.001164,   -0.001688,    0.002575
   77     0.001213,   -0.001122,   -0.001016,   -0.000683,   -0.002954
   78     0.010146,   -0.002305,   -0.000657,    0.002284,   -0.005574
   79    -0.006427,    0.000678,    0.000256,   -0.000364,    0.001325
   80     0.013757,   -0.000639,   -0.000271,    0.000417,   -0.001421
   81     0.007550,   -0.001436,   -0.000483,    0.001901,   -0.003592
   82    -0.004501,    0.000484,    0.000150,   -0.000419,    0.000961
   83     0.010099,   -0.000333,   -0.000339,    0.000425,   -0.000830
   84     0.001884,   -0.000207,   -0.000048,    0.000640,   -0.000546
   85    -0.001274,   -0.000170,   -0.000220,   -0.000349,   -0.000528
   86     0.001882,   -0.000086,   -0.000203,    0.000162,   -0.000249
   87    -0.000325,   -0.000086,   -0.000032,   -0.000132,   -0.000185
   88    -0.000966,   -0.000014,    0.000057,   -0.000064,   -0.000033
   89     0.000357,   -0.000064,    0.000002,    0.000056,   -0.000127
   90     0.001300,    0.000108,   -0.000165,    0.000167,    0.000091
   91    -0.000218,    0.000116,   -0.000003,   -0.000049,    0.000229
   92    -0.000283,   -0.000211,   -0.000124,   -0.000266,   -0.000492
   93    -0.002380,   -0.000144,    0.000223,   -0.000234,   -0.000259
   94     0.000428,   -0.000064,    0.000042,    0.000157,   -0.000112
   95     0.003408,    0.000335,   -0.000459,    0.000468,    0.000327
   96    -0.000106,    0.000091,   -0.000070,   -0.000095,    0.000123
   97     0.000103,    0.000042,    0.000018,    0.000059,    0.000075
   98     0.000070,    0.000010,   -0.000012,    0.000013,   -0.000004
   99     0.000059,   -0.000016,   -0.000022,   -0.000003,   -0.000046
  100     0.000354,    0.000043,   -0.000054,    0.000053,    0.000063
  101    -0.000085,    0.000024,    0.000007,   -0.000028,    0.000063
  102    -0.000437,   -0.000052,    0.000069,   -0.000069,   -0.000045
  103     0.000197,   -0.000017,   -0.000011,    0.000056,   -0.000058
  104    -0.004474,   -0.000206,    0.000323,   -0.000161,   -0.000169
  105    -0.004464,   -0.000225,    0.000103,   -0.000045,   -0.000348
  106    -0.005028,   -0.000235,    0.000388,   -0.000189,   -0.000295
  107     0.000179,   -0.000040,    0.000001,    0.000031,   -0.000093
  108    -0.000281,   -0.000000,    0.000009,   -0.000009,    0.000010
  109    -0.000110,   -0.000025,    0.000011,    0.000000,   -0.000034
  110     0.000387,   -0.000043,    0.000047,    0.000073,   -0.000074
  111    -0.000044,    0.000047,   -0.000044,    0.000022,    0.000084
  112     0.000652,   -0.000018,   -0.000127,    0.000047,   -0.000103
  113     0.000026,   -0.000014,    0.000004,    0.000002,   -0.000029
  114    -0.000037,   -0.000001,   -0.000001,    0.000003,   -0.000001
  115     0.000072,   -0.000015,   -0.000001,    0.000004,   -0.000031
  116     0.000053,   -0.000011,    0.000005,    0.000017,   -0.000025
  117     0.000032,    0.000003,   -0.000007,   -0.000000,    0.000001
  118     0.008805,   -0.000342,   -0.000276,    0.000558,   -0.000720
  119     0.010716,   -0.000525,   -0.000409,    0.000635,   -0.001179
  120     0.007608,    0.000223,   -0.000359,    0.000735,    0.000244
  121     0.000047,   -0.000000,   -0.000024,    0.000052,   -0.000036
  122     0.000374,   -0.000027,   -0.000008,    0.000014,   -0.000059
  123    -0.000532,    0.000041,    0.000013,   -0.000030,    0.000077
  124    -0.000190,   -0.000009,    0.000011,    0.000087,   -0.000021
  125    -0.000027,   -0.000044,    0.000026,   -0.000041,   -0.000070
  126    -0.000108,    0.000116,    0.000010,    0.000064,    0.000244
  127     0.000035,   -0.000001,   -0.000005,    0.000012,   -0.000011
  128    -0.000081,    0.000006,    0.000002,   -0.000006,    0.000014
  129     0.000062,   -0.000007,   -0.000007,    0.000009,   -0.000018
  130    -0.000022,    0.000003,    0.000003,   -0.000022,    0.000015
  131    -0.000032,    0.000002,    0.000001,   -0.000008,    0.000006
  132    -0.009422,   -0.001081,    0.001617,   -0.002702,   -0.003173
  133    -0.015953,   -0.001984,    0.002900,   -0.004976,   -0.004644
  134     0.016926,    0.002629,   -0.003652,    0.006702,    0.002050
  135     0.014958,    0.002066,   -0.003284,    0.005809,    0.001431
  136     0.000776,    0.001029,    0.000677,    0.001609,    0.002518
  137    -0.015935,    0.001951,    0.002392,   -0.004528,    0.006056
  138     0.013617,    0.002546,    0.000727,    0.006140,    0.004215
  139    -0.045939,   -0.005037,    0.006762,   -0.006771,   -0.005340
  140    -0.009383,    0.001386,    0.001436,   -0.002587,    0.004053
  141     0.009339,    0.001750,    0.000625,    0.004134,    0.002829
  142    -0.034041,   -0.003603,    0.004828,   -0.004871,   -0.003803
  143    -0.001726,    0.000448,    0.000430,   -0.000446,    0.001147
  144     0.003715,    0.000389,   -0.000026,    0.001184,    0.000341
  145    -0.008715,   -0.000978,    0.001402,   -0.001368,   -0.000974
  146    -0.000571,   -0.000060,    0.000010,   -0.000155,   -0.000065
  147    -0.002432,   -0.000213,    0.000276,   -0.000293,   -0.000232
  148     0.000887,    0.000018,   -0.000056,    0.000291,   -0.000072
  149     0.001081,    0.000077,   -0.000136,    0.000135,    0.000062
  150    -0.000655,    0.000092,    0.000066,   -0.000161,    0.000259
  151    -0.000536,   -0.000016,    0.000029,   -0.000005,    0.000065
  152    -0.003899,   -0.000232,    0.000269,   -0.000334,   -0.000262
  153     0.000769,   -0.000031,   -0.000038,    0.000177,   -0.000211
  154     0.002379,    0.000123,   -0.000230,    0.000242,    0.000086
  155    -0.000382,    0.000093,   -0.000003,   -0.000019,    0.000212
  156     0.000062,    0.000014,    0.000009,    0.000033,    0.000019
  157     0.000291,    0.000022,   -0.000022,    0.000027,    0.000024
  158     0.000137,    0.000019,   -0.000022,    0.000056,    0.000013
  159    -0.000206,    0.000006,   -0.000005,   -0.000001,    0.000010
  160    -0.000007,   -0.000044,    0.000000,   -0.000027,   -0.000080
  161    -0.000079,   -0.000023,    0.000016,   -0.000017,   -0.000034
  162    -0.000031,    0.000052,   -0.000011,    0.000028,    0.000102
  163     0.026833,    0.002627,   -0.003432,    0.005854,    0.002395
  164     0.029977,    0.002921,   -0.003885,    0.006599,    0.002707
  165     0.011250,    0.000847,   -0.001226,    0.001878,    0.000709
  166     0.000847,    0.000144,   -0.000106,    0.000178,    0.000202
  167    -0.001226,   -0.000106,    0.000210,   -0.000235,   -0.000065
  168     0.001878,    0.000178,   -0.000235,    0.000470,    0.000150
  169     0.000709,    0.000202,   -0.000065,    0.000150,    0.000381
  170    -0.000105,    0.000018,    0.000227,   -0.000060,    0.000159
  171     0.000507,    0.000082,   -0.000119,    0.000367,    0.000083
  172    -0.000137,   -0.000027,    0.000018,   -0.000021,   -0.000041
  173    -0.000177,   -0.000006,    0.000045,   -0.000038,    0.000012
  174     0.000108,    0.000004,    0.000002,    0.000055,    0.000002
  175     0.000142,    0.000042,   -0.000015,    0.000040,    0.000075
  176     0.000012,    0.000019,    0.000019,    0.000002,    0.000047
  177    -0.009146,   -0.001081,    0.001574,    0.000793,   -0.001529
  178    -0.009618,   -0.001276,    0.001795,    0.000896,   -0.001773
  179    -0.005711,   -0.000579,    0.000652,   -0.000121,   -0.000854
  180    -0.000579,   -0.000016,    0.000103,   -0.000032,    0.000027
  181     0.000652,    0.000103,   -0.000074,    0.000048,    0.000155
  182     0.000121,    0.000032,   -0.000048,   -0.000185,    0.000073
  183    -0.000854,    0.000027,    0.000155,   -0.000073,    0.000166
  184    -0.000298,    0.000113,    0.000069,    0.000059,    0.000241
  185    -0.001448,   -0.000092,    0.000119,   -0.000396,   -0.000086
  186     0.000138,    0.000006,   -0.000021,    0.000019,   -0.000007
  187    -0.000004,   -0.000017,   -0.000012,    0.000006,   -0.000036
  188     0.000257,    0.000025,   -0.000027,    0.000083,    0.000025
  189     0.000106,   -0.000011,   -0.000024,   -0.000001,   -0.000040
  190    -0.000080,    0.000015,    0.000019,   -0.000001,    0.000039
  191    -0.000005,   -0.000000,   -0.000000,   -0.000000,    0.000001
  192     0.000002,   -0.000001,   -0.000003,    0.000002,   -0.000002
  193     0.000766,    0.000018,   -0.000035,    0.000068,   -0.000148
  194     0.007836,    0.000184,   -0.000277,    0.000634,   -0.001492
  195    -0.022003,   -0.000383,    0.001065,   -0.001790,    0.004514
  196    -0.005053,   -0.000230,   -0.000016,   -0.000512,    0.000662
  197     0.000028,   -0.000002,   -0.000004,   -0.000001,   -0.000008
  198    -0.000018,   -0.000011,   -0.000012,   -0.000008,   -0.000026
  199     0.000146,    0.000004,    0.000001,    0.000005,    0.000007
  200    -0.000666,    0.000035,    0.000098,    0.000028,    0.000198
  201     0.000416,    0.000266,    0.000287,    0.000186,    0.000610
  202    -0.003421,   -0.000104,   -0.000014,   -0.000109,   -0.000176
  203     0.003450,   -0.000159,   -0.000469,   -0.000115,   -0.000958
  204    -0.002385,   -0.001341,   -0.001397,   -0.000989,   -0.003017
  205     0.018044,    0.000568,    0.000034,    0.000605,    0.000944
  206     0.006512,   -0.000367,   -0.000960,   -0.000308,   -0.002018
  207    -0.003778,   -0.002597,   -0.002762,   -0.001888,   -0.006045
  208     0.032691,    0.001000,    0.000109,    0.001059,    0.001683
  209     0.003674,   -0.000056,   -0.000285,    0.000164,   -0.000735
  210    -0.001675,   -0.000854,   -0.000768,   -0.000851,   -0.001991
  211     0.016543,    0.000694,   -0.000313,    0.000816,    0.000998
  212    -0.000002,   -0.000000,   -0.000000,   -0.000001,   -0.000000
  213    -0.000001,   -0.000000,    0.000000,   -0.000000,   -0.000000
  214     0.000001,    0.000000,    0.000000,    0.000000,    0.000001
  215    -0.000002,   -0.000000,    0.000000,   -0.000000,   -0.000000
  216    -0.000000,    0.000000,    0.000000,   -0.000000,    0.000001
  217     0.000065,    0.000014,    0.000019,    0.000024,    0.000026
  218     0.000107,    0.000016,   -0.000023,    0.000021,    0.000015
  219    -0.000017,   -0.000012,   -0.000017,   -0.000009,   -0.000027
  220     0.000076,    0.000009,   -0.000013,    0.000013,    0.000010
  221     0.000043,   -0.000016,   -0.000024,    0.000014,   -0.000043
  222    -0.000202,   -0.000098,   -0.000184,   -0.000125,   -0.000241
  223    -0.000984,   -0.000136,    0.000202,   -0.000189,   -0.000134
  224    -0.000042,    0.000080,    0.000152,    0.000021,    0.000213
  225    -0.000400,   -0.000064,    0.000094,   -0.000086,   -0.000064
  226    -0.000469,    0.000101,    0.000200,   -0.000158,    0.000309
  227     0.000311,   -0.000129,   -0.000217,   -0.000115,   -0.000438
  228    -0.000339,   -0.000084,    0.000140,   -0.000119,   -0.000078
  229    -0.000285,    0.000101,    0.000157,    0.000037,    0.000329
  230     0.000202,   -0.000023,    0.000042,   -0.000027,   -0.000019
  231    -0.000443,    0.000106,    0.000188,   -0.000079,    0.000360
  232    -0.000225,    0.000023,    0.000042,   -0.000090,    0.000078
  233    -0.000199,   -0.000040,    0.000062,   -0.000055,   -0.000039
  234    -0.000072,    0.000051,    0.000082,    0.000009,    0.000145
  235     0.000211,    0.000041,   -0.000063,    0.000056,    0.000040
  236     0.000017,    0.000023,    0.000035,    0.000030,    0.000062
  237     0.000278,    0.000036,   -0.000056,    0.000052,    0.000035
  238    -0.000059,    0.000066,    0.000115,    0.000027,    0.000191
               170,         171,         172,         173,         174
    0    -0.000160,    0.000438,   -0.000061,    0.000004,    0.000050
    1    -0.000196,    0.000745,   -0.000111,    0.000009,    0.000094
    2    -0.000079,   -0.000901,    0.000140,   -0.000018,   -0.000152
    3    -0.000940,   -0.000527,    0.000163,   -0.000132,   -0.000122
    4     0.003186,    0.000102,   -0.000126,    0.000368,    0.000208
    5    -0.000101,    0.000081,   -0.000345,    0.000023,    0.000143
    6    -0.000158,    0.000596,   -0.000077,   -0.000011,   -0.000010
    7    -0.000880,   -0.000731,   -0.000280,    0.000025,    0.000036
    8     0.000459,    0.000161,   -0.000229,    0.000081,    0.000156
    9    -0.000229,    0.000110,   -0.000075,   -0.000020,   -0.000057
   10    -0.000558,   -0.000547,   -0.000215,    0.000011,    0.000017
   11    -0.000780,   -0.000177,   -0.000052,   -0.000074,   -0.000059
   12    -0.000749,    0.000156,    0.000022,   -0.000087,   -0.000042
   13    -0.000125,   -0.000150,   -0.000076,    0.000006,    0.000002
   14     0.000040,   -0.000031,    0.000001,    0.000008,   -0.000010
   15    -0.000064,    0.000033,   -0.000018,    0.000003,   -0.000001
   16    -0.000041,    0.000012,    0.000005,   -0.000007,   -0.000002
   17     0.000003,    0.000025,    0.000001,   -0.000001,   -0.000003
   18     0.000024,   -0.000012,   -0.000024,    0.000009,   -0.000006
   19     0.000005,   -0.000016,   -0.000001,    0.000007,   -0.000022
   20    -0.000137,    0.000131,   -0.000031,    0.000003,   -0.000009
   21    -0.000272,   -0.000169,   -0.000006,   -0.000033,   -0.000046
   22    -0.000032,    0.000066,    0.000003,   -0.000001,   -0.000003
   23     0.000208,    0.000071,   -0.000027,    0.000030,    0.000017
   24    -0.000022,    0.000005,    0.000006,   -0.000005,    0.000006
   25     0.000014,   -0.000019,    0.000004,    0.000000,    0.000002
   26    -0.000023,   -0.000009,    0.000004,   -0.000003,   -0.000002
   27    -0.000013,    0.000020,   -0.000003,   -0.000000,   -0.000002
   28     0.000013,    0.000007,   -0.000001,    0.000002,   -0.000000
   29    -0.000003,    0.000017,    0.000000,    0.000001,   -0.000000
   30    -0.000007,   -0.000018,    0.000005,    0.000000,   -0.000004
   31    -0.000410,   -0.000163,   -0.000048,   -0.000002,   -0.000016
   32    -0.000295,    0.000022,   -0.000033,    0.000031,    0.000030
   33    -0.000405,    0.000095,   -0.000001,   -0.000012,   -0.000003
   34    -0.000017,   -0.000004,   -0.000007,    0.000000,    0.000001
   35     0.000022,    0.000033,    0.000002,    0.000000,    0.000002
   36     0.000020,    0.000013,    0.000001,    0.000000,    0.000003
   37    -0.000011,   -0.000042,   -0.000013,   -0.000003,   -0.000002
   38    -0.000103,   -0.000024,   -0.000006,   -0.000019,   -0.000016
   39    -0.000073,   -0.000036,   -0.000011,   -0.000012,   -0.000008
   40     0.000009,    0.000007,    0.000001,    0.000001,    0.000001
   41     0.000006,   -0.000004,    0.000000,    0.000002,   -0.000000
   42    -0.000004,    0.000002,    0.000001,   -0.000001,   -0.000001
   43     0.000001,   -0.000001,    0.000002,   -0.000000,   -0.000001
   44    -0.000000,    0.000008,   -0.000001,    0.000000,    0.000001
   45     0.000295,    0.000183,    0.000162,   -0.000032,   -0.000041
   46     0.000572,    0.000341,    0.000182,   -0.000024,   -0.000017
   47     0.000079,   -0.000076,    0.000065,   -0.000037,   -0.000014
   48     0.000009,    0.000002,   -0.000000,   -0.000001,    0.000001
   49    -0.000014,   -0.000009,   -0.000010,    0.000001,    0.000004
   50     0.000017,    0.000012,    0.000011,   -0.000002,   -0.000004
   51    -0.000015,    0.000021,    0.000003,    0.000003,    0.000002
   52    -0.000166,   -0.000030,   -0.000003,   -0.000012,   -0.000007
   53     0.000100,    0.000027,    0.000001,    0.000008,    0.000002
   54     0.000005,   -0.000000,   -0.000002,    0.000000,   -0.000000
   55    -0.000017,    0.000001,   -0.000001,   -0.000001,    0.000001
   56    -0.000004,   -0.000004,    0.000001,   -0.000000,   -0.000001
   57     0.000001,    0.000002,   -0.000000,   -0.000000,    0.000001
   58    -0.000006,    0.000001,   -0.000002,   -0.000001,    0.000001
   59     0.000061,   -0.000162,   -0.000136,    0.000027,    0.000025
   60    -0.000328,   -0.000445,   -0.000196,   -0.000006,   -0.000058
   61     0.000166,    0.000022,   -0.000063,    0.000035,    0.000012
   62     0.000006,    0.000020,    0.000010,   -0.000000,   -0.000002
   63     0.000000,    0.000005,   -0.000004,    0.000001,   -0.000001
   64    -0.000015,   -0.000011,   -0.000005,    0.000000,    0.000000
   65     0.000165,    0.000114,    0.000012,    0.000019,    0.000029
   66     0.000017,    0.000007,   -0.000005,    0.000005,   -0.000004
   67    -0.000019,   -0.000032,   -0.000009,   -0.000000,    0.000001
   68    -0.000001,   -0.000005,    0.000002,   -0.000001,    0.000001
   69    -0.000001,    0.000001,   -0.000000,    0.000000,   -0.000000
   70    -0.000001,    0.000002,    0.000001,    0.000000,    0.000000
   71     0.000006,    0.000007,    0.000002,    0.000000,   -0.000000
   72    -0.000007,   -0.000006,   -0.000001,   -0.000001,   -0.000001
   73     0.000224,    0.000267,    0.000141,   -0.000056,    0.000220
   74     0.000196,    0.000647,    0.000237,   -0.000104,    0.000377
   75     0.000325,   -0.001354,   -0.000221,    0.000125,   -0.000411
   76     0.002423,   -0.001843,   -0.000213,    0.000433,   -0.000349
   77    -0.005783,   -0.000430,    0.000175,   -0.000700,   -0.000419
   78     0.000609,    0.001804,    0.000653,   -0.000171,    0.000855
   79     0.001007,   -0.000295,    0.000080,    0.000177,   -0.000157
   80     0.001990,   -0.002788,    0.000364,   -0.000040,    0.000163
   81     0.000724,    0.001679,    0.000436,   -0.000098,    0.000676
   82     0.000432,   -0.000526,    0.000018,    0.000093,   -0.000176
   83     0.001174,   -0.001805,    0.000236,   -0.000050,    0.000091
   84     0.000645,    0.000657,    0.000098,    0.000034,    0.000218
   85    -0.001542,   -0.000225,    0.000061,   -0.000160,   -0.000179
   86    -0.000253,   -0.000138,    0.000088,   -0.000049,    0.000001
   87    -0.000217,   -0.000175,    0.000012,   -0.000025,   -0.000037
   88    -0.000081,    0.000095,   -0.000010,    0.000007,   -0.000000
   89     0.000057,    0.000060,    0.000013,    0.000003,    0.000027
   90    -0.000049,   -0.000060,   -0.000018,   -0.000019,   -0.000013
   91    -0.000087,   -0.000031,   -0.000038,   -0.000004,   -0.000028
   92    -0.000611,   -0.000450,    0.000013,   -0.000078,   -0.000085
   93    -0.000068,    0.000088,    0.000008,    0.000026,    0.000019
   94     0.000259,    0.000273,    0.000033,    0.000029,    0.000070
   95    -0.000157,   -0.000102,   -0.000064,   -0.000050,   -0.000041
   96    -0.000447,   -0.000079,   -0.000049,   -0.000048,   -0.000056
   97     0.000127,    0.000072,   -0.000006,    0.000015,    0.000020
   98    -0.000005,   -0.000012,   -0.000004,   -0.000001,   -0.000000
   99    -0.000092,   -0.000005,   -0.000000,   -0.000012,   -0.000004
  100    -0.000030,    0.000015,   -0.000007,   -0.000007,   -0.000007
  101    -0.000018,   -0.000020,   -0.000008,   -0.000000,   -0.000010
  102     0.000041,    0.000005,    0.000011,    0.000008,    0.000007
  103     0.000017,    0.000055,    0.000008,   -0.000000,    0.000016
  104    -0.000524,    0.001157,   -0.000084,    0.000030,    0.000056
  105    -0.001478,    0.001477,   -0.000112,   -0.000077,    0.000019
  106    -0.000388,    0.000954,    0.000020,    0.000047,    0.000082
  107     0.000042,    0.000004,    0.000016,   -0.000001,    0.000016
  108    -0.000045,    0.000065,   -0.000005,    0.000000,   -0.000002
  109    -0.000038,    0.000064,   -0.000004,   -0.000001,    0.000005
  110     0.000358,    0.000002,    0.000022,    0.000031,    0.000047
  111    -0.000109,    0.000052,   -0.000014,   -0.000011,   -0.000016
  112    -0.000379,   -0.000017,   -0.000009,   -0.000051,   -0.000027
  113     0.000018,   -0.000004,    0.000004,    0.000001,    0.000004
  114    -0.000012,    0.000015,   -0.000000,   -0.000001,    0.000000
  115    -0.000008,   -0.000003,    0.000002,   -0.000002,    0.000003
  116     0.000045,    0.000010,    0.000005,    0.000004,    0.000009
  117    -0.000020,   -0.000006,   -0.000002,   -0.000003,   -0.000002
  118     0.000883,   -0.000899,    0.000121,   -0.000041,    0.000131
  119     0.000506,   -0.001150,    0.000153,   -0.000131,    0.000138
  120     0.001072,   -0.000588,   -0.000020,    0.000001,    0.000084
  121    -0.000020,    0.000068,    0.000002,   -0.000003,    0.000009
  122     0.000043,   -0.000067,    0.000011,   -0.000002,    0.000005
  123    -0.000036,    0.000046,   -0.000009,    0.000004,   -0.000010
  124     0.000132,    0.000188,    0.000014,    0.000021,    0.000033
  125     0.000010,   -0.000080,    0.000012,   -0.000003,    0.000001
  126     0.000261,    0.000094,   -0.000009,    0.000036,    0.000010
  127     0.000005,    0.000009,    0.000000,    0.000000,    0.000002
  128    -0.000009,    0.000012,   -0.000002,    0.000001,   -0.000002
  129    -0.000021,    0.000011,    0.000000,   -0.000003,    0.000001
  130    -0.000024,   -0.000026,   -0.000003,   -0.000003,   -0.000007
  131    -0.000015,    0.000000,   -0.000002,   -0.000001,   -0.000002
  132     0.004818,   -0.008257,    0.000633,    0.001344,   -0.000963
  133     0.007596,   -0.012496,    0.000916,    0.002030,   -0.001425
  134    -0.006004,    0.007533,   -0.000377,   -0.001225,    0.000720
  135    -0.005541,    0.006829,   -0.000320,   -0.001160,    0.000689
  136     0.005561,    0.001766,   -0.000078,    0.000616,    0.000623
  137     0.003439,   -0.004884,   -0.000638,    0.000873,   -0.001058
  138     0.008781,    0.006907,   -0.000070,    0.000900,    0.001760
  139     0.003345,    0.000288,    0.000966,    0.000772,    0.000677
  140     0.002028,   -0.002636,   -0.000427,    0.000518,   -0.000617
  141     0.006315,    0.004412,   -0.000034,    0.000689,    0.001185
  142     0.002053,    0.000487,    0.000694,    0.000540,    0.000470
  143     0.001153,   -0.000677,   -0.000122,    0.000204,   -0.000085
  144     0.000835,    0.001079,   -0.000009,    0.000075,    0.000277
  145     0.000981,   -0.000091,    0.000170,    0.000174,    0.000143
  146    -0.000097,   -0.000131,    0.000011,   -0.000007,   -0.000035
  147    -0.000019,    0.000129,    0.000043,    0.000026,    0.000022
  148     0.000100,    0.000290,    0.000013,   -0.000003,    0.000072
  149    -0.000054,   -0.000045,   -0.000008,   -0.000017,   -0.000010
  150    -0.000015,   -0.000116,   -0.000024,    0.000017,   -0.000050
  151     0.000167,    0.000154,    0.000020,    0.000013,    0.000020
  152    -0.000443,    0.000452,    0.000053,    0.000011,    0.000008
  153     0.000071,    0.000022,    0.000018,    0.000005,    0.000039
  154     0.000043,   -0.000199,   -0.000010,   -0.000026,   -0.000011
  155    -0.000219,    0.000162,   -0.000010,   -0.000016,   -0.000027
  156     0.000092,    0.000010,    0.000001,    0.000010,    0.000011
  157     0.000033,   -0.000033,   -0.000006,   -0.000001,   -0.000001
  158     0.000002,    0.000044,   -0.000002,   -0.000003,    0.000008
  159    -0.000063,    0.000054,   -0.000001,   -0.000002,   -0.000003
  160    -0.000039,   -0.000018,    0.000008,   -0.000006,   -0.000001
  161     0.000002,   -0.000008,    0.000008,    0.000001,    0.000003
  162    -0.000010,    0.000049,   -0.000010,   -0.000002,   -0.000001
  163    -0.000828,    0.003429,   -0.000360,   -0.000472,    0.000451
  164    -0.001255,    0.004217,   -0.000405,   -0.000573,    0.000524
  165    -0.000105,    0.000507,   -0.000137,   -0.000177,    0.000108
  166     0.000018,    0.000082,   -0.000027,   -0.000006,    0.000004
  167     0.000227,   -0.000119,    0.000018,    0.000045,    0.000002
  168    -0.000060,    0.000367,   -0.000021,   -0.000038,    0.000055
  169     0.000159,    0.000083,   -0.000041,    0.000012,    0.000002
  170     0.000822,   -0.000191,    0.000003,    0.000102,    0.000043
  171    -0.000191,    0.000643,   -0.000002,   -0.000044,    0.000081
  172     0.000003,   -0.000002,    0.000007,    0.000002,    0.000002
  173     0.000102,   -0.000044,    0.000002,    0.000017,    0.000000
  174     0.000043,    0.000081,    0.000002,    0.000000,    0.000020
  175     0.000025,    0.000035,   -0.000008,    0.000001,    0.000003
  176     0.000086,   -0.000011,   -0.000003,    0.000011,    0.000003
  177     0.001160,    0.004057,    0.000342,    0.000087,    0.000931
  178     0.001343,    0.004627,    0.000383,    0.000074,    0.001084
  179    -0.000298,    0.001448,    0.000138,    0.000004,    0.000257
  180     0.000113,    0.000092,    0.000006,    0.000017,    0.000025
  181     0.000069,   -0.000119,   -0.000021,    0.000012,   -0.000027
  182    -0.000059,   -0.000396,   -0.000019,    0.000006,   -0.000083
  183     0.000241,    0.000086,   -0.000007,    0.000036,    0.000025
  184     0.000386,    0.000067,   -0.000010,    0.000071,    0.000016
  185    -0.000067,   -0.000432,    0.000008,    0.000036,   -0.000091
  186    -0.000010,   -0.000008,   -0.000000,   -0.000002,   -0.000002
  187    -0.000071,    0.000036,    0.000002,   -0.000013,    0.000003
  188     0.000016,    0.000091,   -0.000002,   -0.000003,    0.000016
  189    -0.000049,   -0.000031,    0.000002,   -0.000006,   -0.000007
  190     0.000057,    0.000007,   -0.000001,    0.000010,    0.000002
  191     0.000002,    0.000000,   -0.000000,    0.000000,    0.000000
  192    -0.000007,    0.000003,    0.000000,   -0.000001,   -0.000000
  193    -0.000396,   -0.000024,    0.000003,   -0.000032,   -0.000019
  194    -0.003929,   -0.000349,    0.000029,   -0.000301,   -0.000204
  195     0.011805,    0.000926,   -0.000087,    0.000977,    0.000610
  196     0.001853,    0.000024,   -0.000022,    0.000095,    0.000065
  197    -0.000005,   -0.000018,   -0.000001,   -0.000001,   -0.000001
  198    -0.000058,   -0.000000,    0.000002,   -0.000008,   -0.000004
  199     0.000045,   -0.000032,   -0.000002,    0.000002,    0.000001
  200     0.000117,    0.000419,    0.000031,    0.000034,    0.000024
  201     0.001358,    0.000011,   -0.000047,    0.000177,    0.000105
  202    -0.001059,    0.000744,    0.000053,   -0.000042,   -0.000030
  203    -0.000410,   -0.002136,   -0.000161,   -0.000150,   -0.000106
  204    -0.006718,   -0.000063,    0.000241,   -0.000870,   -0.000530
  205     0.005491,   -0.003871,   -0.000280,    0.000214,    0.000154
  206    -0.001342,   -0.004116,   -0.000292,   -0.000340,   -0.000258
  207    -0.013349,   -0.000354,    0.000457,   -0.001716,   -0.001058
  208     0.010063,   -0.007080,   -0.000504,    0.000397,    0.000287
  209    -0.000032,   -0.001458,   -0.000110,   -0.000069,   -0.000015
  210    -0.004626,   -0.000292,    0.000165,   -0.000543,   -0.000417
  211     0.004155,   -0.003071,   -0.000266,    0.000130,    0.000088
  212    -0.000001,   -0.000001,   -0.000000,   -0.000000,   -0.000000
  213     0.000000,   -0.000000,    0.000000,    0.000000,    0.000000
  214     0.000001,    0.000000,   -0.000000,    0.000000,    0.000000
  215     0.000000,    0.000000,    0.000000,    0.000000,    0.000000
  216     0.000001,   -0.000000,   -0.000000,    0.000000,    0.000000
  217     0.000066,    0.000028,    0.000001,    0.000010,    0.000009
  218    -0.000026,    0.000009,   -0.000003,   -0.000003,   -0.000003
  219    -0.000057,   -0.000010,    0.000000,   -0.000009,   -0.000005
  220    -0.000011,    0.000002,   -0.000002,   -0.000002,   -0.000001
  221    -0.000064,    0.000025,    0.000004,   -0.000011,    0.000001
  222    -0.000673,   -0.000158,   -0.000005,   -0.000098,   -0.000068
  223     0.000219,   -0.000073,    0.000022,    0.000028,    0.000023
  224     0.000505,    0.000016,   -0.000004,    0.000077,    0.000032
  225     0.000115,   -0.000045,    0.000011,    0.000013,    0.000011
  226     0.000530,   -0.000240,   -0.000026,    0.000090,   -0.000012
  227    -0.001015,   -0.000240,    0.000005,   -0.000127,   -0.000092
  228     0.000254,   -0.000125,    0.000010,    0.000023,    0.000019
  229     0.000697,    0.000085,   -0.000012,    0.000089,    0.000050
  230     0.000155,   -0.000100,    0.000003,    0.000009,    0.000009
  231     0.000720,   -0.000122,   -0.000027,    0.000099,    0.000022
  232     0.000079,   -0.000137,   -0.000013,    0.000016,   -0.000019
  233     0.000095,   -0.000044,    0.000006,    0.000009,    0.000008
  234     0.000303,    0.000011,   -0.000006,    0.000043,    0.000019
  235    -0.000094,    0.000043,   -0.000006,   -0.000010,   -0.000008
  236     0.000150,    0.000047,    0.000000,    0.000020,    0.000016
  237    -0.000062,    0.000020,   -0.000005,   -0.000008,   -0.000006
  238     0.000435,    0.000037,   -0.000006,    0.000061,    0.000031
               175,         176,         177,         178,         179
    0    -0.000012,   -0.000034,    0.001150,    0.002451,    0.001333
    1     0.000004,   -0.000038,    0.002490,    0.004555,    0.002186
    2    -0.000099,   -0.000037,   -0.005485,   -0.007291,   -0.002275
    3    -0.000183,   -0.000157,   -0.002435,   -0.003412,   -0.000736
    4     0.000324,    0.000373,    0.003259,    0.002624,   -0.000943
    5     0.000059,   -0.000018,    0.004529,    0.003379,    0.002382
    6    -0.000063,   -0.000021,    0.003481,    0.007686,    0.001735
    7    -0.000043,   -0.000163,   -0.002934,   -0.000019,    0.003127
    8     0.000070,    0.000045,    0.004790,    0.004075,    0.001896
    9    -0.000040,   -0.000030,    0.000857,    0.003187,    0.000981
   10    -0.000012,   -0.000097,   -0.003740,   -0.001928,    0.001298
   11    -0.000040,   -0.000079,   -0.000969,   -0.001396,    0.000332
   12    -0.000086,   -0.000083,    0.000025,    0.001073,    0.000533
   13     0.000006,   -0.000014,   -0.001164,   -0.000685,    0.000328
   14     0.000019,    0.000015,   -0.000435,   -0.000606,   -0.000253
   15     0.000004,   -0.000001,    0.000323,    0.000392,    0.000463
   16    -0.000014,   -0.000010,    0.000070,    0.000239,    0.000081
   17     0.000004,    0.000005,   -0.000107,   -0.000198,   -0.000077
   18     0.000027,    0.000014,   -0.000083,   -0.000215,   -0.000106
   19     0.000031,    0.000022,   -0.000789,   -0.000966,   -0.000470
   20     0.000016,    0.000006,    0.000477,    0.000411,    0.000815
   21    -0.000025,   -0.000038,   -0.001307,   -0.001406,   -0.000135
   22     0.000003,    0.000003,    0.000320,    0.000223,    0.000214
   23     0.000053,    0.000039,    0.000969,    0.000865,    0.000038
   24    -0.000016,   -0.000010,    0.000136,    0.000187,    0.000119
   25    -0.000003,   -0.000002,    0.000017,    0.000051,   -0.000052
   26    -0.000004,   -0.000004,   -0.000072,   -0.000090,   -0.000013
   27     0.000003,    0.000002,   -0.000005,   -0.000041,    0.000050
   28     0.000006,    0.000004,    0.000001,   -0.000012,   -0.000035
   29     0.000000,    0.000002,    0.000241,    0.000242,    0.000129
   30    -0.000001,   -0.000000,   -0.000176,   -0.000225,   -0.000073
   31    -0.000073,   -0.000076,    0.000038,    0.001991,    0.001828
   32    -0.000094,   -0.000072,    0.003129,    0.005972,    0.003306
   33    -0.000061,   -0.000057,    0.002213,    0.003109,    0.002221
   34    -0.000002,   -0.000003,    0.000058,    0.000097,    0.000099
   35     0.000003,    0.000005,    0.000159,    0.000100,   -0.000019
   36     0.000005,    0.000004,    0.000056,   -0.000087,   -0.000067
   37    -0.000002,   -0.000003,   -0.000829,   -0.000872,   -0.000323
   38    -0.000004,   -0.000009,   -0.000777,   -0.000904,   -0.000307
   39     0.000003,   -0.000006,   -0.000583,   -0.000784,   -0.000185
   40     0.000001,    0.000002,    0.000128,    0.000137,    0.000035
   41     0.000001,    0.000001,    0.000008,    0.000017,    0.000011
   42    -0.000001,   -0.000000,   -0.000031,   -0.000020,   -0.000011
   43     0.000001,    0.000001,   -0.000041,   -0.000052,   -0.000029
   44     0.000001,    0.000001,    0.000084,    0.000093,    0.000030
   45    -0.000048,    0.000029,   -0.000140,   -0.000302,   -0.001821
   46    -0.000032,    0.000068,   -0.001104,   -0.001213,   -0.002922
   47    -0.000043,   -0.000009,   -0.001951,   -0.001965,   -0.001706
   48    -0.000001,    0.000000,    0.000024,    0.000002,   -0.000038
   49     0.000000,   -0.000003,    0.000022,    0.000113,    0.000108
   50    -0.000004,    0.000002,   -0.000001,    0.000024,   -0.000098
   51    -0.000010,   -0.000004,    0.000681,    0.000713,    0.000340
   52    -0.000020,   -0.000026,    0.000428,    0.000592,    0.000469
   53     0.000009,    0.000016,   -0.000363,   -0.000317,   -0.000307
   54     0.000003,    0.000002,   -0.000103,   -0.000105,   -0.000047
   55    -0.000003,   -0.000003,    0.000081,    0.000108,    0.000072
   56    -0.000002,   -0.000001,   -0.000010,    0.000021,    0.000004
   57    -0.000001,   -0.000001,    0.000034,    0.000038,    0.000011
   58     0.000000,   -0.000001,   -0.000016,   -0.000000,    0.000001
   59     0.000057,    0.000020,    0.000627,   -0.000580,    0.000234
   60     0.000080,   -0.000000,   -0.002351,   -0.004176,   -0.000502
   61     0.000067,    0.000047,    0.000201,   -0.000209,   -0.000178
   62    -0.000001,    0.000001,   -0.000049,    0.000064,   -0.000031
   63     0.000003,    0.000002,    0.000030,    0.000068,    0.000009
   64    -0.000000,   -0.000002,   -0.000107,   -0.000071,    0.000022
   65     0.000006,    0.000017,    0.001065,    0.001283,    0.000234
   66     0.000005,    0.000006,   -0.000161,   -0.000080,   -0.000074
   67    -0.000001,   -0.000004,   -0.000264,   -0.000189,   -0.000014
   68    -0.000002,   -0.000002,   -0.000000,   -0.000022,    0.000008
   69     0.000000,    0.000000,    0.000014,    0.000017,    0.000012
   70    -0.000001,   -0.000000,   -0.000001,    0.000008,    0.000000
   71     0.000000,    0.000001,    0.000085,    0.000070,    0.000009
   72    -0.000001,   -0.000001,   -0.000028,   -0.000050,   -0.000007
   73    -0.000227,   -0.000196,    0.003085,    0.002304,    0.001057
   74    -0.000386,   -0.000343,    0.006742,    0.006200,    0.002167
   75     0.000372,    0.000380,   -0.012990,   -0.015077,   -0.003651
   76     0.000442,    0.000581,   -0.015845,   -0.018701,   -0.005549
   77    -0.000627,   -0.000711,   -0.008797,   -0.007461,    0.001213
   78    -0.001040,   -0.000509,    0.021169,    0.026743,    0.010146
   79     0.000522,    0.000317,   -0.006024,   -0.010970,   -0.006427
   80    -0.000288,   -0.000188,   -0.012278,   -0.009693,   -0.013757
   81    -0.000659,   -0.000309,    0.018072,    0.022237,    0.007550
   82     0.000372,    0.000199,   -0.005764,   -0.009619,   -0.004501
   83    -0.000174,   -0.000135,   -0.010852,   -0.009598,   -0.010099
   84    -0.000092,    0.000001,    0.006354,    0.007504,    0.001884
   85    -0.000070,   -0.000135,   -0.004529,   -0.005219,   -0.001274
   86    -0.000042,   -0.000094,   -0.003810,   -0.004075,   -0.001882
   87    -0.000032,   -0.000035,   -0.001453,   -0.001775,   -0.000325
   88     0.000001,    0.000001,    0.001332,    0.001421,    0.000966
   89    -0.000034,   -0.000010,    0.000601,    0.000920,    0.000357
   90     0.000017,   -0.000003,   -0.003045,   -0.003352,   -0.001300
   91     0.000046,    0.000014,   -0.000356,   -0.000584,   -0.000218
   92    -0.000093,   -0.000106,   -0.002768,   -0.003467,   -0.000283
   93    -0.000028,   -0.000014,    0.004373,    0.004984,    0.002380
   94    -0.000037,    0.000012,    0.001578,    0.002281,    0.000428
   95     0.000059,    0.000003,   -0.008350,   -0.009306,   -0.003408
   96     0.000026,   -0.000025,   -0.000882,   -0.001136,   -0.000106
   97     0.000018,    0.000019,    0.000624,    0.000675,    0.000103
   98     0.000001,   -0.000001,   -0.000220,   -0.000215,   -0.000070
   99    -0.000010,   -0.000015,   -0.000042,   -0.000011,    0.000059
  100     0.000009,    0.000002,   -0.000937,   -0.001105,   -0.000354
  101     0.000011,    0.000005,   -0.000270,   -0.000298,   -0.000085
  102    -0.000009,    0.000001,    0.001216,    0.001361,    0.000437
  103    -0.000013,   -0.000007,    0.000579,    0.000710,    0.000197
  104    -0.000078,    0.000026,    0.010647,    0.011837,    0.008805
  105    -0.000111,   -0.000061,    0.011518,    0.012685,    0.010716
  106    -0.000035,   -0.000025,    0.011970,    0.012889,    0.007608
  107    -0.000015,   -0.000008,    0.000494,    0.000598,    0.000047
  108     0.000002,    0.000004,    0.000337,    0.000303,    0.000374
  109    -0.000012,   -0.000002,    0.000555,    0.000679,    0.000532
  110    -0.000014,    0.000021,    0.000854,    0.001110,   -0.000190
  111     0.000019,    0.000006,   -0.000600,   -0.000833,   -0.000027
  112    -0.000027,   -0.000042,   -0.001060,   -0.001130,    0.000108
  113    -0.000005,   -0.000002,    0.000142,    0.000171,    0.000035
  114     0.000000,    0.000000,    0.000083,    0.000076,    0.000081
  115    -0.000007,   -0.000004,    0.000109,    0.000171,    0.000062
  116    -0.000004,    0.000001,    0.000228,    0.000259,    0.000022
  117    -0.000000,   -0.000003,   -0.000106,   -0.000108,   -0.000032
  118    -0.000219,   -0.000079,   -0.005644,   -0.003674,   -0.004474
  119    -0.000311,   -0.000174,   -0.004843,   -0.002054,   -0.004464
  120     0.000002,    0.000063,   -0.005969,   -0.005485,   -0.005028
  121    -0.000003,   -0.000003,    0.000245,    0.000224,    0.000179
  122    -0.000012,   -0.000005,   -0.000306,   -0.000219,   -0.000281
  123     0.000022,    0.000009,    0.000162,   -0.000028,    0.000110
  124    -0.000001,    0.000011,    0.000755,    0.000726,    0.000387
  125    -0.000007,   -0.000006,    0.000301,    0.000416,   -0.000044
  126     0.000050,    0.000045,   -0.000834,   -0.001164,   -0.000652
  127    -0.000002,   -0.000001,    0.000003,   -0.000006,    0.000026
  128     0.000002,    0.000001,    0.000011,   -0.000011,    0.000037
  129    -0.000005,   -0.000003,    0.000033,    0.000061,    0.000072
  130     0.000001,   -0.000001,   -0.000148,   -0.000146,   -0.000053
  131     0.000000,   -0.000001,    0.000043,    0.000045,    0.000032
  132    -0.000913,    0.000322,   -0.018241,   -0.034519,   -0.009422
  133    -0.001360,    0.000502,   -0.038922,   -0.061057,   -0.015953
  134     0.000717,   -0.000382,    0.070517,    0.073623,    0.016926
  135     0.000565,   -0.000427,    0.060400,    0.063964,    0.014958
  136     0.000532,    0.000666,    0.018497,    0.018604,    0.000776
  137     0.001074,    0.000973,   -0.043941,   -0.052122,   -0.015935
  138     0.001041,    0.001185,    0.063374,    0.071959,    0.013617
  139    -0.000950,   -0.000042,    0.119922,    0.135699,    0.045939
  140     0.000736,    0.000624,   -0.025169,   -0.029697,   -0.009383
  141     0.000697,    0.000846,    0.042871,    0.048411,    0.009339
  142    -0.000671,   -0.000051,    0.086441,    0.097408,    0.034041
  143     0.000224,    0.000212,   -0.003957,   -0.005287,   -0.001726
  144     0.000109,    0.000114,    0.012112,    0.013862,    0.003715
  145    -0.000182,    0.000034,    0.024332,    0.027698,    0.008715
  146    -0.000013,   -0.000012,   -0.001691,   -0.001933,   -0.000571
  147    -0.000037,   -0.000014,    0.005249,    0.005784,    0.002432
  148    -0.000005,   -0.000001,    0.002961,    0.003382,    0.000887
  149     0.000011,   -0.000007,   -0.002502,   -0.002768,   -0.001081
  150     0.000047,    0.000034,   -0.001619,   -0.001867,   -0.000655
  151     0.000019,    0.000023,   -0.000256,   -0.000212,   -0.000536
  152    -0.000033,   -0.000047,    0.006127,    0.006339,    0.003899
  153    -0.000034,   -0.000015,    0.001894,    0.001932,    0.000769
  154     0.000013,   -0.000008,   -0.004593,   -0.004914,   -0.002379
  155     0.000043,    0.000021,   -0.000350,   -0.000221,   -0.000382
  156     0.000008,    0.000009,    0.000338,    0.000310,    0.000062
  157     0.000004,    0.000005,   -0.000487,   -0.000505,   -0.000291
  158     0.000004,    0.000000,    0.000640,    0.000624,    0.000137
  159     0.000003,   -0.000003,    0.000068,   -0.000001,    0.000206
  160    -0.000017,   -0.000011,   -0.000350,   -0.000280,   -0.000007
  161    -0.000006,   -0.000005,    0.000264,    0.000316,    0.000079
  162     0.000023,    0.000010,    0.000322,    0.000274,   -0.000031
  163     0.000552,    0.000053,   -0.010921,   -0.012651,   -0.009146
  164     0.000623,    0.000033,   -0.012651,   -0.014052,   -0.009618
  165     0.000142,    0.000012,   -0.009146,   -0.009618,   -0.005711
  166     0.000042,    0.000019,   -0.001081,   -0.001276,   -0.000579
  167    -0.000015,    0.000019,    0.001574,    0.001795,    0.000652
  168     0.000040,    0.000002,    0.000793,    0.000896,   -0.000121
  169     0.000075,    0.000047,   -0.001529,   -0.001773,   -0.000854
  170     0.000025,    0.000086,    0.001160,    0.001343,   -0.000298
  171     0.000035,   -0.000011,    0.004057,    0.004627,    0.001448
  172    -0.000008,   -0.000003,    0.000342,    0.000383,    0.000138
  173     0.000001,    0.000011,    0.000087,    0.000074,    0.000004
  174     0.000003,    0.000003,    0.000931,    0.001084,    0.000257
  175     0.000016,    0.000009,   -0.000134,   -0.000162,   -0.000106
  176     0.000009,    0.000013,   -0.000001,   -0.000007,   -0.000080
  177    -0.000134,   -0.000001,    0.079102,    0.088658,    0.026833
  178    -0.000162,   -0.000007,    0.088658,    0.100413,    0.029977
  179    -0.000106,   -0.000080,    0.026833,    0.029977,    0.011250
  180     0.000011,    0.000015,    0.002627,    0.002921,    0.000847
  181     0.000024,    0.000019,   -0.003432,   -0.003885,   -0.001226
  182    -0.000001,    0.000001,   -0.005854,   -0.006599,   -0.001878
  183     0.000040,    0.000039,    0.002395,    0.002707,    0.000709
  184     0.000049,    0.000057,   -0.000828,   -0.001255,   -0.000105
  185    -0.000031,   -0.000007,   -0.003429,   -0.004217,   -0.000507
  186    -0.000002,   -0.000001,   -0.000360,   -0.000405,   -0.000137
  187    -0.000006,   -0.000010,    0.000472,    0.000573,    0.000177
  188     0.000007,    0.000002,    0.000451,    0.000524,    0.000108
  189    -0.000010,   -0.000008,   -0.000552,   -0.000623,   -0.000142
  190     0.000008,    0.000009,    0.000053,    0.000033,    0.000012
  191     0.000000,    0.000000,   -0.000001,   -0.000003,   -0.000005
  192    -0.000000,   -0.000001,    0.000021,    0.000018,    0.000002
  193    -0.000022,   -0.000031,    0.000440,    0.000792,    0.000766
  194    -0.000218,   -0.000299,    0.003800,    0.007513,    0.007836
  195     0.000678,    0.000957,   -0.010914,   -0.020971,   -0.022003
  196     0.000081,    0.000093,   -0.003389,   -0.006273,   -0.005053
  197    -0.000001,   -0.000003,    0.000002,   -0.000026,    0.000028
  198    -0.000005,   -0.000007,   -0.000098,   -0.000099,   -0.000018
  199     0.000000,    0.000004,   -0.000088,   -0.000057,   -0.000146
  200     0.000030,    0.000062,   -0.000055,    0.000607,   -0.000666
  201     0.000126,    0.000165,    0.002312,    0.002347,    0.000416
  202    -0.000007,   -0.000104,    0.002083,    0.001366,    0.003421
  203    -0.000142,   -0.000296,    0.000592,   -0.002791,    0.003450
  204    -0.000625,   -0.000810,   -0.012187,   -0.012367,   -0.002385
  205     0.000044,    0.000540,   -0.011480,   -0.007834,   -0.018044
  206    -0.000312,   -0.000614,    0.000007,   -0.006334,    0.006512
  207    -0.001244,   -0.001614,   -0.023298,   -0.023723,   -0.003778
  208     0.000073,    0.000985,   -0.020172,   -0.013389,   -0.032691
  209    -0.000098,   -0.000188,    0.002842,    0.000885,    0.003674
  210    -0.000416,   -0.000513,   -0.010463,   -0.010283,   -0.001675
  211     0.000080,    0.000425,   -0.015085,   -0.012992,   -0.016543
  212    -0.000000,   -0.000000,   -0.000008,   -0.000009,   -0.000002
  213    -0.000000,    0.000000,    0.000006,    0.000007,    0.000001
  214     0.000000,    0.000000,    0.000004,    0.000005,    0.000001
  215    -0.000000,    0.000000,    0.000005,    0.000006,    0.000002
  216     0.000000,    0.000000,    0.000000,   -0.000000,   -0.000000
  217     0.000006,    0.000010,    0.000231,    0.000308,    0.000065
  218     0.000003,   -0.000001,   -0.000376,   -0.000439,   -0.000107
  219    -0.000005,   -0.000009,   -0.000086,   -0.000122,   -0.000017
  220     0.000002,   -0.000000,   -0.000227,   -0.000261,   -0.000076
  221    -0.000008,   -0.000010,    0.000132,    0.000152,    0.000043
  222    -0.000049,   -0.000092,   -0.001207,   -0.001663,   -0.000202
  223    -0.000027,    0.000011,    0.003333,    0.003877,    0.000984
  224     0.000042,    0.000071,    0.000214,    0.000380,   -0.000042
  225    -0.000013,    0.000006,    0.001511,    0.001775,    0.000400
  226     0.000055,    0.000078,   -0.001474,   -0.001683,   -0.000469
  227    -0.000084,   -0.000129,   -0.001295,   -0.001551,    0.000311
  228    -0.000018,    0.000017,    0.002083,    0.002532,    0.000339
  229     0.000063,    0.000089,    0.000498,    0.000543,   -0.000285
  230    -0.000007,    0.000011,    0.000423,    0.000613,   -0.000202
  231     0.000065,    0.000089,   -0.000562,   -0.000762,   -0.000443
  232     0.000013,    0.000012,   -0.000838,   -0.001035,   -0.000225
  233    -0.000008,    0.000006,    0.000954,    0.001142,    0.000199
  234     0.000028,    0.000041,    0.000133,    0.000180,   -0.000072
  235     0.000009,   -0.000005,   -0.000976,   -0.001165,   -0.000211
  236     0.000013,    0.000020,    0.000305,    0.000389,    0.000017
  237     0.000007,   -0.000004,   -0.000925,   -0.001076,   -0.000278
  238     0.000036,    0.000058,    0.000322,    0.000440,   -0.000059
               180,         181,         182,         183,         184
    0     0.000136,   -0.000028,   -0.000098,    0.000056,   -0.000160
    1     0.000245,   -0.000035,   -0.000211,    0.000188,   -0.000196
    2    -0.000330,    0.000002,    0.000476,   -0.000542,   -0.000079
    3    -0.000400,   -0.000244,    0.000154,   -0.001014,   -0.000940
    4     0.000564,    0.000566,   -0.000191,    0.001704,    0.003186
    5     0.000512,   -0.000109,   -0.000260,    0.000162,   -0.000101
    6     0.000207,    0.000073,   -0.000173,    0.001015,   -0.000158
    7    -0.000239,    0.000210,    0.000236,    0.001609,    0.000880
    8     0.000412,    0.000007,   -0.000331,    0.000234,    0.000459
    9     0.000134,    0.000038,    0.000041,    0.000676,   -0.000229
   10    -0.000252,    0.000233,    0.000262,    0.000986,    0.000558
   11     0.000016,   -0.000127,    0.000103,   -0.000258,   -0.000780
   12    -0.000102,   -0.000113,   -0.000007,   -0.000202,   -0.000749
   13    -0.000105,    0.000071,    0.000086,    0.000220,    0.000125
   14     0.000021,    0.000020,    0.000035,    0.000058,    0.000040
   15    -0.000018,   -0.000008,   -0.000009,    0.000029,    0.000064
   16    -0.000021,   -0.000009,   -0.000004,   -0.000021,   -0.000041
   17    -0.000009,    0.000007,    0.000006,   -0.000047,   -0.000003
   18     0.000073,    0.000014,    0.000018,    0.000133,    0.000024
   19     0.000041,    0.000029,    0.000066,    0.000126,    0.000005
   20    -0.000049,   -0.000002,   -0.000009,   -0.000037,    0.000137
   21    -0.000049,   -0.000037,    0.000132,   -0.000077,   -0.000272
   22     0.000003,   -0.000011,   -0.000016,   -0.000040,    0.000032
   23     0.000140,    0.000030,   -0.000078,    0.000252,    0.000208
   24    -0.000033,   -0.000012,   -0.000015,   -0.000079,   -0.000022
   25     0.000010,   -0.000004,   -0.000003,    0.000018,   -0.000014
   26    -0.000011,   -0.000005,    0.000004,   -0.000027,   -0.000023
   27    -0.000009,    0.000003,    0.000002,   -0.000018,    0.000013
   28     0.000009,    0.000004,   -0.000001,    0.000022,    0.000013
   29     0.000004,   -0.000012,   -0.000012,   -0.000005,    0.000003
   30    -0.000009,    0.000002,    0.000013,   -0.000017,   -0.000007
   31    -0.000182,    0.000026,    0.000039,    0.000572,    0.000295
   32    -0.000117,   -0.000040,   -0.000171,    0.000833,    0.000572
   33    -0.000070,   -0.000113,   -0.000113,    0.000096,    0.000079
   34     0.000001,   -0.000001,   -0.000001,    0.000018,    0.000009
   35     0.000011,   -0.000004,   -0.000012,   -0.000033,   -0.000014
   36     0.000012,   -0.000005,   -0.000007,   -0.000041,   -0.000017
   37    -0.000034,    0.000040,    0.000054,   -0.000031,   -0.000015
   38    -0.000039,    0.000006,    0.000053,   -0.000127,   -0.000166
   39    -0.000027,    0.000002,    0.000037,   -0.000095,   -0.000100
   40     0.000009,   -0.000005,   -0.000008,    0.000012,    0.000005
   41     0.000003,    0.000001,    0.000001,    0.000019,    0.000017
   42    -0.000004,    0.000001,    0.000003,   -0.000005,   -0.000004
   43     0.000001,    0.000001,    0.000002,    0.000001,   -0.000001
   44     0.000004,   -0.000003,   -0.000005,    0.000001,   -0.000006
   45    -0.000036,   -0.000021,   -0.000018,   -0.000552,   -0.000410
   46    -0.000114,    0.000114,   -0.000013,   -0.000708,   -0.000295
   47    -0.000123,    0.000052,    0.000079,   -0.000408,   -0.000405
   48     0.000006,   -0.000001,   -0.000001,   -0.000015,   -0.000017
   49     0.000003,    0.000005,   -0.000002,    0.000049,    0.000022
   50    -0.000003,   -0.000000,    0.000000,   -0.000021,   -0.000020
   51     0.000026,   -0.000038,   -0.000030,   -0.000001,   -0.000011
   52     0.000016,   -0.000055,   -0.000014,    0.000036,   -0.000103
   53    -0.000022,    0.000047,    0.000018,    0.000006,    0.000073
   54    -0.000002,    0.000008,    0.000005,    0.000009,    0.000009
   55     0.000001,   -0.000005,   -0.000005,    0.000002,   -0.000006
   56    -0.000002,   -0.000000,    0.000002,    0.000005,   -0.000004
   57     0.000001,   -0.000001,   -0.000002,   -0.000004,   -0.000001
   58     0.000002,    0.000002,    0.000000,    0.000009,   -0.000000
   59     0.000247,   -0.000012,    0.000002,    0.000137,    0.000061
   60     0.000292,   -0.000024,    0.000301,    0.000243,   -0.000328
   61     0.000178,    0.000049,    0.000003,    0.000277,    0.000166
   62    -0.000013,    0.000006,   -0.000000,    0.000008,    0.000006
   63     0.000012,    0.000003,    0.000001,    0.000031,    0.000000
   64    -0.000006,    0.000007,    0.000007,    0.000021,    0.000015
   65     0.000018,    0.000018,   -0.000104,    0.000033,    0.000165
   66     0.000016,    0.000016,    0.000021,    0.000064,    0.000017
   67    -0.000012,    0.000014,    0.000016,    0.000042,    0.000019
   68    -0.000008,   -0.000002,   -0.000001,   -0.000021,   -0.000001
   69    -0.000000,   -0.000001,   -0.000001,    0.000000,    0.000001
   70    -0.000001,    0.000000,   -0.000000,   -0.000002,   -0.000001
   71     0.000004,   -0.000005,   -0.000005,   -0.000009,   -0.000006
   72    -0.000002,   -0.000002,    0.000003,   -0.000007,   -0.000007
   73    -0.000199,   -0.000210,   -0.000323,   -0.001446,    0.000224
   74    -0.000400,   -0.000409,   -0.000708,   -0.002383,    0.000196
   75     0.000583,    0.000617,    0.001357,    0.002111,    0.000325
   76     0.000602,    0.001164,    0.001688,    0.002575,    0.002423
   77    -0.001122,   -0.001016,    0.000683,   -0.002954,   -0.005783
   78    -0.002305,   -0.000657,   -0.002284,   -0.005574,    0.000609
   79     0.000678,    0.000256,    0.000364,    0.001325,    0.001007
   80     0.000639,    0.000271,    0.000417,    0.001421,   -0.001990
   81    -0.001436,   -0.000483,   -0.001901,   -0.003592,    0.000724
   82     0.000484,    0.000150,    0.000419,    0.000961,    0.000432
   83     0.000333,    0.000339,    0.000425,    0.000830,   -0.001174
   84    -0.000207,   -0.000048,   -0.000640,   -0.000546,    0.000645
   85    -0.000170,   -0.000220,    0.000349,   -0.000528,   -0.001542
   86     0.000086,    0.000203,    0.000162,    0.000249,    0.000253
   87    -0.000086,   -0.000032,    0.000132,   -0.000185,   -0.000217
   88     0.000014,   -0.000057,   -0.000064,    0.000033,    0.000081
   89    -0.000064,    0.000002,   -0.000056,   -0.000127,    0.000057
   90    -0.000108,    0.000165,    0.000167,   -0.000091,    0.000049
   91     0.000116,   -0.000003,    0.000049,    0.000229,   -0.000087
   92    -0.000211,   -0.000124,    0.000266,   -0.000492,   -0.000611
   93     0.000144,   -0.000223,   -0.000234,    0.000259,    0.000068
   94    -0.000064,    0.000042,   -0.000157,   -0.000112,    0.000259
   95    -0.000335,    0.000459,    0.000468,   -0.000327,    0.000157
   96     0.000091,   -0.000070,    0.000095,    0.000123,   -0.000447
   97     0.000042,    0.000018,   -0.000059,    0.000075,    0.000127
   98    -0.000010,    0.000012,    0.000013,    0.000004,    0.000005
   99    -0.000016,   -0.000022,    0.000003,   -0.000046,   -0.000092
  100    -0.000043,    0.000054,    0.000053,   -0.000063,    0.000030
  101     0.000024,    0.000007,    0.000028,    0.000063,   -0.000018
  102     0.000052,   -0.000069,   -0.000069,    0.000045,   -0.000041
  103    -0.000017,   -0.000011,   -0.000056,   -0.000058,    0.000017
  104    -0.000342,   -0.000276,   -0.000558,   -0.000720,    0.000883
  105    -0.000525,   -0.000409,   -0.000635,   -0.001179,    0.000506
  106     0.000223,   -0.000359,   -0.000735,    0.000244,    0.001072
  107    -0.000000,   -0.000024,   -0.000052,   -0.000036,   -0.000020
  108    -0.000027,   -0.000008,   -0.000014,   -0.000059,    0.000043
  109    -0.000041,   -0.000013,   -0.000030,   -0.000077,    0.000036
  110    -0.000009,    0.000011,   -0.000087,   -0.000021,    0.000132
  111    -0.000044,    0.000026,    0.000041,   -0.000070,    0.000010
  112    -0.000116,   -0.000010,    0.000064,   -0.000244,   -0.000261
  113    -0.000001,   -0.000005,   -0.000012,   -0.000011,    0.000005
  114    -0.000006,   -0.000002,   -0.000006,   -0.000014,    0.000009
  115    -0.000007,   -0.000007,   -0.000009,   -0.000018,   -0.000021
  116    -0.000003,   -0.000003,   -0.000022,   -0.000015,    0.000024
  117     0.000002,    0.000001,    0.000008,    0.000006,   -0.000015
  118    -0.000206,    0.000323,    0.000161,   -0.000169,   -0.000524
  119    -0.000225,    0.000103,    0.000045,   -0.000348,   -0.001478
  120    -0.000235,    0.000388,    0.000189,   -0.000295,   -0.000388
  121    -0.000040,    0.000001,   -0.000031,   -0.000093,    0.000042
  122    -0.000000,    0.000009,    0.000009,    0.000010,   -0.000045
  123     0.000025,   -0.000011,    0.000000,    0.000034,    0.000038
  124    -0.000043,    0.000047,   -0.000073,   -0.000074,    0.000358
  125     0.000047,   -0.000044,   -0.000022,    0.000084,   -0.000109
  126     0.000018,    0.000127,    0.000047,    0.000103,    0.000379
  127    -0.000014,    0.000004,   -0.000002,   -0.000029,    0.000018
  128     0.000001,    0.000001,    0.000003,    0.000001,    0.000012
  129    -0.000015,   -0.000001,   -0.000004,   -0.000031,   -0.000008
  130     0.000011,   -0.000005,    0.000017,    0.000025,   -0.000045
  131     0.000003,   -0.000007,    0.000000,    0.000001,   -0.000020
  132    -0.001081,    0.001617,    0.002702,   -0.003173,    0.004818
  133    -0.001984,    0.002900,    0.004976,   -0.004644,    0.007596
  134     0.002629,   -0.003652,   -0.006702,    0.002050,   -0.006004
  135     0.002066,   -0.003284,   -0.005809,    0.001431,   -0.005541
  136     0.001029,    0.000677,   -0.001609,    0.002518,    0.005561
  137     0.001951,    0.002392,    0.004528,    0.006056,    0.003439
  138     0.002546,    0.000727,   -0.006140,    0.004215,    0.008781
  139     0.005037,   -0.006762,   -0.006771,    0.005340,   -0.003345
  140     0.001386,    0.001436,    0.002587,    0.004053,    0.002028
  141     0.001750,    0.000625,   -0.004134,    0.002829,    0.006315
  142     0.003603,   -0.004828,   -0.004871,    0.003803,   -0.002053
  143     0.000448,    0.000430,    0.000446,    0.001147,    0.001153
  144     0.000389,   -0.000026,   -0.001184,    0.000341,    0.000835
  145     0.000978,   -0.001402,   -0.001368,    0.000974,   -0.000981
  146    -0.000060,    0.000010,    0.000155,   -0.000065,   -0.000097
  147     0.000213,   -0.000276,   -0.000293,    0.000232,    0.000019
  148     0.000018,   -0.000056,   -0.000291,   -0.000072,    0.000100
  149    -0.000077,    0.000136,    0.000135,   -0.000062,    0.000054
  150     0.000092,    0.000066,    0.000161,    0.000259,   -0.000015
  151    -0.000016,    0.000029,    0.000005,    0.000065,    0.000167
  152     0.000232,   -0.000269,   -0.000334,    0.000262,    0.000443
  153    -0.000031,   -0.000038,   -0.000177,   -0.000211,    0.000071
  154    -0.000123,    0.000230,    0.000242,   -0.000086,   -0.000043
  155     0.000093,   -0.000003,    0.000019,    0.000212,   -0.000219
  156     0.000014,    0.000009,   -0.000033,    0.000019,    0.000092
  157    -0.000022,    0.000022,    0.000027,   -0.000024,   -0.000033
  158     0.000019,   -0.000022,   -0.000056,    0.000013,    0.000002
  159    -0.000006,    0.000005,   -0.000001,   -0.000010,    0.000063
  160    -0.000044,    0.000000,    0.000027,   -0.000080,   -0.000039
  161     0.000023,   -0.000016,   -0.000017,    0.000034,   -0.000002
  162     0.000052,   -0.000011,   -0.000028,    0.000102,   -0.000010
  163    -0.001081,    0.001574,   -0.000793,   -0.001529,    0.001160
  164    -0.001276,    0.001795,   -0.000896,   -0.001773,    0.001343
  165    -0.000579,    0.000652,    0.000121,   -0.000854,   -0.000298
  166    -0.000016,    0.000103,    0.000032,    0.000027,    0.000113
  167     0.000103,   -0.000074,   -0.000048,    0.000155,    0.000069
  168    -0.000032,    0.000048,   -0.000185,   -0.000073,    0.000059
  169     0.000027,    0.000155,    0.000073,    0.000166,    0.000241
  170     0.000113,    0.000069,   -0.000059,    0.000241,    0.000386
  171     0.000092,   -0.000119,   -0.000396,    0.000086,    0.000067
  172     0.000006,   -0.000021,   -0.000019,   -0.000007,   -0.000010
  173     0.000017,    0.000012,    0.000006,    0.000036,    0.000071
  174     0.000025,   -0.000027,   -0.000083,    0.000025,    0.000016
  175     0.000011,    0.000024,   -0.000001,    0.000040,    0.000049
  176     0.000015,    0.000019,    0.000001,    0.000039,    0.000057
  177     0.002627,   -0.003432,   -0.005854,    0.002395,   -0.000828
  178     0.002921,   -0.003885,   -0.006599,    0.002707,   -0.001255
  179     0.000847,   -0.001226,   -0.001878,    0.000709,   -0.000105
  180     0.000144,   -0.000106,   -0.000178,    0.000202,    0.000018
  181    -0.000106,    0.000210,    0.000235,   -0.000065,    0.000227
  182    -0.000178,    0.000235,    0.000470,   -0.000150,    0.000060
  183     0.000202,   -0.000065,   -0.000150,    0.000381,    0.000159
  184     0.000018,    0.000227,    0.000060,    0.000159,    0.000822
  185    -0.000082,    0.000119,    0.000367,   -0.000083,    0.000191
  186    -0.000027,    0.000018,    0.000021,   -0.000041,    0.000003
  187     0.000006,   -0.000045,   -0.000038,   -0.000012,   -0.000102
  188     0.000004,    0.000002,   -0.000055,    0.000002,    0.000043
  189    -0.000042,    0.000015,    0.000040,   -0.000075,   -0.000025
  190     0.000019,    0.000019,   -0.000002,    0.000047,    0.000086
  191    -0.000000,   -0.000000,    0.000000,    0.000001,    0.000002
  192    -0.000001,   -0.000003,   -0.000002,   -0.000002,   -0.000007
  193     0.000018,   -0.000035,   -0.000068,   -0.000148,   -0.000396
  194     0.000184,   -0.000277,   -0.000634,   -0.001492,   -0.003929
  195    -0.000383,    0.001065,    0.001790,    0.004514,    0.011805
  196    -0.000230,   -0.000016,    0.000512,    0.000662,    0.001853
  197    -0.000002,   -0.000004,    0.000001,   -0.000008,   -0.000005
  198    -0.000011,   -0.000012,    0.000008,   -0.000026,   -0.000058
  199    -0.000004,   -0.000001,    0.000005,   -0.000007,   -0.000045
  200     0.000035,    0.000098,   -0.000028,    0.000198,    0.000117
  201     0.000266,    0.000287,   -0.000186,    0.000610,    0.001358
  202     0.000104,    0.000014,   -0.000109,    0.000176,    0.001059
  203    -0.000159,   -0.000469,    0.000115,   -0.000958,   -0.000410
  204    -0.001341,   -0.001397,    0.000989,   -0.003017,   -0.006718
  205    -0.000568,   -0.000034,    0.000605,   -0.000944,   -0.005491
  206    -0.000367,   -0.000960,    0.000308,   -0.002018,   -0.001342
  207    -0.002597,   -0.002762,    0.001888,   -0.006045,   -0.013349
  208    -0.001000,   -0.000109,    0.001059,   -0.001683,   -0.010063
  209    -0.000056,   -0.000285,   -0.000164,   -0.000735,   -0.000032
  210    -0.000854,   -0.000768,    0.000851,   -0.001991,   -0.004626
  211    -0.000694,    0.000313,    0.000816,   -0.000998,   -0.004155
  212    -0.000000,   -0.000000,    0.000001,   -0.000000,   -0.000001
  213     0.000000,   -0.000000,   -0.000000,    0.000000,   -0.000000
  214     0.000000,    0.000000,   -0.000000,    0.000001,    0.000001
  215     0.000000,   -0.000000,   -0.000000,    0.000000,   -0.000000
  216     0.000000,    0.000000,    0.000000,    0.000001,    0.000001
  217     0.000014,    0.000019,   -0.000024,    0.000026,    0.000066
  218    -0.000016,    0.000023,    0.000021,   -0.000015,    0.000026
  219    -0.000012,   -0.000017,    0.000009,   -0.000027,   -0.000057
  220    -0.000009,    0.000013,    0.000013,   -0.000010,    0.000011
  221    -0.000016,   -0.000024,   -0.000014,   -0.000043,   -0.000064
  222    -0.000098,   -0.000184,    0.000125,   -0.000241,   -0.000673
  223     0.000136,   -0.000202,   -0.000189,    0.000134,   -0.000219
  224     0.000080,    0.000152,   -0.000021,    0.000213,    0.000505
  225     0.000064,   -0.000094,   -0.000086,    0.000064,   -0.000115
  226     0.000101,    0.000200,    0.000158,    0.000309,    0.000530
  227    -0.000129,   -0.000217,    0.000115,   -0.000438,   -0.001015
  228     0.000084,   -0.000140,   -0.000119,    0.000078,   -0.000254
  229     0.000101,    0.000157,   -0.000037,    0.000329,    0.000697
  230     0.000023,   -0.000042,   -0.000027,    0.000019,   -0.000155
  231     0.000106,    0.000188,    0.000079,    0.000360,    0.000720
  232     0.000023,    0.000042,    0.000090,    0.000078,    0.000079
  233     0.000040,   -0.000062,   -0.000055,    0.000039,   -0.000095
  234     0.000051,    0.000082,   -0.000009,    0.000145,    0.000303
  235    -0.000041,    0.000063,    0.000056,   -0.000040,    0.000094
  236     0.000023,    0.000035,   -0.000030,    0.000062,    0.000150
  237    -0.000036,    0.000056,    0.000052,   -0.000035,    0.000062
  238     0.000066,    0.000115,   -0.000027,    0.000191,    0.000435
               185,         186,         187,         188,         189
    0    -0.000438,   -0.000061,   -0.000004,    0.000050,    0.000012
    1    -0.000745,   -0.000111,   -0.000009,    0.000094,   -0.000004
    2     0.000901,    0.000140,    0.000018,   -0.000152,    0.000099
    3     0.000527,    0.000163,    0.000132,   -0.000122,    0.000183
    4    -0.000102,   -0.000126,   -0.000368,    0.000208,   -0.000324
    5    -0.000081,   -0.000345,   -0.000023,    0.000143,   -0.000059
    6    -0.000596,   -0.000077,    0.000011,   -0.000010,    0.000063
    7    -0.000731,    0.000280,    0.000025,   -0.000036,   -0.000043
    8    -0.000161,   -0.000229,   -0.000081,    0.000156,   -0.000070
    9    -0.000110,   -0.000075,    0.000020,   -0.000057,    0.000040
   10    -0.000547,    0.000215,    0.000011,   -0.000017,   -0.000012
   11     0.000177,   -0.000052,    0.000074,   -0.000059,    0.000040
   12    -0.000156,    0.000022,    0.000087,   -0.000042,    0.000086
   13    -0.000150,    0.000076,    0.000006,   -0.000002,    0.000006
   14     0.000031,    0.000001,   -0.000008,   -0.000010,   -0.000019
   15     0.000033,    0.000018,    0.000003,    0.000001,    0.000004
   16    -0.000012,    0.000005,    0.000007,   -0.000002,    0.000014
   17     0.000025,   -0.000001,   -0.000001,    0.000003,    0.000004
   18     0.000012,   -0.000024,   -0.000009,   -0.000006,   -0.000027
   19     0.000016,   -0.000001,   -0.000007,   -0.000022,   -0.000031
   20     0.000131,    0.000031,    0.000003,    0.000009,    0.000016
   21     0.000169,   -0.000006,    0.000033,   -0.000046,    0.000025
   22     0.000066,   -0.000003,   -0.000001,    0.000003,    0.000003
   23    -0.000071,   -0.000027,   -0.000030,    0.000017,   -0.000053
   24    -0.000005,    0.000006,    0.000005,    0.000006,    0.000016
   25    -0.000019,   -0.000004,    0.000000,   -0.000002,   -0.000003
   26     0.000009,    0.000004,    0.000003,   -0.000002,    0.000004
   27     0.000020,    0.000003,   -0.000000,    0.000002,    0.000003
   28    -0.000007,   -0.000001,   -0.000002,   -0.000000,   -0.000006
   29     0.000017,   -0.000000,    0.000001,    0.000000,    0.000000
   30     0.000018,    0.000005,   -0.000000,   -0.000004,    0.000001
   31    -0.000183,    0.000162,    0.000032,   -0.000041,    0.000048
   32    -0.000341,    0.000182,    0.000024,   -0.000017,    0.000032
   33     0.000076,    0.000065,    0.000037,   -0.000014,    0.000043
   34    -0.000002,   -0.000000,    0.000001,    0.000001,    0.000001
   35     0.000009,   -0.000010,   -0.000001,    0.000004,   -0.000000
   36     0.000012,   -0.000011,   -0.000002,    0.000004,   -0.000004
   37    -0.000021,    0.000003,   -0.000003,    0.000002,    0.000010
   38     0.000030,   -0.000003,    0.000012,   -0.000007,    0.000020
   39     0.000027,   -0.000001,    0.000008,   -0.000002,    0.000009
   40     0.000000,   -0.000002,   -0.000000,   -0.000000,   -0.000003
   41     0.000001,    0.000001,   -0.000001,   -0.000001,   -0.000003
   42     0.000004,    0.000001,    0.000000,   -0.000001,    0.000002
   43     0.000002,    0.000000,   -0.000000,   -0.000001,   -0.000001
   44    -0.000001,   -0.000002,    0.000001,    0.000001,   -0.000000
   45     0.000163,   -0.000048,    0.000002,   -0.000016,    0.000073
   46    -0.000022,   -0.000033,   -0.000031,    0.000030,    0.000094
   47    -0.000095,   -0.000001,    0.000012,   -0.000003,    0.000061
   48     0.000004,   -0.000007,   -0.000000,    0.000001,    0.000002
   49    -0.000033,    0.000002,   -0.000000,    0.000002,   -0.000003
   50     0.000013,   -0.000001,    0.000000,   -0.000003,    0.000005
   51     0.000042,   -0.000013,    0.000003,   -0.000002,    0.000002
   52     0.000024,   -0.000006,    0.000019,   -0.000016,    0.000004
   53    -0.000036,    0.000011,   -0.000012,    0.000008,    0.000003
   54    -0.000007,    0.000001,   -0.000001,    0.000001,   -0.000001
   55    -0.000004,   -0.000000,    0.000002,    0.000000,    0.000001
   56    -0.000002,    0.000001,    0.000001,   -0.000001,    0.000001
   57    -0.000001,   -0.000002,   -0.000000,    0.000001,    0.000001
   58    -0.000008,   -0.000001,   -0.000000,    0.000001,   -0.000001
   59     0.000162,   -0.000136,   -0.000027,    0.000025,   -0.000057
   60     0.000445,   -0.000196,    0.000006,   -0.000058,   -0.000080
   61    -0.000022,   -0.000063,   -0.000035,    0.000012,   -0.000067
   62    -0.000020,    0.000010,    0.000000,   -0.000002,    0.000001
   63    -0.000005,   -0.000004,   -0.000001,   -0.000001,   -0.000003
   64    -0.000011,    0.000005,    0.000000,   -0.000000,   -0.000000
   65    -0.000114,    0.000012,   -0.000019,    0.000029,   -0.000006
   66    -0.000007,   -0.000005,   -0.000005,   -0.000004,   -0.000005
   67    -0.000032,    0.000009,   -0.000000,   -0.000001,   -0.000001
   68     0.000005,    0.000002,    0.000001,    0.000001,    0.000002
   69     0.000001,    0.000000,    0.000000,    0.000000,    0.000000
   70    -0.000002,    0.000001,   -0.000000,    0.000000,    0.000001
   71     0.000007,   -0.000002,    0.000000,    0.000000,    0.000000
   72     0.000006,   -0.000001,    0.000001,   -0.000001,    0.000001
   73    -0.000267,    0.000141,    0.000056,    0.000220,    0.000227
   74    -0.000647,    0.000237,    0.000104,    0.000377,    0.000386
   75     0.001354,   -0.000221,   -0.000125,   -0.000411,   -0.000372
   76     0.001843,   -0.000213,   -0.000433,   -0.000349,   -0.000442
   77     0.000430,    0.000175,    0.000700,   -0.000419,    0.000627
   78    -0.001804,    0.000653,    0.000171,    0.000855,    0.001040
   79     0.000295,    0.000080,   -0.000177,   -0.000157,   -0.000522
   80    -0.002788,   -0.000364,   -0.000040,   -0.000163,   -0.000288
   81    -0.001679,    0.000436,    0.000098,    0.000676,    0.000659
   82     0.000526,    0.000018,   -0.000093,   -0.000176,   -0.000372
   83    -0.001805,   -0.000236,   -0.000050,   -0.000091,   -0.000174
   84    -0.000657,    0.000098,   -0.000034,    0.000218,    0.000092
   85     0.000225,    0.000061,    0.000160,   -0.000179,    0.000070
   86    -0.000138,   -0.000088,   -0.000049,   -0.000001,   -0.000042
   87     0.000175,    0.000012,    0.000025,   -0.000037,    0.000032
   88     0.000095,    0.000010,    0.000007,    0.000000,    0.000001
   89    -0.000060,    0.000013,   -0.000003,    0.000027,    0.000034
   90    -0.000060,    0.000018,   -0.000019,    0.000013,    0.000017
   91     0.000031,   -0.000038,    0.000004,   -0.000028,   -0.000046
   92     0.000450,    0.000013,    0.000078,   -0.000085,    0.000093
   93     0.000088,   -0.000008,    0.000026,   -0.000019,   -0.000028
   94    -0.000273,    0.000033,   -0.000029,    0.000070,    0.000037
   95    -0.000102,    0.000064,   -0.000050,    0.000041,    0.000059
   96     0.000079,   -0.000049,    0.000048,   -0.000056,   -0.000026
   97    -0.000072,   -0.000006,   -0.000015,    0.000020,   -0.000018
   98    -0.000012,    0.000004,   -0.000001,    0.000000,    0.000001
   99     0.000005,   -0.000000,    0.000012,   -0.000004,    0.000010
  100     0.000015,    0.000007,   -0.000007,    0.000007,    0.000009
  101     0.000020,   -0.000008,    0.000000,   -0.000010,   -0.000011
  102     0.000005,   -0.000011,    0.000008,   -0.000007,   -0.000009
  103    -0.000055,    0.000008,    0.000000,    0.000016,    0.000013
  104     0.000899,    0.000121,    0.000041,    0.000131,    0.000219
  105     0.001150,    0.000153,    0.000131,    0.000138,    0.000311
  106     0.000588,   -0.000020,   -0.000001,    0.000084,   -0.000002
  107    -0.000068,    0.000002,    0.000003,    0.000009,    0.000003
  108     0.000067,    0.000011,    0.000002,    0.000005,    0.000012
  109     0.000046,    0.000009,    0.000004,    0.000010,    0.000022
  110    -0.000188,    0.000014,   -0.000021,    0.000033,    0.000001
  111     0.000080,    0.000012,    0.000003,    0.000001,    0.000007
  112     0.000094,    0.000009,    0.000036,   -0.000010,    0.000050
  113    -0.000009,    0.000000,   -0.000000,    0.000002,    0.000002
  114     0.000012,    0.000002,    0.000001,    0.000002,    0.000002
  115    -0.000011,    0.000000,    0.000003,    0.000001,    0.000005
  116    -0.000026,    0.000003,   -0.000003,    0.000007,    0.000001
  117    -0.000000,   -0.000002,    0.000001,   -0.000002,   -0.000000
  118    -0.001157,   -0.000084,   -0.000030,    0.000056,    0.000078
  119    -0.001477,   -0.000112,    0.000077,    0.000019,    0.000111
  120    -0.000954,    0.000020,   -0.000047,    0.000082,    0.000035
  121    -0.000004,    0.000016,    0.000001,    0.000016,    0.000015
  122    -0.000065,   -0.000005,   -0.000000,   -0.000002,   -0.000002
  123     0.000064,    0.000004,   -0.000001,   -0.000005,   -0.000012
  124    -0.000002,    0.000022,   -0.000031,    0.000047,    0.000014
  125    -0.000052,   -0.000014,    0.000011,   -0.000016,   -0.000019
  126    -0.000017,    0.000009,   -0.000051,    0.000027,   -0.000027
  127     0.000004,    0.000004,   -0.000001,    0.000004,    0.000005
  128     0.000015,    0.000000,   -0.000001,   -0.000000,    0.000000
  129     0.000003,    0.000002,    0.000002,    0.000003,    0.000007
  130     0.000010,   -0.000005,    0.000004,   -0.000009,   -0.000004
  131     0.000006,   -0.000002,    0.000003,   -0.000002,    0.000000
  132     0.008257,    0.000633,   -0.001344,   -0.000963,    0.000913
  133     0.012496,    0.000916,   -0.002030,   -0.001425,    0.001360
  134    -0.007533,   -0.000377,    0.001225,    0.000720,   -0.000717
  135    -0.006829,   -0.000320,    0.001160,    0.000689,   -0.000565
  136    -0.001766,   -0.000078,   -0.000616,    0.000623,   -0.000532
  137     0.004884,   -0.000638,   -0.000873,   -0.001058,   -0.001074
  138    -0.006907,   -0.000070,   -0.000900,    0.001760,   -0.001041
  139     0.000288,   -0.000966,    0.000772,   -0.000677,   -0.000950
  140     0.002636,   -0.000427,   -0.000518,   -0.000617,   -0.000736
  141    -0.004412,   -0.000034,   -0.000689,    0.001185,   -0.000697
  142     0.000487,   -0.000694,    0.000540,   -0.000470,   -0.000671
  143     0.000677,   -0.000122,   -0.000204,   -0.000085,   -0.000224
  144    -0.001079,   -0.000009,   -0.000075,    0.000277,   -0.000109
  145    -0.000091,   -0.000170,    0.000174,   -0.000143,   -0.000182
  146     0.000131,    0.000011,    0.000007,   -0.000035,    0.000013
  147     0.000129,   -0.000043,    0.000026,   -0.000022,   -0.000037
  148    -0.000290,    0.000013,    0.000003,    0.000072,    0.000005
  149    -0.000045,    0.000008,   -0.000017,    0.000010,    0.000011
  150     0.000116,   -0.000024,   -0.000017,   -0.000050,   -0.000047
  151    -0.000154,    0.000020,   -0.000013,    0.000020,   -0.000019
  152     0.000452,   -0.000053,    0.000011,   -0.000008,   -0.000033
  153    -0.000022,    0.000018,   -0.000005,    0.000039,    0.000034
  154    -0.000199,    0.000010,   -0.000026,    0.000011,    0.000013
  155    -0.000162,   -0.000010,    0.000016,   -0.000027,   -0.000043
  156    -0.000010,    0.000001,   -0.000010,    0.000011,   -0.000008
  157    -0.000033,    0.000006,   -0.000001,    0.000001,    0.000004
  158    -0.000044,   -0.000002,    0.000003,    0.000008,   -0.000004
  159     0.000054,    0.000001,   -0.000002,    0.000003,    0.000003
  160     0.000018,    0.000008,    0.000006,   -0.000001,    0.000017
  161    -0.000008,   -0.000008,    0.000001,   -0.000003,   -0.000006
  162    -0.000049,   -0.000010,    0.000002,   -0.000001,   -0.000023
  163    -0.004057,    0.000342,   -0.000087,    0.000931,    0.000134
  164    -0.004627,    0.000383,   -0.000074,    0.001084,    0.000162
  165    -0.001448,    0.000138,   -0.000004,    0.000257,    0.000106
  166    -0.000092,    0.000006,   -0.000017,    0.000025,   -0.000011
  167     0.000119,   -0.000021,   -0.000012,   -0.000027,   -0.000024
  168    -0.000396,    0.000019,    0.000006,    0.000083,   -0.000001
  169    -0.000086,   -0.000007,   -0.000036,    0.000025,   -0.000040
  170    -0.000067,   -0.000010,   -0.000071,    0.000016,   -0.000049
  171    -0.000432,   -0.000008,    0.000036,    0.000091,   -0.000031
  172     0.000008,   -0.000000,    0.000002,   -0.000002,    0.000002
  173     0.000036,   -0.000002,   -0.000013,   -0.000003,   -0.000006
  174    -0.000091,   -0.000002,    0.000003,    0.000016,   -0.000007
  175    -0.000031,   -0.000002,   -0.000006,    0.000007,   -0.000010
  176    -0.000007,   -0.000001,   -0.000010,    0.000002,   -0.000008
  177    -0.003429,   -0.000360,    0.000472,    0.000451,   -0.000552
  178    -0.004217,   -0.000405,    0.000573,    0.000524,   -0.000623
  179    -0.000507,   -0.000137,    0.000177,    0.000108,   -0.000142
  180    -0.000082,   -0.000027,    0.000006,    0.000004,   -0.000042
  181     0.000119,    0.000018,   -0.000045,    0.000002,    0.000015
  182     0.000367,    0.000021,   -0.000038,   -0.000055,    0.000040
  183    -0.000083,   -0.000041,   -0.000012,    0.000002,   -0.000075
  184     0.000191,    0.000003,   -0.000102,    0.000043,   -0.000025
  185     0.000643,    0.000002,   -0.000044,   -0.000081,    0.000035
  186     0.000002,    0.000007,   -0.000002,    0.000002,    0.000008
  187    -0.000044,   -0.000002,    0.000017,   -0.000000,    0.000001
  188    -0.000081,    0.000002,   -0.000000,    0.000020,   -0.000003
  189     0.000035,    0.000008,    0.000001,   -0.000003,    0.000016
  190     0.000011,   -0.000003,   -0.000011,    0.000003,   -0.000009
  191    -0.000000,   -0.000000,   -0.000000,    0.000000,   -0.000000
  192    -0.000003,    0.000000,    0.000001,   -0.000000,    0.000000
  193     0.000024,    0.000003,    0.000032,   -0.000019,    0.000022
  194     0.000349,    0.000029,    0.000301,   -0.000204,    0.000218
  195    -0.000926,   -0.000087,   -0.000977,    0.000610,   -0.000678
  196    -0.000024,   -0.000022,   -0.000095,    0.000065,   -0.000081
  197     0.000018,   -0.000001,    0.000001,   -0.000001,    0.000001
  198     0.000000,    0.000002,    0.000008,   -0.000004,    0.000005
  199    -0.000032,    0.000002,    0.000002,   -0.000001,    0.000000
  200    -0.000419,    0.000031,   -0.000034,    0.000024,   -0.000030
  201    -0.000011,   -0.000047,   -0.000177,    0.000105,   -0.000126
  202     0.000744,   -0.000053,   -0.000042,    0.000030,   -0.000007
  203     0.002136,   -0.000161,    0.000150,   -0.000106,    0.000142
  204     0.000063,    0.000241,    0.000870,   -0.000530,    0.000625
  205    -0.003871,    0.000280,    0.000214,   -0.000154,    0.000044
  206     0.004116,   -0.000292,    0.000340,   -0.000258,    0.000312
  207     0.000354,    0.000457,    0.001716,   -0.001058,    0.001244
  208    -0.007080,    0.000504,    0.000397,   -0.000287,    0.000073
  209     0.001458,   -0.000110,    0.000069,   -0.000015,    0.000098
  210     0.000292,    0.000165,    0.000543,   -0.000417,    0.000416
  211    -0.003071,    0.000266,    0.000130,   -0.000088,    0.000080
  212     0.000001,   -0.000000,    0.000000,   -0.000000,    0.000000
  213    -0.000000,   -0.000000,    0.000000,   -0.000000,   -0.000000
  214    -0.000000,   -0.000000,   -0.000000,    0.000000,   -0.000000
  215     0.000000,   -0.000000,    0.000000,   -0.000000,   -0.000000
  216     0.000000,   -0.000000,   -0.000000,    0.000000,   -0.000000
  217    -0.000028,    0.000001,   -0.000010,    0.000009,   -0.000006
  218     0.000009,    0.000003,   -0.000003,    0.000003,    0.000003
  219     0.000010,    0.000000,    0.000009,   -0.000005,    0.000005
  220     0.000002,    0.000002,   -0.000002,    0.000001,    0.000002
  221    -0.000025,    0.000004,    0.000011,    0.000001,    0.000008
  222     0.000158,   -0.000005,    0.000098,   -0.000068,    0.000049
  223    -0.000073,   -0.000022,    0.000028,   -0.000023,   -0.000027
  224    -0.000016,   -0.000004,   -0.000077,    0.000032,   -0.000042
  225    -0.000045,   -0.000011,    0.000013,   -0.000011,   -0.000013
  226     0.000240,   -0.000026,   -0.000090,   -0.000012,   -0.000055
  227     0.000240,    0.000005,    0.000127,   -0.000092,    0.000084
  228    -0.000125,   -0.000010,    0.000023,   -0.000019,   -0.000018
  229    -0.000085,   -0.000012,   -0.000089,    0.000050,   -0.000063
  230    -0.000100,   -0.000003,    0.000009,   -0.000009,   -0.000007
  231     0.000122,   -0.000027,   -0.000099,    0.000022,   -0.000065
  232     0.000137,   -0.000013,   -0.000016,   -0.000019,   -0.000013
  233    -0.000044,   -0.000006,    0.000009,   -0.000008,   -0.000008
  234    -0.000011,   -0.000006,   -0.000043,    0.000019,   -0.000028
  235     0.000043,    0.000006,   -0.000010,    0.000008,    0.000009
  236    -0.000047,    0.000000,   -0.000020,    0.000016,   -0.000013
  237     0.000020,    0.000005,   -0.000008,    0.000006,    0.000007
  238    -0.000037,   -0.000006,   -0.000061,    0.000031,   -0.000036
               190,         191,         192,         193,         194
    0    -0.000034,   -0.000001,   -0.000007,   -0.000010,    0.000143
    1    -0.000038,   -0.000001,   -0.000011,   -0.000010,    0.000273
    2    -0.000037,    0.000002,    0.000011,   -0.000200,   -0.002361
    3    -0.000157,   -0.000009,    0.000009,    0.001604,    0.016385
    4     0.000373,    0.000033,   -0.000002,   -0.005243,   -0.054245
    5    -0.000018,    0.000000,    0.000023,    0.000308,    0.002217
    6    -0.000021,   -0.000003,   -0.000014,    0.000170,    0.002322
    7     0.000163,    0.000000,    0.000000,    0.000000,   -0.000000
    8     0.000045,    0.000002,    0.000010,   -0.000109,   -0.001665
    9    -0.000030,   -0.000002,   -0.000006,    0.000147,    0.001854
   10     0.000097,    0.000000,   -0.000000,   -0.000000,   -0.000000
   11    -0.000079,   -0.000009,    0.000004,    0.001473,    0.015078
   12    -0.000083,   -0.000008,   -0.000002,    0.001164,    0.012147
   13     0.000014,   -0.000000,    0.000000,    0.000000,    0.000000
   14     0.000015,    0.000000,   -0.000001,   -0.000013,   -0.000130
   15     0.000001,    0.000000,    0.000000,    0.000000,   -0.000000
   16    -0.000010,   -0.000000,   -0.000000,    0.000013,    0.000153
   17    -0.000005,   -0.000000,   -0.000000,    0.000000,    0.000000
   18     0.000014,    0.000000,    0.000001,   -0.000005,   -0.000083
   19     0.000022,    0.000000,   -0.000001,   -0.000007,   -0.000080
   20    -0.000006,    0.000000,   -0.000000,   -0.000000,   -0.000000
   21    -0.000038,   -0.000001,    0.000003,    0.000138,    0.001390
   22    -0.000003,   -0.000000,    0.000000,    0.000000,    0.000000
   23     0.000039,    0.000000,   -0.000001,   -0.000074,   -0.000765
   24    -0.000010,   -0.000000,    0.000000,    0.000012,    0.000127
   25     0.000002,   -0.000000,   -0.000000,    0.000000,    0.000000
   26    -0.000004,   -0.000000,    0.000000,    0.000032,    0.000326
   27    -0.000002,    0.000000,    0.000000,   -0.000000,   -0.000000
   28     0.000004,    0.000000,   -0.000000,   -0.000014,   -0.000145
   29    -0.000002,    0.000000,    0.000000,    0.000000,    0.000000
   30    -0.000000,   -0.000000,   -0.000000,    0.000022,    0.000225
   31     0.000029,   -0.000000,   -0.000003,    0.000009,    0.000274
   32     0.000068,    0.000000,   -0.000007,   -0.000164,   -0.001424
   33    -0.000009,   -0.000002,   -0.000002,    0.000325,    0.003460
   34     0.000000,   -0.000000,    0.000000,    0.000005,    0.000040
   35    -0.000003,    0.000000,    0.000000,   -0.000005,   -0.000051
   36    -0.000002,   -0.000000,    0.000000,    0.000006,    0.000048
   37    -0.000004,    0.000000,    0.000001,   -0.000023,   -0.000259
   38    -0.000026,   -0.000001,    0.000001,    0.000170,    0.001746
   39    -0.000016,   -0.000001,    0.000001,    0.000110,    0.001111
   40     0.000002,    0.000000,   -0.000000,   -0.000005,   -0.000048
   41     0.000003,    0.000000,   -0.000000,   -0.000017,   -0.000170
   42    -0.000001,   -0.000000,   -0.000000,    0.000001,    0.000011
   43     0.000001,   -0.000000,   -0.000000,    0.000001,    0.000015
   44    -0.000001,   -0.000000,   -0.000000,    0.000007,    0.000069
   45    -0.000076,   -0.000000,   -0.000003,    0.000009,    0.000274
   46    -0.000072,    0.000000,   -0.000007,   -0.000164,   -0.001424
   47    -0.000057,   -0.000002,   -0.000002,    0.000325,    0.003460
   48    -0.000003,   -0.000000,    0.000000,    0.000005,    0.000040
   49     0.000005,    0.000000,    0.000000,   -0.000005,   -0.000051
   50    -0.000004,    0.000000,   -0.000000,   -0.000006,   -0.000048
   51    -0.000003,    0.000000,    0.000001,   -0.000023,   -0.000259
   52    -0.000009,   -0.000001,    0.000001,    0.000170,    0.001746
   53     0.000006,    0.000001,   -0.000001,   -0.000110,   -0.001111
   54     0.000002,    0.000000,   -0.000000,   -0.000005,   -0.000048
   55    -0.000001,   -0.000000,    0.000000,    0.000017,    0.000170
   56    -0.000000,   -0.000000,   -0.000000,    0.000001,    0.000011
   57    -0.000001,    0.000000,    0.000000,   -0.000001,   -0.000015
   58     0.000001,   -0.000000,   -0.000000,    0.000007,    0.000069
   59     0.000020,    0.000001,    0.000011,    0.000071,    0.000246
   60    -0.000000,    0.000001,    0.000019,    0.000154,    0.000893
   61     0.000047,    0.000001,    0.000002,   -0.000091,   -0.001084
   62     0.000001,   -0.000000,   -0.000001,   -0.000007,   -0.000027
   63     0.000002,   -0.000000,   -0.000000,    0.000007,    0.000080
   64     0.000002,   -0.000000,    0.000000,    0.000000,    0.000000
   65     0.000017,   -0.000000,   -0.000003,   -0.000005,    0.000041
   66     0.000006,    0.000000,   -0.000000,   -0.000045,   -0.000456
   67     0.000004,    0.000000,    0.000000,   -0.000000,   -0.000000
   68    -0.000002,    0.000000,    0.000000,   -0.000001,   -0.000011
   69    -0.000000,    0.000000,    0.000000,    0.000000,    0.000000
   70    -0.000000,   -0.000000,   -0.000000,    0.000004,    0.000044
   71    -0.000001,   -0.000000,    0.000000,    0.000000,    0.000000
   72    -0.000001,    0.000000,    0.000000,   -0.000001,   -0.000019
   73    -0.000196,    0.000000,   -0.000001,   -0.000057,   -0.000525
   74    -0.000343,    0.000001,    0.000001,   -0.000107,   -0.001056
   75     0.000380,   -0.000003,   -0.000010,    0.000379,    0.004122
   76     0.000581,    0.000014,   -0.000025,   -0.002512,   -0.025418
   77    -0.000711,   -0.000045,    0.000022,    0.007370,    0.075866
   78    -0.000509,    0.000000,   -0.000012,   -0.000255,   -0.002009
   79     0.000317,    0.000004,   -0.000004,   -0.000631,   -0.006714
   80     0.000188,   -0.000000,   -0.000000,   -0.000000,    0.000000
   81    -0.000309,    0.000004,   -0.000005,   -0.000779,   -0.007747
   82     0.000199,    0.000000,   -0.000001,   -0.000007,   -0.000213
   83     0.000135,   -0.000000,   -0.000000,   -0.000000,    0.000000
   84     0.000001,    0.000004,   -0.000004,   -0.000718,   -0.007336
   85    -0.000135,   -0.000013,    0.000005,    0.002091,    0.021473
   86     0.000094,    0.000000,   -0.000000,   -0.000000,   -0.000000
   87    -0.000035,    0.000000,    0.000003,    0.000036,    0.000296
   88    -0.000001,    0.000000,    0.000000,   -0.000000,   -0.000000
   89    -0.000010,    0.000000,   -0.000002,   -0.000036,   -0.000317
   90     0.000003,   -0.000000,   -0.000000,   -0.000000,    0.000000
   91     0.000014,   -0.000000,    0.000002,    0.000058,    0.000520
   92    -0.000106,   -0.000000,    0.000011,    0.000182,    0.001659
   93     0.000014,    0.000000,    0.000000,    0.000000,    0.000000
   94     0.000012,    0.000001,   -0.000005,   -0.000249,   -0.002461
   95    -0.000003,   -0.000000,   -0.000000,   -0.000000,    0.000000
   96    -0.000025,   -0.000003,    0.000005,    0.000501,    0.005040
   97     0.000019,    0.000000,   -0.000001,   -0.000043,   -0.000421
   98     0.000001,    0.000000,    0.000000,   -0.000000,   -0.000000
   99    -0.000015,   -0.000000,    0.000001,    0.000079,    0.000803
  100    -0.000002,   -0.000000,   -0.000000,   -0.000000,   -0.000000
  101     0.000005,   -0.000000,   -0.000000,    0.000031,    0.000324
  102    -0.000001,    0.000000,    0.000000,   -0.000000,   -0.000000
  103    -0.000007,   -0.000000,   -0.000000,    0.000020,    0.000220
  104    -0.000079,   -0.000001,   -0.000006,    0.000030,    0.000546
  105    -0.000174,   -0.000007,   -0.000003,    0.001088,    0.011478
  106     0.000063,   -0.000001,   -0.000006,    0.000117,    0.001412
  107    -0.000003,   -0.000000,   -0.000000,    0.000019,    0.000207
  108    -0.000005,   -0.000000,   -0.000000,    0.000022,    0.000238
  109    -0.000009,   -0.000000,   -0.000000,    0.000009,    0.000108
  110     0.000011,    0.000002,   -0.000001,   -0.000358,   -0.003685
  111    -0.000006,   -0.000000,    0.000000,    0.000076,    0.000774
  112    -0.000045,   -0.000003,    0.000001,    0.000491,    0.005069
  113    -0.000001,    0.000000,   -0.000000,   -0.000013,   -0.000128
  114    -0.000001,   -0.000000,   -0.000000,    0.000011,    0.000117
  115    -0.000003,   -0.000000,   -0.000000,    0.000026,    0.000272
  116     0.000001,    0.000000,   -0.000000,   -0.000042,   -0.000431
  117    -0.000001,   -0.000000,    0.000000,    0.000015,    0.000156
  118     0.000026,   -0.000001,   -0.000006,    0.000030,    0.000546
  119    -0.000061,   -0.000007,   -0.000003,    0.001088,    0.011478
  120    -0.000025,   -0.000001,   -0.000006,    0.000117,    0.001412
  121    -0.000008,   -0.000000,   -0.000000,    0.000019,    0.000207
  122     0.000004,   -0.000000,   -0.000000,    0.000022,    0.000238
  123     0.000002,    0.000000,    0.000000,   -0.000009,   -0.000108
  124     0.000021,    0.000002,   -0.000001,   -0.000358,   -0.003685
  125     0.000006,   -0.000000,    0.000000,    0.000076,    0.000774
  126     0.000042,    0.000003,   -0.000001,   -0.000491,   -0.005069
  127    -0.000002,    0.000000,   -0.000000,   -0.000013,   -0.000128
  128    -0.000000,    0.000000,    0.000000,   -0.000011,   -0.000117
  129    -0.000004,   -0.000000,   -0.000000,    0.000026,    0.000272
  130    -0.000001,   -0.000000,    0.000000,    0.000042,    0.000431
  131    -0.000003,   -0.000000,    0.000000,    0.000015,    0.000156
  132     0.000322,    0.000000,   -0.000022,   -0.000345,   -0.003255
  133     0.000502,   -0.000001,   -0.000068,   -0.000843,   -0.007149
  134    -0.000382,    0.000002,    0.000183,    0.002513,    0.020596
  135    -0.000427,    0.000007,    0.000166,    0.001402,    0.009702
  136     0.000666,    0.000057,    0.000002,   -0.008890,   -0.092351
  137     0.000973,   -0.000004,   -0.000076,   -0.000527,   -0.003662
  138     0.001185,   -0.000008,   -0.000122,   -0.000492,   -0.002527
  139     0.000042,    0.000000,    0.000000,    0.000000,   -0.000000
  140     0.000624,   -0.000006,   -0.000050,    0.000221,    0.003449
  141     0.000846,   -0.000013,   -0.000097,    0.000595,    0.008258
  142     0.000051,    0.000000,    0.000000,   -0.000000,   -0.000000
  143     0.000212,   -0.000001,   -0.000018,   -0.000136,   -0.000968
  144     0.000114,   -0.000018,   -0.000029,    0.002321,    0.024738
  145    -0.000034,   -0.000000,    0.000000,    0.000000,    0.000000
  146    -0.000012,    0.000002,    0.000003,   -0.000239,   -0.002535
  147     0.000014,    0.000000,    0.000000,   -0.000000,   -0.000000
  148    -0.000001,   -0.000001,   -0.000001,    0.000159,    0.001670
  149     0.000007,   -0.000000,   -0.000000,   -0.000000,    0.000000
  150     0.000034,   -0.000001,   -0.000002,    0.000138,    0.001455
  151     0.000023,    0.000006,    0.000003,   -0.000828,   -0.008665
  152     0.000047,    0.000000,   -0.000000,   -0.000000,   -0.000000
  153    -0.000015,   -0.000003,   -0.000003,    0.000467,    0.004917
  154     0.000008,   -0.000000,    0.000000,    0.000000,    0.000000
  155     0.000021,   -0.000002,   -0.000001,    0.000335,    0.003433
  156     0.000009,    0.000000,   -0.000001,   -0.000028,   -0.000267
  157    -0.000005,   -0.000000,    0.000000,    0.000000,    0.000000
  158     0.000000,    0.000001,    0.000002,   -0.000061,   -0.000683
  159     0.000003,    0.000000,    0.000000,   -0.000000,   -0.000000
  160    -0.000011,   -0.000000,   -0.000001,    0.000046,    0.000498
  161     0.000005,   -0.000000,    0.000000,    0.000000,    0.000000
  162     0.000010,    0.000001,    0.000002,   -0.000067,   -0.000746
  163    -0.000001,   -0.000001,    0.000021,    0.000440,    0.003800
  164    -0.000007,   -0.000003,    0.000018,    0.000792,    0.007513
  165    -0.000080,   -0.000005,    0.000002,    0.000766,    0.007836
  166     0.000015,   -0.000000,   -0.000001,    0.000018,    0.000184
  167     0.000019,   -0.000000,   -0.000003,   -0.000035,   -0.000277
  168    -0.000001,   -0.000000,    0.000002,    0.000068,    0.000634
  169     0.000039,    0.000001,   -0.000002,   -0.000148,   -0.001492
  170     0.000057,    0.000002,   -0.000007,   -0.000396,   -0.003929
  171     0.000007,    0.000000,    0.000003,   -0.000024,   -0.000349
  172    -0.000001,   -0.000000,    0.000000,    0.000003,    0.000029
  173     0.000010,    0.000000,   -0.000001,   -0.000032,   -0.000301
  174     0.000002,    0.000000,   -0.000000,   -0.000019,   -0.000204
  175     0.000008,    0.000000,   -0.000000,   -0.000022,   -0.000218
  176     0.000009,    0.000000,   -0.000001,   -0.000031,   -0.000299
  177     0.000053,   -0.000001,    0.000021,    0.000440,    0.003800
  178     0.000033,   -0.000003,    0.000018,    0.000792,    0.007513
  179     0.000012,   -0.000005,    0.000002,    0.000766,    0.007836
  180     0.000019,   -0.000000,   -0.000001,    0.000018,    0.000184
  181     0.000019,   -0.000000,   -0.000003,   -0.000035,   -0.000277
  182    -0.000002,    0.000000,   -0.000002,   -0.000068,   -0.000634
  183     0.000047,    0.000001,   -0.000002,   -0.000148,   -0.001492
  184     0.000086,    0.000002,   -0.000007,   -0.000396,   -0.003929
  185     0.000011,   -0.000000,   -0.000003,    0.000024,    0.000349
  186    -0.000003,   -0.000000,    0.000000,    0.000003,    0.000029
  187    -0.000011,   -0.000000,    0.000001,    0.000032,    0.000301
  188     0.000003,    0.000000,   -0.000000,   -0.000019,   -0.000204
  189    -0.000009,   -0.000000,    0.000000,    0.000022,    0.000218
  190     0.000013,    0.000000,   -0.000001,   -0.000031,   -0.000299
  191     0.000000,    0.000000,    0.000000,   -0.000015,   -0.000161
  192    -0.000001,    0.000000,    0.000000,   -0.000014,   -0.000153
  193    -0.000031,   -0.000015,   -0.000014,    0.002195,    0.023097
  194    -0.000299,   -0.000161,   -0.000153,    0.023097,    0.243203
  195     0.000957,    0.000443,    0.000402,   -0.063681,   -0.670013
  196     0.000093,    0.000106,    0.000115,   -0.015032,   -0.158650
  197    -0.000003,   -0.000000,    0.000000,    0.000008,    0.000079
  198    -0.000007,   -0.000000,    0.000001,    0.000015,    0.000134
  199    -0.000004,   -0.000000,   -0.000000,   -0.000000,    0.000000
  200     0.000062,    0.000001,   -0.000006,   -0.000188,   -0.001894
  201     0.000165,    0.000000,   -0.000019,   -0.000358,   -0.003215
  202     0.000104,    0.000000,    0.000000,    0.000000,   -0.000000
  203    -0.000296,   -0.000003,    0.000027,    0.000817,    0.008220
  204    -0.000810,   -0.000001,    0.000094,    0.001566,    0.013782
  205    -0.000540,   -0.000000,   -0.000000,   -0.000000,    0.000000
  206    -0.000614,   -0.000012,    0.000050,    0.002609,    0.026580
  207    -0.001614,   -0.000014,    0.000174,    0.004869,    0.045971
  208    -0.000985,   -0.000000,   -0.000000,   -0.000000,    0.000000
  209    -0.000188,   -0.000014,    0.000000,    0.002182,    0.022920
  210    -0.000513,   -0.000021,    0.000035,    0.003798,    0.038430
  211    -0.000425,   -0.000000,   -0.000000,   -0.000000,   -0.000000
  212    -0.000000,    0.000000,    0.000000,   -0.000003,   -0.000029
  213    -0.000000,   -0.000000,    0.000000,    0.000000,    0.000000
  214     0.000000,   -0.000000,   -0.000000,    0.000001,    0.000015
  215    -0.000000,   -0.000000,    0.000000,    0.000000,    0.000000
  216     0.000000,   -0.000000,   -0.000000,    0.000001,    0.000008
  217     0.000010,   -0.000001,   -0.000002,    0.000106,    0.001160
  218     0.000001,    0.000000,   -0.000000,   -0.000000,   -0.000000
  219    -0.000009,    0.000001,    0.000002,   -0.000060,   -0.000667
  220     0.000000,    0.000000,   -0.000000,   -0.000000,   -0.000000
  221    -0.000010,    0.000000,    0.000002,   -0.000042,   -0.000473
  222    -0.000092,    0.000004,    0.000017,   -0.000307,   -0.003597
  223    -0.000011,   -0.000000,    0.000000,    0.000000,    0.000000
  224     0.000071,   -0.000002,   -0.000012,    0.000181,    0.002175
  225    -0.000006,   -0.000000,    0.000000,    0.000000,    0.000000
  226     0.000078,   -0.000002,   -0.000012,    0.000128,    0.001642
  227    -0.000129,   -0.000008,    0.000007,    0.001290,    0.013204
  228    -0.000017,    0.000000,   -0.000000,   -0.000000,   -0.000000
  229     0.000089,    0.000005,   -0.000005,   -0.000841,   -0.008594
  230    -0.000011,    0.000000,   -0.000000,   -0.000000,   -0.000000
  231     0.000089,    0.000004,   -0.000006,   -0.000768,   -0.007789
  232     0.000012,    0.000000,   -0.000001,   -0.000025,   -0.000218
  233    -0.000006,   -0.000000,   -0.000000,   -0.000000,   -0.000000
  234     0.000041,    0.000000,   -0.000005,   -0.000093,   -0.000842
  235     0.000005,    0.000000,    0.000000,   -0.000000,   -0.000000
  236     0.000020,    0.000000,   -0.000003,   -0.000042,   -0.000377
  237     0.000004,   -0.000000,   -0.000000,   -0.000000,   -0.000000
  238     0.000058,    0.000000,   -0.000007,   -0.000138,   -0.001254
               195,         196,         197,         198,         199
    0    -0.000043,   -0.000693,   -0.000024,   -0.000020,   -0.000000
    1    -0.000106,   -0.001075,   -0.000054,   -0.000045,   -0.000000
    2     0.005553,    0.002166,    0.000115,    0.000085,    0.000000
    3    -0.047033,   -0.009578,    0.000103,    0.000150,   -0.000000
    4     0.153094,    0.033218,    0.000138,   -0.000368,   -0.000000
    5    -0.006167,   -0.002020,   -0.000126,   -0.000120,   -0.000000
    6    -0.005673,   -0.004256,   -0.000171,   -0.000087,   -0.000000
    7     0.000000,   -0.000000,   -0.000000,    0.000000,    0.000024
    8     0.005331,    0.000117,   -0.000083,   -0.000134,    0.000000
    9    -0.005229,   -0.002077,   -0.000028,   -0.000069,    0.000000
   10     0.000000,   -0.000000,   -0.000000,   -0.000000,    0.000052
   11    -0.042466,   -0.009223,   -0.000031,    0.000057,    0.000000
   12    -0.034058,   -0.008126,   -0.000093,    0.000079,    0.000000
   13    -0.000000,   -0.000000,   -0.000000,    0.000000,    0.000042
   14     0.000459,    0.000067,   -0.000004,    0.000003,    0.000000
   15     0.000000,   -0.000000,   -0.000000,   -0.000000,    0.000005
   16    -0.000494,   -0.000095,    0.000003,    0.000001,    0.000000
   17    -0.000000,    0.000000,    0.000000,    0.000000,    0.000002
   18     0.000321,   -0.000041,   -0.000008,   -0.000009,   -0.000000
   19     0.000396,   -0.000122,   -0.000030,    0.000014,   -0.000000
   20     0.000000,   -0.000000,   -0.000000,   -0.000000,    0.000007
   21    -0.004420,   -0.000298,    0.000040,    0.000014,    0.000000
   22    -0.000000,   -0.000000,    0.000000,    0.000000,   -0.000008
   23     0.002471,    0.000190,   -0.000002,   -0.000032,    0.000000
   24    -0.000420,   -0.000025,    0.000004,    0.000002,    0.000000
   25    -0.000000,    0.000000,    0.000000,    0.000000,   -0.000002
   26    -0.000942,   -0.000172,    0.000003,    0.000004,   -0.000000
   27     0.000000,   -0.000000,    0.000000,   -0.000000,    0.000001
   28     0.000431,    0.000074,   -0.000002,   -0.000000,   -0.000000
   29    -0.000000,   -0.000000,    0.000000,    0.000000,    0.000001
   30    -0.000622,   -0.000138,   -0.000000,    0.000004,   -0.000000
   31    -0.000853,   -0.000566,    0.000004,    0.000009,    0.000010
   32     0.004302,   -0.000089,   -0.000039,   -0.000000,   -0.000008
   33    -0.009754,   -0.002232,    0.000002,    0.000017,   -0.000022
   34    -0.000113,   -0.000047,   -0.000002,   -0.000001,    0.000000
   35     0.000157,    0.000018,   -0.000002,   -0.000002,   -0.000000
   36    -0.000134,    0.000016,    0.000001,   -0.000000,   -0.000001
   37     0.000713,    0.000114,   -0.000010,    0.000001,    0.000007
   38    -0.005029,   -0.000959,    0.000006,    0.000008,    0.000011
   39    -0.003253,   -0.000471,    0.000015,    0.000004,    0.000009
   40     0.000144,    0.000026,    0.000000,   -0.000001,   -0.000001
   41     0.000488,    0.000098,   -0.000000,   -0.000000,   -0.000001
   42    -0.000033,   -0.000016,   -0.000001,    0.000000,    0.000000
   43    -0.000042,    0.000001,    0.000001,    0.000001,   -0.000000
   44    -0.000186,   -0.000055,   -0.000001,   -0.000000,    0.000001
   45    -0.000853,   -0.000566,    0.000004,    0.000009,   -0.000010
   46     0.004302,   -0.000089,   -0.000039,   -0.000000,    0.000008
   47    -0.009754,   -0.002232,    0.000002,    0.000017,    0.000022
   48    -0.000113,   -0.000047,   -0.000002,   -0.000001,   -0.000000
   49     0.000157,    0.000018,   -0.000002,   -0.000002,    0.000000
   50     0.000134,   -0.000016,   -0.000001,    0.000000,   -0.000001
   51     0.000713,    0.000114,   -0.000010,    0.000001,   -0.000007
   52    -0.005029,   -0.000959,    0.000006,    0.000008,   -0.000011
   53     0.003253,    0.000471,   -0.000015,   -0.000004,    0.000009
   54     0.000144,    0.000026,    0.000000,   -0.000001,    0.000001
   55    -0.000488,   -0.000098,    0.000000,    0.000000,   -0.000001
   56    -0.000033,   -0.000016,   -0.000001,    0.000000,   -0.000000
   57     0.000042,   -0.000001,   -0.000001,   -0.000001,   -0.000000
   58    -0.000186,   -0.000055,   -0.000001,   -0.000000,   -0.000001
   59    -0.000634,   -0.000384,   -0.000037,   -0.000043,   -0.000000
   60    -0.003005,   -0.000214,   -0.000046,   -0.000015,    0.000000
   61     0.003478,    0.000147,   -0.000060,   -0.000022,    0.000000
   62     0.000109,    0.000002,    0.000001,    0.000002,   -0.000000
   63    -0.000197,   -0.000104,   -0.000004,   -0.000002,    0.000000
   64    -0.000000,   -0.000000,   -0.000000,    0.000000,    0.000001
   65     0.000205,   -0.000327,   -0.000006,   -0.000015,   -0.000000
   66     0.001360,    0.000127,   -0.000016,   -0.000002,   -0.000000
   67     0.000000,   -0.000000,    0.000000,   -0.000000,    0.000002
   68     0.000012,    0.000044,    0.000003,    0.000001,    0.000000
   69    -0.000000,   -0.000000,    0.000000,    0.000000,    0.000000
   70    -0.000116,   -0.000034,   -0.000001,    0.000000,   -0.000000
   71    -0.000000,    0.000000,   -0.000000,    0.000000,   -0.000000
   72     0.000033,    0.000030,    0.000001,    0.000001,    0.000000
   73     0.001632,   -0.000920,    0.000054,    0.000001,   -0.000000
   74     0.002967,   -0.001113,    0.000122,    0.000001,   -0.000000
   75    -0.010432,   -0.002289,   -0.000282,    0.000029,    0.000000
   76     0.074031,    0.014918,   -0.000259,   -0.000160,   -0.000000
   77    -0.216477,   -0.044922,   -0.000199,    0.000642,    0.000000
   78     0.004573,    0.001681,    0.000223,    0.000044,    0.000000
   79     0.020733,    0.003764,    0.000053,    0.000063,   -0.000000
   80    -0.000000,    0.000000,   -0.000000,   -0.000000,   -0.000077
   81     0.021142,    0.004687,    0.000121,   -0.000001,   -0.000000
   82     0.001323,    0.000942,    0.000139,    0.000033,    0.000000
   83    -0.000000,    0.000000,    0.000000,   -0.000000,   -0.000084
   84     0.021023,    0.003827,   -0.000025,   -0.000035,   -0.000000
   85    -0.060763,   -0.013023,   -0.000093,    0.000216,    0.000000
   86     0.000000,    0.000000,    0.000000,   -0.000000,   -0.000188
   87    -0.001295,    0.000319,    0.000026,    0.000027,   -0.000000
   88     0.000000,   -0.000000,   -0.000000,    0.000000,   -0.000003
   89     0.000975,    0.000037,   -0.000010,   -0.000005,    0.000000
   90    -0.000000,    0.000000,    0.000000,   -0.000000,    0.000001
   91    -0.001536,   -0.000239,   -0.000006,   -0.000002,   -0.000000
   92    -0.006145,    0.000639,    0.000110,    0.000049,    0.000000
   93    -0.000000,   -0.000000,   -0.000000,    0.000000,   -0.000020
   94     0.007539,    0.000525,   -0.000089,   -0.000002,   -0.000000
   95     0.000000,    0.000000,    0.000000,   -0.000000,    0.000020
   96    -0.014530,   -0.002741,   -0.000000,    0.000026,    0.000000
   97     0.001417,    0.000037,   -0.000011,   -0.000013,    0.000000
   98     0.000000,    0.000000,   -0.000000,    0.000000,    0.000002
   99    -0.002369,   -0.000401,    0.000007,    0.000006,    0.000000
  100     0.000000,    0.000000,    0.000000,   -0.000000,    0.000001
  101    -0.000897,   -0.000200,   -0.000002,   -0.000000,   -0.000000
  102     0.000000,    0.000000,   -0.000000,    0.000000,   -0.000001
  103    -0.000573,   -0.000226,   -0.000000,   -0.000002,   -0.000000
  104    -0.001502,   -0.000450,   -0.000039,   -0.000033,    0.000001
  105    -0.032837,   -0.006449,    0.000029,    0.000002,   -0.000024
  106    -0.003573,   -0.001054,    0.000043,   -0.000063,   -0.000169
  107    -0.000564,   -0.000149,    0.000004,    0.000001,   -0.000002
  108    -0.000660,   -0.000142,   -0.000002,    0.000002,    0.000002
  109    -0.000329,   -0.000057,   -0.000004,   -0.000001,    0.000002
  110     0.010539,    0.002004,   -0.000017,   -0.000013,    0.000021
  111    -0.002233,   -0.000353,    0.000007,    0.000005,    0.000004
  112    -0.014564,   -0.002729,    0.000027,    0.000019,   -0.000003
  113     0.000361,    0.000076,    0.000001,   -0.000001,   -0.000001
  114    -0.000329,   -0.000062,    0.000000,    0.000000,   -0.000000
  115    -0.000778,   -0.000161,   -0.000000,    0.000001,    0.000000
  116     0.001235,    0.000236,   -0.000000,   -0.000002,    0.000001
  117    -0.000456,   -0.000083,    0.000000,    0.000001,   -0.000001
  118    -0.001502,   -0.000450,   -0.000039,   -0.000033,   -0.000001
  119    -0.032837,   -0.006449,    0.000029,    0.000002,    0.000024
  120    -0.003573,   -0.001054,    0.000043,   -0.000063,    0.000169
  121    -0.000564,   -0.000149,    0.000004,    0.000001,    0.000002
  122    -0.000660,   -0.000142,   -0.000002,    0.000002,   -0.000002
  123     0.000329,    0.000057,    0.000004,    0.000001,    0.000002
  124     0.010539,    0.002004,   -0.000017,   -0.000013,   -0.000021
  125    -0.002233,   -0.000353,    0.000007,    0.000005,   -0.000004
  126     0.014564,    0.002729,   -0.000027,   -0.000019,   -0.000003
  127     0.000361,    0.000076,    0.000001,   -0.000001,    0.000001
  128     0.000329,    0.000062,   -0.000000,   -0.000000,   -0.000000
  129    -0.000778,   -0.000161,   -0.000000,    0.000001,   -0.000000
  130    -0.001235,   -0.000236,    0.000000,    0.000002,    0.000001
  131    -0.000456,   -0.000083,    0.000000,    0.000001,    0.000001
  132     0.011407,    0.001719,   -0.000056,   -0.000080,    0.000000
  133     0.025877,    0.002173,   -0.000122,   -0.000172,    0.000000
  134    -0.070890,   -0.004049,    0.000236,    0.000321,   -0.000000
  135    -0.039568,    0.002243,    0.000261,    0.000298,    0.000000
  136     0.261598,    0.054264,   -0.000102,   -0.000515,   -0.000000
  137     0.018499,   -0.001854,   -0.000204,   -0.000398,    0.000000
  138     0.024024,   -0.014739,   -0.000467,   -0.000962,   -0.000000
  139     0.000000,   -0.000000,    0.000000,    0.000000,   -0.000113
  140    -0.004004,   -0.005363,   -0.000165,   -0.000251,   -0.000000
  141    -0.010426,   -0.016959,   -0.000307,   -0.000695,    0.000000
  142     0.000000,   -0.000000,   -0.000000,    0.000000,   -0.000160
  143     0.004612,   -0.000172,    0.000064,   -0.000163,   -0.000000
  144    -0.066222,   -0.017897,    0.000018,   -0.000150,    0.000000
  145    -0.000000,   -0.000000,    0.000000,    0.000000,    0.000083
  146     0.006826,    0.001797,   -0.000008,    0.000025,   -0.000000
  147     0.000000,   -0.000000,   -0.000000,    0.000000,   -0.000044
  148    -0.004467,   -0.001304,    0.000005,   -0.000017,    0.000000
  149    -0.000000,    0.000000,    0.000000,   -0.000000,   -0.000010
  150    -0.003760,   -0.001192,   -0.000043,    0.000008,    0.000000
  151     0.024258,    0.005133,   -0.000056,    0.000017,   -0.000000
  152     0.000000,   -0.000000,   -0.000000,    0.000000,   -0.000151
  153    -0.013623,   -0.003021,    0.000048,   -0.000021,    0.000000
  154    -0.000000,   -0.000000,    0.000000,   -0.000000,    0.000007
  155    -0.009237,   -0.002801,   -0.000110,    0.000047,   -0.000000
  156     0.000832,    0.000160,    0.000015,   -0.000012,    0.000000
  157    -0.000000,   -0.000000,    0.000000,   -0.000000,    0.000014
  158     0.001799,    0.000507,    0.000004,   -0.000002,    0.000000
  159     0.000000,   -0.000000,   -0.000000,    0.000000,   -0.000012
  160    -0.001395,   -0.000319,   -0.000001,    0.000006,   -0.000000
  161    -0.000000,   -0.000000,    0.000000,   -0.000000,   -0.000009
  162     0.002032,    0.000487,   -0.000007,    0.000000,   -0.000000
  163    -0.010914,   -0.003389,    0.000002,   -0.000098,    0.000088
  164    -0.020971,   -0.006273,   -0.000026,   -0.000099,    0.000057
  165    -0.022003,   -0.005053,    0.000028,   -0.000018,    0.000146
  166    -0.000383,   -0.000230,   -0.000002,   -0.000011,    0.000004
  167     0.001065,   -0.000016,   -0.000004,   -0.000012,    0.000001
  168    -0.001790,   -0.000512,   -0.000001,   -0.000008,    0.000005
  169     0.004514,    0.000662,   -0.000008,   -0.000026,    0.000007
  170     0.011805,    0.001853,   -0.000005,   -0.000058,    0.000045
  171     0.000926,    0.000024,   -0.000018,   -0.000000,   -0.000032
  172    -0.000087,   -0.000022,   -0.000001,    0.000002,   -0.000002
  173     0.000977,    0.000095,   -0.000001,   -0.000008,    0.000002
  174     0.000610,    0.000065,   -0.000001,   -0.000004,    0.000001
  175     0.000678,    0.000081,   -0.000001,   -0.000005,    0.000000
  176     0.000957,    0.000093,   -0.000003,   -0.000007,    0.000004
  177    -0.010914,   -0.003389,    0.000002,   -0.000098,   -0.000088
  178    -0.020971,   -0.006273,   -0.000026,   -0.000099,   -0.000057
  179    -0.022003,   -0.005053,    0.000028,   -0.000018,   -0.000146
  180    -0.000383,   -0.000230,   -0.000002,   -0.000011,   -0.000004
  181     0.001065,   -0.000016,   -0.000004,   -0.000012,   -0.000001
  182     0.001790,    0.000512,    0.000001,    0.000008,    0.000005
  183     0.004514,    0.000662,   -0.000008,   -0.000026,   -0.000007
  184     0.011805,    0.001853,   -0.000005,   -0.000058,   -0.000045
  185    -0.000926,   -0.000024,    0.000018,    0.000000,   -0.000032
  186    -0.000087,   -0.000022,   -0.000001,    0.000002,    0.000002
  187    -0.000977,   -0.000095,    0.000001,    0.000008,    0.000002
  188     0.000610,    0.000065,   -0.000001,   -0.000004,   -0.000001
  189    -0.000678,   -0.000081,    0.000001,    0.000005,    0.000000
  190     0.000957,    0.000093,   -0.000003,   -0.000007,   -0.000004
  191     0.000443,    0.000106,   -0.000000,   -0.000000,   -0.000000
  192     0.000402,    0.000115,    0.000000,    0.000001,   -0.000000
  193    -0.063681,   -0.015032,    0.000008,    0.000015,   -0.000000
  194    -0.670013,   -0.158650,    0.000079,    0.000134,    0.000000
  195     1.848014,    0.435295,   -0.000277,   -0.000460,   -0.000000
  196     0.435295,    0.105206,    0.000039,   -0.000033,    0.000000
  197    -0.000277,    0.000039,    0.000011,   -0.000003,   -0.000000
  198    -0.000460,   -0.000033,   -0.000003,    0.000008,   -0.000000
  199    -0.000000,    0.000000,   -0.000000,   -0.000000,    0.000013
  200     0.006587,   -0.000866,   -0.000264,    0.000068,    0.000000
  201     0.010944,    0.000842,    0.000068,   -0.000180,    0.000000
  202     0.000000,   -0.000000,    0.000000,    0.000000,   -0.000306
  203    -0.029406,    0.005240,    0.001361,   -0.000368,   -0.000000
  204    -0.048167,   -0.003005,   -0.000371,    0.000905,   -0.000000
  205    -0.000000,    0.000000,   -0.000000,   -0.000000,    0.001591
  206    -0.086558,    0.002983,    0.002535,   -0.000631,    0.000000
  207    -0.146963,   -0.017550,   -0.000613,    0.001737,    0.000000
  208    -0.000000,    0.000000,   -0.000000,   -0.000000,    0.002906
  209    -0.067265,   -0.007746,    0.001031,   -0.000327,    0.000000
  210    -0.111591,   -0.022104,   -0.000326,    0.000614,    0.000000
  211     0.000000,    0.000000,   -0.000000,   -0.000000,    0.001254
  212     0.000076,    0.000022,    0.000000,    0.000000,   -0.000000
  213    -0.000000,   -0.000000,    0.000000,    0.000000,    0.000000
  214    -0.000038,   -0.000012,   -0.000000,   -0.000000,   -0.000000
  215    -0.000000,   -0.000000,    0.000000,    0.000000,    0.000000
  216    -0.000021,   -0.000007,    0.000000,   -0.000000,   -0.000000
  217    -0.003000,   -0.000942,   -0.000008,   -0.000007,    0.000000
  218     0.000000,    0.000000,   -0.000000,   -0.000000,   -0.000004
  219     0.001687,    0.000567,    0.000005,    0.000006,    0.000000
  220     0.000000,    0.000000,   -0.000000,   -0.000000,   -0.000001
  221     0.001169,    0.000394,   -0.000001,    0.000008,    0.000000
  222     0.008254,    0.003855,    0.000063,    0.000061,   -0.000000
  223    -0.000000,   -0.000000,    0.000000,    0.000000,    0.000032
  224    -0.004826,   -0.002389,   -0.000031,   -0.000050,   -0.000000
  225    -0.000000,    0.000000,    0.000000,    0.000000,    0.000017
  226    -0.003469,   -0.001716,    0.000007,   -0.000066,   -0.000000
  227    -0.038221,   -0.006919,    0.000080,    0.000078,    0.000000
  228     0.000000,    0.000000,    0.000000,   -0.000000,    0.000051
  229     0.024865,    0.004617,   -0.000032,   -0.000062,    0.000000
  230     0.000000,    0.000000,   -0.000000,   -0.000000,    0.000034
  231     0.022523,    0.004425,    0.000014,   -0.000081,    0.000000
  232     0.000664,    0.000233,    0.000022,   -0.000016,    0.000000
  233     0.000000,    0.000000,    0.000000,   -0.000000,    0.000017
  234     0.002926,    0.000062,   -0.000013,   -0.000030,   -0.000000
  235     0.000000,   -0.000000,   -0.000000,    0.000000,   -0.000016
  236     0.001374,   -0.000066,   -0.000014,   -0.000012,   -0.000000
  237     0.000000,    0.000000,   -0.000000,    0.000000,   -0.000011
  238     0.004341,    0.000073,   -0.000024,   -0.000042,   -0.000000
               200,         201,         202,         203,         204
    0     0.000570,    0.000469,   -0.000000,   -0.002901,   -0.002318
    1     0.001262,    0.001039,    0.000000,   -0.006459,   -0.005160
    2    -0.002680,   -0.001973,   -0.000000,    0.013820,    0.009875
    3    -0.002397,   -0.003487,    0.000000,    0.012116,    0.017227
    4    -0.003240,    0.008581,    0.000000,    0.017823,   -0.042794
    5     0.002953,    0.002805,    0.000000,   -0.015470,   -0.014361
    6     0.004016,    0.002025,    0.000000,   -0.020964,   -0.009964
    7    -0.000000,   -0.000000,   -0.000565,    0.000000,    0.000000
    8     0.001951,    0.003124,   -0.000000,   -0.010043,   -0.015829
    9     0.000660,    0.001621,   -0.000000,   -0.003629,   -0.008239
   10     0.000000,    0.000000,   -0.001208,   -0.000000,   -0.000000
   11     0.000729,   -0.001330,   -0.000000,   -0.004088,    0.006492
   12     0.002164,   -0.001836,   -0.000000,   -0.011464,    0.009272
   13     0.000000,   -0.000000,   -0.000983,   -0.000000,    0.000000
   14     0.000092,   -0.000071,   -0.000000,   -0.000460,    0.000391
   15     0.000000,    0.000000,   -0.000115,   -0.000000,   -0.000000
   16    -0.000069,   -0.000030,   -0.000000,    0.000345,    0.000137
   17    -0.000000,   -0.000000,   -0.000043,    0.000000,    0.000000
   18     0.000189,    0.000214,    0.000000,   -0.000982,   -0.001066
   19     0.000696,   -0.000331,    0.000000,   -0.003594,    0.001774
   20     0.000000,    0.000000,   -0.000169,   -0.000000,   -0.000000
   21    -0.000932,   -0.000329,   -0.000000,    0.004710,    0.001526
   22    -0.000000,   -0.000000,    0.000181,    0.000000,    0.000000
   23     0.000053,    0.000743,   -0.000000,   -0.000208,   -0.003723
   24    -0.000093,   -0.000056,   -0.000000,    0.000476,    0.000262
   25    -0.000000,   -0.000000,    0.000048,    0.000000,    0.000000
   26    -0.000059,   -0.000091,    0.000000,    0.000301,    0.000451
   27    -0.000000,    0.000000,   -0.000032,    0.000000,   -0.000000
   28     0.000044,    0.000008,    0.000000,   -0.000222,   -0.000033
   29    -0.000000,   -0.000000,   -0.000012,    0.000000,    0.000000
   30     0.000009,   -0.000099,    0.000000,   -0.000048,    0.000504
   31    -0.000096,   -0.000215,   -0.000246,    0.000463,    0.001109
   32     0.000908,   -0.000001,    0.000184,   -0.004647,    0.000173
   33    -0.000046,   -0.000403,    0.000526,    0.000182,    0.001988
   34     0.000049,    0.000032,   -0.000002,   -0.000259,   -0.000164
   35     0.000058,    0.000051,    0.000009,   -0.000297,   -0.000255
   36    -0.000012,    0.000012,    0.000020,    0.000064,   -0.000065
   37     0.000237,   -0.000025,   -0.000171,   -0.001234,    0.000139
   38    -0.000145,   -0.000176,   -0.000250,    0.000700,    0.000837
   39    -0.000349,   -0.000090,   -0.000211,    0.001773,    0.000392
   40    -0.000011,    0.000017,    0.000020,    0.000057,   -0.000087
   41     0.000006,    0.000007,    0.000027,   -0.000024,   -0.000028
   42     0.000015,   -0.000011,   -0.000004,   -0.000077,    0.000056
   43    -0.000026,   -0.000014,    0.000010,    0.000136,    0.000073
   44     0.000027,    0.000011,   -0.000014,   -0.000139,   -0.000054
   45    -0.000096,   -0.000215,    0.000246,    0.000463,    0.001109
   46     0.000908,   -0.000001,   -0.000184,   -0.004647,    0.000173
   47    -0.000046,   -0.000403,   -0.000526,    0.000182,    0.001988
   48     0.000049,    0.000032,    0.000002,   -0.000259,   -0.000164
   49     0.000058,    0.000051,   -0.000009,   -0.000297,   -0.000255
   50     0.000012,   -0.000012,    0.000020,   -0.000064,    0.000065
   51     0.000237,   -0.000025,    0.000171,   -0.001234,    0.000139
   52    -0.000145,   -0.000176,    0.000250,    0.000700,    0.000837
   53     0.000349,    0.000090,   -0.000211,   -0.001773,   -0.000392
   54    -0.000011,    0.000017,   -0.000020,    0.000057,   -0.000087
   55    -0.000006,   -0.000007,    0.000027,    0.000024,    0.000028
   56     0.000015,   -0.000011,    0.000004,   -0.000077,    0.000056
   57     0.000026,    0.000014,    0.000010,   -0.000136,   -0.000073
   58     0.000027,    0.000011,    0.000014,   -0.000139,   -0.000054
   59     0.000881,    0.001005,    0.000000,   -0.004611,   -0.005128
   60     0.001076,    0.000347,   -0.000000,   -0.005795,   -0.001854
   61     0.001394,    0.000509,   -0.000000,   -0.007181,   -0.002443
   62    -0.000016,   -0.000058,    0.000000,    0.000090,    0.000309
   63     0.000089,    0.000052,   -0.000000,   -0.000464,   -0.000255
   64     0.000000,   -0.000000,   -0.000015,   -0.000000,    0.000000
   65     0.000128,    0.000340,    0.000000,   -0.000593,   -0.001678
   66     0.000379,    0.000035,    0.000000,   -0.001959,   -0.000130
   67    -0.000000,    0.000000,   -0.000057,    0.000000,   -0.000000
   68    -0.000072,   -0.000019,   -0.000000,    0.000371,    0.000087
   69    -0.000000,   -0.000000,   -0.000008,    0.000000,    0.000000
   70     0.000012,   -0.000010,    0.000000,   -0.000060,    0.000051
   71     0.000000,   -0.000000,    0.000007,   -0.000000,    0.000000
   72    -0.000013,   -0.000017,   -0.000000,    0.000062,    0.000082
   73    -0.001266,   -0.000010,   -0.000000,    0.006850,   -0.000006
   74    -0.002839,   -0.000002,    0.000000,    0.015204,   -0.000188
   75     0.006592,   -0.000705,   -0.000000,   -0.034703,    0.004229
   76     0.006058,    0.003686,    0.000000,   -0.031177,   -0.017365
   77     0.004676,   -0.014960,   -0.000000,   -0.026180,    0.074592
   78    -0.005256,   -0.001018,   -0.000000,    0.027923,    0.004433
   79    -0.001247,   -0.001485,    0.000000,    0.007111,    0.008101
   80     0.000000,    0.000000,    0.001794,   -0.000000,   -0.000000
   81    -0.002865,    0.000029,    0.000000,    0.015468,   -0.000512
   82    -0.003254,   -0.000786,   -0.000000,    0.017134,    0.004065
   83    -0.000000,    0.000000,    0.001954,    0.000000,   -0.000000
   84     0.000573,    0.000811,    0.000000,   -0.002642,   -0.003965
   85     0.002167,   -0.005044,   -0.000000,   -0.011683,    0.025413
   86    -0.000000,    0.000000,    0.004381,    0.000000,   -0.000000
   87    -0.000596,   -0.000632,    0.000000,    0.003013,    0.003117
   88     0.000000,   -0.000000,    0.000072,   -0.000000,    0.000000
   89     0.000226,    0.000119,   -0.000000,   -0.001146,   -0.000585
   90    -0.000000,    0.000000,   -0.000032,    0.000000,   -0.000000
   91     0.000149,    0.000048,    0.000000,   -0.000829,   -0.000253
   92    -0.002567,   -0.001137,   -0.000000,    0.013049,    0.005383
   93     0.000000,   -0.000000,    0.000463,   -0.000000,    0.000000
   94     0.002080,    0.000053,    0.000000,   -0.010634,   -0.000015
   95    -0.000000,    0.000000,   -0.000467,    0.000000,   -0.000000
   96     0.000011,   -0.000597,   -0.000000,   -0.000248,    0.002890
   97     0.000248,    0.000308,   -0.000000,   -0.001237,   -0.001514
   98     0.000000,   -0.000000,   -0.000052,   -0.000000,    0.000000
   99    -0.000164,   -0.000128,   -0.000000,    0.000823,    0.000607
  100    -0.000000,    0.000000,   -0.000014,    0.000000,   -0.000000
  101     0.000049,    0.000008,    0.000000,   -0.000268,   -0.000039
  102     0.000000,   -0.000000,    0.000018,   -0.000000,    0.000000
  103     0.000003,    0.000057,    0.000000,   -0.000000,   -0.000292
  104     0.000918,    0.000769,   -0.000032,   -0.004827,   -0.003929
  105    -0.000684,   -0.000048,    0.000572,    0.003225,   -0.000178
  106    -0.000997,    0.001469,    0.003952,    0.005244,   -0.007545
  107    -0.000094,   -0.000018,    0.000044,    0.000505,    0.000079
  108     0.000056,   -0.000041,   -0.000047,   -0.000293,    0.000208
  109     0.000089,    0.000031,   -0.000036,   -0.000474,   -0.000163
  110     0.000400,    0.000293,   -0.000486,   -0.001963,   -0.001377
  111    -0.000167,   -0.000120,   -0.000084,    0.000845,    0.000581
  112    -0.000632,   -0.000447,    0.000076,    0.003137,    0.002089
  113    -0.000032,    0.000022,    0.000021,    0.000174,   -0.000111
  114    -0.000009,   -0.000011,    0.000010,    0.000045,    0.000052
  115     0.000001,   -0.000019,   -0.000004,   -0.000012,    0.000086
  116     0.000007,    0.000041,   -0.000020,   -0.000017,   -0.000197
  117    -0.000005,   -0.000018,    0.000028,    0.000016,    0.000084
  118     0.000918,    0.000769,    0.000032,   -0.004827,   -0.003929
  119    -0.000684,   -0.000048,   -0.000572,    0.003225,   -0.000178
  120    -0.000997,    0.001469,   -0.003952,    0.005244,   -0.007545
  121    -0.000094,   -0.000018,   -0.000044,    0.000505,    0.000079
  122     0.000056,   -0.000041,    0.000047,   -0.000293,    0.000208
  123    -0.000089,   -0.000031,   -0.000036,    0.000474,    0.000163
  124     0.000400,    0.000293,    0.000486,   -0.001963,   -0.001377
  125    -0.000167,   -0.000120,    0.000084,    0.000845,    0.000581
  126     0.000632,    0.000447,    0.000076,   -0.003137,   -0.002089
  127    -0.000032,    0.000022,   -0.000021,    0.000174,   -0.000111
  128     0.000009,    0.000011,    0.000010,   -0.000045,   -0.000052
  129     0.000001,   -0.000019,    0.000004,   -0.000012,    0.000086
  130    -0.000007,   -0.000041,   -0.000020,    0.000017,    0.000197
  131    -0.000005,   -0.000018,   -0.000028,    0.000016,    0.000084
  132     0.001291,    0.001829,   -0.000000,   -0.006412,   -0.008820
  133     0.002800,    0.003926,   -0.000000,   -0.013738,   -0.018653
  134    -0.005424,   -0.007335,    0.000000,    0.026131,    0.033992
  135    -0.006011,   -0.006796,   -0.000000,    0.029465,    0.031612
  136     0.002370,    0.012014,    0.000000,   -0.010268,   -0.059142
  137     0.004767,    0.009190,   -0.000000,   -0.024328,   -0.044676
  138     0.010810,    0.022364,    0.000000,   -0.052494,   -0.111050
  139    -0.000000,   -0.000000,    0.002711,    0.000000,    0.000000
  140     0.003846,    0.005789,    0.000000,   -0.019692,   -0.028129
  141     0.007100,    0.016137,   -0.000000,   -0.034337,   -0.080252
  142     0.000000,   -0.000000,    0.003784,   -0.000000,    0.000000
  143    -0.001506,    0.003787,    0.000000,    0.008048,   -0.019018
  144    -0.000442,    0.003487,   -0.000000,    0.002604,   -0.017837
  145    -0.000000,   -0.000000,   -0.001912,    0.000000,    0.000000
  146     0.000185,   -0.000577,    0.000000,   -0.000981,    0.002969
  147     0.000000,   -0.000000,    0.001020,   -0.000000,    0.000000
  148    -0.000109,    0.000388,   -0.000000,    0.000623,   -0.002007
  149    -0.000000,    0.000000,    0.000242,    0.000000,   -0.000000
  150     0.001007,   -0.000201,   -0.000000,   -0.005247,    0.001131
  151     0.001315,   -0.000395,    0.000000,   -0.006690,    0.002250
  152     0.000000,   -0.000000,    0.003541,   -0.000000,    0.000000
  153    -0.001133,    0.000500,   -0.000000,    0.005881,   -0.002703
  154    -0.000000,    0.000000,   -0.000160,    0.000000,   -0.000000
  155     0.002578,   -0.001111,    0.000000,   -0.013408,    0.005829
  156    -0.000345,    0.000288,   -0.000000,    0.001821,   -0.001474
  157    -0.000000,    0.000000,   -0.000332,    0.000000,   -0.000000
  158    -0.000094,    0.000052,   -0.000000,    0.000483,   -0.000281
  159     0.000000,   -0.000000,    0.000284,   -0.000000,    0.000000
  160     0.000020,   -0.000144,    0.000000,   -0.000111,    0.000728
  161    -0.000000,    0.000000,    0.000211,    0.000000,   -0.000000
  162     0.000153,   -0.000010,    0.000000,   -0.000798,    0.000063
  163    -0.000055,    0.002312,   -0.002083,    0.000592,   -0.012187
  164     0.000607,    0.002347,   -0.001366,   -0.002791,   -0.012367
  165    -0.000666,    0.000416,   -0.003421,    0.003450,   -0.002385
  166     0.000035,    0.000266,   -0.000104,   -0.000159,   -0.001341
  167     0.000098,    0.000287,   -0.000014,   -0.000469,   -0.001397
  168     0.000028,    0.000186,   -0.000109,   -0.000115,   -0.000989
  169     0.000198,    0.000610,   -0.000176,   -0.000958,   -0.003017
  170     0.000117,    0.001358,   -0.001059,   -0.000410,   -0.006718
  171     0.000419,    0.000011,    0.000744,   -0.002136,   -0.000063
  172     0.000031,   -0.000047,    0.000053,   -0.000161,    0.000241
  173     0.000034,    0.000177,   -0.000042,   -0.000150,   -0.000870
  174     0.000024,    0.000105,   -0.000030,   -0.000106,   -0.000530
  175     0.000030,    0.000126,   -0.000007,   -0.000142,   -0.000625
  176     0.000062,    0.000165,   -0.000104,   -0.000296,   -0.000810
  177    -0.000055,    0.002312,    0.002083,    0.000592,   -0.012187
  178     0.000607,    0.002347,    0.001366,   -0.002791,   -0.012367
  179    -0.000666,    0.000416,    0.003421,    0.003450,   -0.002385
  180     0.000035,    0.000266,    0.000104,   -0.000159,   -0.001341
  181     0.000098,    0.000287,    0.000014,   -0.000469,   -0.001397
  182    -0.000028,   -0.000186,   -0.000109,    0.000115,    0.000989
  183     0.000198,    0.000610,    0.000176,   -0.000958,   -0.003017
  184     0.000117,    0.001358,    0.001059,   -0.000410,   -0.006718
  185    -0.000419,   -0.000011,    0.000744,    0.002136,    0.000063
  186     0.000031,   -0.000047,   -0.000053,   -0.000161,    0.000241
  187    -0.000034,   -0.000177,   -0.000042,    0.000150,    0.000870
  188     0.000024,    0.000105,    0.000030,   -0.000106,   -0.000530
  189    -0.000030,   -0.000126,   -0.000007,    0.000142,    0.000625
  190     0.000062,    0.000165,    0.000104,   -0.000296,   -0.000810
  191     0.000001,    0.000000,    0.000000,   -0.000003,   -0.000001
  192    -0.000006,   -0.000019,    0.000000,    0.000027,    0.000094
  193    -0.000188,   -0.000358,    0.000000,    0.000817,    0.001566
  194    -0.001894,   -0.003215,   -0.000000,    0.008220,    0.013782
  195     0.006587,    0.010944,    0.000000,   -0.029406,   -0.048167
  196    -0.000866,    0.000842,   -0.000000,    0.005240,   -0.003005
  197    -0.000264,    0.000068,    0.000000,    0.001361,   -0.000371
  198     0.000068,   -0.000180,    0.000000,   -0.000368,    0.000905
  199     0.000000,    0.000000,   -0.000306,   -0.000000,   -0.000000
  200     0.006159,   -0.001588,   -0.000000,   -0.031773,    0.008708
  201    -0.001588,    0.004179,   -0.000000,    0.008642,   -0.021041
  202    -0.000000,   -0.000000,    0.007138,    0.000000,    0.000000
  203    -0.031773,    0.008642,    0.000000,    0.163964,   -0.047160
  204     0.008708,   -0.021041,    0.000000,   -0.047160,    0.106062
  205     0.000000,    0.000000,   -0.037171,   -0.000000,   -0.000000
  206    -0.059179,    0.014816,   -0.000000,    0.305175,   -0.081534
  207     0.014404,   -0.040400,   -0.000000,   -0.078777,    0.203188
  208     0.000000,    0.000000,   -0.067896,   -0.000000,   -0.000000
  209    -0.024073,    0.007666,   -0.000000,    0.124329,   -0.041458
  210     0.007634,   -0.014314,   -0.000000,   -0.040997,    0.072183
  211     0.000000,    0.000000,   -0.029309,   -0.000000,   -0.000000
  212    -0.000003,   -0.000002,    0.000000,    0.000017,    0.000009
  213    -0.000000,   -0.000000,   -0.000002,    0.000000,    0.000000
  214     0.000003,    0.000002,    0.000000,   -0.000013,   -0.000010
  215    -0.000000,   -0.000000,   -0.000000,    0.000000,    0.000000
  216    -0.000001,    0.000004,    0.000000,    0.000004,   -0.000018
  217     0.000182,    0.000156,   -0.000000,   -0.000918,   -0.000764
  218     0.000000,    0.000000,    0.000088,   -0.000000,   -0.000000
  219    -0.000114,   -0.000135,   -0.000000,    0.000571,    0.000663
  220     0.000000,    0.000000,    0.000025,   -0.000000,   -0.000000
  221     0.000013,   -0.000192,   -0.000000,   -0.000084,    0.000961
  222    -0.001465,   -0.001407,    0.000000,    0.007337,    0.006860
  223    -0.000000,   -0.000000,   -0.000751,    0.000000,    0.000000
  224     0.000710,    0.001160,    0.000000,   -0.003505,   -0.005702
  225    -0.000000,   -0.000000,   -0.000396,    0.000000,    0.000000
  226    -0.000172,    0.001522,    0.000000,    0.001030,   -0.007599
  227    -0.001868,   -0.001807,   -0.000000,    0.009290,    0.008675
  228    -0.000000,    0.000000,   -0.001200,    0.000000,   -0.000000
  229     0.000738,    0.001433,   -0.000000,   -0.003572,   -0.006979
  230     0.000000,    0.000000,   -0.000785,   -0.000000,   -0.000000
  231    -0.000337,    0.001876,   -0.000000,    0.001964,   -0.009323
  232    -0.000502,    0.000373,   -0.000000,    0.002605,   -0.001912
  233    -0.000000,    0.000000,   -0.000397,    0.000000,   -0.000000
  234     0.000300,    0.000703,    0.000000,   -0.001454,   -0.003457
  235     0.000000,   -0.000000,    0.000384,   -0.000000,    0.000000
  236     0.000334,    0.000288,    0.000000,   -0.001669,   -0.001394
  237     0.000000,   -0.000000,    0.000250,   -0.000000,    0.000000
  238     0.000566,    0.000967,    0.000000,   -0.002781,   -0.004737
               205,         206,         207,         208,         209
    0    -0.000000,   -0.005786,   -0.004755,    0.000000,   -0.002029
    1    -0.000000,   -0.012579,   -0.010320,    0.000000,   -0.004529
    2     0.000000,    0.025894,    0.018964,    0.000000,    0.009554
    3    -0.000000,    0.023809,    0.034597,   -0.000000,    0.009321
    4    -0.000000,    0.028561,   -0.085973,   -0.000000,    0.011852
    5    -0.000000,   -0.028621,   -0.026968,   -0.000000,   -0.013551
    6    -0.000000,   -0.039646,   -0.021204,   -0.000000,   -0.017014
    7     0.003058,   -0.000000,   -0.000000,    0.005544,   -0.000000
    8     0.000000,   -0.019111,   -0.030294,    0.000000,   -0.008417
    9     0.000000,   -0.006986,   -0.016369,    0.000000,   -0.003715
   10     0.006400,   -0.000000,   -0.000000,    0.011617,   -0.000000
   11     0.000000,   -0.006382,    0.013816,    0.000000,   -0.003099
   12     0.000000,   -0.020388,    0.018008,    0.000000,   -0.008509
   13     0.005159,   -0.000000,    0.000000,    0.009374,   -0.000000
   14     0.000000,   -0.000851,    0.000700,    0.000000,   -0.000324
   15     0.000609,   -0.000000,   -0.000000,    0.001090,   -0.000000
   16     0.000000,    0.000642,    0.000259,    0.000000,    0.000245
   17     0.000225,    0.000000,    0.000000,    0.000402,    0.000000
   18    -0.000000,   -0.001865,   -0.002102,   -0.000000,   -0.000905
   19    -0.000000,   -0.006643,    0.003133,   -0.000000,   -0.002799
   20     0.000900,   -0.000000,   -0.000000,    0.001581,   -0.000000
   21     0.000000,    0.009024,    0.003395,    0.000000,    0.003301
   22    -0.000942,    0.000000,    0.000000,   -0.001731,   -0.000000
   23     0.000000,   -0.000644,   -0.007283,    0.000000,   -0.000171
   24     0.000000,    0.000912,    0.000566,   -0.000000,    0.000410
   25    -0.000255,    0.000000,    0.000000,   -0.000455,    0.000000
   26    -0.000000,    0.000593,    0.000907,   -0.000000,    0.000245
   27     0.000170,    0.000000,   -0.000000,    0.000301,   -0.000000
   28    -0.000000,   -0.000425,   -0.000093,   -0.000000,   -0.000166
   29     0.000059,    0.000000,    0.000000,    0.000106,    0.000000
   30    -0.000000,   -0.000063,    0.000973,   -0.000000,   -0.000016
   31     0.001319,    0.000747,    0.001700,    0.002376,    0.000247
   32    -0.000940,   -0.009009,   -0.000678,   -0.001721,   -0.003444
   33    -0.002738,    0.000549,    0.004005,   -0.005015,    0.000362
   34     0.000010,   -0.000482,   -0.000320,    0.000017,   -0.000229
   35    -0.000050,   -0.000559,   -0.000493,   -0.000093,   -0.000229
   36    -0.000109,    0.000135,   -0.000068,   -0.000198,    0.000068
   37     0.000900,   -0.002288,    0.000199,    0.001634,   -0.001027
   38     0.001312,    0.001461,    0.001832,    0.002380,    0.000506
   39     0.001105,    0.003421,    0.001030,    0.002005,    0.001359
   40    -0.000106,    0.000098,   -0.000172,   -0.000192,    0.000050
   41    -0.000140,   -0.000059,   -0.000077,   -0.000255,   -0.000022
   42     0.000019,   -0.000143,    0.000094,    0.000033,   -0.000066
   43    -0.000050,    0.000256,    0.000145,   -0.000092,    0.000114
   44     0.000071,   -0.000258,   -0.000105,    0.000129,   -0.000110
   45    -0.001319,    0.000747,    0.001700,   -0.002376,    0.000247
   46     0.000940,   -0.009009,   -0.000678,    0.001721,   -0.003444
   47     0.002738,    0.000549,    0.004005,    0.005015,    0.000362
   48    -0.000010,   -0.000482,   -0.000320,   -0.000017,   -0.000229
   49     0.000050,   -0.000559,   -0.000493,    0.000093,   -0.000229
   50    -0.000109,   -0.000135,    0.000068,   -0.000198,   -0.000068
   51    -0.000900,   -0.002288,    0.000199,   -0.001634,   -0.001027
   52    -0.001312,    0.001461,    0.001832,   -0.002380,    0.000506
   53     0.001105,   -0.003421,   -0.001030,    0.002005,   -0.001359
   54     0.000106,    0.000098,   -0.000172,    0.000192,    0.000050
   55    -0.000140,    0.000059,    0.000077,   -0.000255,    0.000022
   56    -0.000019,   -0.000143,    0.000094,   -0.000033,   -0.000066
   57    -0.000050,   -0.000256,   -0.000145,   -0.000092,   -0.000114
   58    -0.000071,   -0.000258,   -0.000105,   -0.000129,   -0.000110
   59    -0.000000,   -0.008539,   -0.009648,   -0.000000,   -0.004453
   60     0.000000,   -0.010288,   -0.003127,    0.000000,   -0.006201
   61     0.000000,   -0.013489,   -0.005104,    0.000000,   -0.005806
   62    -0.000000,    0.000152,    0.000551,   -0.000000,    0.000157
   63     0.000000,   -0.000873,   -0.000523,    0.000000,   -0.000387
   64     0.000080,   -0.000000,   -0.000000,    0.000144,   -0.000000
   65    -0.000000,   -0.001279,   -0.003341,   -0.000000,   -0.000129
   66    -0.000000,   -0.003686,   -0.000439,   -0.000000,   -0.001581
   67     0.000303,    0.000000,   -0.000000,    0.000552,    0.000000
   68     0.000000,    0.000698,    0.000199,    0.000000,    0.000302
   69     0.000043,    0.000000,    0.000000,    0.000079,   -0.000000
   70    -0.000000,   -0.000110,    0.000094,   -0.000000,   -0.000035
   71    -0.000036,   -0.000000,    0.000000,   -0.000064,   -0.000000
   72     0.000000,    0.000124,    0.000167,    0.000000,    0.000030
   73     0.000000,    0.010971,   -0.000574,   -0.000000,    0.005285
   74    -0.000000,    0.025481,   -0.001029,   -0.000000,    0.011879
   75     0.000000,   -0.062162,    0.007601,    0.000000,   -0.027295
   76    -0.000000,   -0.058296,   -0.036404,   -0.000000,   -0.024919
   77     0.000000,   -0.041183,    0.148763,    0.000000,   -0.019257
   78     0.000000,    0.051095,    0.010403,   -0.000000,    0.027896
   79    -0.000000,    0.012083,    0.014212,   -0.000000,    0.005647
   80    -0.009608,    0.000000,    0.000000,   -0.016506,    0.000000
   81    -0.000000,    0.027559,   -0.000530,   -0.000000,    0.016218
   82     0.000000,    0.031588,    0.008216,    0.000000,    0.013101
   83    -0.010317,    0.000000,   -0.000000,   -0.018188,    0.000000
   84    -0.000000,   -0.005766,   -0.008444,   -0.000000,   -0.000859
   85     0.000000,   -0.019644,    0.049886,    0.000000,   -0.008753
   86    -0.022835,    0.000000,   -0.000000,   -0.041545,    0.000000
   87    -0.000000,    0.005830,    0.006267,   -0.000000,    0.002071
   88    -0.000379,   -0.000000,   -0.000000,   -0.000711,   -0.000000
   89     0.000000,   -0.002194,   -0.001208,    0.000000,   -0.000693
   90     0.000204,    0.000000,   -0.000000,    0.000338,    0.000000
   91    -0.000000,   -0.001446,   -0.000445,   -0.000000,   -0.000959
   92     0.000000,    0.024916,    0.011571,    0.000000,    0.009352
   93    -0.002455,   -0.000000,    0.000000,   -0.004440,   -0.000000
   94    -0.000000,   -0.020132,   -0.000998,   -0.000000,   -0.007743
   95     0.002547,    0.000000,   -0.000000,    0.004518,    0.000000
   96     0.000000,    0.000094,    0.006106,    0.000000,   -0.000590
   97     0.000000,   -0.002426,   -0.003038,    0.000000,   -0.000832
   98     0.000272,   -0.000000,    0.000000,    0.000493,   -0.000000
   99     0.000000,    0.001607,    0.001292,    0.000000,    0.000593
  100     0.000088,    0.000000,   -0.000000,    0.000137,    0.000000
  101    -0.000000,   -0.000465,   -0.000064,   -0.000000,   -0.000261
  102    -0.000114,   -0.000000,    0.000000,   -0.000185,   -0.000000
  103    -0.000000,   -0.000049,   -0.000566,   -0.000000,    0.000105
  104     0.000209,   -0.008652,   -0.007314,    0.000083,   -0.002847
  105    -0.002901,    0.007220,    0.001441,   -0.005696,    0.003654
  106    -0.020630,    0.009552,   -0.014016,   -0.037702,    0.004766
  107    -0.000238,    0.000914,    0.000184,   -0.000417,    0.000493
  108     0.000251,   -0.000505,    0.000424,    0.000435,   -0.000169
  109     0.000189,   -0.000833,   -0.000280,    0.000327,   -0.000294
  110     0.002523,   -0.003995,   -0.003117,    0.004631,   -0.001388
  111     0.000454,    0.001676,    0.001257,    0.000791,    0.000669
  112    -0.000379,    0.006325,    0.004750,   -0.000722,    0.002523
  113    -0.000110,    0.000305,   -0.000213,   -0.000196,    0.000151
  114    -0.000051,    0.000099,    0.000120,   -0.000098,    0.000057
  115     0.000022,    0.000005,    0.000200,    0.000043,    0.000018
  116     0.000105,   -0.000080,   -0.000423,    0.000195,    0.000024
  117    -0.000145,    0.000046,    0.000179,   -0.000264,   -0.000009
  118    -0.000209,   -0.008652,   -0.007314,   -0.000083,   -0.002847
  119     0.002901,    0.007220,    0.001441,    0.005696,    0.003654
  120     0.020630,    0.009552,   -0.014016,    0.037702,    0.004766
  121     0.000238,    0.000914,    0.000184,    0.000417,    0.000493
  122    -0.000251,   -0.000505,    0.000424,   -0.000435,   -0.000169
  123     0.000189,    0.000833,    0.000280,    0.000327,    0.000294
  124    -0.002523,   -0.003995,   -0.003117,   -0.004631,   -0.001388
  125    -0.000454,    0.001676,    0.001257,   -0.000791,    0.000669
  126    -0.000379,   -0.006325,   -0.004750,   -0.000722,   -0.002523
  127     0.000110,    0.000305,   -0.000213,    0.000196,    0.000151
  128    -0.000051,   -0.000099,   -0.000120,   -0.000098,   -0.000057
  129    -0.000022,    0.000005,    0.000200,   -0.000043,    0.000018
  130     0.000105,    0.000080,    0.000423,    0.000195,   -0.000024
  131     0.000145,    0.000046,    0.000179,    0.000264,   -0.000009
  132     0.000000,   -0.010985,   -0.015034,   -0.000000,   -0.003170
  133     0.000000,   -0.025001,   -0.034205,   -0.000000,   -0.007239
  134    -0.000000,    0.052228,    0.070184,   -0.000000,    0.015794
  135     0.000000,    0.057507,    0.064572,    0.000000,    0.018222
  136    -0.000000,   -0.026956,   -0.122431,   -0.000000,   -0.009235
  137     0.000000,   -0.046335,   -0.088180,    0.000000,   -0.021942
  138    -0.000000,   -0.106520,   -0.219636,   -0.000000,   -0.027297
  139    -0.015851,   -0.000000,   -0.000000,   -0.026699,   -0.000000
  140    -0.000000,   -0.037215,   -0.055486,   -0.000000,   -0.016771
  141     0.000000,   -0.069696,   -0.157590,    0.000000,   -0.016389
  142    -0.020934,   -0.000000,    0.000000,   -0.036661,   -0.000000
  143    -0.000000,    0.014180,   -0.036292,   -0.000000,    0.006258
  144     0.000000,    0.004680,   -0.032494,    0.000000,    0.005622
  145     0.009611,    0.000000,    0.000000,    0.017983,    0.000000
  146    -0.000000,   -0.001796,    0.005446,   -0.000000,   -0.001099
  147    -0.005382,   -0.000000,    0.000000,   -0.009747,   -0.000000
  148     0.000000,    0.001038,   -0.003725,    0.000000,    0.000972
  149    -0.001231,    0.000000,   -0.000000,   -0.002267,    0.000000
  150     0.000000,   -0.009608,    0.001952,    0.000000,   -0.004157
  151    -0.000000,   -0.012908,    0.003088,   -0.000000,   -0.005514
  152    -0.018503,   -0.000000,    0.000000,   -0.033738,   -0.000000
  153     0.000000,    0.011034,   -0.004391,    0.000000,    0.005138
  154     0.000873,    0.000000,   -0.000000,    0.001587,    0.000000
  155    -0.000000,   -0.024591,    0.010605,   -0.000000,   -0.010259
  156     0.000000,    0.003287,   -0.002765,    0.000000,    0.001488
  157     0.001735,    0.000000,   -0.000000,    0.003161,    0.000000
  158     0.000000,    0.000869,   -0.000542,    0.000000,    0.000312
  159    -0.001475,   -0.000000,    0.000000,   -0.002705,   -0.000000
  160    -0.000000,   -0.000165,    0.001425,   -0.000000,   -0.000033
  161    -0.001104,    0.000000,   -0.000000,   -0.001999,    0.000000
  162    -0.000000,   -0.001504,    0.000016,   -0.000000,   -0.000738
  163     0.011480,    0.000007,   -0.023298,    0.020172,    0.002842
  164     0.007834,   -0.006334,   -0.023723,    0.013389,    0.000885
  165     0.018044,    0.006512,   -0.003778,    0.032691,    0.003674
  166     0.000568,   -0.000367,   -0.002597,    0.001000,   -0.000056
  167     0.000034,   -0.000960,   -0.002762,    0.000109,   -0.000285
  168     0.000605,   -0.000308,   -0.001888,    0.001059,    0.000164
  169     0.000944,   -0.002018,   -0.006045,    0.001683,   -0.000735
  170     0.005491,   -0.001342,   -0.013349,    0.010063,   -0.000032
  171    -0.003871,   -0.004116,   -0.000354,   -0.007080,   -0.001458
  172    -0.000280,   -0.000292,    0.000457,   -0.000504,   -0.000110
  173     0.000214,   -0.000340,   -0.001716,    0.000397,   -0.000069
  174     0.000154,   -0.000258,   -0.001058,    0.000287,   -0.000015
  175     0.000044,   -0.000312,   -0.001244,    0.000073,   -0.000098
  176     0.000540,   -0.000614,   -0.001614,    0.000985,   -0.000188
  177    -0.011480,    0.000007,   -0.023298,   -0.020172,    0.002842
  178    -0.007834,   -0.006334,   -0.023723,   -0.013389,    0.000885
  179    -0.018044,    0.006512,   -0.003778,   -0.032691,    0.003674
  180    -0.000568,   -0.000367,   -0.002597,   -0.001000,   -0.000056
  181    -0.000034,   -0.000960,   -0.002762,   -0.000109,   -0.000285
  182     0.000605,    0.000308,    0.001888,    0.001059,   -0.000164
  183    -0.000944,   -0.002018,   -0.006045,   -0.001683,   -0.000735
  184    -0.005491,   -0.001342,   -0.013349,   -0.010063,   -0.000032
  185    -0.003871,    0.004116,    0.000354,   -0.007080,    0.001458
  186     0.000280,   -0.000292,    0.000457,    0.000504,   -0.000110
  187     0.000214,    0.000340,    0.001716,    0.000397,    0.000069
  188    -0.000154,   -0.000258,   -0.001058,   -0.000287,   -0.000015
  189     0.000044,    0.000312,    0.001244,    0.000073,    0.000098
  190    -0.000540,   -0.000614,   -0.001614,   -0.000985,   -0.000188
  191    -0.000000,   -0.000012,   -0.000014,   -0.000000,   -0.000014
  192    -0.000000,    0.000050,    0.000174,   -0.000000,    0.000000
  193    -0.000000,    0.002609,    0.004869,   -0.000000,    0.002182
  194     0.000000,    0.026580,    0.045971,    0.000000,    0.022920
  195    -0.000000,   -0.086558,   -0.146963,   -0.000000,   -0.067265
  196     0.000000,    0.002983,   -0.017550,    0.000000,   -0.007746
  197    -0.000000,    0.002535,   -0.000613,   -0.000000,    0.001031
  198    -0.000000,   -0.000631,    0.001737,   -0.000000,   -0.000327
  199     0.001591,    0.000000,    0.000000,    0.002906,    0.000000
  200     0.000000,   -0.059179,    0.014404,    0.000000,   -0.024073
  201     0.000000,    0.014816,   -0.040400,    0.000000,    0.007666
  202    -0.037171,   -0.000000,   -0.000000,   -0.067896,   -0.000000
  203    -0.000000,    0.305175,   -0.078777,   -0.000000,    0.124329
  204    -0.000000,   -0.081534,    0.203188,   -0.000000,   -0.041458
  205     0.193587,    0.000000,    0.000000,    0.353591,    0.000000
  206     0.000000,    0.568909,   -0.133617,    0.000000,    0.231688
  207     0.000000,   -0.133617,    0.391653,    0.000000,   -0.069528
  208     0.353591,    0.000000,    0.000000,    0.645864,    0.000000
  209     0.000000,    0.231688,   -0.069528,    0.000000,    0.096226
  210     0.000000,   -0.070903,    0.139860,    0.000000,   -0.032731
  211     0.152728,    0.000000,   -0.000000,    0.278856,    0.000000
  212    -0.000000,    0.000032,    0.000017,   -0.000000,    0.000010
  213     0.000010,    0.000000,    0.000000,    0.000018,    0.000000
  214    -0.000000,   -0.000025,   -0.000019,   -0.000000,   -0.000008
  215     0.000000,    0.000000,    0.000000,    0.000001,    0.000000
  216    -0.000000,    0.000006,   -0.000034,   -0.000000,    0.000004
  217     0.000000,   -0.001728,   -0.001464,    0.000000,   -0.000510
  218    -0.000450,   -0.000000,   -0.000000,   -0.000830,   -0.000000
  219     0.000000,    0.001086,    0.001279,    0.000000,    0.000314
  220    -0.000128,   -0.000000,   -0.000000,   -0.000238,   -0.000000
  221     0.000000,   -0.000130,    0.001819,    0.000000,   -0.000144
  222    -0.000000,    0.014082,    0.013594,   -0.000000,    0.004430
  223     0.003861,    0.000000,    0.000000,    0.007117,   -0.000000
  224    -0.000000,   -0.006842,   -0.011163,   -0.000000,   -0.001938
  225     0.002038,    0.000000,    0.000000,    0.003755,    0.000000
  226    -0.000000,    0.001611,   -0.014520,   -0.000000,    0.001261
  227     0.000000,    0.018559,    0.018539,    0.000000,    0.007009
  228     0.006213,    0.000000,   -0.000000,    0.011395,    0.000000
  229     0.000000,   -0.007502,   -0.014470,    0.000000,   -0.002710
  230     0.004078,   -0.000000,   -0.000000,    0.007469,   -0.000000
  231     0.000000,    0.002835,   -0.018522,    0.000000,    0.001445
  232     0.000000,    0.004801,   -0.003522,    0.000000,    0.001922
  233     0.002049,    0.000000,   -0.000000,    0.003764,    0.000000
  234    -0.000000,   -0.002972,   -0.006879,   -0.000000,   -0.000869
  235    -0.001985,   -0.000000,    0.000000,   -0.003648,   -0.000000
  236    -0.000000,   -0.003245,   -0.002861,   -0.000000,   -0.001115
  237    -0.001290,   -0.000000,    0.000000,   -0.002372,   -0.000000
  238    -0.000000,   -0.005560,   -0.009489,   -0.000000,   -0.001753
               210,         211,         212,         213,         214
    0    -0.001359,   -0.000000,   -0.000006,    0.000000,    0.000004
    1    -0.002990,   -0.000000,   -0.000008,    0.000000,    0.000005
    2     0.005340,    0.000000,    0.000004,   -0.000000,   -0.000003
    3     0.012030,   -0.000000,    0.000002,   -0.000000,   -0.000002
    4    -0.035067,   -0.000000,    0.000002,   -0.000000,    0.000001
    5    -0.009116,    0.000000,   -0.000001,   -0.000000,    0.000001
    6    -0.005552,    0.000000,   -0.000011,   -0.000000,    0.000006
    7     0.000000,    0.003385,   -0.000000,   -0.000003,    0.000000
    8    -0.010528,    0.000000,   -0.000001,   -0.000000,    0.000001
    9    -0.005253,    0.000000,   -0.000005,    0.000000,    0.000003
   10    -0.000000,    0.005907,   -0.000000,   -0.000002,    0.000000
   11     0.006151,    0.000000,   -0.000000,    0.000000,   -0.000000
   12     0.007999,    0.000000,   -0.000003,    0.000000,    0.000001
   13     0.000000,    0.004289,   -0.000000,   -0.000000,    0.000000
   14     0.000373,    0.000000,    0.000000,   -0.000000,   -0.000000
   15     0.000000,    0.000442,    0.000000,   -0.000000,    0.000000
   16     0.000045,    0.000000,   -0.000000,    0.000000,    0.000000
   17     0.000000,    0.000177,    0.000000,    0.000000,   -0.000000
   18    -0.000610,    0.000000,   -0.000000,   -0.000000,    0.000000
   19     0.001530,   -0.000000,   -0.000000,   -0.000000,    0.000000
   20    -0.000000,    0.000629,   -0.000000,   -0.000000,    0.000000
   21     0.000864,    0.000000,    0.000001,    0.000000,   -0.000001
   22     0.000000,   -0.000796,    0.000000,   -0.000000,   -0.000000
   23    -0.002477,    0.000000,   -0.000001,   -0.000000,    0.000001
   24     0.000110,   -0.000000,    0.000000,    0.000000,   -0.000000
   25     0.000000,   -0.000197,   -0.000000,    0.000000,   -0.000000
   26     0.000312,   -0.000000,    0.000000,   -0.000000,   -0.000000
   27    -0.000000,    0.000128,    0.000000,   -0.000000,    0.000000
   28    -0.000009,   -0.000000,    0.000000,   -0.000000,    0.000000
   29     0.000000,    0.000009,    0.000000,    0.000000,    0.000000
   30     0.000377,   -0.000000,    0.000000,   -0.000000,   -0.000000
   31     0.000591,    0.001216,   -0.000002,   -0.000001,    0.000001
   32     0.000054,   -0.000783,   -0.000003,   -0.000001,    0.000001
   33     0.001598,   -0.002360,   -0.000001,   -0.000000,    0.000000
   34    -0.000103,    0.000011,   -0.000000,   -0.000000,    0.000000
   35    -0.000160,   -0.000064,   -0.000000,    0.000000,    0.000000
   36    -0.000032,   -0.000100,    0.000000,    0.000000,   -0.000000
   37     0.000111,    0.000812,   -0.000000,   -0.000000,    0.000000
   38     0.000680,    0.001089,   -0.000000,    0.000000,   -0.000000
   39     0.000268,    0.000921,    0.000000,   -0.000000,   -0.000000
   40    -0.000060,   -0.000100,   -0.000000,    0.000000,    0.000000
   41    -0.000028,   -0.000113,    0.000000,   -0.000000,   -0.000000
   42     0.000040,    0.000014,   -0.000000,    0.000000,    0.000000
   43     0.000050,   -0.000039,    0.000000,    0.000000,   -0.000000
   44    -0.000023,    0.000047,   -0.000000,    0.000000,    0.000000
   45     0.000591,   -0.001216,   -0.000002,    0.000001,    0.000001
   46     0.000054,    0.000783,   -0.000003,    0.000001,    0.000001
   47     0.001598,    0.002360,   -0.000001,    0.000000,    0.000000
   48    -0.000103,   -0.000011,   -0.000000,    0.000000,    0.000000
   49    -0.000160,    0.000064,   -0.000000,   -0.000000,    0.000000
   50     0.000032,   -0.000100,   -0.000000,    0.000000,    0.000000
   51     0.000111,   -0.000812,   -0.000000,    0.000000,    0.000000
   52     0.000680,   -0.001089,   -0.000000,   -0.000000,   -0.000000
   53    -0.000268,    0.000921,   -0.000000,   -0.000000,    0.000000
   54    -0.000060,    0.000100,   -0.000000,   -0.000000,    0.000000
   55     0.000028,   -0.000113,   -0.000000,   -0.000000,    0.000000
   56     0.000040,   -0.000014,   -0.000000,   -0.000000,    0.000000
   57    -0.000050,   -0.000039,   -0.000000,    0.000000,    0.000000
   58    -0.000023,   -0.000047,   -0.000000,   -0.000000,    0.000000
   59    -0.003287,    0.000000,    0.000001,   -0.000000,   -0.000000
   60    -0.000853,    0.000000,    0.000002,   -0.000000,   -0.000001
   61    -0.001224,    0.000000,   -0.000000,   -0.000000,    0.000001
   62     0.000227,   -0.000000,   -0.000000,    0.000000,    0.000000
   63    -0.000131,    0.000000,   -0.000000,   -0.000000,    0.000000
   64     0.000000,    0.000086,   -0.000000,   -0.000000,    0.000000
   65    -0.001061,   -0.000000,   -0.000001,   -0.000000,    0.000001
   66     0.000002,   -0.000000,   -0.000000,   -0.000000,    0.000000
   67    -0.000000,    0.000291,   -0.000000,   -0.000000,    0.000000
   68     0.000030,    0.000000,    0.000000,    0.000000,   -0.000000
   69     0.000000,    0.000032,    0.000000,    0.000000,    0.000000
   70     0.000044,   -0.000000,   -0.000000,    0.000000,    0.000000
   71     0.000000,   -0.000044,    0.000000,    0.000000,   -0.000000
   72     0.000042,    0.000000,    0.000000,   -0.000000,   -0.000000
   73    -0.001250,    0.000000,   -0.000013,    0.000000,    0.000003
   74    -0.002734,    0.000000,   -0.000018,    0.000000,    0.000004
   75     0.007951,    0.000000,    0.000002,    0.000000,   -0.000000
   76    -0.009176,   -0.000000,    0.000004,   -0.000000,    0.000001
   77     0.058356,    0.000000,   -0.000001,    0.000000,   -0.000003
   78    -0.002610,   -0.000000,    0.000001,    0.000000,   -0.000005
   79     0.005957,    0.000000,    0.000004,   -0.000000,   -0.000000
   80    -0.000000,   -0.005351,   -0.000000,    0.000001,   -0.000000
   81    -0.004875,   -0.000000,   -0.000000,    0.000000,   -0.000003
   82     0.002999,    0.000000,    0.000005,   -0.000000,   -0.000002
   83    -0.000000,   -0.006265,   -0.000000,    0.000000,   -0.000000
   84    -0.003902,   -0.000000,   -0.000001,    0.000000,    0.000000
   85     0.020061,    0.000000,    0.000000,    0.000000,   -0.000001
   86    -0.000000,   -0.017226,   -0.000000,   -0.000001,   -0.000000
   87     0.001896,   -0.000000,    0.000001,    0.000000,   -0.000001
   88     0.000000,   -0.000479,    0.000000,   -0.000000,    0.000000
   89    -0.000445,   -0.000000,   -0.000000,    0.000000,    0.000000
   90    -0.000000,    0.000584,   -0.000000,   -0.000000,   -0.000000
   91     0.000019,    0.000000,    0.000000,   -0.000000,    0.000000
   92     0.002787,    0.000000,    0.000003,    0.000000,   -0.000003
   93     0.000000,   -0.002484,    0.000000,    0.000000,    0.000000
   94     0.000234,   -0.000000,   -0.000002,    0.000000,    0.000001
   95    -0.000000,    0.003136,   -0.000000,   -0.000001,   -0.000000
   96     0.002510,    0.000000,    0.000000,   -0.000000,   -0.000000
   97    -0.000957,    0.000000,   -0.000000,   -0.000000,    0.000000
   98     0.000000,    0.000247,    0.000000,   -0.000000,    0.000000
   99     0.000396,    0.000000,    0.000000,    0.000000,   -0.000000
  100    -0.000000,    0.000189,    0.000000,   -0.000000,   -0.000000
  101     0.000073,   -0.000000,   -0.000000,   -0.000000,    0.000000
  102     0.000000,   -0.000257,    0.000000,    0.000000,   -0.000000
  103    -0.000238,   -0.000000,   -0.000000,    0.000000,    0.000000
  104    -0.002557,   -0.001096,   -0.000001,   -0.000000,   -0.000000
  105     0.000388,   -0.003567,    0.000000,   -0.000001,   -0.000001
  106    -0.005280,   -0.017362,   -0.000001,   -0.000001,    0.000000
  107    -0.000000,   -0.000198,   -0.000000,    0.000000,   -0.000000
  108     0.000183,    0.000140,    0.000000,   -0.000000,   -0.000000
  109    -0.000105,    0.000090,   -0.000000,   -0.000000,   -0.000000
  110    -0.001260,    0.001972,   -0.000000,    0.000000,    0.000000
  111     0.000442,    0.000401,    0.000000,   -0.000000,   -0.000000
  112     0.001668,   -0.000176,    0.000001,   -0.000000,   -0.000001
  113    -0.000110,   -0.000094,   -0.000000,    0.000000,   -0.000000
  114     0.000042,   -0.000049,    0.000000,   -0.000000,   -0.000000
  115     0.000071,    0.000013,   -0.000000,    0.000000,   -0.000000
  116    -0.000194,    0.000077,   -0.000000,    0.000000,    0.000000
  117     0.000070,   -0.000102,   -0.000000,   -0.000000,    0.000000
  118    -0.002557,    0.001096,   -0.000001,    0.000000,   -0.000000
  119     0.000388,    0.003567,    0.000000,    0.000001,   -0.000001
  120    -0.005280,    0.017362,   -0.000001,    0.000001,    0.000000
  121    -0.000000,    0.000198,   -0.000000,   -0.000000,   -0.000000
  122     0.000183,   -0.000140,    0.000000,    0.000000,   -0.000000
  123     0.000105,    0.000090,    0.000000,   -0.000000,    0.000000
  124    -0.001260,   -0.001972,   -0.000000,   -0.000000,    0.000000
  125     0.000442,   -0.000401,    0.000000,    0.000000,   -0.000000
  126    -0.001668,   -0.000176,   -0.000001,   -0.000000,    0.000001
  127    -0.000110,    0.000094,   -0.000000,   -0.000000,   -0.000000
  128    -0.000042,   -0.000049,   -0.000000,   -0.000000,    0.000000
  129     0.000071,   -0.000013,   -0.000000,   -0.000000,   -0.000000
  130     0.000194,    0.000077,    0.000000,    0.000000,   -0.000000
  131     0.000070,    0.000102,   -0.000000,    0.000000,    0.000000
  132    -0.003066,   -0.000000,    0.000000,    0.000000,    0.000002
  133    -0.007034,   -0.000000,    0.000000,    0.000000,    0.000004
  134     0.015418,    0.000000,   -0.000001,    0.000000,   -0.000003
  135     0.013025,    0.000000,    0.000001,    0.000000,   -0.000004
  136    -0.049173,   -0.000000,   -0.000002,   -0.000000,    0.000005
  137    -0.020885,    0.000000,   -0.000001,   -0.000000,    0.000008
  138    -0.070983,    0.000000,   -0.000036,   -0.000000,    0.000027
  139    -0.000000,   -0.028649,    0.000000,    0.000016,    0.000000
  140    -0.012326,   -0.000000,   -0.000002,   -0.000000,    0.000006
  141    -0.049998,    0.000000,   -0.000026,   -0.000000,    0.000020
  142     0.000000,   -0.028094,    0.000000,    0.000011,    0.000000
  143    -0.011959,   -0.000000,   -0.000000,   -0.000000,    0.000002
  144    -0.009298,    0.000000,   -0.000008,    0.000000,    0.000005
  145     0.000000,    0.004183,    0.000000,    0.000004,   -0.000000
  146     0.001790,   -0.000000,    0.000001,   -0.000000,   -0.000001
  147     0.000000,   -0.004917,    0.000000,    0.000000,    0.000000
  148    -0.001400,    0.000000,   -0.000001,    0.000000,    0.000001
  149    -0.000000,   -0.000611,   -0.000000,   -0.000000,   -0.000000
  150     0.001511,    0.000000,   -0.000000,   -0.000000,    0.000001
  151     0.000892,   -0.000000,    0.000000,   -0.000000,    0.000000
  152     0.000000,   -0.015292,    0.000000,   -0.000000,    0.000000
  153    -0.001718,    0.000000,   -0.000000,    0.000000,    0.000000
  154    -0.000000,    0.001335,   -0.000000,   -0.000000,   -0.000000
  155     0.005180,   -0.000000,   -0.000001,   -0.000000,    0.000001
  156    -0.001104,    0.000000,    0.000000,   -0.000000,    0.000000
  157    -0.000000,    0.001422,   -0.000000,    0.000000,   -0.000000
  158    -0.000361,    0.000000,    0.000000,    0.000000,   -0.000000
  159     0.000000,   -0.001165,    0.000000,   -0.000000,    0.000000
  160     0.000541,   -0.000000,    0.000000,    0.000000,   -0.000000
  161    -0.000000,   -0.000893,   -0.000000,    0.000000,   -0.000000
  162    -0.000002,   -0.000000,    0.000000,   -0.000000,    0.000000
  163    -0.010463,    0.015085,   -0.000008,   -0.000006,    0.000004
  164    -0.010283,    0.012992,   -0.000009,   -0.000007,    0.000005
  165    -0.001675,    0.016543,   -0.000002,   -0.000001,    0.000001
  166    -0.000854,    0.000694,   -0.000000,   -0.000000,    0.000000
  167    -0.000768,   -0.000313,   -0.000000,    0.000000,    0.000000
  168    -0.000851,    0.000816,   -0.000001,   -0.000000,    0.000000
  169    -0.001991,    0.000998,   -0.000000,   -0.000000,    0.000001
  170    -0.004626,    0.004155,   -0.000001,    0.000000,    0.000001
  171    -0.000292,   -0.003071,   -0.000001,   -0.000000,    0.000000
  172     0.000165,   -0.000266,   -0.000000,    0.000000,   -0.000000
  173    -0.000543,    0.000130,   -0.000000,    0.000000,    0.000000
  174    -0.000417,    0.000088,   -0.000000,    0.000000,    0.000000
  175    -0.000416,    0.000080,   -0.000000,   -0.000000,    0.000000
  176    -0.000513,    0.000425,   -0.000000,    0.000000,    0.000000
  177    -0.010463,   -0.015085,   -0.000008,    0.000006,    0.000004
  178    -0.010283,   -0.012992,   -0.000009,    0.000007,    0.000005
  179    -0.001675,   -0.016543,   -0.000002,    0.000001,    0.000001
  180    -0.000854,   -0.000694,   -0.000000,    0.000000,    0.000000
  181    -0.000768,    0.000313,   -0.000000,   -0.000000,    0.000000
  182     0.000851,    0.000816,    0.000001,   -0.000000,   -0.000000
  183    -0.001991,   -0.000998,   -0.000000,    0.000000,    0.000001
  184    -0.004626,   -0.004155,   -0.000001,   -0.000000,    0.000001
  185     0.000292,   -0.003071,    0.000001,   -0.000000,   -0.000000
  186     0.000165,    0.000266,   -0.000000,   -0.000000,   -0.000000
  187     0.000543,    0.000130,    0.000000,    0.000000,   -0.000000
  188    -0.000417,   -0.000088,   -0.000000,   -0.000000,    0.000000
  189     0.000416,    0.000080,    0.000000,   -0.000000,   -0.000000
  190    -0.000513,   -0.000425,   -0.000000,   -0.000000,    0.000000
  191    -0.000021,   -0.000000,    0.000000,   -0.000000,   -0.000000
  192     0.000035,   -0.000000,    0.000000,    0.000000,   -0.000000
  193     0.003798,   -0.000000,   -0.000003,    0.000000,    0.000001
  194     0.038430,   -0.000000,   -0.000029,    0.000000,    0.000015
  195    -0.111591,    0.000000,    0.000076,   -0.000000,   -0.000038
  196    -0.022104,    0.000000,    0.000022,   -0.000000,   -0.000012
  197    -0.000326,   -0.000000,    0.000000,    0.000000,   -0.000000
  198     0.000614,   -0.000000,    0.000000,    0.000000,   -0.000000
  199     0.000000,    0.001254,   -0.000000,    0.000000,   -0.000000
  200     0.007634,    0.000000,   -0.000003,   -0.000000,    0.000003
  201    -0.014314,    0.000000,   -0.000002,   -0.000000,    0.000002
  202    -0.000000,   -0.029309,    0.000000,   -0.000002,    0.000000
  203    -0.040997,   -0.000000,    0.000017,    0.000000,   -0.000013
  204     0.072183,   -0.000000,    0.000009,    0.000000,   -0.000010
  205     0.000000,    0.152728,   -0.000000,    0.000010,   -0.000000
  206    -0.070903,    0.000000,    0.000032,    0.000000,   -0.000025
  207     0.139860,   -0.000000,    0.000017,    0.000000,   -0.000019
  208     0.000000,    0.278856,   -0.000000,    0.000018,   -0.000000
  209    -0.032731,    0.000000,    0.000010,    0.000000,   -0.000008
  210     0.053753,   -0.000000,    0.000002,    0.000000,   -0.000003
  211    -0.000000,    0.121315,   -0.000000,    0.000007,   -0.000000
  212     0.000002,   -0.000000,    0.000000,    0.000000,   -0.000000
  213     0.000000,    0.000007,    0.000000,    0.000000,   -0.000000
  214    -0.000003,   -0.000000,   -0.000000,   -0.000000,    0.000000
  215     0.000000,   -0.000000,    0.000000,    0.000000,   -0.000000
  216    -0.000010,   -0.000000,   -0.000000,   -0.000000,    0.000000
  217    -0.000277,    0.000000,   -0.000000,   -0.000000,    0.000000
  218    -0.000000,   -0.000300,   -0.000000,   -0.000000,    0.000000
  219     0.000288,    0.000000,    0.000000,    0.000000,   -0.000000
  220    -0.000000,   -0.000069,   -0.000000,   -0.000000,    0.000000
  221     0.000524,    0.000000,    0.000000,    0.000000,   -0.000000
  222     0.003335,   -0.000000,    0.000003,    0.000000,   -0.000002
  223     0.000000,    0.002562,    0.000000,    0.000001,   -0.000000
  224    -0.002991,   -0.000000,   -0.000002,   -0.000000,    0.000002
  225     0.000000,    0.001386,    0.000000,    0.000000,   -0.000000
  226    -0.004408,   -0.000000,   -0.000001,   -0.000000,    0.000001
  227     0.006442,    0.000000,    0.000001,    0.000000,   -0.000002
  228    -0.000000,    0.004569,   -0.000000,    0.000001,   -0.000000
  229    -0.005169,    0.000000,   -0.000001,   -0.000000,    0.000001
  230    -0.000000,    0.003129,   -0.000000,    0.000000,   -0.000000
  231    -0.006849,    0.000000,   -0.000000,   -0.000000,    0.000001
  232    -0.001322,    0.000000,    0.000000,   -0.000000,   -0.000000
  233    -0.000000,    0.001471,    0.000000,    0.000000,   -0.000000
  234    -0.002140,    0.000000,   -0.000001,   -0.000000,    0.000001
  235     0.000000,   -0.001418,   -0.000000,   -0.000000,    0.000000
  236    -0.000809,    0.000000,   -0.000001,   -0.000000,    0.000000
  237     0.000000,   -0.000881,   -0.000000,   -0.000000,   -0.000000
  238    -0.002904,    0.000000,   -0.000001,   -0.000000,    0.000001
               215,         216,         217,         218,         219
    0     0.000000,    0.000000,    0.000121,   -0.000000,   -0.000076
    1     0.000000,    0.000001,    0.000195,   -0.000000,   -0.000123
    2    -0.000000,   -0.000001,   -0.000191,    0.000000,    0.000122
    3    -0.000000,   -0.000003,   -0.000135,    0.000000,    0.000119
    4     0.000000,    0.000006,    0.000027,    0.000000,   -0.000106
    5    -0.000000,    0.000003,   -0.000020,    0.000000,   -0.000009
    6     0.000000,    0.000004,    0.000363,    0.000000,   -0.000214
    7    -0.000002,    0.000000,    0.000000,    0.000100,   -0.000000
    8    -0.000000,    0.000003,    0.000051,    0.000000,   -0.000055
    9     0.000000,    0.000003,    0.000150,   -0.000000,   -0.000089
   10    -0.000001,    0.000000,    0.000000,    0.000073,   -0.000000
   11    -0.000000,   -0.000000,   -0.000031,   -0.000000,    0.000028
   12    -0.000000,   -0.000001,    0.000076,   -0.000000,   -0.000023
   13    -0.000000,    0.000000,    0.000000,    0.000015,   -0.000000
   14    -0.000000,    0.000000,   -0.000003,    0.000000,   -0.000002
   15    -0.000000,    0.000000,   -0.000000,    0.000001,   -0.000000
   16     0.000000,   -0.000000,    0.000005,   -0.000000,   -0.000000
   17     0.000000,    0.000000,   -0.000000,   -0.000000,    0.000000
   18    -0.000000,    0.000000,    0.000003,    0.000000,   -0.000008
   19    -0.000000,    0.000000,    0.000006,    0.000000,   -0.000010
   20     0.000000,    0.000000,    0.000000,    0.000003,   -0.000000
   21     0.000000,   -0.000000,   -0.000058,   -0.000000,    0.000040
   22     0.000000,    0.000000,   -0.000000,   -0.000000,    0.000000
   23    -0.000000,    0.000001,    0.000029,    0.000000,   -0.000029
   24     0.000000,   -0.000000,   -0.000003,   -0.000000,    0.000005
   25    -0.000000,   -0.000000,   -0.000000,   -0.000000,    0.000000
   26     0.000000,   -0.000000,   -0.000004,   -0.000000,    0.000003
   27     0.000000,    0.000000,   -0.000000,    0.000000,   -0.000000
   28    -0.000000,    0.000000,    0.000001,   -0.000000,   -0.000002
   29     0.000000,    0.000000,   -0.000000,   -0.000002,   -0.000000
   30    -0.000000,   -0.000000,   -0.000002,    0.000000,    0.000001
   31    -0.000000,    0.000000,    0.000051,    0.000028,   -0.000020
   32    -0.000000,    0.000000,    0.000118,    0.000023,   -0.000060
   33     0.000000,   -0.000000,    0.000022,    0.000005,   -0.000002
   34    -0.000000,    0.000000,    0.000001,    0.000001,   -0.000001
   35     0.000000,    0.000000,    0.000002,   -0.000002,   -0.000002
   36     0.000000,   -0.000000,   -0.000005,   -0.000002,    0.000003
   37    -0.000000,   -0.000000,    0.000001,    0.000005,   -0.000000
   38    -0.000000,   -0.000000,   -0.000010,    0.000000,    0.000009
   39    -0.000000,   -0.000000,   -0.000022,    0.000001,    0.000014
   40     0.000000,    0.000000,    0.000001,   -0.000001,   -0.000001
   41    -0.000000,    0.000000,    0.000000,    0.000000,   -0.000001
   42     0.000000,   -0.000000,    0.000001,   -0.000000,   -0.000000
   43     0.000000,   -0.000000,   -0.000001,   -0.000000,    0.000000
   44     0.000000,    0.000000,    0.000001,   -0.000001,   -0.000001
   45     0.000000,    0.000000,    0.000051,   -0.000028,   -0.000020
   46     0.000000,    0.000000,    0.000118,   -0.000023,   -0.000060
   47    -0.000000,   -0.000000,    0.000022,   -0.000005,   -0.000002
   48     0.000000,    0.000000,    0.000001,   -0.000001,   -0.000001
   49    -0.000000,    0.000000,    0.000002,    0.000002,   -0.000002
   50     0.000000,    0.000000,    0.000005,   -0.000002,   -0.000003
   51     0.000000,   -0.000000,    0.000001,   -0.000005,   -0.000000
   52     0.000000,   -0.000000,   -0.000010,   -0.000000,    0.000009
   53    -0.000000,    0.000000,    0.000022,    0.000001,   -0.000014
   54    -0.000000,    0.000000,    0.000001,    0.000001,   -0.000001
   55    -0.000000,   -0.000000,   -0.000000,    0.000000,    0.000001
   56    -0.000000,   -0.000000,    0.000001,    0.000000,   -0.000000
   57     0.000000,    0.000000,    0.000001,   -0.000000,   -0.000000
   58    -0.000000,    0.000000,    0.000001,    0.000001,   -0.000001
   59    -0.000000,    0.000002,   -0.000046,    0.000000,    0.000009
   60    -0.000000,    0.000002,   -0.000139,    0.000000,    0.000060
   61    -0.000000,    0.000001,    0.000026,    0.000000,   -0.000031
   62     0.000000,   -0.000000,    0.000008,   -0.000000,   -0.000004
   63    -0.000000,    0.000000,    0.000006,    0.000000,   -0.000004
   64    -0.000000,    0.000000,    0.000000,    0.000002,   -0.000000
   65    -0.000000,    0.000000,    0.000045,    0.000000,   -0.000028
   66     0.000000,    0.000000,    0.000014,    0.000000,   -0.000010
   67    -0.000000,    0.000000,    0.000000,    0.000004,   -0.000000
   68     0.000000,   -0.000000,   -0.000004,   -0.000000,    0.000003
   69     0.000000,    0.000000,   -0.000000,   -0.000000,    0.000000
   70     0.000000,   -0.000000,    0.000001,    0.000000,   -0.000001
   71     0.000000,   -0.000000,   -0.000000,   -0.000001,    0.000000
   72    -0.000000,   -0.000000,   -0.000003,   -0.000000,    0.000002
   73     0.000000,   -0.000009,    0.000217,    0.000000,   -0.000046
   74     0.000000,   -0.000014,    0.000300,    0.000000,   -0.000054
   75    -0.000000,    0.000010,   -0.000030,   -0.000000,   -0.000048
   76    -0.000000,    0.000012,    0.000064,    0.000000,   -0.000164
   77    -0.000000,   -0.000011,   -0.000220,   -0.000000,    0.000304
   78     0.000000,   -0.000017,    0.000173,   -0.000000,    0.000118
   79    -0.000000,    0.000000,   -0.000120,    0.000000,   -0.000031
   80    -0.000002,   -0.000000,    0.000000,    0.000017,    0.000000
   81     0.000000,   -0.000011,    0.000166,   -0.000000,    0.000049
   82    -0.000000,    0.000001,   -0.000189,    0.000000,    0.000039
   83    -0.000001,   -0.000000,    0.000000,    0.000044,    0.000000
   84     0.000000,   -0.000002,    0.000112,   -0.000000,   -0.000044
   85    -0.000000,   -0.000003,   -0.000073,    0.000000,    0.000069
   86    -0.000001,   -0.000000,    0.000000,    0.000074,   -0.000000
   87     0.000000,   -0.000001,   -0.000062,   -0.000000,    0.000043
   88     0.000000,    0.000000,   -0.000000,   -0.000005,   -0.000000
   89     0.000000,   -0.000000,    0.000027,   -0.000000,   -0.000010
   90    -0.000000,   -0.000000,    0.000000,    0.000026,    0.000000
   91    -0.000000,    0.000001,   -0.000018,    0.000000,    0.000003
   92     0.000000,   -0.000001,   -0.000184,   -0.000000,    0.000129
   93     0.000000,    0.000000,   -0.000000,   -0.000024,    0.000000
   94     0.000000,   -0.000001,    0.000113,   -0.000000,   -0.000062
   95    -0.000001,   -0.000000,    0.000000,    0.000068,   -0.000000
   96    -0.000000,    0.000000,   -0.000052,    0.000000,    0.000030
   97    -0.000000,    0.000000,    0.000024,    0.000000,   -0.000018
   98    -0.000000,    0.000000,   -0.000000,    0.000002,    0.000000
   99     0.000000,   -0.000000,   -0.000010,   -0.000000,    0.000009
  100    -0.000000,   -0.000000,    0.000000,    0.000008,    0.000000
  101    -0.000000,    0.000000,   -0.000001,    0.000000,   -0.000001
  102     0.000000,    0.000000,   -0.000000,   -0.000011,    0.000000
  103     0.000000,   -0.000000,    0.000013,   -0.000000,   -0.000005
  104     0.000001,    0.000000,    0.000082,   -0.000029,   -0.000018
  105     0.000001,   -0.000000,    0.000018,   -0.000012,    0.000040
  106     0.000001,    0.000001,    0.000060,   -0.000003,   -0.000033
  107     0.000000,   -0.000000,    0.000004,   -0.000002,   -0.000000
  108     0.000000,   -0.000000,    0.000001,   -0.000001,    0.000000
  109     0.000000,   -0.000000,    0.000005,   -0.000001,    0.000000
  110     0.000000,   -0.000000,    0.000030,   -0.000009,   -0.000018
  111    -0.000000,    0.000000,   -0.000015,    0.000005,    0.000009
  112    -0.000000,   -0.000000,   -0.000034,    0.000010,    0.000031
  113     0.000000,   -0.000000,    0.000001,   -0.000001,   -0.000000
  114     0.000000,    0.000000,   -0.000001,    0.000000,    0.000001
  115     0.000000,   -0.000000,    0.000001,   -0.000001,    0.000001
  116     0.000000,   -0.000000,    0.000004,   -0.000001,   -0.000002
  117    -0.000000,    0.000000,   -0.000001,    0.000001,    0.000001
  118    -0.000001,    0.000000,    0.000082,    0.000029,   -0.000018
  119    -0.000001,   -0.000000,    0.000018,    0.000012,    0.000040
  120    -0.000001,    0.000001,    0.000060,    0.000003,   -0.000033
  121    -0.000000,   -0.000000,    0.000004,    0.000002,   -0.000000
  122    -0.000000,   -0.000000,    0.000001,    0.000001,    0.000000
  123     0.000000,    0.000000,   -0.000005,   -0.000001,   -0.000000
  124    -0.000000,   -0.000000,    0.000030,    0.000009,   -0.000018
  125     0.000000,    0.000000,   -0.000015,   -0.000005,    0.000009
  126    -0.000000,    0.000000,    0.000034,    0.000010,   -0.000031
  127    -0.000000,   -0.000000,    0.000001,    0.000001,   -0.000000
  128     0.000000,   -0.000000,    0.000001,    0.000000,   -0.000001
  129    -0.000000,   -0.000000,    0.000001,    0.000001,    0.000001
  130     0.000000,    0.000000,   -0.000004,   -0.000001,    0.000002
  131     0.000000,    0.000000,   -0.000001,   -0.000001,    0.000001
  132     0.000000,    0.000006,    0.000117,   -0.000000,   -0.000136
  133     0.000000,    0.000008,    0.000329,   -0.000000,   -0.000322
  134    -0.000000,    0.000000,   -0.000807,    0.000000,    0.000666
  135    -0.000000,   -0.000003,   -0.000792,   -0.000000,    0.000653
  136    -0.000000,    0.000007,    0.000309,    0.000000,   -0.000302
  137    -0.000000,    0.000025,    0.000229,    0.000000,   -0.000495
  138    -0.000000,    0.000017,    0.002022,    0.000000,   -0.001387
  139     0.000014,    0.000000,   -0.000000,   -0.001057,   -0.000000
  140    -0.000000,    0.000016,    0.000215,    0.000000,   -0.000356
  141    -0.000000,    0.000013,    0.001478,    0.000000,   -0.001017
  142     0.000010,    0.000000,   -0.000000,   -0.000732,   -0.000000
  143    -0.000000,    0.000005,    0.000075,    0.000000,   -0.000117
  144    -0.000000,    0.000003,    0.000370,   -0.000000,   -0.000234
  145     0.000003,   -0.000000,   -0.000000,   -0.000248,    0.000000
  146     0.000000,   -0.000001,   -0.000038,    0.000000,    0.000024
  147     0.000001,    0.000000,   -0.000000,   -0.000032,   -0.000000
  148     0.000000,   -0.000000,    0.000045,   -0.000000,   -0.000021
  149    -0.000000,   -0.000000,    0.000000,    0.000024,    0.000000
  150    -0.000000,    0.000001,    0.000018,    0.000000,   -0.000022
  151    -0.000000,   -0.000001,    0.000003,    0.000000,   -0.000004
  152     0.000001,   -0.000000,    0.000000,    0.000001,   -0.000000
  153     0.000000,    0.000000,    0.000020,   -0.000000,   -0.000006
  154    -0.000001,   -0.000000,    0.000000,    0.000032,    0.000000
  155    -0.000000,    0.000000,    0.000053,   -0.000000,   -0.000036
  156    -0.000000,    0.000000,    0.000004,    0.000000,   -0.000004
  157    -0.000000,    0.000000,    0.000000,   -0.000000,    0.000000
  158    -0.000000,    0.000000,   -0.000007,   -0.000000,    0.000005
  159    -0.000000,    0.000000,   -0.000000,    0.000005,   -0.000000
  160     0.000000,   -0.000000,    0.000001,    0.000000,    0.000002
  161     0.000000,   -0.000000,    0.000000,   -0.000000,    0.000000
  162    -0.000000,    0.000000,   -0.000006,    0.000000,    0.000001
  163    -0.000005,    0.000000,    0.000231,    0.000376,   -0.000086
  164    -0.000006,   -0.000000,    0.000308,    0.000439,   -0.000122
  165    -0.000002,   -0.000000,    0.000065,    0.000107,   -0.000017
  166    -0.000000,    0.000000,    0.000014,    0.000016,   -0.000012
  167     0.000000,    0.000000,    0.000019,   -0.000023,   -0.000017
  168    -0.000000,   -0.000000,    0.000024,    0.000021,   -0.000009
  169    -0.000000,    0.000001,    0.000026,    0.000015,   -0.000027
  170     0.000000,    0.000001,    0.000066,   -0.000026,   -0.000057
  171     0.000000,   -0.000000,    0.000028,    0.000009,   -0.000010
  172     0.000000,   -0.000000,    0.000001,   -0.000003,    0.000000
  173     0.000000,    0.000000,    0.000010,   -0.000003,   -0.000009
  174     0.000000,    0.000000,    0.000009,   -0.000003,   -0.000005
  175    -0.000000,    0.000000,    0.000006,    0.000003,   -0.000005
  176     0.000000,    0.000000,    0.000010,   -0.000001,   -0.000009
  177     0.000005,    0.000000,    0.000231,   -0.000376,   -0.000086
  178     0.000006,   -0.000000,    0.000308,   -0.000439,   -0.000122
  179     0.000002,   -0.000000,    0.000065,   -0.000107,   -0.000017
  180     0.000000,    0.000000,    0.000014,   -0.000016,   -0.000012
  181    -0.000000,    0.000000,    0.000019,    0.000023,   -0.000017
  182    -0.000000,    0.000000,   -0.000024,    0.000021,    0.000009
  183     0.000000,    0.000001,    0.000026,   -0.000015,   -0.000027
  184    -0.000000,    0.000001,    0.000066,    0.000026,   -0.000057
  185     0.000000,    0.000000,   -0.000028,    0.000009,    0.000010
  186    -0.000000,   -0.000000,    0.000001,    0.000003,    0.000000
  187     0.000000,   -0.000000,   -0.000010,   -0.000003,    0.000009
  188    -0.000000,    0.000000,    0.000009,    0.000003,   -0.000005
  189    -0.000000,   -0.000000,   -0.000006,    0.000003,    0.000005
  190    -0.000000,    0.000000,    0.000010,    0.000001,   -0.000009
  191    -0.000000,   -0.000000,   -0.000001,    0.000000,    0.000001
  192     0.000000,   -0.000000,   -0.000002,   -0.000000,    0.000002
  193     0.000000,    0.000001,    0.000106,   -0.000000,   -0.000060
  194     0.000000,    0.000008,    0.001160,   -0.000000,   -0.000667
  195    -0.000000,   -0.000021,   -0.003000,    0.000000,    0.001687
  196    -0.000000,   -0.000007,   -0.000942,    0.000000,    0.000567
  197     0.000000,    0.000000,   -0.000008,   -0.000000,    0.000005
  198     0.000000,   -0.000000,   -0.000007,   -0.000000,    0.000006
  199     0.000000,   -0.000000,    0.000000,   -0.000004,    0.000000
  200    -0.000000,   -0.000001,    0.000182,    0.000000,   -0.000114
  201    -0.000000,    0.000004,    0.000156,    0.000000,   -0.000135
  202    -0.000000,    0.000000,   -0.000000,    0.000088,   -0.000000
  203     0.000000,    0.000004,   -0.000918,   -0.000000,    0.000571
  204     0.000000,   -0.000018,   -0.000764,   -0.000000,    0.000663
  205     0.000000,   -0.000000,    0.000000,   -0.000450,    0.000000
  206     0.000000,    0.000006,   -0.001728,   -0.000000,    0.001086
  207     0.000000,   -0.000034,   -0.001464,   -0.000000,    0.001279
  208     0.000001,   -0.000000,    0.000000,   -0.000830,    0.000000
  209     0.000000,    0.000004,   -0.000510,   -0.000000,    0.000314
  210     0.000000,   -0.000010,   -0.000277,   -0.000000,    0.000288
  211    -0.000000,   -0.000000,    0.000000,   -0.000300,    0.000000
  212     0.000000,   -0.000000,   -0.000000,   -0.000000,    0.000000
  213     0.000000,   -0.000000,   -0.000000,   -0.000000,    0.000000
  214    -0.000000,    0.000000,    0.000000,    0.000000,   -0.000000
  215     0.000000,   -0.000000,   -0.000000,   -0.000000,    0.000000
  216    -0.000000,    0.000000,    0.000000,    0.000000,   -0.000000
  217    -0.000000,    0.000000,    0.000026,    0.000000,   -0.000018
  218    -0.000000,    0.000000,    0.000000,    0.000005,   -0.000000
  219     0.000000,   -0.000000,   -0.000018,   -0.000000,    0.000013
  220    -0.000000,    0.000000,    0.000000,    0.000002,   -0.000000
  221     0.000000,   -0.000000,   -0.000012,   -0.000000,    0.000010
  222     0.000000,   -0.000001,   -0.000187,   -0.000000,    0.000131
  223     0.000000,    0.000000,   -0.000000,   -0.000042,    0.000000
  224    -0.000000,    0.000001,    0.000119,    0.000000,   -0.000089
  225     0.000000,   -0.000000,   -0.000000,   -0.000020,    0.000000
  226    -0.000000,    0.000002,    0.000080,    0.000000,   -0.000073
  227     0.000000,   -0.000001,   -0.000126,   -0.000000,    0.000101
  228     0.000000,    0.000000,    0.000000,   -0.000037,   -0.000000
  229    -0.000000,    0.000001,    0.000071,    0.000000,   -0.000062
  230     0.000000,   -0.000000,    0.000000,   -0.000017,    0.000000
  231    -0.000000,    0.000002,    0.000043,    0.000000,   -0.000049
  232    -0.000000,    0.000000,   -0.000010,    0.000000,    0.000000
  233     0.000000,    0.000000,   -0.000000,   -0.000015,    0.000000
  234    -0.000000,    0.000001,    0.000051,    0.000000,   -0.000041
  235    -0.000000,   -0.000000,    0.000000,    0.000015,   -0.000000
  236    -0.000000,    0.000000,    0.000033,    0.000000,   -0.000024
  237    -0.000000,   -0.000000,    0.000000,    0.000012,    0.000000
  238    -0.000000,    0.000001,    0.000079,    0.000000,   -0.000060
               220,         221,         222,         223,         224
    0    -0.000000,   -0.000021,   -0.000464,    0.000000,    0.000285
    1    -0.000000,   -0.000046,   -0.000869,    0.000000,    0.000537
    2     0.000000,    0.000087,    0.001376,   -0.000000,   -0.000836
    3     0.000000,    0.000168,    0.001544,   -0.000000,   -0.001134
    4    -0.000000,   -0.000294,   -0.001556,    0.000000,    0.001594
    5     0.000000,   -0.000141,    0.000171,   -0.000000,    0.000161
    6    -0.000000,   -0.000200,   -0.001580,   -0.000000,    0.000889
    7     0.000060,   -0.000000,   -0.000000,   -0.000563,    0.000000
    8     0.000000,   -0.000135,   -0.000506,   -0.000000,    0.000531
    9    -0.000000,   -0.000147,   -0.000370,   -0.000000,    0.000265
   10     0.000047,   -0.000000,   -0.000000,   -0.000422,    0.000000
   11     0.000000,    0.000014,    0.000587,   -0.000000,   -0.000380
   12     0.000000,    0.000037,   -0.000089,   -0.000000,   -0.000146
   13     0.000012,   -0.000000,   -0.000000,   -0.000053,    0.000000
   14     0.000000,   -0.000006,   -0.000021,   -0.000000,    0.000032
   15     0.000001,   -0.000000,   -0.000000,    0.000019,    0.000000
   16    -0.000000,    0.000004,    0.000013,    0.000000,   -0.000024
   17    -0.000000,    0.000000,    0.000000,    0.000002,   -0.000000
   18     0.000000,   -0.000023,   -0.000003,   -0.000000,    0.000050
   19     0.000000,   -0.000008,   -0.000079,    0.000000,    0.000064
   20     0.000001,   -0.000000,   -0.000000,    0.000028,    0.000000
   21    -0.000000,    0.000012,    0.000526,    0.000000,   -0.000309
   22    -0.000001,    0.000000,    0.000000,    0.000006,   -0.000000
   23     0.000000,   -0.000043,   -0.000203,   -0.000000,    0.000204
   24    -0.000000,    0.000011,    0.000020,    0.000000,   -0.000033
   25    -0.000000,    0.000000,    0.000000,   -0.000002,   -0.000000
   26    -0.000000,    0.000005,    0.000034,    0.000000,   -0.000027
   27     0.000000,   -0.000000,   -0.000000,    0.000002,    0.000000
   28     0.000000,   -0.000002,   -0.000017,    0.000000,    0.000014
   29    -0.000001,   -0.000000,    0.000000,    0.000020,   -0.000000
   30     0.000000,    0.000003,    0.000012,   -0.000000,   -0.000010
   31     0.000017,    0.000000,   -0.000124,   -0.000114,   -0.000005
   32     0.000012,   -0.000006,   -0.000658,   -0.000037,    0.000271
   33     0.000000,    0.000019,   -0.000019,    0.000033,   -0.000066
   34     0.000000,   -0.000002,   -0.000002,   -0.000003,    0.000003
   35    -0.000001,   -0.000002,   -0.000019,    0.000013,    0.000014
   36    -0.000001,    0.000001,    0.000017,    0.000008,   -0.000005
   37     0.000003,    0.000000,   -0.000009,   -0.000041,    0.000001
   38     0.000001,    0.000005,    0.000145,   -0.000008,   -0.000096
   39     0.000001,    0.000007,    0.000174,   -0.000009,   -0.000100
   40    -0.000001,   -0.000001,   -0.000007,    0.000008,    0.000006
   41     0.000000,   -0.000001,   -0.000008,   -0.000001,    0.000007
   42    -0.000000,    0.000000,   -0.000003,    0.000000,   -0.000000
   43    -0.000000,    0.000000,    0.000005,   -0.000001,   -0.000002
   44    -0.000000,   -0.000001,   -0.000006,    0.000006,    0.000004
   45    -0.000017,    0.000000,   -0.000124,    0.000114,   -0.000005
   46    -0.000012,   -0.000006,   -0.000658,    0.000037,    0.000271
   47    -0.000000,    0.000019,   -0.000019,   -0.000033,   -0.000066
   48    -0.000000,   -0.000002,   -0.000002,    0.000003,    0.000003
   49     0.000001,   -0.000002,   -0.000019,   -0.000013,    0.000014
   50    -0.000001,   -0.000001,   -0.000017,    0.000008,    0.000005
   51    -0.000003,    0.000000,   -0.000009,    0.000041,    0.000001
   52    -0.000001,    0.000005,    0.000145,    0.000008,   -0.000096
   53     0.000001,   -0.000007,   -0.000174,   -0.000009,    0.000100
   54     0.000001,   -0.000001,   -0.000007,   -0.000008,    0.000006
   55     0.000000,    0.000001,    0.000008,   -0.000001,   -0.000007
   56     0.000000,    0.000000,   -0.000003,   -0.000000,   -0.000000
   57    -0.000000,   -0.000000,   -0.000005,   -0.000001,    0.000002
   58     0.000000,   -0.000001,   -0.000006,   -0.000006,    0.000004
   59     0.000000,   -0.000067,    0.000278,   -0.000000,    0.000011
   60     0.000000,   -0.000078,    0.000974,    0.000000,   -0.000336
   61     0.000000,   -0.000053,   -0.000261,   -0.000000,    0.000253
   62    -0.000000,    0.000003,   -0.000053,    0.000000,    0.000021
   63     0.000000,   -0.000006,   -0.000023,   -0.000000,    0.000019
   64     0.000001,   -0.000000,   -0.000000,   -0.000013,    0.000000
   65     0.000000,   -0.000009,   -0.000329,   -0.000000,    0.000191
   66    -0.000000,   -0.000010,   -0.000092,    0.000000,    0.000061
   67     0.000002,   -0.000000,   -0.000000,   -0.000024,    0.000000
   68    -0.000000,    0.000003,    0.000018,    0.000000,   -0.000013
   69    -0.000000,    0.000000,    0.000000,    0.000002,   -0.000000
   70    -0.000000,    0.000000,   -0.000008,   -0.000000,    0.000003
   71    -0.000001,    0.000000,    0.000000,    0.000009,   -0.000000
   72    -0.000000,    0.000001,    0.000021,    0.000000,   -0.000012
   73    -0.000000,    0.000205,   -0.000299,   -0.000000,   -0.000036
   74    -0.000000,    0.000368,   -0.000278,   -0.000000,   -0.000197
   75     0.000000,   -0.000440,   -0.000724,    0.000000,    0.000739
   76     0.000000,   -0.000579,   -0.002358,   -0.000000,    0.002091
   77     0.000000,    0.000540,    0.003842,   -0.000000,   -0.003476
   78    -0.000000,    0.000768,   -0.002126,    0.000000,   -0.000385
   79     0.000000,   -0.000016,    0.000372,   -0.000000,    0.000387
   80     0.000020,    0.000000,   -0.000000,   -0.000882,   -0.000000
   81    -0.000000,    0.000523,   -0.001874,    0.000000,   -0.000026
   82     0.000000,   -0.000041,    0.001085,   -0.000000,   -0.000128
   83     0.000030,    0.000000,   -0.000000,   -0.000888,   -0.000000
   84    -0.000000,    0.000087,   -0.001154,    0.000000,    0.000444
   85     0.000000,    0.000148,    0.001084,   -0.000000,   -0.000870
   86     0.000031,   -0.000000,   -0.000000,   -0.000795,    0.000000
   87    -0.000000,    0.000036,    0.000468,    0.000000,   -0.000298
   88    -0.000004,   -0.000000,    0.000000,    0.000077,    0.000000
   89    -0.000000,    0.000009,   -0.000217,    0.000000,    0.000080
   90     0.000015,    0.000000,   -0.000000,   -0.000237,   -0.000000
   91     0.000000,   -0.000029,    0.000184,   -0.000000,   -0.000046
   92    -0.000000,    0.000081,    0.001430,    0.000000,   -0.000892
   93    -0.000016,   -0.000000,    0.000000,    0.000256,   -0.000000
   94    -0.000000,    0.000015,   -0.000901,    0.000000,    0.000428
   95     0.000042,    0.000000,   -0.000000,   -0.000609,    0.000000
   96     0.000000,   -0.000011,    0.000563,   -0.000000,   -0.000302
   97     0.000000,   -0.000015,   -0.000212,   -0.000000,    0.000143
   98     0.000001,   -0.000000,    0.000000,   -0.000014,   -0.000000
   99    -0.000000,    0.000009,    0.000117,    0.000000,   -0.000079
  100     0.000005,    0.000000,   -0.000000,   -0.000072,    0.000000
  101     0.000000,   -0.000010,    0.000022,   -0.000000,    0.000003
  102    -0.000007,   -0.000000,    0.000000,    0.000097,   -0.000000
  103    -0.000000,    0.000008,   -0.000078,    0.000000,    0.000027
  104    -0.000023,   -0.000015,   -0.000845,    0.000528,    0.000255
  105    -0.000016,    0.000030,   -0.000105,    0.000430,   -0.000279
  106    -0.000018,   -0.000041,   -0.000499,    0.000149,    0.000288
  107    -0.000001,    0.000011,   -0.000028,    0.000009,    0.000001
  108    -0.000001,    0.000002,   -0.000025,    0.000025,    0.000003
  109    -0.000001,    0.000001,   -0.000060,    0.000026,    0.000008
  110    -0.000003,    0.000009,   -0.000339,    0.000070,    0.000179
  111     0.000003,    0.000001,    0.000096,   -0.000031,   -0.000056
  112     0.000006,    0.000018,    0.000356,   -0.000086,   -0.000261
  113    -0.000000,    0.000002,   -0.000011,    0.000004,    0.000003
  114    -0.000000,    0.000001,   -0.000001,    0.000001,   -0.000003
  115    -0.000000,    0.000002,   -0.000003,    0.000004,   -0.000007
  116    -0.000000,    0.000003,   -0.000044,    0.000007,    0.000020
  117     0.000000,   -0.000000,    0.000021,   -0.000009,   -0.000012
  118     0.000023,   -0.000015,   -0.000845,   -0.000528,    0.000255
  119     0.000016,    0.000030,   -0.000105,   -0.000430,   -0.000279
  120     0.000018,   -0.000041,   -0.000499,   -0.000149,    0.000288
  121     0.000001,    0.000011,   -0.000028,   -0.000009,    0.000001
  122     0.000001,    0.000002,   -0.000025,   -0.000025,    0.000003
  123    -0.000001,   -0.000001,    0.000060,    0.000026,   -0.000008
  124     0.000003,    0.000009,   -0.000339,   -0.000070,    0.000179
  125    -0.000003,    0.000001,    0.000096,    0.000031,   -0.000056
  126     0.000006,   -0.000018,   -0.000356,   -0.000086,    0.000261
  127     0.000000,    0.000002,   -0.000011,   -0.000004,    0.000003
  128    -0.000000,   -0.000001,    0.000001,    0.000001,    0.000003
  129     0.000000,    0.000002,   -0.000003,   -0.000004,   -0.000007
  130    -0.000000,   -0.000003,    0.000044,    0.000007,   -0.000020
  131    -0.000000,   -0.000000,    0.000021,    0.000009,   -0.000012
  132    -0.000000,   -0.000198,   -0.001851,    0.000000,    0.001459
  133    -0.000000,   -0.000395,   -0.004324,    0.000000,    0.003306
  134     0.000000,    0.000627,    0.008905,   -0.000000,   -0.006547
  135     0.000000,    0.000649,    0.008329,    0.000000,   -0.006129
  136     0.000000,   -0.000311,   -0.004695,   -0.000000,    0.003348
  137     0.000000,   -0.001348,   -0.002563,   -0.000000,    0.004150
  138     0.000000,   -0.000861,   -0.015963,   -0.000000,    0.010025
  139    -0.000626,   -0.000000,    0.000000,    0.009280,    0.000000
  140     0.000000,   -0.000868,   -0.001931,   -0.000000,    0.002793
  141     0.000000,   -0.000661,   -0.011525,   -0.000000,    0.007306
  142    -0.000440,   -0.000000,   -0.000000,    0.006447,    0.000000
  143     0.000000,   -0.000286,   -0.000757,    0.000000,    0.001021
  144     0.000000,   -0.000157,   -0.002309,   -0.000000,    0.001435
  145    -0.000138,    0.000000,    0.000000,    0.002191,   -0.000000
  146    -0.000000,    0.000025,    0.000227,   -0.000000,   -0.000149
  147    -0.000022,   -0.000000,    0.000000,    0.000287,    0.000000
  148    -0.000000,    0.000010,   -0.000292,    0.000000,    0.000123
  149     0.000013,    0.000000,   -0.000000,   -0.000224,   -0.000000
  150     0.000000,   -0.000042,   -0.000117,   -0.000000,    0.000132
  151     0.000000,    0.000033,   -0.000227,   -0.000000,    0.000093
  152    -0.000013,   -0.000000,   -0.000000,    0.000026,    0.000000
  153    -0.000000,    0.000003,   -0.000066,    0.000000,    0.000025
  154     0.000020,    0.000000,    0.000000,   -0.000328,   -0.000000
  155     0.000000,   -0.000005,   -0.000314,    0.000000,    0.000139
  156     0.000000,   -0.000007,   -0.000045,   -0.000000,    0.000047
  157     0.000001,   -0.000000,    0.000000,    0.000003,   -0.000000
  158    -0.000000,    0.000004,    0.000054,    0.000000,   -0.000039
  159     0.000001,   -0.000000,   -0.000000,   -0.000034,    0.000000
  160    -0.000000,    0.000010,   -0.000005,   -0.000000,   -0.000015
  161    -0.000001,    0.000000,    0.000000,   -0.000003,   -0.000000
  162     0.000000,   -0.000005,    0.000043,    0.000000,   -0.000014
  163     0.000227,    0.000132,   -0.001207,   -0.003333,    0.000214
  164     0.000261,    0.000152,   -0.001663,   -0.003877,    0.000380
  165     0.000076,    0.000043,   -0.000202,   -0.000984,   -0.000042
  166     0.000009,   -0.000016,   -0.000098,   -0.000136,    0.000080
  167    -0.000013,   -0.000024,   -0.000184,    0.000202,    0.000152
  168     0.000013,    0.000014,   -0.000125,   -0.000189,    0.000021
  169     0.000010,   -0.000043,   -0.000241,   -0.000134,    0.000213
  170    -0.000011,   -0.000064,   -0.000673,    0.000219,    0.000505
  171     0.000002,    0.000025,   -0.000158,   -0.000073,    0.000016
  172    -0.000002,    0.000004,   -0.000005,    0.000022,   -0.000004
  173    -0.000002,   -0.000011,   -0.000098,    0.000028,    0.000077
  174    -0.000001,    0.000001,   -0.000068,    0.000023,    0.000032
  175     0.000002,   -0.000008,   -0.000049,   -0.000027,    0.000042
  176    -0.000000,   -0.000010,   -0.000092,    0.000011,    0.000071
  177    -0.000227,    0.000132,   -0.001207,    0.003333,    0.000214
  178    -0.000261,    0.000152,   -0.001663,    0.003877,    0.000380
  179    -0.000076,    0.000043,   -0.000202,    0.000984,   -0.000042
  180    -0.000009,   -0.000016,   -0.000098,    0.000136,    0.000080
  181     0.000013,   -0.000024,   -0.000184,   -0.000202,    0.000152
  182     0.000013,   -0.000014,    0.000125,   -0.000189,   -0.000021
  183    -0.000010,   -0.000043,   -0.000241,    0.000134,    0.000213
  184     0.000011,   -0.000064,   -0.000673,   -0.000219,    0.000505
  185     0.000002,   -0.000025,    0.000158,   -0.000073,   -0.000016
  186     0.000002,    0.000004,   -0.000005,   -0.000022,   -0.000004
  187    -0.000002,    0.000011,    0.000098,    0.000028,   -0.000077
  188     0.000001,    0.000001,   -0.000068,   -0.000023,    0.000032
  189     0.000002,    0.000008,    0.000049,   -0.000027,   -0.000042
  190     0.000000,   -0.000010,   -0.000092,   -0.000011,    0.000071
  191     0.000000,    0.000000,    0.000004,   -0.000000,   -0.000002
  192    -0.000000,    0.000002,    0.000017,    0.000000,   -0.000012
  193    -0.000000,   -0.000042,   -0.000307,    0.000000,    0.000181
  194    -0.000000,   -0.000473,   -0.003597,    0.000000,    0.002175
  195     0.000000,    0.001169,    0.008254,   -0.000000,   -0.004826
  196     0.000000,    0.000394,    0.003855,   -0.000000,   -0.002389
  197    -0.000000,   -0.000001,    0.000063,    0.000000,   -0.000031
  198    -0.000000,    0.000008,    0.000061,    0.000000,   -0.000050
  199    -0.000001,    0.000000,   -0.000000,    0.000032,   -0.000000
  200     0.000000,    0.000013,   -0.001465,   -0.000000,    0.000710
  201     0.000000,   -0.000192,   -0.001407,   -0.000000,    0.001160
  202     0.000025,   -0.000000,    0.000000,   -0.000751,    0.000000
  203    -0.000000,   -0.000084,    0.007337,    0.000000,   -0.003505
  204    -0.000000,    0.000961,    0.006860,    0.000000,   -0.005702
  205    -0.000128,    0.000000,   -0.000000,    0.003861,   -0.000000
  206    -0.000000,   -0.000130,    0.014082,    0.000000,   -0.006842
  207    -0.000000,    0.001819,    0.013594,    0.000000,   -0.011163
  208    -0.000238,    0.000000,   -0.000000,    0.007117,   -0.000000
  209    -0.000000,   -0.000144,    0.004430,   -0.000000,   -0.001938
  210    -0.000000,    0.000524,    0.003335,    0.000000,   -0.002991
  211    -0.000069,    0.000000,   -0.000000,    0.002562,   -0.000000
  212    -0.000000,    0.000000,    0.000003,    0.000000,   -0.000002
  213    -0.000000,    0.000000,    0.000000,    0.000001,   -0.000000
  214     0.000000,   -0.000000,   -0.000002,   -0.000000,    0.000002
  215    -0.000000,    0.000000,    0.000000,    0.000000,   -0.000000
  216     0.000000,   -0.000000,   -0.000001,    0.000000,    0.000001
  217     0.000000,   -0.000012,   -0.000187,   -0.000000,    0.000119
  218     0.000002,   -0.000000,   -0.000000,   -0.000042,    0.000000
  219    -0.000000,    0.000010,    0.000131,    0.000000,   -0.000089
  220     0.000001,   -0.000000,   -0.000000,   -0.000022,    0.000000
  221    -0.000000,    0.000015,    0.000092,    0.000000,   -0.000078
  222    -0.000000,    0.000092,    0.001455,    0.000000,   -0.000945
  223    -0.000022,    0.000000,    0.000000,    0.000364,   -0.000000
  224     0.000000,   -0.000078,   -0.000945,   -0.000000,    0.000656
  225    -0.000010,    0.000000,    0.000000,    0.000173,   -0.000000
  226     0.000000,   -0.000109,   -0.000672,   -0.000000,    0.000583
  227    -0.000000,    0.000074,    0.001360,    0.000000,   -0.000902
  228    -0.000017,   -0.000000,   -0.000000,    0.000322,    0.000000
  229     0.000000,   -0.000062,   -0.000803,   -0.000000,    0.000579
  230    -0.000007,   -0.000000,   -0.000000,    0.000138,    0.000000
  231     0.000000,   -0.000089,   -0.000580,   -0.000000,    0.000518
  232     0.000000,   -0.000026,    0.000060,   -0.000000,    0.000027
  233    -0.000007,   -0.000000,   -0.000000,    0.000128,   -0.000000
  234     0.000000,   -0.000041,   -0.000451,   -0.000000,    0.000325
  235     0.000007,    0.000000,   -0.000000,   -0.000128,    0.000000
  236     0.000000,   -0.000016,   -0.000280,   -0.000000,    0.000181
  237     0.000006,    0.000000,   -0.000000,   -0.000106,    0.000000
  238     0.000000,   -0.000055,   -0.000688,   -0.000000,    0.000479
               225,         226,         227,         228,         229
    0     0.000000,    0.000215,   -0.000316,   -0.000000,    0.000202
    1     0.000000,    0.000472,   -0.000739,   -0.000000,    0.000453
    2    -0.000000,   -0.000871,    0.001569,    0.000000,   -0.000875
    3    -0.000000,   -0.001569,    0.003134,    0.000000,   -0.002026
    4    -0.000000,    0.002687,   -0.005671,    0.000000,    0.004293
    5    -0.000000,    0.001343,   -0.000683,    0.000000,    0.000748
    6     0.000000,    0.001725,   -0.001669,    0.000000,    0.000814
    7    -0.000471,    0.000000,   -0.000000,   -0.000085,   -0.000000
    8    -0.000000,    0.001233,   -0.001347,    0.000000,    0.001088
    9     0.000000,    0.001262,   -0.000327,    0.000000,    0.000210
   10    -0.000344,    0.000000,   -0.000000,   -0.000009,    0.000000
   11     0.000000,   -0.000190,    0.001512,   -0.000000,   -0.000965
   12     0.000000,   -0.000367,    0.000768,    0.000000,   -0.000763
   13    -0.000082,   -0.000000,   -0.000000,    0.000096,   -0.000000
   14    -0.000000,    0.000018,   -0.000043,    0.000000,    0.000037
   15    -0.000017,    0.000000,   -0.000000,    0.000025,   -0.000000
   16     0.000000,   -0.000017,    0.000051,   -0.000000,   -0.000046
   17     0.000000,   -0.000000,    0.000000,   -0.000001,   -0.000000
   18    -0.000000,    0.000172,   -0.000080,    0.000000,    0.000099
   19    -0.000000,    0.000014,   -0.000133,    0.000000,    0.000067
   20    -0.000039,    0.000000,   -0.000000,    0.000024,    0.000000
   21     0.000000,   -0.000076,    0.000702,   -0.000000,   -0.000387
   22    -0.000004,   -0.000000,    0.000000,   -0.000022,   -0.000000
   23    -0.000000,    0.000323,   -0.000353,    0.000000,    0.000306
   24     0.000000,   -0.000072,    0.000052,   -0.000000,   -0.000050
   25     0.000005,   -0.000000,    0.000000,   -0.000003,   -0.000000
   26     0.000000,   -0.000044,    0.000070,   -0.000000,   -0.000048
   27    -0.000005,    0.000000,   -0.000000,    0.000001,    0.000000
   28    -0.000000,    0.000010,   -0.000034,    0.000000,    0.000023
   29     0.000005,   -0.000000,    0.000000,    0.000012,   -0.000000
   30    -0.000000,   -0.000035,    0.000036,   -0.000000,   -0.000027
   31    -0.000152,   -0.000018,    0.000045,    0.000023,   -0.000123
   32    -0.000139,    0.000045,   -0.000640,    0.000051,    0.000207
   33    -0.000050,   -0.000160,    0.000314,   -0.000009,   -0.000283
   34    -0.000005,    0.000020,   -0.000010,    0.000000,    0.000008
   35     0.000010,    0.000022,   -0.000034,    0.000002,    0.000022
   36     0.000009,   -0.000008,    0.000009,   -0.000001,    0.000002
   37    -0.000018,    0.000011,   -0.000049,   -0.000009,    0.000021
   38    -0.000000,   -0.000042,    0.000282,    0.000011,   -0.000174
   39    -0.000005,   -0.000056,    0.000265,    0.000010,   -0.000142
   40     0.000004,    0.000008,   -0.000011,    0.000003,    0.000009
   41    -0.000001,    0.000005,   -0.000020,   -0.000002,    0.000014
   42    -0.000000,    0.000001,    0.000000,   -0.000000,   -0.000003
   43     0.000000,   -0.000006,    0.000010,   -0.000002,   -0.000005
   44     0.000003,    0.000008,   -0.000005,    0.000005,    0.000003
   45     0.000152,   -0.000018,    0.000045,   -0.000023,   -0.000123
   46     0.000139,    0.000045,   -0.000640,   -0.000051,    0.000207
   47     0.000050,   -0.000160,    0.000314,    0.000009,   -0.000283
   48     0.000005,    0.000020,   -0.000010,   -0.000000,    0.000008
   49    -0.000010,    0.000022,   -0.000034,   -0.000002,    0.000022
   50     0.000009,    0.000008,   -0.000009,   -0.000001,   -0.000002
   51     0.000018,    0.000011,   -0.000049,    0.000009,    0.000021
   52     0.000000,   -0.000042,    0.000282,   -0.000011,   -0.000174
   53    -0.000005,    0.000056,   -0.000265,    0.000010,    0.000142
   54    -0.000004,    0.000008,   -0.000011,   -0.000003,    0.000009
   55    -0.000001,   -0.000005,    0.000020,   -0.000002,   -0.000014
   56     0.000000,    0.000001,    0.000000,    0.000000,   -0.000003
   57     0.000000,    0.000006,   -0.000010,   -0.000002,    0.000005
   58    -0.000003,    0.000008,   -0.000005,   -0.000005,    0.000003
   59    -0.000000,    0.000554,   -0.000141,    0.000000,    0.000307
   60     0.000000,    0.000637,    0.000492,    0.000000,   -0.000002
   61     0.000000,    0.000405,   -0.000598,    0.000000,    0.000435
   62     0.000000,   -0.000024,   -0.000024,   -0.000000,   -0.000003
   63    -0.000000,    0.000047,   -0.000032,    0.000000,    0.000022
   64    -0.000009,    0.000000,   -0.000000,   -0.000004,   -0.000000
   65    -0.000000,    0.000062,   -0.000320,   -0.000000,    0.000177
   66    -0.000000,    0.000085,   -0.000153,    0.000000,    0.000085
   67    -0.000015,    0.000000,   -0.000000,   -0.000004,   -0.000000
   68     0.000000,   -0.000025,    0.000025,   -0.000000,   -0.000016
   69     0.000000,   -0.000000,    0.000000,    0.000002,   -0.000000
   70    -0.000000,   -0.000004,   -0.000002,   -0.000000,   -0.000001
   71     0.000005,   -0.000000,    0.000000,    0.000003,   -0.000000
   72     0.000000,   -0.000008,    0.000018,    0.000000,   -0.000010
   73     0.000000,   -0.000831,    0.000235,   -0.000000,   -0.000023
   74     0.000000,   -0.001700,    0.000608,    0.000000,   -0.000184
   75    -0.000000,    0.002682,   -0.001413,   -0.000000,    0.000613
   76    -0.000000,    0.004134,   -0.005143,   -0.000000,    0.003254
   77     0.000000,   -0.004645,    0.009803,    0.000000,   -0.007364
   78     0.000000,   -0.005285,   -0.000517,   -0.000000,   -0.001199
   79    -0.000000,   -0.000423,   -0.000141,    0.000000,    0.000788
   80     0.000399,   -0.000000,    0.000000,   -0.000440,    0.000000
   81     0.000000,   -0.003569,   -0.001320,   -0.000000,   -0.000230
   82    -0.000000,   -0.000114,    0.001094,    0.000000,   -0.000018
   83     0.000136,   -0.000000,    0.000000,   -0.000572,    0.000000
   84     0.000000,   -0.000574,   -0.001546,   -0.000000,    0.000680
   85     0.000000,   -0.001416,    0.002704,   -0.000000,   -0.001956
   86    -0.000228,    0.000000,   -0.000000,   -0.000901,    0.000000
   87     0.000000,   -0.000264,    0.000577,   -0.000000,   -0.000345
   88     0.000002,    0.000000,   -0.000000,    0.000040,   -0.000000
   89     0.000000,   -0.000037,   -0.000217,   -0.000000,    0.000068
   90    -0.000097,   -0.000000,    0.000000,   -0.000152,    0.000000
   91    -0.000000,    0.000195,    0.000126,    0.000000,   -0.000008
   92     0.000000,   -0.000579,    0.001791,   -0.000000,   -0.001023
   93     0.000079,    0.000000,    0.000000,    0.000138,   -0.000000
   94     0.000000,   -0.000055,   -0.001116,   -0.000000,    0.000492
   95    -0.000270,   -0.000000,   -0.000000,   -0.000367,    0.000000
   96    -0.000000,    0.000024,    0.000830,   -0.000000,   -0.000459
   97    -0.000000,    0.000109,   -0.000288,    0.000000,    0.000182
   98    -0.000008,    0.000000,    0.000000,   -0.000003,   -0.000000
   99     0.000000,   -0.000064,    0.000191,   -0.000000,   -0.000116
  100    -0.000035,    0.000000,   -0.000000,   -0.000051,    0.000000
  101    -0.000000,    0.000069,    0.000025,    0.000000,   -0.000003
  102     0.000047,    0.000000,   -0.000000,    0.000064,    0.000000
  103     0.000000,   -0.000049,   -0.000047,    0.000000,    0.000012
  104    -0.000050,    0.000173,   -0.000806,    0.000254,    0.000121
  105    -0.000160,   -0.000257,    0.000817,    0.000103,   -0.000912
  106    -0.000074,    0.000320,   -0.000396,   -0.000308,    0.000236
  107     0.000014,   -0.000080,    0.000009,    0.000006,   -0.000016
  108    -0.000007,   -0.000018,   -0.000006,    0.000013,   -0.000015
  109    -0.000004,   -0.000001,   -0.000050,    0.000015,   -0.000009
  110     0.000047,   -0.000025,   -0.000593,    0.000100,    0.000327
  111    -0.000032,   -0.000037,    0.000152,   -0.000023,   -0.000090
  112    -0.000046,   -0.000174,    0.000764,   -0.000071,   -0.000503
  113     0.000004,   -0.000012,   -0.000014,    0.000002,    0.000006
  114    -0.000003,   -0.000010,    0.000008,   -0.000002,   -0.000010
  115     0.000003,   -0.000015,    0.000021,    0.000004,   -0.000024
  116     0.000005,   -0.000020,   -0.000068,    0.000007,    0.000037
  117    -0.000003,    0.000003,    0.000031,   -0.000008,   -0.000017
  118     0.000050,    0.000173,   -0.000806,   -0.000254,    0.000121
  119     0.000160,   -0.000257,    0.000817,   -0.000103,   -0.000912
  120     0.000074,    0.000320,   -0.000396,    0.000308,    0.000236
  121    -0.000014,   -0.000080,    0.000009,   -0.000006,   -0.000016
  122     0.000007,   -0.000018,   -0.000006,   -0.000013,   -0.000015
  123    -0.000004,    0.000001,    0.000050,    0.000015,    0.000009
  124    -0.000047,   -0.000025,   -0.000593,   -0.000100,    0.000327
  125     0.000032,   -0.000037,    0.000152,    0.000023,   -0.000090
  126    -0.000046,    0.000174,   -0.000764,   -0.000071,    0.000503
  127    -0.000004,   -0.000012,   -0.000014,   -0.000002,    0.000006
  128    -0.000003,    0.000010,   -0.000008,   -0.000002,    0.000010
  129    -0.000003,   -0.000015,    0.000021,   -0.000004,   -0.000024
  130     0.000005,    0.000020,    0.000068,    0.000007,   -0.000037
  131     0.000003,    0.000003,    0.000031,    0.000008,   -0.000017
  132     0.000000,    0.001632,   -0.001143,   -0.000000,    0.000475
  133     0.000000,    0.003562,   -0.003403,   -0.000000,    0.001816
  134    -0.000000,   -0.006694,    0.009483,    0.000000,   -0.005958
  135     0.000000,   -0.006397,    0.008448,    0.000000,   -0.005280
  136    -0.000000,    0.002881,   -0.011956,   -0.000000,    0.007889
  137    -0.000000,    0.010124,   -0.004732,    0.000000,    0.004930
  138    -0.000000,    0.005896,   -0.018363,    0.000000,    0.011212
  139     0.004308,    0.000000,   -0.000000,    0.006125,    0.000000
  140    -0.000000,    0.006426,   -0.003025,    0.000000,    0.003108
  141    -0.000000,    0.004525,   -0.012484,    0.000000,    0.007657
  142     0.002958,    0.000000,   -0.000000,    0.004062,    0.000000
  143    -0.000000,    0.002174,   -0.001145,    0.000000,    0.001254
  144    -0.000000,    0.000908,   -0.000843,    0.000000,    0.000526
  145     0.001007,   -0.000000,    0.000000,    0.001677,   -0.000000
  146     0.000000,   -0.000168,    0.000094,   -0.000000,   -0.000072
  147     0.000120,    0.000000,   -0.000000,    0.000097,   -0.000000
  148     0.000000,   -0.000101,   -0.000175,    0.000000,    0.000067
  149    -0.000086,   -0.000000,    0.000000,   -0.000169,    0.000000
  150    -0.000000,    0.000269,   -0.000127,    0.000000,    0.000089
  151    -0.000000,   -0.000210,   -0.000850,   -0.000000,    0.000450
  152    -0.000035,    0.000000,   -0.000000,   -0.000330,    0.000000
  153     0.000000,   -0.000042,    0.000344,    0.000000,   -0.000193
  154    -0.000102,   -0.000000,    0.000000,   -0.000189,    0.000000
  155    -0.000000,   -0.000073,   -0.000235,    0.000000,   -0.000003
  156    -0.000000,    0.000056,   -0.000057,    0.000000,    0.000067
  157     0.000002,   -0.000000,    0.000000,    0.000034,   -0.000000
  158     0.000000,   -0.000032,    0.000002,    0.000000,    0.000003
  159    -0.000024,    0.000000,   -0.000000,   -0.000053,   -0.000000
  160    -0.000000,   -0.000063,    0.000057,   -0.000000,   -0.000056
  161     0.000006,   -0.000000,    0.000000,   -0.000018,    0.000000
  162    -0.000000,    0.000021,   -0.000046,    0.000000,    0.000041
  163    -0.001511,   -0.001474,   -0.001295,   -0.002083,    0.000498
  164    -0.001775,   -0.001683,   -0.001551,   -0.002532,    0.000543
  165    -0.000400,   -0.000469,    0.000311,   -0.000339,   -0.000285
  166    -0.000064,    0.000101,   -0.000129,   -0.000084,    0.000101
  167     0.000094,    0.000200,   -0.000217,    0.000140,    0.000157
  168    -0.000086,   -0.000158,   -0.000115,   -0.000119,    0.000037
  169    -0.000064,    0.000309,   -0.000438,   -0.000078,    0.000329
  170     0.000115,    0.000530,   -0.001015,    0.000254,    0.000697
  171    -0.000045,   -0.000240,   -0.000240,   -0.000125,    0.000085
  172     0.000011,   -0.000026,    0.000005,    0.000010,   -0.000012
  173     0.000013,    0.000090,   -0.000127,    0.000023,    0.000089
  174     0.000011,   -0.000012,   -0.000092,    0.000019,    0.000050
  175    -0.000013,    0.000055,   -0.000084,   -0.000018,    0.000063
  176     0.000006,    0.000078,   -0.000129,    0.000017,    0.000089
  177     0.001511,   -0.001474,   -0.001295,    0.002083,    0.000498
  178     0.001775,   -0.001683,   -0.001551,    0.002532,    0.000543
  179     0.000400,   -0.000469,    0.000311,    0.000339,   -0.000285
  180     0.000064,    0.000101,   -0.000129,    0.000084,    0.000101
  181    -0.000094,    0.000200,   -0.000217,   -0.000140,    0.000157
  182    -0.000086,    0.000158,    0.000115,   -0.000119,   -0.000037
  183     0.000064,    0.000309,   -0.000438,    0.000078,    0.000329
  184    -0.000115,    0.000530,   -0.001015,   -0.000254,    0.000697
  185    -0.000045,    0.000240,    0.000240,   -0.000125,   -0.000085
  186    -0.000011,   -0.000026,    0.000005,   -0.000010,   -0.000012
  187     0.000013,   -0.000090,    0.000127,    0.000023,   -0.000089
  188    -0.000011,   -0.000012,   -0.000092,   -0.000019,    0.000050
  189    -0.000013,   -0.000055,    0.000084,   -0.000018,   -0.000063
  190    -0.000006,    0.000078,   -0.000129,   -0.000017,    0.000089
  191    -0.000000,   -0.000002,   -0.000008,    0.000000,    0.000005
  192     0.000000,   -0.000012,    0.000007,   -0.000000,   -0.000005
  193     0.000000,    0.000128,    0.001290,   -0.000000,   -0.000841
  194     0.000000,    0.001642,    0.013204,   -0.000000,   -0.008594
  195    -0.000000,   -0.003469,   -0.038221,    0.000000,    0.024865
  196     0.000000,   -0.001716,   -0.006919,    0.000000,    0.004617
  197     0.000000,    0.000007,    0.000080,    0.000000,   -0.000032
  198     0.000000,   -0.000066,    0.000078,   -0.000000,   -0.000062
  199     0.000017,   -0.000000,    0.000000,    0.000051,    0.000000
  200    -0.000000,   -0.000172,   -0.001868,   -0.000000,    0.000738
  201    -0.000000,    0.001522,   -0.001807,    0.000000,    0.001433
  202    -0.000396,    0.000000,   -0.000000,   -0.001200,   -0.000000
  203     0.000000,    0.001030,    0.009290,    0.000000,   -0.003572
  204     0.000000,   -0.007599,    0.008675,   -0.000000,   -0.006979
  205     0.002038,   -0.000000,    0.000000,    0.006213,    0.000000
  206     0.000000,    0.001611,    0.018559,    0.000000,   -0.007502
  207     0.000000,   -0.014520,    0.018539,   -0.000000,   -0.014470
  208     0.003755,   -0.000000,    0.000000,    0.011395,    0.000000
  209     0.000000,    0.001261,    0.007009,    0.000000,   -0.002710
  210     0.000000,   -0.004408,    0.006442,   -0.000000,   -0.005169
  211     0.001386,   -0.000000,    0.000000,    0.004569,    0.000000
  212     0.000000,   -0.000001,    0.000001,   -0.000000,   -0.000001
  213     0.000000,   -0.000000,    0.000000,    0.000001,   -0.000000
  214    -0.000000,    0.000001,   -0.000002,   -0.000000,    0.000001
  215     0.000000,   -0.000000,    0.000000,    0.000000,   -0.000000
  216    -0.000000,    0.000002,   -0.000001,    0.000000,    0.000001
  217    -0.000000,    0.000080,   -0.000126,    0.000000,    0.000071
  218    -0.000020,    0.000000,   -0.000000,   -0.000037,    0.000000
  219     0.000000,   -0.000073,    0.000101,   -0.000000,   -0.000062
  220    -0.000010,    0.000000,   -0.000000,   -0.000017,    0.000000
  221     0.000000,   -0.000109,    0.000074,   -0.000000,   -0.000062
  222     0.000000,   -0.000672,    0.001360,   -0.000000,   -0.000803
  223     0.000173,   -0.000000,    0.000000,    0.000322,   -0.000000
  224    -0.000000,    0.000583,   -0.000902,    0.000000,    0.000579
  225     0.000085,   -0.000000,    0.000000,    0.000157,   -0.000000
  226    -0.000000,    0.000847,   -0.000659,    0.000000,    0.000544
  227     0.000000,   -0.000659,    0.002470,   -0.000000,   -0.001522
  228     0.000157,    0.000000,   -0.000000,    0.000336,    0.000000
  229    -0.000000,    0.000544,   -0.001522,    0.000000,    0.000994
  230     0.000075,    0.000000,   -0.000000,    0.000172,    0.000000
  231    -0.000000,    0.000769,   -0.001216,    0.000000,    0.000910
  232    -0.000000,    0.000213,    0.000040,    0.000000,    0.000050
  233     0.000063,    0.000000,   -0.000000,    0.000126,    0.000000
  234    -0.000000,    0.000320,   -0.000570,    0.000000,    0.000379
  235    -0.000063,    0.000000,    0.000000,   -0.000125,   -0.000000
  236    -0.000000,    0.000122,   -0.000340,    0.000000,    0.000203
  237    -0.000049,   -0.000000,    0.000000,   -0.000096,   -0.000000
  238    -0.000000,    0.000434,   -0.000863,    0.000000,    0.000553
               230,         231,         232,         233,         234
    0    -0.000000,    0.000328,    0.000030,   -0.000000,    0.000152
    1    -0.000000,    0.000694,    0.000062,   -0.000000,    0.000306
    2     0.000000,   -0.001150,   -0.000057,    0.000000,   -0.000522
    3    -0.000000,   -0.002442,   -0.000317,   -0.000000,   -0.000854
    4    -0.000000,    0.005191,    0.000902,   -0.000000,    0.001444
    5     0.000000,    0.001441,    0.000561,   -0.000000,    0.000371
    6     0.000000,    0.002279,    0.000298,    0.000000,    0.000641
    7    -0.000567,   -0.000000,   -0.000000,   -0.000219,    0.000000
    8     0.000000,    0.001512,    0.000387,   -0.000000,    0.000498
    9     0.000000,    0.001610,    0.000428,    0.000000,    0.000290
   10    -0.000350,   -0.000000,   -0.000000,   -0.000149,    0.000000
   11     0.000000,   -0.000894,    0.000024,    0.000000,   -0.000284
   12     0.000000,   -0.000838,   -0.000230,    0.000000,   -0.000192
   13    -0.000084,   -0.000000,   -0.000000,   -0.000019,   -0.000000
   14     0.000000,   -0.000033,    0.000002,   -0.000000,    0.000011
   15    -0.000056,   -0.000000,   -0.000000,   -0.000006,    0.000000
   16    -0.000000,    0.000009,   -0.000004,    0.000000,   -0.000013
   17    -0.000000,   -0.000000,    0.000000,   -0.000000,   -0.000000
   18     0.000000,    0.000153,    0.000071,   -0.000000,    0.000048
   19    -0.000000,   -0.000090,   -0.000023,   -0.000000,    0.000023
   20    -0.000124,    0.000000,   -0.000000,   -0.000019,    0.000000
   21     0.000000,   -0.000135,    0.000096,    0.000000,   -0.000157
   22    -0.000031,   -0.000000,    0.000000,   -0.000007,   -0.000000
   23     0.000000,    0.000370,    0.000099,   -0.000000,    0.000141
   24    -0.000000,   -0.000056,   -0.000026,    0.000000,   -0.000023
   25     0.000013,    0.000000,    0.000000,    0.000002,   -0.000000
   26    -0.000000,   -0.000063,   -0.000011,   -0.000000,   -0.000021
   27    -0.000013,   -0.000000,   -0.000000,   -0.000002,    0.000000
   28    -0.000000,    0.000008,    0.000000,   -0.000000,    0.000008
   29    -0.000006,   -0.000000,   -0.000000,    0.000004,   -0.000000
   30    -0.000000,   -0.000061,   -0.000013,   -0.000000,   -0.000013
   31    -0.000250,    0.000080,   -0.000046,   -0.000067,   -0.000019
   32    -0.000321,    0.000266,   -0.000155,   -0.000060,    0.000124
   33    -0.000199,   -0.000236,   -0.000079,   -0.000031,   -0.000079
   34    -0.000009,    0.000024,    0.000007,   -0.000002,    0.000005
   35     0.000011,    0.000030,    0.000005,    0.000005,    0.000011
   36     0.000012,   -0.000019,    0.000002,    0.000004,   -0.000002
   37     0.000008,    0.000022,   -0.000002,   -0.000008,    0.000007
   38     0.000024,   -0.000105,    0.000016,    0.000003,   -0.000058
   39     0.000011,   -0.000106,    0.000021,    0.000000,   -0.000057
   40     0.000001,    0.000009,    0.000002,    0.000002,    0.000004
   41    -0.000004,    0.000008,    0.000000,   -0.000001,    0.000004
   42    -0.000000,    0.000002,   -0.000001,   -0.000000,   -0.000000
   43     0.000001,   -0.000010,   -0.000001,   -0.000000,   -0.000003
   44     0.000001,    0.000008,    0.000002,    0.000002,    0.000003
   45     0.000250,    0.000080,   -0.000046,    0.000067,   -0.000019
   46     0.000321,    0.000266,   -0.000155,    0.000060,    0.000124
   47     0.000199,   -0.000236,   -0.000079,    0.000031,   -0.000079
   48     0.000009,    0.000024,    0.000007,    0.000002,    0.000005
   49    -0.000011,    0.000030,    0.000005,   -0.000005,    0.000011
   50     0.000012,    0.000019,   -0.000002,    0.000004,    0.000002
   51    -0.000008,    0.000022,   -0.000002,    0.000008,    0.000007
   52    -0.000024,   -0.000105,    0.000016,   -0.000003,   -0.000058
   53     0.000011,    0.000106,   -0.000021,    0.000000,    0.000057
   54    -0.000001,    0.000009,    0.000002,   -0.000002,    0.000004
   55    -0.000004,   -0.000008,   -0.000000,   -0.000001,   -0.000004
   56     0.000000,    0.000002,   -0.000001,    0.000000,   -0.000000
   57     0.000001,    0.000010,    0.000001,   -0.000000,    0.000003
   58    -0.000001,    0.000008,    0.000002,   -0.000002,    0.000003
   59     0.000000,    0.000472,    0.000280,   -0.000000,    0.000120
   60     0.000000,    0.000360,    0.000458,    0.000000,   -0.000022
   61     0.000000,    0.000365,    0.000093,    0.000000,    0.000185
   62    -0.000000,   -0.000019,   -0.000021,    0.000000,    0.000002
   63     0.000000,    0.000049,    0.000013,    0.000000,    0.000015
   64    -0.000009,   -0.000000,   -0.000000,   -0.000005,    0.000000
   65    -0.000000,    0.000112,   -0.000044,   -0.000000,    0.000089
   66    -0.000000,    0.000098,    0.000009,    0.000000,    0.000041
   67    -0.000009,   -0.000000,   -0.000000,   -0.000007,    0.000000
   68    -0.000000,   -0.000025,   -0.000006,   -0.000000,   -0.000009
   69    -0.000001,   -0.000000,   -0.000000,    0.000000,   -0.000000
   70    -0.000000,   -0.000005,   -0.000003,   -0.000000,    0.000000
   71     0.000003,    0.000000,    0.000000,    0.000003,   -0.000000
   72     0.000000,   -0.000010,    0.000001,    0.000000,   -0.000006
   73    -0.000000,   -0.000463,   -0.000320,    0.000000,   -0.000140
   74    -0.000000,   -0.000945,   -0.000601,    0.000000,   -0.000307
   75     0.000000,    0.001283,    0.000712,   -0.000000,    0.000548
   76    -0.000000,    0.004020,    0.001015,   -0.000000,    0.001486
   77     0.000000,   -0.008215,   -0.001304,    0.000000,   -0.002657
   78    -0.000000,   -0.003353,   -0.002652,    0.000000,   -0.000764
   79     0.000000,   -0.001379,    0.000018,   -0.000000,    0.000033
   80     0.001930,    0.000000,    0.000000,    0.000206,    0.000000
   81    -0.000000,   -0.001892,   -0.001884,    0.000000,   -0.000337
   82     0.000000,   -0.000965,    0.000300,   -0.000000,   -0.000166
   83     0.001197,    0.000000,   -0.000000,    0.000035,    0.000000
   84    -0.000000,    0.000058,   -0.000502,   -0.000000,    0.000200
   85     0.000000,   -0.002755,   -0.000410,    0.000000,   -0.000743
   86    -0.000080,    0.000000,    0.000000,   -0.000239,    0.000000
   87    -0.000000,   -0.000332,   -0.000000,   -0.000000,   -0.000172
   88    -0.000080,   -0.000000,   -0.000000,    0.000003,    0.000000
   89    -0.000000,    0.000051,   -0.000070,    0.000000,    0.000036
   90    -0.000009,    0.000000,   -0.000000,   -0.000063,   -0.000000
   91     0.000000,    0.000114,    0.000122,   -0.000000,    0.000007
   92     0.000000,   -0.000681,    0.000106,    0.000000,   -0.000479
   93    -0.000085,   -0.000000,    0.000000,    0.000049,   -0.000000
   94    -0.000000,    0.000125,   -0.000256,   -0.000000,    0.000203
   95    -0.000054,    0.000000,   -0.000000,   -0.000168,    0.000000
   96     0.000000,   -0.000266,    0.000130,   -0.000000,   -0.000155
   97     0.000000,    0.000139,   -0.000003,   -0.000000,    0.000082
   98    -0.000002,   -0.000000,    0.000000,   -0.000003,   -0.000000
   99    -0.000000,   -0.000084,    0.000002,    0.000000,   -0.000046
  100    -0.000018,    0.000000,   -0.000000,   -0.000023,    0.000000
  101     0.000000,    0.000037,    0.000032,   -0.000000,    0.000007
  102     0.000022,    0.000000,    0.000000,    0.000030,   -0.000000
  103    -0.000000,   -0.000016,   -0.000036,    0.000000,    0.000007
  104    -0.000705,    0.000471,   -0.000180,   -0.000022,    0.000150
  105    -0.000946,   -0.000295,   -0.000186,   -0.000105,   -0.000204
  106    -0.000640,    0.000511,    0.000033,   -0.000117,    0.000166
  107     0.000027,   -0.000068,   -0.000037,    0.000008,   -0.000011
  108    -0.000043,   -0.000028,   -0.000016,   -0.000003,   -0.000003
  109    -0.000037,    0.000025,   -0.000021,   -0.000001,    0.000005
  110     0.000088,    0.000162,   -0.000088,    0.000040,    0.000103
  111    -0.000050,   -0.000091,    0.000006,   -0.000020,   -0.000036
  112    -0.000041,   -0.000347,    0.000005,   -0.000032,   -0.000169
  113     0.000006,    0.000002,   -0.000007,    0.000002,    0.000001
  114    -0.000009,   -0.000014,   -0.000005,   -0.000002,   -0.000003
  115     0.000006,   -0.000016,   -0.000008,    0.000002,   -0.000006
  116     0.000008,    0.000007,   -0.000017,    0.000004,    0.000010
  117    -0.000001,   -0.000004,    0.000006,   -0.000003,   -0.000006
  118     0.000705,    0.000471,   -0.000180,    0.000022,    0.000150
  119     0.000946,   -0.000295,   -0.000186,    0.000105,   -0.000204
  120     0.000640,    0.000511,    0.000033,    0.000117,    0.000166
  121    -0.000027,   -0.000068,   -0.000037,   -0.000008,   -0.000011
  122     0.000043,   -0.000028,   -0.000016,    0.000003,   -0.000003
  123    -0.000037,   -0.000025,    0.000021,   -0.000001,   -0.000005
  124    -0.000088,    0.000162,   -0.000088,   -0.000040,    0.000103
  125     0.000050,   -0.000091,    0.000006,    0.000020,   -0.000036
  126    -0.000041,    0.000347,   -0.000005,   -0.000032,    0.000169
  127    -0.000006,    0.000002,   -0.000007,   -0.000002,    0.000001
  128    -0.000009,    0.000014,    0.000005,   -0.000002,    0.000003
  129    -0.000006,   -0.000016,   -0.000008,   -0.000002,   -0.000006
  130     0.000008,   -0.000007,    0.000017,    0.000004,   -0.000010
  131     0.000001,   -0.000004,    0.000006,    0.000003,   -0.000006
  132    -0.000000,    0.000846,    0.000181,    0.000000,    0.000510
  133    -0.000000,    0.002420,    0.000381,    0.000000,    0.001309
  134     0.000000,   -0.006469,   -0.000686,   -0.000000,   -0.003077
  135     0.000000,   -0.005738,   -0.000676,    0.000000,   -0.002865
  136    -0.000000,    0.007189,    0.000250,   -0.000000,    0.002605
  137     0.000000,    0.008005,    0.003614,   -0.000000,    0.002747
  138     0.000000,    0.008155,   -0.001071,    0.000000,    0.005335
  139     0.001669,   -0.000000,    0.000000,    0.002778,    0.000000
  140     0.000000,    0.004899,    0.002219,   -0.000000,    0.001791
  141     0.000000,    0.005690,   -0.000661,    0.000000,    0.003803
  142     0.000930,   -0.000000,   -0.000000,    0.001871,    0.000000
  143    -0.000000,    0.002068,    0.000786,   -0.000000,    0.000673
  144     0.000000,    0.000435,   -0.000112,    0.000000,    0.000587
  145     0.000545,   -0.000000,   -0.000000,    0.000698,   -0.000000
  146    -0.000000,   -0.000154,   -0.000024,   -0.000000,   -0.000076
  147    -0.000050,   -0.000000,   -0.000000,    0.000060,    0.000000
  148     0.000000,   -0.000034,   -0.000101,    0.000000,    0.000044
  149    -0.000014,    0.000000,    0.000000,   -0.000062,   -0.000000
  150     0.000000,    0.000069,    0.000068,   -0.000000,    0.000070
  151    -0.000000,    0.000055,   -0.000152,   -0.000000,    0.000079
  152    -0.000374,   -0.000000,   -0.000000,   -0.000090,    0.000000
  153     0.000000,   -0.000106,   -0.000014,    0.000000,   -0.000028
  154     0.000085,    0.000000,    0.000000,   -0.000065,   -0.000000
  155    -0.000000,   -0.000387,   -0.000148,   -0.000000,    0.000029
  156     0.000000,    0.000089,    0.000022,    0.000000,    0.000028
  157     0.000027,   -0.000000,    0.000000,    0.000008,   -0.000000
  158     0.000000,    0.000013,    0.000001,    0.000000,   -0.000009
  159    -0.000050,   -0.000000,   -0.000000,   -0.000021,    0.000000
  160    -0.000000,   -0.000079,   -0.000029,   -0.000000,   -0.000022
  161     0.000004,    0.000000,    0.000000,   -0.000001,   -0.000000
  162     0.000000,    0.000030,    0.000017,    0.000000,    0.000007
  163    -0.000423,   -0.000562,   -0.000838,   -0.000954,    0.000133
  164    -0.000613,   -0.000762,   -0.001035,   -0.001142,    0.000180
  165     0.000202,   -0.000443,   -0.000225,   -0.000199,   -0.000072
  166    -0.000023,    0.000106,    0.000023,   -0.000040,    0.000051
  167     0.000042,    0.000188,    0.000042,    0.000062,    0.000082
  168    -0.000027,   -0.000079,   -0.000090,   -0.000055,    0.000009
  169    -0.000019,    0.000360,    0.000078,   -0.000039,    0.000145
  170     0.000155,    0.000720,    0.000079,    0.000095,    0.000303
  171    -0.000100,   -0.000122,   -0.000137,   -0.000044,    0.000011
  172     0.000003,   -0.000027,   -0.000013,    0.000006,   -0.000006
  173     0.000009,    0.000099,    0.000016,    0.000009,    0.000043
  174     0.000009,    0.000022,   -0.000019,    0.000008,    0.000019
  175    -0.000007,    0.000065,    0.000013,   -0.000008,    0.000028
  176     0.000011,    0.000089,    0.000012,    0.000006,    0.000041
  177     0.000423,   -0.000562,   -0.000838,    0.000954,    0.000133
  178     0.000613,   -0.000762,   -0.001035,    0.001142,    0.000180
  179    -0.000202,   -0.000443,   -0.000225,    0.000199,   -0.000072
  180     0.000023,    0.000106,    0.000023,    0.000040,    0.000051
  181    -0.000042,    0.000188,    0.000042,   -0.000062,    0.000082
  182    -0.000027,    0.000079,    0.000090,   -0.000055,   -0.000009
  183     0.000019,    0.000360,    0.000078,    0.000039,    0.000145
  184    -0.000155,    0.000720,    0.000079,   -0.000095,    0.000303
  185    -0.000100,    0.000122,    0.000137,   -0.000044,   -0.000011
  186    -0.000003,   -0.000027,   -0.000013,   -0.000006,   -0.000006
  187     0.000009,   -0.000099,   -0.000016,    0.000009,   -0.000043
  188    -0.000009,    0.000022,   -0.000019,   -0.000008,    0.000019
  189    -0.000007,   -0.000065,   -0.000013,   -0.000008,   -0.000028
  190    -0.000011,    0.000089,    0.000012,   -0.000006,    0.000041
  191     0.000000,    0.000004,    0.000000,   -0.000000,    0.000000
  192    -0.000000,   -0.000006,   -0.000001,   -0.000000,   -0.000005
  193    -0.000000,   -0.000768,   -0.000025,   -0.000000,   -0.000093
  194    -0.000000,   -0.007789,   -0.000218,   -0.000000,   -0.000842
  195     0.000000,    0.022523,    0.000664,    0.000000,    0.002926
  196     0.000000,    0.004425,    0.000233,    0.000000,    0.000062
  197    -0.000000,    0.000014,    0.000022,    0.000000,   -0.000013
  198    -0.000000,   -0.000081,   -0.000016,   -0.000000,   -0.000030
  199     0.000034,    0.000000,    0.000000,    0.000017,   -0.000000
  200     0.000000,   -0.000337,   -0.000502,   -0.000000,    0.000300
  201     0.000000,    0.001876,    0.000373,    0.000000,    0.000703
  202    -0.000785,   -0.000000,   -0.000000,   -0.000397,    0.000000
  203    -0.000000,    0.001964,    0.002605,    0.000000,   -0.001454
  204    -0.000000,   -0.009323,   -0.001912,   -0.000000,   -0.003457
  205     0.004078,    0.000000,    0.000000,    0.002049,   -0.000000
  206    -0.000000,    0.002835,    0.004801,    0.000000,   -0.002972
  207    -0.000000,   -0.018522,   -0.003522,   -0.000000,   -0.006879
  208     0.007469,    0.000000,    0.000000,    0.003764,   -0.000000
  209    -0.000000,    0.001445,    0.001922,    0.000000,   -0.000869
  210    -0.000000,   -0.006849,   -0.001322,   -0.000000,   -0.002140
  211     0.003129,    0.000000,    0.000000,    0.001471,    0.000000
  212    -0.000000,   -0.000000,    0.000000,    0.000000,   -0.000001
  213     0.000000,   -0.000000,   -0.000000,    0.000000,   -0.000000
  214    -0.000000,    0.000001,   -0.000000,   -0.000000,    0.000001
  215     0.000000,   -0.000000,   -0.000000,    0.000000,   -0.000000
  216    -0.000000,    0.000002,    0.000000,    0.000000,    0.000001
  217     0.000000,    0.000043,   -0.000010,   -0.000000,    0.000051
  218    -0.000017,    0.000000,    0.000000,   -0.000015,    0.000000
  219     0.000000,   -0.000049,    0.000000,    0.000000,   -0.000041
  220    -0.000007,    0.000000,    0.000000,   -0.000007,    0.000000
  221    -0.000000,   -0.000089,   -0.000026,   -0.000000,   -0.000041
  222    -0.000000,   -0.000580,    0.000060,   -0.000000,   -0.000451
  223     0.000138,   -0.000000,   -0.000000,    0.000128,   -0.000000
  224     0.000000,    0.000518,    0.000027,   -0.000000,    0.000325
  225     0.000075,   -0.000000,   -0.000000,    0.000063,   -0.000000
  226     0.000000,    0.000769,    0.000213,    0.000000,    0.000320
  227    -0.000000,   -0.001216,    0.000040,   -0.000000,   -0.000570
  228     0.000172,    0.000000,    0.000000,    0.000126,    0.000000
  229     0.000000,    0.000910,    0.000050,    0.000000,    0.000379
  230     0.000113,    0.000000,    0.000000,    0.000064,    0.000000
  231     0.000000,    0.001114,    0.000210,    0.000000,    0.000366
  232     0.000000,    0.000210,    0.000111,    0.000000,    0.000033
  233     0.000064,    0.000000,    0.000000,    0.000049,    0.000000
  234     0.000000,    0.000366,    0.000033,    0.000000,    0.000181
  235    -0.000063,   -0.000000,   -0.000000,   -0.000049,   -0.000000
  236     0.000000,    0.000146,   -0.000014,    0.000000,    0.000095
  237    -0.000039,    0.000000,   -0.000000,   -0.000037,   -0.000000
  238     0.000000,    0.000507,    0.000025,    0.000000,    0.000263
               235,         236,         237,         238
    0     0.000000,    0.000074,    0.000000,    0.000236
    1     0.000000,    0.000145,   -0.000000,    0.000493
    2     0.000000,   -0.000252,    0.000000,   -0.000904
    3     0.000000,   -0.000368,   -0.000000,   -0.001341
    4     0.000000,    0.000546,   -0.000000,    0.001953
    5    -0.000000,    0.000043,   -0.000000,    0.000504
    6    -0.000000,    0.000173,   -0.000000,    0.001340
    7     0.000199,    0.000000,   -0.000077,   -0.000000
    8     0.000000,    0.000167,    0.000000,    0.000705
    9    -0.000000,   -0.000035,    0.000000,    0.000639
   10     0.000137,    0.000000,   -0.000054,    0.000000
   11    -0.000000,   -0.000163,    0.000000,   -0.000434
   12    -0.000000,   -0.000058,    0.000000,   -0.000144
   13     0.000018,    0.000000,   -0.000051,   -0.000000
   14     0.000000,    0.000011,   -0.000000,   -0.000003
   15     0.000006,    0.000000,   -0.000027,    0.000000
   16    -0.000000,   -0.000011,    0.000000,   -0.000003
   17     0.000001,   -0.000000,   -0.000000,   -0.000000
   18    -0.000000,    0.000009,   -0.000000,    0.000049
   19     0.000000,    0.000028,   -0.000000,    0.000015
   20     0.000020,    0.000000,   -0.000049,    0.000000
   21    -0.000000,   -0.000123,    0.000000,   -0.000242
   22     0.000008,   -0.000000,   -0.000003,   -0.000000
   23    -0.000000,    0.000054,    0.000000,    0.000171
   24     0.000000,   -0.000007,    0.000000,   -0.000024
   25    -0.000003,   -0.000000,    0.000005,   -0.000000
   26     0.000000,   -0.000008,   -0.000000,   -0.000032
   27     0.000003,    0.000000,   -0.000005,    0.000000
   28    -0.000000,    0.000005,   -0.000000,    0.000009
   29    -0.000004,   -0.000000,   -0.000008,   -0.000000
   30     0.000000,   -0.000002,   -0.000000,   -0.000023
   31     0.000060,   -0.000019,   -0.000069,    0.000062
   32     0.000051,    0.000090,   -0.000108,    0.000327
   33     0.000028,   -0.000032,   -0.000060,   -0.000061
   34     0.000002,    0.000000,   -0.000002,    0.000010
   35    -0.000004,    0.000004,    0.000001,    0.000018
   36    -0.000003,    0.000000,    0.000003,   -0.000012
   37     0.000008,    0.000004,    0.000010,    0.000018
   38    -0.000001,   -0.000040,    0.000004,   -0.000083
   39     0.000001,   -0.000037,    0.000000,   -0.000099
   40    -0.000002,    0.000002,   -0.000001,    0.000005
   41     0.000001,    0.000003,   -0.000000,    0.000005
   42     0.000000,   -0.000001,    0.000000,    0.000002
   43     0.000000,   -0.000001,    0.000001,   -0.000006
   44    -0.000002,    0.000001,   -0.000002,    0.000005
   45    -0.000060,   -0.000019,    0.000069,    0.000062
   46    -0.000051,    0.000090,    0.000108,    0.000327
   47    -0.000028,   -0.000032,    0.000060,   -0.000061
   48    -0.000002,    0.000000,    0.000002,    0.000010
   49     0.000004,    0.000004,   -0.000001,    0.000018
   50    -0.000003,   -0.000000,    0.000003,    0.000012
   51    -0.000008,    0.000004,   -0.000010,    0.000018
   52     0.000001,   -0.000040,   -0.000004,   -0.000083
   53     0.000001,    0.000037,    0.000000,    0.000099
   54     0.000002,    0.000002,    0.000001,    0.000005
   55     0.000001,   -0.000003,   -0.000000,   -0.000005
   56    -0.000000,   -0.000001,   -0.000000,    0.000002
   57     0.000000,    0.000001,    0.000001,    0.000006
   58     0.000002,    0.000001,    0.000002,    0.000005
   59    -0.000000,    0.000000,   -0.000000,    0.000081
   60    -0.000000,   -0.000128,   -0.000000,   -0.000175
   61    -0.000000,    0.000088,    0.000000,    0.000235
   62     0.000000,    0.000006,    0.000000,    0.000011
   63    -0.000000,    0.000004,   -0.000000,    0.000025
   64     0.000004,    0.000000,   -0.000000,    0.000000
   65     0.000000,    0.000063,   -0.000000,    0.000144
   66    -0.000000,    0.000019,   -0.000000,    0.000071
   67     0.000006,    0.000000,    0.000001,   -0.000000
   68     0.000000,   -0.000003,    0.000000,   -0.000015
   69    -0.000000,   -0.000000,   -0.000001,   -0.000000
   70     0.000000,    0.000001,   -0.000000,    0.000001
   71    -0.000002,   -0.000000,   -0.000001,   -0.000000
   72    -0.000000,   -0.000003,   -0.000000,   -0.000010
   73    -0.000000,    0.000032,    0.000000,   -0.000208
   74    -0.000000,    0.000034,    0.000000,   -0.000497
   75     0.000000,    0.000064,   -0.000000,    0.001056
   76     0.000000,    0.000519,    0.000000,    0.002339
   77    -0.000000,   -0.001146,    0.000000,   -0.003525
   78     0.000000,    0.000267,    0.000000,   -0.000317
   79    -0.000000,    0.000201,   -0.000000,   -0.000789
   80    -0.000241,   -0.000000,    0.000833,    0.000000
   81    -0.000000,    0.000309,    0.000000,    0.000065
   82    -0.000000,   -0.000059,    0.000000,   -0.000881
   83    -0.000059,    0.000000,    0.000654,    0.000000
   84     0.000000,    0.000251,    0.000000,    0.000442
   85    -0.000000,   -0.000266,    0.000000,   -0.001146
   86     0.000227,    0.000000,    0.000367,    0.000000
   87     0.000000,   -0.000095,    0.000000,   -0.000276
   88    -0.000003,    0.000000,   -0.000046,   -0.000000
   89     0.000000,    0.000034,    0.000000,    0.000101
   90     0.000064,    0.000000,    0.000074,    0.000000
   91    -0.000000,   -0.000030,   -0.000000,   -0.000023
   92    -0.000000,   -0.000307,    0.000000,   -0.000749
   93    -0.000052,   -0.000000,   -0.000099,   -0.000000
   94     0.000000,    0.000186,   -0.000000,    0.000401
   95     0.000172,    0.000000,    0.000171,    0.000000
   96     0.000000,   -0.000125,    0.000000,   -0.000262
   97     0.000000,    0.000049,   -0.000000,    0.000119
   98     0.000003,   -0.000000,    0.000002,   -0.000000
   99    -0.000000,   -0.000028,   -0.000000,   -0.000070
  100     0.000024,    0.000000,    0.000019,    0.000000
  101     0.000000,   -0.000006,    0.000000,    0.000006
  102    -0.000030,   -0.000000,   -0.000025,   -0.000000
  103    -0.000000,    0.000013,   -0.000000,    0.000020
  104     0.000031,    0.000078,   -0.000357,    0.000559
  105     0.000116,   -0.000132,   -0.000368,    0.000057
  106     0.000111,    0.000065,   -0.000104,    0.000318
  107    -0.000009,    0.000006,    0.000005,   -0.000016
  108     0.000004,    0.000002,   -0.000020,    0.000006
  109     0.000002,    0.000003,   -0.000019,    0.000041
  110    -0.000040,    0.000085,   -0.000015,    0.000171
  111     0.000021,   -0.000021,   -0.000004,   -0.000061
  112     0.000033,   -0.000105,    0.000021,   -0.000225
  113    -0.000002,    0.000002,    0.000001,    0.000003
  114     0.000002,   -0.000001,   -0.000003,   -0.000003
  115    -0.000002,   -0.000003,   -0.000000,   -0.000002
  116    -0.000004,    0.000011,   -0.000001,    0.000016
  117     0.000002,   -0.000005,    0.000004,   -0.000008
  118    -0.000031,    0.000078,    0.000357,    0.000559
  119    -0.000116,   -0.000132,    0.000368,    0.000057
  120    -0.000111,    0.000065,    0.000104,    0.000318
  121     0.000009,    0.000006,   -0.000005,   -0.000016
  122    -0.000004,    0.000002,    0.000020,    0.000006
  123     0.000002,   -0.000003,   -0.000019,   -0.000041
  124     0.000040,    0.000085,    0.000015,    0.000171
  125    -0.000021,   -0.000021,    0.000004,   -0.000061
  126     0.000033,    0.000105,    0.000021,    0.000225
  127     0.000002,    0.000002,   -0.000001,    0.000003
  128     0.000002,    0.000001,   -0.000003,    0.000003
  129     0.000002,   -0.000003,    0.000000,   -0.000002
  130    -0.000004,   -0.000011,   -0.000001,   -0.000016
  131    -0.000002,   -0.000005,   -0.000004,   -0.000008
  132     0.000000,    0.000186,    0.000000,    0.000924
  133     0.000000,    0.000573,    0.000000,    0.002201
  134    -0.000000,   -0.001583,   -0.000000,   -0.004741
  135    -0.000000,   -0.001459,   -0.000000,   -0.004409
  136     0.000000,    0.001408,   -0.000000,    0.003787
  137    -0.000000,    0.000590,   -0.000000,    0.003204
  138    -0.000000,    0.003384,   -0.000000,    0.008065
  139    -0.002835,    0.000000,   -0.002537,    0.000000
  140     0.000000,    0.000429,   -0.000000,    0.002100
  141    -0.000000,    0.002382,   -0.000000,    0.005736
  142    -0.001914,    0.000000,   -0.001766,    0.000000
  143     0.000000,    0.000165,   -0.000000,    0.000789
  144    -0.000000,    0.000365,   -0.000000,    0.000892
  145    -0.000704,   -0.000000,   -0.000633,   -0.000000
  146     0.000000,   -0.000032,    0.000000,   -0.000122
  147    -0.000063,    0.000000,   -0.000078,    0.000000
  148    -0.000000,    0.000053,   -0.000000,    0.000089
  149     0.000062,   -0.000000,    0.000077,    0.000000
  150    -0.000000,    0.000026,   -0.000000,    0.000085
  151     0.000000,    0.000099,    0.000000,    0.000122
  152     0.000082,    0.000000,   -0.000003,    0.000000
  153    -0.000000,   -0.000015,    0.000000,   -0.000040
  154     0.000065,   -0.000000,    0.000125,   -0.000000
  155    -0.000000,    0.000069,   -0.000000,    0.000066
  156    -0.000000,    0.000011,    0.000000,    0.000029
  157    -0.000007,   -0.000000,   -0.000004,   -0.000000
  158    -0.000000,   -0.000007,   -0.000000,   -0.000014
  159     0.000021,    0.000000,    0.000006,    0.000000
  160     0.000000,   -0.000004,    0.000000,   -0.000023
  161    -0.000000,   -0.000000,    0.000008,   -0.000000
  162    -0.000000,    0.000000,   -0.000000,    0.000001
  163     0.000976,    0.000305,    0.000925,    0.000322
  164     0.001165,    0.000389,    0.001076,    0.000440
  165     0.000211,    0.000017,    0.000278,   -0.000059
  166     0.000041,    0.000023,    0.000036,    0.000066
  167    -0.000063,    0.000035,   -0.000056,    0.000115
  168     0.000056,    0.000030,    0.000052,    0.000027
  169     0.000040,    0.000062,    0.000035,    0.000191
  170    -0.000094,    0.000150,   -0.000062,    0.000435
  171     0.000043,    0.000047,    0.000020,    0.000037
  172    -0.000006,    0.000000,   -0.000005,   -0.000006
  173    -0.000010,    0.000020,   -0.000008,    0.000061
  174    -0.000008,    0.000016,   -0.000006,    0.000031
  175     0.000009,    0.000013,    0.000007,    0.000036
  176    -0.000005,    0.000020,   -0.000004,    0.000058
  177    -0.000976,    0.000305,   -0.000925,    0.000322
  178    -0.001165,    0.000389,   -0.001076,    0.000440
  179    -0.000211,    0.000017,   -0.000278,   -0.000059
  180    -0.000041,    0.000023,   -0.000036,    0.000066
  181     0.000063,    0.000035,    0.000056,    0.000115
  182     0.000056,   -0.000030,    0.000052,   -0.000027
  183    -0.000040,    0.000062,   -0.000035,    0.000191
  184     0.000094,    0.000150,    0.000062,    0.000435
  185     0.000043,   -0.000047,    0.000020,   -0.000037
  186     0.000006,    0.000000,    0.000005,   -0.000006
  187    -0.000010,   -0.000020,   -0.000008,   -0.000061
  188     0.000008,    0.000016,    0.000006,    0.000031
  189     0.000009,   -0.000013,    0.000007,   -0.000036
  190     0.000005,    0.000020,    0.000004,    0.000058
  191     0.000000,    0.000000,   -0.000000,    0.000000
  192     0.000000,   -0.000003,   -0.000000,   -0.000007
  193    -0.000000,   -0.000042,   -0.000000,   -0.000138
  194    -0.000000,   -0.000377,   -0.000000,   -0.001254
  195     0.000000,    0.001374,    0.000000,    0.004341
  196    -0.000000,   -0.000066,    0.000000,    0.000073
  197    -0.000000,   -0.000014,   -0.000000,   -0.000024
  198     0.000000,   -0.000012,    0.000000,   -0.000042
  199    -0.000016,   -0.000000,   -0.000011,   -0.000000
  200     0.000000,    0.000334,    0.000000,    0.000566
  201    -0.000000,    0.000288,   -0.000000,    0.000967
  202     0.000384,    0.000000,    0.000250,    0.000000
  203    -0.000000,   -0.001669,   -0.000000,   -0.002781
  204     0.000000,   -0.001394,    0.000000,   -0.004737
  205    -0.001985,   -0.000000,   -0.001290,   -0.000000
  206    -0.000000,   -0.003245,   -0.000000,   -0.005560
  207     0.000000,   -0.002861,    0.000000,   -0.009489
  208    -0.003648,   -0.000000,   -0.002372,   -0.000000
  209    -0.000000,   -0.001115,   -0.000000,   -0.001753
  210     0.000000,   -0.000809,    0.000000,   -0.002904
  211    -0.001418,    0.000000,   -0.000881,    0.000000
  212    -0.000000,   -0.000001,   -0.000000,   -0.000001
  213    -0.000000,   -0.000000,   -0.000000,   -0.000000
  214     0.000000,    0.000000,   -0.000000,    0.000001
  215    -0.000000,   -0.000000,   -0.000000,   -0.000000
  216    -0.000000,    0.000000,   -0.000000,    0.000001
  217     0.000000,    0.000033,    0.000000,    0.000079
  218     0.000015,    0.000000,    0.000012,    0.000000
  219    -0.000000,   -0.000024,    0.000000,   -0.000060
  220     0.000007,    0.000000,    0.000006,    0.000000
  221     0.000000,   -0.000016,    0.000000,   -0.000055
  222    -0.000000,   -0.000280,   -0.000000,   -0.000688
  223    -0.000128,   -0.000000,   -0.000106,   -0.000000
  224     0.000000,    0.000181,    0.000000,    0.000479
  225    -0.000063,   -0.000000,   -0.000049,   -0.000000
  226     0.000000,    0.000122,   -0.000000,    0.000434
  227     0.000000,   -0.000340,    0.000000,   -0.000863
  228    -0.000125,    0.000000,   -0.000096,    0.000000
  229    -0.000000,    0.000203,   -0.000000,    0.000553
  230    -0.000063,    0.000000,   -0.000039,    0.000000
  231    -0.000000,    0.000146,    0.000000,    0.000507
  232    -0.000000,   -0.000014,   -0.000000,    0.000025
  233    -0.000049,    0.000000,   -0.000037,    0.000000
  234    -0.000000,    0.000095,   -0.000000,    0.000263
  235     0.000049,   -0.000000,    0.000037,   -0.000000
  236    -0.000000,    0.000060,    0.000000,    0.000144
  237     0.000037,    0.000000,    0.000032,    0.000000
  238    -0.000000,    0.000144,    0.000000,    0.000391
Detailed time report:
InitGuess |:    1.824 s for Prepare initial guess
ISDF      |:    0.000 s for ISDF initialization
DFT Grids |:    4.260 s for Initialization of the tabulated Grids and AOs
Overall   |:    6.990 s for SCF Preparation
CInt      |:    0.907 s for Two, Three, and Four-center integrals
total electron number:      31.99987069
The evaluation of Vj, Vk and Vxc matrices cost       0.01,       0.09 and       0.50 seconds, respectively
Exc:     -18.00120847, Vxc:     -11.54559748
The total energy:      -132.4296187203 Ha by the initial guess
total electron number:      31.99986118
The evaluation of Vj, Vk and Vxc matrices cost       0.01,       0.08 and       0.46 seconds, respectively
Exc:     -16.95812383, Vxc:     -10.86359722
Hamiltonian: generation by       0.57s and DIIS extrapolation by       0.01s
Energy:    -132.0342683571 Ha after    1 iterations (in       0.61 seconds).
Detailed timing info in this SCF step:
prepare_next_input:            0.57s
diagonalize_hamiltonian:       0.03s
generate_density_matrix:       0.00s
check_scf_convergence:         0.00s
scf_records.update:            0.00s
total electron number:      31.99985325
The evaluation of Vj, Vk and Vxc matrices cost       0.01,       0.09 and       0.46 seconds, respectively
Exc:     -18.39782300, Vxc:     -11.80624339
Hamiltonian: generation by       0.57s and DIIS extrapolation by       0.01s
SCF Change: DM 1.00432e-2; eev  3.48436e0 Ha; etot  1.34888e0 Ha
Energy:    -130.6853903501 Ha after    2 iterations (in       0.61 seconds).
Detailed timing info in this SCF step:
prepare_next_input:            0.57s
diagonalize_hamiltonian:       0.03s
generate_density_matrix:       0.00s
check_scf_convergence:         0.00s
scf_records.update:            0.00s
total electron number:      31.99985800
The evaluation of Vj, Vk and Vxc matrices cost       0.01,       0.08 and       0.44 seconds, respectively
Exc:     -17.57120285, Vxc:     -11.26431567
Hamiltonian: generation by       0.54s and DIIS extrapolation by       0.01s
SCF Change: DM 1.95939e-3; eev 6.03168e-1 Ha; etot -2.05322e0 Ha
Energy:    -132.7386119511 Ha after    3 iterations (in       0.58 seconds).
Detailed timing info in this SCF step:
prepare_next_input:            0.55s
diagonalize_hamiltonian:       0.03s
generate_density_matrix:       0.00s
check_scf_convergence:         0.00s
scf_records.update:            0.00s
total electron number:      31.99983585
The evaluation of Vj, Vk and Vxc matrices cost       0.02,       0.08 and       0.50 seconds, respectively
Exc:     -17.50542314, Vxc:     -11.22175203
Hamiltonian: generation by       0.61s and DIIS extrapolation by       0.01s
SCF Change: DM 6.84006e-4; eev 1.85203e-1 Ha; etot -1.38289e-2 Ha
Energy:    -132.7524408388 Ha after    4 iterations (in       0.65 seconds).
Detailed timing info in this SCF step:
prepare_next_input:            0.62s
diagonalize_hamiltonian:       0.03s
generate_density_matrix:       0.00s
check_scf_convergence:         0.00s
scf_records.update:            0.00s
total electron number:      31.99985008
The evaluation of Vj, Vk and Vxc matrices cost       0.01,       0.08 and       0.51 seconds, respectively
Exc:     -17.51540992, Vxc:     -11.22815734
Hamiltonian: generation by       0.61s and DIIS extrapolation by       0.01s
SCF Change: DM 2.19816e-4; eev 9.22620e-2 Ha; etot -1.53091e-2 Ha
Energy:    -132.7677499829 Ha after    5 iterations (in       0.65 seconds).
Detailed timing info in this SCF step:
prepare_next_input:            0.62s
diagonalize_hamiltonian:       0.03s
generate_density_matrix:       0.00s
check_scf_convergence:         0.00s
scf_records.update:            0.00s
total electron number:      31.99984876
The evaluation of Vj, Vk and Vxc matrices cost       0.01,       0.08 and       0.53 seconds, respectively
Exc:     -17.52419520, Vxc:     -11.23383920
Hamiltonian: generation by       0.63s and DIIS extrapolation by       0.01s
SCF Change: DM 2.07270e-5; eev 1.10449e-2 Ha; etot -3.72042e-4 Ha
Energy:    -132.7681220249 Ha after    6 iterations (in       0.68 seconds).
Detailed timing info in this SCF step:
prepare_next_input:            0.65s
diagonalize_hamiltonian:       0.03s
generate_density_matrix:       0.00s
check_scf_convergence:         0.00s
scf_records.update:            0.00s
total electron number:      31.99984874
The evaluation of Vj, Vk and Vxc matrices cost       0.01,       0.08 and       0.49 seconds, respectively
Exc:     -17.52279649, Vxc:     -11.23292765
Hamiltonian: generation by       0.59s and DIIS extrapolation by       0.01s
SCF Change: DM 3.86623e-6; eev 1.36293e-3 Ha; etot -5.99248e-6 Ha
Energy:    -132.7681280174 Ha after    7 iterations (in       0.64 seconds).
Detailed timing info in this SCF step:
prepare_next_input:            0.61s
diagonalize_hamiltonian:       0.03s
generate_density_matrix:       0.00s
check_scf_convergence:         0.00s
scf_records.update:            0.00s
total electron number:      31.99984879
The evaluation of Vj, Vk and Vxc matrices cost       0.01,       0.08 and       0.44 seconds, respectively
Exc:     -17.52262284, Vxc:     -11.23281515
Hamiltonian: generation by       0.54s and DIIS extrapolation by       0.01s
SCF Change: DM 2.21507e-6; eev 6.68155e-4 Ha; etot -3.25309e-7 Ha
Energy:    -132.7681283427 Ha after    8 iterations (in       0.59 seconds).
Detailed timing info in this SCF step:
prepare_next_input:            0.56s
diagonalize_hamiltonian:       0.03s
generate_density_matrix:       0.00s
check_scf_convergence:         0.00s
scf_records.update:            0.00s
total electron number:      31.99984877
The evaluation of Vj, Vk and Vxc matrices cost       0.01,       0.08 and       0.54 seconds, respectively
Exc:     -17.52260368, Vxc:     -11.23280234
Hamiltonian: generation by       0.64s and DIIS extrapolation by       0.01s
SCF Change: DM 3.99447e-7; eev 1.37864e-4 Ha; etot -5.97834e-8 Ha
Energy:    -132.7681284025 Ha after    9 iterations (in       0.69 seconds).
Detailed timing info in this SCF step:
prepare_next_input:            0.66s
diagonalize_hamiltonian:       0.03s
generate_density_matrix:       0.00s
check_scf_convergence:         0.00s
scf_records.update:            0.00s
total electron number:      31.99984877
The evaluation of Vj, Vk and Vxc matrices cost       0.01,       0.08 and       0.45 seconds, respectively
Exc:     -17.52259925, Vxc:     -11.23279933
Hamiltonian: generation by       0.55s and DIIS extrapolation by       0.02s
SCF Change: DM 1.08946e-7; eev 4.23506e-5 Ha; etot -1.92898e-9 Ha
Energy:    -132.7681284044 Ha after   10 iterations (in       0.60 seconds).
Detailed timing info in this SCF step:
prepare_next_input:            0.57s
diagonalize_hamiltonian:       0.03s
generate_density_matrix:       0.00s
check_scf_convergence:         0.00s
scf_records.update:            0.00s
total electron number:      31.99984877
The evaluation of Vj, Vk and Vxc matrices cost       0.01,       0.09 and       0.44 seconds, respectively
Exc:     -17.52260443, Vxc:     -11.23280272
Hamiltonian: generation by       0.54s and DIIS extrapolation by       0.01s
SCF Change: DM 1.19260e-8; eev 5.22808e-6 Ha; etot -2.41698e-10 Ha
Energy:    -132.7681284047 Ha after   11 iterations (in       0.59 seconds).
Detailed timing info in this SCF step:
prepare_next_input:            0.56s
diagonalize_hamiltonian:       0.03s
generate_density_matrix:       0.00s
check_scf_convergence:         0.00s
scf_records.update:            0.00s
total electron number:      31.99984877
The evaluation of Vj, Vk and Vxc matrices cost       0.02,       0.08 and       0.46 seconds, respectively
Exc:     -17.52260468, Vxc:     -11.23280289
Hamiltonian: generation by       0.57s and DIIS extrapolation by       0.01s
SCF Change: DM 3.37333e-9; eev 7.27072e-7 Ha; etot -4.83169e-13 Ha
Energy:    -132.7681284047 Ha after   12 iterations (in       0.62 seconds).
Detailed timing info in this SCF step:
prepare_next_input:            0.59s
diagonalize_hamiltonian:       0.03s
generate_density_matrix:       0.00s
check_scf_convergence:         0.00s
scf_records.update:            0.00s
SCF is converged after   12 iterations.
   State    Occupation        Eigenvalue
       0       2.00000        -10.229395
       1       2.00000        -10.185116
       2       2.00000        -10.175646
       3       2.00000         -0.891668
       4       2.00000         -0.797358
       5       2.00000         -0.689773
       6       2.00000         -0.605676
       7       2.00000         -0.489049
       8       2.00000         -0.446404
       9       2.00000         -0.421148
      10       2.00000         -0.416284
      11       2.00000         -0.368592
      12       2.00000         -0.353517
      13       2.00000         -0.350269
      14       2.00000         -0.278974
      15       2.00000         -0.278370
      16       0.00000         -0.017516
      17       0.00000          0.033884
      18       0.00000          0.066507
==========================================
Now evaluate the    PT2 correlation energy
==========================================
generate RI3MO only for occ_range:0..16, vir_range:16..239
Finish the RI3MO generation
Exc_scf: (-17.52260462625458,0.2),Exc_pos: (-5.047842566194977,0.7731)
----------------------------------------------------------------------
Methods         :       Total Corr,          OS Corr,          SS Corr
----------------------------------------------------------------------
PT2             :      -1.05754217,      -0.81952316,      -0.23801901
----------------------------------------------------------------------
Fifth-rung correlation energy :      -0.357639905733 Ha
E[XYGJOS]=:    -132.39576818 Ha, Ex[HF]:     -20.49339022 Ha, Ec[PT2  ]:      -1.05754217 Ha
Detailed time report:
c_r5dft   |:    0.139 s for for advanced correlations
ao2mo     |:    0.282 s for for the generation of RI3MO
xc_energy |:    0.537 s for for x_hf, xc_scf, xc_xdh
Mulliken population:
 0-C-S-0              0.85353
 0-C-S-0              1.11674
 0-C-S-0              0.51927
 0-C-S-0              0.59768
 0-C-S-0              0.14905
 0-C-P-0              0.45479
 0-C-P-1              0.44190
 0-C-P-2              0.45878
 0-C-P-0              0.41653
 0-C-P-1              0.38041
 0-C-P-2              0.42437
 0-C-P-0              0.14697
 0-C-P-1              0.08976
 0-C-P-2              0.14347
 0-C-D-0              0.00254
 0-C-D-1              0.00524
 0-C-D-2              0.00347
 0-C-D-3              0.00095
 0-C-D-4              0.00444
 0-C-D-0              0.00560
 0-C-D-1              0.02300
 0-C-D-2              0.00395
 0-C-D-3              0.00129
 0-C-D-4              0.01442
 0-C-F-0              0.00076
 0-C-F-1              0.00039
 0-C-F-2              0.00075
 0-C-F-3              0.00031
 0-C-F-4              0.00030
 0-C-F-5              0.00027
 0-C-F-6              0.00077
 1-H-S-0              0.27961
 1-H-S-0              0.47502
 1-H-S-0              0.12810
 1-H-P-0              0.00147
 1-H-P-1              0.00260
 1-H-P-2              0.00421
 1-H-P-0              0.00879
 1-H-P-1              0.00861
 1-H-P-2              0.00819
 1-H-D-0              0.00021
 1-H-D-1              0.00020
 1-H-D-2              0.00055
 1-H-D-3              0.00039
 1-H-D-4              0.00027
 2-H-S-0              0.27961
 2-H-S-0              0.47502
 2-H-S-0              0.12810
 2-H-P-0              0.00147
 2-H-P-1              0.00260
 2-H-P-2              0.00421
 2-H-P-0              0.00879
 2-H-P-1              0.00861
 2-H-P-2              0.00819
 2-H-D-0              0.00021
 2-H-D-1              0.00020
 2-H-D-2              0.00055
 2-H-D-3              0.00039
 2-H-D-4              0.00027
 3-H-S-0              0.27906
 3-H-S-0              0.47266
 3-H-S-0              0.11981
 3-H-P-0              0.00590
 3-H-P-1              0.00122
 3-H-P-2              0.00122
 3-H-P-0              0.00767
 3-H-P-1              0.00914
 3-H-P-2              0.00886
 3-H-D-0              0.00082
 3-H-D-1              0.00004
 3-H-D-2              0.00002
 3-H-D-3              0.00069
 3-H-D-4              0.00007
 4-C-S-0              0.85351
 4-C-S-0              1.11693
 4-C-S-0              0.51323
 4-C-S-0              0.62034
 4-C-S-0              0.07274
 4-C-P-0              0.43116
 4-C-P-1              0.44739
 4-C-P-2              0.46803
 4-C-P-0              0.36830
 4-C-P-1              0.40332
 4-C-P-2              0.41050
 4-C-P-0              0.05964
 4-C-P-1              0.06837
 4-C-P-2              0.13920
 4-C-D-0              0.00332
 4-C-D-1              0.00515
 4-C-D-2              0.00366
 4-C-D-3              0.00228
 4-C-D-4              0.00518
 4-C-D-0              0.01980
 4-C-D-1              0.02427
 4-C-D-2              0.00780
 4-C-D-3              0.01756
 4-C-D-4              0.01772
 4-C-F-0              0.00141
 4-C-F-1              0.00040
 4-C-F-2              0.00084
 4-C-F-3              0.00064
 4-C-F-4              0.00049
 4-C-F-5              0.00078
 4-C-F-6              0.00108
 5-H-S-0              0.28128
 5-H-S-0              0.48350
 5-H-S-0              0.12698
 5-H-P-0              0.00157
 5-H-P-1              0.00262
 5-H-P-2              0.00423
 5-H-P-0              0.00892
 5-H-P-1              0.01007
 5-H-P-2              0.00809
 5-H-D-0              0.00021
 5-H-D-1              0.00023
 5-H-D-2              0.00056
 5-H-D-3              0.00042
 5-H-D-4              0.00033
 6-H-S-0              0.28128
 6-H-S-0              0.48350
 6-H-S-0              0.12698
 6-H-P-0              0.00157
 6-H-P-1              0.00262
 6-H-P-2              0.00423
 6-H-P-0              0.00892
 6-H-P-1              0.01007
 6-H-P-2              0.00809
 6-H-D-0              0.00021
 6-H-D-1              0.00023
 6-H-D-2              0.00056
 6-H-D-3              0.00042
 6-H-D-4              0.00033
 7-C-S-0              0.85423
 7-C-S-0              1.11637
 7-C-S-0              0.53925
 7-C-S-0              0.62976
 7-C-S-0              0.09055
 7-C-P-0              0.44402
 7-C-P-1              0.34545
 7-C-P-2              0.48704
 7-C-P-0              0.39050
 7-C-P-1              0.34973
 7-C-P-2              0.45874
 7-C-P-0              0.06510
 7-C-P-1              0.09543
 7-C-P-2              0.12446
 7-C-D-0              0.00312
 7-C-D-1              0.00444
 7-C-D-2              0.00335
 7-C-D-3              0.00310
 7-C-D-4              0.00385
 7-C-D-0              0.02145
 7-C-D-1              0.02034
 7-C-D-2              0.00655
 7-C-D-3              0.02324
 7-C-D-4              0.01296
 7-C-F-0              0.00126
 7-C-F-1              0.00037
 7-C-F-2              0.00064
 7-C-F-3              0.00055
 7-C-F-4              0.00059
 7-C-F-5              0.00062
 7-C-F-6              0.00084
 8-H-S-0              0.28126
 8-H-S-0              0.45003
 8-H-S-0              0.10909
 8-H-P-0              0.00175
 8-H-P-1              0.00224
 8-H-P-2              0.00454
 8-H-P-0              0.00996
 8-H-P-1              0.01166
 8-H-P-2              0.00860
 8-H-D-0              0.00020
 8-H-D-1              0.00022
 8-H-D-2              0.00063
 8-H-D-3              0.00042
 8-H-D-4              0.00037
 9-H-S-0              0.28126
 9-H-S-0              0.45003
 9-H-S-0              0.10909
 9-H-P-0              0.00175
 9-H-P-1              0.00224
 9-H-P-2              0.00454
 9-H-P-0              0.00996
 9-H-P-1              0.01166
 9-H-P-2              0.00860
 9-H-D-0              0.00020
 9-H-D-1              0.00022
 9-H-D-2              0.00063
 9-H-D-3              0.00042
 9-H-D-4              0.00037
10-Br-S-0              0.00000
10-Br-S-0              0.00003
10-Br-S-0             -0.01371
10-Br-S-0             -0.29191
10-Br-S-0              1.72379
10-Br-S-0              0.44450
10-Br-P-0              0.00003
10-Br-P-1              0.00003
10-Br-P-2              0.00004
10-Br-P-0             -0.02467
10-Br-P-1             -0.01913
10-Br-P-2             -0.02679
10-Br-P-0              0.44755
10-Br-P-1              0.34544
10-Br-P-2              0.48798
10-Br-P-0              1.02874
10-Br-P-1              0.87081
10-Br-P-2              1.07907
10-Br-P-0              0.38884
10-Br-P-1              0.26197
10-Br-P-2              0.43818
10-Br-D-0              0.00000
10-Br-D-1              0.00000
10-Br-D-2              0.00000
10-Br-D-3              0.00000
10-Br-D-4              0.00000
10-Br-D-0             -0.00037
10-Br-D-1             -0.00010
10-Br-D-2             -0.00018
10-Br-D-3             -0.00003
10-Br-D-4             -0.00025
10-Br-D-0              0.00593
10-Br-D-1              0.00207
10-Br-D-2              0.00258
10-Br-D-3              0.00043
10-Br-D-4              0.00399
10-Br-D-0              0.01197
10-Br-D-1              0.00494
10-Br-D-2              0.00463
10-Br-D-3              0.00096
10-Br-D-4              0.00787
10-Br-F-0              0.00108
10-Br-F-1              0.00040
10-Br-F-2              0.00119
10-Br-F-3              0.00042
10-Br-F-4              0.00041
10-Br-F-5              0.00036
10-Br-F-6              0.00259
Mulliken population analysis:
  0-C  :  -0.261711
  1-H  :   0.081775
  2-H  :   0.081775
  3-H  :   0.092844
  4-C  :  -0.085052
  5-H  :   0.070982
  6-H  :   0.070982
  7-C  :  -0.097918
  8-H  :   0.119010
  9-H  :   0.119010
 10-Br :  -0.191696

====================================================
              REST: Mission accomplished
====================================================
The SCF energy        :    -132.7681284047 Ha
The (R)-xDH energy    :    -132.3957681839 Ha
Detailed time report:
SCF       |:   15.144 s for the scf procedure
PT2       |:    0.957 s for the PT2 evaluation
Overall   |:   16.571 s for the whole job
