=========================================================
Input parameters for the REST calculation
=========================================================
Calculation type: Single-point energy
The exchange-correlation method: xygjos
Print level:                3
The number of threads used for parallelism:      4
The spheric-GTO basis set is taken from /home/symei/def2-TZVPP
The pruning method is nwchem
The radial grid generation method is treutler
ERI Type: ri_v
Turn on the basis pair symmetry for RI 3D-tensors
The spheric-GTO auxiliary basis set is taken from /home/symei/def2-SV(P)-JKFIT
Spin polarization: Off
Charge:   0; Spin:   1
min_num_angular_points: 110
max_num_angular_points: 590
hardness: 3
Grid generation level: 3
Even tempered basis generation: false
SCF convergency thresholds: 1e-8 for density matrix
                            1e-6 Ha. for sum of eigenvalues
                            1e-8 Ha. for total energy
Max. SCF cycle number:      100
The diis mixing with (param, max_vec_len) = (0.2, 8) is employed for the SCF procedure
Turn on the diis mixing after 1 step(s) of SCF iteractions with the linear mixing
The specified checkfile exists but is not loaded because the keyword 'external_init_guess' is specified
It will be updated after the SCF procedure 
(none)
Initial guess is prepared by (sad).
It is a finite cluster calculation
the scf functional for 'xygjos' contains
The density functional 'B3LYP' belongs to the 'Hybrid GGA' family and is defined in the reference(s):
(0): P. J. Stephens, F. J. Devlin, C. F. Chabalowski, and M. J. Frisch.,  J. Phys. Chem. 98, 11623 (1994)
the post-scf functional 'xygjos' is employed, which contains
The density functional 'Slater exchange' belongs to the 'LDA' family and is defined in the reference(s):
(0): P. A. M. Dirac.,  Math. Proc. Cambridge Philos. Soc. 26, 376 (1930)
(1): F. Bloch.,  Z. Phys. 57, 545 (1929)
The density functional 'Becke 88' belongs to the 'GGA' family and is defined in the reference(s):
(0): A. D. Becke.,  Phys. Rev. A 38, 3098 (1988)
The density functional 'Vosko, Wilk & Nusair (VWN5_RPA)' belongs to the 'LDA' family and is defined in the reference(s):
(0): S. H. Vosko, L. Wilk, and M. Nusair.,  Can. J. Phys. 58, 1200 (1980)
The density functional 'Lee, Yang & Parr' belongs to the 'GGA' family and is defined in the reference(s):
(0): C. Lee, W. Yang, and R. G. Parr.,  Phys. Rev. B 37, 785 (1988)
(1): B. Miehlich, A. Savin, H. Stoll, and H. Preuss.,  Chem. Phys. Lett. 157, 200 (1989)
For SCF calculation, no core orbital is frozen by effective core potential (ECP) approximation
Libxc version used in REST: 7.0.0
nbas: 81, natm: 11 for standard basis sets
First valence state for the frozen-core algorithm:     0
final nbas: 204,final natm: 22
numbasis: 205, num_auxbas: 369
Molecule_name: ccc
job_type = "SinglePoint"
print_level = 3
basis_path = "/home/symei/def2-TZVPP"
basis_type = "spheric"
auxbas_path = "/home/symei/def2-SV(P)-JKFIT"
auxbas_type = "spheric"
use_auxbas = true
even_tempered_basis = false
etb_start_atom_number = 1
etb_beta = 1.0
ri_k_only = false
auxbasis_response = false
use_isdf = false
isdf_k_only = false
isdf_k_mu = 8
isdf_new = false
eri_type = "ri_v"
use_ri_symm = true
xc = "xygjos"
post_xc = []
post_correlation = []
post_ai_correction = "none"
charge = 0.0
spin = 1.0
spin_channel = 1
spin_polarization = false
frozen_core_postscf = 2
frequency_points = 20
lambda_points = 20
freq_grid_type = 0
freq_cut_off = 10.0
radial_precision = 0.000000000001
min_num_angular_points = 110
max_num_angular_points = 590
grid_gen_level = 3
hardness = 3
pruning = "nwchem"
rad_grid_method = "treutler"
external_grids = "grids"
mixer = "diis"
mix_param = 0.2
num_max_diis = 8
start_diis_cycle = 1
start_check_oscillation = 20
max_scf_cycle = 100
scf_acc_rho = 0.00000001
scf_acc_eev = 0.000001
scf_acc_etot = 0.00000001
restart = false
chkfile = "none"
chkfile_type = "hdf5"
guessfile = "none"
guessfile_type = "none"
external_init_guess = false
initial_guess = "sad"
noiter = false
check_stab = false
use_dm_only = false
use_ri_vj = true
fciqmc_dump = false
outputs = []
cube_orb_setting = [3.0, 80.0]
cube_orb_indices = []
atom_sad = false
occupation_type = "INTEGER"
frac_tolerant = 0.001
deep_pot = false
bench_eps = false
num_threads = 4
batch_size = 64
nforce_displacement = 0.0013
force_state_occupation = []
auxiliary_reference_states = []
pt2_mpi_mode = 0

Restricted Hartree-Fock (or Kohn-Sham) algorithm is invoked.
Nuc_energy:      82.54282268 Hartree
no empirical dispersion correction is employed
No ghost effective potential
No ghost point charges
Detailed time report:
ri_v      |:    0.076 s for for RI dot aux_v^{-1/2}
aux_ij    |:    0.007 s for for the coulomb matrix of auxiliary basis
all ri    |:    0.269 s for for the total evaluations of ri3fn
inv_sqrt  |:    0.044 s for for the sqrt inverse of aux_ij
prim ri   |:    0.142 s for for the pure three-center integrals
Overlap matrix is nonsigular:
  Lowest eigenvalue:       0.00029363 with the total number of basis functions:    205
Grid size: 121898
Generate SAD of C
the functional of 'hf' contains
For SCF calculation, no core orbital is frozen by effective core potential (ECP) approximation
Libxc version used in REST: 7.0.0
nbas: 11, natm: 1 for standard basis sets
First valence state for the frozen-core algorithm:     0
final nbas: 36,final natm: 2
numbasis: 31, num_auxbas: 75
Restricted Hartree-Fock (or Kohn-Sham) algorithm is invoked.
Nuc_energy:       0.00000000 Hartree
no empirical dispersion correction is employed
No ghost effective potential
No ghost point charges
Detailed time report:
all ri    |:    0.006 s for for the total evaluations of ri3fn
inv_sqrt  |:    0.002 s for for the sqrt inverse of aux_ij
prim ri   |:    0.002 s for for the pure three-center integrals
ri_v      |:    0.000 s for for RI dot aux_v^{-1/2}
aux_ij    |:    0.002 s for for the coulomb matrix of auxiliary basis
Overlap matrix is nonsigular:
  Lowest eigenvalue:       0.02859941 with the total number of basis functions:     31
Grid size: 13902
Initial guess from SAP
The evaluation of vmat costs             0.01 seconds
Detailed time report:
Overall   |:    0.047 s for SCF Preparation
DFT Grids |:    0.029 s for Initialization of the tabulated Grids and AOs
InitGuess |:    0.011 s for Prepare initial guess
CInt      |:    0.007 s for Two, Three, and Four-center integrals
ISDF      |:    0.000 s for ISDF initialization
Exc:       0.00000000, Vxc:       0.00000000
The total energy:       -37.3118631552 Ha by the initial guess
Exc:       0.00000000, Vxc:       0.00000000
Energy:     -37.3534544776 Ha after    1 iterations (in       0.00 seconds).
Detailed timing info in this SCF step:
prepare_next_input:            0.00s
diagonalize_hamiltonian:       0.00s
generate_density_matrix:       0.00s
check_scf_convergence:         0.00s
scf_records.update:            0.00s
Exc:       0.00000000, Vxc:       0.00000000
SCF Change: DM 2.19957e-3; eev 1.98117e-1 Ha; etot 1.39255e-2 Ha
Energy:     -37.3395289986 Ha after    2 iterations (in       0.00 seconds).
Detailed timing info in this SCF step:
prepare_next_input:            0.00s
diagonalize_hamiltonian:       0.00s
generate_density_matrix:       0.00s
check_scf_convergence:         0.00s
scf_records.update:            0.00s
Exc:       0.00000000, Vxc:       0.00000000
SCF Change: DM 2.75898e-4; eev 8.27411e-2 Ha; etot 4.91166e-3 Ha
Energy:     -37.3346173426 Ha after    3 iterations (in       0.00 seconds).
Detailed timing info in this SCF step:
prepare_next_input:            0.00s
diagonalize_hamiltonian:       0.00s
generate_density_matrix:       0.00s
check_scf_convergence:         0.00s
scf_records.update:            0.00s
Exc:       0.00000000, Vxc:       0.00000000
SCF Change: DM 7.48385e-4; eev 5.26451e-2 Ha; etot -5.83989e-3 Ha
Energy:     -37.3404572308 Ha after    4 iterations (in       0.00 seconds).
Detailed timing info in this SCF step:
prepare_next_input:            0.00s
diagonalize_hamiltonian:       0.00s
generate_density_matrix:       0.00s
check_scf_convergence:         0.00s
scf_records.update:            0.00s
Exc:       0.00000000, Vxc:       0.00000000
SCF Change: DM 1.50994e-4; eev 3.25359e-2 Ha; etot -1.32711e-3 Ha
Energy:     -37.3417843366 Ha after    5 iterations (in       0.00 seconds).
Detailed timing info in this SCF step:
prepare_next_input:            0.00s
diagonalize_hamiltonian:       0.00s
generate_density_matrix:       0.00s
check_scf_convergence:         0.00s
scf_records.update:            0.00s
Exc:       0.00000000, Vxc:       0.00000000
SCF Change: DM 2.39738e-4; eev 1.55190e-2 Ha; etot 1.96241e-3 Ha
Energy:     -37.3398219292 Ha after    6 iterations (in       0.00 seconds).
Detailed timing info in this SCF step:
prepare_next_input:            0.00s
diagonalize_hamiltonian:       0.00s
generate_density_matrix:       0.00s
check_scf_convergence:         0.00s
scf_records.update:            0.00s
Exc:       0.00000000, Vxc:       0.00000000
SCF Change: DM 6.22195e-5; eev 1.20159e-2 Ha; etot 2.64520e-4 Ha
Energy:     -37.3395574095 Ha after    7 iterations (in       0.00 seconds).
Detailed timing info in this SCF step:
prepare_next_input:            0.00s
diagonalize_hamiltonian:       0.00s
generate_density_matrix:       0.00s
check_scf_convergence:         0.00s
scf_records.update:            0.00s
Exc:       0.00000000, Vxc:       0.00000000
SCF Change: DM 5.69283e-5; eev 2.75140e-3 Ha; etot -5.52643e-4 Ha
Energy:     -37.3401100521 Ha after    8 iterations (in       0.01 seconds).
Detailed timing info in this SCF step:
prepare_next_input:            0.00s
diagonalize_hamiltonian:       0.00s
generate_density_matrix:       0.00s
check_scf_convergence:         0.00s
scf_records.update:            0.00s
Exc:       0.00000000, Vxc:       0.00000000
SCF Change: DM 1.64934e-5; eev 2.56091e-3 Ha; etot -6.07626e-7 Ha
Energy:     -37.3401106598 Ha after    9 iterations (in       0.00 seconds).
Detailed timing info in this SCF step:
prepare_next_input:            0.00s
diagonalize_hamiltonian:       0.00s
generate_density_matrix:       0.00s
check_scf_convergence:         0.00s
scf_records.update:            0.00s
Exc:       0.00000000, Vxc:       0.00000000
SCF Change: DM 1.87824e-6; eev 2.26777e-5 Ha; etot -1.25578e-7 Ha
Energy:     -37.3401107853 Ha after   10 iterations (in       0.00 seconds).
Detailed timing info in this SCF step:
prepare_next_input:            0.00s
diagonalize_hamiltonian:       0.00s
generate_density_matrix:       0.00s
check_scf_convergence:         0.00s
scf_records.update:            0.00s
Exc:       0.00000000, Vxc:       0.00000000
SCF Change: DM 3.76649e-7; eev 1.74992e-5 Ha; etot -4.21487e-10 Ha
Energy:     -37.3401107858 Ha after   11 iterations (in       0.00 seconds).
Detailed timing info in this SCF step:
prepare_next_input:            0.00s
diagonalize_hamiltonian:       0.00s
generate_density_matrix:       0.00s
check_scf_convergence:         0.00s
scf_records.update:            0.00s
Exc:       0.00000000, Vxc:       0.00000000
SCF Change: DM 1.30812e-8; eev 2.79744e-7 Ha; etot -1.88223e-11 Ha
Energy:     -37.3401107858 Ha after   12 iterations (in       0.00 seconds).
Detailed timing info in this SCF step:
prepare_next_input:            0.00s
diagonalize_hamiltonian:       0.00s
generate_density_matrix:       0.00s
check_scf_convergence:         0.00s
scf_records.update:            0.00s
Exc:       0.00000000, Vxc:       0.00000000
SCF Change: DM 2.33061e-9; eev 2.95397e-8 Ha; etot -3.55271e-14 Ha
Energy:     -37.3401107858 Ha after   13 iterations (in       0.00 seconds).
Detailed timing info in this SCF step:
prepare_next_input:            0.00s
diagonalize_hamiltonian:       0.00s
generate_density_matrix:       0.00s
check_scf_convergence:         0.00s
scf_records.update:            0.00s
Exc:       0.00000000, Vxc:       0.00000000
SCF Change: DM 5.18722e-12; eev 3.12506e-10 Ha; etot 2.84217e-14 Ha
Energy:     -37.3401107858 Ha after   14 iterations (in       0.00 seconds).
Detailed timing info in this SCF step:
prepare_next_input:            0.00s
diagonalize_hamiltonian:       0.00s
generate_density_matrix:       0.00s
check_scf_convergence:         0.00s
scf_records.update:            0.00s
SCF is converged after   14 iterations.
   State    Occupation        Eigenvalue
       0       2.00000        -11.472430
       1       2.00000         -0.775722
       2       0.66667         -0.123052
       3       0.66667         -0.123052
       4       0.66667         -0.123052
       5       0.00000          0.234768
       6       0.00000          0.349642
       7       0.00000          0.349642
the job spends             0.08 seconds
Generate SAD of H
the functional of 'hf' contains
For SCF calculation, no core orbital is frozen by effective core potential (ECP) approximation
Libxc version used in REST: 7.0.0
nbas: 6, natm: 1 for standard basis sets
First valence state for the frozen-core algorithm:     0
final nbas: 12,final natm: 2
numbasis: 14, num_auxbas: 18
Unrestricted Hartree-Fock (or Kohn-Sham) algorithm is invoked.
Nuc_energy:       0.00000000 Hartree
no empirical dispersion correction is employed
No ghost effective potential
No ghost point charges
Detailed time report:
all ri    |:    0.001 s for for the total evaluations of ri3fn
inv_sqrt  |:    0.000 s for for the sqrt inverse of aux_ij
ri_v      |:    0.000 s for for RI dot aux_v^{-1/2}
prim ri   |:    0.000 s for for the pure three-center integrals
aux_ij    |:    0.000 s for for the coulomb matrix of auxiliary basis
Overlap matrix is nonsigular:
  Lowest eigenvalue:       0.10940728 with the total number of basis functions:     14
Grid size: 10024
Initial guess from SAP
The evaluation of vmat costs             0.00 seconds
Detailed time report:
Overall   |:    0.015 s for SCF Preparation
CInt      |:    0.001 s for Two, Three, and Four-center integrals
InitGuess |:    0.005 s for Prepare initial guess
DFT Grids |:    0.008 s for Initialization of the tabulated Grids and AOs
ISDF      |:    0.000 s for ISDF initialization
Exc:       0.00000000, Vxc:       0.00000000
The total energy:        -0.4746750264 Ha by the initial guess
Exc:       0.00000000, Vxc:       0.00000000
Energy:      -0.4947605578 Ha with <S^2> =  0.750 and <2S+1> =  2.000 after    1 iterations (in       0.00 seconds).
Detailed timing info in this SCF step:
prepare_next_input:            0.00s
diagonalize_hamiltonian:       0.00s
generate_density_matrix:       0.00s
check_scf_convergence:         0.00s
scf_records.update:            0.00s
Exc:       0.00000000, Vxc:       0.00000000
SCF Change: DM (2.42831e-3, 0.00000e0); eev 1.75389e-1 Ha; etot -7.45427e-3 Ha
Energy:      -0.5022148265 Ha with <S^2> =  0.750 and <2S+1> =  2.000 after    2 iterations (in       0.00 seconds).
Detailed timing info in this SCF step:
prepare_next_input:            0.00s
diagonalize_hamiltonian:       0.00s
generate_density_matrix:       0.00s
check_scf_convergence:         0.00s
scf_records.update:            0.00s
Exc:       0.00000000, Vxc:       0.00000000
SCF Change: DM (4.89184e-4, 0.00000e0); eev 6.79785e-2 Ha; etot 1.31784e-3 Ha
Energy:      -0.5008969838 Ha with <S^2> =  0.750 and <2S+1> =  2.000 after    3 iterations (in       0.00 seconds).
Detailed timing info in this SCF step:
prepare_next_input:            0.00s
diagonalize_hamiltonian:       0.00s
generate_density_matrix:       0.00s
check_scf_convergence:         0.00s
scf_records.update:            0.00s
Exc:       0.00000000, Vxc:       0.00000000
SCF Change: DM (6.14473e-5, 0.00000e0); eev 1.58155e-2 Ha; etot 9.31515e-4 Ha
Energy:      -0.4999654685 Ha with <S^2> =  0.750 and <2S+1> =  2.000 after    4 iterations (in       0.00 seconds).
Detailed timing info in this SCF step:
prepare_next_input:            0.00s
diagonalize_hamiltonian:       0.00s
generate_density_matrix:       0.00s
check_scf_convergence:         0.00s
scf_records.update:            0.00s
Exc:       0.00000000, Vxc:       0.00000000
SCF Change: DM (3.39240e-5, 0.00000e0); eev 1.39012e-3 Ha; etot 1.87791e-4 Ha
Energy:      -0.4997776776 Ha with <S^2> =  0.750 and <2S+1> =  2.000 after    5 iterations (in       0.00 seconds).
Detailed timing info in this SCF step:
prepare_next_input:            0.00s
diagonalize_hamiltonian:       0.00s
generate_density_matrix:       0.00s
check_scf_convergence:         0.00s
scf_records.update:            0.00s
Exc:       0.00000000, Vxc:       0.00000000
SCF Change: DM (1.39081e-5, 0.00000e0); eev 7.49941e-4 Ha; etot -4.66356e-6 Ha
Energy:      -0.4997823411 Ha with <S^2> =  0.750 and <2S+1> =  2.000 after    6 iterations (in       0.00 seconds).
Detailed timing info in this SCF step:
prepare_next_input:            0.00s
diagonalize_hamiltonian:       0.00s
generate_density_matrix:       0.00s
check_scf_convergence:         0.00s
scf_records.update:            0.00s
Exc:       0.00000000, Vxc:       0.00000000
SCF Change: DM (3.24050e-6, 0.00000e0); eev 4.38958e-4 Ha; etot -1.82058e-5 Ha
Energy:      -0.4998005469 Ha with <S^2> =  0.750 and <2S+1> =  2.000 after    7 iterations (in       0.00 seconds).
Detailed timing info in this SCF step:
prepare_next_input:            0.00s
diagonalize_hamiltonian:       0.00s
generate_density_matrix:       0.00s
check_scf_convergence:         0.00s
scf_records.update:            0.00s
Exc:       0.00000000, Vxc:       0.00000000
SCF Change: DM (3.23524e-7, 0.00000e0); eev 1.46853e-4 Ha; etot -9.28526e-6 Ha
Energy:      -0.4998098322 Ha with <S^2> =  0.750 and <2S+1> =  2.000 after    8 iterations (in       0.00 seconds).
Detailed timing info in this SCF step:
prepare_next_input:            0.00s
diagonalize_hamiltonian:       0.00s
generate_density_matrix:       0.00s
check_scf_convergence:         0.00s
scf_records.update:            0.00s
Exc:       0.00000000, Vxc:       0.00000000
SCF Change: DM (1.39114e-7, 0.00000e0); eev 8.51566e-6 Ha; etot -2.91850e-11 Ha
Energy:      -0.4998098322 Ha with <S^2> =  0.750 and <2S+1> =  2.000 after    9 iterations (in       0.00 seconds).
Detailed timing info in this SCF step:
prepare_next_input:            0.00s
diagonalize_hamiltonian:       0.00s
generate_density_matrix:       0.00s
check_scf_convergence:         0.00s
scf_records.update:            0.00s
Exc:       0.00000000, Vxc:       0.00000000
SCF Change: DM (4.82128e-8, 0.00000e0); eev 1.22527e-6 Ha; etot -2.64544e-12 Ha
Energy:      -0.4998098322 Ha with <S^2> =  0.750 and <2S+1> =  2.000 after   10 iterations (in       0.00 seconds).
Detailed timing info in this SCF step:
prepare_next_input:            0.00s
diagonalize_hamiltonian:       0.00s
generate_density_matrix:       0.00s
check_scf_convergence:         0.00s
scf_records.update:            0.00s
Exc:       0.00000000, Vxc:       0.00000000
SCF Change: DM (4.01218e-14, 0.00000e0); eev 2.49887e-12 Ha; etot -5.92304e-14 Ha
Energy:      -0.4998098322 Ha with <S^2> =  0.750 and <2S+1> =  2.000 after   11 iterations (in       0.00 seconds).
Detailed timing info in this SCF step:
prepare_next_input:            0.00s
diagonalize_hamiltonian:       0.00s
generate_density_matrix:       0.00s
check_scf_convergence:         0.00s
scf_records.update:            0.00s
SCF is converged after   11 iterations.
Spin-up eigenvalues
 
   State    Occupation        Eigenvalue
       0       1.00000         -0.499810
       1       0.00000          0.354348
       2       0.00000          0.738499
       3       0.00000          0.738499
 
Spin-down eigenvalues
 
   State    Occupation        Eigenvalue
the number of eigenvalues in 1 spin channel is 1
the job spends             0.03 seconds
total electron number:      25.99995754
The evaluation of Vj, Vk and Vxc matrices cost       0.00,       0.09 and       0.65 seconds, respectively
Exc:     -14.98596880, Vxc:      -9.59575582
Initial guess HF energy:    -119.5284584793849803
Initial density matrix by Atom SAD:
                 0,           1,           2,           3,           4
    0     0.457669,    0.615028,   -0.052238,   -0.056689,    0.014093
    1     0.615028,    0.841003,   -0.139163,   -0.131077,    0.010852
    2    -0.052238,   -0.139163,    0.333791,    0.267515,    0.037027
    3    -0.056689,   -0.131077,    0.267515,    0.216970,    0.029017
    4     0.014093,    0.010852,    0.037027,    0.029017,    0.007108
    5     0.004780,    0.009990,   -0.019300,   -0.019638,   -0.014376
    6     0.002911,    0.006093,   -0.010706,   -0.017201,   -0.013339
    7    -0.000001,   -0.000003,    0.000004,    0.000012,    0.000001
    8    -0.009926,   -0.012382,   -0.004475,   -0.005605,   -0.008357
    9    -0.005806,   -0.007363,   -0.001455,   -0.005654,   -0.008707
   10    -0.000003,   -0.000003,    0.000000,    0.000007,    0.000000
   11     0.001292,    0.001836,   -0.000870,   -0.001017,   -0.001677
   12    -0.000585,   -0.000851,    0.000490,   -0.000998,   -0.001649
   13    -0.000003,   -0.000005,    0.000005,    0.000005,    0.000000
   14    -0.000474,   -0.000639,   -0.000044,   -0.000328,   -0.000724
   15     0.000000,    0.000001,   -0.000002,   -0.000002,   -0.000001
   16     0.000322,    0.000465,   -0.000167,    0.000269,    0.000460
   17    -0.000000,    0.000000,   -0.000001,   -0.000001,   -0.000000
   18    -0.000241,   -0.000375,    0.000267,   -0.000063,   -0.000116
   19    -0.004824,   -0.006986,    0.002882,    0.001863,   -0.000415
   20    -0.000000,   -0.000001,   -0.000000,   -0.000001,   -0.000000
   21     0.002442,    0.003703,   -0.002204,   -0.001802,    0.000471
   22     0.000000,    0.000001,   -0.000002,   -0.000002,    0.000000
   23    -0.001854,   -0.002862,    0.001973,    0.001490,    0.000219
   24     0.000473,   -0.000174,    0.003782,    0.002924,    0.000316
   25    -0.000001,   -0.000001,   -0.000001,   -0.000001,   -0.000000
   26    -0.001527,   -0.001244,   -0.003657,   -0.002845,   -0.000431
   27    -0.000002,   -0.000002,   -0.000004,   -0.000003,   -0.000001
   28     0.000678,    0.001093,   -0.000927,   -0.000690,   -0.000002
   29    -0.000001,   -0.000001,   -0.000001,   -0.000001,   -0.000000
   30     0.000339,    0.000444,    0.000025,    0.000034,    0.000176
   31    -0.017000,   -0.036307,    0.065940,    0.055421,    0.010168
   32    -0.030425,   -0.054018,    0.065854,    0.056405,    0.009993
   33    -0.007964,   -0.012868,    0.011169,    0.009883,    0.001696
   34    -0.000125,   -0.000201,    0.000150,    0.000082,   -0.000144
   35    -0.001912,   -0.003453,    0.004423,    0.003640,    0.000502
   36     0.002590,    0.004705,   -0.006120,   -0.005195,   -0.000942
   37    -0.000193,   -0.000254,   -0.000064,   -0.000146,   -0.000313
   38    -0.005151,   -0.007838,    0.004938,    0.004088,    0.000278
   39     0.007379,    0.011221,   -0.007045,   -0.006167,   -0.000868
   40    -0.000026,   -0.000042,    0.000031,   -0.000000,   -0.000048
   41     0.001570,    0.002342,   -0.001282,   -0.001082,   -0.000102
   42    -0.000921,   -0.001373,    0.000751,    0.000688,    0.000131
   43     0.000205,    0.000292,   -0.000090,   -0.000051,    0.000053
   44     0.000639,    0.000946,   -0.000492,   -0.000406,   -0.000005
   45    -0.016997,   -0.036302,    0.065930,    0.055404,    0.010163
   46    -0.030420,   -0.054008,    0.065834,    0.056378,    0.009986
   47    -0.007964,   -0.012867,    0.011165,    0.009877,    0.001694
   48    -0.000125,   -0.000203,    0.000152,    0.000083,   -0.000144
   49    -0.001909,   -0.003447,    0.004416,    0.003633,    0.000501
   50    -0.002592,   -0.004708,    0.006124,    0.005198,    0.000942
   51    -0.000193,   -0.000254,   -0.000064,   -0.000146,   -0.000313
   52    -0.005142,   -0.007824,    0.004928,    0.004079,    0.000277
   53    -0.007384,   -0.011228,    0.007048,    0.006170,    0.000868
   54    -0.000026,   -0.000042,    0.000031,   -0.000000,   -0.000048
   55    -0.001569,   -0.002340,    0.001281,    0.001081,    0.000101
   56    -0.000924,   -0.001377,    0.000754,    0.000690,    0.000131
   57    -0.000206,   -0.000293,    0.000090,    0.000051,   -0.000053
   58     0.000637,    0.000944,   -0.000490,   -0.000405,   -0.000005
   59    -0.017300,   -0.036930,    0.067666,    0.053758,    0.008791
   60    -0.031884,   -0.056085,    0.067485,    0.052893,    0.009154
   61    -0.006892,   -0.011499,    0.011623,    0.009119,    0.001649
   62    -0.002685,   -0.004836,    0.006188,    0.004890,    0.000570
   63     0.001867,    0.003407,   -0.004527,   -0.003745,   -0.000763
   64     0.000001,    0.000002,   -0.000002,   -0.000002,   -0.000000
   65    -0.007628,   -0.011466,    0.006707,    0.005125,    0.000474
   66     0.005611,    0.008473,   -0.005152,   -0.004305,   -0.000963
   67     0.000004,    0.000005,   -0.000003,   -0.000002,   -0.000000
   68     0.001626,    0.002416,   -0.001298,   -0.001105,   -0.000163
   69    -0.000001,   -0.000001,    0.000000,    0.000000,    0.000000
   70     0.000895,    0.001339,   -0.000749,   -0.000609,   -0.000066
   71     0.000001,    0.000001,   -0.000001,   -0.000001,   -0.000000
   72    -0.000659,   -0.000968,    0.000463,    0.000314,   -0.000105
   73     0.001941,    0.004038,   -0.006748,    0.010349,   -0.010107
   74     0.004011,    0.008226,   -0.013104,    0.014986,   -0.012819
   75    -0.006387,   -0.012413,    0.016637,   -0.008527,   -0.002886
   76     0.010881,    0.014669,   -0.003413,   -0.023313,   -0.003789
   77    -0.001098,    0.001359,   -0.013509,   -0.010619,   -0.002673
   78     0.018242,    0.039442,   -0.071448,   -0.058743,    0.012213
   79     0.014140,    0.030682,   -0.057600,   -0.045587,   -0.006308
   80     0.000002,    0.000005,   -0.000009,   -0.000010,   -0.000003
   81     0.009244,    0.021017,   -0.040781,   -0.033650,    0.009189
   82     0.011732,    0.023314,   -0.037470,   -0.027794,   -0.004133
   83     0.000004,    0.000006,   -0.000008,   -0.000008,   -0.000002
   84     0.003370,    0.005552,   -0.004977,   -0.004304,    0.002718
   85     0.002088,    0.003805,   -0.005128,   -0.003846,   -0.000426
   86     0.000001,    0.000002,   -0.000003,   -0.000002,   -0.000001
   87    -0.001569,   -0.003281,    0.005710,    0.004678,   -0.000269
   88    -0.000000,   -0.000000,    0.000000,    0.000000,   -0.000000
   89     0.001048,    0.002131,   -0.003589,   -0.002751,   -0.000424
   90    -0.000000,   -0.000000,    0.000000,   -0.000000,    0.000000
   91    -0.000738,   -0.001557,    0.002864,    0.002076,    0.000371
   92    -0.003233,   -0.005758,    0.007040,    0.005846,   -0.000484
   93     0.000000,    0.000000,   -0.000001,   -0.000001,   -0.000001
   94     0.003434,    0.005660,   -0.005387,   -0.003463,   -0.000619
   95     0.000001,    0.000001,   -0.000002,   -0.000002,    0.000001
   96    -0.002039,   -0.003440,    0.003770,    0.002189,    0.000534
   97     0.000889,    0.001357,   -0.000853,   -0.000302,    0.000005
   98     0.000000,   -0.000000,    0.000000,    0.000000,   -0.000000
   99     0.000069,    0.000025,    0.000272,   -0.000010,   -0.000072
  100     0.000000,    0.000001,   -0.000000,   -0.000000,   -0.000000
  101    -0.000898,   -0.001359,    0.000801,    0.000682,   -0.000217
  102     0.000000,    0.000000,   -0.000000,   -0.000000,    0.000000
  103    -0.000203,   -0.000314,    0.000246,    0.000225,    0.000125
  104     0.002978,    0.006474,   -0.012717,   -0.014233,   -0.002164
  105    -0.002384,   -0.000697,   -0.012323,   -0.014391,   -0.001895
  106     0.000460,    0.001296,   -0.003512,   -0.003626,   -0.000439
  107     0.000311,    0.000623,   -0.000983,   -0.000811,    0.000222
  108     0.000039,    0.000026,    0.000155,    0.000453,    0.000055
  109     0.000268,    0.000614,   -0.001286,   -0.001425,   -0.000189
  110     0.001222,    0.002038,   -0.001974,   -0.001640,    0.000371
  111     0.001905,    0.002806,   -0.001354,   -0.000570,   -0.000142
  112    -0.001278,   -0.001578,   -0.000561,   -0.001111,   -0.000029
  113    -0.000222,   -0.000386,    0.000432,    0.000356,   -0.000053
  114     0.000128,    0.000190,   -0.000090,    0.000047,   -0.000022
  115     0.000137,    0.000257,   -0.000367,   -0.000353,   -0.000029
  116     0.000300,    0.000493,   -0.000453,   -0.000378,    0.000113
  117     0.000155,    0.000226,   -0.000101,   -0.000020,   -0.000012
  118     0.002977,    0.006473,   -0.012716,   -0.014234,   -0.002166
  119    -0.002387,   -0.000701,   -0.012319,   -0.014389,   -0.001896
  120     0.000460,    0.001296,   -0.003512,   -0.003627,   -0.000440
  121     0.000311,    0.000624,   -0.000984,   -0.000811,    0.000222
  122     0.000040,    0.000027,    0.000154,    0.000452,    0.000055
  123    -0.000268,   -0.000613,    0.001286,    0.001426,    0.000189
  124     0.001221,    0.002036,   -0.001973,   -0.001640,    0.000371
  125     0.001905,    0.002805,   -0.001356,   -0.000571,   -0.000142
  126     0.001279,    0.001580,    0.000559,    0.001110,    0.000028
  127    -0.000222,   -0.000386,    0.000432,    0.000356,   -0.000053
  128    -0.000129,   -0.000191,    0.000091,   -0.000047,    0.000022
  129     0.000137,    0.000257,   -0.000367,   -0.000353,   -0.000029
  130    -0.000300,   -0.000494,    0.000453,    0.000378,   -0.000113
  131     0.000155,    0.000227,   -0.000101,   -0.000020,   -0.000012
  132    -0.000639,   -0.001442,    0.003034,    0.003261,   -0.005058
  133    -0.001442,   -0.003195,    0.006479,    0.006093,   -0.007978
  134     0.003034,    0.006479,   -0.012164,   -0.008737,    0.006034
  135     0.003261,    0.006093,   -0.008737,   -0.004213,    0.005309
  136    -0.005058,   -0.007978,    0.006034,    0.005309,   -0.000175
  137    -0.006008,   -0.013210,    0.026113,    0.028463,   -0.004161
  138    -0.002466,   -0.005446,    0.013753,    0.002693,    0.012383
  139    -0.000000,   -0.000001,    0.000002,   -0.000010,    0.000010
  140    -0.000682,   -0.004316,    0.016944,    0.018078,   -0.002397
  141     0.001295,    0.000504,    0.007983,    0.001826,    0.008678
  142     0.000002,    0.000003,    0.000002,   -0.000006,    0.000007
  143     0.000559,    0.000092,    0.003282,    0.003479,   -0.000691
  144     0.000192,   -0.000493,    0.004189,    0.002039,    0.002183
  145     0.000001,    0.000001,    0.000000,   -0.000003,    0.000002
  146    -0.000487,   -0.001098,    0.002212,    0.002246,   -0.000206
  147    -0.000000,   -0.000000,    0.000001,    0.000001,   -0.000000
  148     0.000169,    0.000338,   -0.000645,   -0.000115,   -0.000449
  149    -0.000000,   -0.000000,    0.000001,    0.000001,    0.000000
  150    -0.000373,   -0.000806,    0.001540,    0.000981,    0.000229
  151     0.000445,   -0.000058,    0.003114,    0.003202,   -0.000048
  152    -0.000001,   -0.000001,    0.000001,    0.000001,   -0.000000
  153    -0.001214,   -0.001622,    0.000016,    0.000081,   -0.000663
  154     0.000001,    0.000001,   -0.000000,   -0.000000,    0.000000
  155    -0.000626,   -0.001425,    0.002858,    0.002202,    0.000222
  156     0.000217,    0.000381,   -0.000441,   -0.000438,    0.000163
  157     0.000000,    0.000000,   -0.000000,    0.000000,    0.000000
  158    -0.000060,   -0.000156,    0.000368,    0.000307,   -0.000075
  159    -0.000000,   -0.000000,    0.000000,    0.000000,    0.000000
  160    -0.000123,   -0.000173,    0.000046,   -0.000045,    0.000095
  161    -0.000000,   -0.000000,    0.000000,    0.000000,    0.000000
  162     0.000359,    0.000678,   -0.000951,   -0.000813,    0.000075
  163     0.001320,    0.002858,   -0.006219,   -0.002496,   -0.001934
  164     0.002948,    0.005419,   -0.008355,   -0.003695,   -0.002325
  165     0.001819,    0.003100,   -0.003624,   -0.002274,   -0.000750
  166    -0.000096,   -0.000191,    0.000328,    0.000355,   -0.000060
  167     0.000102,    0.000170,   -0.000184,   -0.000081,    0.000040
  168     0.000106,    0.000234,   -0.000543,   -0.000184,   -0.000204
  169     0.000009,   -0.000030,    0.000241,    0.000377,   -0.000163
  170     0.000229,    0.000365,   -0.000279,   -0.000228,    0.000232
  171     0.000486,    0.000793,   -0.000826,   -0.000345,   -0.000181
  172    -0.000018,   -0.000039,    0.000075,    0.000100,   -0.000024
  173    -0.000005,    0.000002,   -0.000043,   -0.000021,    0.000020
  174     0.000045,    0.000085,   -0.000141,   -0.000053,   -0.000067
  175     0.000027,    0.000023,    0.000071,    0.000101,   -0.000024
  176    -0.000080,   -0.000131,    0.000111,    0.000097,   -0.000034
  177    -0.002729,   -0.006067,    0.012823,    0.011110,    0.002806
  178    -0.007927,   -0.013808,    0.017238,    0.013884,    0.002552
  179    -0.001820,   -0.003551,    0.005849,    0.004881,    0.000741
  180     0.000186,    0.000378,   -0.000735,   -0.000559,   -0.000359
  181     0.000224,    0.000451,   -0.000766,   -0.000797,    0.000003
  182     0.000000,    0.000000,   -0.000001,   -0.000001,    0.000000
  183     0.001565,    0.002172,   -0.000590,   -0.000112,   -0.000278
  184     0.001010,    0.001445,   -0.000510,   -0.000558,    0.000295
  185     0.000001,    0.000001,   -0.000000,   -0.000001,    0.000000
  186    -0.000148,   -0.000233,    0.000182,    0.000187,   -0.000001
  187    -0.000000,   -0.000000,    0.000000,    0.000000,   -0.000000
  188     0.000099,    0.000148,   -0.000085,   -0.000062,   -0.000022
  189    -0.000000,   -0.000000,    0.000000,    0.000000,   -0.000000
  190     0.000042,    0.000090,   -0.000144,   -0.000203,    0.000121
  191     0.001321,    0.002861,   -0.006225,   -0.002507,   -0.001930
  192     0.002947,    0.005419,   -0.008363,   -0.003708,   -0.002320
  193     0.001819,    0.003101,   -0.003627,   -0.002278,   -0.000748
  194    -0.000096,   -0.000191,    0.000328,    0.000355,   -0.000060
  195     0.000102,    0.000170,   -0.000185,   -0.000082,    0.000040
  196    -0.000106,   -0.000234,    0.000543,    0.000185,    0.000204
  197     0.000009,   -0.000030,    0.000241,    0.000377,   -0.000163
  198     0.000230,    0.000366,   -0.000280,   -0.000229,    0.000232
  199    -0.000484,   -0.000792,    0.000826,    0.000345,    0.000181
  200    -0.000018,   -0.000039,    0.000075,    0.000101,   -0.000024
  201     0.000005,   -0.000002,    0.000043,    0.000021,   -0.000020
  202     0.000045,    0.000084,   -0.000141,   -0.000053,   -0.000067
  203    -0.000027,   -0.000023,   -0.000071,   -0.000101,    0.000024
  204    -0.000080,   -0.000131,    0.000111,    0.000098,   -0.000034
                 5,           6,           7,           8,           9
    0     0.004780,    0.002911,   -0.000001,   -0.009926,   -0.005806
    1     0.009990,    0.006093,   -0.000003,   -0.012382,   -0.007363
    2    -0.019300,   -0.010706,    0.000004,   -0.004475,   -0.001455
    3    -0.019638,   -0.017201,    0.000012,   -0.005605,   -0.005654
    4    -0.014376,   -0.013339,    0.000001,   -0.008357,   -0.008707
    5     0.286384,   -0.030196,   -0.000002,    0.185351,   -0.025255
    6    -0.030196,    0.312598,   -0.000000,   -0.026757,    0.204340
    7    -0.000002,   -0.000000,    0.332495,   -0.000007,    0.000008
    8     0.185351,   -0.026757,   -0.000007,    0.120852,   -0.020904
    9    -0.025255,    0.204340,    0.000008,   -0.020904,    0.134455
   10    -0.000005,    0.000000,    0.226504,   -0.000007,    0.000005
   11     0.048244,   -0.013158,   -0.000001,    0.031543,   -0.009494
   12    -0.009921,    0.057634,    0.000002,   -0.007485,    0.037710
   13     0.000004,    0.000004,    0.064292,    0.000002,    0.000004
   14     0.012701,   -0.000831,   -0.000003,    0.008178,   -0.000776
   15    -0.000004,    0.000010,   -0.013270,   -0.000003,    0.000006
   16    -0.000344,   -0.011155,   -0.000019,    0.000029,   -0.007252
   17     0.000002,   -0.000004,   -0.000590,    0.000002,   -0.000003
   18     0.001103,    0.006790,   -0.000004,    0.000620,    0.004352
   19     0.010850,    0.000556,   -0.000005,    0.007188,    0.000063
   20    -0.000003,    0.000007,   -0.012418,   -0.000002,    0.000005
   21    -0.000579,   -0.007802,   -0.000021,   -0.000162,   -0.005393
   22    -0.000002,   -0.000003,    0.000348,   -0.000001,   -0.000002
   23     0.002230,    0.003931,   -0.000003,    0.001516,    0.002542
   24     0.001894,    0.001292,    0.000001,    0.001256,    0.000859
   25    -0.000000,   -0.000000,    0.000813,   -0.000000,   -0.000000
   26    -0.000336,   -0.000243,    0.000000,   -0.000237,   -0.000182
   27     0.000001,    0.000001,   -0.000640,    0.000000,    0.000001
   28    -0.001771,   -0.000593,   -0.000000,   -0.001172,   -0.000366
   29    -0.000000,    0.000001,   -0.000243,   -0.000000,    0.000001
   30     0.000307,   -0.001137,    0.000000,    0.000250,   -0.000780
   31    -0.000676,   -0.082401,    0.118291,    0.003031,   -0.052543
   32     0.000519,   -0.100048,    0.142527,    0.004409,   -0.063691
   33     0.003124,   -0.027665,    0.044641,    0.002966,   -0.017778
   34     0.004326,   -0.000970,    0.000659,    0.002828,   -0.000706
   35    -0.000548,   -0.001379,    0.008676,   -0.000188,   -0.000796
   36     0.000177,    0.008255,   -0.006644,   -0.000251,    0.005259
   37     0.008021,   -0.001442,    0.001325,    0.005208,   -0.001069
   38    -0.001237,    0.001849,    0.008777,   -0.000630,    0.001407
   39     0.000544,    0.009302,   -0.002514,   -0.000166,    0.005812
   40     0.001281,   -0.000124,    0.000229,    0.000832,   -0.000107
   41     0.000246,    0.000283,   -0.001459,    0.000087,    0.000139
   42    -0.000134,   -0.001913,   -0.000654,   -0.000004,   -0.001223
   43    -0.001757,    0.000289,   -0.000278,   -0.001153,    0.000221
   44     0.000193,   -0.000517,   -0.001037,    0.000110,   -0.000360
   45    -0.000712,   -0.082292,   -0.118378,    0.003009,   -0.052476
   46     0.000468,   -0.099919,   -0.142624,    0.004377,   -0.063614
   47     0.003111,   -0.027629,   -0.044674,    0.002957,   -0.017757
   48     0.004327,   -0.000971,   -0.000663,    0.002828,   -0.000707
   49    -0.000551,   -0.001362,   -0.008671,   -0.000190,   -0.000786
   50    -0.000180,   -0.008250,   -0.006662,    0.000249,   -0.005256
   51     0.008018,   -0.001443,   -0.001326,    0.005207,   -0.001070
   52    -0.001241,    0.001867,   -0.008769,   -0.000633,    0.001418
   53    -0.000550,   -0.009297,   -0.002531,    0.000162,   -0.005809
   54     0.001279,   -0.000124,   -0.000229,    0.000831,   -0.000107
   55    -0.000246,   -0.000278,   -0.001462,   -0.000088,   -0.000136
   56    -0.000135,   -0.001915,    0.000649,   -0.000005,   -0.001223
   57     0.001758,   -0.000290,   -0.000279,    0.001154,   -0.000222
   58     0.000193,   -0.000519,    0.001035,    0.000110,   -0.000361
   59    -0.113217,    0.087917,    0.000053,   -0.073345,    0.060554
   60    -0.136091,    0.111069,    0.000056,   -0.087942,    0.075527
   61    -0.037601,    0.032841,    0.000021,   -0.024616,    0.022354
   62    -0.007447,    0.008456,    0.000005,   -0.004812,    0.005775
   63     0.007559,   -0.001344,   -0.000003,    0.004775,   -0.001094
   64     0.000005,   -0.000003,    0.005013,    0.000003,   -0.000002
   65    -0.004974,    0.009351,    0.000002,   -0.003009,    0.006177
   66     0.007870,    0.002013,   -0.000001,    0.004732,    0.001167
   67     0.000004,   -0.000004,    0.009468,    0.000002,   -0.000002
   68     0.001499,   -0.000014,   -0.000001,    0.000895,   -0.000069
   69    -0.000001,   -0.000000,   -0.001315,   -0.000001,   -0.000000
   70     0.000665,   -0.000437,   -0.000001,    0.000402,   -0.000313
   71     0.000001,   -0.000001,    0.001893,    0.000000,   -0.000001
   72     0.000486,    0.002133,    0.000000,    0.000289,    0.001399
   73    -0.020460,   -0.012508,   -0.000002,   -0.012431,   -0.002183
   74    -0.044266,   -0.026901,   -0.000005,   -0.026812,   -0.007651
   75     0.079628,    0.047286,    0.000009,    0.047853,    0.021470
   76     0.078994,    0.045287,    0.000013,    0.047048,    0.020488
   77    -0.011653,   -0.009081,   -0.000000,   -0.008128,   -0.005782
   78    -0.145402,   -0.101688,   -0.000021,   -0.091682,   -0.070335
   79    -0.109448,   -0.073525,   -0.000015,   -0.073978,   -0.046294
   80    -0.000017,   -0.000016,   -0.006195,   -0.000018,   -0.000009
   81    -0.099073,   -0.072863,   -0.000020,   -0.062117,   -0.050175
   82    -0.080802,   -0.057535,   -0.000006,   -0.054255,   -0.035531
   83    -0.000019,   -0.000006,   -0.010146,   -0.000017,   -0.000003
   84    -0.023807,   -0.017473,   -0.000011,   -0.014867,   -0.011969
   85    -0.016630,   -0.016243,   -0.000001,   -0.011179,   -0.010168
   86    -0.000010,   -0.000006,   -0.006521,   -0.000007,   -0.000004
   87     0.009574,    0.001191,    0.000000,    0.006305,    0.000866
   88    -0.000000,    0.000000,   -0.005773,   -0.000000,   -0.000000
   89    -0.003344,   -0.004238,   -0.000003,   -0.002317,   -0.002669
   90     0.000000,   -0.000000,   -0.005702,    0.000000,   -0.000000
   91    -0.000739,    0.007792,    0.000000,   -0.000357,    0.004942
   92     0.014968,    0.000009,    0.000002,    0.009922,    0.000060
   93    -0.000004,    0.000006,   -0.017088,   -0.000003,    0.000003
   94    -0.005534,   -0.009440,   -0.000004,   -0.003775,   -0.005719
   95    -0.000003,   -0.000002,   -0.014167,   -0.000001,   -0.000001
   96    -0.005346,    0.017210,   -0.000003,   -0.003326,    0.010795
   97    -0.002042,   -0.002451,   -0.000000,   -0.001315,   -0.001413
   98     0.000000,   -0.000000,    0.002978,    0.000000,   -0.000000
   99     0.001962,    0.000184,    0.000000,    0.001225,    0.000015
  100     0.000000,   -0.000000,   -0.002504,    0.000000,   -0.000000
  101     0.001576,    0.001692,    0.000000,    0.000981,    0.001184
  102     0.000000,   -0.000000,    0.001318,    0.000000,   -0.000000
  103     0.002298,   -0.003126,    0.000000,    0.001642,   -0.002166
  104    -0.010536,   -0.014993,    0.011546,   -0.008379,   -0.011116
  105    -0.013763,   -0.017830,    0.011345,   -0.010392,   -0.013073
  106    -0.001548,   -0.011019,    0.015984,   -0.001393,   -0.007368
  107    -0.002021,   -0.001994,    0.000664,   -0.001250,   -0.001379
  108    -0.000512,   -0.000388,    0.000050,   -0.000265,   -0.000119
  109    -0.001410,   -0.001274,    0.000443,   -0.001061,   -0.000960
  110    -0.003277,   -0.003322,    0.000375,   -0.002042,   -0.002319
  111    -0.002389,   -0.002172,    0.001712,   -0.001573,   -0.001186
  112    -0.001572,    0.000167,   -0.002160,   -0.001124,   -0.000129
  113     0.000561,    0.000537,   -0.000296,    0.000353,    0.000377
  114    -0.000187,   -0.000175,    0.000054,   -0.000108,   -0.000067
  115    -0.000514,   -0.000419,    0.000173,   -0.000363,   -0.000288
  116    -0.000858,   -0.001001,    0.000162,   -0.000527,   -0.000696
  117    -0.000476,   -0.000151,    0.000132,   -0.000309,   -0.000070
  118    -0.010533,   -0.014989,   -0.011552,   -0.008381,   -0.011114
  119    -0.013747,   -0.017840,   -0.011362,   -0.010387,   -0.013080
  120    -0.001545,   -0.011016,   -0.015995,   -0.001393,   -0.007368
  121    -0.002022,   -0.001995,   -0.000665,   -0.001250,   -0.001379
  122    -0.000514,   -0.000389,   -0.000050,   -0.000265,   -0.000120
  123     0.001410,    0.001273,    0.000444,    0.001061,    0.000960
  124    -0.003274,   -0.003321,   -0.000377,   -0.002040,   -0.002318
  125    -0.002393,   -0.002169,   -0.001710,   -0.001576,   -0.001184
  126     0.001566,   -0.000164,   -0.002158,    0.001120,    0.000131
  127     0.000560,    0.000536,    0.000296,    0.000352,    0.000376
  128     0.000188,    0.000176,    0.000055,    0.000109,    0.000067
  129    -0.000514,   -0.000419,   -0.000173,   -0.000363,   -0.000288
  130     0.000858,    0.001001,    0.000162,    0.000528,    0.000696
  131    -0.000476,   -0.000151,   -0.000132,   -0.000309,   -0.000070
  132     0.006008,   -0.002466,   -0.000000,    0.000682,    0.001295
  133     0.013210,   -0.005446,   -0.000001,    0.004316,    0.000504
  134    -0.026113,    0.013753,    0.000002,   -0.016944,    0.007983
  135    -0.028463,    0.002693,   -0.000010,   -0.018078,    0.001826
  136     0.004161,    0.012383,    0.000010,    0.002397,    0.008678
  137     0.047812,    0.000493,    0.000000,    0.033599,    0.001750
  138    -0.000493,    0.006450,    0.000008,    0.006667,   -0.006240
  139    -0.000000,    0.000008,   -0.012902,    0.000004,    0.000016
  140     0.033599,   -0.006667,   -0.000004,    0.023534,   -0.003757
  141    -0.001750,   -0.006240,    0.000016,    0.003757,   -0.010784
  142    -0.000004,    0.000003,   -0.011754,    0.000000,    0.000009
  143     0.012506,   -0.001555,   -0.000001,    0.008651,   -0.001217
  144     0.002881,    0.006641,    0.000009,    0.003156,    0.002517
  145    -0.000000,    0.000004,   -0.005299,    0.000001,    0.000004
  146     0.003661,    0.001111,    0.000000,    0.002513,    0.000872
  147     0.000001,   -0.000000,   -0.000269,    0.000001,   -0.000001
  148    -0.001340,   -0.000174,   -0.000000,   -0.001112,    0.000315
  149     0.000001,    0.000001,   -0.000133,    0.000001,    0.000000
  150     0.004056,    0.001730,    0.000001,    0.002790,    0.000865
  151     0.004827,   -0.003245,   -0.000002,    0.003319,   -0.001863
  152     0.000004,   -0.000003,   -0.000132,    0.000002,   -0.000003
  153    -0.001094,    0.006257,   -0.000003,   -0.001014,    0.004413
  154     0.000000,   -0.000004,    0.000040,    0.000001,   -0.000002
  155     0.007499,    0.001607,    0.000003,    0.005041,    0.000881
  156    -0.000466,    0.000051,   -0.000000,   -0.000292,   -0.000044
  157    -0.000000,   -0.000000,    0.000334,   -0.000000,   -0.000000
  158     0.000930,   -0.000032,    0.000000,    0.000619,   -0.000007
  159     0.000000,    0.000000,   -0.000149,    0.000000,   -0.000000
  160     0.000044,    0.000184,    0.000000,    0.000041,    0.000073
  161     0.000000,   -0.000000,    0.000457,    0.000000,   -0.000000
  162    -0.002333,   -0.000892,   -0.000000,   -0.001508,   -0.000630
  163    -0.007322,   -0.001601,    0.002309,   -0.006451,    0.001456
  164    -0.008811,   -0.007217,   -0.001330,   -0.007672,   -0.001742
  165    -0.005180,   -0.002285,   -0.003967,   -0.004000,   -0.000701
  166     0.000613,   -0.000020,   -0.000088,    0.000443,   -0.000009
  167    -0.000314,    0.000116,    0.000279,   -0.000218,    0.000103
  168    -0.000479,   -0.000049,    0.000194,   -0.000474,    0.000216
  169     0.000342,    0.000754,    0.001988,    0.000271,    0.000523
  170    -0.000353,   -0.000646,   -0.000105,   -0.000134,   -0.000531
  171    -0.000184,   -0.000791,   -0.000846,   -0.000260,   -0.000266
  172     0.000142,   -0.000021,    0.000025,    0.000103,   -0.000004
  173     0.000011,    0.000019,   -0.000056,    0.000014,    0.000009
  174    -0.000118,    0.000061,    0.000025,   -0.000114,    0.000100
  175     0.000041,   -0.000112,    0.000030,    0.000040,   -0.000066
  176     0.000298,   -0.000041,   -0.000317,    0.000181,   -0.000007
  177     0.018706,    0.005710,    0.000002,    0.014944,    0.001364
  178     0.028016,    0.022571,    0.000004,    0.021473,    0.011579
  179     0.013439,    0.001122,   -0.000000,    0.009813,   -0.000194
  180    -0.000372,   -0.000462,    0.000000,   -0.000490,   -0.000042
  181    -0.001426,   -0.000407,    0.000000,   -0.001019,   -0.000260
  182    -0.000001,   -0.000000,   -0.000367,   -0.000000,    0.000000
  183     0.000124,   -0.005017,   -0.000000,   -0.000122,   -0.002905
  184    -0.001575,   -0.003501,   -0.000001,   -0.001005,   -0.002358
  185    -0.000001,   -0.000002,   -0.000527,   -0.000001,   -0.000001
  186     0.000281,    0.000305,    0.000000,    0.000204,    0.000201
  187     0.000000,    0.000000,    0.000086,    0.000000,   -0.000000
  188    -0.000120,   -0.000123,    0.000000,   -0.000097,   -0.000060
  189     0.000000,    0.000000,    0.000209,    0.000000,   -0.000000
  190    -0.000559,    0.000008,    0.000000,   -0.000320,   -0.000081
  191    -0.007330,   -0.001600,   -0.002310,   -0.006456,    0.001468
  192    -0.008813,   -0.007218,    0.001345,   -0.007672,   -0.001730
  193    -0.005186,   -0.002287,    0.003966,   -0.004004,   -0.000697
  194     0.000613,   -0.000020,    0.000088,    0.000442,   -0.000009
  195    -0.000314,    0.000116,   -0.000278,   -0.000218,    0.000105
  196     0.000479,    0.000049,    0.000193,    0.000474,   -0.000217
  197     0.000341,    0.000758,   -0.001990,    0.000270,    0.000525
  198    -0.000352,   -0.000648,    0.000112,   -0.000134,   -0.000531
  199     0.000182,    0.000791,   -0.000850,    0.000258,    0.000265
  200     0.000142,   -0.000021,   -0.000025,    0.000103,   -0.000004
  201    -0.000011,   -0.000019,   -0.000057,   -0.000014,   -0.000009
  202    -0.000118,    0.000061,   -0.000026,   -0.000115,    0.000100
  203    -0.000040,    0.000112,    0.000030,   -0.000040,    0.000066
  204     0.000298,   -0.000042,    0.000316,    0.000181,   -0.000007
                10,          11,          12,          13,          14
    0    -0.000003,    0.001292,   -0.000585,   -0.000003,   -0.000474
    1    -0.000003,    0.001836,   -0.000851,   -0.000005,   -0.000639
    2     0.000000,   -0.000870,    0.000490,    0.000005,   -0.000044
    3     0.000007,   -0.001017,   -0.000998,    0.000005,   -0.000328
    4     0.000000,   -0.001677,   -0.001649,    0.000000,   -0.000724
    5    -0.000005,    0.048244,   -0.009921,    0.000004,    0.012701
    6     0.000000,   -0.013158,    0.057634,    0.000004,   -0.000831
    7     0.226504,   -0.000001,    0.000002,    0.064292,   -0.000003
    8    -0.000007,    0.031543,   -0.007485,    0.000002,    0.008178
    9     0.000005,   -0.009494,    0.037710,    0.000004,   -0.000776
   10     0.154382,   -0.000001,    0.000001,    0.043929,   -0.000002
   11    -0.000001,    0.008473,   -0.003087,    0.000000,    0.002118
   12     0.000001,   -0.003087,    0.010981,    0.000001,   -0.000452
   13     0.043929,    0.000000,    0.000001,    0.012661,   -0.000000
   14    -0.000002,    0.002118,   -0.000452,   -0.000000,    0.000620
   15    -0.009109,   -0.000001,    0.000002,   -0.002706,   -0.000000
   16    -0.000013,    0.000258,   -0.002050,   -0.000004,   -0.000029
   17    -0.000474,    0.000000,   -0.000001,   -0.000254,    0.000000
   18    -0.000003,   -0.000027,    0.001363,   -0.000001,   -0.000001
   19    -0.000004,    0.001810,   -0.000136,   -0.000001,    0.000571
   20    -0.008646,   -0.000001,    0.000001,   -0.002769,   -0.000000
   21    -0.000015,    0.000149,   -0.001353,   -0.000004,   -0.000058
   22     0.000072,   -0.000000,   -0.000001,   -0.000253,   -0.000000
   23    -0.000003,    0.000217,    0.000955,   -0.000001,   -0.000015
   24     0.000001,    0.000309,    0.000241,    0.000000,    0.000091
   25     0.000518,   -0.000000,   -0.000000,    0.000086,   -0.000000
   26     0.000000,   -0.000080,   -0.000043,   -0.000000,   -0.000030
   27    -0.000403,    0.000000,    0.000000,   -0.000060,    0.000000
   28    -0.000000,   -0.000284,   -0.000104,   -0.000000,   -0.000077
   29    -0.000187,   -0.000000,    0.000000,   -0.000085,   -0.000000
   30     0.000000,    0.000066,   -0.000129,    0.000000,   -0.000029
   31     0.080696,    0.002427,   -0.014780,    0.023113,    0.000056
   32     0.097191,    0.003039,   -0.018157,    0.027810,    0.000148
   33     0.030545,    0.001299,   -0.005210,    0.008944,    0.000211
   34     0.000441,    0.000745,   -0.000234,    0.000111,    0.000189
   35     0.005908,   -0.000029,   -0.000211,    0.001674,   -0.000016
   36    -0.004530,   -0.000219,    0.001472,   -0.001293,    0.000003
   37     0.000885,    0.001359,   -0.000373,    0.000240,    0.000347
   38     0.005954,   -0.000232,    0.000382,    0.001652,   -0.000031
   39    -0.001685,   -0.000175,    0.001647,   -0.000441,    0.000016
   40     0.000152,    0.000215,   -0.000040,    0.000036,    0.000057
   41    -0.000993,    0.000029,    0.000037,   -0.000280,    0.000007
   42    -0.000442,    0.000031,   -0.000343,   -0.000121,   -0.000006
   43    -0.000186,   -0.000299,    0.000069,   -0.000048,   -0.000074
   44    -0.000706,    0.000040,   -0.000097,   -0.000198,    0.000003
   45    -0.080756,    0.002419,   -0.014761,   -0.023131,    0.000057
   46    -0.097258,    0.003028,   -0.018135,   -0.027830,    0.000149
   47    -0.030568,    0.001296,   -0.005204,   -0.008951,    0.000211
   48    -0.000443,    0.000745,   -0.000234,   -0.000112,    0.000189
   49    -0.005904,   -0.000030,   -0.000208,   -0.001673,   -0.000016
   50    -0.004542,    0.000219,   -0.001471,   -0.001297,   -0.000003
   51    -0.000886,    0.001358,   -0.000373,   -0.000240,    0.000347
   52    -0.005948,   -0.000233,    0.000386,   -0.001651,   -0.000031
   53    -0.001697,    0.000174,   -0.001646,   -0.000445,   -0.000016
   54    -0.000151,    0.000215,   -0.000040,   -0.000036,    0.000057
   55    -0.000994,   -0.000030,   -0.000036,   -0.000281,   -0.000007
   56     0.000439,    0.000031,   -0.000343,    0.000120,   -0.000006
   57    -0.000187,    0.000299,   -0.000069,   -0.000048,    0.000074
   58     0.000705,    0.000040,   -0.000098,    0.000197,    0.000003
   59     0.000037,   -0.020729,    0.018451,    0.000011,   -0.004838
   60     0.000039,   -0.025144,    0.023394,    0.000011,   -0.005891
   61     0.000014,   -0.007124,    0.006851,    0.000004,   -0.001693
   62     0.000004,   -0.001417,    0.001701,    0.000001,   -0.000299
   63    -0.000002,    0.001269,   -0.000407,   -0.000001,    0.000331
   64     0.003417,    0.000001,   -0.000001,    0.000972,    0.000000
   65     0.000001,   -0.001014,    0.001893,    0.000001,   -0.000183
   66    -0.000001,    0.001228,    0.000154,   -0.000000,    0.000348
   67     0.006443,    0.000001,   -0.000001,    0.001817,    0.000000
   68    -0.000001,    0.000244,   -0.000045,   -0.000000,    0.000066
   69    -0.000898,   -0.000000,    0.000000,   -0.000258,   -0.000000
   70    -0.000001,    0.000120,   -0.000096,   -0.000000,    0.000026
   71     0.001287,    0.000000,   -0.000000,    0.000360,    0.000000
   72     0.000000,    0.000031,    0.000376,    0.000000,    0.000033
   73     0.000000,   -0.004892,   -0.002433,   -0.000002,   -0.001620
   74    -0.000000,   -0.008316,   -0.004128,   -0.000003,   -0.003352
   75     0.000004,    0.008497,    0.003928,    0.000004,    0.005673
   76     0.000006,    0.008820,    0.004226,    0.000005,    0.005260
   77     0.000001,   -0.002113,   -0.002770,   -0.000000,   -0.000045
   78    -0.000015,   -0.022976,   -0.013391,   -0.000009,   -0.008228
   79    -0.000004,   -0.016553,   -0.019017,   -0.000007,   -0.001935
   80    -0.008439,   -0.000003,   -0.000006,   -0.009438,    0.000000
   81    -0.000015,   -0.015545,   -0.009694,   -0.000007,   -0.005580
   82     0.000001,   -0.012031,   -0.014213,   -0.000004,   -0.001679
   83    -0.009749,   -0.000003,   -0.000003,   -0.007559,   -0.000000
   84    -0.000008,   -0.003721,   -0.002324,   -0.000003,   -0.001316
   85     0.000000,   -0.002379,   -0.003888,   -0.000001,   -0.000275
   86    -0.005231,   -0.000001,   -0.000002,   -0.002851,   -0.000000
   87     0.000000,    0.001682,   -0.000021,    0.000000,    0.000514
   88    -0.004048,   -0.000000,   -0.000000,   -0.001392,    0.000000
   89    -0.000002,   -0.000483,   -0.001013,   -0.000001,   -0.000048
   90    -0.003933,    0.000000,    0.000000,   -0.001149,    0.000000
   91     0.000000,   -0.000227,    0.001680,    0.000000,   -0.000090
   92     0.000002,    0.002678,   -0.000336,    0.000001,    0.000783
   93    -0.011631,   -0.000001,    0.000001,   -0.003444,    0.000000
   94    -0.000002,   -0.000714,   -0.002015,   -0.000001,   -0.000159
   95    -0.009772,   -0.000000,   -0.000000,   -0.002854,   -0.000000
   96    -0.000002,   -0.001125,    0.003508,   -0.000000,   -0.000234
   97    -0.000000,   -0.000231,   -0.000444,   -0.000000,   -0.000098
   98     0.002054,    0.000000,   -0.000000,    0.000600,   -0.000000
   99     0.000000,    0.000255,   -0.000023,    0.000000,    0.000099
  100    -0.001665,   -0.000000,   -0.000000,   -0.000429,    0.000000
  101     0.000000,    0.000227,    0.000245,    0.000000,    0.000094
  102     0.000882,    0.000000,   -0.000000,    0.000237,    0.000000
  103    -0.000000,    0.000507,   -0.000567,    0.000000,    0.000096
  104     0.009268,   -0.002137,   -0.005174,    0.005058,    0.000696
  105     0.009445,   -0.002524,   -0.005899,    0.005626,    0.000703
  106     0.011315,   -0.000185,   -0.002760,    0.004066,    0.000243
  107     0.000458,   -0.000301,   -0.000282,    0.000134,   -0.000118
  108    -0.000081,   -0.000033,    0.000017,   -0.000213,   -0.000067
  109     0.000382,   -0.000263,   -0.000461,    0.000245,    0.000052
  110     0.000259,   -0.000483,   -0.000474,    0.000076,   -0.000195
  111     0.001035,   -0.000321,   -0.000395,    0.000092,   -0.000120
  112    -0.001420,   -0.000291,   -0.000182,   -0.000338,    0.000064
  113    -0.000204,    0.000084,    0.000076,   -0.000060,    0.000034
  114     0.000017,   -0.000022,   -0.000013,   -0.000027,   -0.000021
  115     0.000107,   -0.000079,   -0.000121,    0.000014,    0.000000
  116     0.000112,   -0.000122,   -0.000146,    0.000033,   -0.000051
  117     0.000074,   -0.000070,   -0.000028,   -0.000005,   -0.000020
  118    -0.009271,   -0.002137,   -0.005175,   -0.005062,    0.000696
  119    -0.009455,   -0.002521,   -0.005903,   -0.005632,    0.000704
  120    -0.011323,   -0.000184,   -0.002760,   -0.004069,    0.000244
  121    -0.000459,   -0.000301,   -0.000282,   -0.000134,   -0.000118
  122     0.000081,   -0.000034,    0.000017,    0.000213,   -0.000067
  123     0.000382,    0.000263,    0.000461,    0.000245,   -0.000052
  124    -0.000260,   -0.000482,   -0.000474,   -0.000076,   -0.000195
  125    -0.001034,   -0.000321,   -0.000394,   -0.000092,   -0.000120
  126    -0.001419,    0.000290,    0.000182,   -0.000337,   -0.000064
  127     0.000204,    0.000084,    0.000076,    0.000060,    0.000034
  128     0.000017,    0.000022,    0.000013,   -0.000027,    0.000021
  129    -0.000107,   -0.000079,   -0.000120,   -0.000015,    0.000000
  130     0.000112,    0.000122,    0.000146,    0.000033,    0.000051
  131    -0.000074,   -0.000070,   -0.000028,    0.000005,   -0.000020
  132     0.000002,   -0.000559,    0.000192,    0.000001,    0.000487
  133     0.000003,   -0.000092,   -0.000493,    0.000001,    0.001098
  134     0.000002,   -0.003282,    0.004189,    0.000000,   -0.002212
  135    -0.000006,   -0.003479,    0.002039,   -0.000003,   -0.002246
  136     0.000007,    0.000691,    0.002183,    0.000002,    0.000206
  137     0.000004,    0.012506,   -0.002881,    0.000000,    0.003661
  138     0.000003,    0.001555,    0.006641,    0.000004,   -0.001111
  139    -0.011754,    0.000001,    0.000009,   -0.005299,   -0.000000
  140    -0.000000,    0.008651,   -0.003156,   -0.000001,    0.002513
  141     0.000009,    0.001217,    0.002517,    0.000004,   -0.000872
  142    -0.009972,   -0.000000,    0.000005,   -0.004077,   -0.000000
  143     0.000000,    0.002868,   -0.000778,   -0.000000,    0.000803
  144     0.000005,    0.000778,    0.002295,    0.000002,   -0.000115
  145    -0.004077,    0.000000,    0.000002,   -0.001361,   -0.000000
  146     0.000000,    0.000803,    0.000115,    0.000000,    0.000203
  147    -0.000140,    0.000000,   -0.000000,   -0.000086,    0.000000
  148     0.000000,   -0.000258,   -0.000221,   -0.000000,   -0.000013
  149    -0.000024,    0.000000,    0.000000,    0.000108,    0.000000
  150     0.000000,    0.000658,    0.000462,    0.000000,    0.000121
  151    -0.000001,    0.001069,   -0.000658,   -0.000000,    0.000225
  152    -0.000171,    0.000001,   -0.000001,   -0.000293,    0.000000
  153    -0.000002,   -0.000387,    0.000986,   -0.000001,    0.000021
  154     0.000196,    0.000000,   -0.000000,    0.000332,   -0.000000
  155     0.000002,    0.001240,    0.000444,    0.000001,    0.000234
  156    -0.000000,   -0.000086,    0.000090,   -0.000000,   -0.000056
  157     0.000273,   -0.000000,    0.000000,    0.000146,   -0.000000
  158     0.000000,    0.000156,   -0.000040,    0.000000,    0.000054
  159    -0.000064,    0.000000,    0.000000,    0.000038,    0.000000
  160     0.000000,   -0.000012,    0.000075,    0.000000,   -0.000017
  161     0.000295,    0.000000,   -0.000000,    0.000055,    0.000000
  162    -0.000000,   -0.000365,   -0.000159,   -0.000000,   -0.000089
  163     0.002496,   -0.001293,   -0.001466,    0.001185,   -0.000195
  164     0.000210,   -0.001457,   -0.002858,    0.000638,   -0.000193
  165    -0.002488,   -0.000945,   -0.000889,   -0.000749,   -0.000137
  166    -0.000075,    0.000169,   -0.000045,   -0.000039,    0.000052
  167     0.000269,   -0.000032,    0.000018,    0.000130,   -0.000023
  168     0.000187,   -0.000086,   -0.000131,    0.000085,   -0.000008
  169     0.001342,    0.000159,    0.000063,    0.000373,    0.000063
  170     0.000028,    0.000020,   -0.000072,    0.000095,   -0.000038
  171    -0.000534,    0.000003,   -0.000291,   -0.000105,    0.000000
  172     0.000011,    0.000044,   -0.000017,   -0.000005,    0.000013
  173    -0.000025,    0.000013,    0.000000,    0.000002,   -0.000002
  174     0.000009,   -0.000023,   -0.000023,   -0.000006,    0.000001
  175     0.000015,    0.000035,   -0.000039,   -0.000002,    0.000013
  176    -0.000227,    0.000042,   -0.000019,   -0.000075,    0.000016
  177     0.000001,    0.005366,    0.001710,    0.000001,    0.000849
  178     0.000003,    0.006963,    0.004825,    0.000002,    0.001358
  179    -0.000000,    0.002999,    0.000403,    0.000000,    0.000594
  180     0.000000,   -0.000229,   -0.000188,   -0.000000,   -0.000004
  181    -0.000000,   -0.000369,   -0.000031,    0.000000,   -0.000084
  182    -0.000294,   -0.000000,    0.000000,   -0.000112,   -0.000000
  183    -0.000000,   -0.000005,   -0.001039,   -0.000000,    0.000012
  184    -0.000001,   -0.000308,   -0.000508,   -0.000000,   -0.000120
  185    -0.000451,   -0.000000,   -0.000000,   -0.000197,   -0.000000
  186     0.000000,    0.000071,    0.000044,    0.000000,    0.000016
  187     0.000069,    0.000000,   -0.000000,    0.000025,    0.000000
  188     0.000000,   -0.000033,   -0.000022,    0.000000,   -0.000006
  189     0.000163,    0.000000,   -0.000000,    0.000063,    0.000000
  190    -0.000000,   -0.000088,    0.000049,    0.000000,   -0.000036
  191    -0.002495,   -0.001294,   -0.001462,   -0.001186,   -0.000196
  192    -0.000197,   -0.001457,   -0.002854,   -0.000636,   -0.000193
  193     0.002488,   -0.000946,   -0.000888,    0.000748,   -0.000138
  194     0.000075,    0.000169,   -0.000045,    0.000039,    0.000052
  195    -0.000269,   -0.000032,    0.000018,   -0.000130,   -0.000023
  196     0.000186,    0.000086,    0.000131,    0.000084,    0.000008
  197    -0.001344,    0.000159,    0.000063,   -0.000374,    0.000063
  198    -0.000024,    0.000020,   -0.000073,   -0.000094,   -0.000038
  199    -0.000538,   -0.000003,    0.000291,   -0.000106,   -0.000000
  200    -0.000011,    0.000044,   -0.000017,    0.000005,    0.000013
  201    -0.000025,   -0.000013,   -0.000000,    0.000002,    0.000002
  202    -0.000009,   -0.000023,   -0.000023,    0.000006,    0.000001
  203     0.000015,   -0.000035,    0.000039,   -0.000002,   -0.000013
  204     0.000227,    0.000042,   -0.000019,    0.000075,    0.000016
                15,          16,          17,          18,          19
    0     0.000000,    0.000322,   -0.000000,   -0.000241,   -0.004824
    1     0.000001,    0.000465,    0.000000,   -0.000375,   -0.006986
    2    -0.000002,   -0.000167,   -0.000001,    0.000267,    0.002882
    3    -0.000002,    0.000269,   -0.000001,   -0.000063,    0.001863
    4    -0.000001,    0.000460,   -0.000000,   -0.000116,   -0.000415
    5    -0.000004,   -0.000344,    0.000002,    0.001103,    0.010850
    6     0.000010,   -0.011155,   -0.000004,    0.006790,    0.000556
    7    -0.013270,   -0.000019,   -0.000590,   -0.000004,   -0.000005
    8    -0.000003,    0.000029,    0.000002,    0.000620,    0.007188
    9     0.000006,   -0.007252,   -0.000003,    0.004352,    0.000063
   10    -0.009109,   -0.000013,   -0.000474,   -0.000003,   -0.000004
   11    -0.000001,    0.000258,    0.000000,   -0.000027,    0.001810
   12     0.000002,   -0.002050,   -0.000001,    0.001363,   -0.000136
   13    -0.002706,   -0.000004,   -0.000254,   -0.000001,   -0.000001
   14    -0.000000,   -0.000029,    0.000000,   -0.000001,    0.000571
   15     0.000636,    0.000000,    0.000122,    0.000000,    0.000000
   16     0.000000,    0.000418,    0.000000,   -0.000279,   -0.000076
   17     0.000122,    0.000000,    0.000095,   -0.000000,    0.000000
   18     0.000000,   -0.000279,   -0.000000,    0.000272,    0.000011
   19     0.000000,   -0.000076,    0.000000,    0.000011,    0.000689
   20     0.000763,    0.000001,    0.000274,    0.000000,   -0.000000
   21     0.000001,    0.000297,    0.000000,   -0.000171,   -0.000022
   22     0.000215,    0.000000,    0.000216,   -0.000000,   -0.000000
   23     0.000000,   -0.000206,   -0.000000,    0.000317,   -0.000042
   24    -0.000000,   -0.000064,   -0.000000,    0.000052,    0.000106
   25     0.000021,   -0.000000,    0.000049,   -0.000000,   -0.000000
   26     0.000000,    0.000013,    0.000000,    0.000001,   -0.000046
   27    -0.000018,   -0.000000,   -0.000041,    0.000000,    0.000000
   28     0.000000,    0.000036,   -0.000000,   -0.000038,   -0.000083
   29     0.000033,   -0.000000,    0.000024,    0.000000,   -0.000000
   30    -0.000000,    0.000026,    0.000000,    0.000042,   -0.000051
   31    -0.004915,    0.002869,   -0.000384,   -0.001819,    0.000331
   32    -0.005929,    0.003503,   -0.000458,   -0.002283,    0.000408
   33    -0.002053,    0.000982,   -0.000320,   -0.000704,    0.000243
   34    -0.000014,    0.000012,    0.000010,    0.000011,    0.000161
   35    -0.000344,    0.000043,   -0.000013,   -0.000025,    0.000028
   36     0.000272,   -0.000287,    0.000018,    0.000177,   -0.000029
   37    -0.000058,    0.000004,   -0.000002,    0.000037,    0.000284
   38    -0.000322,   -0.000073,    0.000012,    0.000038,    0.000053
   39     0.000077,   -0.000321,   -0.000021,    0.000197,   -0.000046
   40    -0.000004,   -0.000003,    0.000005,    0.000007,    0.000050
   41     0.000058,   -0.000007,    0.000002,    0.000003,   -0.000015
   42     0.000023,    0.000069,   -0.000002,   -0.000044,    0.000001
   43     0.000007,    0.000001,   -0.000003,   -0.000012,   -0.000065
   44     0.000037,    0.000017,   -0.000001,   -0.000006,   -0.000011
   45     0.004913,    0.002879,    0.000386,   -0.001814,    0.000333
   46     0.005926,    0.003515,    0.000461,   -0.002277,    0.000411
   47     0.002053,    0.000986,    0.000321,   -0.000702,    0.000244
   48     0.000014,    0.000012,   -0.000010,    0.000011,    0.000161
   49     0.000344,    0.000044,    0.000013,   -0.000025,    0.000028
   50     0.000272,    0.000288,    0.000018,   -0.000177,    0.000029
   51     0.000058,    0.000005,    0.000002,    0.000037,    0.000284
   52     0.000322,   -0.000073,   -0.000012,    0.000038,    0.000053
   53     0.000077,    0.000322,   -0.000021,   -0.000197,    0.000046
   54     0.000004,   -0.000003,   -0.000005,    0.000007,    0.000050
   55     0.000058,    0.000007,    0.000002,   -0.000003,    0.000015
   56    -0.000023,    0.000069,    0.000002,   -0.000044,    0.000001
   57     0.000007,   -0.000001,   -0.000003,    0.000012,    0.000065
   58    -0.000037,    0.000017,    0.000001,   -0.000006,   -0.000011
   59     0.000002,   -0.002780,   -0.000002,    0.001558,   -0.003267
   60     0.000002,   -0.003562,   -0.000003,    0.002148,   -0.003734
   61     0.000001,   -0.001073,   -0.000001,    0.000713,   -0.001273
   62     0.000000,   -0.000281,   -0.000000,    0.000152,   -0.000154
   63     0.000000,    0.000023,    0.000000,   -0.000006,    0.000238
   64    -0.000200,   -0.000000,   -0.000010,   -0.000000,    0.000000
   65     0.000000,   -0.000335,   -0.000000,    0.000212,    0.000082
   66     0.000000,   -0.000093,    0.000000,    0.000053,    0.000178
   67    -0.000367,   -0.000000,   -0.000007,   -0.000000,   -0.000000
   68     0.000000,   -0.000003,    0.000000,    0.000000,    0.000032
   69     0.000055,    0.000000,    0.000004,    0.000000,   -0.000000
   70     0.000000,    0.000015,    0.000000,   -0.000009,    0.000005
   71    -0.000070,   -0.000000,    0.000001,   -0.000000,   -0.000000
   72     0.000000,   -0.000079,   -0.000000,    0.000042,    0.000053
   73     0.000000,    0.000951,   -0.000000,   -0.000503,   -0.003928
   74     0.000000,    0.001947,   -0.000000,   -0.001058,   -0.006880
   75    -0.000000,   -0.003164,    0.000000,    0.001729,    0.007910
   76    -0.000000,   -0.002944,   -0.000000,    0.001751,    0.007030
   77    -0.000000,    0.000492,   -0.000000,   -0.000947,    0.000020
   78     0.000000,    0.003774,   -0.000000,   -0.000340,   -0.007643
   79    -0.000001,    0.004061,    0.000001,   -0.006940,   -0.001077
   80     0.006184,    0.000004,    0.005615,    0.000000,   -0.000002
   81     0.000000,    0.002690,   -0.000000,   -0.000306,   -0.005054
   82    -0.000001,    0.003136,    0.000000,   -0.005009,   -0.001353
   83     0.004489,    0.000003,    0.003857,    0.000000,   -0.000002
   84     0.000000,    0.000641,   -0.000000,   -0.000085,   -0.001151
   85    -0.000000,    0.000787,    0.000000,   -0.001179,   -0.000206
   86     0.001452,    0.000001,    0.001123,   -0.000000,   -0.000001
   87    -0.000000,   -0.000052,    0.000000,   -0.000066,    0.000537
   88     0.000478,    0.000000,    0.000229,    0.000000,   -0.000000
   89     0.000000,    0.000204,    0.000000,   -0.000290,   -0.000068
   90     0.000215,    0.000000,    0.000012,    0.000000,    0.000000
   91     0.000000,   -0.000283,   -0.000000,    0.000261,    0.000040
   92    -0.000000,   -0.000013,    0.000000,   -0.000127,    0.000823
   93     0.000931,    0.000001,    0.000220,    0.000000,    0.000000
   94     0.000000,    0.000439,    0.000000,   -0.000492,   -0.000334
   95     0.000533,    0.000001,    0.000030,    0.000000,    0.000000
   96     0.000001,   -0.000583,   -0.000000,    0.000387,    0.000169
   97    -0.000000,    0.000123,    0.000000,   -0.000116,   -0.000152
   98    -0.000112,   -0.000000,   -0.000006,   -0.000000,   -0.000000
   99    -0.000000,   -0.000035,    0.000000,    0.000042,    0.000097
  100     0.000082,    0.000000,   -0.000019,    0.000000,    0.000000
  101     0.000000,   -0.000063,   -0.000000,    0.000013,    0.000087
  102    -0.000052,   -0.000000,    0.000002,   -0.000000,    0.000000
  103    -0.000000,    0.000112,    0.000000,   -0.000066,    0.000121
  104    -0.002579,    0.000599,   -0.001995,   -0.001552,    0.001253
  105    -0.003003,    0.000718,   -0.002403,   -0.001788,    0.001453
  106    -0.001474,    0.000400,   -0.000777,   -0.000579,    0.000279
  107    -0.000025,    0.000073,   -0.000001,   -0.000014,   -0.000105
  108     0.000157,    0.000027,    0.000150,    0.000010,   -0.000109
  109    -0.000135,    0.000056,   -0.000111,   -0.000155,    0.000116
  110    -0.000014,    0.000123,   -0.000001,   -0.000023,   -0.000181
  111     0.000087,    0.000122,    0.000149,   -0.000118,   -0.000206
  112     0.000048,   -0.000002,   -0.000038,   -0.000122,    0.000209
  113     0.000011,   -0.000020,    0.000001,    0.000003,    0.000033
  114     0.000024,    0.000011,    0.000025,   -0.000002,   -0.000039
  115     0.000005,    0.000021,    0.000012,   -0.000042,    0.000012
  116    -0.000006,    0.000037,   -0.000000,   -0.000008,   -0.000046
  117     0.000016,    0.000013,    0.000020,   -0.000017,   -0.000025
  118     0.002579,    0.000602,    0.001996,   -0.001551,    0.001252
  119     0.003003,    0.000721,    0.002405,   -0.001786,    0.001451
  120     0.001474,    0.000403,    0.000777,   -0.000578,    0.000279
  121     0.000025,    0.000073,    0.000001,   -0.000014,   -0.000105
  122    -0.000156,    0.000027,   -0.000150,    0.000009,   -0.000109
  123    -0.000135,   -0.000057,   -0.000111,    0.000155,   -0.000116
  124     0.000014,    0.000123,    0.000001,   -0.000023,   -0.000181
  125    -0.000087,    0.000122,   -0.000149,   -0.000118,   -0.000206
  126     0.000048,    0.000003,   -0.000038,    0.000122,   -0.000209
  127    -0.000011,   -0.000020,   -0.000001,    0.000003,    0.000033
  128     0.000024,   -0.000011,    0.000025,    0.000002,    0.000039
  129    -0.000005,    0.000021,   -0.000011,   -0.000042,    0.000012
  130    -0.000006,   -0.000037,   -0.000000,    0.000008,    0.000046
  131    -0.000016,    0.000013,   -0.000020,   -0.000017,   -0.000025
  132    -0.000000,    0.000169,    0.000000,   -0.000373,   -0.000445
  133    -0.000000,    0.000338,    0.000000,   -0.000806,    0.000058
  134     0.000001,   -0.000645,   -0.000001,    0.001540,   -0.003114
  135     0.000001,   -0.000115,   -0.000001,    0.000981,   -0.003202
  136    -0.000000,   -0.000449,   -0.000000,    0.000229,    0.000048
  137    -0.000001,    0.001340,    0.000001,   -0.004056,    0.004827
  138    -0.000000,   -0.000174,   -0.000001,    0.001730,    0.003245
  139    -0.000269,   -0.000000,    0.000133,    0.000001,    0.000002
  140    -0.000001,    0.001112,    0.000001,   -0.002790,    0.003319
  141    -0.000001,    0.000315,   -0.000000,    0.000865,    0.001863
  142    -0.000140,    0.000000,    0.000024,    0.000000,    0.000001
  143    -0.000000,    0.000258,    0.000000,   -0.000658,    0.001069
  144    -0.000000,   -0.000221,   -0.000000,    0.000462,    0.000658
  145    -0.000086,   -0.000000,   -0.000108,    0.000000,    0.000000
  146    -0.000000,    0.000013,    0.000000,   -0.000121,    0.000225
  147     0.000147,    0.000000,    0.000095,   -0.000000,    0.000000
  148     0.000000,    0.000023,    0.000000,   -0.000099,   -0.000160
  149    -0.000095,   -0.000000,   -0.000093,    0.000000,    0.000000
  150    -0.000000,   -0.000099,   -0.000000,    0.000168,    0.000182
  151    -0.000000,    0.000160,    0.000000,   -0.000182,    0.000168
  152     0.000301,    0.000000,    0.000248,    0.000000,    0.000000
  153     0.000000,   -0.000213,    0.000000,    0.000047,   -0.000026
  154    -0.000230,    0.000000,   -0.000217,   -0.000000,    0.000000
  155    -0.000000,   -0.000124,    0.000000,    0.000239,    0.000213
  156     0.000000,   -0.000014,   -0.000000,    0.000061,   -0.000061
  157    -0.000064,   -0.000000,   -0.000051,   -0.000000,   -0.000000
  158    -0.000000,    0.000002,    0.000000,   -0.000016,    0.000061
  159    -0.000037,   -0.000000,   -0.000042,   -0.000000,    0.000000
  160    -0.000000,   -0.000020,   -0.000000,    0.000047,   -0.000013
  161     0.000007,   -0.000000,    0.000023,   -0.000000,    0.000000
  162     0.000000,    0.000049,   -0.000000,   -0.000057,   -0.000056
  163     0.000373,    0.000058,    0.000132,   -0.000333,   -0.001435
  164     0.000611,    0.000272,    0.000164,   -0.000587,   -0.001662
  165     0.000521,    0.000095,    0.000236,   -0.000211,   -0.000512
  166     0.000014,    0.000022,    0.000012,   -0.000064,    0.000079
  167     0.000007,   -0.000004,   -0.000006,    0.000007,   -0.000050
  168     0.000014,    0.000001,    0.000004,   -0.000031,   -0.000129
  169    -0.000083,    0.000018,   -0.000004,   -0.000110,    0.000110
  170    -0.000004,    0.000026,   -0.000031,    0.000004,   -0.000017
  171     0.000014,    0.000029,   -0.000024,   -0.000049,   -0.000140
  172     0.000004,    0.000008,    0.000005,   -0.000020,    0.000018
  173     0.000005,   -0.000001,   -0.000001,    0.000002,   -0.000006
  174     0.000001,   -0.000001,    0.000004,   -0.000011,   -0.000024
  175     0.000002,    0.000014,    0.000004,   -0.000032,    0.000023
  176     0.000014,   -0.000001,    0.000004,   -0.000001,    0.000007
  177    -0.000000,    0.000219,    0.000000,   -0.000569,    0.002153
  178    -0.000000,   -0.000341,   -0.000000,   -0.000329,    0.003192
  179    -0.000000,    0.000067,    0.000000,   -0.000147,    0.001059
  180     0.000000,   -0.000013,    0.000000,    0.000018,   -0.000131
  181     0.000000,   -0.000014,   -0.000000,    0.000067,   -0.000112
  182     0.000002,   -0.000000,    0.000002,    0.000000,   -0.000000
  183    -0.000000,    0.000170,    0.000000,   -0.000122,   -0.000182
  184    -0.000000,    0.000099,    0.000000,    0.000026,   -0.000139
  185     0.000009,    0.000000,    0.000014,    0.000000,   -0.000000
  186    -0.000000,   -0.000006,   -0.000000,   -0.000006,    0.000021
  187     0.000002,    0.000000,    0.000001,   -0.000000,    0.000000
  188    -0.000000,    0.000003,   -0.000000,    0.000000,   -0.000016
  189    -0.000009,   -0.000000,   -0.000006,   -0.000000,    0.000000
  190     0.000000,   -0.000001,   -0.000000,    0.000018,   -0.000004
  191    -0.000372,    0.000057,   -0.000132,   -0.000333,   -0.001436
  192    -0.000611,    0.000272,   -0.000164,   -0.000587,   -0.001663
  193    -0.000521,    0.000094,   -0.000235,   -0.000211,   -0.000512
  194    -0.000014,    0.000022,   -0.000012,   -0.000064,    0.000079
  195    -0.000007,   -0.000004,    0.000006,    0.000007,   -0.000050
  196     0.000014,   -0.000001,    0.000004,    0.000031,    0.000129
  197     0.000083,    0.000018,    0.000004,   -0.000110,    0.000110
  198     0.000004,    0.000026,    0.000031,    0.000004,   -0.000017
  199     0.000014,   -0.000028,   -0.000024,    0.000049,    0.000140
  200    -0.000004,    0.000008,   -0.000005,   -0.000020,    0.000018
  201     0.000005,    0.000001,   -0.000001,   -0.000002,    0.000006
  202    -0.000001,   -0.000001,   -0.000004,   -0.000011,   -0.000024
  203     0.000002,   -0.000014,    0.000004,    0.000032,   -0.000023
  204    -0.000014,   -0.000001,   -0.000004,   -0.000001,    0.000007
                20,          21,          22,          23,          24
    0    -0.000000,    0.002442,    0.000000,   -0.001854,    0.000473
    1    -0.000001,    0.003703,    0.000001,   -0.002862,   -0.000174
    2    -0.000000,   -0.002204,   -0.000002,    0.001973,    0.003782
    3    -0.000001,   -0.001802,   -0.000002,    0.001490,    0.002924
    4    -0.000000,    0.000471,    0.000000,    0.000219,    0.000316
    5    -0.000003,   -0.000579,   -0.000002,    0.002230,    0.001894
    6     0.000007,   -0.007802,   -0.000003,    0.003931,    0.001292
    7    -0.012418,   -0.000021,    0.000348,   -0.000003,    0.000001
    8    -0.000002,   -0.000162,   -0.000001,    0.001516,    0.001256
    9     0.000005,   -0.005393,   -0.000002,    0.002542,    0.000859
   10    -0.008646,   -0.000015,    0.000072,   -0.000003,    0.000001
   11    -0.000001,    0.000149,   -0.000000,    0.000217,    0.000309
   12     0.000001,   -0.001353,   -0.000001,    0.000955,    0.000241
   13    -0.002769,   -0.000004,   -0.000253,   -0.000001,    0.000000
   14    -0.000000,   -0.000058,   -0.000000,   -0.000015,    0.000091
   15     0.000763,    0.000001,    0.000215,    0.000000,   -0.000000
   16     0.000001,    0.000297,    0.000000,   -0.000206,   -0.000064
   17     0.000274,    0.000000,    0.000216,   -0.000000,   -0.000000
   18     0.000000,   -0.000171,   -0.000000,    0.000317,    0.000052
   19    -0.000000,   -0.000022,   -0.000000,   -0.000042,    0.000106
   20     0.001142,    0.000001,    0.000570,    0.000000,   -0.000000
   21     0.000001,    0.000378,    0.000000,   -0.000148,   -0.000072
   22     0.000570,    0.000000,    0.000502,    0.000000,   -0.000000
   23     0.000000,   -0.000148,    0.000000,    0.000505,    0.000070
   24    -0.000000,   -0.000072,   -0.000000,    0.000070,    0.000071
   25     0.000105,    0.000000,    0.000117,    0.000000,   -0.000000
   26     0.000000,    0.000026,    0.000000,    0.000003,   -0.000052
   27    -0.000088,   -0.000000,   -0.000098,   -0.000000,   -0.000000
   28     0.000000,    0.000032,    0.000000,   -0.000055,   -0.000028
   29     0.000071,    0.000000,    0.000054,    0.000000,   -0.000000
   30     0.000000,    0.000036,    0.000000,    0.000112,    0.000000
   31    -0.004896,    0.001540,   -0.000282,   -0.000839,    0.000327
   32    -0.005899,    0.001821,   -0.000334,   -0.001159,    0.000211
   33    -0.002332,    0.000552,   -0.000517,   -0.000498,   -0.000010
   34     0.000006,   -0.000000,    0.000027,    0.000040,    0.000031
   35    -0.000318,   -0.000004,    0.000014,    0.000012,    0.000039
   36     0.000265,   -0.000156,    0.000007,    0.000074,   -0.000024
   37    -0.000055,   -0.000024,   -0.000000,    0.000098,    0.000057
   38    -0.000254,   -0.000119,    0.000073,    0.000054,    0.000050
   39     0.000029,   -0.000137,   -0.000060,    0.000059,   -0.000017
   40     0.000005,   -0.000004,    0.000012,    0.000014,    0.000010
   41     0.000053,    0.000009,   -0.000003,   -0.000010,   -0.000009
   42     0.000015,    0.000042,   -0.000008,   -0.000024,   -0.000004
   43     0.000000,    0.000002,   -0.000009,   -0.000028,   -0.000014
   44     0.000029,    0.000018,   -0.000009,    0.000000,   -0.000006
   45     0.004896,    0.001553,    0.000283,   -0.000835,    0.000326
   46     0.005899,    0.001837,    0.000335,   -0.001155,    0.000211
   47     0.002333,    0.000558,    0.000517,   -0.000496,   -0.000010
   48    -0.000006,   -0.000000,   -0.000027,    0.000040,    0.000031
   49     0.000318,   -0.000003,   -0.000014,    0.000012,    0.000039
   50     0.000265,    0.000157,    0.000007,   -0.000074,    0.000024
   51     0.000055,   -0.000024,   -0.000000,    0.000098,    0.000057
   52     0.000254,   -0.000118,   -0.000074,    0.000054,    0.000050
   53     0.000029,    0.000137,   -0.000060,   -0.000059,    0.000017
   54    -0.000005,   -0.000004,   -0.000012,    0.000014,    0.000010
   55     0.000053,   -0.000009,   -0.000003,    0.000010,    0.000009
   56    -0.000015,    0.000042,    0.000008,   -0.000024,   -0.000004
   57     0.000000,   -0.000002,   -0.000009,    0.000028,    0.000014
   58    -0.000029,    0.000018,    0.000009,    0.000000,   -0.000006
   59     0.000001,   -0.002230,   -0.000001,    0.000944,    0.000368
   60     0.000001,   -0.002426,   -0.000001,    0.001384,    0.000272
   61     0.000000,   -0.000799,   -0.000000,    0.000557,    0.000012
   62     0.000000,   -0.000233,   -0.000000,    0.000087,    0.000055
   63     0.000000,    0.000033,   -0.000000,   -0.000007,    0.000001
   64    -0.000189,   -0.000000,    0.000004,   -0.000000,    0.000000
   65     0.000000,   -0.000191,   -0.000000,    0.000152,    0.000073
   66     0.000000,   -0.000103,   -0.000000,    0.000016,    0.000024
   67    -0.000326,   -0.000001,    0.000033,   -0.000000,    0.000000
   68     0.000000,    0.000004,    0.000000,   -0.000010,   -0.000000
   69     0.000054,    0.000000,    0.000003,    0.000000,   -0.000000
   70     0.000000,    0.000015,    0.000000,   -0.000009,   -0.000004
   71    -0.000058,   -0.000000,    0.000013,   -0.000000,   -0.000000
   72     0.000000,   -0.000063,   -0.000000,    0.000020,    0.000019
   73     0.000000,   -0.000656,   -0.000001,    0.000080,   -0.000809
   74     0.000001,   -0.000758,   -0.000001,    0.000015,   -0.001234
   75    -0.000001,   -0.000459,    0.000001,    0.000236,    0.000719
   76    -0.000002,   -0.000298,    0.000000,    0.000397,    0.000609
   77    -0.000001,    0.000296,   -0.000000,   -0.001631,   -0.000399
   78     0.000000,    0.005874,    0.000004,    0.001712,   -0.002526
   79    -0.000004,    0.002403,    0.000001,   -0.011343,   -0.002206
   80     0.015307,    0.000007,    0.012965,    0.000002,   -0.000001
   81     0.000000,    0.004079,    0.000003,    0.001136,   -0.001647
   82    -0.000003,    0.001661,    0.000000,   -0.007917,   -0.001575
   83     0.010724,    0.000005,    0.008882,    0.000001,   -0.000000
   84     0.000000,    0.000946,    0.000001,    0.000259,   -0.000331
   85    -0.000001,    0.000371,    0.000000,   -0.001781,   -0.000318
   86     0.003248,    0.000002,    0.002570,    0.000000,   -0.000000
   87    -0.000000,   -0.000139,   -0.000000,   -0.000147,    0.000147
   88     0.000820,    0.000001,    0.000505,    0.000000,   -0.000000
   89     0.000000,    0.000100,    0.000000,   -0.000437,   -0.000099
   90     0.000203,    0.000000,   -0.000006,    0.000000,   -0.000000
   91     0.000000,   -0.000070,    0.000000,    0.000264,    0.000070
   92    -0.000000,   -0.000121,   -0.000000,   -0.000234,    0.000193
   93     0.001197,    0.000002,    0.000436,    0.000000,   -0.000000
   94     0.000000,    0.000147,    0.000000,   -0.000628,   -0.000162
   95     0.000504,    0.000001,   -0.000016,    0.000000,   -0.000000
   96     0.000001,   -0.000070,    0.000000,    0.000186,    0.000082
   97    -0.000000,    0.000035,   -0.000000,   -0.000123,   -0.000034
   98    -0.000106,   -0.000000,    0.000003,   -0.000000,    0.000000
   99    -0.000000,   -0.000018,   -0.000000,    0.000056,    0.000015
  100     0.000038,    0.000000,   -0.000055,   -0.000000,   -0.000000
  101     0.000000,   -0.000097,   -0.000000,   -0.000013,    0.000030
  102    -0.000041,   -0.000000,    0.000010,   -0.000000,    0.000000
  103    -0.000000,    0.000138,    0.000000,   -0.000054,    0.000002
  104    -0.005771,    0.000556,   -0.004566,   -0.002905,   -0.000437
  105    -0.006862,    0.000648,   -0.005513,   -0.003288,   -0.000479
  106    -0.002654,    0.000183,   -0.001729,   -0.000855,   -0.000134
  107    -0.000024,    0.000109,    0.000001,    0.000020,   -0.000038
  108     0.000402,   -0.000008,    0.000348,    0.000055,    0.000000
  109    -0.000313,    0.000058,   -0.000254,   -0.000296,   -0.000044
  110    -0.000013,    0.000190,    0.000001,    0.000031,   -0.000066
  111     0.000339,    0.000031,    0.000351,   -0.000134,   -0.000045
  112    -0.000025,    0.000058,   -0.000097,   -0.000286,   -0.000029
  113     0.000011,   -0.000032,   -0.000000,   -0.000006,    0.000012
  114     0.000065,   -0.000002,    0.000058,    0.000009,   -0.000003
  115     0.000025,    0.000016,    0.000027,   -0.000073,   -0.000012
  116    -0.000006,    0.000055,    0.000000,    0.000007,   -0.000017
  117     0.000049,    0.000005,    0.000046,   -0.000024,   -0.000006
  118     0.005770,    0.000562,    0.004568,   -0.002902,   -0.000438
  119     0.006862,    0.000654,    0.005516,   -0.003283,   -0.000479
  120     0.002654,    0.000188,    0.001730,   -0.000854,   -0.000134
  121     0.000024,    0.000109,   -0.000001,    0.000020,   -0.000038
  122    -0.000402,   -0.000008,   -0.000348,    0.000055,    0.000000
  123    -0.000314,   -0.000059,   -0.000255,    0.000296,    0.000044
  124     0.000013,    0.000190,   -0.000000,    0.000031,   -0.000066
  125    -0.000339,    0.000031,   -0.000351,   -0.000134,   -0.000045
  126    -0.000026,   -0.000058,   -0.000097,    0.000285,    0.000028
  127    -0.000011,   -0.000032,    0.000000,   -0.000006,    0.000012
  128     0.000065,    0.000002,    0.000058,   -0.000009,    0.000003
  129    -0.000025,    0.000016,   -0.000027,   -0.000073,   -0.000012
  130    -0.000006,   -0.000055,    0.000000,   -0.000007,    0.000017
  131    -0.000049,    0.000004,   -0.000046,   -0.000024,   -0.000006
  132    -0.000001,   -0.001214,   -0.000001,   -0.000626,    0.000217
  133    -0.000001,   -0.001622,   -0.000001,   -0.001425,    0.000381
  134     0.000001,    0.000016,    0.000000,    0.002858,   -0.000441
  135     0.000001,    0.000081,    0.000000,    0.002202,   -0.000438
  136    -0.000000,   -0.000663,   -0.000000,    0.000222,    0.000163
  137    -0.000004,    0.001094,    0.000000,   -0.007499,    0.000466
  138    -0.000003,    0.006257,    0.000004,    0.001607,    0.000051
  139    -0.000132,   -0.000003,   -0.000040,    0.000003,   -0.000000
  140    -0.000002,    0.001014,    0.000001,   -0.005041,    0.000292
  141    -0.000003,    0.004413,    0.000002,    0.000881,   -0.000044
  142    -0.000171,   -0.000002,   -0.000196,    0.000002,   -0.000000
  143    -0.000001,    0.000387,    0.000000,   -0.001240,    0.000086
  144    -0.000001,    0.000986,    0.000000,    0.000444,    0.000090
  145    -0.000293,   -0.000001,   -0.000332,    0.000001,   -0.000000
  146    -0.000000,   -0.000021,   -0.000000,   -0.000234,    0.000056
  147     0.000301,    0.000000,    0.000230,   -0.000000,    0.000000
  148     0.000000,   -0.000213,   -0.000000,   -0.000124,   -0.000014
  149    -0.000248,   -0.000000,   -0.000217,   -0.000000,    0.000000
  150     0.000000,    0.000047,    0.000000,    0.000239,    0.000061
  151    -0.000000,    0.000026,    0.000000,   -0.000213,    0.000061
  152     0.000705,    0.000001,    0.000584,    0.000000,    0.000000
  153     0.000001,   -0.000327,    0.000000,   -0.000050,    0.000026
  154    -0.000584,   -0.000000,   -0.000502,   -0.000000,   -0.000000
  155     0.000000,   -0.000050,    0.000000,    0.000405,    0.000109
  156     0.000000,    0.000026,    0.000000,    0.000109,   -0.000008
  157    -0.000146,   -0.000000,   -0.000116,   -0.000000,    0.000000
  158    -0.000000,   -0.000010,   -0.000000,   -0.000029,    0.000013
  159    -0.000106,   -0.000000,   -0.000097,   -0.000000,    0.000000
  160     0.000000,    0.000003,    0.000000,    0.000080,    0.000003
  161     0.000046,    0.000000,    0.000055,   -0.000000,    0.000000
  162    -0.000000,    0.000077,    0.000000,   -0.000093,   -0.000037
  163     0.000606,   -0.001477,    0.000418,   -0.000142,   -0.000143
  164     0.000876,   -0.001622,    0.000493,   -0.000392,   -0.000205
  165     0.000886,   -0.000416,    0.000563,   -0.000215,   -0.000094
  166     0.000033,    0.000029,    0.000026,   -0.000121,    0.000005
  167    -0.000001,   -0.000019,   -0.000004,    0.000022,   -0.000006
  168     0.000022,   -0.000151,    0.000015,   -0.000013,   -0.000011
  169    -0.000078,    0.000033,    0.000001,   -0.000229,    0.000002
  170    -0.000055,    0.000081,   -0.000064,    0.000021,   -0.000013
  171    -0.000030,   -0.000138,   -0.000058,   -0.000020,   -0.000016
  172     0.000013,    0.000006,    0.000012,   -0.000036,    0.000001
  173     0.000003,   -0.000000,   -0.000001,    0.000006,   -0.000001
  174     0.000007,   -0.000036,    0.000008,   -0.000013,   -0.000002
  175     0.000008,    0.000014,    0.000009,   -0.000058,   -0.000001
  176     0.000019,   -0.000015,    0.000007,    0.000002,    0.000004
  177    -0.000002,    0.001886,    0.000001,   -0.001470,    0.000188
  178    -0.000003,    0.001938,    0.000001,   -0.001596,    0.000370
  179    -0.000001,    0.000653,    0.000000,   -0.000411,    0.000140
  180     0.000000,   -0.000189,   -0.000000,    0.000074,   -0.000002
  181     0.000000,   -0.000033,   -0.000000,    0.000131,   -0.000015
  182     0.000003,   -0.000000,   -0.000002,    0.000000,   -0.000000
  183     0.000000,   -0.000098,   -0.000000,   -0.000048,   -0.000018
  184     0.000000,    0.000105,    0.000000,    0.000129,   -0.000027
  185     0.000029,   -0.000000,    0.000022,    0.000000,   -0.000000
  186    -0.000000,   -0.000002,   -0.000000,   -0.000018,    0.000004
  187     0.000005,    0.000000,    0.000005,   -0.000000,    0.000000
  188     0.000000,   -0.000009,   -0.000000,    0.000006,   -0.000001
  189    -0.000017,    0.000000,   -0.000010,   -0.000000,    0.000000
  190    -0.000000,    0.000050,    0.000000,    0.000022,   -0.000007
  191    -0.000604,   -0.001482,   -0.000419,   -0.000140,   -0.000143
  192    -0.000874,   -0.001628,   -0.000494,   -0.000389,   -0.000205
  193    -0.000885,   -0.000419,   -0.000563,   -0.000214,   -0.000094
  194    -0.000033,    0.000029,   -0.000026,   -0.000121,    0.000005
  195     0.000000,   -0.000020,    0.000004,    0.000022,   -0.000006
  196     0.000021,    0.000151,    0.000015,    0.000013,    0.000011
  197     0.000078,    0.000033,   -0.000001,   -0.000229,    0.000002
  198     0.000054,    0.000081,    0.000064,    0.000021,   -0.000014
  199    -0.000030,    0.000138,   -0.000058,    0.000020,    0.000016
  200    -0.000013,    0.000006,   -0.000012,   -0.000036,    0.000001
  201     0.000003,    0.000001,   -0.000001,   -0.000006,    0.000001
  202    -0.000007,   -0.000036,   -0.000008,   -0.000013,   -0.000002
  203     0.000008,   -0.000014,    0.000009,    0.000058,    0.000001
  204    -0.000019,   -0.000015,   -0.000007,    0.000002,    0.000004
                25,          26,          27,          28,          29
    0    -0.000001,   -0.001527,   -0.000002,    0.000678,   -0.000001
    1    -0.000001,   -0.001244,   -0.000002,    0.001093,   -0.000001
    2    -0.000001,   -0.003657,   -0.000004,   -0.000927,   -0.000001
    3    -0.000001,   -0.002845,   -0.000003,   -0.000690,   -0.000001
    4    -0.000000,   -0.000431,   -0.000001,   -0.000002,   -0.000000
    5    -0.000000,   -0.000336,    0.000001,   -0.001771,   -0.000000
    6    -0.000000,   -0.000243,    0.000001,   -0.000593,    0.000001
    7     0.000813,    0.000000,   -0.000640,   -0.000000,   -0.000243
    8    -0.000000,   -0.000237,    0.000000,   -0.001172,   -0.000000
    9    -0.000000,   -0.000182,    0.000001,   -0.000366,    0.000001
   10     0.000518,    0.000000,   -0.000403,   -0.000000,   -0.000187
   11    -0.000000,   -0.000080,    0.000000,   -0.000284,   -0.000000
   12    -0.000000,   -0.000043,    0.000000,   -0.000104,    0.000000
   13     0.000086,   -0.000000,   -0.000060,   -0.000000,   -0.000085
   14    -0.000000,   -0.000030,    0.000000,   -0.000077,   -0.000000
   15     0.000021,    0.000000,   -0.000018,    0.000000,    0.000033
   16    -0.000000,    0.000013,   -0.000000,    0.000036,   -0.000000
   17     0.000049,    0.000000,   -0.000041,   -0.000000,    0.000024
   18    -0.000000,    0.000001,    0.000000,   -0.000038,    0.000000
   19    -0.000000,   -0.000046,    0.000000,   -0.000083,   -0.000000
   20     0.000105,    0.000000,   -0.000088,    0.000000,    0.000071
   21     0.000000,    0.000026,   -0.000000,    0.000032,    0.000000
   22     0.000117,    0.000000,   -0.000098,    0.000000,    0.000054
   23     0.000000,    0.000003,   -0.000000,   -0.000055,    0.000000
   24    -0.000000,   -0.000052,   -0.000000,   -0.000028,   -0.000000
   25     0.000029,    0.000000,   -0.000024,    0.000000,    0.000012
   26     0.000000,    0.000053,    0.000000,    0.000011,    0.000000
   27    -0.000024,    0.000000,    0.000020,    0.000000,   -0.000010
   28     0.000000,    0.000011,    0.000000,    0.000019,    0.000000
   29     0.000012,    0.000000,   -0.000010,    0.000000,    0.000007
   30     0.000000,    0.000007,   -0.000000,   -0.000005,   -0.000000
   31     0.000193,   -0.000602,   -0.000152,    0.000011,   -0.000128
   32     0.000231,   -0.000527,   -0.000186,    0.000042,   -0.000148
   33    -0.000026,   -0.000081,    0.000019,    0.000023,   -0.000086
   34     0.000008,   -0.000008,   -0.000006,   -0.000028,    0.000002
   35     0.000022,   -0.000040,   -0.000018,   -0.000008,   -0.000006
   36    -0.000013,    0.000050,    0.000010,   -0.000002,    0.000006
   37     0.000001,   -0.000010,   -0.000003,   -0.000053,    0.000002
   38     0.000036,   -0.000035,   -0.000030,   -0.000018,    0.000001
   39    -0.000019,    0.000035,    0.000016,    0.000002,   -0.000006
   40     0.000003,   -0.000002,   -0.000003,   -0.000009,    0.000001
   41    -0.000004,    0.000007,    0.000003,    0.000004,    0.000001
   42    -0.000003,   -0.000002,    0.000003,    0.000003,   -0.000000
   43    -0.000003,    0.000002,    0.000002,    0.000012,   -0.000001
   44    -0.000005,    0.000004,    0.000003,    0.000002,    0.000000
   45    -0.000194,   -0.000602,    0.000150,    0.000011,    0.000127
   46    -0.000231,   -0.000527,    0.000184,    0.000042,    0.000147
   47     0.000026,   -0.000081,   -0.000020,    0.000023,    0.000086
   48    -0.000008,   -0.000008,    0.000006,   -0.000028,   -0.000002
   49    -0.000022,   -0.000040,    0.000018,   -0.000008,    0.000006
   50    -0.000013,   -0.000050,    0.000010,    0.000002,    0.000006
   51    -0.000001,   -0.000010,    0.000003,   -0.000053,   -0.000002
   52    -0.000036,   -0.000035,    0.000030,   -0.000018,   -0.000001
   53    -0.000019,   -0.000035,    0.000016,   -0.000002,   -0.000006
   54    -0.000003,   -0.000002,    0.000003,   -0.000009,   -0.000001
   55    -0.000004,   -0.000007,    0.000003,   -0.000004,    0.000001
   56     0.000003,   -0.000002,   -0.000003,    0.000003,    0.000000
   57    -0.000003,   -0.000002,    0.000002,   -0.000012,   -0.000001
   58     0.000005,    0.000004,   -0.000003,    0.000002,   -0.000000
   59    -0.000000,   -0.000585,   -0.000001,    0.000278,    0.000000
   60    -0.000000,   -0.000477,   -0.000000,    0.000323,    0.000000
   61    -0.000000,   -0.000048,   -0.000000,    0.000101,    0.000000
   62    -0.000000,   -0.000057,   -0.000000,    0.000005,    0.000000
   63     0.000000,    0.000030,    0.000000,   -0.000029,    0.000000
   64     0.000012,    0.000000,   -0.000009,   -0.000000,   -0.000004
   65    -0.000000,   -0.000045,    0.000000,   -0.000026,    0.000000
   66     0.000000,    0.000013,    0.000000,   -0.000032,    0.000000
   67     0.000029,    0.000000,   -0.000023,   -0.000000,   -0.000005
   68    -0.000000,    0.000004,    0.000000,   -0.000003,    0.000000
   69    -0.000002,   -0.000000,    0.000002,    0.000000,    0.000002
   70    -0.000000,    0.000004,    0.000000,    0.000000,   -0.000000
   71     0.000007,    0.000000,   -0.000006,    0.000000,   -0.000000
   72    -0.000000,   -0.000008,    0.000000,   -0.000010,    0.000000
   73    -0.000000,    0.000103,   -0.000000,    0.000794,   -0.000000
   74    -0.000000,    0.000237,   -0.000001,    0.001204,   -0.000000
   75    -0.000000,   -0.000446,    0.000000,   -0.000695,   -0.000000
   76    -0.000000,   -0.000260,    0.000000,   -0.000655,    0.000000
   77    -0.000000,    0.000112,    0.000000,    0.000254,   -0.000000
   78     0.000000,    0.001545,    0.000000,    0.001171,    0.000000
   79    -0.000000,    0.000354,    0.000000,    0.001587,   -0.000000
   80     0.002990,    0.000000,   -0.002487,    0.000000,    0.001401
   81     0.000000,    0.000977,    0.000000,    0.000783,    0.000000
   82    -0.000000,    0.000227,    0.000000,    0.001172,   -0.000000
   83     0.002040,    0.000000,   -0.001690,    0.000000,    0.000956
   84     0.000000,    0.000169,   -0.000000,    0.000177,    0.000000
   85    -0.000000,    0.000017,   -0.000000,    0.000243,   -0.000000
   86     0.000586,    0.000000,   -0.000481,    0.000000,    0.000275
   87    -0.000000,   -0.000102,   -0.000000,   -0.000069,   -0.000000
   88     0.000109,   -0.000000,   -0.000084,    0.000000,    0.000051
   89     0.000000,    0.000029,   -0.000000,    0.000064,    0.000000
   90    -0.000019,    0.000000,    0.000008,   -0.000000,    0.000012
   91     0.000000,   -0.000029,   -0.000000,   -0.000035,    0.000000
   92    -0.000000,   -0.000128,   -0.000000,   -0.000100,   -0.000000
   93     0.000079,   -0.000000,   -0.000045,    0.000000,    0.000038
   94     0.000000,    0.000044,   -0.000000,    0.000117,    0.000000
   95    -0.000047,    0.000000,    0.000020,    0.000000,    0.000029
   96     0.000000,   -0.000047,   -0.000000,   -0.000032,    0.000000
   97     0.000000,    0.000009,   -0.000000,    0.000028,   -0.000000
   98     0.000010,   -0.000000,   -0.000004,   -0.000000,   -0.000006
   99    -0.000000,   -0.000005,   -0.000000,   -0.000014,   -0.000000
  100    -0.000016,   -0.000000,    0.000016,    0.000000,   -0.000007
  101    -0.000000,   -0.000015,    0.000000,   -0.000015,    0.000000
  102     0.000004,    0.000000,   -0.000005,   -0.000000,    0.000002
  103     0.000000,   -0.000005,   -0.000000,   -0.000007,   -0.000000
  104    -0.001041,    0.000020,    0.000855,    0.000267,   -0.000488
  105    -0.001260,    0.000031,    0.001038,    0.000279,   -0.000591
  106    -0.000379,    0.000015,    0.000297,    0.000074,   -0.000178
  107     0.000002,    0.000022,   -0.000001,    0.000018,   -0.000001
  108     0.000080,    0.000003,   -0.000067,    0.000003,    0.000038
  109    -0.000058,    0.000002,    0.000048,    0.000028,   -0.000027
  110     0.000001,    0.000038,   -0.000001,    0.000030,   -0.000001
  111     0.000083,    0.000009,   -0.000072,    0.000041,    0.000039
  112    -0.000025,   -0.000001,    0.000024,    0.000013,   -0.000012
  113    -0.000001,   -0.000007,    0.000000,   -0.000005,    0.000001
  114     0.000014,    0.000002,   -0.000011,    0.000004,    0.000006
  115     0.000007,    0.000002,   -0.000006,    0.000008,    0.000003
  116     0.000001,    0.000009,   -0.000000,    0.000008,   -0.000000
  117     0.000011,    0.000000,   -0.000009,    0.000006,    0.000005
  118     0.001041,    0.000020,   -0.000855,    0.000267,    0.000488
  119     0.001261,    0.000031,   -0.001038,    0.000279,    0.000591
  120     0.000379,    0.000015,   -0.000297,    0.000074,    0.000178
  121    -0.000002,    0.000022,    0.000001,    0.000018,    0.000001
  122    -0.000080,    0.000003,    0.000067,    0.000003,   -0.000038
  123    -0.000058,   -0.000002,    0.000048,   -0.000028,   -0.000027
  124    -0.000001,    0.000038,    0.000001,    0.000030,    0.000001
  125    -0.000083,    0.000009,    0.000072,    0.000041,   -0.000039
  126    -0.000025,    0.000001,    0.000024,   -0.000013,   -0.000012
  127     0.000001,   -0.000007,   -0.000000,   -0.000005,   -0.000001
  128     0.000014,   -0.000002,   -0.000011,   -0.000004,    0.000006
  129    -0.000007,    0.000002,    0.000006,    0.000008,   -0.000003
  130     0.000001,   -0.000009,   -0.000000,   -0.000008,   -0.000000
  131    -0.000011,    0.000000,    0.000009,    0.000006,   -0.000005
  132    -0.000000,   -0.000060,   -0.000000,    0.000123,   -0.000000
  133    -0.000000,   -0.000156,   -0.000000,    0.000173,   -0.000000
  134     0.000000,    0.000368,    0.000000,   -0.000046,    0.000000
  135    -0.000000,    0.000307,    0.000000,    0.000045,    0.000000
  136    -0.000000,   -0.000075,    0.000000,   -0.000095,    0.000000
  137    -0.000000,   -0.000930,   -0.000000,    0.000044,   -0.000000
  138     0.000000,   -0.000032,    0.000000,   -0.000184,   -0.000000
  139    -0.000334,    0.000000,   -0.000149,   -0.000000,    0.000457
  140    -0.000000,   -0.000619,   -0.000000,    0.000041,   -0.000000
  141     0.000000,   -0.000007,   -0.000000,   -0.000073,   -0.000000
  142    -0.000273,    0.000000,   -0.000064,   -0.000000,    0.000295
  143    -0.000000,   -0.000156,   -0.000000,   -0.000012,   -0.000000
  144    -0.000000,   -0.000040,    0.000000,   -0.000075,   -0.000000
  145    -0.000146,    0.000000,    0.000038,   -0.000000,    0.000055
  146    -0.000000,   -0.000054,   -0.000000,   -0.000017,   -0.000000
  147     0.000064,   -0.000000,   -0.000037,    0.000000,    0.000007
  148     0.000000,    0.000002,   -0.000000,    0.000020,   -0.000000
  149    -0.000051,   -0.000000,    0.000042,   -0.000000,   -0.000023
  150     0.000000,   -0.000016,   -0.000000,   -0.000047,   -0.000000
  151    -0.000000,   -0.000061,   -0.000000,   -0.000013,   -0.000000
  152     0.000146,   -0.000000,   -0.000106,   -0.000000,    0.000046
  153     0.000000,   -0.000010,   -0.000000,   -0.000003,    0.000000
  154    -0.000116,    0.000000,    0.000097,    0.000000,   -0.000055
  155     0.000000,   -0.000029,   -0.000000,   -0.000080,   -0.000000
  156    -0.000000,    0.000013,    0.000000,   -0.000003,    0.000000
  157    -0.000025,   -0.000000,    0.000022,    0.000000,   -0.000014
  158     0.000000,   -0.000009,   -0.000000,   -0.000005,   -0.000000
  159    -0.000022,   -0.000000,    0.000019,   -0.000000,   -0.000011
  160     0.000000,    0.000005,    0.000000,   -0.000007,    0.000000
  161     0.000014,   -0.000000,   -0.000011,   -0.000000,    0.000005
  162     0.000000,    0.000012,    0.000000,    0.000023,   -0.000000
  163     0.000207,    0.000076,   -0.000021,    0.000073,   -0.000117
  164     0.000238,    0.000093,   -0.000016,    0.000112,   -0.000139
  165     0.000161,    0.000038,   -0.000078,    0.000060,    0.000004
  166     0.000005,   -0.000013,   -0.000005,    0.000002,    0.000004
  167     0.000007,    0.000004,    0.000005,    0.000000,   -0.000012
  168     0.000010,    0.000006,    0.000000,    0.000005,   -0.000008
  169     0.000003,   -0.000021,   -0.000004,    0.000009,    0.000000
  170    -0.000007,    0.000006,    0.000017,    0.000000,   -0.000019
  171    -0.000013,    0.000008,    0.000014,    0.000005,   -0.000009
  172     0.000003,   -0.000004,   -0.000002,    0.000001,    0.000002
  173     0.000001,    0.000001,    0.000001,   -0.000001,   -0.000002
  174     0.000001,    0.000001,   -0.000002,    0.000002,    0.000002
  175     0.000002,   -0.000005,   -0.000002,    0.000003,    0.000001
  176     0.000000,   -0.000002,   -0.000001,   -0.000002,    0.000002
  177    -0.000000,   -0.000301,   -0.000000,   -0.000105,   -0.000000
  178    -0.000000,   -0.000402,    0.000000,   -0.000219,   -0.000000
  179    -0.000000,   -0.000128,   -0.000000,   -0.000086,   -0.000000
  180     0.000000,    0.000015,    0.000000,    0.000004,    0.000000
  181     0.000000,    0.000022,    0.000000,    0.000006,    0.000000
  182    -0.000006,    0.000000,   -0.000002,   -0.000000,    0.000007
  183     0.000000,    0.000007,   -0.000000,    0.000022,   -0.000000
  184     0.000000,    0.000023,   -0.000000,    0.000014,   -0.000000
  185    -0.000004,    0.000000,   -0.000008,    0.000000,    0.000016
  186    -0.000000,   -0.000004,    0.000000,   -0.000002,   -0.000000
  187     0.000002,   -0.000000,   -0.000000,   -0.000000,   -0.000001
  188     0.000000,    0.000002,    0.000000,    0.000002,   -0.000000
  189    -0.000000,   -0.000000,    0.000003,   -0.000000,   -0.000004
  190     0.000000,    0.000005,    0.000000,    0.000002,    0.000000
  191    -0.000207,    0.000077,    0.000021,    0.000073,    0.000117
  192    -0.000238,    0.000093,    0.000016,    0.000112,    0.000139
  193    -0.000161,    0.000039,    0.000077,    0.000060,   -0.000003
  194    -0.000005,   -0.000013,    0.000005,    0.000002,   -0.000004
  195    -0.000007,    0.000004,   -0.000005,    0.000000,    0.000012
  196     0.000010,   -0.000006,    0.000000,   -0.000005,   -0.000008
  197    -0.000003,   -0.000021,    0.000004,    0.000009,   -0.000000
  198     0.000007,    0.000006,   -0.000017,    0.000000,    0.000019
  199    -0.000013,   -0.000008,    0.000014,   -0.000005,   -0.000009
  200    -0.000003,   -0.000004,    0.000002,    0.000001,   -0.000002
  201     0.000001,   -0.000001,    0.000001,    0.000001,   -0.000002
  202    -0.000001,    0.000001,    0.000002,    0.000002,   -0.000002
  203     0.000002,    0.000005,   -0.000002,   -0.000003,    0.000001
  204    -0.000000,   -0.000002,    0.000001,   -0.000002,   -0.000002
                30,          31,          32,          33,          34
    0     0.000339,   -0.017000,   -0.030425,   -0.007964,   -0.000125
    1     0.000444,   -0.036307,   -0.054018,   -0.012868,   -0.000201
    2     0.000025,    0.065940,    0.065854,    0.011169,    0.000150
    3     0.000034,    0.055421,    0.056405,    0.009883,    0.000082
    4     0.000176,    0.010168,    0.009993,    0.001696,   -0.000144
    5     0.000307,   -0.000676,    0.000519,    0.003124,    0.004326
    6    -0.001137,   -0.082401,   -0.100048,   -0.027665,   -0.000970
    7     0.000000,    0.118291,    0.142527,    0.044641,    0.000659
    8     0.000250,    0.003031,    0.004409,    0.002966,    0.002828
    9    -0.000780,   -0.052543,   -0.063691,   -0.017778,   -0.000706
   10     0.000000,    0.080696,    0.097191,    0.030545,    0.000441
   11     0.000066,    0.002427,    0.003039,    0.001299,    0.000745
   12    -0.000129,   -0.014780,   -0.018157,   -0.005210,   -0.000234
   13     0.000000,    0.023113,    0.027810,    0.008944,    0.000111
   14    -0.000029,    0.000056,    0.000148,    0.000211,    0.000189
   15    -0.000000,   -0.004915,   -0.005929,   -0.002053,   -0.000014
   16     0.000026,    0.002869,    0.003503,    0.000982,    0.000012
   17     0.000000,   -0.000384,   -0.000458,   -0.000320,    0.000010
   18     0.000042,   -0.001819,   -0.002283,   -0.000704,    0.000011
   19    -0.000051,    0.000331,    0.000408,    0.000243,    0.000161
   20     0.000000,   -0.004896,   -0.005899,   -0.002332,    0.000006
   21     0.000036,    0.001540,    0.001821,    0.000552,   -0.000000
   22     0.000000,   -0.000282,   -0.000334,   -0.000517,    0.000027
   23     0.000112,   -0.000839,   -0.001159,   -0.000498,    0.000040
   24     0.000000,    0.000327,    0.000211,   -0.000010,    0.000031
   25     0.000000,    0.000193,    0.000231,   -0.000026,    0.000008
   26     0.000007,   -0.000602,   -0.000527,   -0.000081,   -0.000008
   27    -0.000000,   -0.000152,   -0.000186,    0.000019,   -0.000006
   28    -0.000005,    0.000011,    0.000042,    0.000023,   -0.000028
   29    -0.000000,   -0.000128,   -0.000148,   -0.000086,    0.000002
   30     0.000044,    0.000232,    0.000236,    0.000019,    0.000009
   31     0.000232,    0.076356,    0.089878,    0.025786,    0.000416
   32     0.000236,    0.089878,    0.106761,    0.031029,    0.000507
   33     0.000019,    0.025786,    0.031029,    0.009731,    0.000159
   34     0.000009,    0.000416,    0.000507,    0.000159,    0.000070
   35     0.000004,    0.004299,    0.005037,    0.001430,    0.000017
   36    -0.000026,   -0.005693,   -0.006687,   -0.001842,   -0.000031
   37     0.000021,    0.000703,    0.000902,    0.000351,    0.000126
   38    -0.000015,    0.003616,    0.004288,    0.001169,    0.000007
   39    -0.000027,   -0.004689,   -0.005589,   -0.001402,   -0.000025
   40     0.000002,    0.000087,    0.000107,    0.000033,    0.000021
   41    -0.000001,   -0.000856,   -0.001018,   -0.000277,   -0.000002
   42     0.000005,    0.000425,    0.000508,    0.000122,    0.000000
   43    -0.000006,   -0.000151,   -0.000183,   -0.000057,   -0.000028
   44     0.000006,   -0.000335,   -0.000396,   -0.000109,    0.000001
   45     0.000232,   -0.008562,   -0.012485,   -0.006990,   -0.000010
   46     0.000235,   -0.012483,   -0.016729,   -0.008588,   -0.000006
   47     0.000019,   -0.006990,   -0.008589,   -0.003724,    0.000043
   48     0.000009,   -0.000010,   -0.000006,    0.000043,    0.000064
   49     0.000004,   -0.001871,   -0.002398,   -0.000891,   -0.000018
   50     0.000026,    0.000935,    0.000953,    0.000022,    0.000006
   51     0.000021,   -0.000270,   -0.000320,   -0.000078,    0.000122
   52    -0.000015,   -0.002534,   -0.003136,   -0.001060,   -0.000035
   53     0.000027,    0.002974,    0.003498,    0.000821,    0.000010
   54     0.000002,   -0.000056,   -0.000067,   -0.000002,    0.000018
   55     0.000001,   -0.000184,   -0.000238,   -0.000117,   -0.000004
   56     0.000005,    0.000877,    0.001055,    0.000282,    0.000004
   57     0.000006,   -0.000034,   -0.000040,    0.000000,    0.000026
   58     0.000006,    0.000386,    0.000467,    0.000143,    0.000006
   59    -0.000292,   -0.008132,   -0.012966,   -0.006109,   -0.001746
   60    -0.000289,   -0.013792,   -0.019805,   -0.008264,   -0.002118
   61    -0.000035,   -0.005749,   -0.007516,   -0.002788,   -0.000593
   62    -0.000038,   -0.000869,   -0.001296,   -0.000547,   -0.000117
   63     0.000002,   -0.000637,   -0.000589,    0.000007,    0.000109
   64     0.000000,    0.001784,    0.002147,    0.000672,    0.000010
   65    -0.000034,   -0.001011,   -0.001424,   -0.000560,   -0.000080
   66    -0.000014,   -0.001655,   -0.001850,   -0.000333,    0.000107
   67     0.000000,    0.003349,    0.004033,    0.001242,    0.000020
   68    -0.000001,   -0.000281,   -0.000315,   -0.000045,    0.000020
   69     0.000000,   -0.000471,   -0.000567,   -0.000181,   -0.000002
   70     0.000002,   -0.000050,   -0.000046,    0.000008,    0.000010
   71     0.000000,    0.000664,    0.000799,    0.000240,    0.000004
   72    -0.000014,   -0.000456,   -0.000555,   -0.000150,    0.000004
   73     0.000354,    0.002473,    0.002831,    0.001064,   -0.000322
   74     0.000550,    0.005418,    0.006616,    0.001848,   -0.000646
   75    -0.000427,   -0.010213,   -0.013461,   -0.001963,    0.001012
   76    -0.000324,   -0.013840,   -0.017299,   -0.002914,    0.001001
   77    -0.000373,    0.000640,    0.001755,    0.001265,   -0.000219
   78     0.001963,    0.012473,    0.015277,    0.002707,   -0.002018
   79    -0.002587,    0.013946,    0.021797,    0.009757,   -0.001833
   80     0.000000,   -0.012750,   -0.015272,   -0.015492,    0.000670
   81     0.001338,    0.010925,    0.013060,    0.002447,   -0.001361
   82    -0.001750,    0.011913,    0.017728,    0.007339,   -0.001327
   83     0.000000,   -0.010883,   -0.013127,   -0.011518,    0.000449
   84     0.000309,    0.003508,    0.003972,    0.000731,   -0.000323
   85    -0.000385,    0.004146,    0.005679,    0.002057,   -0.000266
   86    -0.000000,   -0.004451,   -0.005414,   -0.003881,    0.000124
   87    -0.000091,    0.000745,    0.000782,    0.000293,    0.000144
   88     0.000000,   -0.002509,   -0.003091,   -0.001451,    0.000017
   89    -0.000090,    0.000621,    0.001014,    0.000449,   -0.000056
   90     0.000000,   -0.001991,   -0.002331,   -0.000671,   -0.000012
   91     0.000027,   -0.001562,   -0.002160,   -0.000713,   -0.000016
   92    -0.000124,    0.001282,    0.001440,    0.000550,    0.000226
   93    -0.000000,   -0.006570,   -0.008131,   -0.003108,   -0.000007
   94    -0.000101,    0.001703,    0.002439,    0.000879,   -0.000085
   95     0.000000,   -0.004946,   -0.005790,   -0.001668,   -0.000031
   96    -0.000049,   -0.003723,   -0.004913,   -0.001452,   -0.000103
   97    -0.000015,    0.000538,    0.000718,    0.000207,   -0.000028
   98    -0.000000,    0.001040,    0.001217,    0.000351,    0.000006
   99     0.000012,   -0.000045,   -0.000077,   -0.000009,    0.000029
  100    -0.000000,   -0.000866,   -0.001077,   -0.000322,   -0.000007
  101    -0.000027,   -0.000267,   -0.000297,   -0.000063,    0.000021
  102    -0.000000,    0.000471,    0.000584,    0.000190,    0.000003
  103     0.000007,    0.000814,    0.000951,    0.000296,    0.000039
  104    -0.000731,    0.010623,    0.014086,    0.009444,   -0.000454
  105    -0.000837,    0.012395,    0.016441,    0.010974,   -0.000554
  106    -0.000181,    0.009755,    0.012402,    0.005702,   -0.000094
  107     0.000032,    0.000551,    0.000650,    0.000161,   -0.000026
  108     0.000020,   -0.000148,   -0.000187,   -0.000391,    0.000014
  109    -0.000076,    0.000586,    0.000827,    0.000587,   -0.000042
  110     0.000054,    0.000589,    0.000688,    0.000160,   -0.000043
  111    -0.000014,    0.000705,    0.000934,    0.000031,   -0.000014
  112    -0.000087,   -0.000707,   -0.000774,   -0.000077,   -0.000041
  113    -0.000009,   -0.000156,   -0.000185,   -0.000049,    0.000007
  114     0.000005,   -0.000001,    0.000000,   -0.000055,    0.000001
  115    -0.000018,    0.000113,    0.000171,    0.000056,   -0.000007
  116     0.000015,    0.000221,    0.000257,    0.000062,   -0.000011
  117    -0.000004,    0.000045,    0.000061,   -0.000015,   -0.000005
  118    -0.000730,   -0.005177,   -0.005129,   -0.004343,   -0.000014
  119    -0.000836,   -0.004792,   -0.004417,   -0.004876,   -0.000013
  120    -0.000181,   -0.004677,   -0.005355,   -0.003077,    0.000032
  121     0.000032,    0.000087,    0.000107,    0.000004,   -0.000029
  122     0.000020,    0.000379,    0.000437,    0.000373,   -0.000022
  123     0.000076,    0.000149,    0.000064,    0.000120,    0.000016
  124     0.000054,    0.000326,    0.000381,    0.000072,   -0.000045
  125    -0.000014,    0.000029,    0.000066,    0.000295,   -0.000057
  126     0.000087,   -0.000707,   -0.000988,   -0.000366,    0.000024
  127    -0.000009,    0.000051,    0.000057,    0.000021,    0.000008
  128    -0.000005,   -0.000054,   -0.000063,   -0.000059,    0.000005
  129    -0.000018,    0.000032,    0.000067,    0.000064,   -0.000011
  130    -0.000015,   -0.000108,   -0.000124,   -0.000024,    0.000012
  131    -0.000004,    0.000024,    0.000031,    0.000048,   -0.000010
  132    -0.000359,    0.001321,    0.002947,    0.001819,    0.000096
  133    -0.000678,    0.002861,    0.005419,    0.003101,    0.000191
  134     0.000951,   -0.006225,   -0.008363,   -0.003627,   -0.000328
  135     0.000813,   -0.002507,   -0.003708,   -0.002278,   -0.000355
  136    -0.000075,   -0.001930,   -0.002320,   -0.000748,    0.000060
  137    -0.002333,    0.007330,    0.008813,    0.005186,    0.000613
  138     0.000892,   -0.001600,   -0.007218,   -0.002287,    0.000020
  139     0.000000,   -0.002310,    0.001345,    0.003966,   -0.000088
  140    -0.001508,    0.006456,    0.007672,    0.004004,    0.000442
  141     0.000630,    0.001468,   -0.001730,   -0.000697,    0.000009
  142     0.000000,   -0.002495,   -0.000197,    0.002488,   -0.000075
  143    -0.000365,    0.001294,    0.001457,    0.000946,    0.000169
  144     0.000159,   -0.001462,   -0.002854,   -0.000888,    0.000045
  145     0.000000,   -0.001186,   -0.000636,    0.000748,   -0.000039
  146    -0.000089,    0.000196,    0.000193,    0.000138,    0.000052
  147    -0.000000,   -0.000372,   -0.000611,   -0.000521,    0.000014
  148    -0.000049,    0.000057,    0.000272,    0.000094,   -0.000022
  149    -0.000000,    0.000132,    0.000164,    0.000235,   -0.000012
  150     0.000057,   -0.000333,   -0.000587,   -0.000211,    0.000064
  151    -0.000056,    0.001436,    0.001663,    0.000512,    0.000079
  152     0.000000,   -0.000604,   -0.000874,   -0.000885,    0.000033
  153    -0.000077,   -0.001482,   -0.001628,   -0.000419,   -0.000029
  154     0.000000,    0.000419,    0.000494,    0.000563,   -0.000026
  155     0.000093,   -0.000140,   -0.000389,   -0.000214,    0.000121
  156     0.000037,   -0.000143,   -0.000205,   -0.000094,   -0.000005
  157     0.000000,    0.000207,    0.000238,    0.000161,   -0.000005
  158    -0.000012,    0.000077,    0.000093,    0.000039,    0.000013
  159    -0.000000,    0.000021,    0.000016,    0.000077,   -0.000005
  160     0.000023,   -0.000073,   -0.000112,   -0.000060,    0.000002
  161     0.000000,    0.000117,    0.000139,   -0.000003,    0.000004
  162    -0.000012,    0.000101,    0.000145,    0.000062,   -0.000036
  163    -0.000101,   -0.000373,   -0.000684,   -0.001974,   -0.000058
  164    -0.000145,   -0.000676,   -0.001042,   -0.002445,   -0.000076
  165    -0.000062,   -0.001973,   -0.002447,   -0.001721,   -0.000051
  166    -0.000036,    0.000058,    0.000076,    0.000051,    0.000008
  167     0.000007,   -0.000013,   -0.000119,   -0.000139,   -0.000002
  168    -0.000011,   -0.000010,    0.000025,   -0.000090,   -0.000005
  169    -0.000073,    0.000657,    0.000818,    0.000362,    0.000003
  170     0.000019,    0.000052,   -0.000098,   -0.000094,   -0.000005
  171    -0.000007,   -0.000159,   -0.000100,   -0.000038,   -0.000006
  172    -0.000011,    0.000034,    0.000046,    0.000018,    0.000002
  173     0.000002,   -0.000041,   -0.000070,   -0.000041,    0.000000
  174    -0.000006,   -0.000016,    0.000019,    0.000008,   -0.000002
  175    -0.000016,    0.000069,    0.000090,    0.000041,    0.000000
  176    -0.000001,   -0.000081,   -0.000077,   -0.000020,    0.000004
  177    -0.000377,    0.000961,   -0.000480,    0.000460,    0.000268
  178    -0.000543,   -0.002596,   -0.005144,   -0.000647,    0.000378
  179    -0.000114,    0.000672,    0.000199,    0.000286,    0.000200
  180     0.000011,   -0.000008,    0.000147,    0.000016,   -0.000005
  181     0.000042,   -0.000081,   -0.000063,   -0.000064,   -0.000020
  182     0.000000,   -0.000095,   -0.000052,    0.000038,   -0.000002
  183     0.000009,    0.001202,    0.001612,    0.000446,    0.000009
  184     0.000071,    0.000719,    0.000834,    0.000170,   -0.000016
  185     0.000000,   -0.000141,   -0.000052,    0.000065,   -0.000002
  186    -0.000008,   -0.000035,   -0.000050,   -0.000009,    0.000004
  187    -0.000000,    0.000018,    0.000005,   -0.000016,    0.000001
  188     0.000002,    0.000014,    0.000027,    0.000006,   -0.000002
  189    -0.000000,    0.000070,    0.000061,    0.000008,    0.000000
  190     0.000012,   -0.000045,   -0.000088,   -0.000034,   -0.000008
  191    -0.000101,    0.000266,    0.003018,    0.002377,   -0.000154
  192    -0.000145,    0.003018,    0.006945,    0.003896,   -0.000175
  193    -0.000062,    0.002377,    0.003896,    0.002147,   -0.000111
  194    -0.000036,    0.000154,    0.000175,    0.000111,    0.000006
  195     0.000007,   -0.000101,   -0.000009,    0.000072,   -0.000006
  196     0.000011,    0.000034,   -0.000162,   -0.000118,    0.000009
  197    -0.000073,   -0.000780,   -0.000949,   -0.000223,   -0.000004
  198     0.000019,    0.000145,    0.000235,    0.000093,   -0.000001
  199     0.000007,   -0.000387,   -0.000622,   -0.000149,   -0.000003
  200    -0.000011,    0.000032,    0.000038,    0.000031,    0.000001
  201    -0.000002,   -0.000017,   -0.000036,   -0.000021,   -0.000000
  202    -0.000006,   -0.000030,   -0.000015,   -0.000004,   -0.000003
  203     0.000016,   -0.000058,   -0.000069,   -0.000043,    0.000001
  204    -0.000001,    0.000142,    0.000167,    0.000047,    0.000005
                35,          36,          37,          38,          39
    0    -0.001912,    0.002590,   -0.000193,   -0.005151,    0.007379
    1    -0.003453,    0.004705,   -0.000254,   -0.007838,    0.011221
    2     0.004423,   -0.006120,   -0.000064,    0.004938,   -0.007045
    3     0.003640,   -0.005195,   -0.000146,    0.004088,   -0.006167
    4     0.000502,   -0.000942,   -0.000313,    0.000278,   -0.000868
    5    -0.000548,    0.000177,    0.008021,   -0.001237,    0.000544
    6    -0.001379,    0.008255,   -0.001442,    0.001849,    0.009302
    7     0.008676,   -0.006644,    0.001325,    0.008777,   -0.002514
    8    -0.000188,   -0.000251,    0.005208,   -0.000630,   -0.000166
    9    -0.000796,    0.005259,   -0.001069,    0.001407,    0.005812
   10     0.005908,   -0.004530,    0.000885,    0.005954,   -0.001685
   11    -0.000029,   -0.000219,    0.001359,   -0.000232,   -0.000175
   12    -0.000211,    0.001472,   -0.000373,    0.000382,    0.001647
   13     0.001674,   -0.001293,    0.000240,    0.001652,   -0.000441
   14    -0.000016,    0.000003,    0.000347,   -0.000031,    0.000016
   15    -0.000344,    0.000272,   -0.000058,   -0.000322,    0.000077
   16     0.000043,   -0.000287,    0.000004,   -0.000073,   -0.000321
   17    -0.000013,    0.000018,   -0.000002,    0.000012,   -0.000021
   18    -0.000025,    0.000177,    0.000037,    0.000038,    0.000197
   19     0.000028,   -0.000029,    0.000284,    0.000053,   -0.000046
   20    -0.000318,    0.000265,   -0.000055,   -0.000254,    0.000029
   21    -0.000004,   -0.000156,   -0.000024,   -0.000119,   -0.000137
   22     0.000014,    0.000007,   -0.000000,    0.000073,   -0.000060
   23     0.000012,    0.000074,    0.000098,    0.000054,    0.000059
   24     0.000039,   -0.000024,    0.000057,    0.000050,   -0.000017
   25     0.000022,   -0.000013,    0.000001,    0.000036,   -0.000019
   26    -0.000040,    0.000050,   -0.000010,   -0.000035,    0.000035
   27    -0.000018,    0.000010,   -0.000003,   -0.000030,    0.000016
   28    -0.000008,   -0.000002,   -0.000053,   -0.000018,    0.000002
   29    -0.000006,    0.000006,    0.000002,    0.000001,   -0.000006
   30     0.000004,   -0.000026,    0.000021,   -0.000015,   -0.000027
   31     0.004299,   -0.005693,    0.000703,    0.003616,   -0.004689
   32     0.005037,   -0.006687,    0.000902,    0.004288,   -0.005589
   33     0.001430,   -0.001842,    0.000351,    0.001169,   -0.001402
   34     0.000017,   -0.000031,    0.000126,    0.000007,   -0.000025
   35     0.000294,   -0.000291,    0.000029,    0.000300,   -0.000214
   36    -0.000291,    0.000461,   -0.000046,   -0.000230,    0.000437
   37     0.000029,   -0.000046,    0.000252,    0.000011,   -0.000033
   38     0.000300,   -0.000230,    0.000011,    0.000375,   -0.000187
   39    -0.000214,    0.000437,   -0.000033,   -0.000187,    0.000535
   40     0.000005,   -0.000005,    0.000038,    0.000004,   -0.000003
   41    -0.000060,    0.000064,   -0.000003,   -0.000070,    0.000065
   42     0.000003,   -0.000053,   -0.000002,   -0.000011,   -0.000077
   43    -0.000008,    0.000011,   -0.000052,   -0.000005,    0.000010
   44    -0.000033,    0.000018,    0.000004,   -0.000045,    0.000011
   45    -0.001870,   -0.000937,   -0.000271,   -0.002532,   -0.002976
   46    -0.002397,   -0.000955,   -0.000322,   -0.003134,   -0.003501
   47    -0.000891,   -0.000023,   -0.000078,   -0.001060,   -0.000822
   48    -0.000018,   -0.000006,    0.000122,   -0.000035,   -0.000010
   49    -0.000159,    0.000055,   -0.000041,   -0.000159,   -0.000081
   50    -0.000055,   -0.000194,   -0.000008,   -0.000118,   -0.000339
   51    -0.000041,    0.000008,    0.000216,   -0.000065,   -0.000002
   52    -0.000159,    0.000118,   -0.000065,   -0.000106,   -0.000037
   53     0.000081,   -0.000339,    0.000002,    0.000037,   -0.000478
   54    -0.000007,    0.000003,    0.000035,   -0.000011,    0.000003
   55    -0.000016,   -0.000006,   -0.000010,   -0.000008,   -0.000042
   56     0.000037,   -0.000079,    0.000003,    0.000026,   -0.000089
   57    -0.000007,   -0.000000,    0.000050,   -0.000012,   -0.000003
   58     0.000021,   -0.000023,    0.000009,    0.000011,   -0.000005
   59     0.000707,    0.000846,   -0.003195,    0.001904,    0.000731
   60     0.000677,    0.001360,   -0.003872,    0.002195,    0.001184
   61     0.000087,    0.000558,   -0.001052,    0.000519,    0.000522
   62     0.000062,    0.000090,   -0.000215,    0.000181,    0.000075
   63    -0.000068,    0.000064,    0.000204,   -0.000106,    0.000094
   64     0.000131,   -0.000100,    0.000019,    0.000132,   -0.000037
   65     0.000072,    0.000094,   -0.000152,    0.000222,    0.000049
   66    -0.000099,    0.000174,    0.000210,   -0.000121,    0.000246
   67     0.000247,   -0.000189,    0.000037,    0.000253,   -0.000074
   68    -0.000023,    0.000030,    0.000039,   -0.000036,    0.000050
   69    -0.000034,    0.000026,   -0.000005,   -0.000034,    0.000009
   70    -0.000011,    0.000006,    0.000018,   -0.000023,    0.000015
   71     0.000049,   -0.000038,    0.000007,    0.000051,   -0.000015
   72    -0.000002,    0.000046,    0.000009,    0.000025,    0.000047
   73     0.000064,   -0.000252,   -0.001085,   -0.000464,   -0.000549
   74     0.000132,   -0.000570,   -0.001887,   -0.000617,   -0.001099
   75    -0.000256,    0.001121,    0.002077,   -0.000021,    0.001764
   76    -0.000523,    0.001470,    0.002076,   -0.000382,    0.002225
   77    -0.000126,   -0.000059,   -0.000473,   -0.000199,   -0.000078
   78    -0.000359,   -0.001576,   -0.003665,   -0.001826,   -0.001653
   79    -0.000370,   -0.001281,   -0.003708,   -0.000816,   -0.001311
   80    -0.000027,    0.000489,   -0.000097,    0.001491,   -0.001420
   81    -0.000122,   -0.001310,   -0.002497,   -0.001133,   -0.001414
   82    -0.000185,   -0.001106,   -0.002701,   -0.000568,   -0.001178
   83    -0.000174,    0.000455,   -0.000128,    0.000858,   -0.000911
   84     0.000028,   -0.000391,   -0.000601,   -0.000215,   -0.000412
   85     0.000010,   -0.000390,   -0.000532,   -0.000095,   -0.000423
   86    -0.000144,    0.000204,   -0.000074,    0.000149,   -0.000226
   87     0.000059,   -0.000055,    0.000240,    0.000087,   -0.000061
   88    -0.000146,    0.000131,   -0.000061,   -0.000095,    0.000002
   89    -0.000028,   -0.000059,   -0.000114,   -0.000061,   -0.000064
   90    -0.000148,    0.000113,    0.000011,   -0.000143,    0.000027
   91     0.000008,    0.000154,   -0.000038,    0.000074,    0.000184
   92     0.000078,   -0.000105,    0.000376,    0.000100,   -0.000120
   93    -0.000444,    0.000358,   -0.000179,   -0.000417,    0.000128
   94    -0.000028,   -0.000164,   -0.000176,   -0.000119,   -0.000183
   95    -0.000367,    0.000280,    0.000027,   -0.000355,    0.000068
   96    -0.000012,    0.000370,   -0.000220,    0.000146,    0.000446
   97     0.000002,   -0.000053,   -0.000056,   -0.000018,   -0.000063
   98     0.000077,   -0.000059,   -0.000006,    0.000075,   -0.000014
   99    -0.000002,    0.000006,    0.000058,   -0.000007,    0.000012
  100    -0.000066,    0.000049,   -0.000026,   -0.000076,    0.000032
  101     0.000004,    0.000029,    0.000040,    0.000033,    0.000023
  102     0.000035,   -0.000026,    0.000014,    0.000038,   -0.000015
  103     0.000013,   -0.000081,    0.000057,   -0.000028,   -0.000081
  104     0.000113,   -0.000586,   -0.000325,   -0.000518,    0.000274
  105     0.000127,   -0.000720,   -0.000405,   -0.000576,    0.000225
  106     0.000391,   -0.000613,    0.000124,    0.000134,   -0.000226
  107     0.000014,   -0.000050,   -0.000052,   -0.000015,   -0.000041
  108     0.000012,   -0.000004,   -0.000010,    0.000050,   -0.000063
  109    -0.000006,   -0.000033,   -0.000051,   -0.000042,    0.000017
  110    -0.000001,   -0.000060,   -0.000084,   -0.000055,   -0.000048
  111     0.000042,   -0.000059,   -0.000060,    0.000056,   -0.000093
  112    -0.000066,    0.000043,   -0.000081,   -0.000061,    0.000043
  113    -0.000004,    0.000012,    0.000015,    0.000005,    0.000006
  114     0.000002,   -0.000002,   -0.000005,    0.000006,   -0.000012
  115     0.000001,   -0.000009,   -0.000016,    0.000003,   -0.000010
  116     0.000003,   -0.000022,   -0.000022,   -0.000013,   -0.000018
  117     0.000004,   -0.000004,   -0.000015,    0.000008,   -0.000010
  118    -0.000398,    0.000138,   -0.000588,    0.000014,   -0.000531
  119    -0.000354,    0.000048,   -0.000667,    0.000209,   -0.000802
  120    -0.000413,    0.000131,   -0.000216,   -0.000308,   -0.000288
  121    -0.000020,   -0.000024,   -0.000050,   -0.000048,   -0.000034
  122     0.000002,   -0.000022,   -0.000009,   -0.000042,    0.000018
  123     0.000024,    0.000001,    0.000062,    0.000002,    0.000032
  124    -0.000021,   -0.000045,   -0.000082,   -0.000073,   -0.000044
  125    -0.000055,   -0.000009,   -0.000094,   -0.000129,    0.000023
  126    -0.000049,    0.000039,    0.000036,   -0.000084,    0.000024
  127     0.000011,    0.000001,    0.000014,    0.000020,    0.000004
  128     0.000002,    0.000003,    0.000006,    0.000012,   -0.000002
  129    -0.000008,   -0.000004,   -0.000019,   -0.000014,    0.000000
  130     0.000006,    0.000015,    0.000021,    0.000021,    0.000016
  131    -0.000004,   -0.000002,   -0.000017,   -0.000012,    0.000003
  132     0.000102,   -0.000106,   -0.000009,    0.000230,   -0.000484
  133     0.000170,   -0.000234,    0.000030,    0.000366,   -0.000792
  134    -0.000185,    0.000543,   -0.000241,   -0.000280,    0.000826
  135    -0.000082,    0.000185,   -0.000377,   -0.000229,    0.000345
  136     0.000040,    0.000204,    0.000163,    0.000232,    0.000181
  137     0.000314,   -0.000479,    0.000341,    0.000352,   -0.000182
  138     0.000116,    0.000049,   -0.000758,   -0.000648,    0.000791
  139    -0.000278,    0.000193,    0.001990,    0.000112,   -0.000850
  140     0.000218,   -0.000474,    0.000270,    0.000134,   -0.000258
  141     0.000105,   -0.000217,   -0.000525,   -0.000531,    0.000265
  142    -0.000269,    0.000186,    0.001344,   -0.000024,   -0.000538
  143     0.000032,   -0.000086,    0.000159,   -0.000020,    0.000003
  144     0.000018,    0.000131,   -0.000063,   -0.000073,    0.000291
  145    -0.000130,    0.000084,    0.000374,   -0.000094,   -0.000106
  146     0.000023,   -0.000008,    0.000063,    0.000038,    0.000000
  147    -0.000007,    0.000014,   -0.000083,    0.000004,    0.000014
  148    -0.000004,   -0.000001,   -0.000018,    0.000026,   -0.000028
  149    -0.000006,   -0.000004,    0.000004,   -0.000031,    0.000024
  150     0.000007,    0.000031,    0.000110,    0.000004,    0.000049
  151     0.000050,   -0.000129,    0.000110,    0.000017,   -0.000140
  152     0.000000,    0.000021,   -0.000078,    0.000054,   -0.000030
  153    -0.000020,    0.000151,   -0.000033,    0.000081,    0.000138
  154    -0.000004,   -0.000015,   -0.000001,   -0.000064,    0.000058
  155     0.000022,    0.000013,    0.000229,    0.000021,    0.000020
  156    -0.000006,    0.000011,   -0.000002,   -0.000014,    0.000016
  157     0.000007,   -0.000010,   -0.000003,   -0.000007,    0.000013
  158     0.000004,   -0.000006,    0.000021,    0.000006,   -0.000008
  159    -0.000005,    0.000000,   -0.000004,   -0.000017,    0.000014
  160    -0.000000,    0.000005,    0.000009,   -0.000000,    0.000005
  161     0.000012,   -0.000008,    0.000000,    0.000019,   -0.000009
  162    -0.000007,   -0.000011,   -0.000073,   -0.000019,   -0.000007
  163    -0.000013,    0.000010,   -0.000658,    0.000049,    0.000161
  164    -0.000118,   -0.000026,   -0.000818,   -0.000100,    0.000102
  165    -0.000139,    0.000090,   -0.000362,   -0.000095,    0.000038
  166     0.000002,   -0.000005,    0.000003,    0.000005,   -0.000006
  167     0.000003,    0.000001,   -0.000053,   -0.000007,    0.000031
  168    -0.000001,    0.000002,   -0.000028,    0.000009,    0.000007
  169     0.000052,   -0.000027,   -0.000008,    0.000061,    0.000007
  170    -0.000007,   -0.000009,   -0.000061,   -0.000042,    0.000034
  171    -0.000031,    0.000007,    0.000007,   -0.000034,    0.000002
  172     0.000002,   -0.000002,    0.000001,    0.000004,   -0.000003
  173    -0.000002,    0.000003,   -0.000007,   -0.000005,    0.000007
  174    -0.000001,    0.000003,    0.000005,    0.000006,   -0.000003
  175     0.000002,   -0.000005,   -0.000004,    0.000002,   -0.000005
  176    -0.000007,    0.000004,    0.000015,   -0.000003,   -0.000007
  177     0.000124,   -0.000047,    0.000088,   -0.000067,    0.000303
  178     0.000108,    0.000318,    0.000212,    0.000067,    0.000766
  179     0.000057,   -0.000048,    0.000218,   -0.000018,    0.000062
  180    -0.000007,   -0.000000,    0.000021,    0.000013,   -0.000032
  181    -0.000007,    0.000003,   -0.000020,   -0.000007,   -0.000010
  182    -0.000009,    0.000006,    0.000029,   -0.000003,   -0.000011
  183     0.000011,   -0.000117,    0.000034,   -0.000023,   -0.000155
  184     0.000007,   -0.000078,   -0.000026,   -0.000039,   -0.000090
  185    -0.000012,    0.000009,    0.000056,    0.000002,   -0.000026
  186     0.000001,    0.000004,    0.000005,    0.000004,    0.000007
  187     0.000002,   -0.000001,   -0.000008,    0.000001,    0.000003
  188    -0.000000,   -0.000002,   -0.000002,   -0.000001,   -0.000004
  189     0.000005,   -0.000004,   -0.000011,    0.000002,    0.000005
  190    -0.000002,    0.000003,   -0.000018,   -0.000008,    0.000009
  191    -0.000101,    0.000034,    0.000780,    0.000145,   -0.000387
  192    -0.000009,   -0.000162,    0.000949,    0.000235,   -0.000622
  193     0.000072,   -0.000118,    0.000223,    0.000093,   -0.000149
  194     0.000006,   -0.000009,   -0.000004,    0.000001,    0.000003
  195    -0.000008,    0.000010,    0.000052,    0.000003,   -0.000016
  196     0.000010,   -0.000006,   -0.000053,   -0.000013,    0.000025
  197    -0.000052,    0.000053,   -0.000041,   -0.000047,    0.000045
  198     0.000003,   -0.000013,    0.000047,    0.000004,   -0.000032
  199    -0.000016,    0.000025,   -0.000045,   -0.000032,    0.000039
  200     0.000000,   -0.000002,   -0.000002,   -0.000001,    0.000001
  201    -0.000001,    0.000000,   -0.000012,   -0.000003,    0.000002
  202    -0.000003,    0.000003,   -0.000003,    0.000000,    0.000003
  203    -0.000000,    0.000004,    0.000008,    0.000002,    0.000001
  204     0.000009,   -0.000009,    0.000005,    0.000009,   -0.000004
                40,          41,          42,          43,          44
    0    -0.000026,    0.001570,   -0.000921,    0.000205,    0.000639
    1    -0.000042,    0.002342,   -0.001373,    0.000292,    0.000946
    2     0.000031,   -0.001282,    0.000751,   -0.000090,   -0.000492
    3    -0.000000,   -0.001082,    0.000688,   -0.000051,   -0.000406
    4    -0.000048,   -0.000102,    0.000131,    0.000053,   -0.000005
    5     0.001281,    0.000246,   -0.000134,   -0.001757,    0.000193
    6    -0.000124,    0.000283,   -0.001913,    0.000289,   -0.000517
    7     0.000229,   -0.001459,   -0.000654,   -0.000278,   -0.001037
    8     0.000832,    0.000087,   -0.000004,   -0.001153,    0.000110
    9    -0.000107,    0.000139,   -0.001223,    0.000221,   -0.000360
   10     0.000152,   -0.000993,   -0.000442,   -0.000186,   -0.000706
   11     0.000215,    0.000029,    0.000031,   -0.000299,    0.000040
   12    -0.000040,    0.000037,   -0.000343,    0.000069,   -0.000097
   13     0.000036,   -0.000280,   -0.000121,   -0.000048,   -0.000198
   14     0.000057,    0.000007,   -0.000006,   -0.000074,    0.000003
   15    -0.000004,    0.000058,    0.000023,    0.000007,    0.000037
   16    -0.000003,   -0.000007,    0.000069,    0.000001,    0.000017
   17     0.000005,    0.000002,   -0.000002,   -0.000003,   -0.000001
   18     0.000007,    0.000003,   -0.000044,   -0.000012,   -0.000006
   19     0.000050,   -0.000015,    0.000001,   -0.000065,   -0.000011
   20     0.000005,    0.000053,    0.000015,    0.000000,    0.000029
   21    -0.000004,    0.000009,    0.000042,    0.000002,    0.000018
   22     0.000012,   -0.000003,   -0.000008,   -0.000009,   -0.000009
   23     0.000014,   -0.000010,   -0.000024,   -0.000028,    0.000000
   24     0.000010,   -0.000009,   -0.000004,   -0.000014,   -0.000006
   25     0.000003,   -0.000004,   -0.000003,   -0.000003,   -0.000005
   26    -0.000002,    0.000007,   -0.000002,    0.000002,    0.000004
   27    -0.000003,    0.000003,    0.000003,    0.000002,    0.000003
   28    -0.000009,    0.000004,    0.000003,    0.000012,    0.000002
   29     0.000001,    0.000001,   -0.000000,   -0.000001,    0.000000
   30     0.000002,   -0.000001,    0.000005,   -0.000006,    0.000006
   31     0.000087,   -0.000856,    0.000425,   -0.000151,   -0.000335
   32     0.000107,   -0.001018,    0.000508,   -0.000183,   -0.000396
   33     0.000033,   -0.000277,    0.000122,   -0.000057,   -0.000109
   34     0.000021,   -0.000002,    0.000000,   -0.000028,    0.000001
   35     0.000005,   -0.000060,    0.000003,   -0.000008,   -0.000033
   36    -0.000005,    0.000064,   -0.000053,    0.000011,    0.000018
   37     0.000038,   -0.000003,   -0.000002,   -0.000052,    0.000004
   38     0.000004,   -0.000070,   -0.000011,   -0.000005,   -0.000045
   39    -0.000003,    0.000065,   -0.000077,    0.000010,    0.000011
   40     0.000006,   -0.000000,   -0.000001,   -0.000008,   -0.000000
   41    -0.000000,    0.000016,   -0.000004,    0.000001,    0.000008
   42    -0.000001,   -0.000004,    0.000016,    0.000000,    0.000003
   43    -0.000008,    0.000001,    0.000000,    0.000012,   -0.000000
   44    -0.000000,    0.000008,    0.000003,   -0.000000,    0.000006
   45    -0.000057,    0.000182,    0.000877,    0.000034,    0.000387
   46    -0.000068,    0.000236,    0.001055,    0.000041,    0.000467
   47    -0.000002,    0.000116,    0.000282,   -0.000000,    0.000143
   48     0.000018,    0.000004,    0.000004,   -0.000026,    0.000006
   49    -0.000007,    0.000016,    0.000037,    0.000007,    0.000021
   50    -0.000003,   -0.000006,    0.000079,   -0.000000,    0.000023
   51     0.000035,    0.000010,    0.000003,   -0.000050,    0.000009
   52    -0.000011,    0.000008,    0.000025,    0.000012,    0.000011
   53    -0.000003,   -0.000042,    0.000089,   -0.000003,    0.000005
   54     0.000005,    0.000002,    0.000000,   -0.000008,    0.000002
   55    -0.000002,   -0.000003,    0.000010,    0.000001,    0.000001
   56     0.000000,   -0.000010,    0.000014,   -0.000001,   -0.000001
   57     0.000008,    0.000001,    0.000001,   -0.000011,    0.000002
   58     0.000002,   -0.000001,   -0.000001,   -0.000002,   -0.000001
   59    -0.000479,   -0.000282,   -0.000286,    0.000667,   -0.000292
   60    -0.000575,   -0.000323,   -0.000382,    0.000793,   -0.000350
   61    -0.000161,   -0.000060,   -0.000137,    0.000219,   -0.000083
   62    -0.000031,   -0.000027,   -0.000029,    0.000044,   -0.000029
   63     0.000032,    0.000025,   -0.000010,   -0.000043,    0.000013
   64     0.000003,   -0.000022,   -0.000010,   -0.000004,   -0.000016
   65    -0.000018,   -0.000041,   -0.000027,    0.000025,   -0.000036
   66     0.000033,    0.000041,   -0.000039,   -0.000040,    0.000012
   67     0.000007,   -0.000042,   -0.000019,   -0.000008,   -0.000030
   68     0.000006,    0.000010,   -0.000006,   -0.000007,    0.000004
   69    -0.000001,    0.000006,    0.000003,    0.000001,    0.000004
   70     0.000003,    0.000005,   -0.000001,   -0.000003,    0.000003
   71     0.000002,   -0.000008,   -0.000004,   -0.000002,   -0.000006
   72     0.000002,   -0.000001,   -0.000011,   -0.000002,   -0.000005
   73    -0.000206,    0.000024,    0.000197,    0.000246,    0.000014
   74    -0.000364,    0.000030,    0.000334,    0.000425,    0.000019
   75     0.000425,    0.000018,   -0.000339,   -0.000451,    0.000004
   76     0.000413,    0.000131,   -0.000397,   -0.000450,    0.000044
   77    -0.000070,    0.000035,    0.000063,    0.000130,    0.000001
   78    -0.000629,    0.000082,    0.000574,    0.000716,    0.000383
   79    -0.000563,    0.000152,    0.000498,    0.000995,   -0.000027
   80     0.000307,   -0.000006,   -0.000188,   -0.000217,   -0.000186
   81    -0.000427,    0.000017,    0.000434,    0.000482,    0.000250
   82    -0.000419,    0.000095,    0.000396,    0.000722,   -0.000014
   83     0.000206,    0.000024,   -0.000117,   -0.000143,   -0.000114
   84    -0.000102,   -0.000008,    0.000111,    0.000115,    0.000054
   85    -0.000084,    0.000006,    0.000111,    0.000149,    0.000001
   86     0.000057,    0.000024,   -0.000026,   -0.000038,   -0.000025
   87     0.000042,   -0.000014,   -0.000000,   -0.000052,   -0.000018
   88     0.000008,    0.000026,    0.000004,   -0.000003,    0.000005
   89    -0.000019,    0.000011,    0.000023,    0.000033,    0.000004
   90    -0.000003,    0.000023,    0.000010,    0.000004,    0.000022
   91    -0.000001,   -0.000006,   -0.000040,   -0.000001,   -0.000016
   92     0.000065,   -0.000019,    0.000009,   -0.000082,   -0.000022
   93    -0.000003,    0.000080,    0.000029,    0.000009,    0.000032
   94    -0.000033,    0.000019,    0.000052,    0.000053,    0.000014
   95    -0.000008,    0.000058,    0.000026,    0.000010,    0.000056
   96    -0.000020,   -0.000005,   -0.000087,    0.000031,   -0.000042
   97    -0.000011,    0.000002,    0.000015,    0.000015,    0.000002
   98     0.000002,   -0.000012,   -0.000005,   -0.000002,   -0.000012
   99     0.000010,    0.000000,   -0.000003,   -0.000013,    0.000003
  100    -0.000003,    0.000012,    0.000006,    0.000003,    0.000006
  101     0.000007,   -0.000003,   -0.000009,   -0.000008,   -0.000006
  102     0.000001,   -0.000006,   -0.000003,   -0.000001,   -0.000003
  103     0.000010,   -0.000002,    0.000019,   -0.000015,    0.000004
  104    -0.000153,    0.000001,    0.000133,    0.000220,    0.000051
  105    -0.000187,   -0.000016,    0.000176,    0.000259,    0.000058
  106    -0.000037,   -0.000066,    0.000055,    0.000045,    0.000006
  107    -0.000008,   -0.000002,    0.000010,    0.000009,    0.000004
  108     0.000005,   -0.000002,   -0.000002,   -0.000005,   -0.000005
  109    -0.000013,    0.000003,    0.000011,    0.000021,    0.000003
  110    -0.000014,    0.000003,    0.000017,    0.000015,    0.000011
  111    -0.000004,   -0.000001,    0.000003,    0.000012,   -0.000006
  112    -0.000009,    0.000009,    0.000008,    0.000020,    0.000001
  113     0.000002,    0.000000,   -0.000002,   -0.000003,   -0.000001
  114     0.000000,    0.000000,    0.000000,    0.000000,   -0.000001
  115    -0.000002,    0.000000,    0.000002,    0.000004,   -0.000001
  116    -0.000004,    0.000000,    0.000005,    0.000004,    0.000003
  117    -0.000001,   -0.000000,    0.000000,    0.000003,   -0.000001
  118     0.000049,    0.000086,    0.000040,    0.000085,   -0.000037
  119     0.000061,    0.000062,    0.000052,    0.000090,   -0.000061
  120     0.000022,    0.000076,    0.000069,    0.000015,    0.000024
  121    -0.000009,    0.000004,    0.000013,    0.000010,    0.000009
  122    -0.000011,   -0.000000,    0.000009,    0.000007,    0.000006
  123     0.000001,   -0.000006,   -0.000005,   -0.000013,    0.000003
  124    -0.000014,    0.000006,    0.000018,    0.000016,    0.000014
  125    -0.000024,    0.000017,    0.000021,    0.000028,    0.000012
  126     0.000001,    0.000012,    0.000004,   -0.000012,    0.000012
  127     0.000003,   -0.000002,   -0.000003,   -0.000003,   -0.000003
  128     0.000003,   -0.000001,   -0.000002,   -0.000002,   -0.000001
  129    -0.000003,    0.000002,    0.000003,    0.000006,    0.000001
  130     0.000004,   -0.000002,   -0.000006,   -0.000004,   -0.000004
  131    -0.000004,    0.000001,    0.000002,    0.000005,    0.000001
  132     0.000018,    0.000005,    0.000045,    0.000027,   -0.000080
  133     0.000039,   -0.000002,    0.000084,    0.000023,   -0.000131
  134    -0.000075,    0.000043,   -0.000141,    0.000071,    0.000111
  135    -0.000101,    0.000021,   -0.000053,    0.000101,    0.000098
  136     0.000024,   -0.000020,   -0.000067,   -0.000024,   -0.000034
  137     0.000142,    0.000011,    0.000118,   -0.000040,   -0.000298
  138     0.000021,   -0.000019,    0.000061,   -0.000112,   -0.000042
  139     0.000025,   -0.000057,   -0.000026,   -0.000030,    0.000316
  140     0.000103,    0.000014,    0.000115,   -0.000040,   -0.000181
  141     0.000004,   -0.000009,    0.000100,   -0.000066,   -0.000007
  142     0.000011,   -0.000025,   -0.000009,   -0.000015,    0.000227
  143     0.000044,    0.000013,    0.000023,   -0.000035,   -0.000042
  144     0.000017,   -0.000000,   -0.000023,   -0.000039,   -0.000019
  145    -0.000005,    0.000002,    0.000006,    0.000002,    0.000075
  146     0.000013,   -0.000002,   -0.000001,   -0.000013,   -0.000016
  147     0.000004,    0.000005,   -0.000001,   -0.000002,   -0.000014
  148    -0.000008,    0.000001,   -0.000001,    0.000014,   -0.000001
  149    -0.000005,    0.000001,    0.000004,    0.000004,    0.000004
  150     0.000020,   -0.000002,   -0.000011,   -0.000032,   -0.000001
  151     0.000018,   -0.000006,    0.000024,   -0.000023,   -0.000007
  152     0.000013,    0.000003,   -0.000007,   -0.000008,   -0.000019
  153    -0.000006,    0.000001,   -0.000036,    0.000014,   -0.000015
  154    -0.000012,    0.000001,    0.000008,    0.000009,    0.000007
  155     0.000036,   -0.000006,   -0.000013,   -0.000058,    0.000002
  156    -0.000001,    0.000001,   -0.000002,   -0.000001,    0.000004
  157    -0.000003,   -0.000001,    0.000001,    0.000002,    0.000000
  158     0.000004,   -0.000001,    0.000001,   -0.000005,   -0.000002
  159    -0.000002,    0.000001,    0.000002,    0.000002,    0.000001
  160     0.000001,   -0.000001,   -0.000002,   -0.000003,    0.000002
  161     0.000002,   -0.000002,   -0.000002,   -0.000001,   -0.000002
  162    -0.000011,    0.000002,    0.000006,    0.000016,    0.000001
  163    -0.000034,    0.000042,   -0.000016,    0.000069,   -0.000081
  164    -0.000046,    0.000070,    0.000019,    0.000090,   -0.000077
  165    -0.000019,    0.000041,    0.000008,    0.000041,   -0.000020
  166     0.000002,    0.000000,    0.000002,   -0.000000,   -0.000004
  167    -0.000002,    0.000003,   -0.000001,    0.000002,   -0.000006
  168    -0.000002,    0.000003,   -0.000003,    0.000005,   -0.000004
  169     0.000001,   -0.000007,   -0.000005,    0.000004,   -0.000015
  170    -0.000004,    0.000005,    0.000006,    0.000002,   -0.000003
  171    -0.000003,    0.000007,    0.000003,    0.000005,    0.000007
  172     0.000001,   -0.000000,    0.000000,    0.000000,   -0.000001
  173    -0.000000,    0.000001,   -0.000000,   -0.000000,   -0.000000
  174    -0.000000,    0.000000,   -0.000001,    0.000001,    0.000001
  175    -0.000000,    0.000000,    0.000001,    0.000001,   -0.000002
  176     0.000001,    0.000000,    0.000001,   -0.000002,    0.000002
  177     0.000073,    0.000002,    0.000020,   -0.000077,   -0.000095
  178     0.000115,   -0.000001,   -0.000065,   -0.000125,   -0.000150
  179     0.000056,   -0.000003,    0.000011,   -0.000072,   -0.000033
  180    -0.000001,   -0.000000,   -0.000002,    0.000001,    0.000006
  181    -0.000005,   -0.000000,   -0.000000,    0.000004,    0.000007
  182     0.000000,   -0.000000,   -0.000000,   -0.000000,    0.000005
  183    -0.000001,    0.000001,    0.000025,    0.000001,    0.000012
  184    -0.000006,   -0.000001,    0.000019,    0.000003,    0.000012
  185     0.000001,   -0.000001,   -0.000001,   -0.000001,    0.000009
  186     0.000001,   -0.000000,   -0.000001,   -0.000001,   -0.000001
  187     0.000000,    0.000000,   -0.000000,    0.000000,   -0.000001
  188    -0.000001,    0.000000,    0.000000,    0.000001,    0.000001
  189    -0.000000,   -0.000000,    0.000000,    0.000000,   -0.000002
  190    -0.000002,    0.000000,    0.000000,    0.000002,    0.000001
  191    -0.000032,   -0.000017,   -0.000030,    0.000058,    0.000142
  192    -0.000038,   -0.000036,   -0.000015,    0.000069,    0.000167
  193    -0.000031,   -0.000021,   -0.000004,    0.000043,    0.000047
  194     0.000001,    0.000000,    0.000003,    0.000001,   -0.000005
  195    -0.000000,   -0.000001,   -0.000003,    0.000000,    0.000009
  196     0.000002,    0.000000,    0.000003,   -0.000004,   -0.000009
  197    -0.000002,    0.000012,    0.000003,    0.000008,   -0.000005
  198     0.000001,   -0.000003,    0.000000,   -0.000002,    0.000009
  199    -0.000001,    0.000002,    0.000003,   -0.000001,   -0.000004
  200    -0.000000,    0.000000,    0.000001,    0.000001,   -0.000001
  201    -0.000000,    0.000001,    0.000001,    0.000001,   -0.000002
  202    -0.000001,    0.000001,   -0.000001,    0.000002,   -0.000000
  203     0.000001,   -0.000001,   -0.000002,   -0.000002,    0.000002
  204     0.000001,   -0.000002,   -0.000000,   -0.000002,   -0.000002
                45,          46,          47,          48,          49
    0    -0.016997,   -0.030420,   -0.007964,   -0.000125,   -0.001909
    1    -0.036302,   -0.054008,   -0.012867,   -0.000203,   -0.003447
    2     0.065930,    0.065834,    0.011165,    0.000152,    0.004416
    3     0.055404,    0.056378,    0.009877,    0.000083,    0.003633
    4     0.010163,    0.009986,    0.001694,   -0.000144,    0.000501
    5    -0.000712,    0.000468,    0.003111,    0.004327,   -0.000551
    6    -0.082292,   -0.099919,   -0.027629,   -0.000971,   -0.001362
    7    -0.118378,   -0.142624,   -0.044674,   -0.000663,   -0.008671
    8     0.003009,    0.004377,    0.002957,    0.002828,   -0.000190
    9    -0.052476,   -0.063614,   -0.017757,   -0.000707,   -0.000786
   10    -0.080756,   -0.097258,   -0.030568,   -0.000443,   -0.005904
   11     0.002419,    0.003028,    0.001296,    0.000745,   -0.000030
   12    -0.014761,   -0.018135,   -0.005204,   -0.000234,   -0.000208
   13    -0.023131,   -0.027830,   -0.008951,   -0.000112,   -0.001673
   14     0.000057,    0.000149,    0.000211,    0.000189,   -0.000016
   15     0.004913,    0.005926,    0.002053,    0.000014,    0.000344
   16     0.002879,    0.003515,    0.000986,    0.000012,    0.000044
   17     0.000386,    0.000461,    0.000321,   -0.000010,    0.000013
   18    -0.001814,   -0.002277,   -0.000702,    0.000011,   -0.000025
   19     0.000333,    0.000411,    0.000244,    0.000161,    0.000028
   20     0.004896,    0.005899,    0.002333,   -0.000006,    0.000318
   21     0.001553,    0.001837,    0.000558,   -0.000000,   -0.000003
   22     0.000283,    0.000335,    0.000517,   -0.000027,   -0.000014
   23    -0.000835,   -0.001155,   -0.000496,    0.000040,    0.000012
   24     0.000326,    0.000211,   -0.000010,    0.000031,    0.000039
   25    -0.000194,   -0.000231,    0.000026,   -0.000008,   -0.000022
   26    -0.000602,   -0.000527,   -0.000081,   -0.000008,   -0.000040
   27     0.000150,    0.000184,   -0.000020,    0.000006,    0.000018
   28     0.000011,    0.000042,    0.000023,   -0.000028,   -0.000008
   29     0.000127,    0.000147,    0.000086,   -0.000002,    0.000006
   30     0.000232,    0.000235,    0.000019,    0.000009,    0.000004
   31    -0.008562,   -0.012483,   -0.006990,   -0.000010,   -0.001871
   32    -0.012485,   -0.016729,   -0.008589,   -0.000006,   -0.002398
   33    -0.006990,   -0.008588,   -0.003724,    0.000043,   -0.000891
   34    -0.000010,   -0.000006,    0.000043,    0.000064,   -0.000018
   35    -0.001870,   -0.002397,   -0.000891,   -0.000018,   -0.000159
   36    -0.000937,   -0.000955,   -0.000023,   -0.000006,    0.000055
   37    -0.000271,   -0.000322,   -0.000078,    0.000122,   -0.000041
   38    -0.002532,   -0.003134,   -0.001060,   -0.000035,   -0.000159
   39    -0.002976,   -0.003501,   -0.000822,   -0.000010,   -0.000081
   40    -0.000057,   -0.000068,   -0.000002,    0.000018,   -0.000007
   41     0.000182,    0.000236,    0.000116,    0.000004,    0.000016
   42     0.000877,    0.001055,    0.000282,    0.000004,    0.000037
   43     0.000034,    0.000041,   -0.000000,   -0.000026,    0.000007
   44     0.000387,    0.000467,    0.000143,    0.000006,    0.000021
   45     0.076360,    0.089879,    0.025790,    0.000418,    0.004292
   46     0.089879,    0.106760,    0.031033,    0.000508,    0.005030
   47     0.025790,    0.031033,    0.009733,    0.000159,    0.001428
   48     0.000418,    0.000508,    0.000159,    0.000070,    0.000018
   49     0.004292,    0.005030,    0.001428,    0.000018,    0.000293
   50     0.005698,    0.006692,    0.001844,    0.000031,    0.000291
   51     0.000703,    0.000902,    0.000351,    0.000126,    0.000029
   52     0.003610,    0.004279,    0.001167,    0.000007,    0.000300
   53     0.004692,    0.005593,    0.001403,    0.000026,    0.000214
   54     0.000087,    0.000107,    0.000033,    0.000021,    0.000005
   55     0.000855,    0.001017,    0.000277,    0.000002,    0.000060
   56     0.000426,    0.000510,    0.000123,    0.000000,    0.000003
   57     0.000151,    0.000184,    0.000057,    0.000028,    0.000008
   58    -0.000334,   -0.000394,   -0.000109,    0.000001,   -0.000033
   59    -0.008130,   -0.012964,   -0.006110,   -0.001747,    0.000708
   60    -0.013782,   -0.019793,   -0.008263,   -0.002119,    0.000680
   61    -0.005749,   -0.007517,   -0.002788,   -0.000593,    0.000087
   62    -0.000869,   -0.001296,   -0.000547,   -0.000117,    0.000062
   63    -0.000636,   -0.000587,    0.000007,    0.000109,   -0.000068
   64    -0.001784,   -0.002148,   -0.000672,   -0.000010,   -0.000131
   65    -0.001008,   -0.001421,   -0.000559,   -0.000080,    0.000073
   66    -0.001654,   -0.001849,   -0.000333,    0.000107,   -0.000098
   67    -0.003350,   -0.004035,   -0.001243,   -0.000020,   -0.000247
   68    -0.000280,   -0.000314,   -0.000045,    0.000020,   -0.000023
   69     0.000472,    0.000568,    0.000181,    0.000002,    0.000034
   70    -0.000049,   -0.000045,    0.000008,    0.000010,   -0.000011
   71    -0.000664,   -0.000799,   -0.000240,   -0.000004,   -0.000049
   72    -0.000456,   -0.000555,   -0.000150,    0.000004,   -0.000002
   73     0.002473,    0.002833,    0.001063,   -0.000322,    0.000063
   74     0.005418,    0.006619,    0.001847,   -0.000646,    0.000131
   75    -0.010214,   -0.013465,   -0.001963,    0.001012,   -0.000255
   76    -0.013844,   -0.017306,   -0.002917,    0.001001,   -0.000521
   77     0.000637,    0.001753,    0.001262,   -0.000219,   -0.000127
   78     0.012470,    0.015277,    0.002710,   -0.002019,   -0.000362
   79     0.013935,    0.021797,    0.009749,   -0.001832,   -0.000372
   80     0.012760,    0.015291,    0.015504,   -0.000671,    0.000026
   81     0.010926,    0.013064,    0.002449,   -0.001361,   -0.000124
   82     0.011900,    0.017722,    0.007331,   -0.001326,   -0.000187
   83     0.010888,    0.013137,    0.011526,   -0.000450,    0.000173
   84     0.003513,    0.003978,    0.000733,   -0.000323,    0.000028
   85     0.004142,    0.005676,    0.002055,   -0.000266,    0.000010
   86     0.004457,    0.005421,    0.003885,   -0.000124,    0.000144
   87     0.000744,    0.000781,    0.000292,    0.000144,    0.000059
   88     0.002510,    0.003092,    0.001452,   -0.000016,    0.000146
   89     0.000623,    0.001017,    0.000450,   -0.000057,   -0.000028
   90     0.001993,    0.002333,    0.000672,    0.000012,    0.000148
   91    -0.001559,   -0.002157,   -0.000712,   -0.000016,    0.000009
   92     0.001279,    0.001436,    0.000549,    0.000226,    0.000078
   93     0.006571,    0.008131,    0.003109,    0.000007,    0.000444
   94     0.001704,    0.002441,    0.000879,   -0.000085,   -0.000028
   95     0.004950,    0.005796,    0.001670,    0.000031,    0.000367
   96    -0.003714,   -0.004902,   -0.001449,   -0.000103,   -0.000011
   97     0.000537,    0.000717,    0.000206,   -0.000028,    0.000002
   98    -0.001040,   -0.001218,   -0.000351,   -0.000006,   -0.000077
   99    -0.000046,   -0.000078,   -0.000009,    0.000029,   -0.000002
  100     0.000867,    0.001077,    0.000322,    0.000007,    0.000066
  101    -0.000267,   -0.000297,   -0.000063,    0.000021,    0.000004
  102    -0.000471,   -0.000585,   -0.000190,   -0.000003,   -0.000035
  103     0.000813,    0.000949,    0.000295,    0.000039,    0.000013
  104    -0.005182,   -0.005134,   -0.004346,   -0.000014,   -0.000398
  105    -0.004798,   -0.004423,   -0.004880,   -0.000013,   -0.000354
  106    -0.004680,   -0.005357,   -0.003079,    0.000032,   -0.000413
  107     0.000087,    0.000106,    0.000004,   -0.000029,   -0.000020
  108     0.000379,    0.000438,    0.000374,   -0.000022,    0.000002
  109    -0.000150,   -0.000064,   -0.000120,   -0.000016,   -0.000024
  110     0.000326,    0.000381,    0.000072,   -0.000045,   -0.000021
  111     0.000028,    0.000065,    0.000295,   -0.000057,   -0.000055
  112     0.000708,    0.000988,    0.000367,   -0.000024,    0.000049
  113     0.000051,    0.000057,    0.000021,    0.000008,    0.000011
  114     0.000054,    0.000063,    0.000059,   -0.000005,   -0.000002
  115     0.000032,    0.000067,    0.000064,   -0.000011,   -0.000008
  116     0.000108,    0.000124,    0.000024,   -0.000012,   -0.000006
  117     0.000024,    0.000031,    0.000048,   -0.000010,   -0.000004
  118     0.010623,    0.014090,    0.009447,   -0.000454,    0.000112
  119     0.012403,    0.016454,    0.010981,   -0.000553,    0.000126
  120     0.009759,    0.012407,    0.005705,   -0.000094,    0.000390
  121     0.000551,    0.000650,    0.000161,   -0.000026,    0.000014
  122    -0.000147,   -0.000187,   -0.000391,    0.000014,    0.000012
  123    -0.000586,   -0.000827,   -0.000587,    0.000042,    0.000006
  124     0.000589,    0.000688,    0.000160,   -0.000043,   -0.000001
  125     0.000703,    0.000932,    0.000030,   -0.000014,    0.000042
  126     0.000706,    0.000772,    0.000077,    0.000041,    0.000066
  127    -0.000155,   -0.000185,   -0.000049,    0.000007,   -0.000004
  128     0.000001,   -0.000000,    0.000055,   -0.000001,   -0.000002
  129     0.000113,    0.000171,    0.000056,   -0.000007,    0.000001
  130    -0.000221,   -0.000257,   -0.000062,    0.000011,   -0.000003
  131     0.000045,    0.000061,   -0.000015,   -0.000005,    0.000004
  132     0.001320,    0.002948,    0.001819,    0.000096,    0.000102
  133     0.002858,    0.005419,    0.003100,    0.000191,    0.000170
  134    -0.006219,   -0.008355,   -0.003624,   -0.000328,   -0.000184
  135    -0.002496,   -0.003695,   -0.002274,   -0.000355,   -0.000081
  136    -0.001934,   -0.002325,   -0.000750,    0.000060,    0.000040
  137     0.007322,    0.008811,    0.005180,    0.000613,    0.000314
  138    -0.001601,   -0.007217,   -0.002285,    0.000020,    0.000116
  139     0.002309,   -0.001330,   -0.003967,    0.000088,    0.000279
  140     0.006451,    0.007672,    0.004000,    0.000443,    0.000218
  141     0.001456,   -0.001742,   -0.000701,    0.000009,    0.000103
  142     0.002496,    0.000210,   -0.002488,    0.000075,    0.000269
  143     0.001293,    0.001457,    0.000945,    0.000169,    0.000032
  144    -0.001466,   -0.002858,   -0.000889,    0.000045,    0.000018
  145     0.001185,    0.000638,   -0.000749,    0.000039,    0.000130
  146     0.000195,    0.000193,    0.000137,    0.000052,    0.000023
  147     0.000373,    0.000611,    0.000521,   -0.000014,    0.000007
  148     0.000058,    0.000272,    0.000095,   -0.000022,   -0.000004
  149    -0.000132,   -0.000164,   -0.000236,    0.000012,    0.000006
  150    -0.000333,   -0.000587,   -0.000211,    0.000064,    0.000007
  151     0.001435,    0.001662,    0.000512,    0.000079,    0.000050
  152     0.000606,    0.000876,    0.000886,   -0.000033,   -0.000001
  153    -0.001477,   -0.001622,   -0.000416,   -0.000029,   -0.000019
  154    -0.000418,   -0.000493,   -0.000563,    0.000026,    0.000004
  155    -0.000142,   -0.000392,   -0.000215,    0.000121,    0.000022
  156    -0.000143,   -0.000205,   -0.000094,   -0.000005,   -0.000006
  157    -0.000207,   -0.000238,   -0.000161,    0.000005,   -0.000007
  158     0.000076,    0.000093,    0.000038,    0.000013,    0.000004
  159    -0.000021,   -0.000016,   -0.000078,    0.000005,    0.000005
  160    -0.000073,   -0.000112,   -0.000060,    0.000002,   -0.000000
  161    -0.000117,   -0.000139,    0.000004,   -0.000004,   -0.000012
  162     0.000101,    0.000145,    0.000062,   -0.000036,   -0.000007
  163     0.000268,    0.003013,    0.002379,   -0.000154,   -0.000101
  164     0.003013,    0.006931,    0.003895,   -0.000175,   -0.000009
  165     0.002379,    0.003895,    0.002148,   -0.000111,    0.000072
  166     0.000154,    0.000175,    0.000111,    0.000006,    0.000006
  167    -0.000101,   -0.000009,    0.000072,   -0.000006,   -0.000008
  168    -0.000034,    0.000161,    0.000118,   -0.000009,   -0.000010
  169    -0.000779,   -0.000948,   -0.000223,   -0.000004,   -0.000052
  170     0.000143,    0.000231,    0.000091,   -0.000001,    0.000003
  171     0.000385,    0.000620,    0.000148,    0.000003,    0.000015
  172     0.000032,    0.000038,    0.000031,    0.000001,    0.000000
  173     0.000017,    0.000036,    0.000021,    0.000000,    0.000001
  174    -0.000030,   -0.000015,   -0.000004,   -0.000003,   -0.000003
  175     0.000058,    0.000069,    0.000043,   -0.000001,    0.000000
  176     0.000142,    0.000167,    0.000047,    0.000005,    0.000009
  177     0.000959,   -0.000481,    0.000456,    0.000268,    0.000124
  178    -0.002595,   -0.005142,   -0.000650,    0.000378,    0.000108
  179     0.000670,    0.000198,    0.000284,    0.000200,    0.000057
  180    -0.000008,    0.000147,    0.000016,   -0.000005,   -0.000007
  181    -0.000081,   -0.000063,   -0.000064,   -0.000020,   -0.000007
  182     0.000095,    0.000052,   -0.000038,    0.000002,    0.000009
  183     0.001201,    0.001611,    0.000446,    0.000009,    0.000011
  184     0.000719,    0.000833,    0.000170,   -0.000016,    0.000007
  185     0.000142,    0.000054,   -0.000065,    0.000002,    0.000012
  186    -0.000035,   -0.000050,   -0.000009,    0.000004,    0.000001
  187    -0.000018,   -0.000005,    0.000016,   -0.000001,   -0.000002
  188     0.000014,    0.000027,    0.000006,   -0.000002,   -0.000001
  189    -0.000070,   -0.000061,   -0.000008,   -0.000000,   -0.000005
  190    -0.000045,   -0.000088,   -0.000034,   -0.000008,   -0.000002
  191    -0.000373,   -0.000676,   -0.001973,   -0.000058,   -0.000013
  192    -0.000684,   -0.001042,   -0.002447,   -0.000076,   -0.000119
  193    -0.001974,   -0.002445,   -0.001721,   -0.000051,   -0.000139
  194     0.000058,    0.000076,    0.000051,    0.000008,    0.000002
  195    -0.000013,   -0.000118,   -0.000139,   -0.000002,    0.000003
  196     0.000010,   -0.000026,    0.000090,    0.000005,    0.000001
  197     0.000658,    0.000818,    0.000362,    0.000003,    0.000053
  198     0.000049,   -0.000100,   -0.000095,   -0.000005,   -0.000007
  199     0.000161,    0.000102,    0.000038,    0.000006,    0.000031
  200     0.000034,    0.000046,    0.000019,    0.000002,    0.000002
  201     0.000042,    0.000070,    0.000041,   -0.000000,    0.000003
  202    -0.000016,    0.000019,    0.000008,   -0.000002,   -0.000001
  203    -0.000069,   -0.000090,   -0.000041,   -0.000000,   -0.000002
  204    -0.000081,   -0.000077,   -0.000020,    0.000004,   -0.000006
                50,          51,          52,          53,          54
    0    -0.002592,   -0.000193,   -0.005142,   -0.007384,   -0.000026
    1    -0.004708,   -0.000254,   -0.007824,   -0.011228,   -0.000042
    2     0.006124,   -0.000064,    0.004928,    0.007048,    0.000031
    3     0.005198,   -0.000146,    0.004079,    0.006170,   -0.000000
    4     0.000942,   -0.000313,    0.000277,    0.000868,   -0.000048
    5    -0.000180,    0.008018,   -0.001241,   -0.000550,    0.001279
    6    -0.008250,   -0.001443,    0.001867,   -0.009297,   -0.000124
    7    -0.006662,   -0.001326,   -0.008769,   -0.002531,   -0.000229
    8     0.000249,    0.005207,   -0.000633,    0.000162,    0.000831
    9    -0.005256,   -0.001070,    0.001418,   -0.005809,   -0.000107
   10    -0.004542,   -0.000886,   -0.005948,   -0.001697,   -0.000151
   11     0.000219,    0.001358,   -0.000233,    0.000174,    0.000215
   12    -0.001471,   -0.000373,    0.000386,   -0.001646,   -0.000040
   13    -0.001297,   -0.000240,   -0.001651,   -0.000445,   -0.000036
   14    -0.000003,    0.000347,   -0.000031,   -0.000016,    0.000057
   15     0.000272,    0.000058,    0.000322,    0.000077,    0.000004
   16     0.000288,    0.000005,   -0.000073,    0.000322,   -0.000003
   17     0.000018,    0.000002,   -0.000012,   -0.000021,   -0.000005
   18    -0.000177,    0.000037,    0.000038,   -0.000197,    0.000007
   19     0.000029,    0.000284,    0.000053,    0.000046,    0.000050
   20     0.000265,    0.000055,    0.000254,    0.000029,   -0.000005
   21     0.000157,   -0.000024,   -0.000118,    0.000137,   -0.000004
   22     0.000007,   -0.000000,   -0.000074,   -0.000060,   -0.000012
   23    -0.000074,    0.000098,    0.000054,   -0.000059,    0.000014
   24     0.000024,    0.000057,    0.000050,    0.000017,    0.000010
   25    -0.000013,   -0.000001,   -0.000036,   -0.000019,   -0.000003
   26    -0.000050,   -0.000010,   -0.000035,   -0.000035,   -0.000002
   27     0.000010,    0.000003,    0.000030,    0.000016,    0.000003
   28     0.000002,   -0.000053,   -0.000018,   -0.000002,   -0.000009
   29     0.000006,   -0.000002,   -0.000001,   -0.000006,   -0.000001
   30     0.000026,    0.000021,   -0.000015,    0.000027,    0.000002
   31     0.000935,   -0.000270,   -0.002534,    0.002974,   -0.000056
   32     0.000953,   -0.000320,   -0.003136,    0.003498,   -0.000067
   33     0.000022,   -0.000078,   -0.001060,    0.000821,   -0.000002
   34     0.000006,    0.000122,   -0.000035,    0.000010,    0.000018
   35    -0.000055,   -0.000041,   -0.000159,    0.000081,   -0.000007
   36    -0.000194,    0.000008,    0.000118,   -0.000339,    0.000003
   37    -0.000008,    0.000216,   -0.000065,    0.000002,    0.000035
   38    -0.000118,   -0.000065,   -0.000106,    0.000037,   -0.000011
   39    -0.000339,   -0.000002,   -0.000037,   -0.000478,    0.000003
   40    -0.000003,    0.000035,   -0.000011,   -0.000003,    0.000005
   41    -0.000006,    0.000010,    0.000008,   -0.000042,    0.000002
   42     0.000079,    0.000003,    0.000025,    0.000089,    0.000000
   43    -0.000000,   -0.000050,    0.000012,   -0.000003,   -0.000008
   44     0.000023,    0.000009,    0.000011,    0.000005,    0.000002
   45     0.005698,    0.000703,    0.003610,    0.004692,    0.000087
   46     0.006692,    0.000902,    0.004279,    0.005593,    0.000107
   47     0.001844,    0.000351,    0.001167,    0.001403,    0.000033
   48     0.000031,    0.000126,    0.000007,    0.000026,    0.000021
   49     0.000291,    0.000029,    0.000300,    0.000214,    0.000005
   50     0.000461,    0.000046,    0.000230,    0.000437,    0.000005
   51     0.000046,    0.000252,    0.000010,    0.000033,    0.000037
   52     0.000230,    0.000010,    0.000374,    0.000187,    0.000004
   53     0.000437,    0.000033,    0.000187,    0.000535,    0.000003
   54     0.000005,    0.000037,    0.000004,    0.000003,    0.000006
   55     0.000064,    0.000003,    0.000070,    0.000065,    0.000000
   56     0.000053,   -0.000002,   -0.000011,    0.000077,   -0.000001
   57     0.000011,    0.000053,    0.000005,    0.000010,    0.000008
   58    -0.000018,    0.000004,   -0.000045,   -0.000011,   -0.000000
   59    -0.000845,   -0.003194,    0.001905,   -0.000728,   -0.000478
   60    -0.001359,   -0.003871,    0.002198,   -0.001180,   -0.000574
   61    -0.000558,   -0.001052,    0.000519,   -0.000521,   -0.000160
   62    -0.000090,   -0.000215,    0.000181,   -0.000074,   -0.000031
   63    -0.000064,    0.000204,   -0.000105,   -0.000094,    0.000032
   64    -0.000100,   -0.000019,   -0.000132,   -0.000037,   -0.000003
   65    -0.000094,   -0.000152,    0.000222,   -0.000048,   -0.000018
   66    -0.000174,    0.000210,   -0.000120,   -0.000246,    0.000033
   67    -0.000189,   -0.000037,   -0.000253,   -0.000074,   -0.000007
   68    -0.000030,    0.000039,   -0.000036,   -0.000050,    0.000006
   69     0.000026,    0.000005,    0.000034,    0.000009,    0.000001
   70    -0.000006,    0.000018,   -0.000023,   -0.000015,    0.000003
   71    -0.000038,   -0.000007,   -0.000051,   -0.000015,   -0.000002
   72    -0.000046,    0.000009,    0.000025,   -0.000047,    0.000002
   73     0.000252,   -0.001085,   -0.000464,    0.000550,   -0.000206
   74     0.000570,   -0.001886,   -0.000619,    0.001100,   -0.000364
   75    -0.001122,    0.002077,   -0.000019,   -0.001765,    0.000425
   76    -0.001470,    0.002075,   -0.000379,   -0.002227,    0.000413
   77     0.000058,   -0.000473,   -0.000199,    0.000078,   -0.000069
   78     0.001575,   -0.003663,   -0.001827,    0.001651,   -0.000628
   79     0.001280,   -0.003706,   -0.000815,    0.001315,   -0.000561
   80     0.000490,    0.000094,   -0.001491,   -0.001420,   -0.000307
   81     0.001310,   -0.002495,   -0.001134,    0.001414,   -0.000426
   82     0.001106,   -0.002700,   -0.000567,    0.001181,   -0.000418
   83     0.000455,    0.000126,   -0.000858,   -0.000911,   -0.000206
   84     0.000392,   -0.000600,   -0.000215,    0.000412,   -0.000101
   85     0.000389,   -0.000532,   -0.000095,    0.000424,   -0.000084
   86     0.000205,    0.000073,   -0.000149,   -0.000226,   -0.000057
   87     0.000055,    0.000240,    0.000087,    0.000061,    0.000042
   88     0.000131,    0.000061,    0.000095,    0.000002,   -0.000008
   89     0.000059,   -0.000114,   -0.000061,    0.000064,   -0.000019
   90     0.000113,   -0.000011,    0.000143,    0.000028,    0.000003
   91    -0.000154,   -0.000038,    0.000074,   -0.000184,   -0.000001
   92     0.000104,    0.000376,    0.000100,    0.000120,    0.000065
   93     0.000358,    0.000178,    0.000416,    0.000128,    0.000003
   94     0.000164,   -0.000175,   -0.000120,    0.000183,   -0.000033
   95     0.000281,   -0.000027,    0.000355,    0.000069,    0.000008
   96    -0.000369,   -0.000220,    0.000147,   -0.000445,   -0.000020
   97     0.000053,   -0.000056,   -0.000018,    0.000063,   -0.000011
   98    -0.000059,    0.000006,   -0.000075,   -0.000015,   -0.000002
   99    -0.000006,    0.000058,   -0.000007,   -0.000012,    0.000010
  100     0.000049,    0.000026,    0.000076,    0.000032,    0.000003
  101    -0.000029,    0.000040,    0.000033,   -0.000023,    0.000007
  102    -0.000026,   -0.000014,   -0.000038,   -0.000015,   -0.000001
  103     0.000081,    0.000057,   -0.000029,    0.000081,    0.000010
  104    -0.000139,   -0.000587,    0.000015,    0.000531,    0.000049
  105    -0.000050,   -0.000667,    0.000210,    0.000802,    0.000061
  106    -0.000132,   -0.000216,   -0.000308,    0.000288,    0.000022
  107     0.000024,   -0.000050,   -0.000048,    0.000034,   -0.000009
  108     0.000022,   -0.000009,   -0.000042,   -0.000018,   -0.000011
  109     0.000001,   -0.000062,   -0.000002,    0.000032,   -0.000001
  110     0.000045,   -0.000082,   -0.000074,    0.000044,   -0.000014
  111     0.000009,   -0.000094,   -0.000129,   -0.000023,   -0.000024
  112     0.000039,   -0.000036,    0.000084,    0.000024,   -0.000001
  113    -0.000001,    0.000014,    0.000020,   -0.000004,    0.000003
  114     0.000003,   -0.000006,   -0.000012,   -0.000002,   -0.000003
  115     0.000004,   -0.000019,   -0.000014,   -0.000000,   -0.000003
  116     0.000015,   -0.000021,   -0.000021,    0.000016,   -0.000004
  117     0.000002,   -0.000017,   -0.000012,   -0.000003,   -0.000004
  118     0.000586,   -0.000325,   -0.000517,   -0.000274,   -0.000152
  119     0.000721,   -0.000404,   -0.000576,   -0.000224,   -0.000186
  120     0.000613,    0.000124,    0.000133,    0.000226,   -0.000037
  121     0.000050,   -0.000052,   -0.000015,    0.000041,   -0.000008
  122     0.000004,   -0.000010,    0.000050,    0.000063,    0.000005
  123    -0.000033,    0.000051,    0.000042,    0.000017,    0.000012
  124     0.000060,   -0.000084,   -0.000055,    0.000048,   -0.000014
  125     0.000059,   -0.000060,    0.000056,    0.000093,   -0.000004
  126     0.000043,    0.000080,    0.000060,    0.000043,    0.000009
  127    -0.000012,    0.000015,    0.000005,   -0.000006,    0.000002
  128    -0.000002,    0.000005,   -0.000006,   -0.000012,   -0.000000
  129     0.000009,   -0.000016,    0.000003,    0.000010,   -0.000002
  130    -0.000022,    0.000022,    0.000013,   -0.000018,    0.000004
  131     0.000004,   -0.000015,    0.000007,    0.000010,   -0.000001
  132     0.000106,   -0.000009,    0.000229,    0.000486,    0.000018
  133     0.000234,    0.000030,    0.000365,    0.000793,    0.000039
  134    -0.000543,   -0.000241,   -0.000279,   -0.000826,   -0.000075
  135    -0.000184,   -0.000377,   -0.000228,   -0.000345,   -0.000100
  136    -0.000204,    0.000163,    0.000232,   -0.000181,    0.000024
  137     0.000479,    0.000342,    0.000353,    0.000184,    0.000142
  138    -0.000049,   -0.000754,   -0.000646,   -0.000791,    0.000021
  139     0.000194,   -0.001988,   -0.000105,   -0.000846,   -0.000025
  140     0.000474,    0.000271,    0.000134,    0.000260,    0.000103
  141     0.000216,   -0.000523,   -0.000531,   -0.000266,    0.000004
  142     0.000187,   -0.001342,    0.000028,   -0.000534,   -0.000011
  143     0.000086,    0.000159,   -0.000020,   -0.000003,    0.000044
  144    -0.000131,   -0.000063,   -0.000072,   -0.000291,    0.000017
  145     0.000085,   -0.000373,    0.000095,   -0.000105,    0.000005
  146     0.000008,    0.000063,    0.000038,   -0.000000,    0.000013
  147     0.000014,    0.000083,   -0.000004,    0.000014,   -0.000004
  148     0.000001,   -0.000018,    0.000026,    0.000029,   -0.000008
  149    -0.000004,   -0.000004,    0.000031,    0.000024,    0.000005
  150    -0.000031,    0.000110,    0.000004,   -0.000049,    0.000020
  151     0.000129,    0.000110,    0.000017,    0.000140,    0.000018
  152     0.000022,    0.000078,   -0.000055,   -0.000030,   -0.000013
  153    -0.000151,   -0.000033,    0.000081,   -0.000138,   -0.000006
  154    -0.000015,    0.000001,    0.000064,    0.000058,    0.000012
  155    -0.000013,    0.000229,    0.000021,   -0.000020,    0.000036
  156    -0.000011,   -0.000002,   -0.000013,   -0.000016,   -0.000001
  157    -0.000010,    0.000003,    0.000007,    0.000013,    0.000003
  158     0.000006,    0.000021,    0.000006,    0.000008,    0.000004
  159     0.000000,    0.000004,    0.000017,    0.000014,    0.000002
  160    -0.000005,    0.000009,   -0.000000,   -0.000005,    0.000001
  161    -0.000008,   -0.000000,   -0.000019,   -0.000009,   -0.000002
  162     0.000011,   -0.000073,   -0.000019,    0.000007,   -0.000011
  163    -0.000034,    0.000779,    0.000143,    0.000385,   -0.000032
  164     0.000161,    0.000948,    0.000231,    0.000620,   -0.000038
  165     0.000118,    0.000223,    0.000091,    0.000148,   -0.000031
  166     0.000009,   -0.000004,    0.000001,   -0.000003,    0.000001
  167    -0.000010,    0.000052,    0.000003,    0.000015,   -0.000000
  168    -0.000006,    0.000053,    0.000013,    0.000025,   -0.000002
  169    -0.000053,   -0.000041,   -0.000047,   -0.000045,   -0.000002
  170     0.000013,    0.000047,    0.000003,    0.000032,    0.000001
  171     0.000025,    0.000045,    0.000032,    0.000039,    0.000001
  172     0.000002,   -0.000002,   -0.000001,   -0.000001,   -0.000000
  173     0.000000,    0.000012,    0.000003,    0.000002,    0.000000
  174    -0.000003,   -0.000003,    0.000001,   -0.000003,   -0.000001
  175     0.000004,   -0.000008,   -0.000002,    0.000001,   -0.000001
  176     0.000009,    0.000005,    0.000009,    0.000004,    0.000001
  177     0.000047,    0.000089,   -0.000066,   -0.000303,    0.000073
  178    -0.000318,    0.000213,    0.000069,   -0.000765,    0.000115
  179     0.000048,    0.000218,   -0.000018,   -0.000062,    0.000056
  180     0.000000,    0.000021,    0.000013,    0.000032,   -0.000001
  181    -0.000003,   -0.000020,   -0.000008,    0.000010,   -0.000005
  182     0.000006,   -0.000029,    0.000003,   -0.000011,   -0.000000
  183     0.000117,    0.000033,   -0.000023,    0.000155,   -0.000001
  184     0.000078,   -0.000026,   -0.000039,    0.000090,   -0.000006
  185     0.000009,   -0.000056,   -0.000002,   -0.000025,   -0.000001
  186    -0.000004,    0.000005,    0.000004,   -0.000007,    0.000001
  187    -0.000001,    0.000008,   -0.000001,    0.000003,   -0.000000
  188     0.000002,   -0.000002,   -0.000001,    0.000004,   -0.000001
  189    -0.000004,    0.000011,   -0.000002,    0.000005,    0.000000
  190    -0.000003,   -0.000018,   -0.000008,   -0.000009,   -0.000002
  191    -0.000010,   -0.000657,    0.000052,   -0.000159,   -0.000034
  192     0.000025,   -0.000818,   -0.000098,   -0.000100,   -0.000046
  193    -0.000090,   -0.000362,   -0.000094,   -0.000038,   -0.000018
  194     0.000005,    0.000003,    0.000005,    0.000006,    0.000002
  195    -0.000001,   -0.000052,   -0.000007,   -0.000031,   -0.000002
  196     0.000002,    0.000027,   -0.000009,    0.000007,    0.000002
  197     0.000028,   -0.000008,    0.000061,   -0.000007,    0.000001
  198     0.000009,   -0.000061,   -0.000042,   -0.000034,   -0.000004
  199     0.000007,   -0.000007,    0.000034,    0.000002,    0.000003
  200     0.000002,    0.000001,    0.000004,    0.000003,    0.000001
  201     0.000003,    0.000007,    0.000005,    0.000007,    0.000000
  202    -0.000003,    0.000005,    0.000006,    0.000003,   -0.000000
  203    -0.000005,    0.000004,   -0.000002,   -0.000005,    0.000000
  204    -0.000004,    0.000015,   -0.000003,    0.000007,    0.000001
                55,          56,          57,          58,          59
    0    -0.001569,   -0.000924,   -0.000206,    0.000637,   -0.017300
    1    -0.002340,   -0.001377,   -0.000293,    0.000944,   -0.036930
    2     0.001281,    0.000754,    0.000090,   -0.000490,    0.067666
    3     0.001081,    0.000690,    0.000051,   -0.000405,    0.053758
    4     0.000101,    0.000131,   -0.000053,   -0.000005,    0.008791
    5    -0.000246,   -0.000135,    0.001758,    0.000193,   -0.113217
    6    -0.000278,   -0.001915,   -0.000290,   -0.000519,    0.087917
    7    -0.001462,    0.000649,   -0.000279,    0.001035,    0.000053
    8    -0.000088,   -0.000005,    0.001154,    0.000110,   -0.073345
    9    -0.000136,   -0.001223,   -0.000222,   -0.000361,    0.060554
   10    -0.000994,    0.000439,   -0.000187,    0.000705,    0.000037
   11    -0.000030,    0.000031,    0.000299,    0.000040,   -0.020729
   12    -0.000036,   -0.000343,   -0.000069,   -0.000098,    0.018451
   13    -0.000281,    0.000120,   -0.000048,    0.000197,    0.000011
   14    -0.000007,   -0.000006,    0.000074,    0.000003,   -0.004838
   15     0.000058,   -0.000023,    0.000007,   -0.000037,    0.000002
   16     0.000007,    0.000069,   -0.000001,    0.000017,   -0.002780
   17     0.000002,    0.000002,   -0.000003,    0.000001,   -0.000002
   18    -0.000003,   -0.000044,    0.000012,   -0.000006,    0.001558
   19     0.000015,    0.000001,    0.000065,   -0.000011,   -0.003267
   20     0.000053,   -0.000015,    0.000000,   -0.000029,    0.000001
   21    -0.000009,    0.000042,   -0.000002,    0.000018,   -0.002230
   22    -0.000003,    0.000008,   -0.000009,    0.000009,   -0.000001
   23     0.000010,   -0.000024,    0.000028,    0.000000,    0.000944
   24     0.000009,   -0.000004,    0.000014,   -0.000006,    0.000368
   25    -0.000004,    0.000003,   -0.000003,    0.000005,   -0.000000
   26    -0.000007,   -0.000002,   -0.000002,    0.000004,   -0.000585
   27     0.000003,   -0.000003,    0.000002,   -0.000003,   -0.000001
   28    -0.000004,    0.000003,   -0.000012,    0.000002,    0.000278
   29     0.000001,    0.000000,   -0.000001,   -0.000000,    0.000000
   30     0.000001,    0.000005,    0.000006,    0.000006,   -0.000292
   31    -0.000184,    0.000877,   -0.000034,    0.000386,   -0.008132
   32    -0.000238,    0.001055,   -0.000040,    0.000467,   -0.012966
   33    -0.000117,    0.000282,    0.000000,    0.000143,   -0.006109
   34    -0.000004,    0.000004,    0.000026,    0.000006,   -0.001746
   35    -0.000016,    0.000037,   -0.000007,    0.000021,    0.000707
   36    -0.000006,   -0.000079,   -0.000000,   -0.000023,    0.000846
   37    -0.000010,    0.000003,    0.000050,    0.000009,   -0.003195
   38    -0.000008,    0.000026,   -0.000012,    0.000011,    0.001904
   39    -0.000042,   -0.000089,   -0.000003,   -0.000005,    0.000731
   40    -0.000002,    0.000000,    0.000008,    0.000002,   -0.000479
   41    -0.000003,   -0.000010,    0.000001,   -0.000001,   -0.000282
   42     0.000010,    0.000014,    0.000001,   -0.000001,   -0.000286
   43     0.000001,   -0.000001,   -0.000011,   -0.000002,    0.000667
   44     0.000001,   -0.000001,    0.000002,   -0.000001,   -0.000292
   45     0.000855,    0.000426,    0.000151,   -0.000334,   -0.008130
   46     0.001017,    0.000510,    0.000184,   -0.000394,   -0.012964
   47     0.000277,    0.000123,    0.000057,   -0.000109,   -0.006110
   48     0.000002,    0.000000,    0.000028,    0.000001,   -0.001747
   49     0.000060,    0.000003,    0.000008,   -0.000033,    0.000708
   50     0.000064,    0.000053,    0.000011,   -0.000018,   -0.000845
   51     0.000003,   -0.000002,    0.000053,    0.000004,   -0.003194
   52     0.000070,   -0.000011,    0.000005,   -0.000045,    0.001905
   53     0.000065,    0.000077,    0.000010,   -0.000011,   -0.000728
   54     0.000000,   -0.000001,    0.000008,   -0.000000,   -0.000478
   55     0.000016,    0.000004,    0.000001,   -0.000008,    0.000283
   56     0.000004,    0.000016,   -0.000000,    0.000003,   -0.000285
   57     0.000001,   -0.000000,    0.000012,    0.000000,   -0.000667
   58    -0.000008,    0.000003,    0.000000,    0.000006,   -0.000292
   59     0.000283,   -0.000285,   -0.000667,   -0.000292,    0.075814
   60     0.000324,   -0.000381,   -0.000793,   -0.000350,    0.090239
   61     0.000061,   -0.000137,   -0.000220,   -0.000083,    0.024294
   62     0.000027,   -0.000029,   -0.000044,   -0.000029,    0.005989
   63    -0.000025,   -0.000010,    0.000043,    0.000013,   -0.003930
   64    -0.000022,    0.000010,   -0.000004,    0.000016,   -0.000002
   65     0.000041,   -0.000027,   -0.000025,   -0.000036,    0.005511
   66    -0.000041,   -0.000039,    0.000040,    0.000012,   -0.003369
   67    -0.000042,    0.000019,   -0.000008,    0.000030,   -0.000002
   68    -0.000010,   -0.000006,    0.000007,    0.000004,   -0.000812
   69     0.000006,   -0.000002,    0.000001,   -0.000004,    0.000000
   70    -0.000005,   -0.000001,    0.000003,    0.000003,   -0.000502
   71    -0.000008,    0.000004,   -0.000002,    0.000006,   -0.000000
   72     0.000001,   -0.000011,    0.000002,   -0.000005,    0.000448
   73    -0.000024,    0.000197,   -0.000247,    0.000015,    0.003370
   74    -0.000031,    0.000334,   -0.000425,    0.000019,    0.007368
   75    -0.000018,   -0.000339,    0.000451,    0.000004,   -0.014282
   76    -0.000130,   -0.000397,    0.000450,    0.000044,   -0.018250
   77    -0.000035,    0.000063,   -0.000130,    0.000001,   -0.001773
   78    -0.000083,    0.000574,   -0.000717,    0.000383,    0.016470
   79    -0.000153,    0.000498,   -0.000995,   -0.000027,    0.001827
   80    -0.000006,    0.000189,   -0.000218,    0.000185,   -0.000006
   81    -0.000018,    0.000434,   -0.000483,    0.000250,    0.011816
   82    -0.000096,    0.000396,   -0.000723,   -0.000014,    0.001861
   83     0.000024,    0.000117,   -0.000143,    0.000114,   -0.000001
   84     0.000008,    0.000111,   -0.000115,    0.000054,    0.003706
   85    -0.000007,    0.000111,   -0.000149,    0.000001,   -0.000338
   86     0.000024,    0.000026,   -0.000038,    0.000025,   -0.000001
   87     0.000014,   -0.000000,    0.000052,   -0.000018,   -0.002255
   88     0.000026,   -0.000004,   -0.000003,   -0.000005,   -0.000001
   89    -0.000011,    0.000023,   -0.000033,    0.000004,   -0.000842
   90     0.000023,   -0.000010,    0.000004,   -0.000022,   -0.000001
   91     0.000006,   -0.000040,    0.000001,   -0.000016,    0.002908
   92     0.000019,    0.000009,    0.000082,   -0.000022,   -0.004314
   93     0.000080,   -0.000029,    0.000009,   -0.000031,   -0.000000
   94    -0.000019,    0.000052,   -0.000053,    0.000014,   -0.001817
   95     0.000058,   -0.000026,    0.000010,   -0.000055,   -0.000002
   96     0.000006,   -0.000087,   -0.000031,   -0.000042,    0.006978
   97    -0.000003,    0.000015,   -0.000015,    0.000002,   -0.000119
   98    -0.000012,    0.000005,   -0.000002,    0.000012,    0.000000
   99    -0.000000,   -0.000003,    0.000013,    0.000003,   -0.000574
  100     0.000012,   -0.000006,    0.000003,   -0.000006,   -0.000001
  101     0.000003,   -0.000009,    0.000008,   -0.000006,   -0.000019
  102    -0.000006,    0.000003,   -0.000001,    0.000003,    0.000000
  103     0.000002,    0.000019,    0.000015,    0.000004,   -0.001589
  104    -0.000086,    0.000039,   -0.000085,   -0.000037,   -0.004600
  105    -0.000062,    0.000052,   -0.000090,   -0.000061,   -0.004307
  106    -0.000076,    0.000068,   -0.000015,    0.000024,   -0.003471
  107    -0.000004,    0.000013,   -0.000010,    0.000009,    0.000087
  108     0.000000,    0.000009,   -0.000007,    0.000006,    0.000168
  109    -0.000006,    0.000005,   -0.000013,   -0.000003,   -0.000283
  110    -0.000006,    0.000018,   -0.000016,    0.000014,    0.000040
  111    -0.000017,    0.000021,   -0.000028,    0.000012,   -0.000035
  112     0.000012,   -0.000004,   -0.000012,   -0.000012,    0.000281
  113     0.000002,   -0.000003,    0.000003,   -0.000003,    0.000003
  114    -0.000001,    0.000002,   -0.000002,    0.000001,    0.000016
  115    -0.000002,    0.000003,   -0.000006,    0.000001,   -0.000045
  116    -0.000002,    0.000006,   -0.000004,    0.000004,   -0.000010
  117    -0.000001,    0.000002,   -0.000005,    0.000001,    0.000097
  118    -0.000002,    0.000133,   -0.000220,    0.000051,   -0.004606
  119     0.000016,    0.000176,   -0.000258,    0.000058,   -0.004321
  120     0.000066,    0.000055,   -0.000045,    0.000006,   -0.003477
  121     0.000002,    0.000010,   -0.000009,    0.000004,    0.000087
  122     0.000002,   -0.000002,    0.000005,   -0.000005,    0.000168
  123     0.000003,   -0.000011,    0.000021,   -0.000003,    0.000283
  124    -0.000003,    0.000017,   -0.000015,    0.000011,    0.000039
  125     0.000001,    0.000003,   -0.000012,   -0.000006,   -0.000033
  126     0.000009,   -0.000008,    0.000020,   -0.000001,   -0.000279
  127    -0.000000,   -0.000002,    0.000003,   -0.000001,    0.000003
  128     0.000000,   -0.000000,    0.000000,    0.000001,   -0.000016
  129    -0.000000,    0.000002,   -0.000004,   -0.000001,   -0.000045
  130     0.000000,   -0.000005,    0.000004,   -0.000003,    0.000010
  131     0.000000,    0.000000,   -0.000003,   -0.000001,    0.000097
  132    -0.000005,    0.000045,   -0.000027,   -0.000080,   -0.002729
  133     0.000002,    0.000085,   -0.000023,   -0.000131,   -0.006067
  134    -0.000043,   -0.000141,   -0.000071,    0.000111,    0.012823
  135    -0.000021,   -0.000053,   -0.000101,    0.000097,    0.011110
  136     0.000020,   -0.000067,    0.000024,   -0.000034,    0.002806
  137    -0.000011,    0.000118,    0.000041,   -0.000298,   -0.018706
  138     0.000019,    0.000061,    0.000112,   -0.000041,    0.005710
  139    -0.000056,    0.000025,   -0.000030,   -0.000317,    0.000002
  140    -0.000014,    0.000114,    0.000040,   -0.000181,   -0.014944
  141     0.000009,    0.000100,    0.000066,   -0.000007,    0.001364
  142    -0.000025,    0.000009,   -0.000015,   -0.000227,    0.000001
  143    -0.000013,    0.000023,    0.000035,   -0.000042,   -0.005366
  144     0.000000,   -0.000023,    0.000039,   -0.000019,    0.001710
  145     0.000002,   -0.000006,    0.000002,   -0.000075,    0.000001
  146     0.000002,   -0.000001,    0.000013,   -0.000016,   -0.000849
  147     0.000005,    0.000001,   -0.000002,    0.000014,   -0.000000
  148    -0.000001,   -0.000001,   -0.000014,   -0.000001,    0.000219
  149     0.000001,   -0.000004,    0.000004,   -0.000004,   -0.000000
  150     0.000002,   -0.000011,    0.000032,   -0.000001,   -0.000569
  151     0.000006,    0.000024,    0.000023,   -0.000007,   -0.002153
  152     0.000003,    0.000007,   -0.000008,    0.000019,   -0.000002
  153    -0.000000,   -0.000036,   -0.000014,   -0.000015,    0.001886
  154     0.000001,   -0.000008,    0.000009,   -0.000007,   -0.000001
  155     0.000006,   -0.000013,    0.000058,    0.000002,   -0.001470
  156    -0.000001,   -0.000002,    0.000001,    0.000004,    0.000188
  157    -0.000001,   -0.000001,    0.000002,   -0.000000,    0.000000
  158     0.000001,    0.000001,    0.000005,   -0.000002,   -0.000301
  159     0.000001,   -0.000002,    0.000002,   -0.000001,   -0.000000
  160     0.000001,   -0.000002,    0.000003,    0.000002,    0.000105
  161    -0.000002,    0.000002,   -0.000001,    0.000002,   -0.000000
  162    -0.000002,    0.000006,   -0.000016,    0.000001,    0.000377
  163     0.000017,   -0.000030,   -0.000058,    0.000142,    0.000959
  164     0.000036,   -0.000015,   -0.000069,    0.000167,   -0.000481
  165     0.000021,   -0.000004,   -0.000043,    0.000047,    0.000456
  166    -0.000000,    0.000003,   -0.000001,   -0.000005,   -0.000268
  167     0.000001,   -0.000003,   -0.000000,    0.000009,    0.000124
  168     0.000000,   -0.000003,   -0.000004,    0.000009,    0.000047
  169    -0.000012,    0.000003,   -0.000008,   -0.000005,   -0.000089
  170     0.000003,    0.000001,    0.000002,    0.000009,   -0.000066
  171     0.000002,   -0.000003,   -0.000001,    0.000004,   -0.000303
  172    -0.000000,    0.000001,   -0.000001,   -0.000001,   -0.000073
  173     0.000001,   -0.000001,    0.000001,    0.000002,   -0.000002
  174    -0.000001,   -0.000001,   -0.000002,   -0.000000,    0.000020
  175    -0.000001,    0.000002,   -0.000002,   -0.000002,   -0.000077
  176     0.000002,   -0.000000,    0.000002,   -0.000002,   -0.000095
  177    -0.000002,    0.000020,    0.000077,   -0.000095,   -0.004282
  178     0.000001,   -0.000066,    0.000125,   -0.000150,   -0.002826
  179     0.000003,    0.000010,    0.000073,   -0.000033,   -0.003868
  180     0.000000,   -0.000002,   -0.000001,    0.000006,   -0.000050
  181     0.000000,   -0.000000,   -0.000004,    0.000007,    0.000389
  182    -0.000000,    0.000000,   -0.000000,   -0.000005,    0.000000
  183    -0.000001,    0.000025,   -0.000001,    0.000012,   -0.001424
  184     0.000001,    0.000019,   -0.000003,    0.000012,   -0.000268
  185    -0.000001,    0.000001,   -0.000001,   -0.000009,   -0.000000
  186     0.000000,   -0.000001,    0.000001,   -0.000001,   -0.000009
  187     0.000000,    0.000000,    0.000000,    0.000001,   -0.000000
  188    -0.000000,    0.000000,   -0.000001,    0.000001,    0.000002
  189    -0.000000,   -0.000000,    0.000000,    0.000002,    0.000000
  190    -0.000000,    0.000000,   -0.000002,    0.000001,    0.000197
  191    -0.000041,   -0.000016,   -0.000069,   -0.000081,    0.000961
  192    -0.000070,    0.000019,   -0.000090,   -0.000077,   -0.000480
  193    -0.000041,    0.000008,   -0.000041,   -0.000020,    0.000460
  194    -0.000000,    0.000002,    0.000000,   -0.000004,   -0.000268
  195    -0.000002,   -0.000001,   -0.000002,   -0.000007,    0.000124
  196     0.000003,    0.000003,    0.000005,    0.000004,   -0.000047
  197     0.000007,   -0.000005,   -0.000004,   -0.000015,   -0.000088
  198    -0.000005,    0.000006,   -0.000002,   -0.000003,   -0.000067
  199     0.000007,   -0.000003,    0.000005,   -0.000007,    0.000303
  200     0.000000,    0.000000,   -0.000000,   -0.000001,   -0.000073
  201     0.000001,    0.000000,   -0.000000,    0.000000,    0.000002
  202    -0.000000,   -0.000001,   -0.000001,    0.000001,    0.000020
  203     0.000000,   -0.000001,    0.000001,    0.000002,    0.000077
  204    -0.000000,    0.000001,    0.000002,    0.000002,   -0.000095
                60,          61,          62,          63,          64
    0    -0.031884,   -0.006892,   -0.002685,    0.001867,    0.000001
    1    -0.056085,   -0.011499,   -0.004836,    0.003407,    0.000002
    2     0.067485,    0.011623,    0.006188,   -0.004527,   -0.000002
    3     0.052893,    0.009119,    0.004890,   -0.003745,   -0.000002
    4     0.009154,    0.001649,    0.000570,   -0.000763,   -0.000000
    5    -0.136091,   -0.037601,   -0.007447,    0.007559,    0.000005
    6     0.111069,    0.032841,    0.008456,   -0.001344,   -0.000003
    7     0.000056,    0.000021,    0.000005,   -0.000003,    0.005013
    8    -0.087942,   -0.024616,   -0.004812,    0.004775,    0.000003
    9     0.075527,    0.022354,    0.005775,   -0.001094,   -0.000002
   10     0.000039,    0.000014,    0.000004,   -0.000002,    0.003417
   11    -0.025144,   -0.007124,   -0.001417,    0.001269,    0.000001
   12     0.023394,    0.006851,    0.001701,   -0.000407,   -0.000001
   13     0.000011,    0.000004,    0.000001,   -0.000001,    0.000972
   14    -0.005891,   -0.001693,   -0.000299,    0.000331,    0.000000
   15     0.000002,    0.000001,    0.000000,    0.000000,   -0.000200
   16    -0.003562,   -0.001073,   -0.000281,    0.000023,   -0.000000
   17    -0.000003,   -0.000001,   -0.000000,    0.000000,   -0.000010
   18     0.002148,    0.000713,    0.000152,   -0.000006,   -0.000000
   19    -0.003734,   -0.001273,   -0.000154,    0.000238,    0.000000
   20     0.000001,    0.000000,    0.000000,    0.000000,   -0.000189
   21    -0.002426,   -0.000799,   -0.000233,    0.000033,   -0.000000
   22    -0.000001,   -0.000000,   -0.000000,   -0.000000,    0.000004
   23     0.001384,    0.000557,    0.000087,   -0.000007,   -0.000000
   24     0.000272,    0.000012,    0.000055,    0.000001,    0.000000
   25    -0.000000,   -0.000000,   -0.000000,    0.000000,    0.000012
   26    -0.000477,   -0.000048,   -0.000057,    0.000030,    0.000000
   27    -0.000000,   -0.000000,   -0.000000,    0.000000,   -0.000009
   28     0.000323,    0.000101,    0.000005,   -0.000029,   -0.000000
   29     0.000000,    0.000000,    0.000000,    0.000000,   -0.000004
   30    -0.000289,   -0.000035,   -0.000038,    0.000002,    0.000000
   31    -0.013792,   -0.005749,   -0.000869,   -0.000637,    0.001784
   32    -0.019805,   -0.007516,   -0.001296,   -0.000589,    0.002147
   33    -0.008264,   -0.002788,   -0.000547,    0.000007,    0.000672
   34    -0.002118,   -0.000593,   -0.000117,    0.000109,    0.000010
   35     0.000677,    0.000087,    0.000062,   -0.000068,    0.000131
   36     0.001360,    0.000558,    0.000090,    0.000064,   -0.000100
   37    -0.003872,   -0.001052,   -0.000215,    0.000204,    0.000019
   38     0.002195,    0.000519,    0.000181,   -0.000106,    0.000132
   39     0.001184,    0.000522,    0.000075,    0.000094,   -0.000037
   40    -0.000575,   -0.000161,   -0.000031,    0.000032,    0.000003
   41    -0.000323,   -0.000060,   -0.000027,    0.000025,   -0.000022
   42    -0.000382,   -0.000137,   -0.000029,   -0.000010,   -0.000010
   43     0.000793,    0.000219,    0.000044,   -0.000043,   -0.000004
   44    -0.000350,   -0.000083,   -0.000029,    0.000013,   -0.000016
   45    -0.013782,   -0.005749,   -0.000869,   -0.000636,   -0.001784
   46    -0.019793,   -0.007517,   -0.001296,   -0.000587,   -0.002148
   47    -0.008263,   -0.002788,   -0.000547,    0.000007,   -0.000672
   48    -0.002119,   -0.000593,   -0.000117,    0.000109,   -0.000010
   49     0.000680,    0.000087,    0.000062,   -0.000068,   -0.000131
   50    -0.001359,   -0.000558,   -0.000090,   -0.000064,   -0.000100
   51    -0.003871,   -0.001052,   -0.000215,    0.000204,   -0.000019
   52     0.002198,    0.000519,    0.000181,   -0.000105,   -0.000132
   53    -0.001180,   -0.000521,   -0.000074,   -0.000094,   -0.000037
   54    -0.000574,   -0.000160,   -0.000031,    0.000032,   -0.000003
   55     0.000324,    0.000061,    0.000027,   -0.000025,   -0.000022
   56    -0.000381,   -0.000137,   -0.000029,   -0.000010,    0.000010
   57    -0.000793,   -0.000220,   -0.000044,    0.000043,   -0.000004
   58    -0.000350,   -0.000083,   -0.000029,    0.000013,    0.000016
   59     0.090239,    0.024294,    0.005989,   -0.003930,   -0.000002
   60     0.109564,    0.029598,    0.007136,   -0.004623,   -0.000003
   61     0.029598,    0.008358,    0.001892,   -0.001205,   -0.000001
   62     0.007136,    0.001892,    0.000499,   -0.000287,   -0.000000
   63    -0.004623,   -0.001205,   -0.000287,    0.000254,    0.000000
   64    -0.000003,   -0.000001,   -0.000000,    0.000000,    0.000076
   65     0.006994,    0.001748,    0.000496,   -0.000248,   -0.000000
   66    -0.004173,   -0.000985,   -0.000234,    0.000273,    0.000000
   67    -0.000002,   -0.000000,   -0.000000,    0.000000,    0.000143
   68    -0.000984,   -0.000244,   -0.000062,    0.000058,    0.000000
   69     0.000000,    0.000000,    0.000000,   -0.000000,   -0.000020
   70    -0.000613,   -0.000154,   -0.000042,    0.000029,   -0.000000
   71    -0.000001,   -0.000000,   -0.000000,    0.000000,    0.000029
   72     0.000562,    0.000147,    0.000055,    0.000002,   -0.000000
   73    -0.003089,    0.001442,   -0.000050,   -0.000451,   -0.000000
   74    -0.002111,    0.002856,   -0.000017,   -0.000951,   -0.000001
   75    -0.009966,   -0.004652,   -0.000293,    0.001686,    0.000001
   76    -0.014724,   -0.005306,   -0.000742,    0.001946,    0.000001
   77    -0.002543,   -0.000907,   -0.000202,   -0.000038,    0.000000
   78     0.029838,    0.009855,   -0.000775,   -0.002949,   -0.000001
   79    -0.002224,   -0.003319,   -0.000434,   -0.001310,   -0.000001
   80    -0.000013,   -0.000006,   -0.000000,    0.000000,   -0.000130
   81     0.020846,    0.006611,   -0.000470,   -0.002100,   -0.000001
   82    -0.001949,   -0.002259,   -0.000324,   -0.001042,   -0.000000
   83    -0.000006,   -0.000003,    0.000000,   -0.000000,   -0.000175
   84     0.005781,    0.001699,   -0.000032,   -0.000556,   -0.000000
   85    -0.001550,   -0.000875,   -0.000132,   -0.000228,   -0.000000
   86    -0.000003,   -0.000001,   -0.000000,   -0.000000,   -0.000103
   87    -0.003200,   -0.001125,   -0.000070,    0.000190,    0.000000
   88    -0.000001,   -0.000000,   -0.000000,    0.000000,   -0.000085
   89    -0.001238,   -0.000382,   -0.000099,   -0.000008,   -0.000000
   90    -0.000001,   -0.000000,   -0.000000,    0.000000,   -0.000089
   91     0.003896,    0.000999,    0.000269,   -0.000084,   -0.000000
   92    -0.005766,   -0.001968,   -0.000187,    0.000318,    0.000000
   93     0.000000,   -0.000000,   -0.000000,    0.000000,   -0.000250
   94    -0.002959,   -0.000763,   -0.000223,   -0.000017,   -0.000000
   95    -0.000002,   -0.000001,   -0.000000,    0.000000,   -0.000221
   96     0.009428,    0.002282,    0.000637,   -0.000229,   -0.000000
   97    -0.000386,   -0.000086,   -0.000034,   -0.000028,   -0.000000
   98     0.000000,    0.000000,    0.000000,   -0.000000,    0.000046
   99    -0.000639,   -0.000164,   -0.000036,    0.000043,    0.000000
  100    -0.000001,   -0.000000,   -0.000000,    0.000000,   -0.000036
  101    -0.000142,   -0.000045,    0.000026,    0.000029,    0.000000
  102     0.000000,    0.000000,    0.000000,   -0.000000,    0.000019
  103    -0.001840,   -0.000612,   -0.000124,    0.000063,    0.000000
  104    -0.005476,   -0.002498,   -0.000373,    0.000072,    0.000182
  105    -0.004897,   -0.002587,   -0.000341,    0.000001,    0.000182
  106    -0.004530,   -0.001451,   -0.000308,    0.000071,    0.000238
  107     0.000265,    0.000084,   -0.000026,   -0.000040,    0.000010
  108     0.000098,    0.000072,    0.000004,   -0.000017,   -0.000000
  109    -0.000319,   -0.000195,   -0.000023,   -0.000002,    0.000007
  110     0.000317,    0.000111,   -0.000053,   -0.000059,    0.000006
  111    -0.000365,   -0.000051,   -0.000033,   -0.000029,    0.000024
  112     0.000572,   -0.000020,    0.000037,   -0.000021,   -0.000031
  113    -0.000046,   -0.000019,    0.000010,    0.000009,   -0.000005
  114    -0.000027,    0.000011,   -0.000003,   -0.000004,    0.000001
  115    -0.000061,   -0.000040,   -0.000006,   -0.000004,    0.000002
  116     0.000061,    0.000019,   -0.000016,   -0.000016,    0.000003
  117     0.000081,    0.000021,    0.000005,   -0.000009,    0.000002
  118    -0.005486,   -0.002502,   -0.000374,    0.000073,   -0.000182
  119    -0.004918,   -0.002594,   -0.000342,    0.000001,   -0.000182
  120    -0.004538,   -0.001454,   -0.000308,    0.000071,   -0.000238
  121     0.000265,    0.000084,   -0.000026,   -0.000040,   -0.000010
  122     0.000099,    0.000072,    0.000004,   -0.000017,    0.000000
  123     0.000320,    0.000195,    0.000023,    0.000002,    0.000007
  124     0.000316,    0.000111,   -0.000053,   -0.000059,   -0.000006
  125    -0.000363,   -0.000050,   -0.000033,   -0.000029,   -0.000024
  126    -0.000569,    0.000021,   -0.000037,    0.000021,   -0.000031
  127    -0.000046,   -0.000019,    0.000010,    0.000009,    0.000005
  128     0.000027,   -0.000011,    0.000003,    0.000004,    0.000001
  129    -0.000061,   -0.000040,   -0.000006,   -0.000004,   -0.000002
  130    -0.000061,   -0.000019,    0.000016,    0.000016,    0.000003
  131     0.000081,    0.000021,    0.000005,   -0.000009,   -0.000002
  132    -0.007927,   -0.001820,   -0.000186,    0.000224,    0.000000
  133    -0.013808,   -0.003551,   -0.000378,    0.000451,    0.000000
  134     0.017238,    0.005849,    0.000735,   -0.000766,   -0.000001
  135     0.013884,    0.004881,    0.000559,   -0.000797,   -0.000001
  136     0.002552,    0.000741,    0.000359,    0.000003,    0.000000
  137    -0.028016,   -0.013439,   -0.000372,    0.001426,    0.000001
  138     0.022571,    0.001122,    0.000462,   -0.000407,   -0.000000
  139     0.000004,   -0.000000,   -0.000000,    0.000000,   -0.000367
  140    -0.021473,   -0.009813,   -0.000490,    0.001019,    0.000000
  141     0.011579,   -0.000194,    0.000042,   -0.000260,    0.000000
  142     0.000003,   -0.000000,   -0.000000,   -0.000000,   -0.000294
  143    -0.006963,   -0.002999,   -0.000229,    0.000369,    0.000000
  144     0.004825,    0.000403,    0.000188,   -0.000031,    0.000000
  145     0.000002,    0.000000,    0.000000,    0.000000,   -0.000112
  146    -0.001358,   -0.000594,   -0.000004,    0.000084,    0.000000
  147    -0.000000,   -0.000000,   -0.000000,    0.000000,    0.000002
  148    -0.000341,    0.000067,    0.000013,   -0.000014,   -0.000000
  149     0.000000,   -0.000000,    0.000000,    0.000000,   -0.000002
  150    -0.000329,   -0.000147,   -0.000018,    0.000067,    0.000000
  151    -0.003192,   -0.001059,   -0.000131,    0.000112,    0.000000
  152    -0.000003,   -0.000001,   -0.000000,    0.000000,    0.000003
  153     0.001938,    0.000653,    0.000189,   -0.000033,   -0.000000
  154    -0.000001,   -0.000000,   -0.000000,    0.000000,    0.000002
  155    -0.001596,   -0.000411,   -0.000074,    0.000131,    0.000000
  156     0.000370,    0.000140,    0.000002,   -0.000015,   -0.000000
  157     0.000000,    0.000000,    0.000000,   -0.000000,    0.000006
  158    -0.000402,   -0.000128,   -0.000015,    0.000022,    0.000000
  159     0.000000,   -0.000000,   -0.000000,    0.000000,   -0.000002
  160     0.000219,    0.000086,    0.000004,   -0.000006,    0.000000
  161    -0.000000,   -0.000000,   -0.000000,    0.000000,    0.000007
  162     0.000543,    0.000114,    0.000011,   -0.000042,   -0.000000
  163    -0.002595,    0.000670,    0.000008,   -0.000081,    0.000095
  164    -0.005142,    0.000198,   -0.000147,   -0.000063,    0.000052
  165    -0.000650,    0.000284,   -0.000016,   -0.000064,   -0.000038
  166    -0.000378,   -0.000200,   -0.000005,    0.000020,   -0.000002
  167     0.000108,    0.000057,    0.000007,   -0.000007,    0.000009
  168    -0.000318,    0.000048,   -0.000000,   -0.000003,    0.000006
  169    -0.000213,   -0.000218,    0.000021,    0.000020,    0.000029
  170     0.000069,   -0.000018,   -0.000013,   -0.000008,    0.000003
  171    -0.000765,   -0.000062,   -0.000032,    0.000010,   -0.000011
  172    -0.000115,   -0.000056,   -0.000001,    0.000005,    0.000000
  173     0.000001,    0.000003,   -0.000000,    0.000000,   -0.000000
  174    -0.000066,    0.000010,    0.000002,   -0.000000,    0.000000
  175    -0.000125,   -0.000073,   -0.000001,    0.000004,    0.000000
  176    -0.000150,   -0.000033,   -0.000006,    0.000007,   -0.000005
  177    -0.002826,   -0.003868,    0.000050,    0.000389,    0.000000
  178     0.000125,   -0.003787,    0.000390,    0.000544,    0.000000
  179    -0.003787,   -0.002146,   -0.000132,    0.000292,    0.000000
  180    -0.000390,    0.000132,   -0.000023,   -0.000001,    0.000000
  181     0.000544,    0.000292,    0.000001,   -0.000035,   -0.000000
  182     0.000000,    0.000000,   -0.000000,   -0.000000,   -0.000008
  183    -0.002349,   -0.000439,   -0.000152,    0.000028,    0.000000
  184    -0.000194,    0.000038,   -0.000073,   -0.000037,    0.000000
  185    -0.000000,   -0.000000,   -0.000000,   -0.000000,   -0.000013
  186    -0.000021,   -0.000029,    0.000006,    0.000005,    0.000000
  187    -0.000000,   -0.000000,   -0.000000,    0.000000,    0.000002
  188    -0.000022,    0.000013,   -0.000003,   -0.000002,    0.000000
  189     0.000000,    0.000000,    0.000000,   -0.000000,    0.000004
  190     0.000382,    0.000082,    0.000010,   -0.000015,   -0.000000
  191    -0.002596,    0.000672,    0.000008,   -0.000081,   -0.000095
  192    -0.005144,    0.000199,   -0.000147,   -0.000063,   -0.000052
  193    -0.000647,    0.000286,   -0.000016,   -0.000064,    0.000038
  194    -0.000378,   -0.000200,   -0.000005,    0.000020,    0.000002
  195     0.000108,    0.000057,    0.000007,   -0.000007,   -0.000009
  196     0.000318,   -0.000048,    0.000000,    0.000003,    0.000006
  197    -0.000212,   -0.000218,    0.000021,    0.000020,   -0.000029
  198     0.000067,   -0.000018,   -0.000013,   -0.000007,   -0.000003
  199     0.000766,    0.000062,    0.000032,   -0.000010,   -0.000011
  200    -0.000115,   -0.000056,   -0.000001,    0.000005,   -0.000000
  201    -0.000001,   -0.000003,    0.000000,   -0.000000,   -0.000000
  202    -0.000065,    0.000011,    0.000002,   -0.000000,   -0.000000
  203     0.000125,    0.000072,    0.000001,   -0.000004,    0.000000
  204    -0.000150,   -0.000033,   -0.000006,    0.000007,    0.000005
                65,          66,          67,          68,          69
    0    -0.007628,    0.005611,    0.000004,    0.001626,   -0.000001
    1    -0.011466,    0.008473,    0.000005,    0.002416,   -0.000001
    2     0.006707,   -0.005152,   -0.000003,   -0.001298,    0.000000
    3     0.005125,   -0.004305,   -0.000002,   -0.001105,    0.000000
    4     0.000474,   -0.000963,   -0.000000,   -0.000163,    0.000000
    5    -0.004974,    0.007870,    0.000004,    0.001499,   -0.000001
    6     0.009351,    0.002013,   -0.000004,   -0.000014,   -0.000000
    7     0.000002,   -0.000001,    0.009468,   -0.000001,   -0.001315
    8    -0.003009,    0.004732,    0.000002,    0.000895,   -0.000001
    9     0.006177,    0.001167,   -0.000002,   -0.000069,   -0.000000
   10     0.000001,   -0.000001,    0.006443,   -0.000001,   -0.000898
   11    -0.001014,    0.001228,    0.000001,    0.000244,   -0.000000
   12     0.001893,    0.000154,   -0.000001,   -0.000045,    0.000000
   13     0.000001,   -0.000000,    0.001817,   -0.000000,   -0.000258
   14    -0.000183,    0.000348,    0.000000,    0.000066,   -0.000000
   15     0.000000,    0.000000,   -0.000367,    0.000000,    0.000055
   16    -0.000335,   -0.000093,   -0.000000,   -0.000003,    0.000000
   17    -0.000000,    0.000000,   -0.000007,    0.000000,    0.000004
   18     0.000212,    0.000053,   -0.000000,    0.000000,    0.000000
   19     0.000082,    0.000178,   -0.000000,    0.000032,   -0.000000
   20     0.000000,    0.000000,   -0.000326,    0.000000,    0.000054
   21    -0.000191,   -0.000103,   -0.000001,    0.000004,    0.000000
   22    -0.000000,   -0.000000,    0.000033,    0.000000,    0.000003
   23     0.000152,    0.000016,   -0.000000,   -0.000010,    0.000000
   24     0.000073,    0.000024,    0.000000,   -0.000000,   -0.000000
   25    -0.000000,    0.000000,    0.000029,   -0.000000,   -0.000002
   26    -0.000045,    0.000013,    0.000000,    0.000004,   -0.000000
   27     0.000000,    0.000000,   -0.000023,    0.000000,    0.000002
   28    -0.000026,   -0.000032,   -0.000000,   -0.000003,    0.000000
   29     0.000000,    0.000000,   -0.000005,    0.000000,    0.000002
   30    -0.000034,   -0.000014,    0.000000,   -0.000001,    0.000000
   31    -0.001011,   -0.001655,    0.003349,   -0.000281,   -0.000471
   32    -0.001424,   -0.001850,    0.004033,   -0.000315,   -0.000567
   33    -0.000560,   -0.000333,    0.001242,   -0.000045,   -0.000181
   34    -0.000080,    0.000107,    0.000020,    0.000020,   -0.000002
   35     0.000072,   -0.000099,    0.000247,   -0.000023,   -0.000034
   36     0.000094,    0.000174,   -0.000189,    0.000030,    0.000026
   37    -0.000152,    0.000210,    0.000037,    0.000039,   -0.000005
   38     0.000222,   -0.000121,    0.000253,   -0.000036,   -0.000034
   39     0.000049,    0.000246,   -0.000074,    0.000050,    0.000009
   40    -0.000018,    0.000033,    0.000007,    0.000006,   -0.000001
   41    -0.000041,    0.000041,   -0.000042,    0.000010,    0.000006
   42    -0.000027,   -0.000039,   -0.000019,   -0.000006,    0.000003
   43     0.000025,   -0.000040,   -0.000008,   -0.000007,    0.000001
   44    -0.000036,    0.000012,   -0.000030,    0.000004,    0.000004
   45    -0.001008,   -0.001654,   -0.003350,   -0.000280,    0.000472
   46    -0.001421,   -0.001849,   -0.004035,   -0.000314,    0.000568
   47    -0.000559,   -0.000333,   -0.001243,   -0.000045,    0.000181
   48    -0.000080,    0.000107,   -0.000020,    0.000020,    0.000002
   49     0.000073,   -0.000098,   -0.000247,   -0.000023,    0.000034
   50    -0.000094,   -0.000174,   -0.000189,   -0.000030,    0.000026
   51    -0.000152,    0.000210,   -0.000037,    0.000039,    0.000005
   52     0.000222,   -0.000120,   -0.000253,   -0.000036,    0.000034
   53    -0.000048,   -0.000246,   -0.000074,   -0.000050,    0.000009
   54    -0.000018,    0.000033,   -0.000007,    0.000006,    0.000001
   55     0.000041,   -0.000041,   -0.000042,   -0.000010,    0.000006
   56    -0.000027,   -0.000039,    0.000019,   -0.000006,   -0.000002
   57    -0.000025,    0.000040,   -0.000008,    0.000007,    0.000001
   58    -0.000036,    0.000012,    0.000030,    0.000004,   -0.000004
   59     0.005511,   -0.003369,   -0.000002,   -0.000812,    0.000000
   60     0.006994,   -0.004173,   -0.000002,   -0.000984,    0.000000
   61     0.001748,   -0.000985,   -0.000000,   -0.000244,    0.000000
   62     0.000496,   -0.000234,   -0.000000,   -0.000062,    0.000000
   63    -0.000248,    0.000273,    0.000000,    0.000058,   -0.000000
   64    -0.000000,    0.000000,    0.000143,    0.000000,   -0.000020
   65     0.000660,   -0.000275,   -0.000000,   -0.000070,    0.000000
   66    -0.000275,    0.000397,    0.000000,    0.000077,   -0.000000
   67    -0.000000,    0.000000,    0.000271,    0.000000,   -0.000037
   68    -0.000070,    0.000077,    0.000000,    0.000017,   -0.000000
   69     0.000000,   -0.000000,   -0.000037,   -0.000000,    0.000005
   70    -0.000051,    0.000035,   -0.000000,    0.000008,    0.000000
   71    -0.000000,    0.000000,    0.000054,    0.000000,   -0.000007
   72     0.000075,    0.000021,   -0.000000,    0.000000,   -0.000000
   73    -0.002824,    0.000331,    0.000001,   -0.000110,    0.000000
   74    -0.004347,    0.000239,    0.000001,   -0.000214,    0.000000
   75     0.002792,    0.000947,   -0.000000,    0.000328,   -0.000000
   76     0.002004,    0.001440,   -0.000000,    0.000443,   -0.000000
   77    -0.000467,   -0.000122,    0.000000,    0.000009,    0.000000
   78    -0.000917,   -0.005469,   -0.000002,   -0.000671,    0.000001
   79    -0.002339,   -0.001825,   -0.000000,   -0.000104,    0.000000
   80    -0.000002,    0.000001,    0.000432,    0.000000,    0.000144
   81    -0.000504,   -0.003914,   -0.000001,   -0.000493,    0.000000
   82    -0.002001,   -0.001319,    0.000000,   -0.000098,    0.000000
   83    -0.000001,    0.000000,    0.000131,    0.000000,    0.000122
   84    -0.000051,   -0.000984,   -0.000001,   -0.000129,    0.000000
   85    -0.000501,   -0.000315,    0.000000,   -0.000025,    0.000000
   86    -0.000000,    0.000000,   -0.000062,    0.000000,    0.000049
   87     0.000002,    0.000236,    0.000000,    0.000034,   -0.000000
   88    -0.000000,    0.000000,   -0.000138,    0.000000,    0.000027
   89    -0.000203,   -0.000021,    0.000000,    0.000006,    0.000000
   90    -0.000000,    0.000000,   -0.000165,    0.000000,    0.000023
   91     0.000397,   -0.000073,   -0.000000,   -0.000021,    0.000000
   92    -0.000046,    0.000347,    0.000000,    0.000053,   -0.000000
   93     0.000000,    0.000000,   -0.000457,    0.000000,    0.000070
   94    -0.000528,    0.000008,    0.000000,    0.000013,    0.000000
   95    -0.000000,   -0.000000,   -0.000410,    0.000000,    0.000057
   96     0.000944,   -0.000244,   -0.000000,   -0.000052,    0.000000
   97    -0.000126,   -0.000015,    0.000000,   -0.000002,    0.000000
   98     0.000000,   -0.000000,    0.000086,   -0.000000,   -0.000012
   99    -0.000007,    0.000040,    0.000000,    0.000008,   -0.000000
  100    -0.000000,    0.000000,   -0.000072,    0.000000,    0.000009
  101     0.000027,    0.000065,    0.000000,    0.000006,   -0.000000
  102    -0.000000,   -0.000000,    0.000037,   -0.000000,   -0.000005
  103    -0.000070,    0.000003,    0.000000,    0.000008,   -0.000000
  104    -0.000317,   -0.000210,    0.000109,    0.000055,   -0.000087
  105    -0.000168,   -0.000392,    0.000059,    0.000029,   -0.000095
  106    -0.000380,   -0.000018,    0.000366,    0.000023,   -0.000078
  107    -0.000022,   -0.000087,    0.000019,   -0.000010,   -0.000003
  108    -0.000036,   -0.000002,    0.000018,   -0.000004,    0.000003
  109    -0.000015,   -0.000030,    0.000000,    0.000004,   -0.000004
  110    -0.000051,   -0.000133,    0.000011,   -0.000013,   -0.000002
  111    -0.000165,    0.000003,    0.000064,    0.000001,   -0.000003
  112     0.000126,   -0.000076,   -0.000065,   -0.000004,    0.000007
  113     0.000010,    0.000021,   -0.000009,    0.000002,    0.000001
  114    -0.000022,    0.000003,    0.000004,   -0.000001,    0.000000
  115    -0.000009,   -0.000009,    0.000006,    0.000001,   -0.000000
  116    -0.000014,   -0.000038,    0.000005,   -0.000004,   -0.000001
  117    -0.000010,   -0.000006,    0.000006,   -0.000001,   -0.000000
  118    -0.000318,   -0.000209,   -0.000109,    0.000055,    0.000087
  119    -0.000170,   -0.000391,   -0.000060,    0.000029,    0.000095
  120    -0.000380,   -0.000018,   -0.000366,    0.000024,    0.000078
  121    -0.000022,   -0.000087,   -0.000019,   -0.000010,    0.000003
  122    -0.000036,   -0.000002,   -0.000018,   -0.000004,   -0.000003
  123     0.000015,    0.000030,    0.000000,   -0.000004,   -0.000004
  124    -0.000051,   -0.000133,   -0.000011,   -0.000013,    0.000002
  125    -0.000165,    0.000003,   -0.000064,    0.000001,    0.000003
  126    -0.000126,    0.000076,   -0.000065,    0.000004,    0.000007
  127     0.000010,    0.000021,    0.000009,    0.000002,   -0.000001
  128     0.000022,   -0.000003,    0.000004,    0.000001,    0.000000
  129    -0.000009,   -0.000009,   -0.000006,    0.000001,    0.000000
  130     0.000014,    0.000038,    0.000005,    0.000004,   -0.000001
  131    -0.000010,   -0.000006,   -0.000006,   -0.000001,    0.000000
  132    -0.001565,    0.001010,    0.000001,    0.000148,   -0.000000
  133    -0.002172,    0.001445,    0.000001,    0.000233,   -0.000000
  134     0.000590,   -0.000510,   -0.000000,   -0.000182,    0.000000
  135     0.000112,   -0.000558,   -0.000001,   -0.000187,    0.000000
  136     0.000278,    0.000295,    0.000000,    0.000001,   -0.000000
  137     0.000124,    0.001575,    0.000001,    0.000281,   -0.000000
  138     0.005017,   -0.003501,   -0.000002,   -0.000305,    0.000000
  139     0.000000,   -0.000001,   -0.000527,   -0.000000,    0.000086
  140    -0.000122,    0.001005,    0.000001,    0.000204,   -0.000000
  141     0.002905,   -0.002358,   -0.000001,   -0.000201,   -0.000000
  142     0.000000,   -0.000001,   -0.000451,   -0.000000,    0.000069
  143    -0.000005,    0.000308,    0.000000,    0.000071,   -0.000000
  144     0.001039,   -0.000508,   -0.000000,   -0.000044,   -0.000000
  145     0.000000,   -0.000000,   -0.000197,   -0.000000,    0.000025
  146     0.000012,    0.000120,    0.000000,    0.000016,   -0.000000
  147     0.000000,   -0.000000,    0.000009,    0.000000,    0.000002
  148    -0.000170,    0.000099,    0.000000,    0.000006,    0.000000
  149     0.000000,   -0.000000,   -0.000014,   -0.000000,   -0.000001
  150     0.000122,    0.000026,    0.000000,    0.000006,   -0.000000
  151    -0.000182,    0.000139,    0.000000,    0.000021,   -0.000000
  152    -0.000000,    0.000000,    0.000029,    0.000000,    0.000005
  153     0.000098,    0.000105,   -0.000000,    0.000002,    0.000000
  154    -0.000000,   -0.000000,   -0.000022,   -0.000000,   -0.000005
  155     0.000048,    0.000129,    0.000000,    0.000018,   -0.000000
  156     0.000018,   -0.000027,   -0.000000,   -0.000004,    0.000000
  157     0.000000,   -0.000000,    0.000004,   -0.000000,   -0.000002
  158    -0.000007,    0.000023,    0.000000,    0.000004,   -0.000000
  159     0.000000,   -0.000000,   -0.000008,   -0.000000,   -0.000000
  160     0.000022,   -0.000014,   -0.000000,   -0.000002,    0.000000
  161     0.000000,   -0.000000,    0.000016,    0.000000,   -0.000001
  162     0.000009,   -0.000071,   -0.000000,   -0.000008,    0.000000
  163    -0.001201,    0.000719,    0.000142,    0.000035,   -0.000018
  164    -0.001611,    0.000833,    0.000054,    0.000050,   -0.000005
  165    -0.000446,    0.000170,   -0.000065,    0.000009,    0.000016
  166     0.000009,    0.000016,   -0.000002,    0.000004,    0.000001
  167    -0.000011,    0.000007,    0.000012,   -0.000001,   -0.000002
  168    -0.000117,    0.000078,    0.000009,    0.000004,   -0.000001
  169     0.000033,    0.000026,    0.000056,    0.000005,   -0.000008
  170     0.000023,   -0.000039,   -0.000002,   -0.000004,   -0.000001
  171    -0.000155,    0.000090,   -0.000025,    0.000007,    0.000003
  172    -0.000001,    0.000006,    0.000001,    0.000001,    0.000000
  173     0.000001,    0.000001,   -0.000001,   -0.000000,    0.000000
  174    -0.000025,    0.000019,    0.000001,    0.000001,    0.000000
  175    -0.000001,    0.000003,    0.000001,    0.000001,   -0.000000
  176    -0.000012,    0.000012,   -0.000009,    0.000001,    0.000001
  177     0.001424,   -0.000268,   -0.000000,    0.000009,   -0.000000
  178     0.002349,   -0.000194,   -0.000000,    0.000021,   -0.000000
  179     0.000439,    0.000038,   -0.000000,    0.000029,   -0.000000
  180    -0.000152,    0.000073,    0.000000,    0.000006,    0.000000
  181    -0.000028,   -0.000037,   -0.000000,   -0.000005,    0.000000
  182    -0.000000,    0.000000,   -0.000013,   -0.000000,    0.000002
  183    -0.000358,    0.000094,    0.000000,    0.000014,   -0.000000
  184    -0.000094,   -0.000090,   -0.000000,   -0.000008,    0.000000
  185    -0.000000,   -0.000000,   -0.000018,    0.000000,    0.000003
  186     0.000014,    0.000008,   -0.000000,    0.000000,   -0.000000
  187     0.000000,    0.000000,    0.000003,    0.000000,   -0.000000
  188    -0.000015,    0.000003,    0.000000,    0.000000,   -0.000000
  189     0.000000,   -0.000000,    0.000006,   -0.000000,   -0.000001
  190     0.000041,   -0.000041,   -0.000000,   -0.000005,    0.000000
  191    -0.001202,    0.000719,   -0.000141,    0.000035,    0.000018
  192    -0.001612,    0.000834,   -0.000052,    0.000050,    0.000005
  193    -0.000446,    0.000170,    0.000065,    0.000009,   -0.000016
  194     0.000009,    0.000016,    0.000002,    0.000004,   -0.000001
  195    -0.000011,    0.000007,   -0.000012,   -0.000001,    0.000002
  196     0.000117,   -0.000078,    0.000009,   -0.000004,   -0.000001
  197     0.000034,    0.000026,   -0.000056,    0.000005,    0.000008
  198     0.000023,   -0.000039,    0.000002,   -0.000004,    0.000001
  199     0.000155,   -0.000090,   -0.000026,   -0.000007,    0.000003
  200    -0.000001,    0.000006,   -0.000001,    0.000001,   -0.000000
  201    -0.000001,   -0.000001,   -0.000001,    0.000000,    0.000000
  202    -0.000025,    0.000019,   -0.000001,    0.000001,   -0.000000
  203     0.000001,   -0.000003,    0.000001,   -0.000001,   -0.000000
  204    -0.000012,    0.000012,    0.000009,    0.000001,   -0.000001
                70,          71,          72,          73,          74
    0     0.000895,    0.000001,   -0.000659,    0.001941,    0.004011
    1     0.001339,    0.000001,   -0.000968,    0.004038,    0.008226
    2    -0.000749,   -0.000001,    0.000463,   -0.006748,   -0.013104
    3    -0.000609,   -0.000001,    0.000314,    0.010349,    0.014986
    4    -0.000066,   -0.000000,   -0.000105,   -0.010107,   -0.012819
    5     0.000665,    0.000001,    0.000486,   -0.020460,   -0.044266
    6    -0.000437,   -0.000001,    0.002133,   -0.012508,   -0.026901
    7    -0.000001,    0.001893,    0.000000,   -0.000002,   -0.000005
    8     0.000402,    0.000000,    0.000289,   -0.012431,   -0.026812
    9    -0.000313,   -0.000001,    0.001399,   -0.002183,   -0.007651
   10    -0.000001,    0.001287,    0.000000,    0.000000,   -0.000000
   11     0.000120,    0.000000,    0.000031,   -0.004892,   -0.008316
   12    -0.000096,   -0.000000,    0.000376,   -0.002433,   -0.004128
   13    -0.000000,    0.000360,    0.000000,   -0.000002,   -0.000003
   14     0.000026,    0.000000,    0.000033,   -0.001620,   -0.003352
   15     0.000000,   -0.000070,    0.000000,    0.000000,    0.000000
   16     0.000015,   -0.000000,   -0.000079,    0.000951,    0.001947
   17     0.000000,    0.000001,   -0.000000,   -0.000000,   -0.000000
   18    -0.000009,   -0.000000,    0.000042,   -0.000503,   -0.001058
   19     0.000005,   -0.000000,    0.000053,   -0.003928,   -0.006880
   20     0.000000,   -0.000058,    0.000000,    0.000000,    0.000001
   21     0.000015,   -0.000000,   -0.000063,   -0.000656,   -0.000758
   22     0.000000,    0.000013,   -0.000000,   -0.000001,   -0.000001
   23    -0.000009,   -0.000000,    0.000020,    0.000080,    0.000015
   24    -0.000004,   -0.000000,    0.000019,   -0.000809,   -0.001234
   25    -0.000000,    0.000007,   -0.000000,   -0.000000,   -0.000000
   26     0.000004,    0.000000,   -0.000008,    0.000103,    0.000237
   27     0.000000,   -0.000006,    0.000000,   -0.000000,   -0.000001
   28     0.000000,    0.000000,   -0.000010,    0.000794,    0.001204
   29    -0.000000,   -0.000000,    0.000000,   -0.000000,   -0.000000
   30     0.000002,    0.000000,   -0.000014,    0.000354,    0.000550
   31    -0.000050,    0.000664,   -0.000456,    0.002473,    0.005418
   32    -0.000046,    0.000799,   -0.000555,    0.002831,    0.006616
   33     0.000008,    0.000240,   -0.000150,    0.001064,    0.001848
   34     0.000010,    0.000004,    0.000004,   -0.000322,   -0.000646
   35    -0.000011,    0.000049,   -0.000002,    0.000064,    0.000132
   36     0.000006,   -0.000038,    0.000046,   -0.000252,   -0.000570
   37     0.000018,    0.000007,    0.000009,   -0.001085,   -0.001887
   38    -0.000023,    0.000051,    0.000025,   -0.000464,   -0.000617
   39     0.000015,   -0.000015,    0.000047,   -0.000549,   -0.001099
   40     0.000003,    0.000002,    0.000002,   -0.000206,   -0.000364
   41     0.000005,   -0.000008,   -0.000001,    0.000024,    0.000030
   42    -0.000001,   -0.000004,   -0.000011,    0.000197,    0.000334
   43    -0.000003,   -0.000002,   -0.000002,    0.000246,    0.000425
   44     0.000003,   -0.000006,   -0.000005,    0.000014,    0.000019
   45    -0.000049,   -0.000664,   -0.000456,    0.002473,    0.005418
   46    -0.000045,   -0.000799,   -0.000555,    0.002833,    0.006619
   47     0.000008,   -0.000240,   -0.000150,    0.001063,    0.001847
   48     0.000010,   -0.000004,    0.000004,   -0.000322,   -0.000646
   49    -0.000011,   -0.000049,   -0.000002,    0.000063,    0.000131
   50    -0.000006,   -0.000038,   -0.000046,    0.000252,    0.000570
   51     0.000018,   -0.000007,    0.000009,   -0.001085,   -0.001886
   52    -0.000023,   -0.000051,    0.000025,   -0.000464,   -0.000619
   53    -0.000015,   -0.000015,   -0.000047,    0.000550,    0.001100
   54     0.000003,   -0.000002,    0.000002,   -0.000206,   -0.000364
   55    -0.000005,   -0.000008,    0.000001,   -0.000024,   -0.000031
   56    -0.000001,    0.000004,   -0.000011,    0.000197,    0.000334
   57     0.000003,   -0.000002,    0.000002,   -0.000247,   -0.000425
   58     0.000003,    0.000006,   -0.000005,    0.000015,    0.000019
   59    -0.000502,   -0.000000,    0.000448,    0.003370,    0.007368
   60    -0.000613,   -0.000001,    0.000562,   -0.003089,   -0.002111
   61    -0.000154,   -0.000000,    0.000147,    0.001442,    0.002856
   62    -0.000042,   -0.000000,    0.000055,   -0.000050,   -0.000017
   63     0.000029,    0.000000,    0.000002,   -0.000451,   -0.000951
   64    -0.000000,    0.000029,   -0.000000,   -0.000000,   -0.000001
   65    -0.000051,   -0.000000,    0.000075,   -0.002824,   -0.004347
   66     0.000035,    0.000000,    0.000021,    0.000331,    0.000239
   67    -0.000000,    0.000054,   -0.000000,    0.000001,    0.000001
   68     0.000008,    0.000000,    0.000000,   -0.000110,   -0.000214
   69     0.000000,   -0.000007,   -0.000000,    0.000000,    0.000000
   70     0.000005,   -0.000000,   -0.000004,    0.000102,    0.000157
   71    -0.000000,    0.000011,   -0.000000,    0.000000,    0.000000
   72    -0.000004,   -0.000000,    0.000019,   -0.000385,   -0.000643
   73     0.000102,    0.000000,   -0.000385,    0.457104,    0.613991
   74     0.000157,    0.000000,   -0.000643,    0.613991,    0.838935
   75    -0.000098,   -0.000000,    0.000615,   -0.047250,   -0.130051
   76    -0.000011,    0.000000,    0.000546,   -0.072983,   -0.154748
   77     0.000013,    0.000000,   -0.000069,    0.029895,    0.036139
   78    -0.000080,   -0.000000,   -0.001474,   -0.000000,   -0.000000
   79     0.000015,    0.000000,   -0.000503,   -0.006928,   -0.014640
   80     0.000000,    0.000240,   -0.000000,    0.000001,    0.000002
   81    -0.000070,   -0.000000,   -0.001011,    0.000000,    0.000000
   82     0.000020,    0.000000,   -0.000419,    0.017899,    0.023481
   83     0.000000,    0.000133,    0.000000,    0.000009,    0.000012
   84    -0.000024,   -0.000000,   -0.000235,   -0.000000,   -0.000000
   85     0.000002,    0.000000,   -0.000106,   -0.001903,   -0.003328
   86     0.000000,    0.000020,   -0.000000,    0.000005,    0.000009
   87     0.000008,    0.000000,    0.000058,   -0.000000,   -0.000000
   88     0.000000,   -0.000020,   -0.000000,    0.000000,    0.000001
   89     0.000008,    0.000000,   -0.000031,    0.000572,    0.000770
   90     0.000000,   -0.000035,   -0.000000,   -0.000000,   -0.000000
   91    -0.000019,   -0.000000,    0.000053,   -0.000366,   -0.000463
   92     0.000017,    0.000000,    0.000075,   -0.000000,   -0.000000
   93     0.000000,   -0.000081,    0.000000,    0.000000,    0.000001
   94     0.000024,    0.000000,   -0.000079,    0.008433,    0.012644
   95     0.000000,   -0.000086,   -0.000000,    0.000000,    0.000000
   96    -0.000049,   -0.000000,    0.000121,   -0.005488,   -0.008062
   97     0.000005,    0.000000,   -0.000022,    0.000763,    0.002085
   98    -0.000000,    0.000018,    0.000000,    0.000000,    0.000000
   99     0.000002,    0.000000,    0.000004,    0.001122,    0.000618
  100     0.000000,   -0.000014,   -0.000000,    0.000001,    0.000001
  101    -0.000001,   -0.000000,    0.000021,   -0.000000,   -0.000000
  102    -0.000000,    0.000007,    0.000000,    0.000000,    0.000000
  103     0.000008,    0.000000,   -0.000014,   -0.000000,   -0.000000
  104    -0.000001,   -0.000035,   -0.000043,   -0.017311,   -0.037088
  105    -0.000020,   -0.000056,   -0.000040,   -0.036128,   -0.062829
  106     0.000012,    0.000048,   -0.000055,   -0.009869,   -0.016209
  107    -0.000000,    0.000004,   -0.000025,   -0.000000,   -0.000000
  108     0.000002,    0.000008,   -0.000007,    0.001939,    0.003496
  109    -0.000001,   -0.000003,   -0.000003,   -0.002526,   -0.004631
  110     0.000001,    0.000002,   -0.000043,    0.000000,    0.000000
  111     0.000008,    0.000016,   -0.000025,    0.006246,    0.009428
  112    -0.000010,   -0.000013,    0.000014,   -0.008828,   -0.013317
  113    -0.000000,   -0.000002,    0.000007,   -0.000000,   -0.000000
  114     0.000001,    0.000002,   -0.000003,    0.001595,    0.002372
  115     0.000000,    0.000001,   -0.000002,   -0.000950,   -0.001411
  116     0.000000,    0.000001,   -0.000012,    0.000000,    0.000000
  117     0.000000,    0.000002,   -0.000002,    0.000844,    0.001245
  118    -0.000001,    0.000035,   -0.000043,   -0.017309,   -0.037084
  119    -0.000020,    0.000056,   -0.000040,   -0.036131,   -0.062829
  120     0.000012,   -0.000048,   -0.000055,   -0.009870,   -0.016211
  121    -0.000000,   -0.000004,   -0.000025,   -0.000000,   -0.000000
  122     0.000002,   -0.000008,   -0.000007,    0.001938,    0.003494
  123     0.000001,   -0.000003,    0.000003,    0.002528,    0.004634
  124     0.000001,   -0.000002,   -0.000043,   -0.000000,   -0.000000
  125     0.000008,   -0.000016,   -0.000025,    0.006242,    0.009422
  126     0.000010,   -0.000013,   -0.000014,    0.008833,    0.013324
  127    -0.000000,    0.000002,    0.000007,    0.000000,    0.000000
  128    -0.000001,    0.000002,    0.000003,   -0.001595,   -0.002372
  129     0.000000,   -0.000001,   -0.000002,   -0.000952,   -0.001414
  130    -0.000000,    0.000001,    0.000012,   -0.000000,   -0.000000
  131     0.000000,   -0.000002,   -0.000002,    0.000843,    0.001243
  132     0.000099,    0.000000,    0.000042,    0.001941,    0.004011
  133     0.000148,    0.000000,    0.000090,    0.004038,    0.008226
  134    -0.000085,   -0.000000,   -0.000144,   -0.006748,   -0.013104
  135    -0.000062,   -0.000000,   -0.000203,    0.010349,    0.014986
  136    -0.000022,    0.000000,    0.000121,   -0.010107,   -0.012819
  137     0.000120,    0.000000,    0.000559,    0.020460,    0.044266
  138    -0.000123,   -0.000000,    0.000008,   -0.012508,   -0.026901
  139     0.000000,   -0.000209,    0.000000,   -0.000002,   -0.000005
  140     0.000097,    0.000000,    0.000320,    0.012431,    0.026812
  141    -0.000060,    0.000000,   -0.000081,   -0.002183,   -0.007651
  142     0.000000,   -0.000163,   -0.000000,    0.000000,   -0.000000
  143     0.000033,    0.000000,    0.000088,    0.004892,    0.008316
  144    -0.000022,    0.000000,    0.000049,   -0.002433,   -0.004128
  145     0.000000,   -0.000063,    0.000000,   -0.000002,   -0.000003
  146     0.000006,    0.000000,    0.000036,    0.001620,    0.003352
  147    -0.000000,    0.000009,    0.000000,    0.000000,    0.000000
  148     0.000003,    0.000000,   -0.000001,    0.000951,    0.001947
  149     0.000000,   -0.000006,    0.000000,    0.000000,    0.000000
  150     0.000000,    0.000000,    0.000018,   -0.000503,   -0.001058
  151     0.000016,    0.000000,    0.000004,    0.003928,    0.006880
  152     0.000000,    0.000017,   -0.000000,    0.000000,    0.000001
  153    -0.000009,   -0.000000,    0.000050,   -0.000656,   -0.000758
  154     0.000000,   -0.000010,   -0.000000,    0.000001,    0.000001
  155     0.000006,    0.000000,    0.000022,    0.000080,    0.000015
  156    -0.000001,   -0.000000,   -0.000007,   -0.000809,   -0.001234
  157    -0.000000,   -0.000000,   -0.000000,    0.000000,    0.000000
  158     0.000002,    0.000000,    0.000005,    0.000103,    0.000237
  159     0.000000,   -0.000003,    0.000000,   -0.000000,   -0.000001
  160    -0.000002,   -0.000000,   -0.000002,   -0.000794,   -0.001204
  161    -0.000000,    0.000004,    0.000000,   -0.000000,   -0.000000
  162    -0.000002,   -0.000000,   -0.000012,   -0.000354,   -0.000550
  163     0.000014,    0.000070,   -0.000045,    0.002473,    0.005418
  164     0.000027,    0.000061,   -0.000088,    0.002833,    0.006619
  165     0.000006,    0.000008,   -0.000034,    0.001063,    0.001847
  166     0.000002,   -0.000000,    0.000008,    0.000322,    0.000646
  167    -0.000001,    0.000005,   -0.000002,    0.000063,    0.000131
  168     0.000002,    0.000004,   -0.000003,    0.000252,    0.000570
  169     0.000002,    0.000011,    0.000018,    0.001085,    0.001886
  170    -0.000001,    0.000002,   -0.000008,   -0.000464,   -0.000619
  171     0.000004,   -0.000005,   -0.000009,    0.000550,    0.001100
  172     0.000001,    0.000000,    0.000002,    0.000206,    0.000364
  173    -0.000000,    0.000000,   -0.000000,   -0.000024,   -0.000031
  174     0.000000,    0.000000,    0.000000,    0.000197,    0.000334
  175     0.000001,    0.000000,    0.000002,    0.000247,    0.000425
  176     0.000001,   -0.000002,    0.000001,    0.000015,    0.000019
  177     0.000002,   -0.000000,    0.000197,    0.003370,    0.007368
  178    -0.000022,   -0.000000,    0.000382,   -0.003089,   -0.002111
  179     0.000013,   -0.000000,    0.000082,    0.001442,    0.002856
  180     0.000003,    0.000000,   -0.000010,    0.000050,    0.000017
  181    -0.000002,    0.000000,   -0.000015,   -0.000451,   -0.000951
  182     0.000000,   -0.000004,   -0.000000,   -0.000000,   -0.000001
  183     0.000015,    0.000000,   -0.000041,    0.002824,    0.004347
  184     0.000003,    0.000000,   -0.000041,    0.000331,    0.000239
  185     0.000000,   -0.000006,   -0.000000,    0.000001,    0.000001
  186    -0.000000,   -0.000000,    0.000005,    0.000110,    0.000214
  187    -0.000000,    0.000001,    0.000000,    0.000000,    0.000000
  188     0.000000,    0.000000,   -0.000002,    0.000102,    0.000157
  189    -0.000000,    0.000002,    0.000000,   -0.000000,   -0.000000
  190    -0.000002,   -0.000000,   -0.000003,   -0.000385,   -0.000643
  191     0.000014,   -0.000070,   -0.000045,    0.002473,    0.005418
  192     0.000027,   -0.000061,   -0.000088,    0.002831,    0.006616
  193     0.000006,   -0.000008,   -0.000034,    0.001064,    0.001848
  194     0.000002,    0.000000,    0.000008,    0.000322,    0.000646
  195    -0.000000,   -0.000005,   -0.000002,    0.000064,    0.000132
  196    -0.000002,    0.000004,    0.000003,   -0.000252,   -0.000570
  197     0.000002,   -0.000011,    0.000018,    0.001085,    0.001887
  198    -0.000001,   -0.000002,   -0.000008,   -0.000464,   -0.000617
  199    -0.000004,   -0.000005,    0.000009,   -0.000549,   -0.001099
  200     0.000001,   -0.000000,    0.000002,    0.000206,    0.000364
  201     0.000000,    0.000000,    0.000000,    0.000024,    0.000030
  202     0.000000,   -0.000000,    0.000000,    0.000197,    0.000334
  203    -0.000001,    0.000000,   -0.000002,   -0.000246,   -0.000425
  204     0.000001,    0.000002,    0.000001,    0.000014,    0.000019
                75,          76,          77,          78,          79
    0    -0.006387,    0.010881,   -0.001098,    0.018242,    0.014140
    1    -0.012413,    0.014669,    0.001359,    0.039442,    0.030682
    2     0.016637,   -0.003413,   -0.013509,   -0.071448,   -0.057600
    3    -0.008527,   -0.023313,   -0.010619,   -0.058743,   -0.045587
    4    -0.002886,   -0.003789,   -0.002673,    0.012213,   -0.006308
    5     0.079628,    0.078994,   -0.011653,   -0.145402,   -0.109448
    6     0.047286,    0.045287,   -0.009081,   -0.101688,   -0.073525
    7     0.000009,    0.000013,   -0.000000,   -0.000021,   -0.000015
    8     0.047853,    0.047048,   -0.008128,   -0.091682,   -0.073978
    9     0.021470,    0.020488,   -0.005782,   -0.070335,   -0.046294
   10     0.000004,    0.000006,    0.000001,   -0.000015,   -0.000004
   11     0.008497,    0.008820,   -0.002113,   -0.022976,   -0.016553
   12     0.003928,    0.004226,   -0.002770,   -0.013391,   -0.019017
   13     0.000004,    0.000005,   -0.000000,   -0.000009,   -0.000007
   14     0.005673,    0.005260,   -0.000045,   -0.008228,   -0.001935
   15    -0.000000,   -0.000000,   -0.000000,    0.000000,   -0.000001
   16    -0.003164,   -0.002944,    0.000492,    0.003774,    0.004061
   17     0.000000,   -0.000000,   -0.000000,   -0.000000,    0.000001
   18     0.001729,    0.001751,   -0.000947,   -0.000340,   -0.006940
   19     0.007910,    0.007030,    0.000020,   -0.007643,   -0.001077
   20    -0.000001,   -0.000002,   -0.000001,    0.000000,   -0.000004
   21    -0.000459,   -0.000298,    0.000296,    0.005874,    0.002403
   22     0.000001,    0.000000,   -0.000000,    0.000004,    0.000001
   23     0.000236,    0.000397,   -0.001631,    0.001712,   -0.011343
   24     0.000719,    0.000609,   -0.000399,   -0.002526,   -0.002206
   25    -0.000000,   -0.000000,   -0.000000,    0.000000,   -0.000000
   26    -0.000446,   -0.000260,    0.000112,    0.001545,    0.000354
   27     0.000000,    0.000000,    0.000000,    0.000000,    0.000000
   28    -0.000695,   -0.000655,    0.000254,    0.001171,    0.001587
   29    -0.000000,    0.000000,   -0.000000,    0.000000,   -0.000000
   30    -0.000427,   -0.000324,   -0.000373,    0.001963,   -0.002587
   31    -0.010213,   -0.013840,    0.000640,    0.012473,    0.013946
   32    -0.013461,   -0.017299,    0.001755,    0.015277,    0.021797
   33    -0.001963,   -0.002914,    0.001265,    0.002707,    0.009757
   34     0.001012,    0.001001,   -0.000219,   -0.002018,   -0.001833
   35    -0.000256,   -0.000523,   -0.000126,   -0.000359,   -0.000370
   36     0.001121,    0.001470,   -0.000059,   -0.001576,   -0.001281
   37     0.002077,    0.002076,   -0.000473,   -0.003665,   -0.003708
   38    -0.000021,   -0.000382,   -0.000199,   -0.001826,   -0.000816
   39     0.001764,    0.002225,   -0.000078,   -0.001653,   -0.001311
   40     0.000425,    0.000413,   -0.000070,   -0.000629,   -0.000563
   41     0.000018,    0.000131,    0.000035,    0.000082,    0.000152
   42    -0.000339,   -0.000397,    0.000063,    0.000574,    0.000498
   43    -0.000451,   -0.000450,    0.000130,    0.000716,    0.000995
   44     0.000004,    0.000044,    0.000001,    0.000383,   -0.000027
   45    -0.010214,   -0.013844,    0.000637,    0.012470,    0.013935
   46    -0.013465,   -0.017306,    0.001753,    0.015277,    0.021797
   47    -0.001963,   -0.002917,    0.001262,    0.002710,    0.009749
   48     0.001012,    0.001001,   -0.000219,   -0.002019,   -0.001832
   49    -0.000255,   -0.000521,   -0.000127,   -0.000362,   -0.000372
   50    -0.001122,   -0.001470,    0.000058,    0.001575,    0.001280
   51     0.002077,    0.002075,   -0.000473,   -0.003663,   -0.003706
   52    -0.000019,   -0.000379,   -0.000199,   -0.001827,   -0.000815
   53    -0.001765,   -0.002227,    0.000078,    0.001651,    0.001315
   54     0.000425,    0.000413,   -0.000069,   -0.000628,   -0.000561
   55    -0.000018,   -0.000130,   -0.000035,   -0.000083,   -0.000153
   56    -0.000339,   -0.000397,    0.000063,    0.000574,    0.000498
   57     0.000451,    0.000450,   -0.000130,   -0.000717,   -0.000995
   58     0.000004,    0.000044,    0.000001,    0.000383,   -0.000027
   59    -0.014282,   -0.018250,   -0.001773,    0.016470,    0.001827
   60    -0.009966,   -0.014724,   -0.002543,    0.029838,   -0.002224
   61    -0.004652,   -0.005306,   -0.000907,    0.009855,   -0.003319
   62    -0.000293,   -0.000742,   -0.000202,   -0.000775,   -0.000434
   63     0.001686,    0.001946,   -0.000038,   -0.002949,   -0.001310
   64     0.000001,    0.000001,    0.000000,   -0.000001,   -0.000001
   65     0.002792,    0.002004,   -0.000467,   -0.000917,   -0.002339
   66     0.000947,    0.001440,   -0.000122,   -0.005469,   -0.001825
   67    -0.000000,   -0.000000,    0.000000,   -0.000002,   -0.000000
   68     0.000328,    0.000443,    0.000009,   -0.000671,   -0.000104
   69    -0.000000,   -0.000000,    0.000000,    0.000001,    0.000000
   70    -0.000098,   -0.000011,    0.000013,   -0.000080,    0.000015
   71    -0.000000,    0.000000,    0.000000,   -0.000000,    0.000000
   72     0.000615,    0.000546,   -0.000069,   -0.001474,   -0.000503
   73    -0.047250,   -0.072983,    0.029895,   -0.000000,   -0.006928
   74    -0.130051,   -0.154748,    0.036139,   -0.000000,   -0.014640
   75     0.316997,    0.273548,    0.016521,    0.000000,    0.030552
   76     0.273548,    0.241910,    0.011502,   -0.000000,    0.020284
   77     0.016521,    0.011502,    0.009557,    0.000000,    0.043199
   78     0.000000,   -0.000000,    0.000000,    0.248241,   -0.000000
   79     0.030552,    0.020284,    0.043199,   -0.000000,    0.288735
   80    -0.000002,   -0.000012,   -0.000010,   -0.000000,   -0.000000
   81     0.000000,   -0.000000,    0.000000,    0.168349,   -0.000000
   82     0.004108,   -0.002512,    0.030523,    0.000000,    0.199660
   83    -0.000004,   -0.000011,   -0.000005,    0.000000,    0.000007
   84     0.000000,   -0.000000,    0.000000,    0.038315,   -0.000000
   85     0.004533,    0.002517,    0.006607,    0.000000,    0.045601
   86    -0.000010,   -0.000011,   -0.000001,    0.000000,    0.000007
   87    -0.000000,    0.000000,   -0.000000,   -0.012452,    0.000000
   88    -0.000002,   -0.000002,   -0.000001,    0.000000,   -0.000002
   89     0.000137,    0.000024,    0.001711,   -0.000000,    0.011057
   90    -0.000000,    0.000000,    0.000000,    0.000001,    0.000000
   91    -0.000243,   -0.000226,   -0.001134,    0.000000,   -0.007059
   92     0.000000,    0.000000,   -0.000000,   -0.017187,    0.000000
   93    -0.000001,   -0.000001,   -0.000000,    0.000000,    0.000002
   94    -0.006745,   -0.006337,    0.002531,    0.000000,    0.015135
   95    -0.000000,    0.000000,    0.000000,    0.000007,   -0.000000
   96     0.003648,    0.003225,   -0.001085,   -0.000000,   -0.005211
   97    -0.004996,   -0.004343,    0.000173,    0.000000,    0.002539
   98     0.000000,   -0.000000,   -0.000000,   -0.000001,    0.000000
   99     0.004031,    0.003420,    0.000153,   -0.000000,   -0.000895
  100     0.000001,    0.000001,    0.000000,    0.000000,    0.000001
  101     0.000000,    0.000000,   -0.000000,   -0.003192,    0.000000
  102     0.000001,    0.000001,    0.000000,   -0.000000,    0.000000
  103    -0.000000,    0.000000,   -0.000000,    0.000216,    0.000000
  104     0.067925,    0.057646,    0.013966,    0.000000,    0.081148
  105     0.072199,    0.061804,    0.014367,    0.000000,    0.091693
  106     0.015253,    0.013173,    0.003519,   -0.000000,    0.023767
  107     0.000000,   -0.000000,    0.000000,    0.003908,   -0.000000
  108    -0.004405,   -0.003872,   -0.000355,   -0.000000,   -0.001893
  109     0.006193,    0.005301,    0.001315,    0.000000,    0.008162
  110     0.000000,   -0.000000,    0.000000,    0.006598,    0.000000
  111    -0.005452,   -0.005020,    0.000564,   -0.000000,    0.002658
  112     0.007866,    0.007025,    0.000934,    0.000000,    0.008118
  113    -0.000000,    0.000000,   -0.000000,   -0.001146,   -0.000000
  114    -0.001243,   -0.001153,    0.000001,   -0.000000,   -0.000377
  115     0.000763,    0.000686,    0.000250,    0.000000,    0.001922
  116     0.000000,   -0.000000,    0.000000,    0.001802,   -0.000000
  117    -0.000601,   -0.000586,    0.000103,   -0.000000,    0.000517
  118     0.067916,    0.057632,    0.013953,    0.000000,    0.081105
  119     0.072181,    0.061781,    0.014348,    0.000000,    0.091626
  120     0.015251,    0.013168,    0.003514,   -0.000000,    0.023752
  121     0.000000,   -0.000000,    0.000000,    0.003909,   -0.000000
  122    -0.004402,   -0.003869,   -0.000353,   -0.000000,   -0.001884
  123    -0.006195,   -0.005303,   -0.001314,   -0.000000,   -0.008160
  124     0.000000,   -0.000000,    0.000000,    0.006594,    0.000000
  125    -0.005446,   -0.005014,    0.000566,   -0.000000,    0.002671
  126    -0.007868,   -0.007028,   -0.000932,   -0.000000,   -0.008111
  127    -0.000000,    0.000000,   -0.000000,   -0.001145,   -0.000000
  128     0.001243,    0.001153,   -0.000001,    0.000000,    0.000374
  129     0.000765,    0.000687,    0.000250,   -0.000000,    0.001923
  130    -0.000000,    0.000000,   -0.000000,   -0.001803,    0.000000
  131    -0.000601,   -0.000585,    0.000103,    0.000000,    0.000518
  132    -0.006387,    0.010881,   -0.001098,   -0.018242,    0.014140
  133    -0.012413,    0.014669,    0.001359,   -0.039442,    0.030682
  134     0.016637,   -0.003413,   -0.013509,    0.071448,   -0.057600
  135    -0.008527,   -0.023313,   -0.010619,    0.058743,   -0.045587
  136    -0.002886,   -0.003789,   -0.002673,   -0.012213,   -0.006308
  137    -0.079628,   -0.078994,    0.011653,   -0.145402,    0.109448
  138     0.047286,    0.045287,   -0.009081,    0.101688,   -0.073525
  139     0.000009,    0.000013,   -0.000000,    0.000021,   -0.000015
  140    -0.047853,   -0.047048,    0.008128,   -0.091682,    0.073978
  141     0.021470,    0.020488,   -0.005782,    0.070335,   -0.046294
  142     0.000004,    0.000006,    0.000001,    0.000015,   -0.000004
  143    -0.008497,   -0.008820,    0.002113,   -0.022976,    0.016553
  144     0.003928,    0.004226,   -0.002770,    0.013391,   -0.019017
  145     0.000004,    0.000005,   -0.000000,    0.000009,   -0.000007
  146    -0.005673,   -0.005260,    0.000045,   -0.008228,    0.001935
  147    -0.000000,   -0.000000,   -0.000000,   -0.000000,   -0.000001
  148    -0.003164,   -0.002944,    0.000492,   -0.003774,    0.004061
  149    -0.000000,    0.000000,    0.000000,   -0.000000,   -0.000001
  150     0.001729,    0.001751,   -0.000947,    0.000340,   -0.006940
  151    -0.007910,   -0.007030,   -0.000020,   -0.007643,    0.001077
  152    -0.000001,   -0.000002,   -0.000001,   -0.000000,   -0.000004
  153    -0.000459,   -0.000298,    0.000296,   -0.005874,    0.002403
  154    -0.000001,   -0.000000,    0.000000,    0.000004,   -0.000001
  155     0.000236,    0.000397,   -0.001631,   -0.001712,   -0.011343
  156     0.000719,    0.000609,   -0.000399,    0.002526,   -0.002206
  157     0.000000,    0.000000,    0.000000,    0.000000,    0.000000
  158    -0.000446,   -0.000260,    0.000112,   -0.001545,    0.000354
  159     0.000000,    0.000000,    0.000000,   -0.000000,    0.000000
  160     0.000695,    0.000655,   -0.000254,    0.001171,   -0.001587
  161    -0.000000,    0.000000,   -0.000000,   -0.000000,   -0.000000
  162     0.000427,    0.000324,    0.000373,    0.001963,    0.002587
  163    -0.010214,   -0.013844,    0.000637,   -0.012470,    0.013935
  164    -0.013465,   -0.017306,    0.001753,   -0.015277,    0.021797
  165    -0.001963,   -0.002917,    0.001262,   -0.002710,    0.009749
  166    -0.001012,   -0.001001,    0.000219,   -0.002019,    0.001832
  167    -0.000255,   -0.000521,   -0.000127,    0.000362,   -0.000372
  168    -0.001122,   -0.001470,    0.000058,   -0.001575,    0.001280
  169    -0.002077,   -0.002075,    0.000473,   -0.003663,    0.003706
  170    -0.000019,   -0.000379,   -0.000199,    0.001827,   -0.000815
  171    -0.001765,   -0.002227,    0.000078,   -0.001651,    0.001315
  172    -0.000425,   -0.000413,    0.000069,   -0.000628,    0.000561
  173    -0.000018,   -0.000130,   -0.000035,    0.000083,   -0.000153
  174    -0.000339,   -0.000397,    0.000063,   -0.000574,    0.000498
  175    -0.000451,   -0.000450,    0.000130,   -0.000717,    0.000995
  176     0.000004,    0.000044,    0.000001,   -0.000383,   -0.000027
  177    -0.014282,   -0.018250,   -0.001773,   -0.016470,    0.001827
  178    -0.009966,   -0.014724,   -0.002543,   -0.029838,   -0.002224
  179    -0.004652,   -0.005306,   -0.000907,   -0.009855,   -0.003319
  180     0.000293,    0.000742,    0.000202,   -0.000775,    0.000434
  181     0.001686,    0.001946,   -0.000038,    0.002949,   -0.001310
  182     0.000001,    0.000001,    0.000000,    0.000001,   -0.000001
  183    -0.002792,   -0.002004,    0.000467,   -0.000917,    0.002339
  184     0.000947,    0.001440,   -0.000122,    0.005469,   -0.001825
  185    -0.000000,   -0.000000,    0.000000,    0.000002,   -0.000000
  186    -0.000328,   -0.000443,   -0.000009,   -0.000671,    0.000104
  187    -0.000000,   -0.000000,    0.000000,   -0.000001,    0.000000
  188    -0.000098,   -0.000011,    0.000013,    0.000080,    0.000015
  189     0.000000,   -0.000000,   -0.000000,   -0.000000,   -0.000000
  190     0.000615,    0.000546,   -0.000069,    0.001474,   -0.000503
  191    -0.010213,   -0.013840,    0.000640,   -0.012473,    0.013946
  192    -0.013461,   -0.017299,    0.001755,   -0.015277,    0.021797
  193    -0.001963,   -0.002914,    0.001265,   -0.002707,    0.009757
  194    -0.001012,   -0.001001,    0.000219,   -0.002018,    0.001833
  195    -0.000256,   -0.000523,   -0.000126,    0.000359,   -0.000370
  196     0.001121,    0.001470,   -0.000059,    0.001576,   -0.001281
  197    -0.002077,   -0.002076,    0.000473,   -0.003665,    0.003708
  198    -0.000021,   -0.000382,   -0.000199,    0.001826,   -0.000816
  199     0.001764,    0.002225,   -0.000078,    0.001653,   -0.001311
  200    -0.000425,   -0.000413,    0.000070,   -0.000629,    0.000563
  201     0.000018,    0.000131,    0.000035,   -0.000082,    0.000152
  202    -0.000339,   -0.000397,    0.000063,   -0.000574,    0.000498
  203     0.000451,    0.000450,   -0.000130,    0.000716,   -0.000995
  204     0.000004,    0.000044,    0.000001,   -0.000383,   -0.000027
                80,          81,          82,          83,          84
    0     0.000002,    0.009244,    0.011732,    0.000004,    0.003370
    1     0.000005,    0.021017,    0.023314,    0.000006,    0.005552
    2    -0.000009,   -0.040781,   -0.037470,   -0.000008,   -0.004977
    3    -0.000010,   -0.033650,   -0.027794,   -0.000008,   -0.004304
    4    -0.000003,    0.009189,   -0.004133,   -0.000002,    0.002718
    5    -0.000017,   -0.099073,   -0.080802,   -0.000019,   -0.023807
    6    -0.000016,   -0.072863,   -0.057535,   -0.000006,   -0.017473
    7    -0.006195,   -0.000020,   -0.000006,   -0.010146,   -0.000011
    8    -0.000018,   -0.062117,   -0.054255,   -0.000017,   -0.014867
    9    -0.000009,   -0.050175,   -0.035531,   -0.000003,   -0.011969
   10    -0.008439,   -0.000015,    0.000001,   -0.009749,   -0.000008
   11    -0.000003,   -0.015545,   -0.012031,   -0.000003,   -0.003721
   12    -0.000006,   -0.009694,   -0.014213,   -0.000003,   -0.002324
   13    -0.009438,   -0.000007,   -0.000004,   -0.007559,   -0.000003
   14     0.000000,   -0.005580,   -0.001679,   -0.000000,   -0.001316
   15     0.006184,    0.000000,   -0.000001,    0.004489,    0.000000
   16     0.000004,    0.002690,    0.003136,    0.000003,    0.000641
   17     0.005615,   -0.000000,    0.000000,    0.003857,   -0.000000
   18     0.000000,   -0.000306,   -0.005009,    0.000000,   -0.000085
   19    -0.000002,   -0.005054,   -0.001353,   -0.000002,   -0.001151
   20     0.015307,    0.000000,   -0.000003,    0.010724,    0.000000
   21     0.000007,    0.004079,    0.001661,    0.000005,    0.000946
   22     0.012965,    0.000003,    0.000000,    0.008882,    0.000001
   23     0.000002,    0.001136,   -0.007917,    0.000001,    0.000259
   24    -0.000001,   -0.001647,   -0.001575,   -0.000000,   -0.000331
   25     0.002990,    0.000000,   -0.000000,    0.002040,    0.000000
   26     0.000000,    0.000977,    0.000227,    0.000000,    0.000169
   27    -0.002487,    0.000000,    0.000000,   -0.001690,   -0.000000
   28     0.000000,    0.000783,    0.001172,    0.000000,    0.000177
   29     0.001401,    0.000000,   -0.000000,    0.000956,    0.000000
   30     0.000000,    0.001338,   -0.001750,    0.000000,    0.000309
   31    -0.012750,    0.010925,    0.011913,   -0.010883,    0.003508
   32    -0.015272,    0.013060,    0.017728,   -0.013127,    0.003972
   33    -0.015492,    0.002447,    0.007339,   -0.011518,    0.000731
   34     0.000670,   -0.001361,   -0.001327,    0.000449,   -0.000323
   35    -0.000027,   -0.000122,   -0.000185,   -0.000174,    0.000028
   36     0.000489,   -0.001310,   -0.001106,    0.000455,   -0.000391
   37    -0.000097,   -0.002497,   -0.002701,   -0.000128,   -0.000601
   38     0.001491,   -0.001133,   -0.000568,    0.000858,   -0.000215
   39    -0.001420,   -0.001414,   -0.001178,   -0.000911,   -0.000412
   40     0.000307,   -0.000427,   -0.000419,    0.000206,   -0.000102
   41    -0.000006,    0.000017,    0.000095,    0.000024,   -0.000008
   42    -0.000188,    0.000434,    0.000396,   -0.000117,    0.000111
   43    -0.000217,    0.000482,    0.000722,   -0.000143,    0.000115
   44    -0.000186,    0.000250,   -0.000014,   -0.000114,    0.000054
   45     0.012760,    0.010926,    0.011900,    0.010888,    0.003513
   46     0.015291,    0.013064,    0.017722,    0.013137,    0.003978
   47     0.015504,    0.002449,    0.007331,    0.011526,    0.000733
   48    -0.000671,   -0.001361,   -0.001326,   -0.000450,   -0.000323
   49     0.000026,   -0.000124,   -0.000187,    0.000173,    0.000028
   50     0.000490,    0.001310,    0.001106,    0.000455,    0.000392
   51     0.000094,   -0.002495,   -0.002700,    0.000126,   -0.000600
   52    -0.001491,   -0.001134,   -0.000567,   -0.000858,   -0.000215
   53    -0.001420,    0.001414,    0.001181,   -0.000911,    0.000412
   54    -0.000307,   -0.000426,   -0.000418,   -0.000206,   -0.000101
   55    -0.000006,   -0.000018,   -0.000096,    0.000024,    0.000008
   56     0.000189,    0.000434,    0.000396,    0.000117,    0.000111
   57    -0.000218,   -0.000483,   -0.000723,   -0.000143,   -0.000115
   58     0.000185,    0.000250,   -0.000014,    0.000114,    0.000054
   59    -0.000006,    0.011816,    0.001861,   -0.000001,    0.003706
   60    -0.000013,    0.020846,   -0.001949,   -0.000006,    0.005781
   61    -0.000006,    0.006611,   -0.002259,   -0.000003,    0.001699
   62    -0.000000,   -0.000470,   -0.000324,    0.000000,   -0.000032
   63     0.000000,   -0.002100,   -0.001042,   -0.000000,   -0.000556
   64    -0.000130,   -0.000001,   -0.000000,   -0.000175,   -0.000000
   65    -0.000002,   -0.000504,   -0.002001,   -0.000001,   -0.000051
   66     0.000001,   -0.003914,   -0.001319,    0.000000,   -0.000984
   67     0.000432,   -0.000001,    0.000000,    0.000131,   -0.000001
   68     0.000000,   -0.000493,   -0.000098,    0.000000,   -0.000129
   69     0.000144,    0.000000,    0.000000,    0.000122,    0.000000
   70     0.000000,   -0.000070,    0.000020,    0.000000,   -0.000024
   71     0.000240,   -0.000000,    0.000000,    0.000133,   -0.000000
   72    -0.000000,   -0.001011,   -0.000419,    0.000000,   -0.000235
   73     0.000001,    0.000000,    0.017899,    0.000009,   -0.000000
   74     0.000002,    0.000000,    0.023481,    0.000012,   -0.000000
   75    -0.000002,    0.000000,    0.004108,   -0.000004,    0.000000
   76    -0.000012,   -0.000000,   -0.002512,   -0.000011,   -0.000000
   77    -0.000010,    0.000000,    0.030523,   -0.000005,    0.000000
   78    -0.000000,    0.168349,    0.000000,    0.000000,    0.038315
   79    -0.000000,   -0.000000,    0.199660,    0.000007,   -0.000000
   80     0.335433,    0.000000,   -0.000005,    0.230168,    0.000000
   81     0.000000,    0.114604,    0.000000,    0.000000,    0.026279
   82    -0.000005,    0.000000,    0.140078,    0.000002,   -0.000000
   83     0.230168,    0.000000,    0.000002,    0.158154,    0.000000
   84     0.000000,    0.026279,   -0.000000,    0.000000,    0.006164
   85    -0.000000,   -0.000000,    0.031714,    0.000001,   -0.000000
   86     0.066827,    0.000000,    0.000005,    0.046051,    0.000000
   87     0.000000,   -0.008276,   -0.000000,    0.000000,   -0.001835
   88     0.013423,    0.000000,   -0.000002,    0.009415,    0.000000
   89     0.000011,   -0.000000,    0.007734,    0.000008,    0.000000
   90    -0.000000,    0.000001,   -0.000000,   -0.000000,    0.000000
   91     0.000002,    0.000000,   -0.005036,    0.000001,   -0.000000
   92    -0.000000,   -0.011422,    0.000000,   -0.000000,   -0.002570
   93     0.012367,    0.000000,    0.000001,    0.009109,    0.000000
   94     0.000010,    0.000000,    0.011333,    0.000007,    0.000000
   95     0.000000,    0.000005,   -0.000000,   -0.000000,    0.000002
   96     0.000005,   -0.000000,   -0.004365,    0.000004,   -0.000000
   97     0.000000,    0.000000,    0.002070,    0.000000,    0.000000
   98     0.000000,   -0.000001,    0.000000,    0.000000,   -0.000000
   99    -0.000000,   -0.000000,   -0.000751,   -0.000000,   -0.000000
  100    -0.001255,   -0.000000,    0.000001,   -0.000768,    0.000000
  101    -0.000000,   -0.002171,   -0.000000,   -0.000000,   -0.000502
  102     0.000187,   -0.000000,    0.000000,    0.000079,   -0.000000
  103    -0.000000,    0.000216,    0.000000,    0.000000,    0.000049
  104    -0.118738,   -0.000000,    0.052699,   -0.081820,   -0.000000
  105    -0.143194,   -0.000000,    0.059028,   -0.098577,   -0.000000
  106    -0.045696,   -0.000000,    0.015586,   -0.031915,   -0.000000
  107     0.000000,    0.002663,    0.000000,    0.000000,    0.000610
  108     0.008980,    0.000000,   -0.001019,    0.006154,    0.000000
  109    -0.006603,   -0.000000,    0.005288,   -0.004542,   -0.000000
  110    -0.000000,    0.004476,    0.000000,    0.000000,    0.001021
  111     0.008975,   -0.000000,    0.002410,    0.006089,   -0.000000
  112    -0.002368,    0.000000,    0.004870,   -0.001543,    0.000000
  113    -0.000000,   -0.000773,   -0.000000,   -0.000000,   -0.000174
  114     0.001499,   -0.000000,   -0.000132,    0.001025,   -0.000000
  115     0.000698,   -0.000000,    0.001263,    0.000472,    0.000000
  116     0.000000,    0.001228,    0.000000,    0.000000,    0.000282
  117     0.001191,    0.000000,    0.000427,    0.000811,   -0.000000
  118     0.118789,   -0.000000,    0.052665,    0.081857,    0.000000
  119     0.143256,   -0.000000,    0.058978,    0.098622,    0.000000
  120     0.045716,   -0.000000,    0.015573,    0.031929,    0.000000
  121    -0.000000,    0.002664,    0.000000,   -0.000000,    0.000610
  122    -0.008978,   -0.000000,   -0.001012,   -0.006152,   -0.000000
  123    -0.006612,    0.000000,   -0.005287,   -0.004549,   -0.000000
  124    -0.000000,    0.004473,    0.000000,   -0.000000,    0.001021
  125    -0.008973,   -0.000000,    0.002418,   -0.006087,   -0.000000
  126    -0.002379,   -0.000000,   -0.004865,   -0.001551,    0.000000
  127     0.000000,   -0.000772,   -0.000000,    0.000000,   -0.000174
  128     0.001500,    0.000000,    0.000130,    0.001026,    0.000000
  129    -0.000696,   -0.000000,    0.001263,   -0.000470,   -0.000000
  130     0.000000,   -0.001229,   -0.000000,   -0.000000,   -0.000282
  131    -0.001190,   -0.000000,    0.000428,   -0.000811,   -0.000000
  132     0.000002,   -0.009244,    0.011732,    0.000004,   -0.003370
  133     0.000005,   -0.021017,    0.023314,    0.000006,   -0.005552
  134    -0.000009,    0.040781,   -0.037470,   -0.000008,    0.004977
  135    -0.000010,    0.033650,   -0.027794,   -0.000008,    0.004304
  136    -0.000003,   -0.009189,   -0.004133,   -0.000002,   -0.002718
  137     0.000017,   -0.099073,    0.080802,    0.000019,   -0.023807
  138    -0.000016,    0.072863,   -0.057535,   -0.000006,    0.017473
  139    -0.006195,    0.000020,   -0.000006,   -0.010146,    0.000011
  140     0.000018,   -0.062117,    0.054255,    0.000017,   -0.014867
  141    -0.000009,    0.050175,   -0.035531,   -0.000003,    0.011969
  142    -0.008439,    0.000015,    0.000001,   -0.009749,    0.000008
  143     0.000003,   -0.015545,    0.012031,    0.000003,   -0.003721
  144    -0.000006,    0.009694,   -0.014213,   -0.000003,    0.002324
  145    -0.009438,    0.000007,   -0.000004,   -0.007559,    0.000003
  146    -0.000000,   -0.005580,    0.001679,    0.000000,   -0.001316
  147     0.006184,   -0.000000,   -0.000001,    0.004489,   -0.000000
  148     0.000004,   -0.002690,    0.003136,    0.000003,   -0.000641
  149    -0.005615,   -0.000000,   -0.000000,   -0.003857,   -0.000000
  150     0.000000,    0.000306,   -0.005009,    0.000000,    0.000085
  151     0.000002,   -0.005054,    0.001353,    0.000002,   -0.001151
  152     0.015307,   -0.000000,   -0.000003,    0.010724,   -0.000000
  153     0.000007,   -0.004079,    0.001661,    0.000005,   -0.000946
  154    -0.012965,    0.000003,   -0.000000,   -0.008882,    0.000001
  155     0.000002,   -0.001136,   -0.007917,    0.000001,   -0.000259
  156    -0.000001,    0.001647,   -0.001575,   -0.000000,    0.000331
  157    -0.002990,    0.000000,    0.000000,   -0.002040,    0.000000
  158     0.000000,   -0.000977,    0.000227,    0.000000,   -0.000169
  159    -0.002487,   -0.000000,    0.000000,   -0.001690,    0.000000
  160    -0.000000,    0.000783,   -0.001172,   -0.000000,    0.000177
  161     0.001401,   -0.000000,   -0.000000,    0.000956,   -0.000000
  162    -0.000000,    0.001338,    0.001750,   -0.000000,    0.000309
  163     0.012760,   -0.010926,    0.011900,    0.010888,   -0.003513
  164     0.015291,   -0.013064,    0.017722,    0.013137,   -0.003978
  165     0.015504,   -0.002449,    0.007331,    0.011526,   -0.000733
  166     0.000671,   -0.001361,    0.001326,    0.000450,   -0.000323
  167     0.000026,    0.000124,   -0.000187,    0.000173,   -0.000028
  168     0.000490,   -0.001310,    0.001106,    0.000455,   -0.000392
  169    -0.000094,   -0.002495,    0.002700,   -0.000126,   -0.000600
  170    -0.001491,    0.001134,   -0.000567,   -0.000858,    0.000215
  171    -0.001420,   -0.001414,    0.001181,   -0.000911,   -0.000412
  172     0.000307,   -0.000426,    0.000418,    0.000206,   -0.000101
  173    -0.000006,    0.000018,   -0.000096,    0.000024,   -0.000008
  174     0.000189,   -0.000434,    0.000396,    0.000117,   -0.000111
  175     0.000218,   -0.000483,    0.000723,    0.000143,   -0.000115
  176     0.000185,   -0.000250,   -0.000014,    0.000114,   -0.000054
  177    -0.000006,   -0.011816,    0.001861,   -0.000001,   -0.003706
  178    -0.000013,   -0.020846,   -0.001949,   -0.000006,   -0.005781
  179    -0.000006,   -0.006611,   -0.002259,   -0.000003,   -0.001699
  180     0.000000,   -0.000470,    0.000324,   -0.000000,   -0.000032
  181     0.000000,    0.002100,   -0.001042,   -0.000000,    0.000556
  182    -0.000130,    0.000001,   -0.000000,   -0.000175,    0.000000
  183     0.000002,   -0.000504,    0.002001,    0.000001,   -0.000051
  184     0.000001,    0.003914,   -0.001319,    0.000000,    0.000984
  185     0.000432,    0.000001,    0.000000,    0.000131,    0.000001
  186    -0.000000,   -0.000493,    0.000098,   -0.000000,   -0.000129
  187     0.000144,   -0.000000,    0.000000,    0.000122,   -0.000000
  188     0.000000,    0.000070,    0.000020,    0.000000,    0.000024
  189    -0.000240,   -0.000000,   -0.000000,   -0.000133,   -0.000000
  190    -0.000000,    0.001011,   -0.000419,    0.000000,    0.000235
  191    -0.012750,   -0.010925,    0.011913,   -0.010883,   -0.003508
  192    -0.015272,   -0.013060,    0.017728,   -0.013127,   -0.003972
  193    -0.015492,   -0.002447,    0.007339,   -0.011518,   -0.000731
  194    -0.000670,   -0.001361,    0.001327,   -0.000449,   -0.000323
  195    -0.000027,    0.000122,   -0.000185,   -0.000174,   -0.000028
  196     0.000489,    0.001310,   -0.001106,    0.000455,    0.000391
  197     0.000097,   -0.002497,    0.002701,    0.000128,   -0.000601
  198     0.001491,    0.001133,   -0.000568,    0.000858,    0.000215
  199    -0.001420,    0.001414,   -0.001178,   -0.000911,    0.000412
  200    -0.000307,   -0.000427,    0.000419,   -0.000206,   -0.000102
  201    -0.000006,   -0.000017,    0.000095,    0.000024,    0.000008
  202    -0.000188,   -0.000434,    0.000396,   -0.000117,   -0.000111
  203     0.000217,    0.000482,   -0.000722,    0.000143,    0.000115
  204    -0.000186,   -0.000250,   -0.000014,   -0.000114,   -0.000054
                85,          86,          87,          88,          89
    0     0.002088,    0.000001,   -0.001569,   -0.000000,    0.001048
    1     0.003805,    0.000002,   -0.003281,   -0.000000,    0.002131
    2    -0.005128,   -0.000003,    0.005710,    0.000000,   -0.003589
    3    -0.003846,   -0.000002,    0.004678,    0.000000,   -0.002751
    4    -0.000426,   -0.000001,   -0.000269,   -0.000000,   -0.000424
    5    -0.016630,   -0.000010,    0.009574,   -0.000000,   -0.003344
    6    -0.016243,   -0.000006,    0.001191,    0.000000,   -0.004238
    7    -0.000001,   -0.006521,    0.000000,   -0.005773,   -0.000003
    8    -0.011179,   -0.000007,    0.006305,   -0.000000,   -0.002317
    9    -0.010168,   -0.000004,    0.000866,   -0.000000,   -0.002669
   10     0.000000,   -0.005231,    0.000000,   -0.004048,   -0.000002
   11    -0.002379,   -0.000001,    0.001682,   -0.000000,   -0.000483
   12    -0.003888,   -0.000002,   -0.000021,   -0.000000,   -0.001013
   13    -0.000001,   -0.002851,    0.000000,   -0.001392,   -0.000001
   14    -0.000275,   -0.000000,    0.000514,    0.000000,   -0.000048
   15    -0.000000,    0.001452,   -0.000000,    0.000478,    0.000000
   16     0.000787,    0.000001,   -0.000052,    0.000000,    0.000204
   17     0.000000,    0.001123,    0.000000,    0.000229,    0.000000
   18    -0.001179,   -0.000000,   -0.000066,    0.000000,   -0.000290
   19    -0.000206,   -0.000001,    0.000537,   -0.000000,   -0.000068
   20    -0.000001,    0.003248,   -0.000000,    0.000820,    0.000000
   21     0.000371,    0.000002,   -0.000139,    0.000001,    0.000100
   22     0.000000,    0.002570,   -0.000000,    0.000505,    0.000000
   23    -0.001781,    0.000000,   -0.000147,    0.000000,   -0.000437
   24    -0.000318,   -0.000000,    0.000147,   -0.000000,   -0.000099
   25    -0.000000,    0.000586,   -0.000000,    0.000109,    0.000000
   26     0.000017,    0.000000,   -0.000102,   -0.000000,    0.000029
   27    -0.000000,   -0.000481,   -0.000000,   -0.000084,   -0.000000
   28     0.000243,    0.000000,   -0.000069,    0.000000,    0.000064
   29    -0.000000,    0.000275,   -0.000000,    0.000051,    0.000000
   30    -0.000385,   -0.000000,   -0.000091,    0.000000,   -0.000090
   31     0.004146,   -0.004451,    0.000745,   -0.002509,    0.000621
   32     0.005679,   -0.005414,    0.000782,   -0.003091,    0.001014
   33     0.002057,   -0.003881,    0.000293,   -0.001451,    0.000449
   34    -0.000266,    0.000124,    0.000144,    0.000017,   -0.000056
   35     0.000010,   -0.000144,    0.000059,   -0.000146,   -0.000028
   36    -0.000390,    0.000204,   -0.000055,    0.000131,   -0.000059
   37    -0.000532,   -0.000074,    0.000240,   -0.000061,   -0.000114
   38    -0.000095,    0.000149,    0.000087,   -0.000095,   -0.000061
   39    -0.000423,   -0.000226,   -0.000061,    0.000002,   -0.000064
   40    -0.000084,    0.000057,    0.000042,    0.000008,   -0.000019
   41     0.000006,    0.000024,   -0.000014,    0.000026,    0.000011
   42     0.000111,   -0.000026,   -0.000000,    0.000004,    0.000023
   43     0.000149,   -0.000038,   -0.000052,   -0.000003,    0.000033
   44     0.000001,   -0.000025,   -0.000018,    0.000005,    0.000004
   45     0.004142,    0.004457,    0.000744,    0.002510,    0.000623
   46     0.005676,    0.005421,    0.000781,    0.003092,    0.001017
   47     0.002055,    0.003885,    0.000292,    0.001452,    0.000450
   48    -0.000266,   -0.000124,    0.000144,   -0.000016,   -0.000057
   49     0.000010,    0.000144,    0.000059,    0.000146,   -0.000028
   50     0.000389,    0.000205,    0.000055,    0.000131,    0.000059
   51    -0.000532,    0.000073,    0.000240,    0.000061,   -0.000114
   52    -0.000095,   -0.000149,    0.000087,    0.000095,   -0.000061
   53     0.000424,   -0.000226,    0.000061,    0.000002,    0.000064
   54    -0.000084,   -0.000057,    0.000042,   -0.000008,   -0.000019
   55    -0.000007,    0.000024,    0.000014,    0.000026,   -0.000011
   56     0.000111,    0.000026,   -0.000000,   -0.000004,    0.000023
   57    -0.000149,   -0.000038,    0.000052,   -0.000003,   -0.000033
   58     0.000001,    0.000025,   -0.000018,   -0.000005,    0.000004
   59    -0.000338,   -0.000001,   -0.002255,   -0.000001,   -0.000842
   60    -0.001550,   -0.000003,   -0.003200,   -0.000001,   -0.001238
   61    -0.000875,   -0.000001,   -0.001125,   -0.000000,   -0.000382
   62    -0.000132,   -0.000000,   -0.000070,   -0.000000,   -0.000099
   63    -0.000228,   -0.000000,    0.000190,    0.000000,   -0.000008
   64    -0.000000,   -0.000103,    0.000000,   -0.000085,   -0.000000
   65    -0.000501,   -0.000000,    0.000002,   -0.000000,   -0.000203
   66    -0.000315,    0.000000,    0.000236,    0.000000,   -0.000021
   67     0.000000,   -0.000062,    0.000000,   -0.000138,    0.000000
   68    -0.000025,    0.000000,    0.000034,    0.000000,    0.000006
   69     0.000000,    0.000049,   -0.000000,    0.000027,    0.000000
   70     0.000002,    0.000000,    0.000008,    0.000000,    0.000008
   71     0.000000,    0.000020,    0.000000,   -0.000020,    0.000000
   72    -0.000106,   -0.000000,    0.000058,   -0.000000,   -0.000031
   73    -0.001903,    0.000005,   -0.000000,    0.000000,    0.000572
   74    -0.003328,    0.000009,   -0.000000,    0.000001,    0.000770
   75     0.004533,   -0.000010,   -0.000000,   -0.000002,    0.000137
   76     0.002517,   -0.000011,    0.000000,   -0.000002,    0.000024
   77     0.006607,   -0.000001,   -0.000000,   -0.000001,    0.001711
   78     0.000000,    0.000000,   -0.012452,    0.000000,   -0.000000
   79     0.045601,    0.000007,    0.000000,   -0.000002,    0.011057
   80    -0.000000,    0.066827,    0.000000,    0.013423,    0.000011
   81    -0.000000,    0.000000,   -0.008276,    0.000000,   -0.000000
   82     0.031714,    0.000005,   -0.000000,   -0.000002,    0.007734
   83     0.000001,    0.046051,    0.000000,    0.009415,    0.000008
   84    -0.000000,    0.000000,   -0.001835,    0.000000,    0.000000
   85     0.007444,    0.000001,    0.000000,   -0.000000,    0.001756
   86     0.000001,    0.013489,    0.000000,    0.002857,    0.000003
   87     0.000000,    0.000000,    0.000765,   -0.000000,    0.000000
   88    -0.000000,    0.002857,   -0.000000,    0.000728,    0.000000
   89     0.001756,    0.000003,    0.000000,    0.000000,    0.000455
   90    -0.000000,   -0.000000,   -0.000000,   -0.000000,   -0.000000
   91    -0.001271,    0.000000,   -0.000000,    0.000000,   -0.000351
   92     0.000000,   -0.000000,    0.001108,   -0.000000,    0.000000
   93     0.000000,    0.003022,    0.000000,    0.001078,    0.000001
   94     0.002478,    0.000003,   -0.000000,    0.000000,    0.000682
   95    -0.000000,   -0.000000,   -0.000000,    0.000000,   -0.000000
   96    -0.001248,    0.000001,    0.000000,    0.000000,   -0.000409
   97     0.000436,    0.000000,   -0.000000,    0.000000,    0.000125
   98     0.000000,    0.000000,    0.000000,    0.000000,    0.000000
   99    -0.000129,   -0.000000,    0.000000,   -0.000000,   -0.000035
  100     0.000000,   -0.000166,    0.000000,    0.000037,    0.000000
  101    -0.000000,   -0.000000,    0.000147,    0.000000,    0.000000
  102     0.000000,   -0.000007,   -0.000000,   -0.000038,    0.000000
  103     0.000000,    0.000000,    0.000092,   -0.000000,    0.000000
  104     0.012908,   -0.023965,    0.000000,   -0.005076,    0.002960
  105     0.014671,   -0.028816,   -0.000000,   -0.006033,    0.003307
  106     0.003994,   -0.009605,    0.000000,   -0.002353,    0.000931
  107     0.000000,    0.000000,   -0.000182,    0.000000,   -0.000000
  108    -0.000291,    0.001782,    0.000000,    0.000352,   -0.000056
  109     0.001290,   -0.001326,   -0.000000,   -0.000275,    0.000295
  110     0.000000,    0.000000,   -0.000311,   -0.000000,    0.000000
  111     0.000424,    0.001726,    0.000000,    0.000294,    0.000139
  112     0.001269,   -0.000399,   -0.000000,   -0.000019,    0.000260
  113    -0.000000,   -0.000000,    0.000056,   -0.000000,   -0.000000
  114    -0.000061,    0.000296,    0.000000,    0.000057,   -0.000007
  115     0.000305,    0.000133,   -0.000000,    0.000021,    0.000071
  116     0.000000,    0.000000,   -0.000081,    0.000000,   -0.000000
  117     0.000079,    0.000232,    0.000000,    0.000042,    0.000022
  118     0.012901,    0.023976,    0.000000,    0.005076,    0.002966
  119     0.014661,    0.028829,   -0.000000,    0.006033,    0.003314
  120     0.003992,    0.009610,    0.000000,    0.002353,    0.000934
  121     0.000000,    0.000000,   -0.000182,   -0.000000,   -0.000000
  122    -0.000290,   -0.001781,    0.000000,   -0.000352,   -0.000056
  123    -0.001290,   -0.001328,    0.000000,   -0.000276,   -0.000295
  124     0.000000,   -0.000000,   -0.000311,   -0.000000,    0.000000
  125     0.000425,   -0.001725,    0.000000,   -0.000294,    0.000139
  126    -0.001268,   -0.000401,    0.000000,   -0.000019,   -0.000260
  127    -0.000000,    0.000000,    0.000056,    0.000000,   -0.000000
  128     0.000061,    0.000296,   -0.000000,    0.000057,    0.000007
  129     0.000305,   -0.000132,   -0.000000,   -0.000021,    0.000071
  130    -0.000000,   -0.000000,    0.000082,    0.000000,    0.000000
  131     0.000079,   -0.000232,    0.000000,   -0.000042,    0.000022
  132     0.002088,    0.000001,    0.001569,   -0.000000,    0.001048
  133     0.003805,    0.000002,    0.003281,   -0.000000,    0.002131
  134    -0.005128,   -0.000003,   -0.005710,    0.000000,   -0.003589
  135    -0.003846,   -0.000002,   -0.004678,    0.000000,   -0.002751
  136    -0.000426,   -0.000001,    0.000269,   -0.000000,   -0.000424
  137     0.016630,    0.000010,    0.009574,    0.000000,    0.003344
  138    -0.016243,   -0.000006,   -0.001191,    0.000000,   -0.004238
  139    -0.000001,   -0.006521,   -0.000000,   -0.005773,   -0.000003
  140     0.011179,    0.000007,    0.006305,    0.000000,    0.002317
  141    -0.010168,   -0.000004,   -0.000866,   -0.000000,   -0.002669
  142     0.000000,   -0.005231,   -0.000000,   -0.004048,   -0.000002
  143     0.002379,    0.000001,    0.001682,    0.000000,    0.000483
  144    -0.003888,   -0.000002,    0.000021,   -0.000000,   -0.001013
  145    -0.000001,   -0.002851,   -0.000000,   -0.001392,   -0.000001
  146     0.000275,    0.000000,    0.000514,   -0.000000,    0.000048
  147    -0.000000,    0.001452,    0.000000,    0.000478,    0.000000
  148     0.000787,    0.000001,    0.000052,    0.000000,    0.000204
  149    -0.000000,   -0.001123,    0.000000,   -0.000229,   -0.000000
  150    -0.001179,   -0.000000,    0.000066,    0.000000,   -0.000290
  151     0.000206,    0.000001,    0.000537,    0.000000,    0.000068
  152    -0.000001,    0.003248,    0.000000,    0.000820,    0.000000
  153     0.000371,    0.000002,    0.000139,    0.000001,    0.000100
  154    -0.000000,   -0.002570,   -0.000000,   -0.000505,   -0.000000
  155    -0.001781,    0.000000,    0.000147,    0.000000,   -0.000437
  156    -0.000318,   -0.000000,   -0.000147,   -0.000000,   -0.000099
  157     0.000000,   -0.000586,   -0.000000,   -0.000109,   -0.000000
  158     0.000017,    0.000000,    0.000102,   -0.000000,    0.000029
  159    -0.000000,   -0.000481,    0.000000,   -0.000084,   -0.000000
  160    -0.000243,   -0.000000,   -0.000069,   -0.000000,   -0.000064
  161    -0.000000,    0.000275,    0.000000,    0.000051,    0.000000
  162     0.000385,    0.000000,   -0.000091,   -0.000000,    0.000090
  163     0.004142,    0.004457,   -0.000744,    0.002510,    0.000623
  164     0.005676,    0.005421,   -0.000781,    0.003092,    0.001017
  165     0.002055,    0.003885,   -0.000292,    0.001452,    0.000450
  166     0.000266,    0.000124,    0.000144,    0.000016,    0.000057
  167     0.000010,    0.000144,   -0.000059,    0.000146,   -0.000028
  168     0.000389,    0.000205,   -0.000055,    0.000131,    0.000059
  169     0.000532,   -0.000073,    0.000240,   -0.000061,    0.000114
  170    -0.000095,   -0.000149,   -0.000087,    0.000095,   -0.000061
  171     0.000424,   -0.000226,   -0.000061,    0.000002,    0.000064
  172     0.000084,    0.000057,    0.000042,    0.000008,    0.000019
  173    -0.000007,    0.000024,   -0.000014,    0.000026,   -0.000011
  174     0.000111,    0.000026,    0.000000,   -0.000004,    0.000023
  175     0.000149,    0.000038,    0.000052,    0.000003,    0.000033
  176     0.000001,    0.000025,    0.000018,   -0.000005,    0.000004
  177    -0.000338,   -0.000001,    0.002255,   -0.000001,   -0.000842
  178    -0.001550,   -0.000003,    0.003200,   -0.000001,   -0.001238
  179    -0.000875,   -0.000001,    0.001125,   -0.000000,   -0.000382
  180     0.000132,    0.000000,   -0.000070,    0.000000,    0.000099
  181    -0.000228,   -0.000000,   -0.000190,    0.000000,   -0.000008
  182    -0.000000,   -0.000103,   -0.000000,   -0.000085,   -0.000000
  183     0.000501,    0.000000,    0.000002,    0.000000,    0.000203
  184    -0.000315,    0.000000,   -0.000236,    0.000000,   -0.000021
  185     0.000000,   -0.000062,   -0.000000,   -0.000138,    0.000000
  186     0.000025,   -0.000000,    0.000034,   -0.000000,   -0.000006
  187     0.000000,    0.000049,    0.000000,    0.000027,    0.000000
  188     0.000002,    0.000000,   -0.000008,    0.000000,    0.000008
  189    -0.000000,   -0.000020,    0.000000,    0.000020,   -0.000000
  190    -0.000106,   -0.000000,   -0.000058,   -0.000000,   -0.000031
  191     0.004146,   -0.004451,   -0.000745,   -0.002509,    0.000621
  192     0.005679,   -0.005414,   -0.000782,   -0.003091,    0.001014
  193     0.002057,   -0.003881,   -0.000293,   -0.001451,    0.000449
  194     0.000266,   -0.000124,    0.000144,   -0.000017,    0.000056
  195     0.000010,   -0.000144,   -0.000059,   -0.000146,   -0.000028
  196    -0.000390,    0.000204,    0.000055,    0.000131,   -0.000059
  197     0.000532,    0.000074,    0.000240,    0.000061,    0.000114
  198    -0.000095,    0.000149,   -0.000087,   -0.000095,   -0.000061
  199    -0.000423,   -0.000226,    0.000061,    0.000002,   -0.000064
  200     0.000084,   -0.000057,    0.000042,   -0.000008,    0.000019
  201     0.000006,    0.000024,    0.000014,    0.000026,    0.000011
  202     0.000111,   -0.000026,    0.000000,    0.000004,    0.000023
  203    -0.000149,    0.000038,   -0.000052,    0.000003,   -0.000033
  204     0.000001,   -0.000025,    0.000018,    0.000005,    0.000004
                90,          91,          92,          93,          94
    0    -0.000000,   -0.000738,   -0.003233,    0.000000,    0.003434
    1    -0.000000,   -0.001557,   -0.005758,    0.000000,    0.005660
    2     0.000000,    0.002864,    0.007040,   -0.000001,   -0.005387
    3    -0.000000,    0.002076,    0.005846,   -0.000001,   -0.003463
    4     0.000000,    0.000371,   -0.000484,   -0.000001,   -0.000619
    5     0.000000,   -0.000739,    0.014968,   -0.000004,   -0.005534
    6    -0.000000,    0.007792,    0.000009,    0.000006,   -0.009440
    7    -0.005702,    0.000000,    0.000002,   -0.017088,   -0.000004
    8     0.000000,   -0.000357,    0.009922,   -0.000003,   -0.003775
    9    -0.000000,    0.004942,    0.000060,    0.000003,   -0.005719
   10    -0.003933,    0.000000,    0.000002,   -0.011631,   -0.000002
   11     0.000000,   -0.000227,    0.002678,   -0.000001,   -0.000714
   12     0.000000,    0.001680,   -0.000336,    0.000001,   -0.002015
   13    -0.001149,    0.000000,    0.000001,   -0.003444,   -0.000001
   14     0.000000,   -0.000090,    0.000783,    0.000000,   -0.000159
   15     0.000215,    0.000000,   -0.000000,    0.000931,    0.000000
   16     0.000000,   -0.000283,   -0.000013,    0.000001,    0.000439
   17     0.000012,   -0.000000,    0.000000,    0.000220,    0.000000
   18     0.000000,    0.000261,   -0.000127,    0.000000,   -0.000492
   19     0.000000,    0.000040,    0.000823,    0.000000,   -0.000334
   20     0.000203,    0.000000,   -0.000000,    0.001197,    0.000000
   21     0.000000,   -0.000070,   -0.000121,    0.000002,    0.000147
   22    -0.000006,    0.000000,   -0.000000,    0.000436,    0.000000
   23     0.000000,    0.000264,   -0.000234,    0.000000,   -0.000628
   24    -0.000000,    0.000070,    0.000193,   -0.000000,   -0.000162
   25    -0.000019,    0.000000,   -0.000000,    0.000079,    0.000000
   26     0.000000,   -0.000029,   -0.000128,   -0.000000,    0.000044
   27     0.000008,   -0.000000,   -0.000000,   -0.000045,   -0.000000
   28    -0.000000,   -0.000035,   -0.000100,    0.000000,    0.000117
   29     0.000012,    0.000000,   -0.000000,    0.000038,    0.000000
   30     0.000000,    0.000027,   -0.000124,   -0.000000,   -0.000101
   31    -0.001991,   -0.001562,    0.001282,   -0.006570,    0.001703
   32    -0.002331,   -0.002160,    0.001440,   -0.008131,    0.002439
   33    -0.000671,   -0.000713,    0.000550,   -0.003108,    0.000879
   34    -0.000012,   -0.000016,    0.000226,   -0.000007,   -0.000085
   35    -0.000148,    0.000008,    0.000078,   -0.000444,   -0.000028
   36     0.000113,    0.000154,   -0.000105,    0.000358,   -0.000164
   37     0.000011,   -0.000038,    0.000376,   -0.000179,   -0.000176
   38    -0.000143,    0.000074,    0.000100,   -0.000417,   -0.000119
   39     0.000027,    0.000184,   -0.000120,    0.000128,   -0.000183
   40    -0.000003,   -0.000001,    0.000065,   -0.000003,   -0.000033
   41     0.000023,   -0.000006,   -0.000019,    0.000080,    0.000019
   42     0.000010,   -0.000040,    0.000009,    0.000029,    0.000052
   43     0.000004,   -0.000001,   -0.000082,    0.000009,    0.000053
   44     0.000022,   -0.000016,   -0.000022,    0.000032,    0.000014
   45     0.001993,   -0.001559,    0.001279,    0.006571,    0.001704
   46     0.002333,   -0.002157,    0.001436,    0.008131,    0.002441
   47     0.000672,   -0.000712,    0.000549,    0.003109,    0.000879
   48     0.000012,   -0.000016,    0.000226,    0.000007,   -0.000085
   49     0.000148,    0.000009,    0.000078,    0.000444,   -0.000028
   50     0.000113,   -0.000154,    0.000104,    0.000358,    0.000164
   51    -0.000011,   -0.000038,    0.000376,    0.000178,   -0.000175
   52     0.000143,    0.000074,    0.000100,    0.000416,   -0.000120
   53     0.000028,   -0.000184,    0.000120,    0.000128,    0.000183
   54     0.000003,   -0.000001,    0.000065,    0.000003,   -0.000033
   55     0.000023,    0.000006,    0.000019,    0.000080,   -0.000019
   56    -0.000010,   -0.000040,    0.000009,   -0.000029,    0.000052
   57     0.000004,    0.000001,    0.000082,    0.000009,   -0.000053
   58    -0.000022,   -0.000016,   -0.000022,   -0.000031,    0.000014
   59    -0.000001,    0.002908,   -0.004314,   -0.000000,   -0.001817
   60    -0.000001,    0.003896,   -0.005766,    0.000000,   -0.002959
   61    -0.000000,    0.000999,   -0.001968,   -0.000000,   -0.000763
   62    -0.000000,    0.000269,   -0.000187,   -0.000000,   -0.000223
   63     0.000000,   -0.000084,    0.000318,    0.000000,   -0.000017
   64    -0.000089,   -0.000000,    0.000000,   -0.000250,   -0.000000
   65    -0.000000,    0.000397,   -0.000046,    0.000000,   -0.000528
   66     0.000000,   -0.000073,    0.000347,    0.000000,    0.000008
   67    -0.000165,   -0.000000,    0.000000,   -0.000457,    0.000000
   68     0.000000,   -0.000021,    0.000053,    0.000000,    0.000013
   69     0.000023,    0.000000,   -0.000000,    0.000070,    0.000000
   70     0.000000,   -0.000019,    0.000017,    0.000000,    0.000024
   71    -0.000035,   -0.000000,    0.000000,   -0.000081,    0.000000
   72    -0.000000,    0.000053,    0.000075,    0.000000,   -0.000079
   73    -0.000000,   -0.000366,   -0.000000,    0.000000,    0.008433
   74    -0.000000,   -0.000463,   -0.000000,    0.000001,    0.012644
   75    -0.000000,   -0.000243,    0.000000,   -0.000001,   -0.006745
   76     0.000000,   -0.000226,    0.000000,   -0.000001,   -0.006337
   77     0.000000,   -0.001134,   -0.000000,   -0.000000,    0.002531
   78     0.000001,    0.000000,   -0.017187,    0.000000,    0.000000
   79     0.000000,   -0.007059,    0.000000,    0.000002,    0.015135
   80    -0.000000,    0.000002,   -0.000000,    0.012367,    0.000010
   81     0.000001,    0.000000,   -0.011422,    0.000000,    0.000000
   82    -0.000000,   -0.005036,    0.000000,    0.000001,    0.011333
   83    -0.000000,    0.000001,   -0.000000,    0.009109,    0.000007
   84     0.000000,   -0.000000,   -0.002570,    0.000000,    0.000000
   85    -0.000000,   -0.001271,    0.000000,    0.000000,    0.002478
   86    -0.000000,    0.000000,   -0.000000,    0.003022,    0.000003
   87    -0.000000,   -0.000000,    0.001108,    0.000000,   -0.000000
   88    -0.000000,    0.000000,   -0.000000,    0.001078,    0.000000
   89    -0.000000,   -0.000351,    0.000000,    0.000001,    0.000682
   90     0.000188,   -0.000000,   -0.000000,   -0.000000,   -0.000000
   91    -0.000000,    0.000473,   -0.000000,    0.000000,   -0.000608
   92    -0.000000,   -0.000000,    0.001645,    0.000000,   -0.000000
   93    -0.000000,    0.000000,    0.000000,    0.002236,    0.000001
   94    -0.000000,   -0.000608,   -0.000000,    0.000001,    0.001323
   95     0.000468,    0.000000,   -0.000001,   -0.000000,   -0.000000
   96     0.000000,    0.000886,   -0.000000,    0.000001,   -0.001014
   97    -0.000000,   -0.000112,   -0.000000,   -0.000000,    0.000309
   98    -0.000098,    0.000000,    0.000000,    0.000000,    0.000000
   99    -0.000000,   -0.000011,    0.000000,   -0.000000,   -0.000099
  100    -0.000000,   -0.000000,    0.000000,    0.000221,    0.000000
  101    -0.000000,   -0.000000,    0.000201,   -0.000000,   -0.000000
  102     0.000000,   -0.000000,   -0.000000,   -0.000133,   -0.000000
  103     0.000000,   -0.000000,    0.000180,    0.000000,    0.000000
  104     0.000000,   -0.002124,    0.000000,   -0.005365,    0.002738
  105    -0.000000,   -0.002365,    0.000000,   -0.006198,    0.002846
  106    -0.000000,   -0.000893,    0.000000,   -0.003284,    0.001014
  107    -0.000022,    0.000000,   -0.000246,    0.000000,    0.000000
  108    -0.000000,    0.000034,   -0.000000,    0.000308,    0.000037
  109    -0.000000,   -0.000197,    0.000000,   -0.000277,    0.000266
  110    -0.000012,    0.000000,   -0.000421,    0.000000,    0.000000
  111     0.000000,   -0.000107,    0.000000,    0.000133,    0.000419
  112    -0.000000,   -0.000128,    0.000000,    0.000145,    0.000060
  113     0.000010,    0.000000,    0.000075,   -0.000000,   -0.000000
  114     0.000000,    0.000003,    0.000000,    0.000047,    0.000039
  115    -0.000000,   -0.000048,    0.000000,    0.000006,    0.000074
  116    -0.000005,    0.000000,   -0.000109,    0.000000,    0.000000
  117    -0.000000,   -0.000009,   -0.000000,    0.000028,    0.000054
  118    -0.000000,   -0.002122,    0.000000,    0.005368,    0.002743
  119     0.000000,   -0.002362,   -0.000000,    0.006202,    0.002851
  120     0.000000,   -0.000892,    0.000000,    0.003285,    0.001017
  121     0.000022,    0.000000,   -0.000246,   -0.000000,    0.000000
  122    -0.000000,    0.000034,    0.000000,   -0.000308,    0.000037
  123    -0.000000,    0.000197,   -0.000000,   -0.000278,   -0.000266
  124     0.000012,    0.000000,   -0.000421,    0.000000,    0.000000
  125    -0.000000,   -0.000107,    0.000000,   -0.000133,    0.000419
  126    -0.000000,    0.000128,    0.000000,    0.000145,   -0.000060
  127    -0.000010,    0.000000,    0.000075,    0.000000,   -0.000000
  128     0.000000,   -0.000003,   -0.000000,    0.000047,   -0.000039
  129     0.000000,   -0.000048,    0.000000,   -0.000006,    0.000074
  130    -0.000005,   -0.000000,    0.000109,   -0.000000,   -0.000000
  131    -0.000000,   -0.000009,    0.000000,   -0.000028,    0.000054
  132     0.000000,   -0.000738,    0.003233,    0.000000,    0.003434
  133     0.000000,   -0.001557,    0.005758,    0.000000,    0.005660
  134    -0.000000,    0.002864,   -0.007040,   -0.000001,   -0.005387
  135     0.000000,    0.002076,   -0.005846,   -0.000001,   -0.003463
  136    -0.000000,    0.000371,    0.000484,   -0.000001,   -0.000619
  137     0.000000,    0.000739,    0.014968,    0.000004,    0.005534
  138     0.000000,    0.007792,   -0.000009,    0.000006,   -0.009440
  139     0.005702,    0.000000,   -0.000002,   -0.017088,   -0.000004
  140     0.000000,    0.000357,    0.009922,    0.000003,    0.003775
  141     0.000000,    0.004942,   -0.000060,    0.000003,   -0.005719
  142     0.003933,    0.000000,   -0.000002,   -0.011631,   -0.000002
  143     0.000000,    0.000227,    0.002678,    0.000001,    0.000714
  144    -0.000000,    0.001680,    0.000336,    0.000001,   -0.002015
  145     0.001149,    0.000000,   -0.000001,   -0.003444,   -0.000001
  146     0.000000,    0.000090,    0.000783,   -0.000000,    0.000159
  147    -0.000215,    0.000000,    0.000000,    0.000931,    0.000000
  148    -0.000000,   -0.000283,    0.000013,    0.000001,    0.000439
  149     0.000012,    0.000000,    0.000000,   -0.000220,   -0.000000
  150    -0.000000,    0.000261,    0.000127,    0.000000,   -0.000492
  151     0.000000,   -0.000040,    0.000823,   -0.000000,    0.000334
  152    -0.000203,    0.000000,    0.000000,    0.001197,    0.000000
  153    -0.000000,   -0.000070,    0.000121,    0.000002,    0.000147
  154    -0.000006,   -0.000000,   -0.000000,   -0.000436,   -0.000000
  155    -0.000000,    0.000264,    0.000234,    0.000000,   -0.000628
  156     0.000000,    0.000070,   -0.000193,   -0.000000,   -0.000162
  157    -0.000019,   -0.000000,   -0.000000,   -0.000079,   -0.000000
  158    -0.000000,   -0.000029,    0.000128,   -0.000000,    0.000044
  159    -0.000008,   -0.000000,    0.000000,   -0.000045,   -0.000000
  160    -0.000000,    0.000035,   -0.000100,   -0.000000,   -0.000117
  161    -0.000012,    0.000000,    0.000000,    0.000038,    0.000000
  162     0.000000,   -0.000027,   -0.000124,    0.000000,    0.000101
  163    -0.001993,   -0.001559,   -0.001279,    0.006571,    0.001704
  164    -0.002333,   -0.002157,   -0.001436,    0.008131,    0.002441
  165    -0.000672,   -0.000712,   -0.000549,    0.003109,    0.000879
  166     0.000012,    0.000016,    0.000226,   -0.000007,    0.000085
  167    -0.000148,    0.000009,   -0.000078,    0.000444,   -0.000028
  168    -0.000113,   -0.000154,   -0.000104,    0.000358,    0.000164
  169    -0.000011,    0.000038,    0.000376,   -0.000178,    0.000175
  170    -0.000143,    0.000074,   -0.000100,    0.000416,   -0.000120
  171    -0.000028,   -0.000184,   -0.000120,    0.000128,    0.000183
  172     0.000003,    0.000001,    0.000065,   -0.000003,    0.000033
  173    -0.000023,    0.000006,   -0.000019,    0.000080,   -0.000019
  174     0.000010,   -0.000040,   -0.000009,   -0.000029,    0.000052
  175     0.000004,   -0.000001,    0.000082,   -0.000009,    0.000053
  176     0.000022,   -0.000016,    0.000022,   -0.000031,    0.000014
  177     0.000001,    0.002908,    0.004314,   -0.000000,   -0.001817
  178     0.000001,    0.003896,    0.005766,    0.000000,   -0.002959
  179     0.000000,    0.000999,    0.001968,   -0.000000,   -0.000763
  180    -0.000000,   -0.000269,   -0.000187,    0.000000,    0.000223
  181    -0.000000,   -0.000084,   -0.000318,    0.000000,   -0.000017
  182     0.000089,   -0.000000,   -0.000000,   -0.000250,   -0.000000
  183    -0.000000,   -0.000397,   -0.000046,   -0.000000,    0.000528
  184    -0.000000,   -0.000073,   -0.000347,    0.000000,    0.000008
  185     0.000165,   -0.000000,   -0.000000,   -0.000457,    0.000000
  186     0.000000,    0.000021,    0.000053,   -0.000000,   -0.000013
  187    -0.000023,    0.000000,    0.000000,    0.000070,    0.000000
  188    -0.000000,   -0.000019,   -0.000017,    0.000000,    0.000024
  189    -0.000035,    0.000000,    0.000000,    0.000081,   -0.000000
  190     0.000000,    0.000053,   -0.000075,    0.000000,   -0.000079
  191     0.001991,   -0.001562,   -0.001282,   -0.006570,    0.001703
  192     0.002331,   -0.002160,   -0.001440,   -0.008131,    0.002439
  193     0.000671,   -0.000713,   -0.000550,   -0.003108,    0.000879
  194    -0.000012,    0.000016,    0.000226,    0.000007,    0.000085
  195     0.000148,    0.000008,   -0.000078,   -0.000444,   -0.000028
  196    -0.000113,    0.000154,    0.000105,    0.000358,   -0.000164
  197     0.000011,    0.000038,    0.000376,    0.000179,    0.000176
  198     0.000143,    0.000074,   -0.000100,   -0.000417,   -0.000119
  199    -0.000027,    0.000184,    0.000120,    0.000128,   -0.000183
  200    -0.000003,    0.000001,    0.000065,    0.000003,    0.000033
  201    -0.000023,   -0.000006,    0.000019,    0.000080,    0.000019
  202    -0.000010,   -0.000040,   -0.000009,    0.000029,    0.000052
  203     0.000004,    0.000001,   -0.000082,   -0.000009,   -0.000053
  204    -0.000022,   -0.000016,    0.000022,    0.000032,    0.000014
                95,          96,          97,          98,          99
    0     0.000001,   -0.002039,    0.000889,    0.000000,    0.000069
    1     0.000001,   -0.003440,    0.001357,   -0.000000,    0.000025
    2    -0.000002,    0.003770,   -0.000853,    0.000000,    0.000272
    3    -0.000002,    0.002189,   -0.000302,    0.000000,   -0.000010
    4     0.000001,    0.000534,    0.000005,   -0.000000,   -0.000072
    5    -0.000003,   -0.005346,   -0.002042,    0.000000,    0.001962
    6    -0.000002,    0.017210,   -0.002451,   -0.000000,    0.000184
    7    -0.014167,   -0.000003,   -0.000000,    0.002978,    0.000000
    8    -0.000001,   -0.003326,   -0.001315,    0.000000,    0.001225
    9    -0.000001,    0.010795,   -0.001413,   -0.000000,    0.000015
   10    -0.009772,   -0.000002,   -0.000000,    0.002054,    0.000000
   11    -0.000000,   -0.001125,   -0.000231,    0.000000,    0.000255
   12    -0.000000,    0.003508,   -0.000444,   -0.000000,   -0.000023
   13    -0.002854,   -0.000000,   -0.000000,    0.000600,    0.000000
   14    -0.000000,   -0.000234,   -0.000098,   -0.000000,    0.000099
   15     0.000533,    0.000001,   -0.000000,   -0.000112,   -0.000000
   16     0.000001,   -0.000583,    0.000123,   -0.000000,   -0.000035
   17     0.000030,   -0.000000,    0.000000,   -0.000006,    0.000000
   18     0.000000,    0.000387,   -0.000116,   -0.000000,    0.000042
   19     0.000000,    0.000169,   -0.000152,   -0.000000,    0.000097
   20     0.000504,    0.000001,   -0.000000,   -0.000106,   -0.000000
   21     0.000001,   -0.000070,    0.000035,   -0.000000,   -0.000018
   22    -0.000016,    0.000000,   -0.000000,    0.000003,   -0.000000
   23     0.000000,    0.000186,   -0.000123,   -0.000000,    0.000056
   24    -0.000000,    0.000082,   -0.000034,    0.000000,    0.000015
   25    -0.000047,    0.000000,    0.000000,    0.000010,   -0.000000
   26     0.000000,   -0.000047,    0.000009,   -0.000000,   -0.000005
   27     0.000020,   -0.000000,   -0.000000,   -0.000004,   -0.000000
   28     0.000000,   -0.000032,    0.000028,   -0.000000,   -0.000014
   29     0.000029,    0.000000,   -0.000000,   -0.000006,   -0.000000
   30     0.000000,   -0.000049,   -0.000015,   -0.000000,    0.000012
   31    -0.004946,   -0.003723,    0.000538,    0.001040,   -0.000045
   32    -0.005790,   -0.004913,    0.000718,    0.001217,   -0.000077
   33    -0.001668,   -0.001452,    0.000207,    0.000351,   -0.000009
   34    -0.000031,   -0.000103,   -0.000028,    0.000006,    0.000029
   35    -0.000367,   -0.000012,    0.000002,    0.000077,   -0.000002
   36     0.000280,    0.000370,   -0.000053,   -0.000059,    0.000006
   37     0.000027,   -0.000220,   -0.000056,   -0.000006,    0.000058
   38    -0.000355,    0.000146,   -0.000018,    0.000075,   -0.000007
   39     0.000068,    0.000446,   -0.000063,   -0.000014,    0.000012
   40    -0.000008,   -0.000020,   -0.000011,    0.000002,    0.000010
   41     0.000058,   -0.000005,    0.000002,   -0.000012,    0.000000
   42     0.000026,   -0.000087,    0.000015,   -0.000005,   -0.000003
   43     0.000010,    0.000031,    0.000015,   -0.000002,   -0.000013
   44     0.000056,   -0.000042,    0.000002,   -0.000012,    0.000003
   45     0.004950,   -0.003714,    0.000537,   -0.001040,   -0.000046
   46     0.005796,   -0.004902,    0.000717,   -0.001218,   -0.000078
   47     0.001670,   -0.001449,    0.000206,   -0.000351,   -0.000009
   48     0.000031,   -0.000103,   -0.000028,   -0.000006,    0.000029
   49     0.000367,   -0.000011,    0.000002,   -0.000077,   -0.000002
   50     0.000281,   -0.000369,    0.000053,   -0.000059,   -0.000006
   51    -0.000027,   -0.000220,   -0.000056,    0.000006,    0.000058
   52     0.000355,    0.000147,   -0.000018,   -0.000075,   -0.000007
   53     0.000069,   -0.000445,    0.000063,   -0.000015,   -0.000012
   54     0.000008,   -0.000020,   -0.000011,   -0.000002,    0.000010
   55     0.000058,    0.000006,   -0.000003,   -0.000012,   -0.000000
   56    -0.000026,   -0.000087,    0.000015,    0.000005,   -0.000003
   57     0.000010,   -0.000031,   -0.000015,   -0.000002,    0.000013
   58    -0.000055,   -0.000042,    0.000002,    0.000012,    0.000003
   59    -0.000002,    0.006978,   -0.000119,    0.000000,   -0.000574
   60    -0.000002,    0.009428,   -0.000386,    0.000000,   -0.000639
   61    -0.000001,    0.002282,   -0.000086,    0.000000,   -0.000164
   62    -0.000000,    0.000637,   -0.000034,    0.000000,   -0.000036
   63     0.000000,   -0.000229,   -0.000028,   -0.000000,    0.000043
   64    -0.000221,   -0.000000,   -0.000000,    0.000046,    0.000000
   65    -0.000000,    0.000944,   -0.000126,    0.000000,   -0.000007
   66    -0.000000,   -0.000244,   -0.000015,   -0.000000,    0.000040
   67    -0.000410,   -0.000000,    0.000000,    0.000086,    0.000000
   68     0.000000,   -0.000052,   -0.000002,   -0.000000,    0.000008
   69     0.000057,    0.000000,    0.000000,   -0.000012,   -0.000000
   70     0.000000,   -0.000049,    0.000005,   -0.000000,    0.000002
   71    -0.000086,   -0.000000,    0.000000,    0.000018,    0.000000
   72    -0.000000,    0.000121,   -0.000022,    0.000000,    0.000004
   73     0.000000,   -0.005488,    0.000763,    0.000000,    0.001122
   74     0.000000,   -0.008062,    0.002085,    0.000000,    0.000618
   75    -0.000000,    0.003648,   -0.004996,    0.000000,    0.004031
   76     0.000000,    0.003225,   -0.004343,   -0.000000,    0.003420
   77     0.000000,   -0.001085,    0.000173,   -0.000000,    0.000153
   78     0.000007,   -0.000000,    0.000000,   -0.000001,   -0.000000
   79    -0.000000,   -0.005211,    0.002539,    0.000000,   -0.000895
   80     0.000000,    0.000005,    0.000000,    0.000000,   -0.000000
   81     0.000005,   -0.000000,    0.000000,   -0.000001,   -0.000000
   82    -0.000000,   -0.004365,    0.002070,    0.000000,   -0.000751
   83    -0.000000,    0.000004,    0.000000,    0.000000,   -0.000000
   84     0.000002,   -0.000000,    0.000000,   -0.000000,   -0.000000
   85    -0.000000,   -0.001248,    0.000436,    0.000000,   -0.000129
   86    -0.000000,    0.000001,    0.000000,    0.000000,   -0.000000
   87    -0.000000,    0.000000,   -0.000000,    0.000000,    0.000000
   88     0.000000,    0.000000,    0.000000,    0.000000,   -0.000000
   89    -0.000000,   -0.000409,    0.000125,    0.000000,   -0.000035
   90     0.000468,    0.000000,   -0.000000,   -0.000098,   -0.000000
   91     0.000000,    0.000886,   -0.000112,    0.000000,   -0.000011
   92    -0.000001,   -0.000000,   -0.000000,    0.000000,    0.000000
   93    -0.000000,    0.000001,   -0.000000,    0.000000,   -0.000000
   94    -0.000000,   -0.001014,    0.000309,    0.000000,   -0.000099
   95     0.001162,    0.000000,   -0.000000,   -0.000244,   -0.000000
   96     0.000000,    0.002083,   -0.000225,   -0.000000,   -0.000043
   97    -0.000000,   -0.000225,    0.000119,    0.000000,   -0.000071
   98    -0.000244,   -0.000000,    0.000000,    0.000051,   -0.000000
   99    -0.000000,   -0.000043,   -0.000071,   -0.000000,    0.000069
  100    -0.000000,   -0.000000,   -0.000000,    0.000000,    0.000000
  101    -0.000000,    0.000000,   -0.000000,    0.000000,    0.000000
  102     0.000000,   -0.000000,   -0.000000,   -0.000000,    0.000000
  103     0.000000,   -0.000000,   -0.000000,    0.000000,    0.000000
  104    -0.000000,   -0.001206,   -0.000248,   -0.000000,    0.000535
  105    -0.000000,   -0.001164,   -0.000221,    0.000000,    0.000472
  106    -0.000000,   -0.001038,    0.000043,   -0.000000,    0.000109
  107    -0.000054,   -0.000000,    0.000000,    0.000011,   -0.000000
  108     0.000000,   -0.000047,    0.000055,   -0.000000,   -0.000044
  109    -0.000000,   -0.000079,   -0.000017,    0.000000,    0.000040
  110    -0.000031,   -0.000000,    0.000000,    0.000006,   -0.000000
  111     0.000000,   -0.000257,    0.000128,   -0.000000,   -0.000058
  112    -0.000000,    0.000163,   -0.000057,    0.000000,    0.000031
  113     0.000024,    0.000000,   -0.000000,   -0.000005,    0.000000
  114     0.000000,   -0.000032,    0.000018,   -0.000000,   -0.000009
  115    -0.000000,   -0.000024,    0.000008,    0.000000,   -0.000001
  116    -0.000013,   -0.000000,    0.000000,    0.000003,   -0.000000
  117    -0.000000,   -0.000013,    0.000015,    0.000000,   -0.000008
  118     0.000000,   -0.001201,   -0.000248,    0.000000,    0.000535
  119     0.000000,   -0.001161,   -0.000221,   -0.000000,    0.000471
  120     0.000000,   -0.001036,    0.000043,    0.000000,    0.000108
  121     0.000055,   -0.000000,    0.000000,   -0.000011,   -0.000000
  122    -0.000000,   -0.000047,    0.000055,    0.000000,   -0.000044
  123    -0.000000,    0.000079,    0.000017,    0.000000,   -0.000040
  124     0.000031,   -0.000000,    0.000000,   -0.000007,   -0.000000
  125    -0.000000,   -0.000256,    0.000128,    0.000000,   -0.000058
  126    -0.000000,   -0.000163,    0.000058,    0.000000,   -0.000031
  127    -0.000024,    0.000000,   -0.000000,    0.000005,    0.000000
  128     0.000000,    0.000033,   -0.000018,   -0.000000,    0.000009
  129     0.000000,   -0.000024,    0.000008,   -0.000000,   -0.000001
  130    -0.000013,    0.000000,   -0.000000,    0.000003,    0.000000
  131    -0.000000,   -0.000013,    0.000015,    0.000000,   -0.000008
  132    -0.000001,   -0.002039,    0.000889,   -0.000000,    0.000069
  133    -0.000001,   -0.003440,    0.001357,    0.000000,    0.000025
  134     0.000002,    0.003770,   -0.000853,   -0.000000,    0.000272
  135     0.000002,    0.002189,   -0.000302,   -0.000000,   -0.000010
  136    -0.000001,    0.000534,    0.000005,    0.000000,   -0.000072
  137    -0.000003,    0.005346,    0.002042,    0.000000,   -0.001962
  138     0.000002,    0.017210,   -0.002451,    0.000000,    0.000184
  139     0.014167,   -0.000003,   -0.000000,   -0.002978,    0.000000
  140    -0.000001,    0.003326,    0.001315,    0.000000,   -0.001225
  141     0.000001,    0.010795,   -0.001413,    0.000000,    0.000015
  142     0.009772,   -0.000002,   -0.000000,   -0.002054,    0.000000
  143    -0.000000,    0.001125,    0.000231,    0.000000,   -0.000255
  144     0.000000,    0.003508,   -0.000444,    0.000000,   -0.000023
  145     0.002854,   -0.000000,   -0.000000,   -0.000600,    0.000000
  146    -0.000000,    0.000234,    0.000098,   -0.000000,   -0.000099
  147    -0.000533,    0.000001,   -0.000000,    0.000112,   -0.000000
  148    -0.000001,   -0.000583,    0.000123,    0.000000,   -0.000035
  149     0.000030,    0.000000,   -0.000000,   -0.000006,   -0.000000
  150    -0.000000,    0.000387,   -0.000116,    0.000000,    0.000042
  151     0.000000,   -0.000169,    0.000152,   -0.000000,   -0.000097
  152    -0.000504,    0.000001,   -0.000000,    0.000106,   -0.000000
  153    -0.000001,   -0.000070,    0.000035,    0.000000,   -0.000018
  154    -0.000016,   -0.000000,    0.000000,    0.000003,    0.000000
  155    -0.000000,    0.000186,   -0.000123,    0.000000,    0.000056
  156     0.000000,    0.000082,   -0.000034,   -0.000000,    0.000015
  157    -0.000047,   -0.000000,   -0.000000,    0.000010,    0.000000
  158    -0.000000,   -0.000047,    0.000009,    0.000000,   -0.000005
  159    -0.000020,   -0.000000,   -0.000000,    0.000004,   -0.000000
  160     0.000000,    0.000032,   -0.000028,   -0.000000,    0.000014
  161    -0.000029,    0.000000,   -0.000000,    0.000006,   -0.000000
  162     0.000000,    0.000049,    0.000015,   -0.000000,   -0.000012
  163    -0.004950,   -0.003714,    0.000537,    0.001040,   -0.000046
  164    -0.005796,   -0.004902,    0.000717,    0.001218,   -0.000078
  165    -0.001670,   -0.001449,    0.000206,    0.000351,   -0.000009
  166     0.000031,    0.000103,    0.000028,   -0.000006,   -0.000029
  167    -0.000367,   -0.000011,    0.000002,    0.000077,   -0.000002
  168    -0.000281,   -0.000369,    0.000053,    0.000059,   -0.000006
  169    -0.000027,    0.000220,    0.000056,    0.000006,   -0.000058
  170    -0.000355,    0.000147,   -0.000018,    0.000075,   -0.000007
  171    -0.000069,   -0.000445,    0.000063,    0.000015,   -0.000012
  172     0.000008,    0.000020,    0.000011,   -0.000002,   -0.000010
  173    -0.000058,    0.000006,   -0.000003,    0.000012,   -0.000000
  174     0.000026,   -0.000087,    0.000015,   -0.000005,   -0.000003
  175     0.000010,    0.000031,    0.000015,   -0.000002,   -0.000013
  176     0.000055,   -0.000042,    0.000002,   -0.000012,    0.000003
  177     0.000002,    0.006978,   -0.000119,   -0.000000,   -0.000574
  178     0.000002,    0.009428,   -0.000386,   -0.000000,   -0.000639
  179     0.000001,    0.002282,   -0.000086,   -0.000000,   -0.000164
  180    -0.000000,   -0.000637,    0.000034,    0.000000,    0.000036
  181    -0.000000,   -0.000229,   -0.000028,    0.000000,    0.000043
  182     0.000221,   -0.000000,   -0.000000,   -0.000046,    0.000000
  183    -0.000000,   -0.000944,    0.000126,    0.000000,    0.000007
  184     0.000000,   -0.000244,   -0.000015,    0.000000,    0.000040
  185     0.000410,   -0.000000,    0.000000,   -0.000086,    0.000000
  186     0.000000,    0.000052,    0.000002,   -0.000000,   -0.000008
  187    -0.000057,    0.000000,    0.000000,    0.000012,   -0.000000
  188    -0.000000,   -0.000049,    0.000005,    0.000000,    0.000002
  189    -0.000086,    0.000000,   -0.000000,    0.000018,   -0.000000
  190     0.000000,    0.000121,   -0.000022,   -0.000000,    0.000004
  191     0.004946,   -0.003723,    0.000538,   -0.001040,   -0.000045
  192     0.005790,   -0.004913,    0.000718,   -0.001217,   -0.000077
  193     0.001668,   -0.001452,    0.000207,   -0.000351,   -0.000009
  194    -0.000031,    0.000103,    0.000028,    0.000006,   -0.000029
  195     0.000367,   -0.000012,    0.000002,   -0.000077,   -0.000002
  196    -0.000280,    0.000370,   -0.000053,    0.000059,    0.000006
  197     0.000027,    0.000220,    0.000056,   -0.000006,   -0.000058
  198     0.000355,    0.000146,   -0.000018,   -0.000075,   -0.000007
  199    -0.000068,    0.000446,   -0.000063,    0.000014,    0.000012
  200    -0.000008,    0.000020,    0.000011,    0.000002,   -0.000010
  201    -0.000058,   -0.000005,    0.000002,    0.000012,    0.000000
  202    -0.000026,   -0.000087,    0.000015,    0.000005,   -0.000003
  203     0.000010,   -0.000031,   -0.000015,   -0.000002,    0.000013
  204    -0.000056,   -0.000042,    0.000002,    0.000012,    0.000003
               100,         101,         102,         103,         104
    0     0.000000,   -0.000898,    0.000000,   -0.000203,    0.002978
    1     0.000001,   -0.001359,    0.000000,   -0.000314,    0.006474
    2    -0.000000,    0.000801,   -0.000000,    0.000246,   -0.012717
    3    -0.000000,    0.000682,   -0.000000,    0.000225,   -0.014233
    4    -0.000000,   -0.000217,    0.000000,    0.000125,   -0.002164
    5     0.000000,    0.001576,    0.000000,    0.002298,   -0.010536
    6    -0.000000,    0.001692,   -0.000000,   -0.003126,   -0.014993
    7    -0.002504,    0.000000,    0.001318,    0.000000,    0.011546
    8     0.000000,    0.000981,    0.000000,    0.001642,   -0.008379
    9    -0.000000,    0.001184,   -0.000000,   -0.002166,   -0.011116
   10    -0.001665,    0.000000,    0.000882,   -0.000000,    0.009268
   11    -0.000000,    0.000227,    0.000000,    0.000507,   -0.002137
   12    -0.000000,    0.000245,   -0.000000,   -0.000567,   -0.005174
   13    -0.000429,    0.000000,    0.000237,    0.000000,    0.005058
   14     0.000000,    0.000094,    0.000000,    0.000096,    0.000696
   15     0.000082,    0.000000,   -0.000052,   -0.000000,   -0.002579
   16     0.000000,   -0.000063,   -0.000000,    0.000112,    0.000599
   17    -0.000019,   -0.000000,    0.000002,    0.000000,   -0.001995
   18     0.000000,    0.000013,   -0.000000,   -0.000066,   -0.001552
   19     0.000000,    0.000087,    0.000000,    0.000121,    0.001253
   20     0.000038,    0.000000,   -0.000041,   -0.000000,   -0.005771
   21     0.000000,   -0.000097,   -0.000000,    0.000138,    0.000556
   22    -0.000055,   -0.000000,    0.000010,    0.000000,   -0.004566
   23    -0.000000,   -0.000013,   -0.000000,   -0.000054,   -0.002905
   24    -0.000000,    0.000030,    0.000000,    0.000002,   -0.000437
   25    -0.000016,   -0.000000,    0.000004,    0.000000,   -0.001041
   26    -0.000000,   -0.000015,    0.000000,   -0.000005,    0.000020
   27     0.000016,    0.000000,   -0.000005,   -0.000000,    0.000855
   28     0.000000,   -0.000015,   -0.000000,   -0.000007,    0.000267
   29    -0.000007,    0.000000,    0.000002,   -0.000000,   -0.000488
   30    -0.000000,   -0.000027,   -0.000000,    0.000007,   -0.000731
   31    -0.000866,   -0.000267,    0.000471,    0.000814,    0.010623
   32    -0.001077,   -0.000297,    0.000584,    0.000951,    0.014086
   33    -0.000322,   -0.000063,    0.000190,    0.000296,    0.009444
   34    -0.000007,    0.000021,    0.000003,    0.000039,   -0.000454
   35    -0.000066,    0.000004,    0.000035,    0.000013,    0.000113
   36     0.000049,    0.000029,   -0.000026,   -0.000081,   -0.000586
   37    -0.000026,    0.000040,    0.000014,    0.000057,   -0.000325
   38    -0.000076,    0.000033,    0.000038,   -0.000028,   -0.000518
   39     0.000032,    0.000023,   -0.000015,   -0.000081,    0.000274
   40    -0.000003,    0.000007,    0.000001,    0.000010,   -0.000153
   41     0.000012,   -0.000003,   -0.000006,   -0.000002,    0.000001
   42     0.000006,   -0.000009,   -0.000003,    0.000019,    0.000133
   43     0.000003,   -0.000008,   -0.000001,   -0.000015,    0.000220
   44     0.000006,   -0.000006,   -0.000003,    0.000004,    0.000051
   45     0.000867,   -0.000267,   -0.000471,    0.000813,   -0.005182
   46     0.001077,   -0.000297,   -0.000585,    0.000949,   -0.005134
   47     0.000322,   -0.000063,   -0.000190,    0.000295,   -0.004346
   48     0.000007,    0.000021,   -0.000003,    0.000039,   -0.000014
   49     0.000066,    0.000004,   -0.000035,    0.000013,   -0.000398
   50     0.000049,   -0.000029,   -0.000026,    0.000081,   -0.000139
   51     0.000026,    0.000040,   -0.000014,    0.000057,   -0.000587
   52     0.000076,    0.000033,   -0.000038,   -0.000029,    0.000015
   53     0.000032,   -0.000023,   -0.000015,    0.000081,    0.000531
   54     0.000003,    0.000007,   -0.000001,    0.000010,    0.000049
   55     0.000012,    0.000003,   -0.000006,    0.000002,   -0.000086
   56    -0.000006,   -0.000009,    0.000003,    0.000019,    0.000039
   57     0.000003,    0.000008,   -0.000001,    0.000015,   -0.000085
   58    -0.000006,   -0.000006,    0.000003,    0.000004,   -0.000037
   59    -0.000001,   -0.000019,    0.000000,   -0.001589,   -0.004600
   60    -0.000001,   -0.000142,    0.000000,   -0.001840,   -0.005476
   61    -0.000000,   -0.000045,    0.000000,   -0.000612,   -0.002498
   62    -0.000000,    0.000026,    0.000000,   -0.000124,   -0.000373
   63     0.000000,    0.000029,   -0.000000,    0.000063,    0.000072
   64    -0.000036,    0.000000,    0.000019,    0.000000,    0.000182
   65    -0.000000,    0.000027,   -0.000000,   -0.000070,   -0.000317
   66     0.000000,    0.000065,   -0.000000,    0.000003,   -0.000210
   67    -0.000072,    0.000000,    0.000037,    0.000000,    0.000109
   68     0.000000,    0.000006,   -0.000000,    0.000008,    0.000055
   69     0.000009,   -0.000000,   -0.000005,   -0.000000,   -0.000087
   70     0.000000,   -0.000001,   -0.000000,    0.000008,   -0.000001
   71    -0.000014,   -0.000000,    0.000007,    0.000000,   -0.000035
   72    -0.000000,    0.000021,    0.000000,   -0.000014,   -0.000043
   73     0.000001,   -0.000000,    0.000000,   -0.000000,   -0.017311
   74     0.000001,   -0.000000,    0.000000,   -0.000000,   -0.037088
   75     0.000001,    0.000000,    0.000001,   -0.000000,    0.067925
   76     0.000001,    0.000000,    0.000001,    0.000000,    0.057646
   77     0.000000,   -0.000000,    0.000000,   -0.000000,    0.013966
   78     0.000000,   -0.003192,   -0.000000,    0.000216,    0.000000
   79     0.000001,    0.000000,    0.000000,    0.000000,    0.081148
   80    -0.001255,   -0.000000,    0.000187,   -0.000000,   -0.118738
   81    -0.000000,   -0.002171,   -0.000000,    0.000216,   -0.000000
   82     0.000001,   -0.000000,    0.000000,    0.000000,    0.052699
   83    -0.000768,   -0.000000,    0.000079,    0.000000,   -0.081820
   84     0.000000,   -0.000502,   -0.000000,    0.000049,   -0.000000
   85     0.000000,   -0.000000,    0.000000,    0.000000,    0.012908
   86    -0.000166,   -0.000000,   -0.000007,    0.000000,   -0.023965
   87     0.000000,    0.000147,   -0.000000,    0.000092,    0.000000
   88     0.000037,    0.000000,   -0.000038,   -0.000000,   -0.005076
   89     0.000000,    0.000000,    0.000000,    0.000000,    0.002960
   90    -0.000000,   -0.000000,    0.000000,    0.000000,    0.000000
   91    -0.000000,   -0.000000,   -0.000000,   -0.000000,   -0.002124
   92     0.000000,    0.000201,   -0.000000,    0.000180,    0.000000
   93     0.000221,   -0.000000,   -0.000133,    0.000000,   -0.005365
   94     0.000000,   -0.000000,   -0.000000,    0.000000,    0.002738
   95    -0.000000,   -0.000000,    0.000000,    0.000000,   -0.000000
   96    -0.000000,    0.000000,   -0.000000,   -0.000000,   -0.001206
   97    -0.000000,   -0.000000,   -0.000000,   -0.000000,   -0.000248
   98     0.000000,    0.000000,   -0.000000,    0.000000,   -0.000000
   99     0.000000,    0.000000,    0.000000,    0.000000,    0.000535
  100     0.000045,    0.000000,   -0.000022,    0.000000,    0.000297
  101     0.000000,    0.000045,    0.000000,   -0.000013,    0.000000
  102    -0.000022,    0.000000,    0.000011,   -0.000000,    0.000012
  103     0.000000,   -0.000013,   -0.000000,    0.000088,    0.000000
  104     0.000297,    0.000000,    0.000012,    0.000000,    0.076899
  105     0.000398,    0.000000,   -0.000007,    0.000000,    0.089346
  106    -0.000069,    0.000000,    0.000100,    0.000000,    0.026537
  107     0.000000,   -0.000052,   -0.000000,    0.000014,   -0.000000
  108    -0.000037,   -0.000000,    0.000007,   -0.000000,   -0.004508
  109     0.000020,    0.000000,   -0.000001,    0.000000,    0.005687
  110     0.000000,   -0.000089,   -0.000000,    0.000024,    0.000000
  111    -0.000063,    0.000000,    0.000021,   -0.000000,   -0.003461
  112     0.000044,   -0.000000,   -0.000020,    0.000000,    0.004384
  113    -0.000000,    0.000015,    0.000000,   -0.000004,   -0.000000
  114    -0.000007,    0.000000,    0.000002,   -0.000000,   -0.000877
  115    -0.000006,    0.000000,    0.000002,   -0.000000,    0.000424
  116     0.000000,   -0.000025,   -0.000000,    0.000009,   -0.000000
  117    -0.000007,   -0.000000,    0.000002,    0.000000,   -0.000407
  118    -0.000296,    0.000000,   -0.000011,    0.000000,   -0.008291
  119    -0.000397,    0.000000,    0.000008,   -0.000000,   -0.013094
  120     0.000069,    0.000000,   -0.000100,    0.000000,   -0.007601
  121    -0.000000,   -0.000052,    0.000000,    0.000014,   -0.000000
  122     0.000037,    0.000000,   -0.000007,    0.000000,    0.001826
  123     0.000020,   -0.000000,   -0.000001,    0.000000,   -0.000971
  124     0.000000,   -0.000089,   -0.000000,    0.000024,    0.000000
  125     0.000063,    0.000000,   -0.000021,    0.000000,    0.002677
  126     0.000044,   -0.000000,   -0.000020,    0.000000,   -0.002961
  127    -0.000000,    0.000015,   -0.000000,   -0.000004,   -0.000000
  128    -0.000007,   -0.000000,    0.000002,   -0.000000,   -0.000175
  129     0.000006,    0.000000,   -0.000002,   -0.000000,    0.000896
  130     0.000000,    0.000025,    0.000000,   -0.000009,   -0.000000
  131     0.000007,   -0.000000,   -0.000002,    0.000000,    0.000418
  132     0.000000,    0.000898,    0.000000,    0.000203,    0.002978
  133     0.000001,    0.001359,    0.000000,    0.000314,    0.006474
  134    -0.000000,   -0.000801,   -0.000000,   -0.000246,   -0.012717
  135    -0.000000,   -0.000682,   -0.000000,   -0.000225,   -0.014233
  136    -0.000000,    0.000217,    0.000000,   -0.000125,   -0.002164
  137    -0.000000,    0.001576,   -0.000000,    0.002298,    0.010536
  138    -0.000000,   -0.001692,   -0.000000,    0.003126,   -0.014993
  139    -0.002504,   -0.000000,    0.001318,   -0.000000,    0.011546
  140    -0.000000,    0.000981,   -0.000000,    0.001642,    0.008379
  141    -0.000000,   -0.001184,   -0.000000,    0.002166,   -0.011116
  142    -0.001665,   -0.000000,    0.000882,    0.000000,    0.009268
  143     0.000000,    0.000227,   -0.000000,    0.000507,    0.002137
  144    -0.000000,   -0.000245,   -0.000000,    0.000567,   -0.005174
  145    -0.000429,   -0.000000,    0.000237,   -0.000000,    0.005058
  146    -0.000000,    0.000094,   -0.000000,    0.000096,   -0.000696
  147     0.000082,   -0.000000,   -0.000052,    0.000000,   -0.002579
  148     0.000000,    0.000063,   -0.000000,   -0.000112,    0.000599
  149     0.000019,   -0.000000,   -0.000002,    0.000000,    0.001995
  150     0.000000,   -0.000013,   -0.000000,    0.000066,   -0.001552
  151    -0.000000,    0.000087,   -0.000000,    0.000121,   -0.001253
  152     0.000038,   -0.000000,   -0.000041,    0.000000,   -0.005771
  153     0.000000,    0.000097,   -0.000000,   -0.000138,    0.000556
  154     0.000055,   -0.000000,   -0.000010,    0.000000,    0.004566
  155    -0.000000,    0.000013,   -0.000000,    0.000054,   -0.002905
  156    -0.000000,   -0.000030,    0.000000,   -0.000002,   -0.000437
  157     0.000016,   -0.000000,   -0.000004,    0.000000,    0.001041
  158    -0.000000,    0.000015,    0.000000,    0.000005,    0.000020
  159     0.000016,   -0.000000,   -0.000005,    0.000000,    0.000855
  160    -0.000000,   -0.000015,    0.000000,   -0.000007,   -0.000267
  161    -0.000007,   -0.000000,    0.000002,    0.000000,   -0.000488
  162     0.000000,   -0.000027,    0.000000,    0.000007,    0.000731
  163     0.000867,    0.000267,   -0.000471,   -0.000813,   -0.005182
  164     0.001077,    0.000297,   -0.000585,   -0.000949,   -0.005134
  165     0.000322,    0.000063,   -0.000190,   -0.000295,   -0.004346
  166    -0.000007,    0.000021,    0.000003,    0.000039,    0.000014
  167     0.000066,   -0.000004,   -0.000035,   -0.000013,   -0.000398
  168     0.000049,    0.000029,   -0.000026,   -0.000081,   -0.000139
  169    -0.000026,    0.000040,    0.000014,    0.000057,    0.000587
  170     0.000076,   -0.000033,   -0.000038,    0.000029,    0.000015
  171     0.000032,    0.000023,   -0.000015,   -0.000081,    0.000531
  172    -0.000003,    0.000007,    0.000001,    0.000010,   -0.000049
  173     0.000012,   -0.000003,   -0.000006,   -0.000002,   -0.000086
  174    -0.000006,    0.000009,    0.000003,   -0.000019,    0.000039
  175    -0.000003,    0.000008,    0.000001,    0.000015,    0.000085
  176    -0.000006,    0.000006,    0.000003,   -0.000004,   -0.000037
  177    -0.000001,    0.000019,    0.000000,    0.001589,   -0.004600
  178    -0.000001,    0.000142,    0.000000,    0.001840,   -0.005476
  179    -0.000000,    0.000045,    0.000000,    0.000612,   -0.002498
  180     0.000000,    0.000026,   -0.000000,   -0.000124,    0.000373
  181     0.000000,   -0.000029,   -0.000000,   -0.000063,    0.000072
  182    -0.000036,   -0.000000,    0.000019,   -0.000000,    0.000182
  183     0.000000,    0.000027,    0.000000,   -0.000070,    0.000317
  184     0.000000,   -0.000065,   -0.000000,   -0.000003,   -0.000210
  185    -0.000072,   -0.000000,    0.000037,   -0.000000,    0.000109
  186    -0.000000,    0.000006,    0.000000,    0.000008,   -0.000055
  187     0.000009,    0.000000,   -0.000005,    0.000000,   -0.000087
  188     0.000000,    0.000001,   -0.000000,   -0.000008,   -0.000001
  189     0.000014,   -0.000000,   -0.000007,    0.000000,    0.000035
  190    -0.000000,   -0.000021,    0.000000,    0.000014,   -0.000043
  191    -0.000866,    0.000267,    0.000471,   -0.000814,    0.010623
  192    -0.001077,    0.000297,    0.000584,   -0.000951,    0.014086
  193    -0.000322,    0.000063,    0.000190,   -0.000296,    0.009444
  194     0.000007,    0.000021,   -0.000003,    0.000039,    0.000454
  195    -0.000066,   -0.000004,    0.000035,   -0.000013,    0.000113
  196     0.000049,   -0.000029,   -0.000026,    0.000081,   -0.000586
  197     0.000026,    0.000040,   -0.000014,    0.000057,    0.000325
  198    -0.000076,   -0.000033,    0.000038,    0.000028,   -0.000518
  199     0.000032,   -0.000023,   -0.000015,    0.000081,    0.000274
  200     0.000003,    0.000007,   -0.000001,    0.000010,    0.000153
  201     0.000012,    0.000003,   -0.000006,    0.000002,    0.000001
  202     0.000006,    0.000009,   -0.000003,   -0.000019,    0.000133
  203    -0.000003,   -0.000008,    0.000001,   -0.000015,   -0.000220
  204     0.000006,    0.000006,   -0.000003,   -0.000004,    0.000051
               105,         106,         107,         108,         109
    0    -0.002384,    0.000460,    0.000311,    0.000039,    0.000268
    1    -0.000697,    0.001296,    0.000623,    0.000026,    0.000614
    2    -0.012323,   -0.003512,   -0.000983,    0.000155,   -0.001286
    3    -0.014391,   -0.003626,   -0.000811,    0.000453,   -0.001425
    4    -0.001895,   -0.000439,    0.000222,    0.000055,   -0.000189
    5    -0.013763,   -0.001548,   -0.002021,   -0.000512,   -0.001410
    6    -0.017830,   -0.011019,   -0.001994,   -0.000388,   -0.001274
    7     0.011345,    0.015984,    0.000664,    0.000050,    0.000443
    8    -0.010392,   -0.001393,   -0.001250,   -0.000265,   -0.001061
    9    -0.013073,   -0.007368,   -0.001379,   -0.000119,   -0.000960
   10     0.009445,    0.011315,    0.000458,   -0.000081,    0.000382
   11    -0.002524,   -0.000185,   -0.000301,   -0.000033,   -0.000263
   12    -0.005899,   -0.002760,   -0.000282,    0.000017,   -0.000461
   13     0.005626,    0.004066,    0.000134,   -0.000213,    0.000245
   14     0.000703,    0.000243,   -0.000118,   -0.000067,    0.000052
   15    -0.003003,   -0.001474,   -0.000025,    0.000157,   -0.000135
   16     0.000718,    0.000400,    0.000073,    0.000027,    0.000056
   17    -0.002403,   -0.000777,   -0.000001,    0.000150,   -0.000111
   18    -0.001788,   -0.000579,   -0.000014,    0.000010,   -0.000155
   19     0.001453,    0.000279,   -0.000105,   -0.000109,    0.000116
   20    -0.006862,   -0.002654,   -0.000024,    0.000402,   -0.000313
   21     0.000648,    0.000183,    0.000109,   -0.000008,    0.000058
   22    -0.005513,   -0.001729,    0.000001,    0.000348,   -0.000254
   23    -0.003288,   -0.000855,    0.000020,    0.000055,   -0.000296
   24    -0.000479,   -0.000134,   -0.000038,    0.000000,   -0.000044
   25    -0.001260,   -0.000379,    0.000002,    0.000080,   -0.000058
   26     0.000031,    0.000015,    0.000022,    0.000003,    0.000002
   27     0.001038,    0.000297,   -0.000001,   -0.000067,    0.000048
   28     0.000279,    0.000074,    0.000018,    0.000003,    0.000028
   29    -0.000591,   -0.000178,   -0.000001,    0.000038,   -0.000027
   30    -0.000837,   -0.000181,    0.000032,    0.000020,   -0.000076
   31     0.012395,    0.009755,    0.000551,   -0.000148,    0.000586
   32     0.016441,    0.012402,    0.000650,   -0.000187,    0.000827
   33     0.010974,    0.005702,    0.000161,   -0.000391,    0.000587
   34    -0.000554,   -0.000094,   -0.000026,    0.000014,   -0.000042
   35     0.000127,    0.000391,    0.000014,    0.000012,   -0.000006
   36    -0.000720,   -0.000613,   -0.000050,   -0.000004,   -0.000033
   37    -0.000405,    0.000124,   -0.000052,   -0.000010,   -0.000051
   38    -0.000576,    0.000134,   -0.000015,    0.000050,   -0.000042
   39     0.000225,   -0.000226,   -0.000041,   -0.000063,    0.000017
   40    -0.000187,   -0.000037,   -0.000008,    0.000005,   -0.000013
   41    -0.000016,   -0.000066,   -0.000002,   -0.000002,    0.000003
   42     0.000176,    0.000055,    0.000010,   -0.000002,    0.000011
   43     0.000259,    0.000045,    0.000009,   -0.000005,    0.000021
   44     0.000058,    0.000006,    0.000004,   -0.000005,    0.000003
   45    -0.004798,   -0.004680,    0.000087,    0.000379,   -0.000150
   46    -0.004423,   -0.005357,    0.000106,    0.000438,   -0.000064
   47    -0.004880,   -0.003079,    0.000004,    0.000374,   -0.000120
   48    -0.000013,    0.000032,   -0.000029,   -0.000022,   -0.000016
   49    -0.000354,   -0.000413,   -0.000020,    0.000002,   -0.000024
   50    -0.000050,   -0.000132,    0.000024,    0.000022,    0.000001
   51    -0.000667,   -0.000216,   -0.000050,   -0.000009,   -0.000062
   52     0.000210,   -0.000308,   -0.000048,   -0.000042,   -0.000002
   53     0.000802,    0.000288,    0.000034,   -0.000018,    0.000032
   54     0.000061,    0.000022,   -0.000009,   -0.000011,   -0.000001
   55    -0.000062,   -0.000076,   -0.000004,    0.000000,   -0.000006
   56     0.000052,    0.000068,    0.000013,    0.000009,    0.000005
   57    -0.000090,   -0.000015,   -0.000010,   -0.000007,   -0.000013
   58    -0.000061,    0.000024,    0.000009,    0.000006,   -0.000003
   59    -0.004307,   -0.003471,    0.000087,    0.000168,   -0.000283
   60    -0.004897,   -0.004530,    0.000265,    0.000098,   -0.000319
   61    -0.002587,   -0.001451,    0.000084,    0.000072,   -0.000195
   62    -0.000341,   -0.000308,   -0.000026,    0.000004,   -0.000023
   63     0.000001,    0.000071,   -0.000040,   -0.000017,   -0.000002
   64     0.000182,    0.000238,    0.000010,   -0.000000,    0.000007
   65    -0.000168,   -0.000380,   -0.000022,   -0.000036,   -0.000015
   66    -0.000392,   -0.000018,   -0.000087,   -0.000002,   -0.000030
   67     0.000059,    0.000366,    0.000019,    0.000018,    0.000000
   68     0.000029,    0.000023,   -0.000010,   -0.000004,    0.000004
   69    -0.000095,   -0.000078,   -0.000003,    0.000003,   -0.000004
   70    -0.000020,    0.000012,   -0.000000,    0.000002,   -0.000001
   71    -0.000056,    0.000048,    0.000004,    0.000008,   -0.000003
   72    -0.000040,   -0.000055,   -0.000025,   -0.000007,   -0.000003
   73    -0.036128,   -0.009869,   -0.000000,    0.001939,   -0.002526
   74    -0.062829,   -0.016209,   -0.000000,    0.003496,   -0.004631
   75     0.072199,    0.015253,    0.000000,   -0.004405,    0.006193
   76     0.061804,    0.013173,   -0.000000,   -0.003872,    0.005301
   77     0.014367,    0.003519,    0.000000,   -0.000355,    0.001315
   78     0.000000,   -0.000000,    0.003908,   -0.000000,    0.000000
   79     0.091693,    0.023767,   -0.000000,   -0.001893,    0.008162
   80    -0.143194,   -0.045696,    0.000000,    0.008980,   -0.006603
   81    -0.000000,   -0.000000,    0.002663,    0.000000,   -0.000000
   82     0.059028,    0.015586,    0.000000,   -0.001019,    0.005288
   83    -0.098577,   -0.031915,    0.000000,    0.006154,   -0.004542
   84    -0.000000,   -0.000000,    0.000610,    0.000000,   -0.000000
   85     0.014671,    0.003994,    0.000000,   -0.000291,    0.001290
   86    -0.028816,   -0.009605,    0.000000,    0.001782,   -0.001326
   87    -0.000000,    0.000000,   -0.000182,    0.000000,   -0.000000
   88    -0.006033,   -0.002353,    0.000000,    0.000352,   -0.000275
   89     0.003307,    0.000931,   -0.000000,   -0.000056,    0.000295
   90    -0.000000,   -0.000000,   -0.000022,   -0.000000,   -0.000000
   91    -0.002365,   -0.000893,    0.000000,    0.000034,   -0.000197
   92     0.000000,    0.000000,   -0.000246,   -0.000000,    0.000000
   93    -0.006198,   -0.003284,    0.000000,    0.000308,   -0.000277
   94     0.002846,    0.001014,    0.000000,    0.000037,    0.000266
   95    -0.000000,   -0.000000,   -0.000054,    0.000000,   -0.000000
   96    -0.001164,   -0.001038,   -0.000000,   -0.000047,   -0.000079
   97    -0.000221,    0.000043,    0.000000,    0.000055,   -0.000017
   98     0.000000,   -0.000000,    0.000011,   -0.000000,    0.000000
   99     0.000472,    0.000109,   -0.000000,   -0.000044,    0.000040
  100     0.000398,   -0.000069,    0.000000,   -0.000037,    0.000020
  101     0.000000,    0.000000,   -0.000052,   -0.000000,    0.000000
  102    -0.000007,    0.000100,   -0.000000,    0.000007,   -0.000001
  103     0.000000,    0.000000,    0.000014,   -0.000000,    0.000000
  104     0.089346,    0.026537,   -0.000000,   -0.004508,    0.005687
  105     0.104887,    0.031148,    0.000000,   -0.005326,    0.006580
  106     0.031148,    0.010667,   -0.000000,   -0.001544,    0.001852
  107     0.000000,   -0.000000,    0.000065,   -0.000000,    0.000000
  108    -0.005326,   -0.001544,   -0.000000,    0.000313,   -0.000306
  109     0.006580,    0.001852,    0.000000,   -0.000306,    0.000457
  110     0.000000,   -0.000000,    0.000108,   -0.000000,    0.000000
  111    -0.004343,   -0.001124,   -0.000000,    0.000318,   -0.000213
  112     0.005274,    0.001139,    0.000000,   -0.000236,    0.000415
  113    -0.000000,    0.000000,   -0.000019,    0.000000,   -0.000000
  114    -0.001073,   -0.000297,   -0.000000,    0.000063,   -0.000065
  115     0.000479,    0.000119,    0.000000,   -0.000003,    0.000053
  116     0.000000,   -0.000000,    0.000030,   -0.000000,    0.000000
  117    -0.000515,   -0.000150,    0.000000,    0.000040,   -0.000022
  118    -0.013087,   -0.007600,    0.000000,    0.001825,    0.000972
  119    -0.018367,   -0.009531,   -0.000000,    0.002320,    0.000905
  120    -0.009531,   -0.004659,   -0.000000,    0.000862,   -0.000008
  121     0.000000,   -0.000000,    0.000060,   -0.000000,    0.000000
  122     0.002320,    0.000862,   -0.000000,   -0.000168,    0.000047
  123    -0.000904,    0.000009,   -0.000000,   -0.000047,   -0.000196
  124     0.000000,   -0.000000,    0.000105,   -0.000000,    0.000000
  125     0.003118,    0.000966,    0.000000,   -0.000168,    0.000133
  126    -0.003487,   -0.000910,    0.000000,    0.000103,   -0.000331
  127    -0.000000,    0.000000,   -0.000017,    0.000000,   -0.000000
  128    -0.000200,   -0.000096,    0.000000,    0.000018,    0.000006
  129     0.001055,    0.000274,   -0.000000,   -0.000041,    0.000080
  130    -0.000000,    0.000000,   -0.000029,    0.000000,   -0.000000
  131     0.000485,    0.000145,    0.000000,   -0.000025,    0.000024
  132    -0.002384,    0.000460,   -0.000311,    0.000039,    0.000268
  133    -0.000697,    0.001296,   -0.000623,    0.000026,    0.000614
  134    -0.012323,   -0.003512,    0.000983,    0.000155,   -0.001286
  135    -0.014391,   -0.003626,    0.000811,    0.000453,   -0.001425
  136    -0.001895,   -0.000439,   -0.000222,    0.000055,   -0.000189
  137     0.013763,    0.001548,   -0.002021,    0.000512,    0.001410
  138    -0.017830,   -0.011019,    0.001994,   -0.000388,   -0.001274
  139     0.011345,    0.015984,   -0.000664,    0.000050,    0.000443
  140     0.010392,    0.001393,   -0.001250,    0.000265,    0.001061
  141    -0.013073,   -0.007368,    0.001379,   -0.000119,   -0.000960
  142     0.009445,    0.011315,   -0.000458,   -0.000081,    0.000382
  143     0.002524,    0.000185,   -0.000301,    0.000033,    0.000263
  144    -0.005899,   -0.002760,    0.000282,    0.000017,   -0.000461
  145     0.005626,    0.004066,   -0.000134,   -0.000213,    0.000245
  146    -0.000703,   -0.000243,   -0.000118,    0.000067,   -0.000052
  147    -0.003003,   -0.001474,    0.000025,    0.000157,   -0.000135
  148     0.000718,    0.000400,   -0.000073,    0.000027,    0.000056
  149     0.002403,    0.000777,   -0.000001,   -0.000150,    0.000111
  150    -0.001788,   -0.000579,    0.000014,    0.000010,   -0.000155
  151    -0.001453,   -0.000279,   -0.000105,    0.000109,   -0.000116
  152    -0.006862,   -0.002654,    0.000024,    0.000402,   -0.000313
  153     0.000648,    0.000183,   -0.000109,   -0.000008,    0.000058
  154     0.005513,    0.001729,    0.000001,   -0.000348,    0.000254
  155    -0.003288,   -0.000855,   -0.000020,    0.000055,   -0.000296
  156    -0.000479,   -0.000134,    0.000038,    0.000000,   -0.000044
  157     0.001260,    0.000379,    0.000002,   -0.000080,    0.000058
  158     0.000031,    0.000015,   -0.000022,    0.000003,    0.000002
  159     0.001038,    0.000297,    0.000001,   -0.000067,    0.000048
  160    -0.000279,   -0.000074,    0.000018,   -0.000003,   -0.000028
  161    -0.000591,   -0.000178,    0.000001,    0.000038,   -0.000027
  162     0.000837,    0.000181,    0.000032,   -0.000020,    0.000076
  163    -0.004798,   -0.004680,   -0.000087,    0.000379,   -0.000150
  164    -0.004423,   -0.005357,   -0.000106,    0.000438,   -0.000064
  165    -0.004880,   -0.003079,   -0.000004,    0.000374,   -0.000120
  166     0.000013,   -0.000032,   -0.000029,    0.000022,    0.000016
  167    -0.000354,   -0.000413,    0.000020,    0.000002,   -0.000024
  168    -0.000050,   -0.000132,   -0.000024,    0.000022,    0.000001
  169     0.000667,    0.000216,   -0.000050,    0.000009,    0.000062
  170     0.000210,   -0.000308,    0.000048,   -0.000042,   -0.000002
  171     0.000802,    0.000288,   -0.000034,   -0.000018,    0.000032
  172    -0.000061,   -0.000022,   -0.000009,    0.000011,    0.000001
  173    -0.000062,   -0.000076,    0.000004,    0.000000,   -0.000006
  174     0.000052,    0.000068,   -0.000013,    0.000009,    0.000005
  175     0.000090,    0.000015,   -0.000010,    0.000007,    0.000013
  176    -0.000061,    0.000024,   -0.000009,    0.000006,   -0.000003
  177    -0.004307,   -0.003471,   -0.000087,    0.000168,   -0.000283
  178    -0.004897,   -0.004530,   -0.000265,    0.000098,   -0.000319
  179    -0.002587,   -0.001451,   -0.000084,    0.000072,   -0.000195
  180     0.000341,    0.000308,   -0.000026,   -0.000004,    0.000023
  181     0.000001,    0.000071,    0.000040,   -0.000017,   -0.000002
  182     0.000182,    0.000238,   -0.000010,   -0.000000,    0.000007
  183     0.000168,    0.000380,   -0.000022,    0.000036,    0.000015
  184    -0.000392,   -0.000018,    0.000087,   -0.000002,   -0.000030
  185     0.000059,    0.000366,   -0.000019,    0.000018,    0.000000
  186    -0.000029,   -0.000023,   -0.000010,    0.000004,   -0.000004
  187    -0.000095,   -0.000078,    0.000003,    0.000003,   -0.000004
  188    -0.000020,    0.000012,    0.000000,    0.000002,   -0.000001
  189     0.000056,   -0.000048,    0.000004,   -0.000008,    0.000003
  190    -0.000040,   -0.000055,    0.000025,   -0.000007,   -0.000003
  191     0.012395,    0.009755,   -0.000551,   -0.000148,    0.000586
  192     0.016441,    0.012402,   -0.000650,   -0.000187,    0.000827
  193     0.010974,    0.005702,   -0.000161,   -0.000391,    0.000587
  194     0.000554,    0.000094,   -0.000026,   -0.000014,    0.000042
  195     0.000127,    0.000391,   -0.000014,    0.000012,   -0.000006
  196    -0.000720,   -0.000613,    0.000050,   -0.000004,   -0.000033
  197     0.000405,   -0.000124,   -0.000052,    0.000010,    0.000051
  198    -0.000576,    0.000134,    0.000015,    0.000050,   -0.000042
  199     0.000225,   -0.000226,    0.000041,   -0.000063,    0.000017
  200     0.000187,    0.000037,   -0.000008,   -0.000005,    0.000013
  201    -0.000016,   -0.000066,    0.000002,   -0.000002,    0.000003
  202     0.000176,    0.000055,   -0.000010,   -0.000002,    0.000011
  203    -0.000259,   -0.000045,    0.000009,    0.000005,   -0.000021
  204     0.000058,    0.000006,   -0.000004,   -0.000005,    0.000003
               110,         111,         112,         113,         114
    0     0.001222,    0.001905,   -0.001278,   -0.000222,    0.000128
    1     0.002038,    0.002806,   -0.001578,   -0.000386,    0.000190
    2    -0.001974,   -0.001354,   -0.000561,    0.000432,   -0.000090
    3    -0.001640,   -0.000570,   -0.001111,    0.000356,    0.000047
    4     0.000371,   -0.000142,   -0.000029,   -0.000053,   -0.000022
    5    -0.003277,   -0.002389,   -0.001572,    0.000561,   -0.000187
    6    -0.003322,   -0.002172,    0.000167,    0.000537,   -0.000175
    7     0.000375,    0.001712,   -0.002160,   -0.000296,    0.000054
    8    -0.002042,   -0.001573,   -0.001124,    0.000353,   -0.000108
    9    -0.002319,   -0.001186,   -0.000129,    0.000377,   -0.000067
   10     0.000259,    0.001035,   -0.001420,   -0.000204,    0.000017
   11    -0.000483,   -0.000321,   -0.000291,    0.000084,   -0.000022
   12    -0.000474,   -0.000395,   -0.000182,    0.000076,   -0.000013
   13     0.000076,    0.000092,   -0.000338,   -0.000060,   -0.000027
   14    -0.000195,   -0.000120,    0.000064,    0.000034,   -0.000021
   15    -0.000014,    0.000087,    0.000048,    0.000011,    0.000024
   16     0.000123,    0.000122,   -0.000002,   -0.000020,    0.000011
   17    -0.000001,    0.000149,   -0.000038,    0.000001,    0.000025
   18    -0.000023,   -0.000118,   -0.000122,    0.000003,   -0.000002
   19    -0.000181,   -0.000206,    0.000209,    0.000033,   -0.000039
   20    -0.000013,    0.000339,   -0.000025,    0.000011,    0.000065
   21     0.000190,    0.000031,    0.000058,   -0.000032,   -0.000002
   22     0.000001,    0.000351,   -0.000097,   -0.000000,    0.000058
   23     0.000031,   -0.000134,   -0.000286,   -0.000006,    0.000009
   24    -0.000066,   -0.000045,   -0.000029,    0.000012,   -0.000003
   25     0.000001,    0.000083,   -0.000025,   -0.000001,    0.000014
   26     0.000038,    0.000009,   -0.000001,   -0.000007,    0.000002
   27    -0.000001,   -0.000072,    0.000024,    0.000000,   -0.000011
   28     0.000030,    0.000041,    0.000013,   -0.000005,    0.000004
   29    -0.000001,    0.000039,   -0.000012,    0.000001,    0.000006
   30     0.000054,   -0.000014,   -0.000087,   -0.000009,    0.000005
   31     0.000589,    0.000705,   -0.000707,   -0.000156,   -0.000001
   32     0.000688,    0.000934,   -0.000774,   -0.000185,    0.000000
   33     0.000160,    0.000031,   -0.000077,   -0.000049,   -0.000055
   34    -0.000043,   -0.000014,   -0.000041,    0.000007,    0.000001
   35    -0.000001,    0.000042,   -0.000066,   -0.000004,    0.000002
   36    -0.000060,   -0.000059,    0.000043,    0.000012,   -0.000002
   37    -0.000084,   -0.000060,   -0.000081,    0.000015,   -0.000005
   38    -0.000055,    0.000056,   -0.000061,    0.000005,    0.000006
   39    -0.000048,   -0.000093,    0.000043,    0.000006,   -0.000012
   40    -0.000014,   -0.000004,   -0.000009,    0.000002,    0.000000
   41     0.000003,   -0.000001,    0.000009,    0.000000,    0.000000
   42     0.000017,    0.000003,    0.000008,   -0.000002,    0.000000
   43     0.000015,    0.000012,    0.000020,   -0.000003,    0.000000
   44     0.000011,   -0.000006,    0.000001,   -0.000001,   -0.000001
   45     0.000326,    0.000028,    0.000708,    0.000051,    0.000054
   46     0.000381,    0.000065,    0.000988,    0.000057,    0.000063
   47     0.000072,    0.000295,    0.000367,    0.000021,    0.000059
   48    -0.000045,   -0.000057,   -0.000024,    0.000008,   -0.000005
   49    -0.000021,   -0.000055,    0.000049,    0.000011,   -0.000002
   50     0.000045,    0.000009,    0.000039,   -0.000001,    0.000003
   51    -0.000082,   -0.000094,   -0.000036,    0.000014,   -0.000006
   52    -0.000074,   -0.000129,    0.000084,    0.000020,   -0.000012
   53     0.000044,   -0.000023,    0.000024,   -0.000004,   -0.000002
   54    -0.000014,   -0.000024,   -0.000001,    0.000003,   -0.000003
   55    -0.000006,   -0.000017,    0.000012,    0.000002,   -0.000001
   56     0.000018,    0.000021,   -0.000004,   -0.000003,    0.000002
   57    -0.000016,   -0.000028,   -0.000012,    0.000003,   -0.000002
   58     0.000014,    0.000012,   -0.000012,   -0.000003,    0.000001
   59     0.000040,   -0.000035,    0.000281,    0.000003,    0.000016
   60     0.000317,   -0.000365,    0.000572,   -0.000046,   -0.000027
   61     0.000111,   -0.000051,   -0.000020,   -0.000019,    0.000011
   62    -0.000053,   -0.000033,    0.000037,    0.000010,   -0.000003
   63    -0.000059,   -0.000029,   -0.000021,    0.000009,   -0.000004
   64     0.000006,    0.000024,   -0.000031,   -0.000005,    0.000001
   65    -0.000051,   -0.000165,    0.000126,    0.000010,   -0.000022
   66    -0.000133,    0.000003,   -0.000076,    0.000021,    0.000003
   67     0.000011,    0.000064,   -0.000065,   -0.000009,    0.000004
   68    -0.000013,    0.000001,   -0.000004,    0.000002,   -0.000001
   69    -0.000002,   -0.000003,    0.000007,    0.000001,    0.000000
   70     0.000001,    0.000008,   -0.000010,   -0.000000,    0.000001
   71     0.000002,    0.000016,   -0.000013,   -0.000002,    0.000002
   72    -0.000043,   -0.000025,    0.000014,    0.000007,   -0.000003
   73     0.000000,    0.006246,   -0.008828,   -0.000000,    0.001595
   74     0.000000,    0.009428,   -0.013317,   -0.000000,    0.002372
   75     0.000000,   -0.005452,    0.007866,   -0.000000,   -0.001243
   76    -0.000000,   -0.005020,    0.007025,    0.000000,   -0.001153
   77     0.000000,    0.000564,    0.000934,   -0.000000,    0.000001
   78     0.006598,   -0.000000,    0.000000,   -0.001146,   -0.000000
   79     0.000000,    0.002658,    0.008118,   -0.000000,   -0.000377
   80    -0.000000,    0.008975,   -0.002368,   -0.000000,    0.001499
   81     0.004476,   -0.000000,    0.000000,   -0.000773,   -0.000000
   82     0.000000,    0.002410,    0.004870,   -0.000000,   -0.000132
   83     0.000000,    0.006089,   -0.001543,   -0.000000,    0.001025
   84     0.001021,   -0.000000,    0.000000,   -0.000174,   -0.000000
   85     0.000000,    0.000424,    0.001269,   -0.000000,   -0.000061
   86     0.000000,    0.001726,   -0.000399,   -0.000000,    0.000296
   87    -0.000311,    0.000000,   -0.000000,    0.000056,    0.000000
   88    -0.000000,    0.000294,   -0.000019,   -0.000000,    0.000057
   89     0.000000,    0.000139,    0.000260,   -0.000000,   -0.000007
   90    -0.000012,    0.000000,   -0.000000,    0.000010,    0.000000
   91     0.000000,   -0.000107,   -0.000128,    0.000000,    0.000003
   92    -0.000421,    0.000000,    0.000000,    0.000075,    0.000000
   93     0.000000,    0.000133,    0.000145,   -0.000000,    0.000047
   94     0.000000,    0.000419,    0.000060,   -0.000000,    0.000039
   95    -0.000031,    0.000000,   -0.000000,    0.000024,    0.000000
   96    -0.000000,   -0.000257,    0.000163,    0.000000,   -0.000032
   97     0.000000,    0.000128,   -0.000057,   -0.000000,    0.000018
   98     0.000006,   -0.000000,    0.000000,   -0.000005,   -0.000000
   99    -0.000000,   -0.000058,    0.000031,    0.000000,   -0.000009
  100     0.000000,   -0.000063,    0.000044,   -0.000000,   -0.000007
  101    -0.000089,    0.000000,   -0.000000,    0.000015,    0.000000
  102    -0.000000,    0.000021,   -0.000020,    0.000000,    0.000002
  103     0.000024,   -0.000000,    0.000000,   -0.000004,   -0.000000
  104     0.000000,   -0.003461,    0.004384,   -0.000000,   -0.000877
  105     0.000000,   -0.004343,    0.005274,   -0.000000,   -0.001073
  106    -0.000000,   -0.001124,    0.001139,    0.000000,   -0.000297
  107     0.000108,   -0.000000,    0.000000,   -0.000019,   -0.000000
  108    -0.000000,    0.000318,   -0.000236,    0.000000,    0.000063
  109     0.000000,   -0.000213,    0.000415,   -0.000000,   -0.000065
  110     0.000183,   -0.000000,    0.000000,   -0.000032,   -0.000000
  111    -0.000000,    0.000471,   -0.000249,    0.000000,    0.000078
  112     0.000000,   -0.000249,    0.000578,   -0.000000,   -0.000074
  113    -0.000032,    0.000000,   -0.000000,    0.000006,    0.000000
  114    -0.000000,    0.000078,   -0.000074,    0.000000,    0.000016
  115     0.000000,    0.000019,    0.000072,   -0.000000,   -0.000004
  116     0.000050,   -0.000000,    0.000000,   -0.000009,   -0.000000
  117     0.000000,    0.000060,   -0.000023,   -0.000000,    0.000010
  118    -0.000000,    0.002674,    0.002964,   -0.000000,    0.000174
  119    -0.000000,    0.003115,    0.003490,    0.000000,    0.000198
  120    -0.000000,    0.000965,    0.000912,    0.000000,    0.000096
  121     0.000105,   -0.000000,    0.000000,   -0.000017,   -0.000000
  122     0.000000,   -0.000167,   -0.000103,    0.000000,   -0.000018
  123    -0.000000,   -0.000133,   -0.000331,    0.000000,    0.000006
  124     0.000181,   -0.000000,    0.000000,   -0.000031,   -0.000000
  125     0.000000,   -0.000053,   -0.000070,   -0.000000,   -0.000004
  126     0.000000,    0.000071,   -0.000483,   -0.000000,    0.000051
  127    -0.000031,    0.000000,    0.000000,    0.000005,    0.000000
  128     0.000000,    0.000004,    0.000051,    0.000000,   -0.000003
  129    -0.000000,   -0.000023,    0.000087,    0.000000,   -0.000010
  130    -0.000050,    0.000000,   -0.000000,    0.000008,    0.000000
  131     0.000000,   -0.000007,   -0.000002,   -0.000000,   -0.000001
  132    -0.001222,    0.001905,   -0.001278,    0.000222,    0.000128
  133    -0.002038,    0.002806,   -0.001578,    0.000386,    0.000190
  134     0.001974,   -0.001354,   -0.000561,   -0.000432,   -0.000090
  135     0.001640,   -0.000570,   -0.001111,   -0.000356,    0.000047
  136    -0.000371,   -0.000142,   -0.000029,    0.000053,   -0.000022
  137    -0.003277,    0.002389,    0.001572,    0.000561,    0.000187
  138     0.003322,   -0.002172,    0.000167,   -0.000537,   -0.000175
  139    -0.000375,    0.001712,   -0.002160,    0.000296,    0.000054
  140    -0.002042,    0.001573,    0.001124,    0.000353,    0.000108
  141     0.002319,   -0.001186,   -0.000129,   -0.000377,   -0.000067
  142    -0.000259,    0.001035,   -0.001420,    0.000204,    0.000017
  143    -0.000483,    0.000321,    0.000291,    0.000084,    0.000022
  144     0.000474,   -0.000395,   -0.000182,   -0.000076,   -0.000013
  145    -0.000076,    0.000092,   -0.000338,    0.000060,   -0.000027
  146    -0.000195,    0.000120,   -0.000064,    0.000034,    0.000021
  147     0.000014,    0.000087,    0.000048,   -0.000011,    0.000024
  148    -0.000123,    0.000122,   -0.000002,    0.000020,    0.000011
  149    -0.000001,   -0.000149,    0.000038,    0.000001,   -0.000025
  150     0.000023,   -0.000118,   -0.000122,   -0.000003,   -0.000002
  151    -0.000181,    0.000206,   -0.000209,    0.000033,    0.000039
  152     0.000013,    0.000339,   -0.000025,   -0.000011,    0.000065
  153    -0.000190,    0.000031,    0.000058,    0.000032,   -0.000002
  154     0.000001,   -0.000351,    0.000097,   -0.000000,   -0.000058
  155    -0.000031,   -0.000134,   -0.000286,    0.000006,    0.000009
  156     0.000066,   -0.000045,   -0.000029,   -0.000012,   -0.000003
  157     0.000001,   -0.000083,    0.000025,   -0.000001,   -0.000014
  158    -0.000038,    0.000009,   -0.000001,    0.000007,    0.000002
  159     0.000001,   -0.000072,    0.000024,   -0.000000,   -0.000011
  160     0.000030,   -0.000041,   -0.000013,   -0.000005,   -0.000004
  161     0.000001,    0.000039,   -0.000012,   -0.000001,    0.000006
  162     0.000054,    0.000014,    0.000087,   -0.000009,   -0.000005
  163    -0.000326,    0.000028,    0.000708,   -0.000051,    0.000054
  164    -0.000381,    0.000065,    0.000988,   -0.000057,    0.000063
  165    -0.000072,    0.000295,    0.000367,   -0.000021,    0.000059
  166    -0.000045,    0.000057,    0.000024,    0.000008,    0.000005
  167     0.000021,   -0.000055,    0.000049,   -0.000011,   -0.000002
  168    -0.000045,    0.000009,    0.000039,    0.000001,    0.000003
  169    -0.000082,    0.000094,    0.000036,    0.000014,    0.000006
  170     0.000074,   -0.000129,    0.000084,   -0.000020,   -0.000012
  171    -0.000044,   -0.000023,    0.000024,    0.000004,   -0.000002
  172    -0.000014,    0.000024,    0.000001,    0.000003,    0.000003
  173     0.000006,   -0.000017,    0.000012,   -0.000002,   -0.000001
  174    -0.000018,    0.000021,   -0.000004,    0.000003,    0.000002
  175    -0.000016,    0.000028,    0.000012,    0.000003,    0.000002
  176    -0.000014,    0.000012,   -0.000012,    0.000003,    0.000001
  177    -0.000040,   -0.000035,    0.000281,   -0.000003,    0.000016
  178    -0.000317,   -0.000365,    0.000572,    0.000046,   -0.000027
  179    -0.000111,   -0.000051,   -0.000020,    0.000019,    0.000011
  180    -0.000053,    0.000033,   -0.000037,    0.000010,    0.000003
  181     0.000059,   -0.000029,   -0.000021,   -0.000009,   -0.000004
  182    -0.000006,    0.000024,   -0.000031,    0.000005,    0.000001
  183    -0.000051,    0.000165,   -0.000126,    0.000010,    0.000022
  184     0.000133,    0.000003,   -0.000076,   -0.000021,    0.000003
  185    -0.000011,    0.000064,   -0.000065,    0.000009,    0.000004
  186    -0.000013,   -0.000001,    0.000004,    0.000002,    0.000001
  187     0.000002,   -0.000003,    0.000007,   -0.000001,    0.000000
  188    -0.000001,    0.000008,   -0.000010,    0.000000,    0.000001
  189     0.000002,   -0.000016,    0.000013,   -0.000002,   -0.000002
  190     0.000043,   -0.000025,    0.000014,   -0.000007,   -0.000003
  191    -0.000589,    0.000705,   -0.000707,    0.000156,   -0.000001
  192    -0.000688,    0.000934,   -0.000774,    0.000185,    0.000000
  193    -0.000160,    0.000031,   -0.000077,    0.000049,   -0.000055
  194    -0.000043,    0.000014,    0.000041,    0.000007,   -0.000001
  195     0.000001,    0.000042,   -0.000066,    0.000004,    0.000002
  196     0.000060,   -0.000059,    0.000043,   -0.000012,   -0.000002
  197    -0.000084,    0.000060,    0.000081,    0.000015,    0.000005
  198     0.000055,    0.000056,   -0.000061,   -0.000005,    0.000006
  199     0.000048,   -0.000093,    0.000043,   -0.000006,   -0.000012
  200    -0.000014,    0.000004,    0.000009,    0.000002,   -0.000000
  201    -0.000003,   -0.000001,    0.000009,   -0.000000,    0.000000
  202    -0.000017,    0.000003,    0.000008,    0.000002,    0.000000
  203     0.000015,   -0.000012,   -0.000020,   -0.000003,   -0.000000
  204    -0.000011,   -0.000006,    0.000001,    0.000001,   -0.000001
               115,         116,         117,         118,         119
    0     0.000137,    0.000300,    0.000155,    0.002977,   -0.002387
    1     0.000257,    0.000493,    0.000226,    0.006473,   -0.000701
    2    -0.000367,   -0.000453,   -0.000101,   -0.012716,   -0.012319
    3    -0.000353,   -0.000378,   -0.000020,   -0.014234,   -0.014389
    4    -0.000029,    0.000113,   -0.000012,   -0.002166,   -0.001896
    5    -0.000514,   -0.000858,   -0.000476,   -0.010533,   -0.013747
    6    -0.000419,   -0.001001,   -0.000151,   -0.014989,   -0.017840
    7     0.000173,    0.000162,    0.000132,   -0.011552,   -0.011362
    8    -0.000363,   -0.000527,   -0.000309,   -0.008381,   -0.010387
    9    -0.000288,   -0.000696,   -0.000070,   -0.011114,   -0.013080
   10     0.000107,    0.000112,    0.000074,   -0.009271,   -0.009455
   11    -0.000079,   -0.000122,   -0.000070,   -0.002137,   -0.002521
   12    -0.000121,   -0.000146,   -0.000028,   -0.005175,   -0.005903
   13     0.000014,    0.000033,   -0.000005,   -0.005062,   -0.005632
   14     0.000000,   -0.000051,   -0.000020,    0.000696,    0.000704
   15     0.000005,   -0.000006,    0.000016,    0.002579,    0.003003
   16     0.000021,    0.000037,    0.000013,    0.000602,    0.000721
   17     0.000012,   -0.000000,    0.000020,    0.001996,    0.002405
   18    -0.000042,   -0.000008,   -0.000017,   -0.001551,   -0.001786
   19     0.000012,   -0.000046,   -0.000025,    0.001252,    0.001451
   20     0.000025,   -0.000006,    0.000049,    0.005770,    0.006862
   21     0.000016,    0.000055,    0.000005,    0.000562,    0.000654
   22     0.000027,    0.000000,    0.000046,    0.004568,    0.005516
   23    -0.000073,    0.000007,   -0.000024,   -0.002902,   -0.003283
   24    -0.000012,   -0.000017,   -0.000006,   -0.000438,   -0.000479
   25     0.000007,    0.000001,    0.000011,    0.001041,    0.001261
   26     0.000002,    0.000009,    0.000000,    0.000020,    0.000031
   27    -0.000006,   -0.000000,   -0.000009,   -0.000855,   -0.001038
   28     0.000008,    0.000008,    0.000006,    0.000267,    0.000279
   29     0.000003,   -0.000000,    0.000005,    0.000488,    0.000591
   30    -0.000018,    0.000015,   -0.000004,   -0.000730,   -0.000836
   31     0.000113,    0.000221,    0.000045,   -0.005177,   -0.004792
   32     0.000171,    0.000257,    0.000061,   -0.005129,   -0.004417
   33     0.000056,    0.000062,   -0.000015,   -0.004343,   -0.004876
   34    -0.000007,   -0.000011,   -0.000005,   -0.000014,   -0.000013
   35     0.000001,    0.000003,    0.000004,   -0.000398,   -0.000354
   36    -0.000009,   -0.000022,   -0.000004,    0.000138,    0.000048
   37    -0.000016,   -0.000022,   -0.000015,   -0.000588,   -0.000667
   38     0.000003,   -0.000013,    0.000008,    0.000014,    0.000209
   39    -0.000010,   -0.000018,   -0.000010,   -0.000531,   -0.000802
   40    -0.000002,   -0.000004,   -0.000001,    0.000049,    0.000061
   41     0.000000,    0.000000,   -0.000000,    0.000086,    0.000062
   42     0.000002,    0.000005,    0.000000,    0.000040,    0.000052
   43     0.000004,    0.000004,    0.000003,    0.000085,    0.000090
   44    -0.000001,    0.000003,   -0.000001,   -0.000037,   -0.000061
   45     0.000032,    0.000108,    0.000024,    0.010623,    0.012403
   46     0.000067,    0.000124,    0.000031,    0.014090,    0.016454
   47     0.000064,    0.000024,    0.000048,    0.009447,    0.010981
   48    -0.000011,   -0.000012,   -0.000010,   -0.000454,   -0.000553
   49    -0.000008,   -0.000006,   -0.000004,    0.000112,    0.000126
   50     0.000004,    0.000015,    0.000002,    0.000586,    0.000721
   51    -0.000019,   -0.000021,   -0.000017,   -0.000325,   -0.000404
   52    -0.000014,   -0.000021,   -0.000012,   -0.000517,   -0.000576
   53    -0.000000,    0.000016,   -0.000003,   -0.000274,   -0.000224
   54    -0.000003,   -0.000004,   -0.000004,   -0.000152,   -0.000186
   55    -0.000002,   -0.000002,   -0.000001,   -0.000002,    0.000016
   56     0.000003,    0.000006,    0.000002,    0.000133,    0.000176
   57    -0.000006,   -0.000004,   -0.000005,   -0.000220,   -0.000258
   58     0.000001,    0.000004,    0.000001,    0.000051,    0.000058
   59    -0.000045,   -0.000010,    0.000097,   -0.004606,   -0.004321
   60    -0.000061,    0.000061,    0.000081,   -0.005486,   -0.004918
   61    -0.000040,    0.000019,    0.000021,   -0.002502,   -0.002594
   62    -0.000006,   -0.000016,    0.000005,   -0.000374,   -0.000342
   63    -0.000004,   -0.000016,   -0.000009,    0.000073,    0.000001
   64     0.000002,    0.000003,    0.000002,   -0.000182,   -0.000182
   65    -0.000009,   -0.000014,   -0.000010,   -0.000318,   -0.000170
   66    -0.000009,   -0.000038,   -0.000006,   -0.000209,   -0.000391
   67     0.000006,    0.000005,    0.000006,   -0.000109,   -0.000060
   68     0.000001,   -0.000004,   -0.000001,    0.000055,    0.000029
   69    -0.000000,   -0.000001,   -0.000000,    0.000087,    0.000095
   70     0.000000,    0.000000,    0.000000,   -0.000001,   -0.000020
   71     0.000001,    0.000001,    0.000002,    0.000035,    0.000056
   72    -0.000002,   -0.000012,   -0.000002,   -0.000043,   -0.000040
   73    -0.000950,    0.000000,    0.000844,   -0.017309,   -0.036131
   74    -0.001411,    0.000000,    0.001245,   -0.037084,   -0.062829
   75     0.000763,    0.000000,   -0.000601,    0.067916,    0.072181
   76     0.000686,   -0.000000,   -0.000586,    0.057632,    0.061781
   77     0.000250,    0.000000,    0.000103,    0.013953,    0.014348
   78     0.000000,    0.001802,   -0.000000,    0.000000,    0.000000
   79     0.001922,   -0.000000,    0.000517,    0.081105,    0.091626
   80     0.000698,    0.000000,    0.001191,    0.118789,    0.143256
   81    -0.000000,    0.001228,    0.000000,   -0.000000,   -0.000000
   82     0.001263,    0.000000,    0.000427,    0.052665,    0.058978
   83     0.000472,    0.000000,    0.000811,    0.081857,    0.098622
   84     0.000000,    0.000282,   -0.000000,    0.000000,    0.000000
   85     0.000305,    0.000000,    0.000079,    0.012901,    0.014661
   86     0.000133,    0.000000,    0.000232,    0.023976,    0.028829
   87    -0.000000,   -0.000081,    0.000000,    0.000000,   -0.000000
   88     0.000021,    0.000000,    0.000042,    0.005076,    0.006033
   89     0.000071,   -0.000000,    0.000022,    0.002966,    0.003314
   90    -0.000000,   -0.000005,   -0.000000,   -0.000000,    0.000000
   91    -0.000048,    0.000000,   -0.000009,   -0.002122,   -0.002362
   92     0.000000,   -0.000109,   -0.000000,    0.000000,   -0.000000
   93     0.000006,    0.000000,    0.000028,    0.005368,    0.006202
   94     0.000074,    0.000000,    0.000054,    0.002743,    0.002851
   95    -0.000000,   -0.000013,   -0.000000,    0.000000,    0.000000
   96    -0.000024,   -0.000000,   -0.000013,   -0.001201,   -0.001161
   97     0.000008,    0.000000,    0.000015,   -0.000248,   -0.000221
   98     0.000000,    0.000003,    0.000000,    0.000000,   -0.000000
   99    -0.000001,   -0.000000,   -0.000008,    0.000535,    0.000471
  100    -0.000006,    0.000000,   -0.000007,   -0.000296,   -0.000397
  101     0.000000,   -0.000025,   -0.000000,    0.000000,    0.000000
  102     0.000002,   -0.000000,    0.000002,   -0.000011,    0.000008
  103    -0.000000,    0.000009,    0.000000,    0.000000,   -0.000000
  104     0.000424,   -0.000000,   -0.000407,   -0.008291,   -0.013094
  105     0.000479,    0.000000,   -0.000515,   -0.013087,   -0.018367
  106     0.000119,   -0.000000,   -0.000150,   -0.007600,   -0.009531
  107     0.000000,    0.000030,    0.000000,    0.000000,   -0.000000
  108    -0.000003,   -0.000000,    0.000040,    0.001825,    0.002320
  109     0.000053,    0.000000,   -0.000022,    0.000972,    0.000905
  110     0.000000,    0.000050,    0.000000,   -0.000000,   -0.000000
  111     0.000019,   -0.000000,    0.000060,    0.002674,    0.003115
  112     0.000072,    0.000000,   -0.000023,    0.002964,    0.003490
  113    -0.000000,   -0.000009,   -0.000000,   -0.000000,    0.000000
  114    -0.000004,   -0.000000,    0.000010,    0.000174,    0.000198
  115     0.000017,    0.000000,    0.000004,    0.000896,    0.001055
  116     0.000000,    0.000014,    0.000000,    0.000000,   -0.000000
  117     0.000004,    0.000000,    0.000008,    0.000418,    0.000485
  118     0.000896,    0.000000,    0.000418,    0.076910,    0.089356
  119     0.001055,   -0.000000,    0.000485,    0.089356,    0.104897
  120     0.000274,   -0.000000,    0.000145,    0.026543,    0.031156
  121    -0.000000,    0.000029,   -0.000000,   -0.000000,    0.000000
  122    -0.000041,   -0.000000,   -0.000025,   -0.004506,   -0.005322
  123    -0.000080,   -0.000000,   -0.000024,   -0.005690,   -0.006584
  124     0.000000,    0.000050,    0.000000,    0.000000,   -0.000000
  125    -0.000023,    0.000000,   -0.000007,   -0.003458,   -0.004340
  126    -0.000087,    0.000000,    0.000002,   -0.004386,   -0.005276
  127    -0.000000,   -0.000008,    0.000000,   -0.000000,   -0.000000
  128     0.000010,    0.000000,    0.000001,    0.000877,    0.001072
  129     0.000014,   -0.000000,   -0.000002,    0.000425,    0.000481
  130     0.000000,   -0.000014,   -0.000000,    0.000000,    0.000000
  131    -0.000002,    0.000000,   -0.000001,   -0.000406,   -0.000514
  132     0.000137,   -0.000300,    0.000155,    0.002977,   -0.002387
  133     0.000257,   -0.000493,    0.000226,    0.006473,   -0.000701
  134    -0.000367,    0.000453,   -0.000101,   -0.012716,   -0.012319
  135    -0.000353,    0.000378,   -0.000020,   -0.014234,   -0.014389
  136    -0.000029,   -0.000113,   -0.000012,   -0.002166,   -0.001896
  137     0.000514,   -0.000858,    0.000476,    0.010533,    0.013747
  138    -0.000419,    0.001001,   -0.000151,   -0.014989,   -0.017840
  139     0.000173,   -0.000162,    0.000132,   -0.011552,   -0.011362
  140     0.000363,   -0.000527,    0.000309,    0.008381,    0.010387
  141    -0.000288,    0.000696,   -0.000070,   -0.011114,   -0.013080
  142     0.000107,   -0.000112,    0.000074,   -0.009271,   -0.009455
  143     0.000079,   -0.000122,    0.000070,    0.002137,    0.002521
  144    -0.000121,    0.000146,   -0.000028,   -0.005175,   -0.005903
  145     0.000014,   -0.000033,   -0.000005,   -0.005062,   -0.005632
  146    -0.000000,   -0.000051,    0.000020,   -0.000696,   -0.000704
  147     0.000005,    0.000006,    0.000016,    0.002579,    0.003003
  148     0.000021,   -0.000037,    0.000013,    0.000602,    0.000721
  149    -0.000012,   -0.000000,   -0.000020,   -0.001996,   -0.002405
  150    -0.000042,    0.000008,   -0.000017,   -0.001551,   -0.001786
  151    -0.000012,   -0.000046,    0.000025,   -0.001252,   -0.001451
  152     0.000025,    0.000006,    0.000049,    0.005770,    0.006862
  153     0.000016,   -0.000055,    0.000005,    0.000562,    0.000654
  154    -0.000027,    0.000000,   -0.000046,   -0.004568,   -0.005516
  155    -0.000073,   -0.000007,   -0.000024,   -0.002902,   -0.003283
  156    -0.000012,    0.000017,   -0.000006,   -0.000438,   -0.000479
  157    -0.000007,    0.000001,   -0.000011,   -0.001041,   -0.001261
  158     0.000002,   -0.000009,    0.000000,    0.000020,    0.000031
  159    -0.000006,    0.000000,   -0.000009,   -0.000855,   -0.001038
  160    -0.000008,    0.000008,   -0.000006,   -0.000267,   -0.000279
  161     0.000003,    0.000000,    0.000005,    0.000488,    0.000591
  162     0.000018,    0.000015,    0.000004,    0.000730,    0.000836
  163     0.000032,   -0.000108,    0.000024,    0.010623,    0.012403
  164     0.000067,   -0.000124,    0.000031,    0.014090,    0.016454
  165     0.000064,   -0.000024,    0.000048,    0.009447,    0.010981
  166     0.000011,   -0.000012,    0.000010,    0.000454,    0.000553
  167    -0.000008,    0.000006,   -0.000004,    0.000112,    0.000126
  168     0.000004,   -0.000015,    0.000002,    0.000586,    0.000721
  169     0.000019,   -0.000021,    0.000017,    0.000325,    0.000404
  170    -0.000014,    0.000021,   -0.000012,   -0.000517,   -0.000576
  171    -0.000000,   -0.000016,   -0.000003,   -0.000274,   -0.000224
  172     0.000003,   -0.000004,    0.000004,    0.000152,    0.000186
  173    -0.000002,    0.000002,   -0.000001,   -0.000002,    0.000016
  174     0.000003,   -0.000006,    0.000002,    0.000133,    0.000176
  175     0.000006,   -0.000004,    0.000005,    0.000220,    0.000258
  176     0.000001,   -0.000004,    0.000001,    0.000051,    0.000058
  177    -0.000045,    0.000010,    0.000097,   -0.004606,   -0.004321
  178    -0.000061,   -0.000061,    0.000081,   -0.005486,   -0.004918
  179    -0.000040,   -0.000019,    0.000021,   -0.002502,   -0.002594
  180     0.000006,   -0.000016,   -0.000005,    0.000374,    0.000342
  181    -0.000004,    0.000016,   -0.000009,    0.000073,    0.000001
  182     0.000002,   -0.000003,    0.000002,   -0.000182,   -0.000182
  183     0.000009,   -0.000014,    0.000010,    0.000318,    0.000170
  184    -0.000009,    0.000038,   -0.000006,   -0.000209,   -0.000391
  185     0.000006,   -0.000005,    0.000006,   -0.000109,   -0.000060
  186    -0.000001,   -0.000004,    0.000001,   -0.000055,   -0.000029
  187    -0.000000,    0.000001,   -0.000000,    0.000087,    0.000095
  188     0.000000,   -0.000000,    0.000000,   -0.000001,   -0.000020
  189    -0.000001,    0.000001,   -0.000002,   -0.000035,   -0.000056
  190    -0.000002,    0.000012,   -0.000002,   -0.000043,   -0.000040
  191     0.000113,   -0.000221,    0.000045,   -0.005177,   -0.004792
  192     0.000171,   -0.000257,    0.000061,   -0.005129,   -0.004417
  193     0.000056,   -0.000062,   -0.000015,   -0.004343,   -0.004876
  194     0.000007,   -0.000011,    0.000005,    0.000014,    0.000013
  195     0.000001,   -0.000003,    0.000004,   -0.000398,   -0.000354
  196    -0.000009,    0.000022,   -0.000004,    0.000138,    0.000048
  197     0.000016,   -0.000022,    0.000015,    0.000588,    0.000667
  198     0.000003,    0.000013,    0.000008,    0.000014,    0.000209
  199    -0.000010,    0.000018,   -0.000010,   -0.000531,   -0.000802
  200     0.000002,   -0.000004,    0.000001,   -0.000049,   -0.000061
  201     0.000000,   -0.000000,   -0.000000,    0.000086,    0.000062
  202     0.000002,   -0.000005,    0.000000,    0.000040,    0.000052
  203    -0.000004,    0.000004,   -0.000003,   -0.000085,   -0.000090
  204    -0.000001,   -0.000003,   -0.000001,   -0.000037,   -0.000061
               120,         121,         122,         123,         124
    0     0.000460,    0.000311,    0.000040,   -0.000268,    0.001221
    1     0.001296,    0.000624,    0.000027,   -0.000613,    0.002036
    2    -0.003512,   -0.000984,    0.000154,    0.001286,   -0.001973
    3    -0.003627,   -0.000811,    0.000452,    0.001426,   -0.001640
    4    -0.000440,    0.000222,    0.000055,    0.000189,    0.000371
    5    -0.001545,   -0.002022,   -0.000514,    0.001410,   -0.003274
    6    -0.011016,   -0.001995,   -0.000389,    0.001273,   -0.003321
    7    -0.015995,   -0.000665,   -0.000050,    0.000444,   -0.000377
    8    -0.001393,   -0.001250,   -0.000265,    0.001061,   -0.002040
    9    -0.007368,   -0.001379,   -0.000120,    0.000960,   -0.002318
   10    -0.011323,   -0.000459,    0.000081,    0.000382,   -0.000260
   11    -0.000184,   -0.000301,   -0.000034,    0.000263,   -0.000482
   12    -0.002760,   -0.000282,    0.000017,    0.000461,   -0.000474
   13    -0.004069,   -0.000134,    0.000213,    0.000245,   -0.000076
   14     0.000244,   -0.000118,   -0.000067,   -0.000052,   -0.000195
   15     0.001474,    0.000025,   -0.000156,   -0.000135,    0.000014
   16     0.000403,    0.000073,    0.000027,   -0.000057,    0.000123
   17     0.000777,    0.000001,   -0.000150,   -0.000111,    0.000001
   18    -0.000578,   -0.000014,    0.000009,    0.000155,   -0.000023
   19     0.000279,   -0.000105,   -0.000109,   -0.000116,   -0.000181
   20     0.002654,    0.000024,   -0.000402,   -0.000314,    0.000013
   21     0.000188,    0.000109,   -0.000008,   -0.000059,    0.000190
   22     0.001730,   -0.000001,   -0.000348,   -0.000255,   -0.000000
   23    -0.000854,    0.000020,    0.000055,    0.000296,    0.000031
   24    -0.000134,   -0.000038,    0.000000,    0.000044,   -0.000066
   25     0.000379,   -0.000002,   -0.000080,   -0.000058,   -0.000001
   26     0.000015,    0.000022,    0.000003,   -0.000002,    0.000038
   27    -0.000297,    0.000001,    0.000067,    0.000048,    0.000001
   28     0.000074,    0.000018,    0.000003,   -0.000028,    0.000030
   29     0.000178,    0.000001,   -0.000038,   -0.000027,    0.000001
   30    -0.000181,    0.000032,    0.000020,    0.000076,    0.000054
   31    -0.004677,    0.000087,    0.000379,    0.000149,    0.000326
   32    -0.005355,    0.000107,    0.000437,    0.000064,    0.000381
   33    -0.003077,    0.000004,    0.000373,    0.000120,    0.000072
   34     0.000032,   -0.000029,   -0.000022,    0.000016,   -0.000045
   35    -0.000413,   -0.000020,    0.000002,    0.000024,   -0.000021
   36     0.000131,   -0.000024,   -0.000022,    0.000001,   -0.000045
   37    -0.000216,   -0.000050,   -0.000009,    0.000062,   -0.000082
   38    -0.000308,   -0.000048,   -0.000042,    0.000002,   -0.000073
   39    -0.000288,   -0.000034,    0.000018,    0.000032,   -0.000044
   40     0.000022,   -0.000009,   -0.000011,    0.000001,   -0.000014
   41     0.000076,    0.000004,   -0.000000,   -0.000006,    0.000006
   42     0.000069,    0.000013,    0.000009,   -0.000005,    0.000018
   43     0.000015,    0.000010,    0.000007,   -0.000013,    0.000016
   44     0.000024,    0.000009,    0.000006,    0.000003,    0.000014
   45     0.009759,    0.000551,   -0.000147,   -0.000586,    0.000589
   46     0.012407,    0.000650,   -0.000187,   -0.000827,    0.000688
   47     0.005705,    0.000161,   -0.000391,   -0.000587,    0.000160
   48    -0.000094,   -0.000026,    0.000014,    0.000042,   -0.000043
   49     0.000390,    0.000014,    0.000012,    0.000006,   -0.000001
   50     0.000613,    0.000050,    0.000004,   -0.000033,    0.000060
   51     0.000124,   -0.000052,   -0.000010,    0.000051,   -0.000084
   52     0.000133,   -0.000015,    0.000050,    0.000042,   -0.000055
   53     0.000226,    0.000041,    0.000063,    0.000017,    0.000048
   54    -0.000037,   -0.000008,    0.000005,    0.000012,   -0.000014
   55     0.000066,    0.000002,    0.000002,    0.000003,   -0.000003
   56     0.000055,    0.000010,   -0.000002,   -0.000011,    0.000017
   57    -0.000045,   -0.000009,    0.000005,    0.000021,   -0.000015
   58     0.000006,    0.000004,   -0.000005,   -0.000003,    0.000011
   59    -0.003477,    0.000087,    0.000168,    0.000283,    0.000039
   60    -0.004538,    0.000265,    0.000099,    0.000320,    0.000316
   61    -0.001454,    0.000084,    0.000072,    0.000195,    0.000111
   62    -0.000308,   -0.000026,    0.000004,    0.000023,   -0.000053
   63     0.000071,   -0.000040,   -0.000017,    0.000002,   -0.000059
   64    -0.000238,   -0.000010,    0.000000,    0.000007,   -0.000006
   65    -0.000380,   -0.000022,   -0.000036,    0.000015,   -0.000051
   66    -0.000018,   -0.000087,   -0.000002,    0.000030,   -0.000133
   67    -0.000366,   -0.000019,   -0.000018,    0.000000,   -0.000011
   68     0.000024,   -0.000010,   -0.000004,   -0.000004,   -0.000013
   69     0.000078,    0.000003,   -0.000003,   -0.000004,    0.000002
   70     0.000012,   -0.000000,    0.000002,    0.000001,    0.000001
   71    -0.000048,   -0.000004,   -0.000008,   -0.000003,   -0.000002
   72    -0.000055,   -0.000025,   -0.000007,    0.000003,   -0.000043
   73    -0.009870,   -0.000000,    0.001938,    0.002528,   -0.000000
   74    -0.016211,   -0.000000,    0.003494,    0.004634,   -0.000000
   75     0.015251,    0.000000,   -0.004402,   -0.006195,    0.000000
   76     0.013168,   -0.000000,   -0.003869,   -0.005303,   -0.000000
   77     0.003514,    0.000000,   -0.000353,   -0.001314,    0.000000
   78    -0.000000,    0.003909,   -0.000000,   -0.000000,    0.006594
   79     0.023752,   -0.000000,   -0.001884,   -0.008160,    0.000000
   80     0.045716,   -0.000000,   -0.008978,   -0.006612,   -0.000000
   81    -0.000000,    0.002664,   -0.000000,    0.000000,    0.004473
   82     0.015573,    0.000000,   -0.001012,   -0.005287,    0.000000
   83     0.031929,   -0.000000,   -0.006152,   -0.004549,   -0.000000
   84     0.000000,    0.000610,   -0.000000,   -0.000000,    0.001021
   85     0.003992,    0.000000,   -0.000290,   -0.001290,    0.000000
   86     0.009610,    0.000000,   -0.001781,   -0.001328,   -0.000000
   87     0.000000,   -0.000182,    0.000000,    0.000000,   -0.000311
   88     0.002353,   -0.000000,   -0.000352,   -0.000276,   -0.000000
   89     0.000934,   -0.000000,   -0.000056,   -0.000295,    0.000000
   90     0.000000,    0.000022,   -0.000000,   -0.000000,    0.000012
   91    -0.000892,    0.000000,    0.000034,    0.000197,    0.000000
   92     0.000000,   -0.000246,    0.000000,   -0.000000,   -0.000421
   93     0.003285,   -0.000000,   -0.000308,   -0.000278,    0.000000
   94     0.001017,    0.000000,    0.000037,   -0.000266,    0.000000
   95     0.000000,    0.000055,   -0.000000,   -0.000000,    0.000031
   96    -0.001036,   -0.000000,   -0.000047,    0.000079,   -0.000000
   97     0.000043,    0.000000,    0.000055,    0.000017,    0.000000
   98     0.000000,   -0.000011,    0.000000,    0.000000,   -0.000007
   99     0.000108,   -0.000000,   -0.000044,   -0.000040,   -0.000000
  100     0.000069,   -0.000000,    0.000037,    0.000020,    0.000000
  101     0.000000,   -0.000052,    0.000000,   -0.000000,   -0.000089
  102    -0.000100,    0.000000,   -0.000007,   -0.000001,   -0.000000
  103     0.000000,    0.000014,    0.000000,    0.000000,    0.000024
  104    -0.007601,   -0.000000,    0.001826,   -0.000971,    0.000000
  105    -0.009531,    0.000000,    0.002320,   -0.000904,    0.000000
  106    -0.004659,   -0.000000,    0.000862,    0.000009,   -0.000000
  107    -0.000000,    0.000060,   -0.000000,   -0.000000,    0.000105
  108     0.000862,   -0.000000,   -0.000168,   -0.000047,   -0.000000
  109    -0.000008,    0.000000,    0.000047,   -0.000196,    0.000000
  110    -0.000000,    0.000105,    0.000000,   -0.000000,    0.000181
  111     0.000965,   -0.000000,   -0.000167,   -0.000133,   -0.000000
  112     0.000912,    0.000000,   -0.000103,   -0.000331,    0.000000
  113     0.000000,   -0.000017,    0.000000,    0.000000,   -0.000031
  114     0.000096,   -0.000000,   -0.000018,    0.000006,   -0.000000
  115     0.000274,   -0.000000,   -0.000041,   -0.000080,    0.000000
  116    -0.000000,    0.000029,   -0.000000,   -0.000000,    0.000050
  117     0.000145,   -0.000000,   -0.000025,   -0.000024,    0.000000
  118     0.026543,   -0.000000,   -0.004506,   -0.005690,    0.000000
  119     0.031156,    0.000000,   -0.005322,   -0.006584,   -0.000000
  120     0.010672,   -0.000000,   -0.001544,   -0.001854,   -0.000000
  121    -0.000000,    0.000066,   -0.000000,   -0.000000,    0.000108
  122    -0.001544,   -0.000000,    0.000313,    0.000305,    0.000000
  123    -0.001854,   -0.000000,    0.000305,    0.000458,   -0.000000
  124    -0.000000,    0.000108,    0.000000,   -0.000000,    0.000183
  125    -0.001124,   -0.000000,    0.000318,    0.000213,    0.000000
  126    -0.001141,   -0.000000,    0.000236,    0.000415,    0.000000
  127     0.000000,   -0.000019,   -0.000000,    0.000000,   -0.000032
  128     0.000297,    0.000000,   -0.000063,   -0.000065,    0.000000
  129     0.000120,   -0.000000,   -0.000003,   -0.000053,    0.000000
  130     0.000000,   -0.000030,    0.000000,    0.000000,   -0.000050
  131    -0.000150,    0.000000,    0.000040,    0.000022,    0.000000
  132     0.000460,   -0.000311,    0.000040,   -0.000268,   -0.001221
  133     0.001296,   -0.000624,    0.000027,   -0.000613,   -0.002036
  134    -0.003512,    0.000984,    0.000154,    0.001286,    0.001973
  135    -0.003627,    0.000811,    0.000452,    0.001426,    0.001640
  136    -0.000440,   -0.000222,    0.000055,    0.000189,   -0.000371
  137     0.001545,   -0.002022,    0.000514,   -0.001410,   -0.003274
  138    -0.011016,    0.001995,   -0.000389,    0.001273,    0.003321
  139    -0.015995,    0.000665,   -0.000050,    0.000444,    0.000377
  140     0.001393,   -0.001250,    0.000265,   -0.001061,   -0.002040
  141    -0.007368,    0.001379,   -0.000120,    0.000960,    0.002318
  142    -0.011323,    0.000459,    0.000081,    0.000382,    0.000260
  143     0.000184,   -0.000301,    0.000034,   -0.000263,   -0.000482
  144    -0.002760,    0.000282,    0.000017,    0.000461,    0.000474
  145    -0.004069,    0.000134,    0.000213,    0.000245,    0.000076
  146    -0.000244,   -0.000118,    0.000067,    0.000052,   -0.000195
  147     0.001474,   -0.000025,   -0.000156,   -0.000135,   -0.000014
  148     0.000403,   -0.000073,    0.000027,   -0.000057,   -0.000123
  149    -0.000777,    0.000001,    0.000150,    0.000111,    0.000001
  150    -0.000578,    0.000014,    0.000009,    0.000155,    0.000023
  151    -0.000279,   -0.000105,    0.000109,    0.000116,   -0.000181
  152     0.002654,   -0.000024,   -0.000402,   -0.000314,   -0.000013
  153     0.000188,   -0.000109,   -0.000008,   -0.000059,   -0.000190
  154    -0.001730,   -0.000001,    0.000348,    0.000255,   -0.000000
  155    -0.000854,   -0.000020,    0.000055,    0.000296,   -0.000031
  156    -0.000134,    0.000038,    0.000000,    0.000044,    0.000066
  157    -0.000379,   -0.000002,    0.000080,    0.000058,   -0.000001
  158     0.000015,   -0.000022,    0.000003,   -0.000002,   -0.000038
  159    -0.000297,   -0.000001,    0.000067,    0.000048,   -0.000001
  160    -0.000074,    0.000018,   -0.000003,    0.000028,    0.000030
  161     0.000178,   -0.000001,   -0.000038,   -0.000027,   -0.000001
  162     0.000181,    0.000032,   -0.000020,   -0.000076,    0.000054
  163     0.009759,   -0.000551,   -0.000147,   -0.000586,   -0.000589
  164     0.012407,   -0.000650,   -0.000187,   -0.000827,   -0.000688
  165     0.005705,   -0.000161,   -0.000391,   -0.000587,   -0.000160
  166     0.000094,   -0.000026,   -0.000014,   -0.000042,   -0.000043
  167     0.000390,   -0.000014,    0.000012,    0.000006,    0.000001
  168     0.000613,   -0.000050,    0.000004,   -0.000033,   -0.000060
  169    -0.000124,   -0.000052,    0.000010,   -0.000051,   -0.000084
  170     0.000133,    0.000015,    0.000050,    0.000042,    0.000055
  171     0.000226,   -0.000041,    0.000063,    0.000017,   -0.000048
  172     0.000037,   -0.000008,   -0.000005,   -0.000012,   -0.000014
  173     0.000066,   -0.000002,    0.000002,    0.000003,    0.000003
  174     0.000055,   -0.000010,   -0.000002,   -0.000011,   -0.000017
  175     0.000045,   -0.000009,   -0.000005,   -0.000021,   -0.000015
  176     0.000006,   -0.000004,   -0.000005,   -0.000003,   -0.000011
  177    -0.003477,   -0.000087,    0.000168,    0.000283,   -0.000039
  178    -0.004538,   -0.000265,    0.000099,    0.000320,   -0.000316
  179    -0.001454,   -0.000084,    0.000072,    0.000195,   -0.000111
  180     0.000308,   -0.000026,   -0.000004,   -0.000023,   -0.000053
  181     0.000071,    0.000040,   -0.000017,    0.000002,    0.000059
  182    -0.000238,    0.000010,    0.000000,    0.000007,    0.000006
  183     0.000380,   -0.000022,    0.000036,   -0.000015,   -0.000051
  184    -0.000018,    0.000087,   -0.000002,    0.000030,    0.000133
  185    -0.000366,    0.000019,   -0.000018,    0.000000,    0.000011
  186    -0.000024,   -0.000010,    0.000004,    0.000004,   -0.000013
  187     0.000078,   -0.000003,   -0.000003,   -0.000004,   -0.000002
  188     0.000012,    0.000000,    0.000002,    0.000001,   -0.000001
  189     0.000048,   -0.000004,    0.000008,    0.000003,   -0.000002
  190    -0.000055,    0.000025,   -0.000007,    0.000003,    0.000043
  191    -0.004677,   -0.000087,    0.000379,    0.000149,   -0.000326
  192    -0.005355,   -0.000107,    0.000437,    0.000064,   -0.000381
  193    -0.003077,   -0.000004,    0.000373,    0.000120,   -0.000072
  194    -0.000032,   -0.000029,    0.000022,   -0.000016,   -0.000045
  195    -0.000413,    0.000020,    0.000002,    0.000024,    0.000021
  196     0.000131,    0.000024,   -0.000022,    0.000001,    0.000045
  197     0.000216,   -0.000050,    0.000009,   -0.000062,   -0.000082
  198    -0.000308,    0.000048,   -0.000042,    0.000002,    0.000073
  199    -0.000288,    0.000034,    0.000018,    0.000032,    0.000044
  200    -0.000022,   -0.000009,    0.000011,   -0.000001,   -0.000014
  201     0.000076,   -0.000004,   -0.000000,   -0.000006,   -0.000006
  202     0.000069,   -0.000013,    0.000009,   -0.000005,   -0.000018
  203    -0.000015,    0.000010,   -0.000007,    0.000013,    0.000016
  204     0.000024,   -0.000009,    0.000006,    0.000003,   -0.000014
               125,         126,         127,         128,         129
    0     0.001905,    0.001279,   -0.000222,   -0.000129,    0.000137
    1     0.002805,    0.001580,   -0.000386,   -0.000191,    0.000257
    2    -0.001356,    0.000559,    0.000432,    0.000091,   -0.000367
    3    -0.000571,    0.001110,    0.000356,   -0.000047,   -0.000353
    4    -0.000142,    0.000028,   -0.000053,    0.000022,   -0.000029
    5    -0.002393,    0.001566,    0.000560,    0.000188,   -0.000514
    6    -0.002169,   -0.000164,    0.000536,    0.000176,   -0.000419
    7    -0.001710,   -0.002158,    0.000296,    0.000055,   -0.000173
    8    -0.001576,    0.001120,    0.000352,    0.000109,   -0.000363
    9    -0.001184,    0.000131,    0.000376,    0.000067,   -0.000288
   10    -0.001034,   -0.001419,    0.000204,    0.000017,   -0.000107
   11    -0.000321,    0.000290,    0.000084,    0.000022,   -0.000079
   12    -0.000394,    0.000182,    0.000076,    0.000013,   -0.000120
   13    -0.000092,   -0.000337,    0.000060,   -0.000027,   -0.000015
   14    -0.000120,   -0.000064,    0.000034,    0.000021,    0.000000
   15    -0.000087,    0.000048,   -0.000011,    0.000024,   -0.000005
   16     0.000122,    0.000003,   -0.000020,   -0.000011,    0.000021
   17    -0.000149,   -0.000038,   -0.000001,    0.000025,   -0.000011
   18    -0.000118,    0.000122,    0.000003,    0.000002,   -0.000042
   19    -0.000206,   -0.000209,    0.000033,    0.000039,    0.000012
   20    -0.000339,   -0.000026,   -0.000011,    0.000065,   -0.000025
   21     0.000031,   -0.000058,   -0.000032,    0.000002,    0.000016
   22    -0.000351,   -0.000097,    0.000000,    0.000058,   -0.000027
   23    -0.000134,    0.000285,   -0.000006,   -0.000009,   -0.000073
   24    -0.000045,    0.000028,    0.000012,    0.000003,   -0.000012
   25    -0.000083,   -0.000025,    0.000001,    0.000014,   -0.000007
   26     0.000009,    0.000001,   -0.000007,   -0.000002,    0.000002
   27     0.000072,    0.000024,   -0.000000,   -0.000011,    0.000006
   28     0.000041,   -0.000013,   -0.000005,   -0.000004,    0.000008
   29    -0.000039,   -0.000012,   -0.000001,    0.000006,   -0.000003
   30    -0.000014,    0.000087,   -0.000009,   -0.000005,   -0.000018
   31     0.000029,   -0.000707,    0.000051,   -0.000054,    0.000032
   32     0.000066,   -0.000988,    0.000057,   -0.000063,    0.000067
   33     0.000295,   -0.000366,    0.000021,   -0.000059,    0.000064
   34    -0.000057,    0.000024,    0.000008,    0.000005,   -0.000011
   35    -0.000055,   -0.000049,    0.000011,    0.000002,   -0.000008
   36    -0.000009,    0.000039,    0.000001,    0.000003,   -0.000004
   37    -0.000094,    0.000036,    0.000014,    0.000006,   -0.000019
   38    -0.000129,   -0.000084,    0.000020,    0.000012,   -0.000014
   39     0.000023,    0.000024,    0.000004,   -0.000002,    0.000000
   40    -0.000024,    0.000001,    0.000003,    0.000003,   -0.000003
   41     0.000017,    0.000012,   -0.000002,   -0.000001,    0.000002
   42     0.000021,    0.000004,   -0.000003,   -0.000002,    0.000003
   43     0.000028,   -0.000012,   -0.000003,   -0.000002,    0.000006
   44     0.000012,    0.000012,   -0.000003,   -0.000001,    0.000001
   45     0.000703,    0.000706,   -0.000155,    0.000001,    0.000113
   46     0.000932,    0.000772,   -0.000185,   -0.000000,    0.000171
   47     0.000030,    0.000077,   -0.000049,    0.000055,    0.000056
   48    -0.000014,    0.000041,    0.000007,   -0.000001,   -0.000007
   49     0.000042,    0.000066,   -0.000004,   -0.000002,    0.000001
   50     0.000059,    0.000043,   -0.000012,   -0.000002,    0.000009
   51    -0.000060,    0.000080,    0.000015,    0.000005,   -0.000016
   52     0.000056,    0.000060,    0.000005,   -0.000006,    0.000003
   53     0.000093,    0.000043,   -0.000006,   -0.000012,    0.000010
   54    -0.000004,    0.000009,    0.000002,   -0.000000,   -0.000002
   55     0.000001,    0.000009,   -0.000000,    0.000000,   -0.000000
   56     0.000003,   -0.000008,   -0.000002,   -0.000000,    0.000002
   57    -0.000012,    0.000020,    0.000003,    0.000000,   -0.000004
   58    -0.000006,   -0.000001,   -0.000001,    0.000001,   -0.000001
   59    -0.000033,   -0.000279,    0.000003,   -0.000016,   -0.000045
   60    -0.000363,   -0.000569,   -0.000046,    0.000027,   -0.000061
   61    -0.000050,    0.000021,   -0.000019,   -0.000011,   -0.000040
   62    -0.000033,   -0.000037,    0.000010,    0.000003,   -0.000006
   63    -0.000029,    0.000021,    0.000009,    0.000004,   -0.000004
   64    -0.000024,   -0.000031,    0.000005,    0.000001,   -0.000002
   65    -0.000165,   -0.000126,    0.000010,    0.000022,   -0.000009
   66     0.000003,    0.000076,    0.000021,   -0.000003,   -0.000009
   67    -0.000064,   -0.000065,    0.000009,    0.000004,   -0.000006
   68     0.000001,    0.000004,    0.000002,    0.000001,    0.000001
   69     0.000003,    0.000007,   -0.000001,    0.000000,    0.000000
   70     0.000008,    0.000010,   -0.000000,   -0.000001,    0.000000
   71    -0.000016,   -0.000013,    0.000002,    0.000002,   -0.000001
   72    -0.000025,   -0.000014,    0.000007,    0.000003,   -0.000002
   73     0.006242,    0.008833,    0.000000,   -0.001595,   -0.000952
   74     0.009422,    0.013324,    0.000000,   -0.002372,   -0.001414
   75    -0.005446,   -0.007868,   -0.000000,    0.001243,    0.000765
   76    -0.005014,   -0.007028,    0.000000,    0.001153,    0.000687
   77     0.000566,   -0.000932,   -0.000000,   -0.000001,    0.000250
   78    -0.000000,   -0.000000,   -0.001145,    0.000000,   -0.000000
   79     0.002671,   -0.008111,   -0.000000,    0.000374,    0.001923
   80    -0.008973,   -0.002379,    0.000000,    0.001500,   -0.000696
   81    -0.000000,   -0.000000,   -0.000772,    0.000000,   -0.000000
   82     0.002418,   -0.004865,   -0.000000,    0.000130,    0.001263
   83    -0.006087,   -0.001551,    0.000000,    0.001026,   -0.000470
   84    -0.000000,    0.000000,   -0.000174,    0.000000,   -0.000000
   85     0.000425,   -0.001268,   -0.000000,    0.000061,    0.000305
   86    -0.001725,   -0.000401,    0.000000,    0.000296,   -0.000132
   87     0.000000,    0.000000,    0.000056,   -0.000000,   -0.000000
   88    -0.000294,   -0.000019,    0.000000,    0.000057,   -0.000021
   89     0.000139,   -0.000260,   -0.000000,    0.000007,    0.000071
   90    -0.000000,   -0.000000,   -0.000010,    0.000000,    0.000000
   91    -0.000107,    0.000128,    0.000000,   -0.000003,   -0.000048
   92     0.000000,    0.000000,    0.000075,   -0.000000,    0.000000
   93    -0.000133,    0.000145,    0.000000,    0.000047,   -0.000006
   94     0.000419,   -0.000060,   -0.000000,   -0.000039,    0.000074
   95    -0.000000,   -0.000000,   -0.000024,    0.000000,    0.000000
   96    -0.000256,   -0.000163,    0.000000,    0.000033,   -0.000024
   97     0.000128,    0.000058,   -0.000000,   -0.000018,    0.000008
   98     0.000000,    0.000000,    0.000005,   -0.000000,   -0.000000
   99    -0.000058,   -0.000031,    0.000000,    0.000009,   -0.000001
  100     0.000063,    0.000044,   -0.000000,   -0.000007,    0.000006
  101     0.000000,   -0.000000,    0.000015,   -0.000000,    0.000000
  102    -0.000021,   -0.000020,   -0.000000,    0.000002,   -0.000002
  103     0.000000,    0.000000,   -0.000004,   -0.000000,   -0.000000
  104     0.002677,   -0.002961,   -0.000000,   -0.000175,    0.000896
  105     0.003118,   -0.003487,   -0.000000,   -0.000200,    0.001055
  106     0.000966,   -0.000910,    0.000000,   -0.000096,    0.000274
  107     0.000000,    0.000000,   -0.000017,    0.000000,   -0.000000
  108    -0.000168,    0.000103,    0.000000,    0.000018,   -0.000041
  109     0.000133,   -0.000331,   -0.000000,    0.000006,    0.000080
  110     0.000000,    0.000000,   -0.000031,    0.000000,   -0.000000
  111    -0.000053,    0.000071,    0.000000,    0.000004,   -0.000023
  112    -0.000070,   -0.000483,    0.000000,    0.000051,    0.000087
  113    -0.000000,   -0.000000,    0.000005,    0.000000,    0.000000
  114    -0.000004,    0.000051,    0.000000,   -0.000003,   -0.000010
  115    -0.000023,   -0.000087,   -0.000000,    0.000010,    0.000014
  116     0.000000,    0.000000,   -0.000008,    0.000000,   -0.000000
  117    -0.000007,    0.000002,    0.000000,    0.000001,   -0.000002
  118    -0.003458,   -0.004386,   -0.000000,    0.000877,    0.000425
  119    -0.004340,   -0.005276,   -0.000000,    0.001072,    0.000481
  120    -0.001124,   -0.001141,    0.000000,    0.000297,    0.000120
  121    -0.000000,   -0.000000,   -0.000019,    0.000000,   -0.000000
  122     0.000318,    0.000236,   -0.000000,   -0.000063,   -0.000003
  123     0.000213,    0.000415,    0.000000,   -0.000065,   -0.000053
  124     0.000000,    0.000000,   -0.000032,    0.000000,    0.000000
  125     0.000471,    0.000249,    0.000000,   -0.000078,    0.000019
  126     0.000249,    0.000578,    0.000000,   -0.000074,   -0.000072
  127     0.000000,    0.000000,    0.000006,   -0.000000,   -0.000000
  128    -0.000078,   -0.000074,   -0.000000,    0.000016,    0.000004
  129     0.000019,   -0.000072,   -0.000000,    0.000004,    0.000017
  130     0.000000,   -0.000000,    0.000009,   -0.000000,    0.000000
  131     0.000060,    0.000023,   -0.000000,   -0.000010,    0.000004
  132     0.001905,    0.001279,    0.000222,   -0.000129,    0.000137
  133     0.002805,    0.001580,    0.000386,   -0.000191,    0.000257
  134    -0.001356,    0.000559,   -0.000432,    0.000091,   -0.000367
  135    -0.000571,    0.001110,   -0.000356,   -0.000047,   -0.000353
  136    -0.000142,    0.000028,    0.000053,    0.000022,   -0.000029
  137     0.002393,   -0.001566,    0.000560,   -0.000188,    0.000514
  138    -0.002169,   -0.000164,   -0.000536,    0.000176,   -0.000419
  139    -0.001710,   -0.002158,   -0.000296,    0.000055,   -0.000173
  140     0.001576,   -0.001120,    0.000352,   -0.000109,    0.000363
  141    -0.001184,    0.000131,   -0.000376,    0.000067,   -0.000288
  142    -0.001034,   -0.001419,   -0.000204,    0.000017,   -0.000107
  143     0.000321,   -0.000290,    0.000084,   -0.000022,    0.000079
  144    -0.000394,    0.000182,   -0.000076,    0.000013,   -0.000120
  145    -0.000092,   -0.000337,   -0.000060,   -0.000027,   -0.000015
  146     0.000120,    0.000064,    0.000034,   -0.000021,   -0.000000
  147    -0.000087,    0.000048,    0.000011,    0.000024,   -0.000005
  148     0.000122,    0.000003,    0.000020,   -0.000011,    0.000021
  149     0.000149,    0.000038,   -0.000001,   -0.000025,    0.000011
  150    -0.000118,    0.000122,   -0.000003,    0.000002,   -0.000042
  151     0.000206,    0.000209,    0.000033,   -0.000039,   -0.000012
  152    -0.000339,   -0.000026,    0.000011,    0.000065,   -0.000025
  153     0.000031,   -0.000058,    0.000032,    0.000002,    0.000016
  154     0.000351,    0.000097,    0.000000,   -0.000058,    0.000027
  155    -0.000134,    0.000285,    0.000006,   -0.000009,   -0.000073
  156    -0.000045,    0.000028,   -0.000012,    0.000003,   -0.000012
  157     0.000083,    0.000025,    0.000001,   -0.000014,    0.000007
  158     0.000009,    0.000001,    0.000007,   -0.000002,    0.000002
  159     0.000072,    0.000024,    0.000000,   -0.000011,    0.000006
  160    -0.000041,    0.000013,   -0.000005,    0.000004,   -0.000008
  161    -0.000039,   -0.000012,    0.000001,    0.000006,   -0.000003
  162     0.000014,   -0.000087,   -0.000009,    0.000005,    0.000018
  163     0.000703,    0.000706,    0.000155,    0.000001,    0.000113
  164     0.000932,    0.000772,    0.000185,   -0.000000,    0.000171
  165     0.000030,    0.000077,    0.000049,    0.000055,    0.000056
  166     0.000014,   -0.000041,    0.000007,    0.000001,    0.000007
  167     0.000042,    0.000066,    0.000004,   -0.000002,    0.000001
  168     0.000059,    0.000043,    0.000012,   -0.000002,    0.000009
  169     0.000060,   -0.000080,    0.000015,   -0.000005,    0.000016
  170     0.000056,    0.000060,   -0.000005,   -0.000006,    0.000003
  171     0.000093,    0.000043,    0.000006,   -0.000012,    0.000010
  172     0.000004,   -0.000009,    0.000002,    0.000000,    0.000002
  173     0.000001,    0.000009,    0.000000,    0.000000,   -0.000000
  174     0.000003,   -0.000008,    0.000002,   -0.000000,    0.000002
  175     0.000012,   -0.000020,    0.000003,   -0.000000,    0.000004
  176    -0.000006,   -0.000001,    0.000001,    0.000001,   -0.000001
  177    -0.000033,   -0.000279,   -0.000003,   -0.000016,   -0.000045
  178    -0.000363,   -0.000569,    0.000046,    0.000027,   -0.000061
  179    -0.000050,    0.000021,    0.000019,   -0.000011,   -0.000040
  180     0.000033,    0.000037,    0.000010,   -0.000003,    0.000006
  181    -0.000029,    0.000021,   -0.000009,    0.000004,   -0.000004
  182    -0.000024,   -0.000031,   -0.000005,    0.000001,   -0.000002
  183     0.000165,    0.000126,    0.000010,   -0.000022,    0.000009
  184     0.000003,    0.000076,   -0.000021,   -0.000003,   -0.000009
  185    -0.000064,   -0.000065,   -0.000009,    0.000004,   -0.000006
  186    -0.000001,   -0.000004,    0.000002,   -0.000001,   -0.000001
  187     0.000003,    0.000007,    0.000001,    0.000000,    0.000000
  188     0.000008,    0.000010,    0.000000,   -0.000001,    0.000000
  189     0.000016,    0.000013,    0.000002,   -0.000002,    0.000001
  190    -0.000025,   -0.000014,   -0.000007,    0.000003,   -0.000002
  191     0.000029,   -0.000707,   -0.000051,   -0.000054,    0.000032
  192     0.000066,   -0.000988,   -0.000057,   -0.000063,    0.000067
  193     0.000295,   -0.000366,   -0.000021,   -0.000059,    0.000064
  194     0.000057,   -0.000024,    0.000008,   -0.000005,    0.000011
  195    -0.000055,   -0.000049,   -0.000011,    0.000002,   -0.000008
  196    -0.000009,    0.000039,   -0.000001,    0.000003,   -0.000004
  197     0.000094,   -0.000036,    0.000014,   -0.000006,    0.000019
  198    -0.000129,   -0.000084,   -0.000020,    0.000012,   -0.000014
  199     0.000023,    0.000024,   -0.000004,   -0.000002,    0.000000
  200     0.000024,   -0.000001,    0.000003,   -0.000003,    0.000003
  201     0.000017,    0.000012,    0.000002,   -0.000001,    0.000002
  202     0.000021,    0.000004,    0.000003,   -0.000002,    0.000003
  203    -0.000028,    0.000012,   -0.000003,    0.000002,   -0.000006
  204     0.000012,    0.000012,    0.000003,   -0.000001,    0.000001
               130,         131,         132,         133,         134
    0    -0.000300,    0.000155,   -0.000639,   -0.001442,    0.003034
    1    -0.000494,    0.000227,   -0.001442,   -0.003195,    0.006479
    2     0.000453,   -0.000101,    0.003034,    0.006479,   -0.012164
    3     0.000378,   -0.000020,    0.003261,    0.006093,   -0.008737
    4    -0.000113,   -0.000012,   -0.005058,   -0.007978,    0.006034
    5     0.000858,   -0.000476,    0.006008,    0.013210,   -0.026113
    6     0.001001,   -0.000151,   -0.002466,   -0.005446,    0.013753
    7     0.000162,   -0.000132,   -0.000000,   -0.000001,    0.000002
    8     0.000528,   -0.000309,    0.000682,    0.004316,   -0.016944
    9     0.000696,   -0.000070,    0.001295,    0.000504,    0.007983
   10     0.000112,   -0.000074,    0.000002,    0.000003,    0.000002
   11     0.000122,   -0.000070,   -0.000559,   -0.000092,   -0.003282
   12     0.000146,   -0.000028,    0.000192,   -0.000493,    0.004189
   13     0.000033,    0.000005,    0.000001,    0.000001,    0.000000
   14     0.000051,   -0.000020,    0.000487,    0.001098,   -0.002212
   15    -0.000006,   -0.000016,   -0.000000,   -0.000000,    0.000001
   16    -0.000037,    0.000013,    0.000169,    0.000338,   -0.000645
   17    -0.000000,   -0.000020,    0.000000,    0.000000,   -0.000001
   18     0.000008,   -0.000017,   -0.000373,   -0.000806,    0.001540
   19     0.000046,   -0.000025,   -0.000445,    0.000058,   -0.003114
   20    -0.000006,   -0.000049,   -0.000001,   -0.000001,    0.000001
   21    -0.000055,    0.000004,   -0.001214,   -0.001622,    0.000016
   22     0.000000,   -0.000046,   -0.000001,   -0.000001,    0.000000
   23    -0.000007,   -0.000024,   -0.000626,   -0.001425,    0.002858
   24     0.000017,   -0.000006,    0.000217,    0.000381,   -0.000441
   25     0.000001,   -0.000011,   -0.000000,   -0.000000,    0.000000
   26    -0.000009,    0.000000,   -0.000060,   -0.000156,    0.000368
   27    -0.000000,    0.000009,   -0.000000,   -0.000000,    0.000000
   28    -0.000008,    0.000006,    0.000123,    0.000173,   -0.000046
   29    -0.000000,   -0.000005,   -0.000000,   -0.000000,    0.000000
   30    -0.000015,   -0.000004,   -0.000359,   -0.000678,    0.000951
   31    -0.000108,    0.000024,    0.001321,    0.002861,   -0.006225
   32    -0.000124,    0.000031,    0.002947,    0.005419,   -0.008363
   33    -0.000024,    0.000048,    0.001819,    0.003101,   -0.003627
   34     0.000012,   -0.000010,    0.000096,    0.000191,   -0.000328
   35     0.000006,   -0.000004,    0.000102,    0.000170,   -0.000185
   36     0.000015,   -0.000002,   -0.000106,   -0.000234,    0.000543
   37     0.000021,   -0.000017,   -0.000009,    0.000030,   -0.000241
   38     0.000021,   -0.000012,    0.000230,    0.000366,   -0.000280
   39     0.000016,    0.000003,   -0.000484,   -0.000792,    0.000826
   40     0.000004,   -0.000004,    0.000018,    0.000039,   -0.000075
   41    -0.000002,    0.000001,    0.000005,   -0.000002,    0.000043
   42    -0.000006,    0.000002,    0.000045,    0.000084,   -0.000141
   43    -0.000004,    0.000005,    0.000027,    0.000023,    0.000071
   44    -0.000004,    0.000001,   -0.000080,   -0.000131,    0.000111
   45    -0.000221,    0.000045,    0.001320,    0.002858,   -0.006219
   46    -0.000257,    0.000061,    0.002948,    0.005419,   -0.008355
   47    -0.000062,   -0.000015,    0.001819,    0.003100,   -0.003624
   48     0.000011,   -0.000005,    0.000096,    0.000191,   -0.000328
   49    -0.000003,    0.000004,    0.000102,    0.000170,   -0.000184
   50    -0.000022,    0.000004,    0.000106,    0.000234,   -0.000543
   51     0.000022,   -0.000015,   -0.000009,    0.000030,   -0.000241
   52     0.000013,    0.000007,    0.000229,    0.000365,   -0.000279
   53    -0.000018,    0.000010,    0.000486,    0.000793,   -0.000826
   54     0.000004,   -0.000001,    0.000018,    0.000039,   -0.000075
   55     0.000000,    0.000000,   -0.000005,    0.000002,   -0.000043
   56    -0.000005,    0.000000,    0.000045,    0.000085,   -0.000141
   57     0.000004,   -0.000003,   -0.000027,   -0.000023,   -0.000071
   58    -0.000003,   -0.000001,   -0.000080,   -0.000131,    0.000111
   59     0.000010,    0.000097,   -0.002729,   -0.006067,    0.012823
   60    -0.000061,    0.000081,   -0.007927,   -0.013808,    0.017238
   61    -0.000019,    0.000021,   -0.001820,   -0.003551,    0.005849
   62     0.000016,    0.000005,   -0.000186,   -0.000378,    0.000735
   63     0.000016,   -0.000009,    0.000224,    0.000451,   -0.000766
   64     0.000003,   -0.000002,    0.000000,    0.000000,   -0.000001
   65     0.000014,   -0.000010,   -0.001565,   -0.002172,    0.000590
   66     0.000038,   -0.000006,    0.001010,    0.001445,   -0.000510
   67     0.000005,   -0.000006,    0.000001,    0.000001,   -0.000000
   68     0.000004,   -0.000001,    0.000148,    0.000233,   -0.000182
   69    -0.000001,    0.000000,   -0.000000,   -0.000000,    0.000000
   70    -0.000000,    0.000000,    0.000099,    0.000148,   -0.000085
   71     0.000001,   -0.000002,    0.000000,    0.000000,   -0.000000
   72     0.000012,   -0.000002,    0.000042,    0.000090,   -0.000144
   73    -0.000000,    0.000843,    0.001941,    0.004038,   -0.006748
   74    -0.000000,    0.001243,    0.004011,    0.008226,   -0.013104
   75    -0.000000,   -0.000601,   -0.006387,   -0.012413,    0.016637
   76     0.000000,   -0.000585,    0.010881,    0.014669,   -0.003413
   77    -0.000000,    0.000103,   -0.001098,    0.001359,   -0.013509
   78    -0.001803,    0.000000,   -0.018242,   -0.039442,    0.071448
   79     0.000000,    0.000518,    0.014140,    0.030682,   -0.057600
   80     0.000000,   -0.001190,    0.000002,    0.000005,   -0.000009
   81    -0.001229,   -0.000000,   -0.009244,   -0.021017,    0.040781
   82    -0.000000,    0.000428,    0.011732,    0.023314,   -0.037470
   83    -0.000000,   -0.000811,    0.000004,    0.000006,   -0.000008
   84    -0.000282,   -0.000000,   -0.003370,   -0.005552,    0.004977
   85    -0.000000,    0.000079,    0.002088,    0.003805,   -0.005128
   86    -0.000000,   -0.000232,    0.000001,    0.000002,   -0.000003
   87     0.000082,    0.000000,    0.001569,    0.003281,   -0.005710
   88     0.000000,   -0.000042,   -0.000000,   -0.000000,    0.000000
   89     0.000000,    0.000022,    0.001048,    0.002131,   -0.003589
   90    -0.000005,   -0.000000,    0.000000,    0.000000,   -0.000000
   91    -0.000000,   -0.000009,   -0.000738,   -0.001557,    0.002864
   92     0.000109,    0.000000,    0.003233,    0.005758,   -0.007040
   93    -0.000000,   -0.000028,    0.000000,    0.000000,   -0.000001
   94    -0.000000,    0.000054,    0.003434,    0.005660,   -0.005387
   95    -0.000013,   -0.000000,   -0.000001,   -0.000001,    0.000002
   96     0.000000,   -0.000013,   -0.002039,   -0.003440,    0.003770
   97    -0.000000,    0.000015,    0.000889,    0.001357,   -0.000853
   98     0.000003,    0.000000,   -0.000000,    0.000000,   -0.000000
   99     0.000000,   -0.000008,    0.000069,    0.000025,    0.000272
  100     0.000000,    0.000007,    0.000000,    0.000001,   -0.000000
  101     0.000025,   -0.000000,    0.000898,    0.001359,   -0.000801
  102     0.000000,   -0.000002,    0.000000,    0.000000,   -0.000000
  103    -0.000009,    0.000000,    0.000203,    0.000314,   -0.000246
  104    -0.000000,    0.000418,    0.002978,    0.006474,   -0.012717
  105    -0.000000,    0.000485,   -0.002384,   -0.000697,   -0.012323
  106     0.000000,    0.000145,    0.000460,    0.001296,   -0.003512
  107    -0.000029,    0.000000,   -0.000311,   -0.000623,    0.000983
  108     0.000000,   -0.000025,    0.000039,    0.000026,    0.000155
  109    -0.000000,    0.000024,    0.000268,    0.000614,   -0.001286
  110    -0.000050,    0.000000,   -0.001222,   -0.002038,    0.001974
  111     0.000000,   -0.000007,    0.001905,    0.002806,   -0.001354
  112    -0.000000,   -0.000002,   -0.001278,   -0.001578,   -0.000561
  113     0.000008,   -0.000000,    0.000222,    0.000386,   -0.000432
  114     0.000000,   -0.000001,    0.000128,    0.000190,   -0.000090
  115     0.000000,   -0.000002,    0.000137,    0.000257,   -0.000367
  116    -0.000014,    0.000000,   -0.000300,   -0.000493,    0.000453
  117    -0.000000,   -0.000001,    0.000155,    0.000226,   -0.000101
  118     0.000000,   -0.000406,    0.002977,    0.006473,   -0.012716
  119     0.000000,   -0.000514,   -0.002387,   -0.000701,   -0.012319
  120     0.000000,   -0.000150,    0.000460,    0.001296,   -0.003512
  121    -0.000030,    0.000000,   -0.000311,   -0.000624,    0.000984
  122     0.000000,    0.000040,    0.000040,    0.000027,    0.000154
  123     0.000000,    0.000022,   -0.000268,   -0.000613,    0.001286
  124    -0.000050,    0.000000,   -0.001221,   -0.002036,    0.001973
  125     0.000000,    0.000060,    0.001905,    0.002805,   -0.001356
  126    -0.000000,    0.000023,    0.001279,    0.001580,    0.000559
  127     0.000009,   -0.000000,    0.000222,    0.000386,   -0.000432
  128    -0.000000,   -0.000010,   -0.000129,   -0.000191,    0.000091
  129     0.000000,    0.000004,    0.000137,    0.000257,   -0.000367
  130     0.000014,   -0.000000,    0.000300,    0.000494,   -0.000453
  131    -0.000000,    0.000008,    0.000155,    0.000227,   -0.000101
  132     0.000300,    0.000155,    0.457669,    0.615028,   -0.052238
  133     0.000494,    0.000227,    0.615028,    0.841003,   -0.139163
  134    -0.000453,   -0.000101,   -0.052238,   -0.139163,    0.333791
  135    -0.000378,   -0.000020,   -0.056689,   -0.131077,    0.267515
  136     0.000113,   -0.000012,    0.014093,    0.010852,    0.037027
  137     0.000858,    0.000476,   -0.004780,   -0.009990,    0.019300
  138    -0.001001,   -0.000151,    0.002911,    0.006093,   -0.010706
  139    -0.000162,   -0.000132,   -0.000001,   -0.000003,    0.000004
  140     0.000528,    0.000309,    0.009926,    0.012382,    0.004475
  141    -0.000696,   -0.000070,   -0.005806,   -0.007363,   -0.001455
  142    -0.000112,   -0.000074,   -0.000003,   -0.000003,    0.000000
  143     0.000122,    0.000070,   -0.001292,   -0.001836,    0.000870
  144    -0.000146,   -0.000028,   -0.000585,   -0.000851,    0.000490
  145    -0.000033,    0.000005,   -0.000003,   -0.000005,    0.000005
  146     0.000051,    0.000020,    0.000474,    0.000639,    0.000044
  147     0.000006,   -0.000016,    0.000000,    0.000001,   -0.000002
  148     0.000037,    0.000013,    0.000322,    0.000465,   -0.000167
  149    -0.000000,    0.000020,    0.000000,   -0.000000,    0.000001
  150    -0.000008,   -0.000017,   -0.000241,   -0.000375,    0.000267
  151     0.000046,    0.000025,    0.004824,    0.006986,   -0.002882
  152     0.000006,   -0.000049,   -0.000000,   -0.000001,   -0.000000
  153     0.000055,    0.000004,    0.002442,    0.003703,   -0.002204
  154     0.000000,    0.000046,   -0.000000,   -0.000001,    0.000002
  155     0.000007,   -0.000024,   -0.001854,   -0.002862,    0.001973
  156    -0.000017,   -0.000006,    0.000473,   -0.000174,    0.003782
  157     0.000001,    0.000011,    0.000001,    0.000001,    0.000001
  158     0.000009,    0.000000,   -0.001527,   -0.001244,   -0.003657
  159     0.000000,    0.000009,   -0.000002,   -0.000002,   -0.000004
  160    -0.000008,   -0.000006,   -0.000678,   -0.001093,    0.000927
  161     0.000000,   -0.000005,   -0.000001,   -0.000001,   -0.000001
  162    -0.000015,    0.000004,   -0.000339,   -0.000444,   -0.000025
  163     0.000221,    0.000045,   -0.016997,   -0.036302,    0.065930
  164     0.000257,    0.000061,   -0.030420,   -0.054008,    0.065834
  165     0.000062,   -0.000015,   -0.007964,   -0.012867,    0.011165
  166     0.000011,    0.000005,    0.000125,    0.000203,   -0.000152
  167     0.000003,    0.000004,   -0.001909,   -0.003447,    0.004416
  168     0.000022,    0.000004,   -0.002592,   -0.004708,    0.006124
  169     0.000022,    0.000015,    0.000193,    0.000254,    0.000064
  170    -0.000013,    0.000007,   -0.005142,   -0.007824,    0.004928
  171     0.000018,    0.000010,   -0.007384,   -0.011228,    0.007048
  172     0.000004,    0.000001,    0.000026,    0.000042,   -0.000031
  173    -0.000000,    0.000000,   -0.001569,   -0.002340,    0.001281
  174     0.000005,    0.000000,   -0.000924,   -0.001377,    0.000754
  175     0.000004,    0.000003,    0.000206,    0.000293,   -0.000090
  176     0.000003,   -0.000001,    0.000637,    0.000944,   -0.000490
  177    -0.000010,    0.000097,   -0.017300,   -0.036930,    0.067666
  178     0.000061,    0.000081,   -0.031884,   -0.056085,    0.067485
  179     0.000019,    0.000021,   -0.006892,   -0.011499,    0.011623
  180     0.000016,   -0.000005,    0.002685,    0.004836,   -0.006188
  181    -0.000016,   -0.000009,    0.001867,    0.003407,   -0.004527
  182    -0.000003,   -0.000002,    0.000001,    0.000002,   -0.000002
  183     0.000014,    0.000010,    0.007628,    0.011466,   -0.006707
  184    -0.000038,   -0.000006,    0.005611,    0.008473,   -0.005152
  185    -0.000005,   -0.000006,    0.000004,    0.000005,   -0.000003
  186     0.000004,    0.000001,   -0.001626,   -0.002416,    0.001298
  187     0.000001,    0.000000,   -0.000001,   -0.000001,    0.000000
  188     0.000000,    0.000000,    0.000895,    0.001339,   -0.000749
  189     0.000001,    0.000002,   -0.000001,   -0.000001,    0.000001
  190    -0.000012,   -0.000002,   -0.000659,   -0.000968,    0.000463
  191     0.000108,    0.000024,   -0.017000,   -0.036307,    0.065940
  192     0.000124,    0.000031,   -0.030425,   -0.054018,    0.065854
  193     0.000024,    0.000048,   -0.007964,   -0.012868,    0.011169
  194     0.000012,    0.000010,    0.000125,    0.000201,   -0.000150
  195    -0.000006,   -0.000004,   -0.001912,   -0.003453,    0.004423
  196    -0.000015,   -0.000002,    0.002590,    0.004705,   -0.006120
  197     0.000021,    0.000017,    0.000193,    0.000254,    0.000064
  198    -0.000021,   -0.000012,   -0.005151,   -0.007838,    0.004938
  199    -0.000016,    0.000003,    0.007379,    0.011221,   -0.007045
  200     0.000004,    0.000004,    0.000026,    0.000042,   -0.000031
  201     0.000002,    0.000001,    0.001570,    0.002342,   -0.001282
  202     0.000006,    0.000002,   -0.000921,   -0.001373,    0.000751
  203    -0.000004,   -0.000005,   -0.000205,   -0.000292,    0.000090
  204     0.000004,    0.000001,    0.000639,    0.000946,   -0.000492
               135,         136,         137,         138,         139
    0     0.003261,   -0.005058,   -0.006008,   -0.002466,   -0.000000
    1     0.006093,   -0.007978,   -0.013210,   -0.005446,   -0.000001
    2    -0.008737,    0.006034,    0.026113,    0.013753,    0.000002
    3    -0.004213,    0.005309,    0.028463,    0.002693,   -0.000010
    4     0.005309,   -0.000175,   -0.004161,    0.012383,    0.000010
    5    -0.028463,    0.004161,    0.047812,   -0.000493,   -0.000000
    6     0.002693,    0.012383,    0.000493,    0.006450,    0.000008
    7    -0.000010,    0.000010,    0.000000,    0.000008,   -0.012902
    8    -0.018078,    0.002397,    0.033599,    0.006667,    0.000004
    9     0.001826,    0.008678,    0.001750,   -0.006240,    0.000016
   10    -0.000006,    0.000007,    0.000004,    0.000003,   -0.011754
   11    -0.003479,    0.000691,    0.012506,    0.001555,    0.000001
   12     0.002039,    0.002183,   -0.002881,    0.006641,    0.000009
   13    -0.000003,    0.000002,    0.000000,    0.000004,   -0.005299
   14    -0.002246,    0.000206,    0.003661,   -0.001111,   -0.000000
   15     0.000001,   -0.000000,   -0.000001,   -0.000000,   -0.000269
   16    -0.000115,   -0.000449,    0.001340,   -0.000174,   -0.000000
   17    -0.000001,   -0.000000,    0.000001,   -0.000001,    0.000133
   18     0.000981,    0.000229,   -0.004056,    0.001730,    0.000001
   19    -0.003202,    0.000048,    0.004827,    0.003245,    0.000002
   20     0.000001,   -0.000000,   -0.000004,   -0.000003,   -0.000132
   21     0.000081,   -0.000663,    0.001094,    0.006257,   -0.000003
   22     0.000000,   -0.000000,    0.000000,    0.000004,   -0.000040
   23     0.002202,    0.000222,   -0.007499,    0.001607,    0.000003
   24    -0.000438,    0.000163,    0.000466,    0.000051,   -0.000000
   25    -0.000000,   -0.000000,   -0.000000,    0.000000,   -0.000334
   26     0.000307,   -0.000075,   -0.000930,   -0.000032,    0.000000
   27     0.000000,    0.000000,   -0.000000,    0.000000,   -0.000149
   28     0.000045,   -0.000095,    0.000044,   -0.000184,   -0.000000
   29     0.000000,    0.000000,   -0.000000,   -0.000000,    0.000457
   30     0.000813,   -0.000075,   -0.002333,    0.000892,    0.000000
   31    -0.002507,   -0.001930,    0.007330,   -0.001600,   -0.002310
   32    -0.003708,   -0.002320,    0.008813,   -0.007218,    0.001345
   33    -0.002278,   -0.000748,    0.005186,   -0.002287,    0.003966
   34    -0.000355,    0.000060,    0.000613,    0.000020,   -0.000088
   35    -0.000082,    0.000040,    0.000314,    0.000116,   -0.000278
   36     0.000185,    0.000204,   -0.000479,    0.000049,    0.000193
   37    -0.000377,    0.000163,    0.000341,   -0.000758,    0.001990
   38    -0.000229,    0.000232,    0.000352,   -0.000648,    0.000112
   39     0.000345,    0.000181,   -0.000182,    0.000791,   -0.000850
   40    -0.000101,    0.000024,    0.000142,    0.000021,    0.000025
   41     0.000021,   -0.000020,    0.000011,   -0.000019,   -0.000057
   42    -0.000053,   -0.000067,    0.000118,    0.000061,   -0.000026
   43     0.000101,   -0.000024,   -0.000040,   -0.000112,   -0.000030
   44     0.000098,   -0.000034,   -0.000298,   -0.000042,    0.000316
   45    -0.002496,   -0.001934,    0.007322,   -0.001601,    0.002309
   46    -0.003695,   -0.002325,    0.008811,   -0.007217,   -0.001330
   47    -0.002274,   -0.000750,    0.005180,   -0.002285,   -0.003967
   48    -0.000355,    0.000060,    0.000613,    0.000020,    0.000088
   49    -0.000081,    0.000040,    0.000314,    0.000116,    0.000279
   50    -0.000184,   -0.000204,    0.000479,   -0.000049,    0.000194
   51    -0.000377,    0.000163,    0.000342,   -0.000754,   -0.001988
   52    -0.000228,    0.000232,    0.000353,   -0.000646,   -0.000105
   53    -0.000345,   -0.000181,    0.000184,   -0.000791,   -0.000846
   54    -0.000100,    0.000024,    0.000142,    0.000021,   -0.000025
   55    -0.000021,    0.000020,   -0.000011,    0.000019,   -0.000056
   56    -0.000053,   -0.000067,    0.000118,    0.000061,    0.000025
   57    -0.000101,    0.000024,    0.000041,    0.000112,   -0.000030
   58     0.000097,   -0.000034,   -0.000298,   -0.000041,   -0.000317
   59     0.011110,    0.002806,   -0.018706,    0.005710,    0.000002
   60     0.013884,    0.002552,   -0.028016,    0.022571,    0.000004
   61     0.004881,    0.000741,   -0.013439,    0.001122,   -0.000000
   62     0.000559,    0.000359,   -0.000372,    0.000462,   -0.000000
   63    -0.000797,    0.000003,    0.001426,   -0.000407,    0.000000
   64    -0.000001,    0.000000,    0.000001,   -0.000000,   -0.000367
   65     0.000112,    0.000278,    0.000124,    0.005017,    0.000000
   66    -0.000558,    0.000295,    0.001575,   -0.003501,   -0.000001
   67    -0.000001,    0.000000,    0.000001,   -0.000002,   -0.000527
   68    -0.000187,    0.000001,    0.000281,   -0.000305,   -0.000000
   69     0.000000,   -0.000000,   -0.000000,    0.000000,    0.000086
   70    -0.000062,   -0.000022,    0.000120,   -0.000123,    0.000000
   71    -0.000000,    0.000000,    0.000000,   -0.000000,   -0.000209
   72    -0.000203,    0.000121,    0.000559,    0.000008,    0.000000
   73     0.010349,   -0.010107,    0.020460,   -0.012508,   -0.000002
   74     0.014986,   -0.012819,    0.044266,   -0.026901,   -0.000005
   75    -0.008527,   -0.002886,   -0.079628,    0.047286,    0.000009
   76    -0.023313,   -0.003789,   -0.078994,    0.045287,    0.000013
   77    -0.010619,   -0.002673,    0.011653,   -0.009081,   -0.000000
   78     0.058743,   -0.012213,   -0.145402,    0.101688,    0.000021
   79    -0.045587,   -0.006308,    0.109448,   -0.073525,   -0.000015
   80    -0.000010,   -0.000003,    0.000017,   -0.000016,   -0.006195
   81     0.033650,   -0.009189,   -0.099073,    0.072863,    0.000020
   82    -0.027794,   -0.004133,    0.080802,   -0.057535,   -0.000006
   83    -0.000008,   -0.000002,    0.000019,   -0.000006,   -0.010146
   84     0.004304,   -0.002718,   -0.023807,    0.017473,    0.000011
   85    -0.003846,   -0.000426,    0.016630,   -0.016243,   -0.000001
   86    -0.000002,   -0.000001,    0.000010,   -0.000006,   -0.006521
   87    -0.004678,    0.000269,    0.009574,   -0.001191,   -0.000000
   88     0.000000,   -0.000000,    0.000000,    0.000000,   -0.005773
   89    -0.002751,   -0.000424,    0.003344,   -0.004238,   -0.000003
   90     0.000000,   -0.000000,    0.000000,    0.000000,    0.005702
   91     0.002076,    0.000371,    0.000739,    0.007792,    0.000000
   92    -0.005846,    0.000484,    0.014968,   -0.000009,   -0.000002
   93    -0.000001,   -0.000001,    0.000004,    0.000006,   -0.017088
   94    -0.003463,   -0.000619,    0.005534,   -0.009440,   -0.000004
   95     0.000002,   -0.000001,   -0.000003,    0.000002,    0.014167
   96     0.002189,    0.000534,    0.005346,    0.017210,   -0.000003
   97    -0.000302,    0.000005,    0.002042,   -0.002451,   -0.000000
   98    -0.000000,    0.000000,    0.000000,    0.000000,   -0.002978
   99    -0.000010,   -0.000072,   -0.001962,    0.000184,    0.000000
  100    -0.000000,   -0.000000,   -0.000000,   -0.000000,   -0.002504
  101    -0.000682,    0.000217,    0.001576,   -0.001692,   -0.000000
  102    -0.000000,    0.000000,   -0.000000,   -0.000000,    0.001318
  103    -0.000225,   -0.000125,    0.002298,    0.003126,   -0.000000
  104    -0.014233,   -0.002164,    0.010536,   -0.014993,    0.011546
  105    -0.014391,   -0.001895,    0.013763,   -0.017830,    0.011345
  106    -0.003626,   -0.000439,    0.001548,   -0.011019,    0.015984
  107     0.000811,   -0.000222,   -0.002021,    0.001994,   -0.000664
  108     0.000453,    0.000055,    0.000512,   -0.000388,    0.000050
  109    -0.001425,   -0.000189,    0.001410,   -0.001274,    0.000443
  110     0.001640,   -0.000371,   -0.003277,    0.003322,   -0.000375
  111    -0.000570,   -0.000142,    0.002389,   -0.002172,    0.001712
  112    -0.001111,   -0.000029,    0.001572,    0.000167,   -0.002160
  113    -0.000356,    0.000053,    0.000561,   -0.000537,    0.000296
  114     0.000047,   -0.000022,    0.000187,   -0.000175,    0.000054
  115    -0.000353,   -0.000029,    0.000514,   -0.000419,    0.000173
  116     0.000378,   -0.000113,   -0.000858,    0.001001,   -0.000162
  117    -0.000020,   -0.000012,    0.000476,   -0.000151,    0.000132
  118    -0.014234,   -0.002166,    0.010533,   -0.014989,   -0.011552
  119    -0.014389,   -0.001896,    0.013747,   -0.017840,   -0.011362
  120    -0.003627,   -0.000440,    0.001545,   -0.011016,   -0.015995
  121     0.000811,   -0.000222,   -0.002022,    0.001995,    0.000665
  122     0.000452,    0.000055,    0.000514,   -0.000389,   -0.000050
  123     0.001426,    0.000189,   -0.001410,    0.001273,    0.000444
  124     0.001640,   -0.000371,   -0.003274,    0.003321,    0.000377
  125    -0.000571,   -0.000142,    0.002393,   -0.002169,   -0.001710
  126     0.001110,    0.000028,   -0.001566,   -0.000164,   -0.002158
  127    -0.000356,    0.000053,    0.000560,   -0.000536,   -0.000296
  128    -0.000047,    0.000022,   -0.000188,    0.000176,    0.000055
  129    -0.000353,   -0.000029,    0.000514,   -0.000419,   -0.000173
  130    -0.000378,    0.000113,    0.000858,   -0.001001,   -0.000162
  131    -0.000020,   -0.000012,    0.000476,   -0.000151,   -0.000132
  132    -0.056689,    0.014093,   -0.004780,    0.002911,   -0.000001
  133    -0.131077,    0.010852,   -0.009990,    0.006093,   -0.000003
  134     0.267515,    0.037027,    0.019300,   -0.010706,    0.000004
  135     0.216970,    0.029017,    0.019638,   -0.017201,    0.000012
  136     0.029017,    0.007108,    0.014376,   -0.013339,    0.000001
  137     0.019638,    0.014376,    0.286384,    0.030196,    0.000002
  138    -0.017201,   -0.013339,    0.030196,    0.312598,   -0.000000
  139     0.000012,    0.000001,    0.000002,   -0.000000,    0.332495
  140     0.005605,    0.008357,    0.185351,    0.026757,    0.000007
  141    -0.005654,   -0.008707,    0.025255,    0.204340,    0.000008
  142     0.000007,    0.000000,    0.000005,    0.000000,    0.226504
  143     0.001017,    0.001677,    0.048244,    0.013158,    0.000001
  144    -0.000998,   -0.001649,    0.009921,    0.057634,    0.000002
  145     0.000005,    0.000000,   -0.000004,    0.000004,    0.064292
  146     0.000328,    0.000724,    0.012701,    0.000831,    0.000003
  147    -0.000002,   -0.000001,    0.000004,    0.000010,   -0.013270
  148     0.000269,    0.000460,    0.000344,   -0.011155,   -0.000019
  149     0.000001,    0.000000,    0.000002,    0.000004,    0.000590
  150    -0.000063,   -0.000116,   -0.001103,    0.006790,   -0.000004
  151    -0.001863,    0.000415,    0.010850,   -0.000556,    0.000005
  152    -0.000001,   -0.000000,    0.000003,    0.000007,   -0.012418
  153    -0.001802,    0.000471,    0.000579,   -0.007802,   -0.000021
  154     0.000002,   -0.000000,   -0.000002,    0.000003,   -0.000348
  155     0.001490,    0.000219,   -0.002230,    0.003931,   -0.000003
  156     0.002924,    0.000316,   -0.001894,    0.001292,    0.000001
  157     0.000001,    0.000000,   -0.000000,    0.000000,   -0.000813
  158    -0.002845,   -0.000431,    0.000336,   -0.000243,    0.000000
  159    -0.000003,   -0.000001,   -0.000001,    0.000001,   -0.000640
  160     0.000690,    0.000002,   -0.001771,    0.000593,    0.000000
  161    -0.000001,   -0.000000,    0.000000,    0.000001,   -0.000243
  162    -0.000034,   -0.000176,    0.000307,    0.001137,   -0.000000
  163     0.055404,    0.010163,    0.000712,   -0.082292,   -0.118378
  164     0.056378,    0.009986,   -0.000468,   -0.099919,   -0.142624
  165     0.009877,    0.001694,   -0.003111,   -0.027629,   -0.044674
  166    -0.000083,    0.000144,    0.004327,    0.000971,    0.000663
  167     0.003633,    0.000501,    0.000551,   -0.001362,   -0.008671
  168     0.005198,    0.000942,    0.000180,   -0.008250,   -0.006662
  169     0.000146,    0.000313,    0.008018,    0.001443,    0.001326
  170     0.004079,    0.000277,    0.001241,    0.001867,   -0.008769
  171     0.006170,    0.000868,    0.000550,   -0.009297,   -0.002531
  172     0.000000,    0.000048,    0.001279,    0.000124,    0.000229
  173     0.001081,    0.000101,    0.000246,   -0.000278,   -0.001462
  174     0.000690,    0.000131,    0.000135,   -0.001915,    0.000649
  175    -0.000051,    0.000053,    0.001758,    0.000290,    0.000279
  176    -0.000405,   -0.000005,   -0.000193,   -0.000519,    0.001035
  177     0.053758,    0.008791,    0.113217,    0.087917,    0.000053
  178     0.052893,    0.009154,    0.136091,    0.111069,    0.000056
  179     0.009119,    0.001649,    0.037601,    0.032841,    0.000021
  180    -0.004890,   -0.000570,   -0.007447,   -0.008456,   -0.000005
  181    -0.003745,   -0.000763,   -0.007559,   -0.001344,   -0.000003
  182    -0.000002,   -0.000000,   -0.000005,   -0.000003,    0.005013
  183    -0.005125,   -0.000474,   -0.004974,   -0.009351,   -0.000002
  184    -0.004305,   -0.000963,   -0.007870,    0.002013,   -0.000001
  185    -0.000002,   -0.000000,   -0.000004,   -0.000004,    0.009468
  186     0.001105,    0.000163,    0.001499,    0.000014,    0.000001
  187     0.000000,    0.000000,    0.000001,   -0.000000,   -0.001315
  188    -0.000609,   -0.000066,   -0.000665,   -0.000437,   -0.000001
  189     0.000001,    0.000000,    0.000001,    0.000001,   -0.001893
  190     0.000314,   -0.000105,   -0.000486,    0.002133,    0.000000
  191     0.055421,    0.010168,    0.000676,   -0.082401,    0.118291
  192     0.056405,    0.009993,   -0.000519,   -0.100048,    0.142527
  193     0.009883,    0.001696,   -0.003124,   -0.027665,    0.044641
  194    -0.000082,    0.000144,    0.004326,    0.000970,   -0.000659
  195     0.003640,    0.000502,    0.000548,   -0.001379,    0.008676
  196    -0.005195,   -0.000942,   -0.000177,    0.008255,   -0.006644
  197     0.000146,    0.000313,    0.008021,    0.001442,   -0.001325
  198     0.004088,    0.000278,    0.001237,    0.001849,    0.008777
  199    -0.006167,   -0.000868,   -0.000544,    0.009302,   -0.002514
  200     0.000000,    0.000048,    0.001281,    0.000124,   -0.000229
  201    -0.001082,   -0.000102,   -0.000246,    0.000283,   -0.001459
  202     0.000688,    0.000131,    0.000134,   -0.001913,   -0.000654
  203     0.000051,   -0.000053,   -0.001757,   -0.000289,    0.000278
  204    -0.000406,   -0.000005,   -0.000193,   -0.000517,   -0.001037
               140,         141,         142,         143,         144
    0    -0.000682,    0.001295,    0.000002,    0.000559,    0.000192
    1    -0.004316,    0.000504,    0.000003,    0.000092,   -0.000493
    2     0.016944,    0.007983,    0.000002,    0.003282,    0.004189
    3     0.018078,    0.001826,   -0.000006,    0.003479,    0.002039
    4    -0.002397,    0.008678,    0.000007,   -0.000691,    0.002183
    5     0.033599,   -0.001750,   -0.000004,    0.012506,    0.002881
    6    -0.006667,   -0.006240,    0.000003,   -0.001555,    0.006641
    7    -0.000004,    0.000016,   -0.011754,   -0.000001,    0.000009
    8     0.023534,    0.003757,    0.000000,    0.008651,    0.003156
    9    -0.003757,   -0.010784,    0.000009,   -0.001217,    0.002517
   10    -0.000000,    0.000009,   -0.009972,    0.000000,    0.000005
   11     0.008651,    0.001217,   -0.000000,    0.002868,    0.000778
   12    -0.003156,    0.002517,    0.000005,   -0.000778,    0.002295
   13    -0.000001,    0.000004,   -0.004077,   -0.000000,    0.000002
   14     0.002513,   -0.000872,   -0.000000,    0.000803,   -0.000115
   15    -0.000001,   -0.000001,   -0.000140,   -0.000000,   -0.000000
   16     0.001112,    0.000315,    0.000000,    0.000258,   -0.000221
   17     0.000001,   -0.000000,    0.000024,    0.000000,   -0.000000
   18    -0.002790,    0.000865,    0.000000,   -0.000658,    0.000462
   19     0.003319,    0.001863,    0.000001,    0.001069,    0.000658
   20    -0.000002,   -0.000003,   -0.000171,   -0.000001,   -0.000001
   21     0.001014,    0.004413,   -0.000002,    0.000387,    0.000986
   22     0.000001,    0.000002,   -0.000196,    0.000000,    0.000000
   23    -0.005041,    0.000881,    0.000002,   -0.001240,    0.000444
   24     0.000292,   -0.000044,   -0.000000,    0.000086,    0.000090
   25    -0.000000,    0.000000,   -0.000273,   -0.000000,   -0.000000
   26    -0.000619,   -0.000007,    0.000000,   -0.000156,   -0.000040
   27    -0.000000,   -0.000000,   -0.000064,   -0.000000,    0.000000
   28     0.000041,   -0.000073,   -0.000000,   -0.000012,   -0.000075
   29    -0.000000,   -0.000000,    0.000295,   -0.000000,   -0.000000
   30    -0.001508,    0.000630,    0.000000,   -0.000365,    0.000159
   31     0.006456,    0.001468,   -0.002495,    0.001294,   -0.001462
   32     0.007672,   -0.001730,   -0.000197,    0.001457,   -0.002854
   33     0.004004,   -0.000697,    0.002488,    0.000946,   -0.000888
   34     0.000442,    0.000009,   -0.000075,    0.000169,    0.000045
   35     0.000218,    0.000105,   -0.000269,    0.000032,    0.000018
   36    -0.000474,   -0.000217,    0.000186,   -0.000086,    0.000131
   37     0.000270,   -0.000525,    0.001344,    0.000159,   -0.000063
   38     0.000134,   -0.000531,   -0.000024,   -0.000020,   -0.000073
   39    -0.000258,    0.000265,   -0.000538,    0.000003,    0.000291
   40     0.000103,    0.000004,    0.000011,    0.000044,    0.000017
   41     0.000014,   -0.000009,   -0.000025,    0.000013,   -0.000000
   42     0.000115,    0.000100,   -0.000009,    0.000023,   -0.000023
   43    -0.000040,   -0.000066,   -0.000015,   -0.000035,   -0.000039
   44    -0.000181,   -0.000007,    0.000227,   -0.000042,   -0.000019
   45     0.006451,    0.001456,    0.002496,    0.001293,   -0.001466
   46     0.007672,   -0.001742,    0.000210,    0.001457,   -0.002858
   47     0.004000,   -0.000701,   -0.002488,    0.000945,   -0.000889
   48     0.000443,    0.000009,    0.000075,    0.000169,    0.000045
   49     0.000218,    0.000103,    0.000269,    0.000032,    0.000018
   50     0.000474,    0.000216,    0.000187,    0.000086,   -0.000131
   51     0.000271,   -0.000523,   -0.001342,    0.000159,   -0.000063
   52     0.000134,   -0.000531,    0.000028,   -0.000020,   -0.000072
   53     0.000260,   -0.000266,   -0.000534,   -0.000003,   -0.000291
   54     0.000103,    0.000004,   -0.000011,    0.000044,    0.000017
   55    -0.000014,    0.000009,   -0.000025,   -0.000013,    0.000000
   56     0.000114,    0.000100,    0.000009,    0.000023,   -0.000023
   57     0.000040,    0.000066,   -0.000015,    0.000035,    0.000039
   58    -0.000181,   -0.000007,   -0.000227,   -0.000042,   -0.000019
   59    -0.014944,    0.001364,    0.000001,   -0.005366,    0.001710
   60    -0.021473,    0.011579,    0.000003,   -0.006963,    0.004825
   61    -0.009813,   -0.000194,   -0.000000,   -0.002999,    0.000403
   62    -0.000490,    0.000042,   -0.000000,   -0.000229,    0.000188
   63     0.001019,   -0.000260,   -0.000000,    0.000369,   -0.000031
   64     0.000000,    0.000000,   -0.000294,    0.000000,    0.000000
   65    -0.000122,    0.002905,    0.000000,   -0.000005,    0.001039
   66     0.001005,   -0.002358,   -0.000001,    0.000308,   -0.000508
   67     0.000001,   -0.000001,   -0.000451,    0.000000,   -0.000000
   68     0.000204,   -0.000201,   -0.000000,    0.000071,   -0.000044
   69    -0.000000,   -0.000000,    0.000069,   -0.000000,   -0.000000
   70     0.000097,   -0.000060,    0.000000,    0.000033,   -0.000022
   71     0.000000,    0.000000,   -0.000163,    0.000000,    0.000000
   72     0.000320,   -0.000081,   -0.000000,    0.000088,    0.000049
   73     0.012431,   -0.002183,    0.000000,    0.004892,   -0.002433
   74     0.026812,   -0.007651,   -0.000000,    0.008316,   -0.004128
   75    -0.047853,    0.021470,    0.000004,   -0.008497,    0.003928
   76    -0.047048,    0.020488,    0.000006,   -0.008820,    0.004226
   77     0.008128,   -0.005782,    0.000001,    0.002113,   -0.002770
   78    -0.091682,    0.070335,    0.000015,   -0.022976,    0.013391
   79     0.073978,   -0.046294,   -0.000004,    0.016553,   -0.019017
   80     0.000018,   -0.000009,   -0.008439,    0.000003,   -0.000006
   81    -0.062117,    0.050175,    0.000015,   -0.015545,    0.009694
   82     0.054255,   -0.035531,    0.000001,    0.012031,   -0.014213
   83     0.000017,   -0.000003,   -0.009749,    0.000003,   -0.000003
   84    -0.014867,    0.011969,    0.000008,   -0.003721,    0.002324
   85     0.011179,   -0.010168,    0.000000,    0.002379,   -0.003888
   86     0.000007,   -0.000004,   -0.005231,    0.000001,   -0.000002
   87     0.006305,   -0.000866,   -0.000000,    0.001682,    0.000021
   88     0.000000,   -0.000000,   -0.004048,    0.000000,   -0.000000
   89     0.002317,   -0.002669,   -0.000002,    0.000483,   -0.001013
   90     0.000000,    0.000000,    0.003933,    0.000000,   -0.000000
   91     0.000357,    0.004942,    0.000000,    0.000227,    0.001680
   92     0.009922,   -0.000060,   -0.000002,    0.002678,    0.000336
   93     0.000003,    0.000003,   -0.011631,    0.000001,    0.000001
   94     0.003775,   -0.005719,   -0.000002,    0.000714,   -0.002015
   95    -0.000001,    0.000001,    0.009772,   -0.000000,    0.000000
   96     0.003326,    0.010795,   -0.000002,    0.001125,    0.003508
   97     0.001315,   -0.001413,   -0.000000,    0.000231,   -0.000444
   98     0.000000,    0.000000,   -0.002054,    0.000000,    0.000000
   99    -0.001225,    0.000015,    0.000000,   -0.000255,   -0.000023
  100    -0.000000,   -0.000000,   -0.001665,    0.000000,   -0.000000
  101     0.000981,   -0.001184,   -0.000000,    0.000227,   -0.000245
  102    -0.000000,   -0.000000,    0.000882,   -0.000000,   -0.000000
  103     0.001642,    0.002166,    0.000000,    0.000507,    0.000567
  104     0.008379,   -0.011116,    0.009268,    0.002137,   -0.005174
  105     0.010392,   -0.013073,    0.009445,    0.002524,   -0.005899
  106     0.001393,   -0.007368,    0.011315,    0.000185,   -0.002760
  107    -0.001250,    0.001379,   -0.000458,   -0.000301,    0.000282
  108     0.000265,   -0.000119,   -0.000081,    0.000033,    0.000017
  109     0.001061,   -0.000960,    0.000382,    0.000263,   -0.000461
  110    -0.002042,    0.002319,   -0.000259,   -0.000483,    0.000474
  111     0.001573,   -0.001186,    0.001035,    0.000321,   -0.000395
  112     0.001124,   -0.000129,   -0.001420,    0.000291,   -0.000182
  113     0.000353,   -0.000377,    0.000204,    0.000084,   -0.000076
  114     0.000108,   -0.000067,    0.000017,    0.000022,   -0.000013
  115     0.000363,   -0.000288,    0.000107,    0.000079,   -0.000121
  116    -0.000527,    0.000696,   -0.000112,   -0.000122,    0.000146
  117     0.000309,   -0.000070,    0.000074,    0.000070,   -0.000028
  118     0.008381,   -0.011114,   -0.009271,    0.002137,   -0.005175
  119     0.010387,   -0.013080,   -0.009455,    0.002521,   -0.005903
  120     0.001393,   -0.007368,   -0.011323,    0.000184,   -0.002760
  121    -0.001250,    0.001379,    0.000459,   -0.000301,    0.000282
  122     0.000265,   -0.000120,    0.000081,    0.000034,    0.000017
  123    -0.001061,    0.000960,    0.000382,   -0.000263,    0.000461
  124    -0.002040,    0.002318,    0.000260,   -0.000482,    0.000474
  125     0.001576,   -0.001184,   -0.001034,    0.000321,   -0.000394
  126    -0.001120,    0.000131,   -0.001419,   -0.000290,    0.000182
  127     0.000352,   -0.000376,   -0.000204,    0.000084,   -0.000076
  128    -0.000109,    0.000067,    0.000017,   -0.000022,    0.000013
  129     0.000363,   -0.000288,   -0.000107,    0.000079,   -0.000120
  130     0.000528,   -0.000696,   -0.000112,    0.000122,   -0.000146
  131     0.000309,   -0.000070,   -0.000074,    0.000070,   -0.000028
  132     0.009926,   -0.005806,   -0.000003,   -0.001292,   -0.000585
  133     0.012382,   -0.007363,   -0.000003,   -0.001836,   -0.000851
  134     0.004475,   -0.001455,    0.000000,    0.000870,    0.000490
  135     0.005605,   -0.005654,    0.000007,    0.001017,   -0.000998
  136     0.008357,   -0.008707,    0.000000,    0.001677,   -0.001649
  137     0.185351,    0.025255,    0.000005,    0.048244,    0.009921
  138     0.026757,    0.204340,    0.000000,    0.013158,    0.057634
  139     0.000007,    0.000008,    0.226504,    0.000001,    0.000002
  140     0.120852,    0.020904,    0.000007,    0.031543,    0.007485
  141     0.020904,    0.134455,    0.000005,    0.009494,    0.037710
  142     0.000007,    0.000005,    0.154382,    0.000001,    0.000001
  143     0.031543,    0.009494,    0.000001,    0.008473,    0.003087
  144     0.007485,    0.037710,    0.000001,    0.003087,    0.010981
  145    -0.000002,    0.000004,    0.043929,   -0.000000,    0.000001
  146     0.008178,    0.000776,    0.000002,    0.002118,    0.000452
  147     0.000003,    0.000006,   -0.009109,    0.000001,    0.000002
  148    -0.000029,   -0.007252,   -0.000013,   -0.000258,   -0.002050
  149     0.000002,    0.000003,    0.000474,    0.000000,    0.000001
  150    -0.000620,    0.004352,   -0.000003,    0.000027,    0.001363
  151     0.007188,   -0.000063,    0.000004,    0.001810,    0.000136
  152     0.000002,    0.000005,   -0.008646,    0.000001,    0.000001
  153     0.000162,   -0.005393,   -0.000015,   -0.000149,   -0.001353
  154    -0.000001,    0.000002,   -0.000072,   -0.000000,    0.000001
  155    -0.001516,    0.002542,   -0.000003,   -0.000217,    0.000955
  156    -0.001256,    0.000859,    0.000001,   -0.000309,    0.000241
  157    -0.000000,    0.000000,   -0.000518,   -0.000000,    0.000000
  158     0.000237,   -0.000182,    0.000000,    0.000080,   -0.000043
  159    -0.000000,    0.000001,   -0.000403,   -0.000000,    0.000000
  160    -0.001172,    0.000366,    0.000000,   -0.000284,    0.000104
  161     0.000000,    0.000001,   -0.000187,    0.000000,    0.000000
  162     0.000250,    0.000780,   -0.000000,    0.000066,    0.000129
  163    -0.003009,   -0.052476,   -0.080756,   -0.002419,   -0.014761
  164    -0.004377,   -0.063614,   -0.097258,   -0.003028,   -0.018135
  165    -0.002957,   -0.017757,   -0.030568,   -0.001296,   -0.005204
  166     0.002828,    0.000707,    0.000443,    0.000745,    0.000234
  167     0.000190,   -0.000786,   -0.005904,    0.000030,   -0.000208
  168    -0.000249,   -0.005256,   -0.004542,   -0.000219,   -0.001471
  169     0.005207,    0.001070,    0.000886,    0.001358,    0.000373
  170     0.000633,    0.001418,   -0.005948,    0.000233,    0.000386
  171    -0.000162,   -0.005809,   -0.001697,   -0.000174,   -0.001646
  172     0.000831,    0.000107,    0.000151,    0.000215,    0.000040
  173     0.000088,   -0.000136,   -0.000994,    0.000030,   -0.000036
  174     0.000005,   -0.001223,    0.000439,   -0.000031,   -0.000343
  175     0.001154,    0.000222,    0.000187,    0.000299,    0.000069
  176    -0.000110,   -0.000361,    0.000705,   -0.000040,   -0.000098
  177     0.073345,    0.060554,    0.000037,    0.020729,    0.018451
  178     0.087942,    0.075527,    0.000039,    0.025144,    0.023394
  179     0.024616,    0.022354,    0.000014,    0.007124,    0.006851
  180    -0.004812,   -0.005775,   -0.000004,   -0.001417,   -0.001701
  181    -0.004775,   -0.001094,   -0.000002,   -0.001269,   -0.000407
  182    -0.000003,   -0.000002,    0.003417,   -0.000001,   -0.000001
  183    -0.003009,   -0.006177,   -0.000001,   -0.001014,   -0.001893
  184    -0.004732,    0.001167,   -0.000001,   -0.001228,    0.000154
  185    -0.000002,   -0.000002,    0.006443,   -0.000001,   -0.000001
  186     0.000895,    0.000069,    0.000001,    0.000244,    0.000045
  187     0.000001,   -0.000000,   -0.000898,    0.000000,    0.000000
  188    -0.000402,   -0.000313,   -0.000001,   -0.000120,   -0.000096
  189     0.000000,    0.000001,   -0.001287,    0.000000,    0.000000
  190    -0.000289,    0.001399,    0.000000,   -0.000031,    0.000376
  191    -0.003031,   -0.052543,    0.080696,   -0.002427,   -0.014780
  192    -0.004409,   -0.063691,    0.097191,   -0.003039,   -0.018157
  193    -0.002966,   -0.017778,    0.030545,   -0.001299,   -0.005210
  194     0.002828,    0.000706,   -0.000441,    0.000745,    0.000234
  195     0.000188,   -0.000796,    0.005908,    0.000029,   -0.000211
  196     0.000251,    0.005259,   -0.004530,    0.000219,    0.001472
  197     0.005208,    0.001069,   -0.000885,    0.001359,    0.000373
  198     0.000630,    0.001407,    0.005954,    0.000232,    0.000382
  199     0.000166,    0.005812,   -0.001685,    0.000175,    0.001647
  200     0.000832,    0.000107,   -0.000152,    0.000215,    0.000040
  201    -0.000087,    0.000139,   -0.000993,   -0.000029,    0.000037
  202     0.000004,   -0.001223,   -0.000442,   -0.000031,   -0.000343
  203    -0.001153,   -0.000221,    0.000186,   -0.000299,   -0.000069
  204    -0.000110,   -0.000360,   -0.000706,   -0.000040,   -0.000097
               145,         146,         147,         148,         149
    0     0.000001,   -0.000487,   -0.000000,    0.000169,   -0.000000
    1     0.000001,   -0.001098,   -0.000000,    0.000338,   -0.000000
    2     0.000000,    0.002212,    0.000001,   -0.000645,    0.000001
    3    -0.000003,    0.002246,    0.000001,   -0.000115,    0.000001
    4     0.000002,   -0.000206,   -0.000000,   -0.000449,    0.000000
    5    -0.000000,    0.003661,    0.000001,   -0.001340,    0.000001
    6     0.000004,    0.001111,   -0.000000,   -0.000174,    0.000001
    7    -0.005299,    0.000000,   -0.000269,   -0.000000,   -0.000133
    8     0.000001,    0.002513,    0.000001,   -0.001112,    0.000001
    9     0.000004,    0.000872,   -0.000001,    0.000315,    0.000000
   10    -0.004077,    0.000000,   -0.000140,    0.000000,   -0.000024
   11     0.000000,    0.000803,    0.000000,   -0.000258,    0.000000
   12     0.000002,    0.000115,   -0.000000,   -0.000221,    0.000000
   13    -0.001361,    0.000000,   -0.000086,   -0.000000,    0.000108
   14    -0.000000,    0.000203,    0.000000,   -0.000013,    0.000000
   15    -0.000086,   -0.000000,    0.000147,    0.000000,   -0.000095
   16    -0.000000,    0.000013,    0.000000,    0.000023,   -0.000000
   17    -0.000108,    0.000000,    0.000095,    0.000000,   -0.000093
   18     0.000000,   -0.000121,   -0.000000,   -0.000099,    0.000000
   19     0.000000,    0.000225,    0.000000,   -0.000160,    0.000000
   20    -0.000293,   -0.000000,    0.000301,    0.000000,   -0.000248
   21    -0.000001,   -0.000021,    0.000000,   -0.000213,   -0.000000
   22    -0.000332,   -0.000000,    0.000230,   -0.000000,   -0.000217
   23     0.000001,   -0.000234,   -0.000000,   -0.000124,   -0.000000
   24    -0.000000,    0.000056,    0.000000,   -0.000014,    0.000000
   25    -0.000146,   -0.000000,    0.000064,    0.000000,   -0.000051
   26     0.000000,   -0.000054,   -0.000000,    0.000002,   -0.000000
   27     0.000038,   -0.000000,   -0.000037,   -0.000000,    0.000042
   28    -0.000000,   -0.000017,    0.000000,    0.000020,   -0.000000
   29     0.000055,   -0.000000,    0.000007,   -0.000000,   -0.000023
   30     0.000000,   -0.000089,   -0.000000,   -0.000049,   -0.000000
   31    -0.001186,    0.000196,   -0.000372,    0.000057,    0.000132
   32    -0.000636,    0.000193,   -0.000611,    0.000272,    0.000164
   33     0.000748,    0.000138,   -0.000521,    0.000094,    0.000235
   34    -0.000039,    0.000052,    0.000014,   -0.000022,   -0.000012
   35    -0.000130,    0.000023,   -0.000007,   -0.000004,   -0.000006
   36     0.000084,   -0.000008,    0.000014,   -0.000001,   -0.000004
   37     0.000374,    0.000063,   -0.000083,   -0.000018,    0.000004
   38    -0.000094,    0.000038,    0.000004,    0.000026,   -0.000031
   39    -0.000106,    0.000000,    0.000014,   -0.000028,    0.000024
   40    -0.000005,    0.000013,    0.000004,   -0.000008,   -0.000005
   41     0.000002,   -0.000002,    0.000005,    0.000001,    0.000001
   42     0.000006,   -0.000001,   -0.000001,   -0.000001,    0.000004
   43     0.000002,   -0.000013,   -0.000002,    0.000014,    0.000004
   44     0.000075,   -0.000016,   -0.000014,   -0.000001,    0.000004
   45     0.001185,    0.000195,    0.000373,    0.000058,   -0.000132
   46     0.000638,    0.000193,    0.000611,    0.000272,   -0.000164
   47    -0.000749,    0.000137,    0.000521,    0.000095,   -0.000236
   48     0.000039,    0.000052,   -0.000014,   -0.000022,    0.000012
   49     0.000130,    0.000023,    0.000007,   -0.000004,    0.000006
   50     0.000085,    0.000008,    0.000014,    0.000001,   -0.000004
   51    -0.000373,    0.000063,    0.000083,   -0.000018,   -0.000004
   52     0.000095,    0.000038,   -0.000004,    0.000026,    0.000031
   53    -0.000105,   -0.000000,    0.000014,    0.000029,    0.000024
   54     0.000005,    0.000013,   -0.000004,   -0.000008,    0.000005
   55     0.000002,    0.000002,    0.000005,   -0.000001,    0.000001
   56    -0.000006,   -0.000001,    0.000001,   -0.000001,   -0.000004
   57     0.000002,    0.000013,   -0.000002,   -0.000014,    0.000004
   58    -0.000075,   -0.000016,    0.000014,   -0.000001,   -0.000004
   59     0.000001,   -0.000849,   -0.000000,    0.000219,   -0.000000
   60     0.000002,   -0.001358,   -0.000000,   -0.000341,    0.000000
   61     0.000000,   -0.000594,   -0.000000,    0.000067,   -0.000000
   62     0.000000,   -0.000004,   -0.000000,    0.000013,    0.000000
   63     0.000000,    0.000084,    0.000000,   -0.000014,    0.000000
   64    -0.000112,    0.000000,    0.000002,   -0.000000,   -0.000002
   65     0.000000,    0.000012,    0.000000,   -0.000170,    0.000000
   66    -0.000000,    0.000120,   -0.000000,    0.000099,   -0.000000
   67    -0.000197,    0.000000,    0.000009,    0.000000,   -0.000014
   68    -0.000000,    0.000016,    0.000000,    0.000006,   -0.000000
   69     0.000025,   -0.000000,    0.000002,    0.000000,   -0.000001
   70     0.000000,    0.000006,   -0.000000,    0.000003,    0.000000
   71    -0.000063,    0.000000,    0.000009,    0.000000,   -0.000006
   72     0.000000,    0.000036,    0.000000,   -0.000001,    0.000000
   73    -0.000002,    0.001620,    0.000000,    0.000951,    0.000000
   74    -0.000003,    0.003352,    0.000000,    0.001947,    0.000000
   75     0.000004,   -0.005673,   -0.000000,   -0.003164,   -0.000000
   76     0.000005,   -0.005260,   -0.000000,   -0.002944,    0.000000
   77    -0.000000,    0.000045,   -0.000000,    0.000492,    0.000000
   78     0.000009,   -0.008228,   -0.000000,   -0.003774,   -0.000000
   79    -0.000007,    0.001935,   -0.000001,    0.004061,   -0.000001
   80    -0.009438,   -0.000000,    0.006184,    0.000004,   -0.005615
   81     0.000007,   -0.005580,   -0.000000,   -0.002690,   -0.000000
   82    -0.000004,    0.001679,   -0.000001,    0.003136,   -0.000000
   83    -0.007559,    0.000000,    0.004489,    0.000003,   -0.003857
   84     0.000003,   -0.001316,   -0.000000,   -0.000641,   -0.000000
   85    -0.000001,    0.000275,   -0.000000,    0.000787,   -0.000000
   86    -0.002851,    0.000000,    0.001452,    0.000001,   -0.001123
   87    -0.000000,    0.000514,    0.000000,    0.000052,    0.000000
   88    -0.001392,   -0.000000,    0.000478,    0.000000,   -0.000229
   89    -0.000001,    0.000048,    0.000000,    0.000204,   -0.000000
   90     0.001149,    0.000000,   -0.000215,   -0.000000,    0.000012
   91     0.000000,    0.000090,    0.000000,   -0.000283,    0.000000
   92    -0.000001,    0.000783,    0.000000,    0.000013,    0.000000
   93    -0.003444,   -0.000000,    0.000931,    0.000001,   -0.000220
   94    -0.000001,    0.000159,    0.000000,    0.000439,   -0.000000
   95     0.002854,   -0.000000,   -0.000533,   -0.000001,    0.000030
   96    -0.000000,    0.000234,    0.000001,   -0.000583,    0.000000
   97    -0.000000,    0.000098,   -0.000000,    0.000123,   -0.000000
   98    -0.000600,   -0.000000,    0.000112,    0.000000,   -0.000006
   99     0.000000,   -0.000099,   -0.000000,   -0.000035,   -0.000000
  100    -0.000429,   -0.000000,    0.000082,    0.000000,    0.000019
  101    -0.000000,    0.000094,   -0.000000,    0.000063,   -0.000000
  102     0.000237,   -0.000000,   -0.000052,   -0.000000,   -0.000002
  103    -0.000000,    0.000096,    0.000000,   -0.000112,    0.000000
  104     0.005058,   -0.000696,   -0.002579,    0.000599,    0.001995
  105     0.005626,   -0.000703,   -0.003003,    0.000718,    0.002403
  106     0.004066,   -0.000243,   -0.001474,    0.000400,    0.000777
  107    -0.000134,   -0.000118,    0.000025,   -0.000073,   -0.000001
  108    -0.000213,    0.000067,    0.000157,    0.000027,   -0.000150
  109     0.000245,   -0.000052,   -0.000135,    0.000056,    0.000111
  110    -0.000076,   -0.000195,    0.000014,   -0.000123,   -0.000001
  111     0.000092,    0.000120,    0.000087,    0.000122,   -0.000149
  112    -0.000338,   -0.000064,    0.000048,   -0.000002,    0.000038
  113     0.000060,    0.000034,   -0.000011,    0.000020,    0.000001
  114    -0.000027,    0.000021,    0.000024,    0.000011,   -0.000025
  115     0.000014,   -0.000000,    0.000005,    0.000021,   -0.000012
  116    -0.000033,   -0.000051,    0.000006,   -0.000037,   -0.000000
  117    -0.000005,    0.000020,    0.000016,    0.000013,   -0.000020
  118    -0.005062,   -0.000696,    0.002579,    0.000602,   -0.001996
  119    -0.005632,   -0.000704,    0.003003,    0.000721,   -0.002405
  120    -0.004069,   -0.000244,    0.001474,    0.000403,   -0.000777
  121     0.000134,   -0.000118,   -0.000025,   -0.000073,    0.000001
  122     0.000213,    0.000067,   -0.000156,    0.000027,    0.000150
  123     0.000245,    0.000052,   -0.000135,   -0.000057,    0.000111
  124     0.000076,   -0.000195,   -0.000014,   -0.000123,    0.000001
  125    -0.000092,    0.000120,   -0.000087,    0.000122,    0.000149
  126    -0.000337,    0.000064,    0.000048,    0.000003,    0.000038
  127    -0.000060,    0.000034,    0.000011,    0.000020,   -0.000001
  128    -0.000027,   -0.000021,    0.000024,   -0.000011,   -0.000025
  129    -0.000015,   -0.000000,   -0.000005,    0.000021,    0.000011
  130    -0.000033,    0.000051,    0.000006,    0.000037,   -0.000000
  131     0.000005,    0.000020,   -0.000016,    0.000013,    0.000020
  132    -0.000003,    0.000474,    0.000000,    0.000322,    0.000000
  133    -0.000005,    0.000639,    0.000001,    0.000465,   -0.000000
  134     0.000005,    0.000044,   -0.000002,   -0.000167,    0.000001
  135     0.000005,    0.000328,   -0.000002,    0.000269,    0.000001
  136     0.000000,    0.000724,   -0.000001,    0.000460,    0.000000
  137    -0.000004,    0.012701,    0.000004,    0.000344,    0.000002
  138     0.000004,    0.000831,    0.000010,   -0.011155,    0.000004
  139     0.064292,    0.000003,   -0.013270,   -0.000019,    0.000590
  140    -0.000002,    0.008178,    0.000003,   -0.000029,    0.000002
  141     0.000004,    0.000776,    0.000006,   -0.007252,    0.000003
  142     0.043929,    0.000002,   -0.009109,   -0.000013,    0.000474
  143    -0.000000,    0.002118,    0.000001,   -0.000258,    0.000000
  144     0.000001,    0.000452,    0.000002,   -0.002050,    0.000001
  145     0.012661,    0.000000,   -0.002706,   -0.000004,    0.000254
  146     0.000000,    0.000620,    0.000000,    0.000029,    0.000000
  147    -0.002706,    0.000000,    0.000636,    0.000000,   -0.000122
  148    -0.000004,    0.000029,    0.000000,    0.000418,   -0.000000
  149     0.000254,    0.000000,   -0.000122,   -0.000000,    0.000095
  150    -0.000001,    0.000001,    0.000000,   -0.000279,    0.000000
  151     0.000001,    0.000571,   -0.000000,    0.000076,    0.000000
  152    -0.002769,    0.000000,    0.000763,    0.000001,   -0.000274
  153    -0.000004,    0.000058,    0.000001,    0.000297,   -0.000000
  154     0.000253,   -0.000000,   -0.000215,   -0.000000,    0.000216
  155    -0.000001,    0.000015,    0.000000,   -0.000206,    0.000000
  156     0.000000,   -0.000091,   -0.000000,   -0.000064,    0.000000
  157    -0.000086,   -0.000000,   -0.000021,    0.000000,    0.000049
  158    -0.000000,    0.000030,    0.000000,    0.000013,   -0.000000
  159    -0.000060,   -0.000000,   -0.000018,   -0.000000,    0.000041
  160     0.000000,   -0.000077,   -0.000000,   -0.000036,   -0.000000
  161    -0.000085,    0.000000,    0.000033,   -0.000000,   -0.000024
  162    -0.000000,   -0.000029,    0.000000,   -0.000026,    0.000000
  163    -0.023131,   -0.000057,    0.004913,    0.002879,   -0.000386
  164    -0.027830,   -0.000149,    0.005926,    0.003515,   -0.000461
  165    -0.008951,   -0.000211,    0.002053,    0.000986,   -0.000321
  166     0.000112,    0.000189,   -0.000014,   -0.000012,   -0.000010
  167    -0.001673,    0.000016,    0.000344,    0.000044,   -0.000013
  168    -0.001297,    0.000003,    0.000272,    0.000288,   -0.000018
  169     0.000240,    0.000347,   -0.000058,   -0.000005,    0.000002
  170    -0.001651,    0.000031,    0.000322,   -0.000073,    0.000012
  171    -0.000445,    0.000016,    0.000077,    0.000322,    0.000021
  172     0.000036,    0.000057,   -0.000004,    0.000003,   -0.000005
  173    -0.000281,    0.000007,    0.000058,    0.000007,   -0.000002
  174     0.000120,    0.000006,   -0.000023,    0.000069,   -0.000002
  175     0.000048,    0.000074,   -0.000007,    0.000001,   -0.000003
  176     0.000197,   -0.000003,   -0.000037,    0.000017,   -0.000001
  177     0.000011,    0.004838,    0.000002,   -0.002780,    0.000002
  178     0.000011,    0.005891,    0.000002,   -0.003562,    0.000003
  179     0.000004,    0.001693,    0.000001,   -0.001073,    0.000001
  180    -0.000001,   -0.000299,   -0.000000,    0.000281,   -0.000000
  181    -0.000001,   -0.000331,    0.000000,    0.000023,   -0.000000
  182     0.000972,   -0.000000,   -0.000200,   -0.000000,    0.000010
  183    -0.000001,   -0.000183,   -0.000000,    0.000335,   -0.000000
  184    -0.000000,   -0.000348,    0.000000,   -0.000093,   -0.000000
  185     0.001817,   -0.000000,   -0.000367,   -0.000000,    0.000007
  186     0.000000,    0.000066,   -0.000000,    0.000003,    0.000000
  187    -0.000258,    0.000000,    0.000055,    0.000000,   -0.000004
  188    -0.000000,   -0.000026,    0.000000,    0.000015,   -0.000000
  189    -0.000360,    0.000000,    0.000070,    0.000000,    0.000001
  190     0.000000,   -0.000033,    0.000000,   -0.000079,    0.000000
  191     0.023113,   -0.000056,   -0.004915,    0.002869,    0.000384
  192     0.027810,   -0.000148,   -0.005929,    0.003503,    0.000458
  193     0.008944,   -0.000211,   -0.002053,    0.000982,    0.000320
  194    -0.000111,    0.000189,    0.000014,   -0.000012,    0.000010
  195     0.001674,    0.000016,   -0.000344,    0.000043,    0.000013
  196    -0.001293,   -0.000003,    0.000272,   -0.000287,   -0.000018
  197    -0.000240,    0.000347,    0.000058,   -0.000004,   -0.000002
  198     0.001652,    0.000031,   -0.000322,   -0.000073,   -0.000012
  199    -0.000441,   -0.000016,    0.000077,   -0.000321,    0.000021
  200    -0.000036,    0.000057,    0.000004,    0.000003,    0.000005
  201    -0.000280,   -0.000007,    0.000058,   -0.000007,   -0.000002
  202    -0.000121,    0.000006,    0.000023,    0.000069,    0.000002
  203     0.000048,   -0.000074,   -0.000007,   -0.000001,   -0.000003
  204    -0.000198,   -0.000003,    0.000037,    0.000017,    0.000001
               150,         151,         152,         153,         154
    0    -0.000373,    0.000445,   -0.000001,   -0.001214,    0.000001
    1    -0.000806,   -0.000058,   -0.000001,   -0.001622,    0.000001
    2     0.001540,    0.003114,    0.000001,    0.000016,   -0.000000
    3     0.000981,    0.003202,    0.000001,    0.000081,   -0.000000
    4     0.000229,   -0.000048,   -0.000000,   -0.000663,    0.000000
    5     0.004056,    0.004827,    0.000004,   -0.001094,    0.000000
    6     0.001730,   -0.003245,   -0.000003,    0.006257,   -0.000004
    7     0.000001,   -0.000002,   -0.000132,   -0.000003,    0.000040
    8     0.002790,    0.003319,    0.000002,   -0.001014,    0.000001
    9     0.000865,   -0.001863,   -0.000003,    0.004413,   -0.000002
   10     0.000000,   -0.000001,   -0.000171,   -0.000002,    0.000196
   11     0.000658,    0.001069,    0.000001,   -0.000387,    0.000000
   12     0.000462,   -0.000658,   -0.000001,    0.000986,   -0.000000
   13     0.000000,   -0.000000,   -0.000293,   -0.000001,    0.000332
   14     0.000121,    0.000225,    0.000000,    0.000021,   -0.000000
   15    -0.000000,   -0.000000,    0.000301,    0.000000,   -0.000230
   16    -0.000099,    0.000160,    0.000000,   -0.000213,    0.000000
   17    -0.000000,    0.000000,    0.000248,    0.000000,   -0.000217
   18     0.000168,   -0.000182,    0.000000,    0.000047,   -0.000000
   19     0.000182,    0.000168,    0.000000,   -0.000026,    0.000000
   20     0.000000,   -0.000000,    0.000705,    0.000001,   -0.000584
   21     0.000047,    0.000026,    0.000001,   -0.000327,   -0.000000
   22     0.000000,    0.000000,    0.000584,    0.000000,   -0.000502
   23     0.000239,   -0.000213,    0.000000,   -0.000050,   -0.000000
   24     0.000061,    0.000061,    0.000000,    0.000026,   -0.000000
   25     0.000000,   -0.000000,    0.000146,    0.000000,   -0.000116
   26    -0.000016,   -0.000061,   -0.000000,   -0.000010,    0.000000
   27    -0.000000,   -0.000000,   -0.000106,   -0.000000,    0.000097
   28    -0.000047,   -0.000013,   -0.000000,   -0.000003,    0.000000
   29    -0.000000,   -0.000000,    0.000046,    0.000000,   -0.000055
   30     0.000057,   -0.000056,    0.000000,   -0.000077,    0.000000
   31    -0.000333,    0.001436,   -0.000604,   -0.001482,    0.000419
   32    -0.000587,    0.001663,   -0.000874,   -0.001628,    0.000494
   33    -0.000211,    0.000512,   -0.000885,   -0.000419,    0.000563
   34     0.000064,    0.000079,    0.000033,   -0.000029,   -0.000026
   35     0.000007,    0.000050,    0.000000,   -0.000020,   -0.000004
   36     0.000031,   -0.000129,    0.000021,    0.000151,   -0.000015
   37     0.000110,    0.000110,   -0.000078,   -0.000033,   -0.000001
   38     0.000004,    0.000017,    0.000054,    0.000081,   -0.000064
   39     0.000049,   -0.000140,   -0.000030,    0.000138,    0.000058
   40     0.000020,    0.000018,    0.000013,   -0.000006,   -0.000012
   41    -0.000002,   -0.000006,    0.000003,    0.000001,    0.000001
   42    -0.000011,    0.000024,   -0.000007,   -0.000036,    0.000008
   43    -0.000032,   -0.000023,   -0.000008,    0.000014,    0.000009
   44    -0.000001,   -0.000007,   -0.000019,   -0.000015,    0.000007
   45    -0.000333,    0.001435,    0.000606,   -0.001477,   -0.000418
   46    -0.000587,    0.001662,    0.000876,   -0.001622,   -0.000493
   47    -0.000211,    0.000512,    0.000886,   -0.000416,   -0.000563
   48     0.000064,    0.000079,   -0.000033,   -0.000029,    0.000026
   49     0.000007,    0.000050,   -0.000001,   -0.000019,    0.000004
   50    -0.000031,    0.000129,    0.000022,   -0.000151,   -0.000015
   51     0.000110,    0.000110,    0.000078,   -0.000033,    0.000001
   52     0.000004,    0.000017,   -0.000055,    0.000081,    0.000064
   53    -0.000049,    0.000140,   -0.000030,   -0.000138,    0.000058
   54     0.000020,    0.000018,   -0.000013,   -0.000006,    0.000012
   55     0.000002,    0.000006,    0.000003,   -0.000000,    0.000001
   56    -0.000011,    0.000024,    0.000007,   -0.000036,   -0.000008
   57     0.000032,    0.000023,   -0.000008,   -0.000014,    0.000009
   58    -0.000001,   -0.000007,    0.000019,   -0.000015,   -0.000007
   59    -0.000569,   -0.002153,   -0.000002,    0.001886,   -0.000001
   60    -0.000329,   -0.003192,   -0.000003,    0.001938,   -0.000001
   61    -0.000147,   -0.001059,   -0.000001,    0.000653,   -0.000000
   62    -0.000018,   -0.000131,   -0.000000,    0.000189,   -0.000000
   63     0.000067,    0.000112,    0.000000,   -0.000033,    0.000000
   64     0.000000,    0.000000,    0.000003,   -0.000000,    0.000002
   65     0.000122,   -0.000182,   -0.000000,    0.000098,   -0.000000
   66     0.000026,    0.000139,    0.000000,    0.000105,   -0.000000
   67     0.000000,    0.000000,    0.000029,   -0.000000,   -0.000022
   68     0.000006,    0.000021,    0.000000,    0.000002,   -0.000000
   69    -0.000000,   -0.000000,    0.000005,    0.000000,   -0.000005
   70     0.000000,    0.000016,    0.000000,   -0.000009,    0.000000
   71     0.000000,    0.000000,    0.000017,   -0.000000,   -0.000010
   72     0.000018,    0.000004,   -0.000000,    0.000050,   -0.000000
   73    -0.000503,    0.003928,    0.000000,   -0.000656,    0.000001
   74    -0.001058,    0.006880,    0.000001,   -0.000758,    0.000001
   75     0.001729,   -0.007910,   -0.000001,   -0.000459,   -0.000001
   76     0.001751,   -0.007030,   -0.000002,   -0.000298,   -0.000000
   77    -0.000947,   -0.000020,   -0.000001,    0.000296,    0.000000
   78     0.000340,   -0.007643,   -0.000000,   -0.005874,    0.000004
   79    -0.006940,    0.001077,   -0.000004,    0.002403,   -0.000001
   80     0.000000,    0.000002,    0.015307,    0.000007,   -0.012965
   81     0.000306,   -0.005054,   -0.000000,   -0.004079,    0.000003
   82    -0.005009,    0.001353,   -0.000003,    0.001661,   -0.000000
   83     0.000000,    0.000002,    0.010724,    0.000005,   -0.008882
   84     0.000085,   -0.001151,   -0.000000,   -0.000946,    0.000001
   85    -0.001179,    0.000206,   -0.000001,    0.000371,   -0.000000
   86    -0.000000,    0.000001,    0.003248,    0.000002,   -0.002570
   87     0.000066,    0.000537,    0.000000,    0.000139,   -0.000000
   88     0.000000,    0.000000,    0.000820,    0.000001,   -0.000505
   89    -0.000290,    0.000068,    0.000000,    0.000100,   -0.000000
   90    -0.000000,    0.000000,   -0.000203,   -0.000000,   -0.000006
   91     0.000261,   -0.000040,    0.000000,   -0.000070,   -0.000000
   92     0.000127,    0.000823,    0.000000,    0.000121,   -0.000000
   93     0.000000,   -0.000000,    0.001197,    0.000002,   -0.000436
   94    -0.000492,    0.000334,    0.000000,    0.000147,   -0.000000
   95    -0.000000,    0.000000,   -0.000504,   -0.000001,   -0.000016
   96     0.000387,   -0.000169,    0.000001,   -0.000070,   -0.000000
   97    -0.000116,    0.000152,   -0.000000,    0.000035,    0.000000
   98     0.000000,   -0.000000,    0.000106,    0.000000,    0.000003
   99     0.000042,   -0.000097,   -0.000000,   -0.000018,    0.000000
  100     0.000000,   -0.000000,    0.000038,    0.000000,    0.000055
  101    -0.000013,    0.000087,   -0.000000,    0.000097,   -0.000000
  102    -0.000000,   -0.000000,   -0.000041,   -0.000000,   -0.000010
  103     0.000066,    0.000121,    0.000000,   -0.000138,    0.000000
  104    -0.001552,   -0.001253,   -0.005771,    0.000556,    0.004566
  105    -0.001788,   -0.001453,   -0.006862,    0.000648,    0.005513
  106    -0.000579,   -0.000279,   -0.002654,    0.000183,    0.001729
  107     0.000014,   -0.000105,    0.000024,   -0.000109,    0.000001
  108     0.000010,    0.000109,    0.000402,   -0.000008,   -0.000348
  109    -0.000155,   -0.000116,   -0.000313,    0.000058,    0.000254
  110     0.000023,   -0.000181,    0.000013,   -0.000190,    0.000001
  111    -0.000118,    0.000206,    0.000339,    0.000031,   -0.000351
  112    -0.000122,   -0.000209,   -0.000025,    0.000058,    0.000097
  113    -0.000003,    0.000033,   -0.000011,    0.000032,   -0.000000
  114    -0.000002,    0.000039,    0.000065,   -0.000002,   -0.000058
  115    -0.000042,   -0.000012,    0.000025,    0.000016,   -0.000027
  116     0.000008,   -0.000046,    0.000006,   -0.000055,    0.000000
  117    -0.000017,    0.000025,    0.000049,    0.000005,   -0.000046
  118    -0.001551,   -0.001252,    0.005770,    0.000562,   -0.004568
  119    -0.001786,   -0.001451,    0.006862,    0.000654,   -0.005516
  120    -0.000578,   -0.000279,    0.002654,    0.000188,   -0.001730
  121     0.000014,   -0.000105,   -0.000024,   -0.000109,   -0.000001
  122     0.000009,    0.000109,   -0.000402,   -0.000008,    0.000348
  123     0.000155,    0.000116,   -0.000314,   -0.000059,    0.000255
  124     0.000023,   -0.000181,   -0.000013,   -0.000190,   -0.000000
  125    -0.000118,    0.000206,   -0.000339,    0.000031,    0.000351
  126     0.000122,    0.000209,   -0.000026,   -0.000058,    0.000097
  127    -0.000003,    0.000033,    0.000011,    0.000032,    0.000000
  128     0.000002,   -0.000039,    0.000065,    0.000002,   -0.000058
  129    -0.000042,   -0.000012,   -0.000025,    0.000016,    0.000027
  130    -0.000008,    0.000046,    0.000006,    0.000055,    0.000000
  131    -0.000017,    0.000025,   -0.000049,    0.000004,    0.000046
  132    -0.000241,    0.004824,   -0.000000,    0.002442,   -0.000000
  133    -0.000375,    0.006986,   -0.000001,    0.003703,   -0.000001
  134     0.000267,   -0.002882,   -0.000000,   -0.002204,    0.000002
  135    -0.000063,   -0.001863,   -0.000001,   -0.001802,    0.000002
  136    -0.000116,    0.000415,   -0.000000,    0.000471,   -0.000000
  137    -0.001103,    0.010850,    0.000003,    0.000579,   -0.000002
  138     0.006790,   -0.000556,    0.000007,   -0.007802,    0.000003
  139    -0.000004,    0.000005,   -0.012418,   -0.000021,   -0.000348
  140    -0.000620,    0.007188,    0.000002,    0.000162,   -0.000001
  141     0.004352,   -0.000063,    0.000005,   -0.005393,    0.000002
  142    -0.000003,    0.000004,   -0.008646,   -0.000015,   -0.000072
  143     0.000027,    0.001810,    0.000001,   -0.000149,   -0.000000
  144     0.001363,    0.000136,    0.000001,   -0.001353,    0.000001
  145    -0.000001,    0.000001,   -0.002769,   -0.000004,    0.000253
  146     0.000001,    0.000571,    0.000000,    0.000058,   -0.000000
  147     0.000000,   -0.000000,    0.000763,    0.000001,   -0.000215
  148    -0.000279,    0.000076,    0.000001,    0.000297,   -0.000000
  149     0.000000,    0.000000,   -0.000274,   -0.000000,    0.000216
  150     0.000272,   -0.000011,    0.000000,   -0.000171,    0.000000
  151    -0.000011,    0.000689,    0.000000,    0.000022,   -0.000000
  152     0.000000,    0.000000,    0.001142,    0.000001,   -0.000570
  153    -0.000171,    0.000022,    0.000001,    0.000378,   -0.000000
  154     0.000000,   -0.000000,   -0.000570,   -0.000000,    0.000502
  155     0.000317,    0.000042,    0.000000,   -0.000148,   -0.000000
  156     0.000052,   -0.000106,   -0.000000,   -0.000072,    0.000000
  157     0.000000,   -0.000000,   -0.000105,   -0.000000,    0.000117
  158     0.000001,    0.000046,    0.000000,    0.000026,   -0.000000
  159     0.000000,   -0.000000,   -0.000088,   -0.000000,    0.000098
  160     0.000038,   -0.000083,   -0.000000,   -0.000032,    0.000000
  161     0.000000,    0.000000,    0.000071,    0.000000,   -0.000054
  162    -0.000042,   -0.000051,   -0.000000,   -0.000036,    0.000000
  163    -0.001814,   -0.000333,    0.004896,    0.001553,   -0.000283
  164    -0.002277,   -0.000411,    0.005899,    0.001837,   -0.000335
  165    -0.000702,   -0.000244,    0.002333,    0.000558,   -0.000517
  166    -0.000011,    0.000161,    0.000006,    0.000000,   -0.000027
  167    -0.000025,   -0.000028,    0.000318,   -0.000003,    0.000014
  168    -0.000177,   -0.000029,    0.000265,    0.000157,   -0.000007
  169    -0.000037,    0.000284,   -0.000055,    0.000024,   -0.000000
  170     0.000038,   -0.000053,    0.000254,   -0.000118,    0.000074
  171    -0.000197,   -0.000046,    0.000029,    0.000137,    0.000060
  172    -0.000007,    0.000050,    0.000005,    0.000004,   -0.000012
  173    -0.000003,   -0.000015,    0.000053,   -0.000009,    0.000003
  174    -0.000044,   -0.000001,   -0.000015,    0.000042,   -0.000008
  175    -0.000012,    0.000065,   -0.000000,    0.000002,   -0.000009
  176    -0.000006,    0.000011,   -0.000029,    0.000018,   -0.000009
  177     0.001558,    0.003267,    0.000001,   -0.002230,    0.000001
  178     0.002148,    0.003734,    0.000001,   -0.002426,    0.000001
  179     0.000713,    0.001273,    0.000000,   -0.000799,    0.000000
  180    -0.000152,   -0.000154,   -0.000000,    0.000233,   -0.000000
  181    -0.000006,   -0.000238,    0.000000,    0.000033,    0.000000
  182    -0.000000,   -0.000000,   -0.000189,   -0.000000,   -0.000004
  183    -0.000212,    0.000082,   -0.000000,    0.000191,   -0.000000
  184     0.000053,   -0.000178,    0.000000,   -0.000103,    0.000000
  185    -0.000000,    0.000000,   -0.000326,   -0.000001,   -0.000033
  186    -0.000000,    0.000032,   -0.000000,   -0.000004,    0.000000
  187     0.000000,    0.000000,    0.000054,    0.000000,   -0.000003
  188    -0.000009,   -0.000005,    0.000000,    0.000015,   -0.000000
  189     0.000000,   -0.000000,    0.000058,    0.000000,    0.000013
  190     0.000042,   -0.000053,    0.000000,   -0.000063,    0.000000
  191    -0.001819,   -0.000331,   -0.004896,    0.001540,    0.000282
  192    -0.002283,   -0.000408,   -0.005899,    0.001821,    0.000334
  193    -0.000704,   -0.000243,   -0.002332,    0.000552,    0.000517
  194    -0.000011,    0.000161,   -0.000006,    0.000000,    0.000027
  195    -0.000025,   -0.000028,   -0.000318,   -0.000004,   -0.000014
  196     0.000177,    0.000029,    0.000265,   -0.000156,   -0.000007
  197    -0.000037,    0.000284,    0.000055,    0.000024,   -0.000000
  198     0.000038,   -0.000053,   -0.000254,   -0.000119,   -0.000073
  199     0.000197,    0.000046,    0.000029,   -0.000137,    0.000060
  200    -0.000007,    0.000050,   -0.000005,    0.000004,    0.000012
  201     0.000003,    0.000015,    0.000053,    0.000009,    0.000003
  202    -0.000044,   -0.000001,    0.000015,    0.000042,    0.000008
  203     0.000012,   -0.000065,   -0.000000,   -0.000002,   -0.000009
  204    -0.000006,    0.000011,    0.000029,    0.000018,    0.000009
               155,         156,         157,         158,         159
    0    -0.000626,    0.000217,    0.000000,   -0.000060,   -0.000000
    1    -0.001425,    0.000381,    0.000000,   -0.000156,   -0.000000
    2     0.002858,   -0.000441,   -0.000000,    0.000368,    0.000000
    3     0.002202,   -0.000438,    0.000000,    0.000307,    0.000000
    4     0.000222,    0.000163,    0.000000,   -0.000075,    0.000000
    5     0.007499,   -0.000466,   -0.000000,    0.000930,    0.000000
    6     0.001607,    0.000051,   -0.000000,   -0.000032,    0.000000
    7     0.000003,   -0.000000,    0.000334,    0.000000,   -0.000149
    8     0.005041,   -0.000292,   -0.000000,    0.000619,    0.000000
    9     0.000881,   -0.000044,   -0.000000,   -0.000007,   -0.000000
   10     0.000002,   -0.000000,    0.000273,    0.000000,   -0.000064
   11     0.001240,   -0.000086,   -0.000000,    0.000156,    0.000000
   12     0.000444,    0.000090,    0.000000,   -0.000040,    0.000000
   13     0.000001,   -0.000000,    0.000146,    0.000000,    0.000038
   14     0.000234,   -0.000056,   -0.000000,    0.000054,    0.000000
   15    -0.000000,    0.000000,   -0.000064,   -0.000000,   -0.000037
   16    -0.000124,   -0.000014,   -0.000000,    0.000002,   -0.000000
   17     0.000000,   -0.000000,   -0.000051,    0.000000,   -0.000042
   18     0.000239,    0.000061,   -0.000000,   -0.000016,   -0.000000
   19     0.000213,   -0.000061,   -0.000000,    0.000061,    0.000000
   20     0.000000,    0.000000,   -0.000146,   -0.000000,   -0.000106
   21    -0.000050,    0.000026,   -0.000000,   -0.000010,   -0.000000
   22     0.000000,    0.000000,   -0.000116,   -0.000000,   -0.000097
   23     0.000405,    0.000109,   -0.000000,   -0.000029,   -0.000000
   24     0.000109,   -0.000008,    0.000000,    0.000013,    0.000000
   25     0.000000,   -0.000000,   -0.000025,    0.000000,   -0.000022
   26    -0.000029,    0.000013,   -0.000000,   -0.000009,   -0.000000
   27    -0.000000,    0.000000,    0.000022,   -0.000000,    0.000019
   28    -0.000080,   -0.000003,    0.000000,   -0.000005,   -0.000000
   29    -0.000000,    0.000000,   -0.000014,   -0.000000,   -0.000011
   30     0.000093,    0.000037,    0.000000,   -0.000012,   -0.000000
   31    -0.000140,   -0.000143,    0.000207,    0.000077,    0.000021
   32    -0.000389,   -0.000205,    0.000238,    0.000093,    0.000016
   33    -0.000214,   -0.000094,    0.000161,    0.000039,    0.000077
   34     0.000121,   -0.000005,   -0.000005,    0.000013,   -0.000005
   35     0.000022,   -0.000006,    0.000007,    0.000004,   -0.000005
   36     0.000013,    0.000011,   -0.000010,   -0.000006,    0.000000
   37     0.000229,   -0.000002,   -0.000003,    0.000021,   -0.000004
   38     0.000021,   -0.000014,   -0.000007,    0.000006,   -0.000017
   39     0.000020,    0.000016,    0.000013,   -0.000008,    0.000014
   40     0.000036,   -0.000001,   -0.000003,    0.000004,   -0.000002
   41    -0.000006,    0.000001,   -0.000001,   -0.000001,    0.000001
   42    -0.000013,   -0.000002,    0.000001,    0.000001,    0.000002
   43    -0.000058,   -0.000001,    0.000002,   -0.000005,    0.000002
   44     0.000002,    0.000004,    0.000000,   -0.000002,    0.000001
   45    -0.000142,   -0.000143,   -0.000207,    0.000076,   -0.000021
   46    -0.000392,   -0.000205,   -0.000238,    0.000093,   -0.000016
   47    -0.000215,   -0.000094,   -0.000161,    0.000038,   -0.000078
   48     0.000121,   -0.000005,    0.000005,    0.000013,    0.000005
   49     0.000022,   -0.000006,   -0.000007,    0.000004,    0.000005
   50    -0.000013,   -0.000011,   -0.000010,    0.000006,    0.000000
   51     0.000229,   -0.000002,    0.000003,    0.000021,    0.000004
   52     0.000021,   -0.000013,    0.000007,    0.000006,    0.000017
   53    -0.000020,   -0.000016,    0.000013,    0.000008,    0.000014
   54     0.000036,   -0.000001,    0.000003,    0.000004,    0.000002
   55     0.000006,   -0.000001,   -0.000001,    0.000001,    0.000001
   56    -0.000013,   -0.000002,   -0.000001,    0.000001,   -0.000002
   57     0.000058,    0.000001,    0.000002,    0.000005,    0.000002
   58     0.000002,    0.000004,   -0.000000,   -0.000002,   -0.000001
   59    -0.001470,    0.000188,    0.000000,   -0.000301,   -0.000000
   60    -0.001596,    0.000370,    0.000000,   -0.000402,    0.000000
   61    -0.000411,    0.000140,    0.000000,   -0.000128,   -0.000000
   62    -0.000074,    0.000002,    0.000000,   -0.000015,   -0.000000
   63     0.000131,   -0.000015,   -0.000000,    0.000022,    0.000000
   64     0.000000,   -0.000000,    0.000006,    0.000000,   -0.000002
   65     0.000048,    0.000018,    0.000000,   -0.000007,    0.000000
   66     0.000129,   -0.000027,   -0.000000,    0.000023,   -0.000000
   67     0.000000,   -0.000000,    0.000004,    0.000000,   -0.000008
   68     0.000018,   -0.000004,   -0.000000,    0.000004,   -0.000000
   69    -0.000000,    0.000000,   -0.000002,   -0.000000,   -0.000000
   70     0.000006,   -0.000001,   -0.000000,    0.000002,    0.000000
   71     0.000000,   -0.000000,   -0.000000,    0.000000,   -0.000003
   72     0.000022,   -0.000007,   -0.000000,    0.000005,    0.000000
   73     0.000080,   -0.000809,    0.000000,    0.000103,   -0.000000
   74     0.000015,   -0.001234,    0.000000,    0.000237,   -0.000001
   75     0.000236,    0.000719,    0.000000,   -0.000446,    0.000000
   76     0.000397,    0.000609,    0.000000,   -0.000260,    0.000000
   77    -0.001631,   -0.000399,    0.000000,    0.000112,    0.000000
   78    -0.001712,    0.002526,    0.000000,   -0.001545,   -0.000000
   79    -0.011343,   -0.002206,    0.000000,    0.000354,    0.000000
   80     0.000002,   -0.000001,   -0.002990,    0.000000,   -0.002487
   81    -0.001136,    0.001647,    0.000000,   -0.000977,   -0.000000
   82    -0.007917,   -0.001575,    0.000000,    0.000227,    0.000000
   83     0.000001,   -0.000000,   -0.002040,    0.000000,   -0.001690
   84    -0.000259,    0.000331,    0.000000,   -0.000169,    0.000000
   85    -0.001781,   -0.000318,    0.000000,    0.000017,   -0.000000
   86     0.000000,   -0.000000,   -0.000586,    0.000000,   -0.000481
   87     0.000147,   -0.000147,   -0.000000,    0.000102,    0.000000
   88     0.000000,   -0.000000,   -0.000109,   -0.000000,   -0.000084
   89    -0.000437,   -0.000099,   -0.000000,    0.000029,   -0.000000
   90    -0.000000,    0.000000,   -0.000019,   -0.000000,   -0.000008
   91     0.000264,    0.000070,   -0.000000,   -0.000029,   -0.000000
   92     0.000234,   -0.000193,   -0.000000,    0.000128,    0.000000
   93     0.000000,   -0.000000,   -0.000079,   -0.000000,   -0.000045
   94    -0.000628,   -0.000162,   -0.000000,    0.000044,   -0.000000
   95    -0.000000,    0.000000,   -0.000047,   -0.000000,   -0.000020
   96     0.000186,    0.000082,   -0.000000,   -0.000047,   -0.000000
   97    -0.000123,   -0.000034,   -0.000000,    0.000009,   -0.000000
   98     0.000000,   -0.000000,    0.000010,    0.000000,    0.000004
   99     0.000056,    0.000015,    0.000000,   -0.000005,   -0.000000
  100    -0.000000,   -0.000000,    0.000016,   -0.000000,    0.000016
  101     0.000013,   -0.000030,   -0.000000,    0.000015,   -0.000000
  102    -0.000000,    0.000000,   -0.000004,    0.000000,   -0.000005
  103     0.000054,   -0.000002,    0.000000,    0.000005,    0.000000
  104    -0.002905,   -0.000437,    0.001041,    0.000020,    0.000855
  105    -0.003288,   -0.000479,    0.001260,    0.000031,    0.001038
  106    -0.000855,   -0.000134,    0.000379,    0.000015,    0.000297
  107    -0.000020,    0.000038,    0.000002,   -0.000022,    0.000001
  108     0.000055,    0.000000,   -0.000080,    0.000003,   -0.000067
  109    -0.000296,   -0.000044,    0.000058,    0.000002,    0.000048
  110    -0.000031,    0.000066,    0.000001,   -0.000038,    0.000001
  111    -0.000134,   -0.000045,   -0.000083,    0.000009,   -0.000072
  112    -0.000286,   -0.000029,    0.000025,   -0.000001,    0.000024
  113     0.000006,   -0.000012,   -0.000001,    0.000007,   -0.000000
  114     0.000009,   -0.000003,   -0.000014,    0.000002,   -0.000011
  115    -0.000073,   -0.000012,   -0.000007,    0.000002,   -0.000006
  116    -0.000007,    0.000017,    0.000001,   -0.000009,    0.000000
  117    -0.000024,   -0.000006,   -0.000011,    0.000000,   -0.000009
  118    -0.002902,   -0.000438,   -0.001041,    0.000020,   -0.000855
  119    -0.003283,   -0.000479,   -0.001261,    0.000031,   -0.001038
  120    -0.000854,   -0.000134,   -0.000379,    0.000015,   -0.000297
  121    -0.000020,    0.000038,   -0.000002,   -0.000022,   -0.000001
  122     0.000055,    0.000000,    0.000080,    0.000003,    0.000067
  123     0.000296,    0.000044,    0.000058,   -0.000002,    0.000048
  124    -0.000031,    0.000066,   -0.000001,   -0.000038,   -0.000001
  125    -0.000134,   -0.000045,    0.000083,    0.000009,    0.000072
  126     0.000285,    0.000028,    0.000025,    0.000001,    0.000024
  127     0.000006,   -0.000012,    0.000001,    0.000007,    0.000000
  128    -0.000009,    0.000003,   -0.000014,   -0.000002,   -0.000011
  129    -0.000073,   -0.000012,    0.000007,    0.000002,    0.000006
  130     0.000007,   -0.000017,    0.000001,    0.000009,    0.000000
  131    -0.000024,   -0.000006,    0.000011,    0.000000,    0.000009
  132    -0.001854,    0.000473,    0.000001,   -0.001527,   -0.000002
  133    -0.002862,   -0.000174,    0.000001,   -0.001244,   -0.000002
  134     0.001973,    0.003782,    0.000001,   -0.003657,   -0.000004
  135     0.001490,    0.002924,    0.000001,   -0.002845,   -0.000003
  136     0.000219,    0.000316,    0.000000,   -0.000431,   -0.000001
  137    -0.002230,   -0.001894,   -0.000000,    0.000336,   -0.000001
  138     0.003931,    0.001292,    0.000000,   -0.000243,    0.000001
  139    -0.000003,    0.000001,   -0.000813,    0.000000,   -0.000640
  140    -0.001516,   -0.001256,   -0.000000,    0.000237,   -0.000000
  141     0.002542,    0.000859,    0.000000,   -0.000182,    0.000001
  142    -0.000003,    0.000001,   -0.000518,    0.000000,   -0.000403
  143    -0.000217,   -0.000309,   -0.000000,    0.000080,   -0.000000
  144     0.000955,    0.000241,    0.000000,   -0.000043,    0.000000
  145    -0.000001,    0.000000,   -0.000086,   -0.000000,   -0.000060
  146     0.000015,   -0.000091,   -0.000000,    0.000030,   -0.000000
  147     0.000000,   -0.000000,   -0.000021,    0.000000,   -0.000018
  148    -0.000206,   -0.000064,    0.000000,    0.000013,   -0.000000
  149     0.000000,    0.000000,    0.000049,   -0.000000,    0.000041
  150     0.000317,    0.000052,    0.000000,    0.000001,    0.000000
  151     0.000042,   -0.000106,   -0.000000,    0.000046,   -0.000000
  152     0.000000,   -0.000000,   -0.000105,    0.000000,   -0.000088
  153    -0.000148,   -0.000072,   -0.000000,    0.000026,   -0.000000
  154    -0.000000,    0.000000,    0.000117,   -0.000000,    0.000098
  155     0.000505,    0.000070,   -0.000000,    0.000003,   -0.000000
  156     0.000070,    0.000071,    0.000000,   -0.000052,   -0.000000
  157    -0.000000,    0.000000,    0.000029,   -0.000000,    0.000024
  158     0.000003,   -0.000052,   -0.000000,    0.000053,    0.000000
  159    -0.000000,   -0.000000,    0.000024,    0.000000,    0.000020
  160     0.000055,    0.000028,    0.000000,   -0.000011,   -0.000000
  161     0.000000,   -0.000000,   -0.000012,    0.000000,   -0.000010
  162    -0.000112,   -0.000000,    0.000000,   -0.000007,    0.000000
  163    -0.000835,    0.000326,    0.000194,   -0.000602,    0.000150
  164    -0.001155,    0.000211,    0.000231,   -0.000527,    0.000184
  165    -0.000496,   -0.000010,   -0.000026,   -0.000081,   -0.000020
  166    -0.000040,   -0.000031,   -0.000008,    0.000008,   -0.000006
  167     0.000012,    0.000039,    0.000022,   -0.000040,    0.000018
  168    -0.000074,    0.000024,    0.000013,   -0.000050,    0.000010
  169    -0.000098,   -0.000057,   -0.000001,    0.000010,   -0.000003
  170     0.000054,    0.000050,    0.000036,   -0.000035,    0.000030
  171    -0.000059,    0.000017,    0.000019,   -0.000035,    0.000016
  172    -0.000014,   -0.000010,   -0.000003,    0.000002,   -0.000003
  173     0.000010,    0.000009,    0.000004,   -0.000007,    0.000003
  174    -0.000024,   -0.000004,   -0.000003,   -0.000002,   -0.000003
  175    -0.000028,   -0.000014,   -0.000003,    0.000002,   -0.000002
  176     0.000000,   -0.000006,   -0.000005,    0.000004,   -0.000003
  177     0.000944,    0.000368,    0.000000,   -0.000585,   -0.000001
  178     0.001384,    0.000272,    0.000000,   -0.000477,   -0.000000
  179     0.000557,    0.000012,    0.000000,   -0.000048,   -0.000000
  180    -0.000087,   -0.000055,   -0.000000,    0.000057,    0.000000
  181    -0.000007,    0.000001,   -0.000000,    0.000030,    0.000000
  182    -0.000000,    0.000000,   -0.000012,    0.000000,   -0.000009
  183    -0.000152,   -0.000073,   -0.000000,    0.000045,   -0.000000
  184     0.000016,    0.000024,   -0.000000,    0.000013,    0.000000
  185    -0.000000,    0.000000,   -0.000029,    0.000000,   -0.000023
  186     0.000010,    0.000000,   -0.000000,   -0.000004,   -0.000000
  187     0.000000,   -0.000000,    0.000002,   -0.000000,    0.000002
  188    -0.000009,   -0.000004,    0.000000,    0.000004,    0.000000
  189     0.000000,    0.000000,    0.000007,   -0.000000,    0.000006
  190     0.000020,    0.000019,    0.000000,   -0.000008,    0.000000
  191    -0.000839,    0.000327,   -0.000193,   -0.000602,   -0.000152
  192    -0.001159,    0.000211,   -0.000231,   -0.000527,   -0.000186
  193    -0.000498,   -0.000010,    0.000026,   -0.000081,    0.000019
  194    -0.000040,   -0.000031,    0.000008,    0.000008,    0.000006
  195     0.000012,    0.000039,   -0.000022,   -0.000040,   -0.000018
  196     0.000074,   -0.000024,    0.000013,    0.000050,    0.000010
  197    -0.000098,   -0.000057,    0.000001,    0.000010,    0.000003
  198     0.000054,    0.000050,   -0.000036,   -0.000035,   -0.000030
  199     0.000059,   -0.000017,    0.000019,    0.000035,    0.000016
  200    -0.000014,   -0.000010,    0.000003,    0.000002,    0.000003
  201    -0.000010,   -0.000009,    0.000004,    0.000007,    0.000003
  202    -0.000024,   -0.000004,    0.000003,   -0.000002,    0.000003
  203     0.000028,    0.000014,   -0.000003,   -0.000002,   -0.000002
  204     0.000000,   -0.000006,    0.000005,    0.000004,    0.000003
               160,         161,         162,         163,         164
    0    -0.000123,   -0.000000,    0.000359,    0.001320,    0.002948
    1    -0.000173,   -0.000000,    0.000678,    0.002858,    0.005419
    2     0.000046,    0.000000,   -0.000951,   -0.006219,   -0.008355
    3    -0.000045,    0.000000,   -0.000813,   -0.002496,   -0.003695
    4     0.000095,    0.000000,    0.000075,   -0.001934,   -0.002325
    5     0.000044,    0.000000,   -0.002333,   -0.007322,   -0.008811
    6     0.000184,   -0.000000,   -0.000892,   -0.001601,   -0.007217
    7     0.000000,    0.000457,   -0.000000,    0.002309,   -0.001330
    8     0.000041,    0.000000,   -0.001508,   -0.006451,   -0.007672
    9     0.000073,   -0.000000,   -0.000630,    0.001456,   -0.001742
   10     0.000000,    0.000295,   -0.000000,    0.002496,    0.000210
   11    -0.000012,    0.000000,   -0.000365,   -0.001293,   -0.001457
   12     0.000075,   -0.000000,   -0.000159,   -0.001466,   -0.002858
   13     0.000000,    0.000055,   -0.000000,    0.001185,    0.000638
   14    -0.000017,    0.000000,   -0.000089,   -0.000195,   -0.000193
   15    -0.000000,    0.000007,    0.000000,    0.000373,    0.000611
   16    -0.000020,   -0.000000,    0.000049,    0.000058,    0.000272
   17    -0.000000,    0.000023,   -0.000000,    0.000132,    0.000164
   18     0.000047,   -0.000000,   -0.000057,   -0.000333,   -0.000587
   19    -0.000013,    0.000000,   -0.000056,   -0.001435,   -0.001662
   20     0.000000,    0.000046,   -0.000000,    0.000606,    0.000876
   21     0.000003,    0.000000,    0.000077,   -0.001477,   -0.001622
   22     0.000000,    0.000055,    0.000000,    0.000418,    0.000493
   23     0.000080,   -0.000000,   -0.000093,   -0.000142,   -0.000392
   24     0.000003,    0.000000,   -0.000037,   -0.000143,   -0.000205
   25     0.000000,    0.000014,    0.000000,    0.000207,    0.000238
   26     0.000005,   -0.000000,    0.000012,    0.000076,    0.000093
   27     0.000000,   -0.000011,    0.000000,   -0.000021,   -0.000016
   28    -0.000007,   -0.000000,    0.000023,    0.000073,    0.000112
   29     0.000000,    0.000005,   -0.000000,   -0.000117,   -0.000139
   30     0.000023,    0.000000,   -0.000012,   -0.000101,   -0.000145
   31    -0.000073,    0.000117,    0.000101,   -0.000373,   -0.000676
   32    -0.000112,    0.000139,    0.000145,   -0.000684,   -0.001042
   33    -0.000060,   -0.000003,    0.000062,   -0.001974,   -0.002445
   34     0.000002,    0.000004,   -0.000036,   -0.000058,   -0.000076
   35    -0.000000,    0.000012,   -0.000007,   -0.000013,   -0.000118
   36     0.000005,   -0.000008,   -0.000011,    0.000010,   -0.000026
   37     0.000009,    0.000000,   -0.000073,   -0.000658,   -0.000818
   38    -0.000000,    0.000019,   -0.000019,    0.000049,   -0.000100
   39     0.000005,   -0.000009,   -0.000007,    0.000161,    0.000102
   40     0.000001,    0.000002,   -0.000011,   -0.000034,   -0.000046
   41    -0.000001,   -0.000002,    0.000002,    0.000042,    0.000070
   42    -0.000002,   -0.000002,    0.000006,   -0.000016,    0.000019
   43    -0.000003,   -0.000001,    0.000016,    0.000069,    0.000090
   44     0.000002,   -0.000002,    0.000001,   -0.000081,   -0.000077
   45    -0.000073,   -0.000117,    0.000101,    0.000268,    0.003013
   46    -0.000112,   -0.000139,    0.000145,    0.003013,    0.006931
   47    -0.000060,    0.000004,    0.000062,    0.002379,    0.003895
   48     0.000002,   -0.000004,   -0.000036,   -0.000154,   -0.000175
   49    -0.000000,   -0.000012,   -0.000007,   -0.000101,   -0.000009
   50    -0.000005,   -0.000008,    0.000011,   -0.000034,    0.000161
   51     0.000009,   -0.000000,   -0.000073,    0.000779,    0.000948
   52    -0.000000,   -0.000019,   -0.000019,    0.000143,    0.000231
   53    -0.000005,   -0.000009,    0.000007,    0.000385,    0.000620
   54     0.000001,   -0.000002,   -0.000011,   -0.000032,   -0.000038
   55     0.000001,   -0.000002,   -0.000002,    0.000017,    0.000036
   56    -0.000002,    0.000002,    0.000006,   -0.000030,   -0.000015
   57     0.000003,   -0.000001,   -0.000016,   -0.000058,   -0.000069
   58     0.000002,    0.000002,    0.000001,    0.000142,    0.000167
   59     0.000105,   -0.000000,    0.000377,    0.000959,   -0.000481
   60     0.000219,   -0.000000,    0.000543,   -0.002595,   -0.005142
   61     0.000086,   -0.000000,    0.000114,    0.000670,    0.000198
   62     0.000004,   -0.000000,    0.000011,    0.000008,   -0.000147
   63    -0.000006,    0.000000,   -0.000042,   -0.000081,   -0.000063
   64     0.000000,    0.000007,   -0.000000,    0.000095,    0.000052
   65     0.000022,    0.000000,    0.000009,   -0.001201,   -0.001611
   66    -0.000014,   -0.000000,   -0.000071,    0.000719,    0.000833
   67    -0.000000,    0.000016,   -0.000000,    0.000142,    0.000054
   68    -0.000002,    0.000000,   -0.000008,    0.000035,    0.000050
   69     0.000000,   -0.000001,    0.000000,   -0.000018,   -0.000005
   70    -0.000002,   -0.000000,   -0.000002,    0.000014,    0.000027
   71    -0.000000,    0.000004,   -0.000000,    0.000070,    0.000061
   72    -0.000002,    0.000000,   -0.000012,   -0.000045,   -0.000088
   73    -0.000794,   -0.000000,   -0.000354,    0.002473,    0.002833
   74    -0.001204,   -0.000000,   -0.000550,    0.005418,    0.006619
   75     0.000695,   -0.000000,    0.000427,   -0.010214,   -0.013465
   76     0.000655,    0.000000,    0.000324,   -0.013844,   -0.017306
   77    -0.000254,   -0.000000,    0.000373,    0.000637,    0.001753
   78     0.001171,   -0.000000,    0.001963,   -0.012470,   -0.015277
   79    -0.001587,   -0.000000,    0.002587,    0.013935,    0.021797
   80    -0.000000,    0.001401,   -0.000000,    0.012760,    0.015291
   81     0.000783,   -0.000000,    0.001338,   -0.010926,   -0.013064
   82    -0.001172,   -0.000000,    0.001750,    0.011900,    0.017722
   83    -0.000000,    0.000956,   -0.000000,    0.010888,    0.013137
   84     0.000177,   -0.000000,    0.000309,   -0.003513,   -0.003978
   85    -0.000243,   -0.000000,    0.000385,    0.004142,    0.005676
   86    -0.000000,    0.000275,    0.000000,    0.004457,    0.005421
   87    -0.000069,    0.000000,   -0.000091,   -0.000744,   -0.000781
   88    -0.000000,    0.000051,   -0.000000,    0.002510,    0.003092
   89    -0.000064,    0.000000,    0.000090,    0.000623,    0.001017
   90    -0.000000,   -0.000012,    0.000000,   -0.001993,   -0.002333
   91     0.000035,    0.000000,   -0.000027,   -0.001559,   -0.002157
   92    -0.000100,    0.000000,   -0.000124,   -0.001279,   -0.001436
   93    -0.000000,    0.000038,    0.000000,    0.006571,    0.008131
   94    -0.000117,    0.000000,    0.000101,    0.001704,    0.002441
   95     0.000000,   -0.000029,    0.000000,   -0.004950,   -0.005796
   96     0.000032,    0.000000,    0.000049,   -0.003714,   -0.004902
   97    -0.000028,   -0.000000,    0.000015,    0.000537,    0.000717
   98    -0.000000,    0.000006,   -0.000000,    0.001040,    0.001218
   99     0.000014,   -0.000000,   -0.000012,   -0.000046,   -0.000078
  100    -0.000000,   -0.000007,    0.000000,    0.000867,    0.001077
  101    -0.000015,   -0.000000,   -0.000027,    0.000267,    0.000297
  102     0.000000,    0.000002,    0.000000,   -0.000471,   -0.000585
  103    -0.000007,    0.000000,    0.000007,   -0.000813,   -0.000949
  104    -0.000267,   -0.000488,    0.000731,   -0.005182,   -0.005134
  105    -0.000279,   -0.000591,    0.000837,   -0.004798,   -0.004423
  106    -0.000074,   -0.000178,    0.000181,   -0.004680,   -0.005357
  107     0.000018,    0.000001,    0.000032,   -0.000087,   -0.000106
  108    -0.000003,    0.000038,   -0.000020,    0.000379,    0.000438
  109    -0.000028,   -0.000027,    0.000076,   -0.000150,   -0.000064
  110     0.000030,    0.000001,    0.000054,   -0.000326,   -0.000381
  111    -0.000041,    0.000039,    0.000014,    0.000028,    0.000065
  112    -0.000013,   -0.000012,    0.000087,    0.000708,    0.000988
  113    -0.000005,   -0.000001,   -0.000009,   -0.000051,   -0.000057
  114    -0.000004,    0.000006,   -0.000005,    0.000054,    0.000063
  115    -0.000008,    0.000003,    0.000018,    0.000032,    0.000067
  116     0.000008,    0.000000,    0.000015,   -0.000108,   -0.000124
  117    -0.000006,    0.000005,    0.000004,    0.000024,    0.000031
  118    -0.000267,    0.000488,    0.000730,    0.010623,    0.014090
  119    -0.000279,    0.000591,    0.000836,    0.012403,    0.016454
  120    -0.000074,    0.000178,    0.000181,    0.009759,    0.012407
  121     0.000018,   -0.000001,    0.000032,   -0.000551,   -0.000650
  122    -0.000003,   -0.000038,   -0.000020,   -0.000147,   -0.000187
  123     0.000028,   -0.000027,   -0.000076,   -0.000586,   -0.000827
  124     0.000030,   -0.000001,    0.000054,   -0.000589,   -0.000688
  125    -0.000041,   -0.000039,    0.000014,    0.000703,    0.000932
  126     0.000013,   -0.000012,   -0.000087,    0.000706,    0.000772
  127    -0.000005,    0.000001,   -0.000009,    0.000155,    0.000185
  128     0.000004,    0.000006,    0.000005,    0.000001,   -0.000000
  129    -0.000008,   -0.000003,    0.000018,    0.000113,    0.000171
  130    -0.000008,    0.000000,   -0.000015,    0.000221,    0.000257
  131    -0.000006,   -0.000005,    0.000004,    0.000045,    0.000061
  132    -0.000678,   -0.000001,   -0.000339,   -0.016997,   -0.030420
  133    -0.001093,   -0.000001,   -0.000444,   -0.036302,   -0.054008
  134     0.000927,   -0.000001,   -0.000025,    0.065930,    0.065834
  135     0.000690,   -0.000001,   -0.000034,    0.055404,    0.056378
  136     0.000002,   -0.000000,   -0.000176,    0.010163,    0.009986
  137    -0.001771,    0.000000,    0.000307,    0.000712,   -0.000468
  138     0.000593,    0.000001,    0.001137,   -0.082292,   -0.099919
  139     0.000000,   -0.000243,   -0.000000,   -0.118378,   -0.142624
  140    -0.001172,    0.000000,    0.000250,   -0.003009,   -0.004377
  141     0.000366,    0.000001,    0.000780,   -0.052476,   -0.063614
  142     0.000000,   -0.000187,   -0.000000,   -0.080756,   -0.097258
  143    -0.000284,    0.000000,    0.000066,   -0.002419,   -0.003028
  144     0.000104,    0.000000,    0.000129,   -0.014761,   -0.018135
  145     0.000000,   -0.000085,   -0.000000,   -0.023131,   -0.027830
  146    -0.000077,    0.000000,   -0.000029,   -0.000057,   -0.000149
  147    -0.000000,    0.000033,    0.000000,    0.004913,    0.005926
  148    -0.000036,   -0.000000,   -0.000026,    0.002879,    0.003515
  149    -0.000000,   -0.000024,    0.000000,   -0.000386,   -0.000461
  150     0.000038,    0.000000,   -0.000042,   -0.001814,   -0.002277
  151    -0.000083,    0.000000,   -0.000051,   -0.000333,   -0.000411
  152    -0.000000,    0.000071,   -0.000000,    0.004896,    0.005899
  153    -0.000032,    0.000000,   -0.000036,    0.001553,    0.001837
  154     0.000000,   -0.000054,    0.000000,   -0.000283,   -0.000335
  155     0.000055,    0.000000,   -0.000112,   -0.000835,   -0.001155
  156     0.000028,   -0.000000,   -0.000000,    0.000326,    0.000211
  157     0.000000,   -0.000012,    0.000000,    0.000194,    0.000231
  158    -0.000011,    0.000000,   -0.000007,   -0.000602,   -0.000527
  159    -0.000000,   -0.000010,    0.000000,    0.000150,    0.000184
  160     0.000019,   -0.000000,   -0.000005,   -0.000011,   -0.000042
  161    -0.000000,    0.000007,    0.000000,    0.000127,    0.000147
  162    -0.000005,    0.000000,    0.000044,   -0.000232,   -0.000235
  163    -0.000011,    0.000127,   -0.000232,    0.076360,    0.089879
  164    -0.000042,    0.000147,   -0.000235,    0.089879,    0.106760
  165    -0.000023,    0.000086,   -0.000019,    0.025790,    0.031033
  166    -0.000028,    0.000002,    0.000009,   -0.000418,   -0.000508
  167     0.000008,    0.000006,   -0.000004,    0.004292,    0.005030
  168    -0.000002,    0.000006,   -0.000026,    0.005698,    0.006692
  169    -0.000053,    0.000002,    0.000021,   -0.000703,   -0.000902
  170     0.000018,   -0.000001,    0.000015,    0.003610,    0.004279
  171     0.000002,   -0.000006,   -0.000027,    0.004692,    0.005593
  172    -0.000009,    0.000001,    0.000002,   -0.000087,   -0.000107
  173     0.000004,    0.000001,   -0.000001,    0.000855,    0.001017
  174    -0.000003,    0.000000,   -0.000005,    0.000426,    0.000510
  175    -0.000012,    0.000001,    0.000006,   -0.000151,   -0.000184
  176    -0.000002,   -0.000000,   -0.000006,   -0.000334,   -0.000394
  177    -0.000278,    0.000000,    0.000292,   -0.008130,   -0.012964
  178    -0.000323,    0.000000,    0.000289,   -0.013782,   -0.019793
  179    -0.000101,    0.000000,    0.000035,   -0.005749,   -0.007517
  180     0.000005,   -0.000000,   -0.000038,    0.000869,    0.001296
  181     0.000029,    0.000000,   -0.000002,   -0.000636,   -0.000587
  182     0.000000,   -0.000004,   -0.000000,   -0.001784,   -0.002148
  183    -0.000026,   -0.000000,   -0.000034,    0.001008,    0.001421
  184     0.000032,    0.000000,    0.000014,   -0.001654,   -0.001849
  185     0.000000,   -0.000005,   -0.000000,   -0.003350,   -0.004035
  186    -0.000003,   -0.000000,   -0.000001,    0.000280,    0.000314
  187    -0.000000,    0.000002,   -0.000000,    0.000472,    0.000568
  188    -0.000000,   -0.000000,   -0.000002,   -0.000049,   -0.000045
  189     0.000000,    0.000000,    0.000000,    0.000664,    0.000799
  190     0.000010,    0.000000,    0.000014,   -0.000456,   -0.000555
  191    -0.000011,   -0.000128,   -0.000232,   -0.008562,   -0.012483
  192    -0.000042,   -0.000148,   -0.000236,   -0.012485,   -0.016729
  193    -0.000023,   -0.000086,   -0.000019,   -0.006990,   -0.008588
  194    -0.000028,   -0.000002,    0.000009,    0.000010,    0.000006
  195     0.000008,   -0.000006,   -0.000004,   -0.001870,   -0.002397
  196     0.000002,    0.000006,    0.000026,   -0.000937,   -0.000955
  197    -0.000053,   -0.000002,    0.000021,    0.000271,    0.000322
  198     0.000018,    0.000001,    0.000015,   -0.002532,   -0.003134
  199    -0.000002,   -0.000006,    0.000027,   -0.002976,   -0.003501
  200    -0.000009,   -0.000001,    0.000002,    0.000057,    0.000068
  201    -0.000004,    0.000001,    0.000001,    0.000182,    0.000236
  202    -0.000003,   -0.000000,   -0.000005,    0.000877,    0.001055
  203     0.000012,    0.000001,   -0.000006,   -0.000034,   -0.000041
  204    -0.000002,    0.000000,   -0.000006,    0.000387,    0.000467
               165,         166,         167,         168,         169
    0     0.001819,   -0.000096,    0.000102,    0.000106,    0.000009
    1     0.003100,   -0.000191,    0.000170,    0.000234,   -0.000030
    2    -0.003624,    0.000328,   -0.000184,   -0.000543,    0.000241
    3    -0.002274,    0.000355,   -0.000081,   -0.000184,    0.000377
    4    -0.000750,   -0.000060,    0.000040,   -0.000204,   -0.000163
    5    -0.005180,    0.000613,   -0.000314,   -0.000479,    0.000342
    6    -0.002285,   -0.000020,    0.000116,   -0.000049,    0.000754
    7    -0.003967,   -0.000088,    0.000279,    0.000194,    0.001988
    8    -0.004000,    0.000443,   -0.000218,   -0.000474,    0.000271
    9    -0.000701,   -0.000009,    0.000103,    0.000216,    0.000523
   10    -0.002488,   -0.000075,    0.000269,    0.000187,    0.001342
   11    -0.000945,    0.000169,   -0.000032,   -0.000086,    0.000159
   12    -0.000889,   -0.000045,    0.000018,   -0.000131,    0.000063
   13    -0.000749,   -0.000039,    0.000130,    0.000085,    0.000373
   14    -0.000137,    0.000052,   -0.000023,   -0.000008,    0.000063
   15     0.000521,    0.000014,    0.000007,    0.000014,   -0.000083
   16     0.000095,    0.000022,   -0.000004,    0.000001,    0.000018
   17     0.000236,    0.000012,   -0.000006,    0.000004,   -0.000004
   18    -0.000211,   -0.000064,    0.000007,   -0.000031,   -0.000110
   19    -0.000512,    0.000079,   -0.000050,   -0.000129,    0.000110
   20     0.000886,    0.000033,   -0.000001,    0.000022,   -0.000078
   21    -0.000416,    0.000029,   -0.000019,   -0.000151,    0.000033
   22     0.000563,    0.000026,   -0.000004,    0.000015,    0.000001
   23    -0.000215,   -0.000121,    0.000022,   -0.000013,   -0.000229
   24    -0.000094,    0.000005,   -0.000006,   -0.000011,    0.000002
   25     0.000161,    0.000005,    0.000007,    0.000010,    0.000003
   26     0.000038,   -0.000013,    0.000004,    0.000006,   -0.000021
   27    -0.000078,   -0.000005,    0.000005,    0.000000,   -0.000004
   28     0.000060,    0.000002,    0.000000,    0.000005,    0.000009
   29     0.000004,    0.000004,   -0.000012,   -0.000008,    0.000000
   30    -0.000062,   -0.000036,    0.000007,   -0.000011,   -0.000073
   31    -0.001973,    0.000058,   -0.000013,   -0.000010,    0.000657
   32    -0.002447,    0.000076,   -0.000119,    0.000025,    0.000818
   33    -0.001721,    0.000051,   -0.000139,   -0.000090,    0.000362
   34    -0.000051,    0.000008,   -0.000002,   -0.000005,    0.000003
   35    -0.000139,    0.000002,    0.000003,   -0.000001,    0.000052
   36     0.000090,   -0.000005,    0.000001,    0.000002,   -0.000027
   37    -0.000362,    0.000003,   -0.000053,   -0.000028,   -0.000008
   38    -0.000095,    0.000005,   -0.000007,    0.000009,    0.000061
   39     0.000038,   -0.000006,    0.000031,    0.000007,    0.000007
   40    -0.000019,    0.000002,   -0.000002,   -0.000002,    0.000001
   41     0.000041,    0.000000,    0.000003,    0.000003,   -0.000007
   42     0.000008,    0.000002,   -0.000001,   -0.000003,   -0.000005
   43     0.000041,   -0.000000,    0.000002,    0.000005,    0.000004
   44    -0.000020,   -0.000004,   -0.000006,   -0.000004,   -0.000015
   45     0.002379,    0.000154,   -0.000101,   -0.000034,   -0.000779
   46     0.003895,    0.000175,   -0.000009,    0.000161,   -0.000948
   47     0.002148,    0.000111,    0.000072,    0.000118,   -0.000223
   48    -0.000111,    0.000006,   -0.000006,   -0.000009,   -0.000004
   49     0.000072,    0.000006,   -0.000008,   -0.000010,   -0.000052
   50     0.000118,    0.000009,   -0.000010,   -0.000006,   -0.000053
   51     0.000223,   -0.000004,    0.000052,    0.000053,   -0.000041
   52     0.000091,    0.000001,    0.000003,    0.000013,   -0.000047
   53     0.000148,   -0.000003,    0.000015,    0.000025,   -0.000045
   54    -0.000031,    0.000001,   -0.000000,   -0.000002,   -0.000002
   55     0.000021,   -0.000000,    0.000001,    0.000000,   -0.000012
   56    -0.000004,    0.000003,   -0.000003,   -0.000003,    0.000003
   57    -0.000043,   -0.000001,   -0.000000,   -0.000004,   -0.000008
   58     0.000047,   -0.000005,    0.000009,    0.000009,   -0.000005
   59     0.000456,   -0.000268,    0.000124,    0.000047,   -0.000089
   60    -0.000650,   -0.000378,    0.000108,   -0.000318,   -0.000213
   61     0.000284,   -0.000200,    0.000057,    0.000048,   -0.000218
   62    -0.000016,   -0.000005,    0.000007,   -0.000000,    0.000021
   63    -0.000064,    0.000020,   -0.000007,   -0.000003,    0.000020
   64    -0.000038,   -0.000002,    0.000009,    0.000006,    0.000029
   65    -0.000446,    0.000009,   -0.000011,   -0.000117,    0.000033
   66     0.000170,    0.000016,    0.000007,    0.000078,    0.000026
   67    -0.000065,   -0.000002,    0.000012,    0.000009,    0.000056
   68     0.000009,    0.000004,   -0.000001,    0.000004,    0.000005
   69     0.000016,    0.000001,   -0.000002,   -0.000001,   -0.000008
   70     0.000006,    0.000002,   -0.000001,    0.000002,    0.000002
   71     0.000008,   -0.000000,    0.000005,    0.000004,    0.000011
   72    -0.000034,    0.000008,   -0.000002,   -0.000003,    0.000018
   73     0.001063,    0.000322,    0.000063,    0.000252,    0.001085
   74     0.001847,    0.000646,    0.000131,    0.000570,    0.001886
   75    -0.001963,   -0.001012,   -0.000255,   -0.001122,   -0.002077
   76    -0.002917,   -0.001001,   -0.000521,   -0.001470,   -0.002075
   77     0.001262,    0.000219,   -0.000127,    0.000058,    0.000473
   78    -0.002710,   -0.002019,    0.000362,   -0.001575,   -0.003663
   79     0.009749,    0.001832,   -0.000372,    0.001280,    0.003706
   80     0.015504,    0.000671,    0.000026,    0.000490,   -0.000094
   81    -0.002449,   -0.001361,    0.000124,   -0.001310,   -0.002495
   82     0.007331,    0.001326,   -0.000187,    0.001106,    0.002700
   83     0.011526,    0.000450,    0.000173,    0.000455,   -0.000126
   84    -0.000733,   -0.000323,   -0.000028,   -0.000392,   -0.000600
   85     0.002055,    0.000266,    0.000010,    0.000389,    0.000532
   86     0.003885,    0.000124,    0.000144,    0.000205,   -0.000073
   87    -0.000292,    0.000144,   -0.000059,   -0.000055,    0.000240
   88     0.001452,    0.000016,    0.000146,    0.000131,   -0.000061
   89     0.000450,    0.000057,   -0.000028,    0.000059,    0.000114
   90    -0.000672,    0.000012,   -0.000148,   -0.000113,   -0.000011
   91    -0.000712,    0.000016,    0.000009,   -0.000154,    0.000038
   92    -0.000549,    0.000226,   -0.000078,   -0.000104,    0.000376
   93     0.003109,   -0.000007,    0.000444,    0.000358,   -0.000178
   94     0.000879,    0.000085,   -0.000028,    0.000164,    0.000175
   95    -0.001670,    0.000031,   -0.000367,   -0.000281,   -0.000027
   96    -0.001449,    0.000103,   -0.000011,   -0.000369,    0.000220
   97     0.000206,    0.000028,    0.000002,    0.000053,    0.000056
   98     0.000351,   -0.000006,    0.000077,    0.000059,    0.000006
   99    -0.000009,   -0.000029,   -0.000002,   -0.000006,   -0.000058
  100     0.000322,   -0.000007,    0.000066,    0.000049,   -0.000026
  101     0.000063,    0.000021,   -0.000004,    0.000029,    0.000040
  102    -0.000190,    0.000003,   -0.000035,   -0.000026,    0.000014
  103    -0.000295,    0.000039,   -0.000013,   -0.000081,    0.000057
  104    -0.004346,    0.000014,   -0.000398,   -0.000139,    0.000587
  105    -0.004880,    0.000013,   -0.000354,   -0.000050,    0.000667
  106    -0.003079,   -0.000032,   -0.000413,   -0.000132,    0.000216
  107    -0.000004,   -0.000029,    0.000020,   -0.000024,   -0.000050
  108     0.000374,    0.000022,    0.000002,    0.000022,    0.000009
  109    -0.000120,    0.000016,   -0.000024,    0.000001,    0.000062
  110    -0.000072,   -0.000045,    0.000021,   -0.000045,   -0.000082
  111     0.000295,    0.000057,   -0.000055,    0.000009,    0.000094
  112     0.000367,    0.000024,    0.000049,    0.000039,    0.000036
  113    -0.000021,    0.000008,   -0.000011,    0.000001,    0.000014
  114     0.000059,    0.000005,   -0.000002,    0.000003,    0.000006
  115     0.000064,    0.000011,   -0.000008,    0.000004,    0.000019
  116    -0.000024,   -0.000012,    0.000006,   -0.000015,   -0.000021
  117     0.000048,    0.000010,   -0.000004,    0.000002,    0.000017
  118     0.009447,    0.000454,    0.000112,    0.000586,    0.000325
  119     0.010981,    0.000553,    0.000126,    0.000721,    0.000404
  120     0.005705,    0.000094,    0.000390,    0.000613,   -0.000124
  121    -0.000161,   -0.000026,   -0.000014,   -0.000050,   -0.000052
  122    -0.000391,   -0.000014,    0.000012,    0.000004,    0.000010
  123    -0.000587,   -0.000042,    0.000006,   -0.000033,   -0.000051
  124    -0.000160,   -0.000043,    0.000001,   -0.000060,   -0.000084
  125     0.000030,    0.000014,    0.000042,    0.000059,    0.000060
  126     0.000077,   -0.000041,    0.000066,    0.000043,   -0.000080
  127     0.000049,    0.000007,    0.000004,    0.000012,    0.000015
  128     0.000055,    0.000001,   -0.000002,   -0.000002,   -0.000005
  129     0.000056,    0.000007,    0.000001,    0.000009,    0.000016
  130     0.000062,    0.000011,    0.000003,    0.000022,    0.000022
  131    -0.000015,    0.000005,    0.000004,    0.000004,    0.000015
  132    -0.007964,    0.000125,   -0.001909,   -0.002592,    0.000193
  133    -0.012867,    0.000203,   -0.003447,   -0.004708,    0.000254
  134     0.011165,   -0.000152,    0.004416,    0.006124,    0.000064
  135     0.009877,   -0.000083,    0.003633,    0.005198,    0.000146
  136     0.001694,    0.000144,    0.000501,    0.000942,    0.000313
  137    -0.003111,    0.004327,    0.000551,    0.000180,    0.008018
  138    -0.027629,    0.000971,   -0.001362,   -0.008250,    0.001443
  139    -0.044674,    0.000663,   -0.008671,   -0.006662,    0.001326
  140    -0.002957,    0.002828,    0.000190,   -0.000249,    0.005207
  141    -0.017757,    0.000707,   -0.000786,   -0.005256,    0.001070
  142    -0.030568,    0.000443,   -0.005904,   -0.004542,    0.000886
  143    -0.001296,    0.000745,    0.000030,   -0.000219,    0.001358
  144    -0.005204,    0.000234,   -0.000208,   -0.001471,    0.000373
  145    -0.008951,    0.000112,   -0.001673,   -0.001297,    0.000240
  146    -0.000211,    0.000189,    0.000016,    0.000003,    0.000347
  147     0.002053,   -0.000014,    0.000344,    0.000272,   -0.000058
  148     0.000986,   -0.000012,    0.000044,    0.000288,   -0.000005
  149    -0.000321,   -0.000010,   -0.000013,   -0.000018,    0.000002
  150    -0.000702,   -0.000011,   -0.000025,   -0.000177,   -0.000037
  151    -0.000244,    0.000161,   -0.000028,   -0.000029,    0.000284
  152     0.002333,    0.000006,    0.000318,    0.000265,   -0.000055
  153     0.000558,    0.000000,   -0.000003,    0.000157,    0.000024
  154    -0.000517,   -0.000027,    0.000014,   -0.000007,   -0.000000
  155    -0.000496,   -0.000040,    0.000012,   -0.000074,   -0.000098
  156    -0.000010,   -0.000031,    0.000039,    0.000024,   -0.000057
  157    -0.000026,   -0.000008,    0.000022,    0.000013,   -0.000001
  158    -0.000081,    0.000008,   -0.000040,   -0.000050,    0.000010
  159    -0.000020,   -0.000006,    0.000018,    0.000010,   -0.000003
  160    -0.000023,   -0.000028,    0.000008,   -0.000002,   -0.000053
  161     0.000086,    0.000002,    0.000006,    0.000006,    0.000002
  162    -0.000019,    0.000009,   -0.000004,   -0.000026,    0.000021
  163     0.025790,   -0.000418,    0.004292,    0.005698,   -0.000703
  164     0.031033,   -0.000508,    0.005030,    0.006692,   -0.000902
  165     0.009733,   -0.000159,    0.001428,    0.001844,   -0.000351
  166    -0.000159,    0.000070,   -0.000018,   -0.000031,    0.000126
  167     0.001428,   -0.000018,    0.000293,    0.000291,   -0.000029
  168     0.001844,   -0.000031,    0.000291,    0.000461,   -0.000046
  169    -0.000351,    0.000126,   -0.000029,   -0.000046,    0.000252
  170     0.001167,   -0.000007,    0.000300,    0.000230,   -0.000010
  171     0.001403,   -0.000026,    0.000214,    0.000437,   -0.000033
  172    -0.000033,    0.000021,   -0.000005,   -0.000005,    0.000037
  173     0.000277,   -0.000002,    0.000060,    0.000064,   -0.000003
  174     0.000123,   -0.000000,    0.000003,    0.000053,    0.000002
  175    -0.000057,    0.000028,   -0.000008,   -0.000011,    0.000053
  176    -0.000109,   -0.000001,   -0.000033,   -0.000018,   -0.000004
  177    -0.006110,    0.001747,    0.000708,   -0.000845,    0.003194
  178    -0.008263,    0.002119,    0.000680,   -0.001359,    0.003871
  179    -0.002788,    0.000593,    0.000087,   -0.000558,    0.001052
  180     0.000547,   -0.000117,   -0.000062,    0.000090,   -0.000215
  181     0.000007,   -0.000109,   -0.000068,   -0.000064,   -0.000204
  182    -0.000672,    0.000010,   -0.000131,   -0.000100,    0.000019
  183     0.000559,   -0.000080,   -0.000073,    0.000094,   -0.000152
  184    -0.000333,   -0.000107,   -0.000098,   -0.000174,   -0.000210
  185    -0.001243,    0.000020,   -0.000247,   -0.000189,    0.000037
  186     0.000045,    0.000020,    0.000023,    0.000030,    0.000039
  187     0.000181,   -0.000002,    0.000034,    0.000026,   -0.000005
  188     0.000008,   -0.000010,   -0.000011,   -0.000006,   -0.000018
  189     0.000240,   -0.000004,    0.000049,    0.000038,   -0.000007
  190    -0.000150,   -0.000004,   -0.000002,   -0.000046,   -0.000009
  191    -0.006990,    0.000010,   -0.001871,    0.000935,    0.000270
  192    -0.008589,    0.000006,   -0.002398,    0.000953,    0.000320
  193    -0.003724,   -0.000043,   -0.000891,    0.000022,    0.000078
  194    -0.000043,    0.000064,    0.000018,   -0.000006,    0.000122
  195    -0.000891,    0.000018,   -0.000159,   -0.000055,    0.000041
  196    -0.000023,    0.000006,    0.000055,   -0.000194,   -0.000008
  197     0.000078,    0.000122,    0.000041,    0.000008,    0.000216
  198    -0.001060,    0.000035,   -0.000159,   -0.000118,    0.000065
  199    -0.000822,    0.000010,   -0.000081,   -0.000339,    0.000002
  200     0.000002,    0.000018,    0.000007,    0.000003,    0.000035
  201     0.000116,   -0.000004,    0.000016,   -0.000006,   -0.000010
  202     0.000282,   -0.000004,    0.000037,    0.000079,   -0.000003
  203     0.000000,   -0.000026,   -0.000007,    0.000000,   -0.000050
  204     0.000143,   -0.000006,    0.000021,    0.000023,   -0.000009
               170,         171,         172,         173,         174
    0     0.000229,    0.000486,   -0.000018,   -0.000005,    0.000045
    1     0.000365,    0.000793,   -0.000039,    0.000002,    0.000085
    2    -0.000279,   -0.000826,    0.000075,   -0.000043,   -0.000141
    3    -0.000228,   -0.000345,    0.000100,   -0.000021,   -0.000053
    4     0.000232,   -0.000181,   -0.000024,    0.000020,   -0.000067
    5    -0.000353,   -0.000184,    0.000142,    0.000011,   -0.000118
    6    -0.000646,   -0.000791,   -0.000021,    0.000019,    0.000061
    7    -0.000105,   -0.000846,    0.000025,   -0.000056,    0.000025
    8    -0.000134,   -0.000260,    0.000103,    0.000014,   -0.000114
    9    -0.000531,   -0.000266,   -0.000004,    0.000009,    0.000100
   10     0.000028,   -0.000534,    0.000011,   -0.000025,    0.000009
   11     0.000020,    0.000003,    0.000044,    0.000013,   -0.000023
   12    -0.000072,   -0.000291,   -0.000017,    0.000000,   -0.000023
   13     0.000095,   -0.000105,   -0.000005,    0.000002,   -0.000006
   14    -0.000038,    0.000000,    0.000013,   -0.000002,    0.000001
   15    -0.000004,    0.000014,    0.000004,    0.000005,    0.000001
   16     0.000026,    0.000029,    0.000008,   -0.000001,   -0.000001
   17    -0.000031,   -0.000024,    0.000005,   -0.000001,    0.000004
   18     0.000004,   -0.000049,   -0.000020,    0.000002,   -0.000011
   19    -0.000017,   -0.000140,    0.000018,   -0.000006,   -0.000024
   20    -0.000055,   -0.000030,    0.000013,    0.000003,    0.000007
   21     0.000081,   -0.000138,    0.000006,   -0.000000,   -0.000036
   22    -0.000064,   -0.000058,    0.000012,   -0.000001,    0.000008
   23     0.000021,   -0.000020,   -0.000036,    0.000006,   -0.000013
   24    -0.000013,   -0.000016,    0.000001,   -0.000001,   -0.000002
   25    -0.000007,   -0.000013,    0.000003,    0.000001,    0.000001
   26     0.000006,    0.000008,   -0.000004,    0.000001,    0.000001
   27     0.000017,    0.000014,   -0.000002,    0.000001,   -0.000002
   28     0.000000,    0.000005,    0.000001,   -0.000001,    0.000002
   29    -0.000019,   -0.000009,    0.000002,   -0.000002,    0.000002
   30     0.000019,   -0.000007,   -0.000011,    0.000002,   -0.000006
   31     0.000052,   -0.000159,    0.000034,   -0.000041,   -0.000016
   32    -0.000098,   -0.000100,    0.000046,   -0.000070,    0.000019
   33    -0.000094,   -0.000038,    0.000018,   -0.000041,    0.000008
   34    -0.000005,   -0.000006,    0.000002,    0.000000,   -0.000002
   35    -0.000007,   -0.000031,    0.000002,   -0.000002,   -0.000001
   36    -0.000009,    0.000007,   -0.000002,    0.000003,    0.000003
   37    -0.000061,    0.000007,    0.000001,   -0.000007,    0.000005
   38    -0.000042,   -0.000034,    0.000004,   -0.000005,    0.000006
   39     0.000034,    0.000002,   -0.000003,    0.000007,   -0.000003
   40    -0.000004,   -0.000003,    0.000001,   -0.000000,   -0.000000
   41     0.000005,    0.000007,   -0.000000,    0.000001,    0.000000
   42     0.000006,    0.000003,    0.000000,   -0.000000,   -0.000001
   43     0.000002,    0.000005,    0.000000,   -0.000000,    0.000001
   44    -0.000003,    0.000007,   -0.000001,   -0.000000,    0.000001
   45     0.000143,    0.000385,    0.000032,    0.000017,   -0.000030
   46     0.000231,    0.000620,    0.000038,    0.000036,   -0.000015
   47     0.000091,    0.000148,    0.000031,    0.000021,   -0.000004
   48    -0.000001,    0.000003,    0.000001,    0.000000,   -0.000003
   49     0.000003,    0.000015,    0.000000,    0.000001,   -0.000003
   50     0.000013,    0.000025,    0.000002,    0.000000,   -0.000003
   51     0.000047,    0.000045,   -0.000002,    0.000012,   -0.000003
   52     0.000003,    0.000032,   -0.000001,    0.000003,    0.000001
   53     0.000032,    0.000039,   -0.000001,    0.000002,   -0.000003
   54     0.000001,    0.000001,   -0.000000,    0.000000,   -0.000001
   55     0.000003,    0.000002,   -0.000000,    0.000001,   -0.000001
   56     0.000001,   -0.000003,    0.000001,   -0.000001,   -0.000001
   57     0.000002,   -0.000001,   -0.000001,    0.000001,   -0.000002
   58     0.000009,    0.000004,   -0.000001,    0.000002,   -0.000000
   59    -0.000066,   -0.000303,   -0.000073,   -0.000002,    0.000020
   60     0.000069,   -0.000765,   -0.000115,    0.000001,   -0.000066
   61    -0.000018,   -0.000062,   -0.000056,    0.000003,    0.000010
   62    -0.000013,   -0.000032,   -0.000001,   -0.000000,    0.000002
   63    -0.000008,    0.000010,    0.000005,    0.000000,   -0.000000
   64     0.000003,   -0.000011,    0.000000,   -0.000000,    0.000000
   65     0.000023,   -0.000155,   -0.000001,    0.000001,   -0.000025
   66    -0.000039,    0.000090,    0.000006,    0.000001,    0.000019
   67    -0.000002,   -0.000025,    0.000001,   -0.000001,    0.000001
   68    -0.000004,    0.000007,    0.000001,   -0.000000,    0.000001
   69    -0.000001,    0.000003,    0.000000,    0.000000,    0.000000
   70    -0.000001,    0.000004,    0.000001,   -0.000000,    0.000000
   71     0.000002,   -0.000005,    0.000000,    0.000000,    0.000000
   72    -0.000008,   -0.000009,    0.000002,   -0.000000,    0.000000
   73    -0.000464,    0.000550,    0.000206,   -0.000024,    0.000197
   74    -0.000619,    0.001100,    0.000364,   -0.000031,    0.000334
   75    -0.000019,   -0.001765,   -0.000425,   -0.000018,   -0.000339
   76    -0.000379,   -0.002227,   -0.000413,   -0.000130,   -0.000397
   77    -0.000199,    0.000078,    0.000069,   -0.000035,    0.000063
   78     0.001827,   -0.001651,   -0.000628,    0.000083,   -0.000574
   79    -0.000815,    0.001315,    0.000561,   -0.000153,    0.000498
   80    -0.001491,   -0.001420,    0.000307,   -0.000006,    0.000189
   81     0.001134,   -0.001414,   -0.000426,    0.000018,   -0.000434
   82    -0.000567,    0.001181,    0.000418,   -0.000096,    0.000396
   83    -0.000858,   -0.000911,    0.000206,    0.000024,    0.000117
   84     0.000215,   -0.000412,   -0.000101,   -0.000008,   -0.000111
   85    -0.000095,    0.000424,    0.000084,   -0.000007,    0.000111
   86    -0.000149,   -0.000226,    0.000057,    0.000024,    0.000026
   87    -0.000087,   -0.000061,    0.000042,   -0.000014,    0.000000
   88     0.000095,    0.000002,    0.000008,    0.000026,   -0.000004
   89    -0.000061,    0.000064,    0.000019,   -0.000011,    0.000023
   90    -0.000143,   -0.000028,    0.000003,   -0.000023,    0.000010
   91     0.000074,   -0.000184,    0.000001,    0.000006,   -0.000040
   92    -0.000100,   -0.000120,    0.000065,   -0.000019,   -0.000009
   93     0.000416,    0.000128,   -0.000003,    0.000080,   -0.000029
   94    -0.000120,    0.000183,    0.000033,   -0.000019,    0.000052
   95    -0.000355,   -0.000069,    0.000008,   -0.000058,    0.000026
   96     0.000147,   -0.000445,    0.000020,    0.000006,   -0.000087
   97    -0.000018,    0.000063,    0.000011,   -0.000003,    0.000015
   98     0.000075,    0.000015,   -0.000002,    0.000012,   -0.000005
   99    -0.000007,   -0.000012,   -0.000010,   -0.000000,   -0.000003
  100     0.000076,    0.000032,   -0.000003,    0.000012,   -0.000006
  101    -0.000033,    0.000023,    0.000007,   -0.000003,    0.000009
  102    -0.000038,   -0.000015,    0.000001,   -0.000006,    0.000003
  103     0.000029,   -0.000081,    0.000010,   -0.000002,   -0.000019
  104     0.000015,    0.000531,   -0.000049,   -0.000086,    0.000039
  105     0.000210,    0.000802,   -0.000061,   -0.000062,    0.000052
  106    -0.000308,    0.000288,   -0.000022,   -0.000076,    0.000068
  107     0.000048,   -0.000034,   -0.000009,    0.000004,   -0.000013
  108    -0.000042,   -0.000018,    0.000011,    0.000000,    0.000009
  109    -0.000002,    0.000032,    0.000001,   -0.000006,    0.000005
  110     0.000074,   -0.000044,   -0.000014,    0.000006,   -0.000018
  111    -0.000129,   -0.000023,    0.000024,   -0.000017,    0.000021
  112     0.000084,    0.000024,    0.000001,    0.000012,   -0.000004
  113    -0.000020,    0.000004,    0.000003,   -0.000002,    0.000003
  114    -0.000012,   -0.000002,    0.000003,   -0.000001,    0.000002
  115    -0.000014,   -0.000000,    0.000003,   -0.000002,    0.000003
  116     0.000021,   -0.000016,   -0.000004,    0.000002,   -0.000006
  117    -0.000012,   -0.000003,    0.000004,   -0.000001,    0.000002
  118    -0.000517,   -0.000274,    0.000152,   -0.000002,    0.000133
  119    -0.000576,   -0.000224,    0.000186,    0.000016,    0.000176
  120     0.000133,    0.000226,    0.000037,    0.000066,    0.000055
  121     0.000015,   -0.000041,   -0.000008,   -0.000002,   -0.000010
  122     0.000050,    0.000063,   -0.000005,    0.000002,   -0.000002
  123     0.000042,    0.000017,   -0.000012,    0.000003,   -0.000011
  124     0.000055,   -0.000048,   -0.000014,    0.000003,   -0.000017
  125     0.000056,    0.000093,    0.000004,    0.000001,    0.000003
  126     0.000060,    0.000043,   -0.000009,    0.000009,   -0.000008
  127    -0.000005,    0.000006,    0.000002,    0.000000,    0.000002
  128    -0.000006,   -0.000012,    0.000000,    0.000000,   -0.000000
  129     0.000003,    0.000010,    0.000002,   -0.000000,    0.000002
  130    -0.000013,    0.000018,    0.000004,   -0.000000,    0.000005
  131     0.000007,    0.000010,    0.000001,    0.000000,    0.000000
  132    -0.005142,   -0.007384,    0.000026,   -0.001569,   -0.000924
  133    -0.007824,   -0.011228,    0.000042,   -0.002340,   -0.001377
  134     0.004928,    0.007048,   -0.000031,    0.001281,    0.000754
  135     0.004079,    0.006170,    0.000000,    0.001081,    0.000690
  136     0.000277,    0.000868,    0.000048,    0.000101,    0.000131
  137     0.001241,    0.000550,    0.001279,    0.000246,    0.000135
  138     0.001867,   -0.009297,    0.000124,   -0.000278,   -0.001915
  139    -0.008769,   -0.002531,    0.000229,   -0.001462,    0.000649
  140     0.000633,   -0.000162,    0.000831,    0.000088,    0.000005
  141     0.001418,   -0.005809,    0.000107,   -0.000136,   -0.001223
  142    -0.005948,   -0.001697,    0.000151,   -0.000994,    0.000439
  143     0.000233,   -0.000174,    0.000215,    0.000030,   -0.000031
  144     0.000386,   -0.001646,    0.000040,   -0.000036,   -0.000343
  145    -0.001651,   -0.000445,    0.000036,   -0.000281,    0.000120
  146     0.000031,    0.000016,    0.000057,    0.000007,    0.000006
  147     0.000322,    0.000077,   -0.000004,    0.000058,   -0.000023
  148    -0.000073,    0.000322,    0.000003,    0.000007,    0.000069
  149     0.000012,    0.000021,   -0.000005,   -0.000002,   -0.000002
  150     0.000038,   -0.000197,   -0.000007,   -0.000003,   -0.000044
  151    -0.000053,   -0.000046,    0.000050,   -0.000015,   -0.000001
  152     0.000254,    0.000029,    0.000005,    0.000053,   -0.000015
  153    -0.000118,    0.000137,    0.000004,   -0.000009,    0.000042
  154     0.000074,    0.000060,   -0.000012,    0.000003,   -0.000008
  155     0.000054,   -0.000059,   -0.000014,    0.000010,   -0.000024
  156     0.000050,    0.000017,   -0.000010,    0.000009,   -0.000004
  157     0.000036,    0.000019,   -0.000003,    0.000004,   -0.000003
  158    -0.000035,   -0.000035,    0.000002,   -0.000007,   -0.000002
  159     0.000030,    0.000016,   -0.000003,    0.000003,   -0.000003
  160     0.000018,    0.000002,   -0.000009,    0.000004,   -0.000003
  161    -0.000001,   -0.000006,    0.000001,    0.000001,    0.000000
  162     0.000015,   -0.000027,    0.000002,   -0.000001,   -0.000005
  163     0.003610,    0.004692,   -0.000087,    0.000855,    0.000426
  164     0.004279,    0.005593,   -0.000107,    0.001017,    0.000510
  165     0.001167,    0.001403,   -0.000033,    0.000277,    0.000123
  166    -0.000007,   -0.000026,    0.000021,   -0.000002,   -0.000000
  167     0.000300,    0.000214,   -0.000005,    0.000060,    0.000003
  168     0.000230,    0.000437,   -0.000005,    0.000064,    0.000053
  169    -0.000010,   -0.000033,    0.000037,   -0.000003,    0.000002
  170     0.000374,    0.000187,   -0.000004,    0.000070,   -0.000011
  171     0.000187,    0.000535,   -0.000003,    0.000065,    0.000077
  172    -0.000004,   -0.000003,    0.000006,   -0.000000,    0.000001
  173     0.000070,    0.000065,   -0.000000,    0.000016,    0.000004
  174    -0.000011,    0.000077,    0.000001,    0.000004,    0.000016
  175    -0.000005,   -0.000010,    0.000008,   -0.000001,    0.000000
  176    -0.000045,   -0.000011,    0.000000,   -0.000008,    0.000003
  177     0.001905,   -0.000728,    0.000478,    0.000283,   -0.000285
  178     0.002198,   -0.001180,    0.000574,    0.000324,   -0.000381
  179     0.000519,   -0.000521,    0.000160,    0.000061,   -0.000137
  180    -0.000181,    0.000074,   -0.000031,   -0.000027,    0.000029
  181    -0.000105,   -0.000094,   -0.000032,   -0.000025,   -0.000010
  182    -0.000132,   -0.000037,    0.000003,   -0.000022,    0.000010
  183    -0.000222,    0.000048,   -0.000018,   -0.000041,    0.000027
  184    -0.000120,   -0.000246,   -0.000033,   -0.000041,   -0.000039
  185    -0.000253,   -0.000074,    0.000007,   -0.000042,    0.000019
  186     0.000036,    0.000050,    0.000006,    0.000010,    0.000006
  187     0.000034,    0.000009,   -0.000001,    0.000006,   -0.000002
  188    -0.000023,   -0.000015,   -0.000003,   -0.000005,   -0.000001
  189     0.000051,    0.000015,   -0.000002,    0.000008,   -0.000004
  190     0.000025,   -0.000047,   -0.000002,    0.000001,   -0.000011
  191    -0.002534,    0.002974,    0.000056,   -0.000184,    0.000877
  192    -0.003136,    0.003498,    0.000067,   -0.000238,    0.001055
  193    -0.001060,    0.000821,    0.000002,   -0.000117,    0.000282
  194     0.000035,   -0.000010,    0.000018,    0.000004,   -0.000004
  195    -0.000159,    0.000081,    0.000007,   -0.000016,    0.000037
  196     0.000118,   -0.000339,   -0.000003,   -0.000006,   -0.000079
  197     0.000065,   -0.000002,    0.000035,    0.000010,   -0.000003
  198    -0.000106,    0.000037,    0.000011,   -0.000008,    0.000026
  199    -0.000037,   -0.000478,   -0.000003,   -0.000042,   -0.000089
  200     0.000011,    0.000003,    0.000005,    0.000002,   -0.000000
  201     0.000008,   -0.000042,   -0.000002,   -0.000003,   -0.000010
  202     0.000025,    0.000089,   -0.000000,    0.000010,    0.000014
  203    -0.000012,    0.000003,   -0.000008,   -0.000001,    0.000001
  204     0.000011,    0.000005,   -0.000002,    0.000001,   -0.000001
               175,         176,         177,         178,         179
    0     0.000027,   -0.000080,   -0.002729,   -0.007927,   -0.001820
    1     0.000023,   -0.000131,   -0.006067,   -0.013808,   -0.003551
    2     0.000071,    0.000111,    0.012823,    0.017238,    0.005849
    3     0.000101,    0.000097,    0.011110,    0.013884,    0.004881
    4    -0.000024,   -0.000034,    0.002806,    0.002552,    0.000741
    5     0.000041,    0.000298,    0.018706,    0.028016,    0.013439
    6    -0.000112,   -0.000041,    0.005710,    0.022571,    0.001122
    7     0.000030,   -0.000317,    0.000002,    0.000004,   -0.000000
    8     0.000040,    0.000181,    0.014944,    0.021473,    0.009813
    9    -0.000066,   -0.000007,    0.001364,    0.011579,   -0.000194
   10     0.000015,   -0.000227,    0.000001,    0.000003,   -0.000000
   11     0.000035,    0.000042,    0.005366,    0.006963,    0.002999
   12    -0.000039,   -0.000019,    0.001710,    0.004825,    0.000403
   13    -0.000002,   -0.000075,    0.000001,    0.000002,    0.000000
   14     0.000013,    0.000016,    0.000849,    0.001358,    0.000594
   15     0.000002,    0.000014,   -0.000000,   -0.000000,   -0.000000
   16     0.000014,   -0.000001,    0.000219,   -0.000341,    0.000067
   17     0.000004,    0.000004,    0.000000,   -0.000000,    0.000000
   18    -0.000032,   -0.000001,   -0.000569,   -0.000329,   -0.000147
   19     0.000023,    0.000007,    0.002153,    0.003192,    0.001059
   20     0.000008,    0.000019,   -0.000002,   -0.000003,   -0.000001
   21     0.000014,   -0.000015,    0.001886,    0.001938,    0.000653
   22     0.000009,    0.000007,    0.000001,    0.000001,    0.000000
   23    -0.000058,    0.000002,   -0.001470,   -0.001596,   -0.000411
   24    -0.000001,    0.000004,    0.000188,    0.000370,    0.000140
   25     0.000002,    0.000000,   -0.000000,   -0.000000,   -0.000000
   26    -0.000005,   -0.000002,   -0.000301,   -0.000402,   -0.000128
   27    -0.000002,   -0.000001,   -0.000000,    0.000000,   -0.000000
   28     0.000003,   -0.000002,   -0.000105,   -0.000219,   -0.000086
   29     0.000001,    0.000002,   -0.000000,   -0.000000,   -0.000000
   30    -0.000016,   -0.000001,   -0.000377,   -0.000543,   -0.000114
   31     0.000069,   -0.000081,    0.000961,   -0.002596,    0.000672
   32     0.000090,   -0.000077,   -0.000480,   -0.005144,    0.000199
   33     0.000041,   -0.000020,    0.000460,   -0.000647,    0.000286
   34     0.000000,    0.000004,    0.000268,    0.000378,    0.000200
   35     0.000002,   -0.000007,    0.000124,    0.000108,    0.000057
   36    -0.000005,    0.000004,   -0.000047,    0.000318,   -0.000048
   37    -0.000004,    0.000015,    0.000088,    0.000212,    0.000218
   38     0.000002,   -0.000003,   -0.000067,    0.000067,   -0.000018
   39    -0.000005,   -0.000007,    0.000303,    0.000766,    0.000062
   40    -0.000000,    0.000001,    0.000073,    0.000115,    0.000056
   41     0.000000,    0.000000,    0.000002,   -0.000001,   -0.000003
   42     0.000001,    0.000001,    0.000020,   -0.000065,    0.000011
   43     0.000001,   -0.000002,   -0.000077,   -0.000125,   -0.000072
   44    -0.000002,    0.000002,   -0.000095,   -0.000150,   -0.000033
   45     0.000058,    0.000142,    0.000959,   -0.002595,    0.000670
   46     0.000069,    0.000167,   -0.000481,   -0.005142,    0.000198
   47     0.000043,    0.000047,    0.000456,   -0.000650,    0.000284
   48    -0.000001,    0.000005,    0.000268,    0.000378,    0.000200
   49     0.000000,    0.000009,    0.000124,    0.000108,    0.000057
   50     0.000004,    0.000009,    0.000047,   -0.000318,    0.000048
   51    -0.000008,    0.000005,    0.000089,    0.000213,    0.000218
   52    -0.000002,    0.000009,   -0.000066,    0.000069,   -0.000018
   53     0.000001,    0.000004,   -0.000303,   -0.000765,   -0.000062
   54    -0.000001,    0.000001,    0.000073,    0.000115,    0.000056
   55    -0.000001,    0.000002,   -0.000002,    0.000001,    0.000003
   56     0.000002,   -0.000000,    0.000020,   -0.000066,    0.000010
   57    -0.000002,    0.000002,    0.000077,    0.000125,    0.000073
   58    -0.000002,   -0.000002,   -0.000095,   -0.000150,   -0.000033
   59    -0.000077,   -0.000095,   -0.004282,   -0.002826,   -0.003868
   60    -0.000125,   -0.000150,   -0.002826,    0.000125,   -0.003787
   61    -0.000073,   -0.000033,   -0.003868,   -0.003787,   -0.002146
   62    -0.000001,   -0.000006,    0.000050,    0.000390,   -0.000132
   63     0.000004,    0.000007,    0.000389,    0.000544,    0.000292
   64     0.000000,   -0.000005,    0.000000,    0.000000,    0.000000
   65    -0.000001,   -0.000012,    0.001424,    0.002349,    0.000439
   66     0.000003,    0.000012,   -0.000268,   -0.000194,    0.000038
   67     0.000001,   -0.000009,   -0.000000,   -0.000000,   -0.000000
   68     0.000001,    0.000001,    0.000009,    0.000021,    0.000029
   69    -0.000000,    0.000001,   -0.000000,   -0.000000,   -0.000000
   70     0.000001,    0.000001,    0.000002,   -0.000022,    0.000013
   71     0.000000,   -0.000002,   -0.000000,   -0.000000,   -0.000000
   72     0.000002,    0.000001,    0.000197,    0.000382,    0.000082
   73     0.000247,    0.000015,    0.003370,   -0.003089,    0.001442
   74     0.000425,    0.000019,    0.007368,   -0.002111,    0.002856
   75    -0.000451,    0.000004,   -0.014282,   -0.009966,   -0.004652
   76    -0.000450,    0.000044,   -0.018250,   -0.014724,   -0.005306
   77     0.000130,    0.000001,   -0.001773,   -0.002543,   -0.000907
   78    -0.000717,   -0.000383,   -0.016470,   -0.029838,   -0.009855
   79     0.000995,   -0.000027,    0.001827,   -0.002224,   -0.003319
   80     0.000218,    0.000185,   -0.000006,   -0.000013,   -0.000006
   81    -0.000483,   -0.000250,   -0.011816,   -0.020846,   -0.006611
   82     0.000723,   -0.000014,    0.001861,   -0.001949,   -0.002259
   83     0.000143,    0.000114,   -0.000001,   -0.000006,   -0.000003
   84    -0.000115,   -0.000054,   -0.003706,   -0.005781,   -0.001699
   85     0.000149,    0.000001,   -0.000338,   -0.001550,   -0.000875
   86     0.000038,    0.000025,   -0.000001,   -0.000003,   -0.000001
   87     0.000052,    0.000018,    0.002255,    0.003200,    0.001125
   88     0.000003,   -0.000005,   -0.000001,   -0.000001,   -0.000000
   89     0.000033,    0.000004,   -0.000842,   -0.001238,   -0.000382
   90     0.000004,    0.000022,    0.000001,    0.000001,    0.000000
   91    -0.000001,   -0.000016,    0.002908,    0.003896,    0.000999
   92     0.000082,    0.000022,    0.004314,    0.005766,    0.001968
   93    -0.000009,   -0.000031,   -0.000000,    0.000000,   -0.000000
   94     0.000053,    0.000014,   -0.001817,   -0.002959,   -0.000763
   95     0.000010,    0.000055,    0.000002,    0.000002,    0.000001
   96     0.000031,   -0.000042,    0.006978,    0.009428,    0.002282
   97     0.000015,    0.000002,   -0.000119,   -0.000386,   -0.000086
   98    -0.000002,   -0.000012,   -0.000000,   -0.000000,   -0.000000
   99    -0.000013,    0.000003,   -0.000574,   -0.000639,   -0.000164
  100    -0.000003,   -0.000006,   -0.000001,   -0.000001,   -0.000000
  101     0.000008,    0.000006,    0.000019,    0.000142,    0.000045
  102     0.000001,    0.000003,    0.000000,    0.000000,    0.000000
  103     0.000015,   -0.000004,    0.001589,    0.001840,    0.000612
  104     0.000085,   -0.000037,   -0.004600,   -0.005476,   -0.002498
  105     0.000090,   -0.000061,   -0.004307,   -0.004897,   -0.002587
  106     0.000015,    0.000024,   -0.003471,   -0.004530,   -0.001451
  107    -0.000010,   -0.000009,   -0.000087,   -0.000265,   -0.000084
  108     0.000007,    0.000006,    0.000168,    0.000098,    0.000072
  109     0.000013,   -0.000003,   -0.000283,   -0.000319,   -0.000195
  110    -0.000016,   -0.000014,   -0.000040,   -0.000317,   -0.000111
  111     0.000028,    0.000012,   -0.000035,   -0.000365,   -0.000051
  112     0.000012,   -0.000012,    0.000281,    0.000572,   -0.000020
  113     0.000003,    0.000003,   -0.000003,    0.000046,    0.000019
  114     0.000002,    0.000001,    0.000016,   -0.000027,    0.000011
  115     0.000006,    0.000001,   -0.000045,   -0.000061,   -0.000040
  116    -0.000004,   -0.000004,    0.000010,   -0.000061,   -0.000019
  117     0.000005,    0.000001,    0.000097,    0.000081,    0.000021
  118     0.000220,    0.000051,   -0.004606,   -0.005486,   -0.002502
  119     0.000258,    0.000058,   -0.004321,   -0.004918,   -0.002594
  120     0.000045,    0.000006,   -0.003477,   -0.004538,   -0.001454
  121    -0.000009,   -0.000004,   -0.000087,   -0.000265,   -0.000084
  122    -0.000005,   -0.000005,    0.000168,    0.000099,    0.000072
  123    -0.000021,   -0.000003,    0.000283,    0.000320,    0.000195
  124    -0.000015,   -0.000011,   -0.000039,   -0.000316,   -0.000111
  125     0.000012,   -0.000006,   -0.000033,   -0.000363,   -0.000050
  126    -0.000020,   -0.000001,   -0.000279,   -0.000569,    0.000021
  127     0.000003,    0.000001,   -0.000003,    0.000046,    0.000019
  128    -0.000000,    0.000001,   -0.000016,    0.000027,   -0.000011
  129     0.000004,   -0.000001,   -0.000045,   -0.000061,   -0.000040
  130     0.000004,    0.000003,   -0.000010,    0.000061,    0.000019
  131     0.000003,   -0.000001,    0.000097,    0.000081,    0.000021
  132     0.000206,    0.000637,   -0.017300,   -0.031884,   -0.006892
  133     0.000293,    0.000944,   -0.036930,   -0.056085,   -0.011499
  134    -0.000090,   -0.000490,    0.067666,    0.067485,    0.011623
  135    -0.000051,   -0.000405,    0.053758,    0.052893,    0.009119
  136     0.000053,   -0.000005,    0.008791,    0.009154,    0.001649
  137     0.001758,   -0.000193,    0.113217,    0.136091,    0.037601
  138     0.000290,   -0.000519,    0.087917,    0.111069,    0.032841
  139     0.000279,    0.001035,    0.000053,    0.000056,    0.000021
  140     0.001154,   -0.000110,    0.073345,    0.087942,    0.024616
  141     0.000222,   -0.000361,    0.060554,    0.075527,    0.022354
  142     0.000187,    0.000705,    0.000037,    0.000039,    0.000014
  143     0.000299,   -0.000040,    0.020729,    0.025144,    0.007124
  144     0.000069,   -0.000098,    0.018451,    0.023394,    0.006851
  145     0.000048,    0.000197,    0.000011,    0.000011,    0.000004
  146     0.000074,   -0.000003,    0.004838,    0.005891,    0.001693
  147    -0.000007,   -0.000037,    0.000002,    0.000002,    0.000001
  148     0.000001,    0.000017,   -0.002780,   -0.003562,   -0.001073
  149    -0.000003,   -0.000001,    0.000002,    0.000003,    0.000001
  150    -0.000012,   -0.000006,    0.001558,    0.002148,    0.000713
  151     0.000065,    0.000011,    0.003267,    0.003734,    0.001273
  152    -0.000000,   -0.000029,    0.000001,    0.000001,    0.000000
  153     0.000002,    0.000018,   -0.002230,   -0.002426,   -0.000799
  154    -0.000009,   -0.000009,    0.000001,    0.000001,    0.000000
  155    -0.000028,    0.000000,    0.000944,    0.001384,    0.000557
  156    -0.000014,   -0.000006,    0.000368,    0.000272,    0.000012
  157    -0.000003,   -0.000005,    0.000000,    0.000000,    0.000000
  158     0.000002,    0.000004,   -0.000585,   -0.000477,   -0.000048
  159    -0.000002,   -0.000003,   -0.000001,   -0.000000,   -0.000000
  160    -0.000012,   -0.000002,   -0.000278,   -0.000323,   -0.000101
  161     0.000001,   -0.000000,    0.000000,    0.000000,    0.000000
  162     0.000006,   -0.000006,    0.000292,    0.000289,    0.000035
  163    -0.000151,   -0.000334,   -0.008130,   -0.013782,   -0.005749
  164    -0.000184,   -0.000394,   -0.012964,   -0.019793,   -0.007517
  165    -0.000057,   -0.000109,   -0.006110,   -0.008263,   -0.002788
  166     0.000028,   -0.000001,    0.001747,    0.002119,    0.000593
  167    -0.000008,   -0.000033,    0.000708,    0.000680,    0.000087
  168    -0.000011,   -0.000018,   -0.000845,   -0.001359,   -0.000558
  169     0.000053,   -0.000004,    0.003194,    0.003871,    0.001052
  170    -0.000005,   -0.000045,    0.001905,    0.002198,    0.000519
  171    -0.000010,   -0.000011,   -0.000728,   -0.001180,   -0.000521
  172     0.000008,    0.000000,    0.000478,    0.000574,    0.000160
  173    -0.000001,   -0.000008,    0.000283,    0.000324,    0.000061
  174     0.000000,    0.000003,   -0.000285,   -0.000381,   -0.000137
  175     0.000012,   -0.000000,    0.000667,    0.000793,    0.000220
  176    -0.000000,    0.000006,   -0.000292,   -0.000350,   -0.000083
  177     0.000667,   -0.000292,    0.075814,    0.090239,    0.024294
  178     0.000793,   -0.000350,    0.090239,    0.109564,    0.029598
  179     0.000220,   -0.000083,    0.024294,    0.029598,    0.008358
  180    -0.000044,    0.000029,   -0.005989,   -0.007136,   -0.001892
  181    -0.000043,    0.000013,   -0.003930,   -0.004623,   -0.001205
  182     0.000004,    0.000016,   -0.000002,   -0.000003,   -0.000001
  183    -0.000025,    0.000036,   -0.005511,   -0.006994,   -0.001748
  184    -0.000040,    0.000012,   -0.003369,   -0.004173,   -0.000985
  185     0.000008,    0.000030,   -0.000002,   -0.000002,   -0.000000
  186     0.000007,   -0.000004,    0.000812,    0.000984,    0.000244
  187    -0.000001,   -0.000004,    0.000000,    0.000000,    0.000000
  188    -0.000003,    0.000003,   -0.000502,   -0.000613,   -0.000154
  189    -0.000002,   -0.000006,    0.000000,    0.000001,    0.000000
  190    -0.000002,   -0.000005,    0.000448,    0.000562,    0.000147
  191     0.000034,    0.000386,   -0.008132,   -0.013792,   -0.005749
  192     0.000040,    0.000467,   -0.012966,   -0.019805,   -0.007516
  193    -0.000000,    0.000143,   -0.006109,   -0.008264,   -0.002788
  194     0.000026,   -0.000006,    0.001746,    0.002118,    0.000593
  195     0.000007,    0.000021,    0.000707,    0.000677,    0.000087
  196     0.000000,   -0.000023,    0.000846,    0.001360,    0.000558
  197     0.000050,   -0.000009,    0.003195,    0.003872,    0.001052
  198     0.000012,    0.000011,    0.001904,    0.002195,    0.000519
  199     0.000003,   -0.000005,    0.000731,    0.001184,    0.000522
  200     0.000008,   -0.000002,    0.000479,    0.000575,    0.000161
  201    -0.000001,   -0.000001,   -0.000282,   -0.000323,   -0.000060
  202    -0.000001,   -0.000001,   -0.000286,   -0.000382,   -0.000137
  203    -0.000011,    0.000002,   -0.000667,   -0.000793,   -0.000219
  204    -0.000002,   -0.000001,   -0.000292,   -0.000350,   -0.000083
               180,         181,         182,         183,         184
    0     0.000186,    0.000224,    0.000000,    0.001565,    0.001010
    1     0.000378,    0.000451,    0.000000,    0.002172,    0.001445
    2    -0.000735,   -0.000766,   -0.000001,   -0.000590,   -0.000510
    3    -0.000559,   -0.000797,   -0.000001,   -0.000112,   -0.000558
    4    -0.000359,    0.000003,    0.000000,   -0.000278,    0.000295
    5    -0.000372,   -0.001426,   -0.000001,    0.000124,   -0.001575
    6    -0.000462,   -0.000407,   -0.000000,   -0.005017,   -0.003501
    7     0.000000,    0.000000,   -0.000367,   -0.000000,   -0.000001
    8    -0.000490,   -0.001019,   -0.000000,   -0.000122,   -0.001005
    9    -0.000042,   -0.000260,    0.000000,   -0.002905,   -0.002358
   10     0.000000,   -0.000000,   -0.000294,   -0.000000,   -0.000001
   11    -0.000229,   -0.000369,   -0.000000,   -0.000005,   -0.000308
   12    -0.000188,   -0.000031,    0.000000,   -0.001039,   -0.000508
   13    -0.000000,    0.000000,   -0.000112,   -0.000000,   -0.000000
   14    -0.000004,   -0.000084,   -0.000000,    0.000012,   -0.000120
   15     0.000000,    0.000000,    0.000002,   -0.000000,   -0.000000
   16    -0.000013,   -0.000014,   -0.000000,    0.000170,    0.000099
   17     0.000000,   -0.000000,    0.000002,    0.000000,    0.000000
   18     0.000018,    0.000067,    0.000000,   -0.000122,    0.000026
   19    -0.000131,   -0.000112,   -0.000000,   -0.000182,   -0.000139
   20     0.000000,    0.000000,    0.000003,    0.000000,    0.000000
   21    -0.000189,   -0.000033,   -0.000000,   -0.000098,    0.000105
   22    -0.000000,   -0.000000,   -0.000002,   -0.000000,    0.000000
   23     0.000074,    0.000131,    0.000000,   -0.000048,    0.000129
   24    -0.000002,   -0.000015,   -0.000000,   -0.000018,   -0.000027
   25     0.000000,    0.000000,   -0.000006,    0.000000,    0.000000
   26     0.000015,    0.000022,    0.000000,    0.000007,    0.000023
   27     0.000000,    0.000000,   -0.000002,   -0.000000,   -0.000000
   28     0.000004,    0.000006,   -0.000000,    0.000022,    0.000014
   29     0.000000,    0.000000,    0.000007,   -0.000000,   -0.000000
   30     0.000011,    0.000042,    0.000000,    0.000009,    0.000071
   31    -0.000008,   -0.000081,   -0.000095,    0.001202,    0.000719
   32     0.000147,   -0.000063,   -0.000052,    0.001612,    0.000834
   33     0.000016,   -0.000064,    0.000038,    0.000446,    0.000170
   34    -0.000005,   -0.000020,   -0.000002,    0.000009,   -0.000016
   35    -0.000007,   -0.000007,   -0.000009,    0.000011,    0.000007
   36    -0.000000,    0.000003,    0.000006,   -0.000117,   -0.000078
   37     0.000021,   -0.000020,    0.000029,    0.000034,   -0.000026
   38     0.000013,   -0.000007,   -0.000003,   -0.000023,   -0.000039
   39    -0.000032,   -0.000010,   -0.000011,   -0.000155,   -0.000090
   40    -0.000001,   -0.000005,    0.000000,   -0.000001,   -0.000006
   41    -0.000000,   -0.000000,   -0.000000,    0.000001,   -0.000001
   42    -0.000002,   -0.000000,   -0.000000,    0.000025,    0.000019
   43     0.000001,    0.000004,   -0.000000,    0.000001,    0.000003
   44     0.000006,    0.000007,    0.000005,    0.000012,    0.000012
   45    -0.000008,   -0.000081,    0.000095,    0.001201,    0.000719
   46     0.000147,   -0.000063,    0.000052,    0.001611,    0.000833
   47     0.000016,   -0.000064,   -0.000038,    0.000446,    0.000170
   48    -0.000005,   -0.000020,    0.000002,    0.000009,   -0.000016
   49    -0.000007,   -0.000007,    0.000009,    0.000011,    0.000007
   50     0.000000,   -0.000003,    0.000006,    0.000117,    0.000078
   51     0.000021,   -0.000020,   -0.000029,    0.000033,   -0.000026
   52     0.000013,   -0.000008,    0.000003,   -0.000023,   -0.000039
   53     0.000032,    0.000010,   -0.000011,    0.000155,    0.000090
   54    -0.000001,   -0.000005,   -0.000000,   -0.000001,   -0.000006
   55     0.000000,    0.000000,   -0.000000,   -0.000001,    0.000001
   56    -0.000002,   -0.000000,    0.000000,    0.000025,    0.000019
   57    -0.000001,   -0.000004,   -0.000000,   -0.000001,   -0.000003
   58     0.000006,    0.000007,   -0.000005,    0.000012,    0.000012
   59    -0.000050,    0.000389,    0.000000,   -0.001424,   -0.000268
   60    -0.000390,    0.000544,    0.000000,   -0.002349,   -0.000194
   61     0.000132,    0.000292,    0.000000,   -0.000439,    0.000038
   62    -0.000023,    0.000001,   -0.000000,   -0.000152,   -0.000073
   63    -0.000001,   -0.000035,   -0.000000,    0.000028,   -0.000037
   64     0.000000,   -0.000000,   -0.000008,    0.000000,    0.000000
   65    -0.000152,   -0.000028,   -0.000000,   -0.000358,   -0.000094
   66     0.000073,   -0.000037,    0.000000,    0.000094,   -0.000090
   67     0.000000,   -0.000000,   -0.000013,    0.000000,   -0.000000
   68     0.000006,   -0.000005,   -0.000000,    0.000014,   -0.000008
   69     0.000000,    0.000000,    0.000002,   -0.000000,    0.000000
   70     0.000003,   -0.000002,    0.000000,    0.000015,    0.000003
   71     0.000000,    0.000000,   -0.000004,    0.000000,    0.000000
   72    -0.000010,   -0.000015,   -0.000000,   -0.000041,   -0.000041
   73     0.000050,   -0.000451,   -0.000000,    0.002824,    0.000331
   74     0.000017,   -0.000951,   -0.000001,    0.004347,    0.000239
   75     0.000293,    0.001686,    0.000001,   -0.002792,    0.000947
   76     0.000742,    0.001946,    0.000001,   -0.002004,    0.001440
   77     0.000202,   -0.000038,    0.000000,    0.000467,   -0.000122
   78    -0.000775,    0.002949,    0.000001,   -0.000917,    0.005469
   79     0.000434,   -0.001310,   -0.000001,    0.002339,   -0.001825
   80     0.000000,    0.000000,   -0.000130,    0.000002,    0.000001
   81    -0.000470,    0.002100,    0.000001,   -0.000504,    0.003914
   82     0.000324,   -0.001042,   -0.000000,    0.002001,   -0.001319
   83    -0.000000,   -0.000000,   -0.000175,    0.000001,    0.000000
   84    -0.000032,    0.000556,    0.000000,   -0.000051,    0.000984
   85     0.000132,   -0.000228,   -0.000000,    0.000501,   -0.000315
   86     0.000000,   -0.000000,   -0.000103,    0.000000,    0.000000
   87    -0.000070,   -0.000190,   -0.000000,    0.000002,   -0.000236
   88     0.000000,    0.000000,   -0.000085,    0.000000,    0.000000
   89     0.000099,   -0.000008,   -0.000000,    0.000203,   -0.000021
   90    -0.000000,   -0.000000,    0.000089,   -0.000000,   -0.000000
   91    -0.000269,   -0.000084,   -0.000000,   -0.000397,   -0.000073
   92    -0.000187,   -0.000318,   -0.000000,   -0.000046,   -0.000347
   93     0.000000,    0.000000,   -0.000250,   -0.000000,    0.000000
   94     0.000223,   -0.000017,   -0.000000,    0.000528,    0.000008
   95    -0.000000,   -0.000000,    0.000221,   -0.000000,    0.000000
   96    -0.000637,   -0.000229,   -0.000000,   -0.000944,   -0.000244
   97     0.000034,   -0.000028,   -0.000000,    0.000126,   -0.000015
   98     0.000000,    0.000000,   -0.000046,    0.000000,    0.000000
   99     0.000036,    0.000043,    0.000000,    0.000007,    0.000040
  100     0.000000,    0.000000,   -0.000036,    0.000000,    0.000000
  101     0.000026,   -0.000029,   -0.000000,    0.000027,   -0.000065
  102    -0.000000,   -0.000000,    0.000019,    0.000000,   -0.000000
  103    -0.000124,   -0.000063,   -0.000000,   -0.000070,   -0.000003
  104     0.000373,    0.000072,    0.000182,    0.000317,   -0.000210
  105     0.000341,    0.000001,    0.000182,    0.000168,   -0.000392
  106     0.000308,    0.000071,    0.000238,    0.000380,   -0.000018
  107    -0.000026,    0.000040,   -0.000010,   -0.000022,    0.000087
  108    -0.000004,   -0.000017,   -0.000000,    0.000036,   -0.000002
  109     0.000023,   -0.000002,    0.000007,    0.000015,   -0.000030
  110    -0.000053,    0.000059,   -0.000006,   -0.000051,    0.000133
  111     0.000033,   -0.000029,    0.000024,    0.000165,    0.000003
  112    -0.000037,   -0.000021,   -0.000031,   -0.000126,   -0.000076
  113     0.000010,   -0.000009,    0.000005,    0.000010,   -0.000021
  114     0.000003,   -0.000004,    0.000001,    0.000022,    0.000003
  115     0.000006,   -0.000004,    0.000002,    0.000009,   -0.000009
  116    -0.000016,    0.000016,   -0.000003,   -0.000014,    0.000038
  117    -0.000005,   -0.000009,    0.000002,    0.000010,   -0.000006
  118     0.000374,    0.000073,   -0.000182,    0.000318,   -0.000209
  119     0.000342,    0.000001,   -0.000182,    0.000170,   -0.000391
  120     0.000308,    0.000071,   -0.000238,    0.000380,   -0.000018
  121    -0.000026,    0.000040,    0.000010,   -0.000022,    0.000087
  122    -0.000004,   -0.000017,    0.000000,    0.000036,   -0.000002
  123    -0.000023,    0.000002,    0.000007,   -0.000015,    0.000030
  124    -0.000053,    0.000059,    0.000006,   -0.000051,    0.000133
  125     0.000033,   -0.000029,   -0.000024,    0.000165,    0.000003
  126     0.000037,    0.000021,   -0.000031,    0.000126,    0.000076
  127     0.000010,   -0.000009,   -0.000005,    0.000010,   -0.000021
  128    -0.000003,    0.000004,    0.000001,   -0.000022,   -0.000003
  129     0.000006,   -0.000004,   -0.000002,    0.000009,   -0.000009
  130     0.000016,   -0.000016,   -0.000003,    0.000014,   -0.000038
  131    -0.000005,   -0.000009,   -0.000002,    0.000010,   -0.000006
  132     0.002685,    0.001867,    0.000001,    0.007628,    0.005611
  133     0.004836,    0.003407,    0.000002,    0.011466,    0.008473
  134    -0.006188,   -0.004527,   -0.000002,   -0.006707,   -0.005152
  135    -0.004890,   -0.003745,   -0.000002,   -0.005125,   -0.004305
  136    -0.000570,   -0.000763,   -0.000000,   -0.000474,   -0.000963
  137    -0.007447,   -0.007559,   -0.000005,   -0.004974,   -0.007870
  138    -0.008456,   -0.001344,   -0.000003,   -0.009351,    0.002013
  139    -0.000005,   -0.000003,    0.005013,   -0.000002,   -0.000001
  140    -0.004812,   -0.004775,   -0.000003,   -0.003009,   -0.004732
  141    -0.005775,   -0.001094,   -0.000002,   -0.006177,    0.001167
  142    -0.000004,   -0.000002,    0.003417,   -0.000001,   -0.000001
  143    -0.001417,   -0.001269,   -0.000001,   -0.001014,   -0.001228
  144    -0.001701,   -0.000407,   -0.000001,   -0.001893,    0.000154
  145    -0.000001,   -0.000001,    0.000972,   -0.000001,   -0.000000
  146    -0.000299,   -0.000331,   -0.000000,   -0.000183,   -0.000348
  147    -0.000000,    0.000000,   -0.000200,   -0.000000,    0.000000
  148     0.000281,    0.000023,   -0.000000,    0.000335,   -0.000093
  149    -0.000000,   -0.000000,    0.000010,   -0.000000,   -0.000000
  150    -0.000152,   -0.000006,   -0.000000,   -0.000212,    0.000053
  151    -0.000154,   -0.000238,   -0.000000,    0.000082,   -0.000178
  152    -0.000000,    0.000000,   -0.000189,   -0.000000,    0.000000
  153     0.000233,    0.000033,   -0.000000,    0.000191,   -0.000103
  154    -0.000000,    0.000000,   -0.000004,   -0.000000,    0.000000
  155    -0.000087,   -0.000007,   -0.000000,   -0.000152,    0.000016
  156    -0.000055,    0.000001,    0.000000,   -0.000073,    0.000024
  157    -0.000000,   -0.000000,   -0.000012,   -0.000000,   -0.000000
  158     0.000057,    0.000030,    0.000000,    0.000045,    0.000013
  159     0.000000,    0.000000,   -0.000009,   -0.000000,    0.000000
  160     0.000005,    0.000029,    0.000000,   -0.000026,    0.000032
  161    -0.000000,    0.000000,   -0.000004,   -0.000000,    0.000000
  162    -0.000038,   -0.000002,   -0.000000,   -0.000034,    0.000014
  163     0.000869,   -0.000636,   -0.001784,    0.001008,   -0.001654
  164     0.001296,   -0.000587,   -0.002148,    0.001421,   -0.001849
  165     0.000547,    0.000007,   -0.000672,    0.000559,   -0.000333
  166    -0.000117,   -0.000109,    0.000010,   -0.000080,   -0.000107
  167    -0.000062,   -0.000068,   -0.000131,   -0.000073,   -0.000098
  168     0.000090,   -0.000064,   -0.000100,    0.000094,   -0.000174
  169    -0.000215,   -0.000204,    0.000019,   -0.000152,   -0.000210
  170    -0.000181,   -0.000105,   -0.000132,   -0.000222,   -0.000120
  171     0.000074,   -0.000094,   -0.000037,    0.000048,   -0.000246
  172    -0.000031,   -0.000032,    0.000003,   -0.000018,   -0.000033
  173    -0.000027,   -0.000025,   -0.000022,   -0.000041,   -0.000041
  174     0.000029,   -0.000010,    0.000010,    0.000027,   -0.000039
  175    -0.000044,   -0.000043,    0.000004,   -0.000025,   -0.000040
  176     0.000029,    0.000013,    0.000016,    0.000036,    0.000012
  177    -0.005989,   -0.003930,   -0.000002,   -0.005511,   -0.003369
  178    -0.007136,   -0.004623,   -0.000003,   -0.006994,   -0.004173
  179    -0.001892,   -0.001205,   -0.000001,   -0.001748,   -0.000985
  180     0.000499,    0.000287,    0.000000,    0.000496,    0.000234
  181     0.000287,    0.000254,    0.000000,    0.000248,    0.000273
  182     0.000000,    0.000000,    0.000076,    0.000000,    0.000000
  183     0.000496,    0.000248,    0.000000,    0.000660,    0.000275
  184     0.000234,    0.000273,    0.000000,    0.000275,    0.000397
  185     0.000000,    0.000000,    0.000143,    0.000000,    0.000000
  186    -0.000062,   -0.000058,   -0.000000,   -0.000070,   -0.000077
  187    -0.000000,   -0.000000,   -0.000020,   -0.000000,   -0.000000
  188     0.000042,    0.000029,   -0.000000,    0.000051,    0.000035
  189    -0.000000,   -0.000000,   -0.000029,   -0.000000,   -0.000000
  190    -0.000055,    0.000002,   -0.000000,   -0.000075,    0.000021
  191     0.000869,   -0.000637,    0.001784,    0.001011,   -0.001655
  192     0.001296,   -0.000589,    0.002147,    0.001424,   -0.001850
  193     0.000547,    0.000007,    0.000672,    0.000560,   -0.000333
  194    -0.000117,   -0.000109,   -0.000010,   -0.000080,   -0.000107
  195    -0.000062,   -0.000068,    0.000131,   -0.000072,   -0.000099
  196    -0.000090,    0.000064,   -0.000100,   -0.000094,    0.000174
  197    -0.000215,   -0.000204,   -0.000019,   -0.000152,   -0.000210
  198    -0.000181,   -0.000106,    0.000132,   -0.000222,   -0.000121
  199    -0.000075,    0.000094,   -0.000037,   -0.000049,    0.000246
  200    -0.000031,   -0.000032,   -0.000003,   -0.000018,   -0.000033
  201     0.000027,    0.000025,   -0.000022,    0.000041,    0.000041
  202     0.000029,   -0.000010,   -0.000010,    0.000027,   -0.000039
  203     0.000044,    0.000043,    0.000004,    0.000025,    0.000040
  204     0.000029,    0.000013,   -0.000016,    0.000036,    0.000012
               185,         186,         187,         188,         189
    0     0.000001,   -0.000148,   -0.000000,    0.000099,   -0.000000
    1     0.000001,   -0.000233,   -0.000000,    0.000148,   -0.000000
    2    -0.000000,    0.000182,    0.000000,   -0.000085,    0.000000
    3    -0.000001,    0.000187,    0.000000,   -0.000062,    0.000000
    4     0.000000,   -0.000001,   -0.000000,   -0.000022,   -0.000000
    5    -0.000001,    0.000281,    0.000000,   -0.000120,    0.000000
    6    -0.000002,    0.000305,    0.000000,   -0.000123,    0.000000
    7    -0.000527,    0.000000,    0.000086,    0.000000,    0.000209
    8    -0.000001,    0.000204,    0.000000,   -0.000097,    0.000000
    9    -0.000001,    0.000201,   -0.000000,   -0.000060,   -0.000000
   10    -0.000451,    0.000000,    0.000069,    0.000000,    0.000163
   11    -0.000000,    0.000071,    0.000000,   -0.000033,    0.000000
   12    -0.000000,    0.000044,   -0.000000,   -0.000022,   -0.000000
   13    -0.000197,    0.000000,    0.000025,    0.000000,    0.000063
   14    -0.000000,    0.000016,    0.000000,   -0.000006,    0.000000
   15     0.000009,   -0.000000,    0.000002,   -0.000000,   -0.000009
   16     0.000000,   -0.000006,    0.000000,    0.000003,   -0.000000
   17     0.000014,   -0.000000,    0.000001,   -0.000000,   -0.000006
   18     0.000000,   -0.000006,   -0.000000,    0.000000,   -0.000000
   19    -0.000000,    0.000021,    0.000000,   -0.000016,    0.000000
   20     0.000029,   -0.000000,    0.000005,    0.000000,   -0.000017
   21    -0.000000,   -0.000002,    0.000000,   -0.000009,    0.000000
   22     0.000022,   -0.000000,    0.000005,   -0.000000,   -0.000010
   23     0.000000,   -0.000018,   -0.000000,    0.000006,   -0.000000
   24    -0.000000,    0.000004,    0.000000,   -0.000001,    0.000000
   25    -0.000004,   -0.000000,    0.000002,    0.000000,   -0.000000
   26     0.000000,   -0.000004,   -0.000000,    0.000002,   -0.000000
   27    -0.000008,    0.000000,   -0.000000,    0.000000,    0.000003
   28     0.000000,   -0.000002,   -0.000000,    0.000002,   -0.000000
   29     0.000016,   -0.000000,   -0.000001,   -0.000000,   -0.000004
   30     0.000000,   -0.000008,   -0.000000,    0.000002,   -0.000000
   31    -0.000141,   -0.000035,    0.000018,    0.000014,    0.000070
   32    -0.000052,   -0.000050,    0.000005,    0.000027,    0.000061
   33     0.000065,   -0.000009,   -0.000016,    0.000006,    0.000008
   34    -0.000002,    0.000004,    0.000001,   -0.000002,    0.000000
   35    -0.000012,    0.000001,    0.000002,   -0.000000,    0.000005
   36     0.000009,    0.000004,   -0.000001,   -0.000002,   -0.000004
   37     0.000056,    0.000005,   -0.000008,   -0.000002,   -0.000011
   38     0.000002,    0.000004,    0.000001,   -0.000001,    0.000002
   39    -0.000026,    0.000007,    0.000003,   -0.000004,    0.000005
   40     0.000001,    0.000001,    0.000000,   -0.000001,   -0.000000
   41    -0.000001,   -0.000000,    0.000000,    0.000000,   -0.000000
   42    -0.000001,   -0.000001,   -0.000000,    0.000000,    0.000000
   43    -0.000001,   -0.000001,    0.000000,    0.000001,    0.000000
   44     0.000009,   -0.000001,   -0.000001,    0.000001,   -0.000002
   45     0.000142,   -0.000035,   -0.000018,    0.000014,   -0.000070
   46     0.000054,   -0.000050,   -0.000005,    0.000027,   -0.000061
   47    -0.000065,   -0.000009,    0.000016,    0.000006,   -0.000008
   48     0.000002,    0.000004,   -0.000001,   -0.000002,   -0.000000
   49     0.000012,    0.000001,   -0.000002,   -0.000001,   -0.000005
   50     0.000009,   -0.000004,   -0.000001,    0.000002,   -0.000004
   51    -0.000056,    0.000005,    0.000008,   -0.000002,    0.000011
   52    -0.000002,    0.000004,   -0.000001,   -0.000001,   -0.000002
   53    -0.000025,   -0.000007,    0.000003,    0.000004,    0.000005
   54    -0.000001,    0.000001,   -0.000000,   -0.000001,    0.000000
   55    -0.000001,    0.000000,    0.000000,   -0.000000,   -0.000000
   56     0.000001,   -0.000001,    0.000000,    0.000000,   -0.000000
   57    -0.000001,    0.000001,    0.000000,   -0.000001,    0.000000
   58    -0.000009,   -0.000001,    0.000001,    0.000001,    0.000002
   59    -0.000000,   -0.000009,   -0.000000,    0.000002,    0.000000
   60    -0.000000,   -0.000021,   -0.000000,   -0.000022,    0.000000
   61    -0.000000,   -0.000029,   -0.000000,    0.000013,    0.000000
   62    -0.000000,    0.000006,   -0.000000,   -0.000003,    0.000000
   63    -0.000000,    0.000005,    0.000000,   -0.000002,   -0.000000
   64    -0.000013,    0.000000,    0.000002,    0.000000,    0.000004
   65    -0.000000,    0.000014,    0.000000,   -0.000015,    0.000000
   66    -0.000000,    0.000008,    0.000000,    0.000003,   -0.000000
   67    -0.000018,   -0.000000,    0.000003,    0.000000,    0.000006
   68     0.000000,    0.000000,    0.000000,    0.000000,   -0.000000
   69     0.000003,   -0.000000,   -0.000000,   -0.000000,   -0.000001
   70     0.000000,   -0.000000,   -0.000000,    0.000000,   -0.000000
   71    -0.000006,   -0.000000,    0.000001,    0.000000,    0.000002
   72    -0.000000,    0.000005,    0.000000,   -0.000002,    0.000000
   73     0.000001,    0.000110,    0.000000,    0.000102,   -0.000000
   74     0.000001,    0.000214,    0.000000,    0.000157,   -0.000000
   75    -0.000000,   -0.000328,   -0.000000,   -0.000098,    0.000000
   76    -0.000000,   -0.000443,   -0.000000,   -0.000011,   -0.000000
   77     0.000000,   -0.000009,    0.000000,    0.000013,   -0.000000
   78     0.000002,   -0.000671,   -0.000001,    0.000080,   -0.000000
   79    -0.000000,    0.000104,    0.000000,    0.000015,   -0.000000
   80     0.000432,   -0.000000,    0.000144,    0.000000,   -0.000240
   81     0.000001,   -0.000493,   -0.000000,    0.000070,   -0.000000
   82     0.000000,    0.000098,    0.000000,    0.000020,   -0.000000
   83     0.000131,   -0.000000,    0.000122,    0.000000,   -0.000133
   84     0.000001,   -0.000129,   -0.000000,    0.000024,   -0.000000
   85     0.000000,    0.000025,    0.000000,    0.000002,   -0.000000
   86    -0.000062,   -0.000000,    0.000049,    0.000000,   -0.000020
   87    -0.000000,    0.000034,    0.000000,   -0.000008,    0.000000
   88    -0.000138,   -0.000000,    0.000027,    0.000000,    0.000020
   89     0.000000,   -0.000006,    0.000000,    0.000008,   -0.000000
   90     0.000165,    0.000000,   -0.000023,   -0.000000,   -0.000035
   91    -0.000000,    0.000021,    0.000000,   -0.000019,    0.000000
   92    -0.000000,    0.000053,    0.000000,   -0.000017,    0.000000
   93    -0.000457,   -0.000000,    0.000070,    0.000000,    0.000081
   94     0.000000,   -0.000013,    0.000000,    0.000024,   -0.000000
   95     0.000410,    0.000000,   -0.000057,   -0.000000,   -0.000086
   96    -0.000000,    0.000052,    0.000000,   -0.000049,    0.000000
   97     0.000000,    0.000002,    0.000000,    0.000005,   -0.000000
   98    -0.000086,   -0.000000,    0.000012,    0.000000,    0.000018
   99     0.000000,   -0.000008,   -0.000000,    0.000002,   -0.000000
  100    -0.000072,   -0.000000,    0.000009,    0.000000,    0.000014
  101    -0.000000,    0.000006,    0.000000,    0.000001,   -0.000000
  102     0.000037,    0.000000,   -0.000005,   -0.000000,   -0.000007
  103    -0.000000,    0.000008,    0.000000,   -0.000008,    0.000000
  104     0.000109,   -0.000055,   -0.000087,   -0.000001,    0.000035
  105     0.000059,   -0.000029,   -0.000095,   -0.000020,    0.000056
  106     0.000366,   -0.000023,   -0.000078,    0.000012,   -0.000048
  107    -0.000019,   -0.000010,    0.000003,    0.000000,    0.000004
  108     0.000018,    0.000004,    0.000003,    0.000002,   -0.000008
  109     0.000000,   -0.000004,   -0.000004,   -0.000001,    0.000003
  110    -0.000011,   -0.000013,    0.000002,   -0.000001,    0.000002
  111     0.000064,   -0.000001,   -0.000003,    0.000008,   -0.000016
  112    -0.000065,    0.000004,    0.000007,   -0.000010,    0.000013
  113     0.000009,    0.000002,   -0.000001,    0.000000,   -0.000002
  114     0.000004,    0.000001,    0.000000,    0.000001,   -0.000002
  115     0.000006,   -0.000001,   -0.000000,    0.000000,   -0.000001
  116    -0.000005,   -0.000004,    0.000001,   -0.000000,    0.000001
  117     0.000006,    0.000001,   -0.000000,    0.000000,   -0.000002
  118    -0.000109,   -0.000055,    0.000087,   -0.000001,   -0.000035
  119    -0.000060,   -0.000029,    0.000095,   -0.000020,   -0.000056
  120    -0.000366,   -0.000024,    0.000078,    0.000012,    0.000048
  121     0.000019,   -0.000010,   -0.000003,    0.000000,   -0.000004
  122    -0.000018,    0.000004,   -0.000003,    0.000002,    0.000008
  123     0.000000,    0.000004,   -0.000004,    0.000001,    0.000003
  124     0.000011,   -0.000013,   -0.000002,   -0.000001,   -0.000002
  125    -0.000064,   -0.000001,    0.000003,    0.000008,    0.000016
  126    -0.000065,   -0.000004,    0.000007,    0.000010,    0.000013
  127    -0.000009,    0.000002,    0.000001,    0.000000,    0.000002
  128     0.000004,   -0.000001,    0.000000,   -0.000001,   -0.000002
  129    -0.000006,   -0.000001,    0.000000,    0.000000,    0.000001
  130    -0.000005,    0.000004,    0.000001,    0.000000,    0.000001
  131    -0.000006,    0.000001,    0.000000,    0.000000,    0.000002
  132     0.000004,   -0.001626,   -0.000001,    0.000895,   -0.000001
  133     0.000005,   -0.002416,   -0.000001,    0.001339,   -0.000001
  134    -0.000003,    0.001298,    0.000000,   -0.000749,    0.000001
  135    -0.000002,    0.001105,    0.000000,   -0.000609,    0.000001
  136    -0.000000,    0.000163,    0.000000,   -0.000066,    0.000000
  137    -0.000004,    0.001499,    0.000001,   -0.000665,    0.000001
  138    -0.000004,    0.000014,   -0.000000,   -0.000437,    0.000001
  139     0.009468,    0.000001,   -0.001315,   -0.000001,   -0.001893
  140    -0.000002,    0.000895,    0.000001,   -0.000402,    0.000000
  141    -0.000002,    0.000069,   -0.000000,   -0.000313,    0.000001
  142     0.006443,    0.000001,   -0.000898,   -0.000001,   -0.001287
  143    -0.000001,    0.000244,    0.000000,   -0.000120,    0.000000
  144    -0.000001,    0.000045,    0.000000,   -0.000096,    0.000000
  145     0.001817,    0.000000,   -0.000258,   -0.000000,   -0.000360
  146    -0.000000,    0.000066,    0.000000,   -0.000026,    0.000000
  147    -0.000367,   -0.000000,    0.000055,    0.000000,    0.000070
  148    -0.000000,    0.000003,    0.000000,    0.000015,    0.000000
  149     0.000007,    0.000000,   -0.000004,   -0.000000,    0.000001
  150    -0.000000,   -0.000000,    0.000000,   -0.000009,    0.000000
  151     0.000000,    0.000032,    0.000000,   -0.000005,   -0.000000
  152    -0.000326,   -0.000000,    0.000054,    0.000000,    0.000058
  153    -0.000001,   -0.000004,    0.000000,    0.000015,    0.000000
  154    -0.000033,    0.000000,   -0.000003,   -0.000000,    0.000013
  155    -0.000000,    0.000010,    0.000000,   -0.000009,    0.000000
  156     0.000000,    0.000000,   -0.000000,   -0.000004,    0.000000
  157    -0.000029,   -0.000000,    0.000002,    0.000000,    0.000007
  158     0.000000,   -0.000004,   -0.000000,    0.000004,   -0.000000
  159    -0.000023,   -0.000000,    0.000002,    0.000000,    0.000006
  160     0.000000,   -0.000003,   -0.000000,   -0.000000,    0.000000
  161    -0.000005,   -0.000000,    0.000002,   -0.000000,    0.000000
  162    -0.000000,   -0.000001,   -0.000000,   -0.000002,    0.000000
  163    -0.003350,    0.000280,    0.000472,   -0.000049,    0.000664
  164    -0.004035,    0.000314,    0.000568,   -0.000045,    0.000799
  165    -0.001243,    0.000045,    0.000181,    0.000008,    0.000240
  166     0.000020,    0.000020,   -0.000002,   -0.000010,   -0.000004
  167    -0.000247,    0.000023,    0.000034,   -0.000011,    0.000049
  168    -0.000189,    0.000030,    0.000026,   -0.000006,    0.000038
  169     0.000037,    0.000039,   -0.000005,   -0.000018,   -0.000007
  170    -0.000253,    0.000036,    0.000034,   -0.000023,    0.000051
  171    -0.000074,    0.000050,    0.000009,   -0.000015,    0.000015
  172     0.000007,    0.000006,   -0.000001,   -0.000003,   -0.000002
  173    -0.000042,    0.000010,    0.000006,   -0.000005,    0.000008
  174     0.000019,    0.000006,   -0.000002,   -0.000001,   -0.000004
  175     0.000008,    0.000007,   -0.000001,   -0.000003,   -0.000002
  176     0.000030,   -0.000004,   -0.000004,    0.000003,   -0.000006
  177    -0.000002,    0.000812,    0.000000,   -0.000502,    0.000000
  178    -0.000002,    0.000984,    0.000000,   -0.000613,    0.000001
  179    -0.000000,    0.000244,    0.000000,   -0.000154,    0.000000
  180     0.000000,   -0.000062,   -0.000000,    0.000042,   -0.000000
  181     0.000000,   -0.000058,   -0.000000,    0.000029,   -0.000000
  182     0.000143,   -0.000000,   -0.000020,   -0.000000,   -0.000029
  183     0.000000,   -0.000070,   -0.000000,    0.000051,   -0.000000
  184     0.000000,   -0.000077,   -0.000000,    0.000035,   -0.000000
  185     0.000271,   -0.000000,   -0.000037,   -0.000000,   -0.000054
  186    -0.000000,    0.000017,    0.000000,   -0.000008,    0.000000
  187    -0.000037,    0.000000,    0.000005,    0.000000,    0.000007
  188    -0.000000,   -0.000008,    0.000000,    0.000005,    0.000000
  189    -0.000054,    0.000000,    0.000007,    0.000000,    0.000011
  190    -0.000000,   -0.000000,   -0.000000,   -0.000004,    0.000000
  191     0.003349,    0.000281,   -0.000471,   -0.000050,   -0.000664
  192     0.004033,    0.000315,   -0.000567,   -0.000046,   -0.000799
  193     0.001242,    0.000045,   -0.000181,    0.000008,   -0.000240
  194    -0.000020,    0.000020,    0.000002,   -0.000010,    0.000004
  195     0.000247,    0.000023,   -0.000034,   -0.000011,   -0.000049
  196    -0.000189,   -0.000030,    0.000026,    0.000006,    0.000038
  197    -0.000037,    0.000039,    0.000005,   -0.000018,    0.000007
  198     0.000253,    0.000036,   -0.000034,   -0.000023,   -0.000051
  199    -0.000074,   -0.000050,    0.000009,    0.000015,    0.000015
  200    -0.000007,    0.000006,    0.000001,   -0.000003,    0.000002
  201    -0.000042,   -0.000010,    0.000006,    0.000005,    0.000008
  202    -0.000019,    0.000006,    0.000003,   -0.000001,    0.000004
  203     0.000008,   -0.000007,   -0.000001,    0.000003,   -0.000002
  204    -0.000030,   -0.000004,    0.000004,    0.000003,    0.000006
               190,         191,         192,         193,         194
    0     0.000042,    0.001321,    0.002947,    0.001819,   -0.000096
    1     0.000090,    0.002861,    0.005419,    0.003101,   -0.000191
    2    -0.000144,   -0.006225,   -0.008363,   -0.003627,    0.000328
    3    -0.000203,   -0.002507,   -0.003708,   -0.002278,    0.000355
    4     0.000121,   -0.001930,   -0.002320,   -0.000748,   -0.000060
    5    -0.000559,   -0.007330,   -0.008813,   -0.005186,    0.000613
    6     0.000008,   -0.001600,   -0.007218,   -0.002287,   -0.000020
    7     0.000000,   -0.002310,    0.001345,    0.003966,    0.000088
    8    -0.000320,   -0.006456,   -0.007672,   -0.004004,    0.000442
    9    -0.000081,    0.001468,   -0.001730,   -0.000697,   -0.000009
   10    -0.000000,   -0.002495,   -0.000197,    0.002488,    0.000075
   11    -0.000088,   -0.001294,   -0.001457,   -0.000946,    0.000169
   12     0.000049,   -0.001462,   -0.002854,   -0.000888,   -0.000045
   13     0.000000,   -0.001186,   -0.000636,    0.000748,    0.000039
   14    -0.000036,   -0.000196,   -0.000193,   -0.000138,    0.000052
   15     0.000000,   -0.000372,   -0.000611,   -0.000521,   -0.000014
   16    -0.000001,    0.000057,    0.000272,    0.000094,    0.000022
   17    -0.000000,   -0.000132,   -0.000164,   -0.000235,   -0.000012
   18     0.000018,   -0.000333,   -0.000587,   -0.000211,   -0.000064
   19    -0.000004,   -0.001436,   -0.001663,   -0.000512,    0.000079
   20    -0.000000,   -0.000604,   -0.000874,   -0.000885,   -0.000033
   21     0.000050,   -0.001482,   -0.001628,   -0.000419,    0.000029
   22     0.000000,   -0.000419,   -0.000494,   -0.000563,   -0.000026
   23     0.000022,   -0.000140,   -0.000389,   -0.000214,   -0.000121
   24    -0.000007,   -0.000143,   -0.000205,   -0.000094,    0.000005
   25     0.000000,   -0.000207,   -0.000238,   -0.000161,   -0.000005
   26     0.000005,    0.000077,    0.000093,    0.000039,   -0.000013
   27     0.000000,    0.000021,    0.000016,    0.000077,    0.000005
   28     0.000002,    0.000073,    0.000112,    0.000060,    0.000002
   29     0.000000,    0.000117,    0.000139,   -0.000003,   -0.000004
   30     0.000012,   -0.000101,   -0.000145,   -0.000062,   -0.000036
   31    -0.000045,    0.000266,    0.003018,    0.002377,    0.000154
   32    -0.000088,    0.003018,    0.006945,    0.003896,    0.000175
   33    -0.000034,    0.002377,    0.003896,    0.002147,    0.000111
   34    -0.000008,   -0.000154,   -0.000175,   -0.000111,    0.000006
   35    -0.000002,   -0.000101,   -0.000009,    0.000072,    0.000006
   36     0.000003,    0.000034,   -0.000162,   -0.000118,   -0.000009
   37    -0.000018,    0.000780,    0.000949,    0.000223,   -0.000004
   38    -0.000008,    0.000145,    0.000235,    0.000093,    0.000001
   39     0.000009,   -0.000387,   -0.000622,   -0.000149,    0.000003
   40    -0.000002,   -0.000032,   -0.000038,   -0.000031,    0.000001
   41     0.000000,   -0.000017,   -0.000036,   -0.000021,    0.000000
   42     0.000000,   -0.000030,   -0.000015,   -0.000004,    0.000003
   43     0.000002,    0.000058,    0.000069,    0.000043,    0.000001
   44     0.000001,    0.000142,    0.000167,    0.000047,   -0.000005
   45    -0.000045,   -0.000373,   -0.000684,   -0.001974,    0.000058
   46    -0.000088,   -0.000676,   -0.001042,   -0.002445,    0.000076
   47    -0.000034,   -0.001973,   -0.002447,   -0.001721,    0.000051
   48    -0.000008,   -0.000058,   -0.000076,   -0.000051,    0.000008
   49    -0.000002,   -0.000013,   -0.000119,   -0.000139,    0.000002
   50    -0.000003,   -0.000010,    0.000025,   -0.000090,    0.000005
   51    -0.000018,   -0.000657,   -0.000818,   -0.000362,    0.000003
   52    -0.000008,    0.000052,   -0.000098,   -0.000094,    0.000005
   53    -0.000009,   -0.000159,   -0.000100,   -0.000038,    0.000006
   54    -0.000002,   -0.000034,   -0.000046,   -0.000018,    0.000002
   55    -0.000000,   -0.000041,   -0.000070,   -0.000041,   -0.000000
   56     0.000000,   -0.000016,    0.000019,    0.000008,    0.000002
   57    -0.000002,   -0.000069,   -0.000090,   -0.000041,    0.000000
   58     0.000001,   -0.000081,   -0.000077,   -0.000020,   -0.000004
   59     0.000197,    0.000961,   -0.000480,    0.000460,   -0.000268
   60     0.000382,   -0.002596,   -0.005144,   -0.000647,   -0.000378
   61     0.000082,    0.000672,    0.000199,    0.000286,   -0.000200
   62     0.000010,    0.000008,   -0.000147,   -0.000016,   -0.000005
   63    -0.000015,   -0.000081,   -0.000063,   -0.000064,    0.000020
   64    -0.000000,   -0.000095,   -0.000052,    0.000038,    0.000002
   65     0.000041,   -0.001202,   -0.001612,   -0.000446,    0.000009
   66    -0.000041,    0.000719,    0.000834,    0.000170,    0.000016
   67    -0.000000,   -0.000141,   -0.000052,    0.000065,    0.000002
   68    -0.000005,    0.000035,    0.000050,    0.000009,    0.000004
   69     0.000000,    0.000018,    0.000005,   -0.000016,   -0.000001
   70    -0.000002,    0.000014,    0.000027,    0.000006,    0.000002
   71    -0.000000,   -0.000070,   -0.000061,   -0.000008,    0.000000
   72    -0.000003,   -0.000045,   -0.000088,   -0.000034,    0.000008
   73    -0.000385,    0.002473,    0.002831,    0.001064,    0.000322
   74    -0.000643,    0.005418,    0.006616,    0.001848,    0.000646
   75     0.000615,   -0.010213,   -0.013461,   -0.001963,   -0.001012
   76     0.000546,   -0.013840,   -0.017299,   -0.002914,   -0.001001
   77    -0.000069,    0.000640,    0.001755,    0.001265,    0.000219
   78     0.001474,   -0.012473,   -0.015277,   -0.002707,   -0.002018
   79    -0.000503,    0.013946,    0.021797,    0.009757,    0.001833
   80    -0.000000,   -0.012750,   -0.015272,   -0.015492,   -0.000670
   81     0.001011,   -0.010925,   -0.013060,   -0.002447,   -0.001361
   82    -0.000419,    0.011913,    0.017728,    0.007339,    0.001327
   83     0.000000,   -0.010883,   -0.013127,   -0.011518,   -0.000449
   84     0.000235,   -0.003508,   -0.003972,   -0.000731,   -0.000323
   85    -0.000106,    0.004146,    0.005679,    0.002057,    0.000266
   86    -0.000000,   -0.004451,   -0.005414,   -0.003881,   -0.000124
   87    -0.000058,   -0.000745,   -0.000782,   -0.000293,    0.000144
   88    -0.000000,   -0.002509,   -0.003091,   -0.001451,   -0.000017
   89    -0.000031,    0.000621,    0.001014,    0.000449,    0.000056
   90     0.000000,    0.001991,    0.002331,    0.000671,   -0.000012
   91     0.000053,   -0.001562,   -0.002160,   -0.000713,    0.000016
   92    -0.000075,   -0.001282,   -0.001440,   -0.000550,    0.000226
   93     0.000000,   -0.006570,   -0.008131,   -0.003108,    0.000007
   94    -0.000079,    0.001703,    0.002439,    0.000879,    0.000085
   95     0.000000,    0.004946,    0.005790,    0.001668,   -0.000031
   96     0.000121,   -0.003723,   -0.004913,   -0.001452,    0.000103
   97    -0.000022,    0.000538,    0.000718,    0.000207,    0.000028
   98    -0.000000,   -0.001040,   -0.001217,   -0.000351,    0.000006
   99     0.000004,   -0.000045,   -0.000077,   -0.000009,   -0.000029
  100    -0.000000,   -0.000866,   -0.001077,   -0.000322,    0.000007
  101    -0.000021,    0.000267,    0.000297,    0.000063,    0.000021
  102     0.000000,    0.000471,    0.000584,    0.000190,   -0.000003
  103     0.000014,   -0.000814,   -0.000951,   -0.000296,    0.000039
  104    -0.000043,    0.010623,    0.014086,    0.009444,    0.000454
  105    -0.000040,    0.012395,    0.016441,    0.010974,    0.000554
  106    -0.000055,    0.009755,    0.012402,    0.005702,    0.000094
  107     0.000025,   -0.000551,   -0.000650,   -0.000161,   -0.000026
  108    -0.000007,   -0.000148,   -0.000187,   -0.000391,   -0.000014
  109    -0.000003,    0.000586,    0.000827,    0.000587,    0.000042
  110     0.000043,   -0.000589,   -0.000688,   -0.000160,   -0.000043
  111    -0.000025,    0.000705,    0.000934,    0.000031,    0.000014
  112     0.000014,   -0.000707,   -0.000774,   -0.000077,    0.000041
  113    -0.000007,    0.000156,    0.000185,    0.000049,    0.000007
  114    -0.000003,   -0.000001,    0.000000,   -0.000055,   -0.000001
  115    -0.000002,    0.000113,    0.000171,    0.000056,    0.000007
  116     0.000012,   -0.000221,   -0.000257,   -0.000062,   -0.000011
  117    -0.000002,    0.000045,    0.000061,   -0.000015,    0.000005
  118    -0.000043,   -0.005177,   -0.005129,   -0.004343,    0.000014
  119    -0.000040,   -0.004792,   -0.004417,   -0.004876,    0.000013
  120    -0.000055,   -0.004677,   -0.005355,   -0.003077,   -0.000032
  121     0.000025,   -0.000087,   -0.000107,   -0.000004,   -0.000029
  122    -0.000007,    0.000379,    0.000437,    0.000373,    0.000022
  123     0.000003,    0.000149,    0.000064,    0.000120,   -0.000016
  124     0.000043,   -0.000326,   -0.000381,   -0.000072,   -0.000045
  125    -0.000025,    0.000029,    0.000066,    0.000295,    0.000057
  126    -0.000014,   -0.000707,   -0.000988,   -0.000366,   -0.000024
  127    -0.000007,   -0.000051,   -0.000057,   -0.000021,    0.000008
  128     0.000003,   -0.000054,   -0.000063,   -0.000059,   -0.000005
  129    -0.000002,    0.000032,    0.000067,    0.000064,    0.000011
  130    -0.000012,    0.000108,    0.000124,    0.000024,    0.000012
  131    -0.000002,    0.000024,    0.000031,    0.000048,    0.000010
  132    -0.000659,   -0.017000,   -0.030425,   -0.007964,    0.000125
  133    -0.000968,   -0.036307,   -0.054018,   -0.012868,    0.000201
  134     0.000463,    0.065940,    0.065854,    0.011169,   -0.000150
  135     0.000314,    0.055421,    0.056405,    0.009883,   -0.000082
  136    -0.000105,    0.010168,    0.009993,    0.001696,    0.000144
  137    -0.000486,    0.000676,   -0.000519,   -0.003124,    0.004326
  138     0.002133,   -0.082401,   -0.100048,   -0.027665,    0.000970
  139     0.000000,    0.118291,    0.142527,    0.044641,   -0.000659
  140    -0.000289,   -0.003031,   -0.004409,   -0.002966,    0.002828
  141     0.001399,   -0.052543,   -0.063691,   -0.017778,    0.000706
  142     0.000000,    0.080696,    0.097191,    0.030545,   -0.000441
  143    -0.000031,   -0.002427,   -0.003039,   -0.001299,    0.000745
  144     0.000376,   -0.014780,   -0.018157,   -0.005210,    0.000234
  145     0.000000,    0.023113,    0.027810,    0.008944,   -0.000111
  146    -0.000033,   -0.000056,   -0.000148,   -0.000211,    0.000189
  147     0.000000,   -0.004915,   -0.005929,   -0.002053,    0.000014
  148    -0.000079,    0.002869,    0.003503,    0.000982,   -0.000012
  149     0.000000,    0.000384,    0.000458,    0.000320,    0.000010
  150     0.000042,   -0.001819,   -0.002283,   -0.000704,   -0.000011
  151    -0.000053,   -0.000331,   -0.000408,   -0.000243,    0.000161
  152     0.000000,   -0.004896,   -0.005899,   -0.002332,   -0.000006
  153    -0.000063,    0.001540,    0.001821,    0.000552,    0.000000
  154     0.000000,    0.000282,    0.000334,    0.000517,    0.000027
  155     0.000020,   -0.000839,   -0.001159,   -0.000498,   -0.000040
  156     0.000019,    0.000327,    0.000211,   -0.000010,   -0.000031
  157     0.000000,   -0.000193,   -0.000231,    0.000026,    0.000008
  158    -0.000008,   -0.000602,   -0.000527,   -0.000081,    0.000008
  159     0.000000,   -0.000152,   -0.000186,    0.000019,    0.000006
  160     0.000010,   -0.000011,   -0.000042,   -0.000023,   -0.000028
  161     0.000000,   -0.000128,   -0.000148,   -0.000086,   -0.000002
  162     0.000014,   -0.000232,   -0.000236,   -0.000019,    0.000009
  163    -0.000456,   -0.008562,   -0.012485,   -0.006990,    0.000010
  164    -0.000555,   -0.012483,   -0.016729,   -0.008588,    0.000006
  165    -0.000150,   -0.006990,   -0.008589,   -0.003724,   -0.000043
  166    -0.000004,    0.000010,    0.000006,   -0.000043,    0.000064
  167    -0.000002,   -0.001871,   -0.002398,   -0.000891,    0.000018
  168    -0.000046,    0.000935,    0.000953,    0.000022,   -0.000006
  169    -0.000009,    0.000270,    0.000320,    0.000078,    0.000122
  170     0.000025,   -0.002534,   -0.003136,   -0.001060,    0.000035
  171    -0.000047,    0.002974,    0.003498,    0.000821,   -0.000010
  172    -0.000002,    0.000056,    0.000067,    0.000002,    0.000018
  173     0.000001,   -0.000184,   -0.000238,   -0.000117,    0.000004
  174    -0.000011,    0.000877,    0.001055,    0.000282,   -0.000004
  175    -0.000002,    0.000034,    0.000040,   -0.000000,    0.000026
  176    -0.000005,    0.000386,    0.000467,    0.000143,   -0.000006
  177     0.000448,   -0.008132,   -0.012966,   -0.006109,    0.001746
  178     0.000562,   -0.013792,   -0.019805,   -0.008264,    0.002118
  179     0.000147,   -0.005749,   -0.007516,   -0.002788,    0.000593
  180    -0.000055,    0.000869,    0.001296,    0.000547,   -0.000117
  181     0.000002,   -0.000637,   -0.000589,    0.000007,   -0.000109
  182    -0.000000,    0.001784,    0.002147,    0.000672,   -0.000010
  183    -0.000075,    0.001011,    0.001424,    0.000560,   -0.000080
  184     0.000021,   -0.001655,   -0.001850,   -0.000333,   -0.000107
  185    -0.000000,    0.003349,    0.004033,    0.001242,   -0.000020
  186    -0.000000,    0.000281,    0.000315,    0.000045,    0.000020
  187    -0.000000,   -0.000471,   -0.000567,   -0.000181,    0.000002
  188    -0.000004,   -0.000050,   -0.000046,    0.000008,   -0.000010
  189     0.000000,   -0.000664,   -0.000799,   -0.000240,    0.000004
  190     0.000019,   -0.000456,   -0.000555,   -0.000150,   -0.000004
  191    -0.000456,    0.076356,    0.089878,    0.025786,   -0.000416
  192    -0.000555,    0.089878,    0.106761,    0.031029,   -0.000507
  193    -0.000150,    0.025786,    0.031029,    0.009731,   -0.000159
  194    -0.000004,   -0.000416,   -0.000507,   -0.000159,    0.000070
  195    -0.000002,    0.004299,    0.005037,    0.001430,   -0.000017
  196     0.000046,   -0.005693,   -0.006687,   -0.001842,    0.000031
  197    -0.000009,   -0.000703,   -0.000902,   -0.000351,    0.000126
  198     0.000025,    0.003616,    0.004288,    0.001169,   -0.000007
  199     0.000047,   -0.004689,   -0.005589,   -0.001402,    0.000025
  200    -0.000002,   -0.000087,   -0.000107,   -0.000033,    0.000021
  201    -0.000001,   -0.000856,   -0.001018,   -0.000277,    0.000002
  202    -0.000011,    0.000425,    0.000508,    0.000122,   -0.000000
  203     0.000002,    0.000151,    0.000183,    0.000057,   -0.000028
  204    -0.000005,   -0.000335,   -0.000396,   -0.000109,   -0.000001
               195,         196,         197,         198,         199
    0     0.000102,   -0.000106,    0.000009,    0.000230,   -0.000484
    1     0.000170,   -0.000234,   -0.000030,    0.000366,   -0.000792
    2    -0.000185,    0.000543,    0.000241,   -0.000280,    0.000826
    3    -0.000082,    0.000185,    0.000377,   -0.000229,    0.000345
    4     0.000040,    0.000204,   -0.000163,    0.000232,    0.000181
    5    -0.000314,    0.000479,    0.000341,   -0.000352,    0.000182
    6     0.000116,    0.000049,    0.000758,   -0.000648,    0.000791
    7    -0.000278,    0.000193,   -0.001990,    0.000112,   -0.000850
    8    -0.000218,    0.000474,    0.000270,   -0.000134,    0.000258
    9     0.000105,   -0.000217,    0.000525,   -0.000531,    0.000265
   10    -0.000269,    0.000186,   -0.001344,   -0.000024,   -0.000538
   11    -0.000032,    0.000086,    0.000159,    0.000020,   -0.000003
   12     0.000018,    0.000131,    0.000063,   -0.000073,    0.000291
   13    -0.000130,    0.000084,   -0.000374,   -0.000094,   -0.000106
   14    -0.000023,    0.000008,    0.000063,   -0.000038,   -0.000000
   15    -0.000007,    0.000014,    0.000083,    0.000004,    0.000014
   16    -0.000004,   -0.000001,    0.000018,    0.000026,   -0.000028
   17     0.000006,    0.000004,    0.000004,    0.000031,   -0.000024
   18     0.000007,    0.000031,   -0.000110,    0.000004,    0.000049
   19    -0.000050,    0.000129,    0.000110,   -0.000017,    0.000140
   20     0.000000,    0.000021,    0.000078,    0.000054,   -0.000030
   21    -0.000020,    0.000151,    0.000033,    0.000081,    0.000138
   22     0.000004,    0.000015,   -0.000001,    0.000064,   -0.000058
   23     0.000022,    0.000013,   -0.000229,    0.000021,    0.000020
   24    -0.000006,    0.000011,    0.000002,   -0.000014,    0.000016
   25    -0.000007,    0.000010,   -0.000003,    0.000007,   -0.000013
   26     0.000004,   -0.000006,   -0.000021,    0.000006,   -0.000008
   27    -0.000005,    0.000000,    0.000004,   -0.000017,    0.000014
   28     0.000000,   -0.000005,    0.000009,    0.000000,   -0.000005
   29     0.000012,   -0.000008,   -0.000000,    0.000019,   -0.000009
   30     0.000007,    0.000011,   -0.000073,    0.000019,    0.000007
   31    -0.000101,    0.000034,   -0.000780,    0.000145,   -0.000387
   32    -0.000009,   -0.000162,   -0.000949,    0.000235,   -0.000622
   33     0.000072,   -0.000118,   -0.000223,    0.000093,   -0.000149
   34    -0.000006,    0.000009,   -0.000004,   -0.000001,   -0.000003
   35    -0.000008,    0.000010,   -0.000052,    0.000003,   -0.000016
   36     0.000010,   -0.000006,    0.000053,   -0.000013,    0.000025
   37     0.000052,   -0.000053,   -0.000041,    0.000047,   -0.000045
   38     0.000003,   -0.000013,   -0.000047,    0.000004,   -0.000032
   39    -0.000016,    0.000025,    0.000045,   -0.000032,    0.000039
   40    -0.000000,    0.000002,   -0.000002,    0.000001,   -0.000001
   41    -0.000001,    0.000000,    0.000012,   -0.000003,    0.000002
   42    -0.000003,    0.000003,    0.000003,    0.000000,    0.000003
   43     0.000000,   -0.000004,    0.000008,   -0.000002,   -0.000001
   44     0.000009,   -0.000009,   -0.000005,    0.000009,   -0.000004
   45    -0.000013,    0.000010,    0.000658,    0.000049,    0.000161
   46    -0.000118,   -0.000026,    0.000818,   -0.000100,    0.000102
   47    -0.000139,    0.000090,    0.000362,   -0.000095,    0.000038
   48    -0.000002,    0.000005,    0.000003,   -0.000005,    0.000006
   49     0.000003,    0.000001,    0.000053,   -0.000007,    0.000031
   50    -0.000001,    0.000002,    0.000028,    0.000009,    0.000007
   51    -0.000052,    0.000027,   -0.000008,   -0.000061,   -0.000007
   52    -0.000007,   -0.000009,    0.000061,   -0.000042,    0.000034
   53    -0.000031,    0.000007,   -0.000007,   -0.000034,    0.000002
   54    -0.000002,    0.000002,    0.000001,   -0.000004,    0.000003
   55    -0.000002,    0.000003,    0.000007,   -0.000005,    0.000007
   56    -0.000001,    0.000003,   -0.000005,    0.000006,   -0.000003
   57    -0.000002,    0.000005,   -0.000004,   -0.000002,    0.000005
   58    -0.000007,    0.000004,   -0.000015,   -0.000003,   -0.000007
   59     0.000124,   -0.000047,   -0.000088,   -0.000067,    0.000303
   60     0.000108,    0.000318,   -0.000212,    0.000067,    0.000766
   61     0.000057,   -0.000048,   -0.000218,   -0.000018,    0.000062
   62     0.000007,    0.000000,    0.000021,   -0.000013,    0.000032
   63    -0.000007,    0.000003,    0.000020,   -0.000007,   -0.000010
   64    -0.000009,    0.000006,   -0.000029,   -0.000003,   -0.000011
   65    -0.000011,    0.000117,    0.000034,    0.000023,    0.000155
   66     0.000007,   -0.000078,    0.000026,   -0.000039,   -0.000090
   67    -0.000012,    0.000009,   -0.000056,    0.000002,   -0.000026
   68    -0.000001,   -0.000004,    0.000005,   -0.000004,   -0.000007
   69     0.000002,   -0.000001,    0.000008,    0.000001,    0.000003
   70    -0.000000,   -0.000002,    0.000002,   -0.000001,   -0.000004
   71    -0.000005,    0.000004,   -0.000011,   -0.000002,   -0.000005
   72    -0.000002,    0.000003,    0.000018,   -0.000008,    0.000009
   73     0.000064,   -0.000252,    0.001085,   -0.000464,   -0.000549
   74     0.000132,   -0.000570,    0.001887,   -0.000617,   -0.001099
   75    -0.000256,    0.001121,   -0.002077,   -0.000021,    0.001764
   76    -0.000523,    0.001470,   -0.002076,   -0.000382,    0.002225
   77    -0.000126,   -0.000059,    0.000473,   -0.000199,   -0.000078
   78     0.000359,    0.001576,   -0.003665,    0.001826,    0.001653
   79    -0.000370,   -0.001281,    0.003708,   -0.000816,   -0.001311
   80    -0.000027,    0.000489,    0.000097,    0.001491,   -0.001420
   81     0.000122,    0.001310,   -0.002497,    0.001133,    0.001414
   82    -0.000185,   -0.001106,    0.002701,   -0.000568,   -0.001178
   83    -0.000174,    0.000455,    0.000128,    0.000858,   -0.000911
   84    -0.000028,    0.000391,   -0.000601,    0.000215,    0.000412
   85     0.000010,   -0.000390,    0.000532,   -0.000095,   -0.000423
   86    -0.000144,    0.000204,    0.000074,    0.000149,   -0.000226
   87    -0.000059,    0.000055,    0.000240,   -0.000087,    0.000061
   88    -0.000146,    0.000131,    0.000061,   -0.000095,    0.000002
   89    -0.000028,   -0.000059,    0.000114,   -0.000061,   -0.000064
   90     0.000148,   -0.000113,    0.000011,    0.000143,   -0.000027
   91     0.000008,    0.000154,    0.000038,    0.000074,    0.000184
   92    -0.000078,    0.000105,    0.000376,   -0.000100,    0.000120
   93    -0.000444,    0.000358,    0.000179,   -0.000417,    0.000128
   94    -0.000028,   -0.000164,    0.000176,   -0.000119,   -0.000183
   95     0.000367,   -0.000280,    0.000027,    0.000355,   -0.000068
   96    -0.000012,    0.000370,    0.000220,    0.000146,    0.000446
   97     0.000002,   -0.000053,    0.000056,   -0.000018,   -0.000063
   98    -0.000077,    0.000059,   -0.000006,   -0.000075,    0.000014
   99    -0.000002,    0.000006,   -0.000058,   -0.000007,    0.000012
  100    -0.000066,    0.000049,    0.000026,   -0.000076,    0.000032
  101    -0.000004,   -0.000029,    0.000040,   -0.000033,   -0.000023
  102     0.000035,   -0.000026,   -0.000014,    0.000038,   -0.000015
  103    -0.000013,    0.000081,    0.000057,    0.000028,    0.000081
  104     0.000113,   -0.000586,    0.000325,   -0.000518,    0.000274
  105     0.000127,   -0.000720,    0.000405,   -0.000576,    0.000225
  106     0.000391,   -0.000613,   -0.000124,    0.000134,   -0.000226
  107    -0.000014,    0.000050,   -0.000052,    0.000015,    0.000041
  108     0.000012,   -0.000004,    0.000010,    0.000050,   -0.000063
  109    -0.000006,   -0.000033,    0.000051,   -0.000042,    0.000017
  110     0.000001,    0.000060,   -0.000084,    0.000055,    0.000048
  111     0.000042,   -0.000059,    0.000060,    0.000056,   -0.000093
  112    -0.000066,    0.000043,    0.000081,   -0.000061,    0.000043
  113     0.000004,   -0.000012,    0.000015,   -0.000005,   -0.000006
  114     0.000002,   -0.000002,    0.000005,    0.000006,   -0.000012
  115     0.000001,   -0.000009,    0.000016,    0.000003,   -0.000010
  116    -0.000003,    0.000022,   -0.000022,    0.000013,    0.000018
  117     0.000004,   -0.000004,    0.000015,    0.000008,   -0.000010
  118    -0.000398,    0.000138,    0.000588,    0.000014,   -0.000531
  119    -0.000354,    0.000048,    0.000667,    0.000209,   -0.000802
  120    -0.000413,    0.000131,    0.000216,   -0.000308,   -0.000288
  121     0.000020,    0.000024,   -0.000050,    0.000048,    0.000034
  122     0.000002,   -0.000022,    0.000009,   -0.000042,    0.000018
  123     0.000024,    0.000001,   -0.000062,    0.000002,    0.000032
  124     0.000021,    0.000045,   -0.000082,    0.000073,    0.000044
  125    -0.000055,   -0.000009,    0.000094,   -0.000129,    0.000023
  126    -0.000049,    0.000039,   -0.000036,   -0.000084,    0.000024
  127    -0.000011,   -0.000001,    0.000014,   -0.000020,   -0.000004
  128     0.000002,    0.000003,   -0.000006,    0.000012,   -0.000002
  129    -0.000008,   -0.000004,    0.000019,   -0.000014,    0.000000
  130    -0.000006,   -0.000015,    0.000021,   -0.000021,   -0.000016
  131    -0.000004,   -0.000002,    0.000017,   -0.000012,    0.000003
  132    -0.001912,    0.002590,    0.000193,   -0.005151,    0.007379
  133    -0.003453,    0.004705,    0.000254,   -0.007838,    0.011221
  134     0.004423,   -0.006120,    0.000064,    0.004938,   -0.007045
  135     0.003640,   -0.005195,    0.000146,    0.004088,   -0.006167
  136     0.000502,   -0.000942,    0.000313,    0.000278,   -0.000868
  137     0.000548,   -0.000177,    0.008021,    0.001237,   -0.000544
  138    -0.001379,    0.008255,    0.001442,    0.001849,    0.009302
  139     0.008676,   -0.006644,   -0.001325,    0.008777,   -0.002514
  140     0.000188,    0.000251,    0.005208,    0.000630,    0.000166
  141    -0.000796,    0.005259,    0.001069,    0.001407,    0.005812
  142     0.005908,   -0.004530,   -0.000885,    0.005954,   -0.001685
  143     0.000029,    0.000219,    0.001359,    0.000232,    0.000175
  144    -0.000211,    0.001472,    0.000373,    0.000382,    0.001647
  145     0.001674,   -0.001293,   -0.000240,    0.001652,   -0.000441
  146     0.000016,   -0.000003,    0.000347,    0.000031,   -0.000016
  147    -0.000344,    0.000272,    0.000058,   -0.000322,    0.000077
  148     0.000043,   -0.000287,   -0.000004,   -0.000073,   -0.000321
  149     0.000013,   -0.000018,   -0.000002,   -0.000012,    0.000021
  150    -0.000025,    0.000177,   -0.000037,    0.000038,    0.000197
  151    -0.000028,    0.000029,    0.000284,   -0.000053,    0.000046
  152    -0.000318,    0.000265,    0.000055,   -0.000254,    0.000029
  153    -0.000004,   -0.000156,    0.000024,   -0.000119,   -0.000137
  154    -0.000014,   -0.000007,   -0.000000,   -0.000073,    0.000060
  155     0.000012,    0.000074,   -0.000098,    0.000054,    0.000059
  156     0.000039,   -0.000024,   -0.000057,    0.000050,   -0.000017
  157    -0.000022,    0.000013,    0.000001,   -0.000036,    0.000019
  158    -0.000040,    0.000050,    0.000010,   -0.000035,    0.000035
  159    -0.000018,    0.000010,    0.000003,   -0.000030,    0.000016
  160     0.000008,    0.000002,   -0.000053,    0.000018,   -0.000002
  161    -0.000006,    0.000006,   -0.000002,    0.000001,   -0.000006
  162    -0.000004,    0.000026,    0.000021,    0.000015,    0.000027
  163    -0.001870,   -0.000937,    0.000271,   -0.002532,   -0.002976
  164    -0.002397,   -0.000955,    0.000322,   -0.003134,   -0.003501
  165    -0.000891,   -0.000023,    0.000078,   -0.001060,   -0.000822
  166     0.000018,    0.000006,    0.000122,    0.000035,    0.000010
  167    -0.000159,    0.000055,    0.000041,   -0.000159,   -0.000081
  168    -0.000055,   -0.000194,    0.000008,   -0.000118,   -0.000339
  169     0.000041,   -0.000008,    0.000216,    0.000065,    0.000002
  170    -0.000159,    0.000118,    0.000065,   -0.000106,   -0.000037
  171     0.000081,   -0.000339,   -0.000002,    0.000037,   -0.000478
  172     0.000007,   -0.000003,    0.000035,    0.000011,   -0.000003
  173    -0.000016,   -0.000006,    0.000010,   -0.000008,   -0.000042
  174     0.000037,   -0.000079,   -0.000003,    0.000026,   -0.000089
  175     0.000007,    0.000000,    0.000050,    0.000012,    0.000003
  176     0.000021,   -0.000023,   -0.000009,    0.000011,   -0.000005
  177     0.000707,    0.000846,    0.003195,    0.001904,    0.000731
  178     0.000677,    0.001360,    0.003872,    0.002195,    0.001184
  179     0.000087,    0.000558,    0.001052,    0.000519,    0.000522
  180    -0.000062,   -0.000090,   -0.000215,   -0.000181,   -0.000075
  181    -0.000068,    0.000064,   -0.000204,   -0.000106,    0.000094
  182     0.000131,   -0.000100,   -0.000019,    0.000132,   -0.000037
  183    -0.000072,   -0.000094,   -0.000152,   -0.000222,   -0.000049
  184    -0.000099,    0.000174,   -0.000210,   -0.000121,    0.000246
  185     0.000247,   -0.000189,   -0.000037,    0.000253,   -0.000074
  186     0.000023,   -0.000030,    0.000039,    0.000036,   -0.000050
  187    -0.000034,    0.000026,    0.000005,   -0.000034,    0.000009
  188    -0.000011,    0.000006,   -0.000018,   -0.000023,    0.000015
  189    -0.000049,    0.000038,    0.000007,   -0.000051,    0.000015
  190    -0.000002,    0.000046,   -0.000009,    0.000025,    0.000047
  191     0.004299,   -0.005693,   -0.000703,    0.003616,   -0.004689
  192     0.005037,   -0.006687,   -0.000902,    0.004288,   -0.005589
  193     0.001430,   -0.001842,   -0.000351,    0.001169,   -0.001402
  194    -0.000017,    0.000031,    0.000126,   -0.000007,    0.000025
  195     0.000294,   -0.000291,   -0.000029,    0.000300,   -0.000214
  196    -0.000291,    0.000461,    0.000046,   -0.000230,    0.000437
  197    -0.000029,    0.000046,    0.000252,   -0.000011,    0.000033
  198     0.000300,   -0.000230,   -0.000011,    0.000375,   -0.000187
  199    -0.000214,    0.000437,    0.000033,   -0.000187,    0.000535
  200    -0.000005,    0.000005,    0.000038,   -0.000004,    0.000003
  201    -0.000060,    0.000064,    0.000003,   -0.000070,    0.000065
  202     0.000003,   -0.000053,    0.000002,   -0.000011,   -0.000077
  203     0.000008,   -0.000011,   -0.000052,    0.000005,   -0.000010
  204    -0.000033,    0.000018,   -0.000004,   -0.000045,    0.000011
               200,         201,         202,         203,         204
    0    -0.000018,    0.000005,    0.000045,   -0.000027,   -0.000080
    1    -0.000039,   -0.000002,    0.000084,   -0.000023,   -0.000131
    2     0.000075,    0.000043,   -0.000141,   -0.000071,    0.000111
    3     0.000101,    0.000021,   -0.000053,   -0.000101,    0.000098
    4    -0.000024,   -0.000020,   -0.000067,    0.000024,   -0.000034
    5     0.000142,   -0.000011,   -0.000118,   -0.000040,    0.000298
    6    -0.000021,   -0.000019,    0.000061,    0.000112,   -0.000042
    7    -0.000025,   -0.000057,   -0.000026,    0.000030,    0.000316
    8     0.000103,   -0.000014,   -0.000115,   -0.000040,    0.000181
    9    -0.000004,   -0.000009,    0.000100,    0.000066,   -0.000007
   10    -0.000011,   -0.000025,   -0.000009,    0.000015,    0.000227
   11     0.000044,   -0.000013,   -0.000023,   -0.000035,    0.000042
   12    -0.000017,   -0.000000,   -0.000023,    0.000039,   -0.000019
   13     0.000005,    0.000002,    0.000006,   -0.000002,    0.000075
   14     0.000013,    0.000002,    0.000001,   -0.000013,    0.000016
   15    -0.000004,    0.000005,   -0.000001,    0.000002,   -0.000014
   16     0.000008,    0.000001,   -0.000001,   -0.000014,   -0.000001
   17    -0.000005,   -0.000001,   -0.000004,    0.000004,   -0.000004
   18    -0.000020,   -0.000002,   -0.000011,    0.000032,   -0.000001
   19     0.000018,    0.000006,   -0.000024,   -0.000023,    0.000007
   20    -0.000013,    0.000003,   -0.000007,    0.000008,   -0.000019
   21     0.000006,    0.000001,   -0.000036,   -0.000014,   -0.000015
   22    -0.000012,   -0.000001,   -0.000008,    0.000009,   -0.000007
   23    -0.000036,   -0.000006,   -0.000013,    0.000058,    0.000002
   24     0.000001,    0.000001,   -0.000002,    0.000001,    0.000004
   25    -0.000003,    0.000001,   -0.000001,    0.000002,   -0.000000
   26    -0.000004,   -0.000001,    0.000001,    0.000005,   -0.000002
   27     0.000002,    0.000001,    0.000002,   -0.000002,    0.000001
   28     0.000001,    0.000001,    0.000002,   -0.000003,   -0.000002
   29    -0.000002,   -0.000002,   -0.000002,    0.000001,   -0.000002
   30    -0.000011,   -0.000002,   -0.000006,    0.000016,   -0.000001
   31     0.000032,   -0.000017,   -0.000030,   -0.000058,    0.000142
   32     0.000038,   -0.000036,   -0.000015,   -0.000069,    0.000167
   33     0.000031,   -0.000021,   -0.000004,   -0.000043,    0.000047
   34     0.000001,   -0.000000,   -0.000003,    0.000001,    0.000005
   35     0.000000,   -0.000001,   -0.000003,   -0.000000,    0.000009
   36    -0.000002,    0.000000,    0.000003,    0.000004,   -0.000009
   37    -0.000002,   -0.000012,   -0.000003,    0.000008,    0.000005
   38    -0.000001,   -0.000003,    0.000000,    0.000002,    0.000009
   39     0.000001,    0.000002,    0.000003,    0.000001,   -0.000004
   40    -0.000000,   -0.000000,   -0.000001,    0.000001,    0.000001
   41     0.000000,    0.000001,    0.000001,   -0.000001,   -0.000002
   42     0.000001,    0.000001,   -0.000001,   -0.000002,   -0.000000
   43     0.000001,    0.000001,    0.000002,   -0.000002,   -0.000002
   44    -0.000001,   -0.000002,   -0.000000,    0.000002,   -0.000002
   45     0.000034,    0.000042,   -0.000016,   -0.000069,   -0.000081
   46     0.000046,    0.000070,    0.000019,   -0.000090,   -0.000077
   47     0.000019,    0.000041,    0.000008,   -0.000041,   -0.000020
   48     0.000002,   -0.000000,   -0.000002,   -0.000000,    0.000004
   49     0.000002,    0.000003,   -0.000001,   -0.000002,   -0.000006
   50     0.000002,    0.000003,   -0.000003,   -0.000005,   -0.000004
   51     0.000001,    0.000007,    0.000005,    0.000004,    0.000015
   52     0.000004,    0.000005,    0.000006,   -0.000002,   -0.000003
   53     0.000003,    0.000007,    0.000003,   -0.000005,    0.000007
   54     0.000001,    0.000000,   -0.000000,    0.000000,    0.000001
   55     0.000000,    0.000001,   -0.000000,    0.000000,   -0.000000
   56     0.000000,    0.000000,   -0.000001,   -0.000001,    0.000001
   57    -0.000000,   -0.000000,   -0.000001,    0.000001,    0.000002
   58    -0.000001,    0.000000,    0.000001,    0.000002,    0.000002
   59    -0.000073,    0.000002,    0.000020,    0.000077,   -0.000095
   60    -0.000115,   -0.000001,   -0.000065,    0.000125,   -0.000150
   61    -0.000056,   -0.000003,    0.000011,    0.000072,   -0.000033
   62    -0.000001,    0.000000,    0.000002,    0.000001,   -0.000006
   63     0.000005,   -0.000000,   -0.000000,   -0.000004,    0.000007
   64    -0.000000,   -0.000000,   -0.000000,    0.000000,    0.000005
   65    -0.000001,   -0.000001,   -0.000025,    0.000001,   -0.000012
   66     0.000006,   -0.000001,    0.000019,   -0.000003,    0.000012
   67    -0.000001,   -0.000001,   -0.000001,    0.000001,    0.000009
   68     0.000001,    0.000000,    0.000001,   -0.000001,    0.000001
   69    -0.000000,    0.000000,   -0.000000,   -0.000000,   -0.000001
   70     0.000001,    0.000000,    0.000000,   -0.000001,    0.000001
   71    -0.000000,    0.000000,   -0.000000,    0.000000,    0.000002
   72     0.000002,    0.000000,    0.000000,   -0.000002,    0.000001
   73     0.000206,    0.000024,    0.000197,   -0.000246,    0.000014
   74     0.000364,    0.000030,    0.000334,   -0.000425,    0.000019
   75    -0.000425,    0.000018,   -0.000339,    0.000451,    0.000004
   76    -0.000413,    0.000131,   -0.000397,    0.000450,    0.000044
   77     0.000070,    0.000035,    0.000063,   -0.000130,    0.000001
   78    -0.000629,   -0.000082,   -0.000574,    0.000716,   -0.000383
   79     0.000563,    0.000152,    0.000498,   -0.000995,   -0.000027
   80    -0.000307,   -0.000006,   -0.000188,    0.000217,   -0.000186
   81    -0.000427,   -0.000017,   -0.000434,    0.000482,   -0.000250
   82     0.000419,    0.000095,    0.000396,   -0.000722,   -0.000014
   83    -0.000206,    0.000024,   -0.000117,    0.000143,   -0.000114
   84    -0.000102,    0.000008,   -0.000111,    0.000115,   -0.000054
   85     0.000084,    0.000006,    0.000111,   -0.000149,    0.000001
   86    -0.000057,    0.000024,   -0.000026,    0.000038,   -0.000025
   87     0.000042,    0.000014,    0.000000,   -0.000052,    0.000018
   88    -0.000008,    0.000026,    0.000004,    0.000003,    0.000005
   89     0.000019,    0.000011,    0.000023,   -0.000033,    0.000004
   90    -0.000003,   -0.000023,   -0.000010,    0.000004,   -0.000022
   91     0.000001,   -0.000006,   -0.000040,    0.000001,   -0.000016
   92     0.000065,    0.000019,   -0.000009,   -0.000082,    0.000022
   93     0.000003,    0.000080,    0.000029,   -0.000009,    0.000032
   94     0.000033,    0.000019,    0.000052,   -0.000053,    0.000014
   95    -0.000008,   -0.000058,   -0.000026,    0.000010,   -0.000056
   96     0.000020,   -0.000005,   -0.000087,   -0.000031,   -0.000042
   97     0.000011,    0.000002,    0.000015,   -0.000015,    0.000002
   98     0.000002,    0.000012,    0.000005,   -0.000002,    0.000012
   99    -0.000010,    0.000000,   -0.000003,    0.000013,    0.000003
  100     0.000003,    0.000012,    0.000006,   -0.000003,    0.000006
  101     0.000007,    0.000003,    0.000009,   -0.000008,    0.000006
  102    -0.000001,   -0.000006,   -0.000003,    0.000001,   -0.000003
  103     0.000010,    0.000002,   -0.000019,   -0.000015,   -0.000004
  104     0.000153,    0.000001,    0.000133,   -0.000220,    0.000051
  105     0.000187,   -0.000016,    0.000176,   -0.000259,    0.000058
  106     0.000037,   -0.000066,    0.000055,   -0.000045,    0.000006
  107    -0.000008,    0.000002,   -0.000010,    0.000009,   -0.000004
  108    -0.000005,   -0.000002,   -0.000002,    0.000005,   -0.000005
  109     0.000013,    0.000003,    0.000011,   -0.000021,    0.000003
  110    -0.000014,   -0.000003,   -0.000017,    0.000015,   -0.000011
  111     0.000004,   -0.000001,    0.000003,   -0.000012,   -0.000006
  112     0.000009,    0.000009,    0.000008,   -0.000020,    0.000001
  113     0.000002,   -0.000000,    0.000002,   -0.000003,    0.000001
  114    -0.000000,    0.000000,    0.000000,   -0.000000,   -0.000001
  115     0.000002,    0.000000,    0.000002,   -0.000004,   -0.000001
  116    -0.000004,   -0.000000,   -0.000005,    0.000004,   -0.000003
  117     0.000001,   -0.000000,    0.000000,   -0.000003,   -0.000001
  118    -0.000049,    0.000086,    0.000040,   -0.000085,   -0.000037
  119    -0.000061,    0.000062,    0.000052,   -0.000090,   -0.000061
  120    -0.000022,    0.000076,    0.000069,   -0.000015,    0.000024
  121    -0.000009,   -0.000004,   -0.000013,    0.000010,   -0.000009
  122     0.000011,   -0.000000,    0.000009,   -0.000007,    0.000006
  123    -0.000001,   -0.000006,   -0.000005,    0.000013,    0.000003
  124    -0.000014,   -0.000006,   -0.000018,    0.000016,   -0.000014
  125     0.000024,    0.000017,    0.000021,   -0.000028,    0.000012
  126    -0.000001,    0.000012,    0.000004,    0.000012,    0.000012
  127     0.000003,    0.000002,    0.000003,   -0.000003,    0.000003
  128    -0.000003,   -0.000001,   -0.000002,    0.000002,   -0.000001
  129     0.000003,    0.000002,    0.000003,   -0.000006,    0.000001
  130     0.000004,    0.000002,    0.000006,   -0.000004,    0.000004
  131     0.000004,    0.000001,    0.000002,   -0.000005,    0.000001
  132     0.000026,    0.001570,   -0.000921,   -0.000205,    0.000639
  133     0.000042,    0.002342,   -0.001373,   -0.000292,    0.000946
  134    -0.000031,   -0.001282,    0.000751,    0.000090,   -0.000492
  135     0.000000,   -0.001082,    0.000688,    0.000051,   -0.000406
  136     0.000048,   -0.000102,    0.000131,   -0.000053,   -0.000005
  137     0.001281,   -0.000246,    0.000134,   -0.001757,   -0.000193
  138     0.000124,    0.000283,   -0.001913,   -0.000289,   -0.000517
  139    -0.000229,   -0.001459,   -0.000654,    0.000278,   -0.001037
  140     0.000832,   -0.000087,    0.000004,   -0.001153,   -0.000110
  141     0.000107,    0.000139,   -0.001223,   -0.000221,   -0.000360
  142    -0.000152,   -0.000993,   -0.000442,    0.000186,   -0.000706
  143     0.000215,   -0.000029,   -0.000031,   -0.000299,   -0.000040
  144     0.000040,    0.000037,   -0.000343,   -0.000069,   -0.000097
  145    -0.000036,   -0.000280,   -0.000121,    0.000048,   -0.000198
  146     0.000057,   -0.000007,    0.000006,   -0.000074,   -0.000003
  147     0.000004,    0.000058,    0.000023,   -0.000007,    0.000037
  148     0.000003,   -0.000007,    0.000069,   -0.000001,    0.000017
  149     0.000005,   -0.000002,    0.000002,   -0.000003,    0.000001
  150    -0.000007,    0.000003,   -0.000044,    0.000012,   -0.000006
  151     0.000050,    0.000015,   -0.000001,   -0.000065,    0.000011
  152    -0.000005,    0.000053,    0.000015,   -0.000000,    0.000029
  153     0.000004,    0.000009,    0.000042,   -0.000002,    0.000018
  154     0.000012,    0.000003,    0.000008,   -0.000009,    0.000009
  155    -0.000014,   -0.000010,   -0.000024,    0.000028,    0.000000
  156    -0.000010,   -0.000009,   -0.000004,    0.000014,   -0.000006
  157     0.000003,    0.000004,    0.000003,   -0.000003,    0.000005
  158     0.000002,    0.000007,   -0.000002,   -0.000002,    0.000004
  159     0.000003,    0.000003,    0.000003,   -0.000002,    0.000003
  160    -0.000009,   -0.000004,   -0.000003,    0.000012,   -0.000002
  161    -0.000001,    0.000001,   -0.000000,    0.000001,    0.000000
  162     0.000002,    0.000001,   -0.000005,   -0.000006,   -0.000006
  163     0.000057,    0.000182,    0.000877,   -0.000034,    0.000387
  164     0.000068,    0.000236,    0.001055,   -0.000041,    0.000467
  165     0.000002,    0.000116,    0.000282,    0.000000,    0.000143
  166     0.000018,   -0.000004,   -0.000004,   -0.000026,   -0.000006
  167     0.000007,    0.000016,    0.000037,   -0.000007,    0.000021
  168     0.000003,   -0.000006,    0.000079,    0.000000,    0.000023
  169     0.000035,   -0.000010,   -0.000003,   -0.000050,   -0.000009
  170     0.000011,    0.000008,    0.000025,   -0.000012,    0.000011
  171     0.000003,   -0.000042,    0.000089,    0.000003,    0.000005
  172     0.000005,   -0.000002,   -0.000000,   -0.000008,   -0.000002
  173     0.000002,   -0.000003,    0.000010,   -0.000001,    0.000001
  174    -0.000000,   -0.000010,    0.000014,    0.000001,   -0.000001
  175     0.000008,   -0.000001,   -0.000001,   -0.000011,   -0.000002
  176    -0.000002,   -0.000001,   -0.000001,    0.000002,   -0.000001
  177     0.000479,   -0.000282,   -0.000286,   -0.000667,   -0.000292
  178     0.000575,   -0.000323,   -0.000382,   -0.000793,   -0.000350
  179     0.000161,   -0.000060,   -0.000137,   -0.000219,   -0.000083
  180    -0.000031,    0.000027,    0.000029,    0.000044,    0.000029
  181    -0.000032,    0.000025,   -0.000010,    0.000043,    0.000013
  182    -0.000003,   -0.000022,   -0.000010,    0.000004,   -0.000016
  183    -0.000018,    0.000041,    0.000027,    0.000025,    0.000036
  184    -0.000033,    0.000041,   -0.000039,    0.000040,    0.000012
  185    -0.000007,   -0.000042,   -0.000019,    0.000008,   -0.000030
  186     0.000006,   -0.000010,    0.000006,   -0.000007,   -0.000004
  187     0.000001,    0.000006,    0.000003,   -0.000001,    0.000004
  188    -0.000003,    0.000005,   -0.000001,    0.000003,    0.000003
  189     0.000002,    0.000008,    0.000004,   -0.000002,    0.000006
  190    -0.000002,   -0.000001,   -0.000011,    0.000002,   -0.000005
  191    -0.000087,   -0.000856,    0.000425,    0.000151,   -0.000335
  192    -0.000107,   -0.001018,    0.000508,    0.000183,   -0.000396
  193    -0.000033,   -0.000277,    0.000122,    0.000057,   -0.000109
  194     0.000021,    0.000002,   -0.000000,   -0.000028,   -0.000001
  195    -0.000005,   -0.000060,    0.000003,    0.000008,   -0.000033
  196     0.000005,    0.000064,   -0.000053,   -0.000011,    0.000018
  197     0.000038,    0.000003,    0.000002,   -0.000052,   -0.000004
  198    -0.000004,   -0.000070,   -0.000011,    0.000005,   -0.000045
  199     0.000003,    0.000065,   -0.000077,   -0.000010,    0.000011
  200     0.000006,    0.000000,    0.000001,   -0.000008,    0.000000
  201     0.000000,    0.000016,   -0.000004,   -0.000001,    0.000008
  202     0.000001,   -0.000004,    0.000016,   -0.000000,    0.000003
  203    -0.000008,   -0.000001,   -0.000000,    0.000012,    0.000000
  204     0.000000,    0.000008,    0.000003,    0.000000,    0.000006
Detailed time report:
Overall   |:    4.545 s for SCF Preparation
ISDF      |:    0.000 s for ISDF initialization
InitGuess |:    0.953 s for Prepare initial guess
DFT Grids |:    3.261 s for Initialization of the tabulated Grids and AOs
CInt      |:    0.331 s for Two, Three, and Four-center integrals
total electron number:      25.99993666
The evaluation of Vj, Vk and Vxc matrices cost       0.01,       0.04 and       0.28 seconds, respectively
Exc:     -16.15151637, Vxc:     -10.35105811
The total energy:      -118.8290976036 Ha by the initial guess
total electron number:      25.99991034
The evaluation of Vj, Vk and Vxc matrices cost       0.01,       0.02 and       0.27 seconds, respectively
Exc:     -14.98552303, Vxc:      -9.58833938
Hamiltonian: generation by       0.30s and DIIS extrapolation by       0.00s
Energy:    -118.5282803014 Ha after    1 iterations (in       0.33 seconds).
Detailed timing info in this SCF step:
prepare_next_input:            0.30s
diagonalize_hamiltonian:       0.03s
generate_density_matrix:       0.00s
check_scf_convergence:         0.00s
scf_records.update:            0.00s
total electron number:      25.99994420
The evaluation of Vj, Vk and Vxc matrices cost       0.00,       0.04 and       0.27 seconds, respectively
Exc:     -16.44737066, Vxc:     -10.54509406
Hamiltonian: generation by       0.32s and DIIS extrapolation by       0.00s
SCF Change: DM 5.48795e-3; eev  3.18219e0 Ha; etot 3.37845e-1 Ha
Energy:    -118.1904351706 Ha after    2 iterations (in       0.34 seconds).
Detailed timing info in this SCF step:
prepare_next_input:            0.32s
diagonalize_hamiltonian:       0.02s
generate_density_matrix:       0.00s
check_scf_convergence:         0.00s
scf_records.update:            0.00s
total electron number:      25.99992657
The evaluation of Vj, Vk and Vxc matrices cost       0.00,       0.04 and       0.28 seconds, respectively
Exc:     -15.64287281, Vxc:     -10.01817596
Hamiltonian: generation by       0.33s and DIIS extrapolation by       0.01s
SCF Change: DM 3.67054e-4; eev 2.70398e-1 Ha; etot -1.00389e0 Ha
Energy:    -119.1943230762 Ha after    3 iterations (in       0.37 seconds).
Detailed timing info in this SCF step:
prepare_next_input:            0.34s
diagonalize_hamiltonian:       0.03s
generate_density_matrix:       0.00s
check_scf_convergence:         0.00s
scf_records.update:            0.00s
total electron number:      25.99993052
The evaluation of Vj, Vk and Vxc matrices cost       0.01,       0.03 and       0.27 seconds, respectively
Exc:     -15.62406800, Vxc:     -10.00584081
Hamiltonian: generation by       0.32s and DIIS extrapolation by       0.01s
SCF Change: DM 1.28428e-4; eev 3.66479e-2 Ha; etot -6.41010e-4 Ha
Energy:    -119.1949640860 Ha after    4 iterations (in       0.35 seconds).
Detailed timing info in this SCF step:
prepare_next_input:            0.33s
diagonalize_hamiltonian:       0.02s
generate_density_matrix:       0.00s
check_scf_convergence:         0.00s
scf_records.update:            0.00s
total electron number:      25.99992893
The evaluation of Vj, Vk and Vxc matrices cost       0.01,       0.03 and       0.24 seconds, respectively
Exc:     -15.62748380, Vxc:     -10.00805595
Hamiltonian: generation by       0.28s and DIIS extrapolation by       0.01s
SCF Change: DM 3.28562e-5; eev 1.14629e-2 Ha; etot -3.87148e-4 Ha
Energy:    -119.1953512345 Ha after    5 iterations (in       0.31 seconds).
Detailed timing info in this SCF step:
prepare_next_input:            0.29s
diagonalize_hamiltonian:       0.02s
generate_density_matrix:       0.00s
check_scf_convergence:         0.00s
scf_records.update:            0.00s
total electron number:      25.99992923
The evaluation of Vj, Vk and Vxc matrices cost       0.00,       0.02 and       0.24 seconds, respectively
Exc:     -15.62749617, Vxc:     -10.00805889
Hamiltonian: generation by       0.27s and DIIS extrapolation by       0.01s
SCF Change: DM 6.01147e-6; eev 1.50274e-3 Ha; etot -2.53534e-5 Ha
Energy:    -119.1953765879 Ha after    6 iterations (in       0.30 seconds).
Detailed timing info in this SCF step:
prepare_next_input:            0.28s
diagonalize_hamiltonian:       0.02s
generate_density_matrix:       0.00s
check_scf_convergence:         0.00s
scf_records.update:            0.00s
total electron number:      25.99992925
The evaluation of Vj, Vk and Vxc matrices cost       0.00,       0.04 and       0.26 seconds, respectively
Exc:     -15.62718983, Vxc:     -10.00786006
Hamiltonian: generation by       0.30s and DIIS extrapolation by       0.01s
SCF Change: DM 1.15545e-6; eev 1.53973e-4 Ha; etot -5.14058e-7 Ha
Energy:    -119.1953771020 Ha after    7 iterations (in       0.34 seconds).
Detailed timing info in this SCF step:
prepare_next_input:            0.32s
diagonalize_hamiltonian:       0.02s
generate_density_matrix:       0.00s
check_scf_convergence:         0.00s
scf_records.update:            0.00s
total electron number:      25.99992924
The evaluation of Vj, Vk and Vxc matrices cost       0.00,       0.02 and       0.24 seconds, respectively
Exc:     -15.62716292, Vxc:     -10.00784252
Hamiltonian: generation by       0.27s and DIIS extrapolation by       0.01s
SCF Change: DM 1.57139e-7; eev 4.17341e-5 Ha; etot -1.20379e-8 Ha
Energy:    -119.1953771140 Ha after    8 iterations (in       0.31 seconds).
Detailed timing info in this SCF step:
prepare_next_input:            0.29s
diagonalize_hamiltonian:       0.02s
generate_density_matrix:       0.00s
check_scf_convergence:         0.00s
scf_records.update:            0.00s
total electron number:      25.99992924
The evaluation of Vj, Vk and Vxc matrices cost       0.00,       0.03 and       0.28 seconds, respectively
Exc:     -15.62716322, Vxc:     -10.00784267
Hamiltonian: generation by       0.32s and DIIS extrapolation by       0.01s
SCF Change: DM 2.08082e-8; eev 2.98095e-6 Ha; etot -2.76643e-10 Ha
Energy:    -119.1953771143 Ha after    9 iterations (in       0.36 seconds).
Detailed timing info in this SCF step:
prepare_next_input:            0.34s
diagonalize_hamiltonian:       0.02s
generate_density_matrix:       0.00s
check_scf_convergence:         0.00s
scf_records.update:            0.00s
total electron number:      25.99992924
The evaluation of Vj, Vk and Vxc matrices cost       0.00,       0.04 and       0.27 seconds, respectively
Exc:     -15.62716382, Vxc:     -10.00784306
Hamiltonian: generation by       0.32s and DIIS extrapolation by       0.02s
SCF Change: DM 2.48178e-9; eev 5.81078e-7 Ha; etot -3.51008e-12 Ha
Energy:    -119.1953771143 Ha after   10 iterations (in       0.36 seconds).
Detailed timing info in this SCF step:
prepare_next_input:            0.34s
diagonalize_hamiltonian:       0.02s
generate_density_matrix:       0.00s
check_scf_convergence:         0.00s
scf_records.update:            0.00s
SCF is converged after   10 iterations.
   State    Occupation        Eigenvalue
       0       2.00000        -10.165513
       1       2.00000        -10.156864
       2       2.00000        -10.156860
       3       2.00000         -0.781475
       4       2.00000         -0.682004
       5       2.00000         -0.586043
       6       2.00000         -0.458809
       7       2.00000         -0.438476
       8       2.00000         -0.400545
       9       2.00000         -0.382804
      10       2.00000         -0.340751
      11       2.00000         -0.339185
      12       2.00000         -0.329806
      13       0.00000          0.035389
      14       0.00000          0.076280
      15       0.00000          0.083138
==========================================
Now evaluate the    PT2 correlation energy
==========================================
generate RI3MO only for occ_range:0..13, vir_range:13..205
Finish the RI3MO generation
Exc_scf: (-15.627163903260925,0.2),Exc_pos: (-4.457936784613283,0.7731)
----------------------------------------------------------------------
Methods         :       Total Corr,          OS Corr,          SS Corr
----------------------------------------------------------------------
PT2             :      -0.82310920,      -0.65041617,      -0.17269302
----------------------------------------------------------------------
Fifth-rung correlation energy :      -0.283841617623 Ha
E[XYGJOS]=:    -118.85618815 Ha, Ex[HF]:     -18.40201804 Ha, Ec[PT2  ]:      -0.82310920 Ha
Detailed time report:
ao2mo     |:    0.083 s for for the generation of RI3MO
c_r5dft   |:    0.030 s for for advanced correlations
xc_energy |:    0.346 s for for x_hf, xc_scf, xc_xdh
Mulliken population:
 0-C-S-0              0.85356
 0-C-S-0              1.11669
 0-C-S-0              0.52039
 0-C-S-0              0.59469
 0-C-S-0              0.13526
 0-C-P-0              0.44810
 0-C-P-1              0.45099
 0-C-P-2              0.45584
 0-C-P-0              0.40041
 0-C-P-1              0.40011
 0-C-P-2              0.42002
 0-C-P-0              0.10326
 0-C-P-1              0.12644
 0-C-P-2              0.14636
 0-C-D-0              0.00484
 0-C-D-1              0.00562
 0-C-D-2              0.00341
 0-C-D-3              0.00062
 0-C-D-4              0.00228
 0-C-D-0              0.00963
 0-C-D-1              0.01773
 0-C-D-2              0.00347
 0-C-D-3              0.00685
 0-C-D-4              0.01182
 0-C-F-0              0.00078
 0-C-F-1              0.00047
 0-C-F-2              0.00080
 0-C-F-3              0.00031
 0-C-F-4              0.00025
 0-C-F-5              0.00020
 0-C-F-6              0.00078
 1-H-S-0              0.27990
 1-H-S-0              0.47637
 1-H-S-0              0.13502
 1-H-P-0              0.00121
 1-H-P-1              0.00286
 1-H-P-2              0.00416
 1-H-P-0              0.00908
 1-H-P-1              0.00826
 1-H-P-2              0.00813
 1-H-D-0              0.00035
 1-H-D-1              0.00014
 1-H-D-2              0.00056
 1-H-D-3              0.00047
 1-H-D-4              0.00014
 2-H-S-0              0.27990
 2-H-S-0              0.47635
 2-H-S-0              0.13503
 2-H-P-0              0.00121
 2-H-P-1              0.00286
 2-H-P-2              0.00417
 2-H-P-0              0.00908
 2-H-P-1              0.00826
 2-H-P-2              0.00812
 2-H-D-0              0.00035
 2-H-D-1              0.00014
 2-H-D-2              0.00055
 2-H-D-3              0.00047
 2-H-D-4              0.00014
 3-H-S-0              0.28008
 3-H-S-0              0.47272
 3-H-S-0              0.13017
 3-H-P-0              0.00440
 3-H-P-1              0.00264
 3-H-P-2              0.00122
 3-H-P-0              0.00870
 3-H-P-1              0.00814
 3-H-P-2              0.00887
 3-H-D-0              0.00016
 3-H-D-1              0.00030
 3-H-D-2              0.00002
 3-H-D-3              0.00042
 3-H-D-4              0.00073
 4-C-S-0              0.85342
 4-C-S-0              1.11710
 4-C-S-0              0.51055
 4-C-S-0              0.62194
 4-C-S-0              0.07640
 4-C-P-0              0.43657
 4-C-P-1              0.44614
 4-C-P-2              0.45933
 4-C-P-0              0.37842
 4-C-P-1              0.40242
 4-C-P-2              0.40436
 4-C-P-0              0.04842
 4-C-P-1              0.08820
 4-C-P-2              0.12774
 4-C-D-0              0.00522
 4-C-D-1              0.00644
 4-C-D-2              0.00344
 4-C-D-3              0.00120
 4-C-D-4              0.00333
 4-C-D-0              0.01213
 4-C-D-1              0.02616
 4-C-D-2              0.00588
 4-C-D-3              0.01468
 4-C-D-4              0.02538
 4-C-F-0              0.00114
 4-C-F-1              0.00092
 4-C-F-2              0.00090
 4-C-F-3              0.00061
 4-C-F-4              0.00036
 4-C-F-5              0.00019
 4-C-F-6              0.00151
 5-H-S-0              0.28231
 5-H-S-0              0.48951
 5-H-S-0              0.13703
 5-H-P-0              0.00122
 5-H-P-1              0.00297
 5-H-P-2              0.00410
 5-H-P-0              0.00858
 5-H-P-1              0.01023
 5-H-P-2              0.00823
 5-H-D-0              0.00038
 5-H-D-1              0.00015
 5-H-D-2              0.00058
 5-H-D-3              0.00050
 5-H-D-4              0.00015
 6-H-S-0              0.28233
 6-H-S-0              0.48950
 6-H-S-0              0.13703
 6-H-P-0              0.00122
 6-H-P-1              0.00297
 6-H-P-2              0.00410
 6-H-P-0              0.00858
 6-H-P-1              0.01023
 6-H-P-2              0.00823
 6-H-D-0              0.00038
 6-H-D-1              0.00015
 6-H-D-2              0.00057
 6-H-D-3              0.00050
 6-H-D-4              0.00015
 7-C-S-0              0.85356
 7-C-S-0              1.11669
 7-C-S-0              0.52039
 7-C-S-0              0.59469
 7-C-S-0              0.13526
 7-C-P-0              0.44810
 7-C-P-1              0.45099
 7-C-P-2              0.45584
 7-C-P-0              0.40041
 7-C-P-1              0.40011
 7-C-P-2              0.42002
 7-C-P-0              0.10326
 7-C-P-1              0.12644
 7-C-P-2              0.14636
 7-C-D-0              0.00484
 7-C-D-1              0.00562
 7-C-D-2              0.00341
 7-C-D-3              0.00062
 7-C-D-4              0.00228
 7-C-D-0              0.00963
 7-C-D-1              0.01773
 7-C-D-2              0.00347
 7-C-D-3              0.00685
 7-C-D-4              0.01182
 7-C-F-0              0.00078
 7-C-F-1              0.00047
 7-C-F-2              0.00080
 7-C-F-3              0.00031
 7-C-F-4              0.00025
 7-C-F-5              0.00020
 7-C-F-6              0.00078
 8-H-S-0              0.27990
 8-H-S-0              0.47635
 8-H-S-0              0.13503
 8-H-P-0              0.00121
 8-H-P-1              0.00286
 8-H-P-2              0.00417
 8-H-P-0              0.00908
 8-H-P-1              0.00826
 8-H-P-2              0.00812
 8-H-D-0              0.00035
 8-H-D-1              0.00014
 8-H-D-2              0.00055
 8-H-D-3              0.00047
 8-H-D-4              0.00014
 9-H-S-0              0.28008
 9-H-S-0              0.47272
 9-H-S-0              0.13017
 9-H-P-0              0.00440
 9-H-P-1              0.00264
 9-H-P-2              0.00122
 9-H-P-0              0.00870
 9-H-P-1              0.00814
 9-H-P-2              0.00887
 9-H-D-0              0.00016
 9-H-D-1              0.00030
 9-H-D-2              0.00002
 9-H-D-3              0.00042
 9-H-D-4              0.00073
10-H-S-0              0.27990
10-H-S-0              0.47637
10-H-S-0              0.13502
10-H-P-0              0.00121
10-H-P-1              0.00286
10-H-P-2              0.00416
10-H-P-0              0.00908
10-H-P-1              0.00826
10-H-P-2              0.00813
10-H-D-0              0.00035
10-H-D-1              0.00014
10-H-D-2              0.00056
10-H-D-3              0.00047
10-H-D-4              0.00014
Mulliken population analysis:
  0-C  :  -0.241983
  1-H  :   0.073365
  2-H  :   0.073371
  3-H  :   0.081437
  4-C  :  -0.080497
  5-H  :   0.054059
  6-H  :   0.054059
  7-C  :  -0.241983
  8-H  :   0.073371
  9-H  :   0.081437
 10-H  :   0.073365

====================================================
              REST: Mission accomplished
====================================================
The SCF energy        :    -119.1953771143 Ha
The (R)-xDH energy    :    -118.8561881512 Ha
Detailed time report:
PT2       |:    0.460 s for the PT2 evaluation
SCF       |:    8.288 s for the scf procedure
Overall   |:    9.260 s for the whole job
