=========================================================
Input parameters for the REST calculation
=========================================================
Calculation type: Single-point energy
The exchange-correlation method: xygjos
Print level:                3
The number of threads used for parallelism:      4
The spheric-GTO basis set is taken from /home/symei/def2-TZVPP
The pruning method is nwchem
The radial grid generation method is treutler
ERI Type: ri_v
Turn on the basis pair symmetry for RI 3D-tensors
The spheric-GTO auxiliary basis set is taken from /home/symei/def2-SV(P)-JKFIT
Spin polarization: Off
Charge:   0; Spin:   1
min_num_angular_points: 110
max_num_angular_points: 590
hardness: 3
Grid generation level: 3
Even tempered basis generation: false
SCF convergency thresholds: 1e-8 for density matrix
                            1e-6 Ha. for sum of eigenvalues
                            1e-8 Ha. for total energy
Max. SCF cycle number:      100
The diis mixing with (param, max_vec_len) = (0.2, 8) is employed for the SCF procedure
Turn on the diis mixing after 1 step(s) of SCF iteractions with the linear mixing
The specified checkfile exists but is not loaded because the keyword 'external_init_guess' is specified
It will be updated after the SCF procedure 
(none)
Initial guess is prepared by (sad).
It is a finite cluster calculation
the scf functional for 'xygjos' contains
The density functional 'B3LYP' belongs to the 'Hybrid GGA' family and is defined in the reference(s):
(0): P. J. Stephens, F. J. Devlin, C. F. Chabalowski, and M. J. Frisch.,  J. Phys. Chem. 98, 11623 (1994)
the post-scf functional 'xygjos' is employed, which contains
The density functional 'Slater exchange' belongs to the 'LDA' family and is defined in the reference(s):
(0): P. A. M. Dirac.,  Math. Proc. Cambridge Philos. Soc. 26, 376 (1930)
(1): F. Bloch.,  Z. Phys. 57, 545 (1929)
The density functional 'Becke 88' belongs to the 'GGA' family and is defined in the reference(s):
(0): A. D. Becke.,  Phys. Rev. A 38, 3098 (1988)
The density functional 'Vosko, Wilk & Nusair (VWN5_RPA)' belongs to the 'LDA' family and is defined in the reference(s):
(0): S. H. Vosko, L. Wilk, and M. Nusair.,  Can. J. Phys. 58, 1200 (1980)
The density functional 'Lee, Yang & Parr' belongs to the 'GGA' family and is defined in the reference(s):
(0): C. Lee, W. Yang, and R. G. Parr.,  Phys. Rev. B 37, 785 (1988)
(1): B. Miehlich, A. Savin, H. Stoll, and H. Preuss.,  Chem. Phys. Lett. 157, 200 (1989)
For SCF calculation, no core orbital is frozen by effective core potential (ECP) approximation
Libxc version used in REST: 7.0.0
nbas: 33, natm: 3 for standard basis sets
First valence state for the frozen-core algorithm:     5
final nbas: 124,final natm: 6
numbasis: 93, num_auxbas: 361
Molecule_name: hobr
job_type = "SinglePoint"
print_level = 3
basis_path = "/home/symei/def2-TZVPP"
basis_type = "spheric"
auxbas_path = "/home/symei/def2-SV(P)-JKFIT"
auxbas_type = "spheric"
use_auxbas = true
even_tempered_basis = false
etb_start_atom_number = 1
etb_beta = 1.0
ri_k_only = false
auxbasis_response = false
use_isdf = false
isdf_k_only = false
isdf_k_mu = 8
isdf_new = false
eri_type = "ri_v"
use_ri_symm = true
xc = "xygjos"
post_xc = []
post_correlation = []
post_ai_correction = "none"
charge = 0.0
spin = 1.0
spin_channel = 1
spin_polarization = false
frozen_core_postscf = 2
frequency_points = 20
lambda_points = 20
freq_grid_type = 0
freq_cut_off = 10.0
radial_precision = 0.000000000001
min_num_angular_points = 110
max_num_angular_points = 590
grid_gen_level = 3
hardness = 3
pruning = "nwchem"
rad_grid_method = "treutler"
external_grids = "grids"
mixer = "diis"
mix_param = 0.2
num_max_diis = 8
start_diis_cycle = 1
start_check_oscillation = 20
max_scf_cycle = 100
scf_acc_rho = 0.00000001
scf_acc_eev = 0.000001
scf_acc_etot = 0.00000001
restart = false
chkfile = "none"
chkfile_type = "hdf5"
guessfile = "none"
guessfile_type = "none"
external_init_guess = false
initial_guess = "sad"
noiter = false
check_stab = false
use_dm_only = false
use_ri_vj = true
fciqmc_dump = false
outputs = []
cube_orb_setting = [3.0, 80.0]
cube_orb_indices = []
atom_sad = false
occupation_type = "INTEGER"
frac_tolerant = 0.001
deep_pot = false
bench_eps = false
num_threads = 4
batch_size = 64
nforce_displacement = 0.0013
force_state_occupation = []
auxiliary_reference_states = []
pt2_mpi_mode = 0

Restricted Hartree-Fock (or Kohn-Sham) algorithm is invoked.
Nuc_energy:      93.01876513 Hartree
no empirical dispersion correction is employed
No ghost effective potential
No ghost point charges
Detailed time report:
inv_sqrt  |:    0.047 s for for the sqrt inverse of aux_ij
prim ri   |:    0.059 s for for the pure three-center integrals
aux_ij    |:    0.008 s for for the coulomb matrix of auxiliary basis
all ri    |:    0.131 s for for the total evaluations of ri3fn
ri_v      |:    0.017 s for for RI dot aux_v^{-1/2}
Overlap matrix is nonsigular:
  Lowest eigenvalue:       0.00274634 with the total number of basis functions:     93
Grid size: 45190
Generate SAD of O
the functional of 'hf' contains
For SCF calculation, no core orbital is frozen by effective core potential (ECP) approximation
Libxc version used in REST: 7.0.0
nbas: 11, natm: 1 for standard basis sets
First valence state for the frozen-core algorithm:     0
final nbas: 36,final natm: 2
numbasis: 31, num_auxbas: 77
Restricted Hartree-Fock (or Kohn-Sham) algorithm is invoked.
Nuc_energy:       0.00000000 Hartree
no empirical dispersion correction is employed
No ghost effective potential
No ghost point charges
Detailed time report:
inv_sqrt  |:    0.003 s for for the sqrt inverse of aux_ij
all ri    |:    0.008 s for for the total evaluations of ri3fn
prim ri   |:    0.003 s for for the pure three-center integrals
aux_ij    |:    0.002 s for for the coulomb matrix of auxiliary basis
ri_v      |:    0.000 s for for RI dot aux_v^{-1/2}
Overlap matrix is nonsigular:
  Lowest eigenvalue:       0.03024690 with the total number of basis functions:     31
Grid size: 14262
Initial guess from SAP
The evaluation of vmat costs             0.01 seconds
Detailed time report:
DFT Grids |:    0.036 s for Initialization of the tabulated Grids and AOs
InitGuess |:    0.017 s for Prepare initial guess
Overall   |:    0.062 s for SCF Preparation
CInt      |:    0.009 s for Two, Three, and Four-center integrals
ISDF      |:    0.000 s for ISDF initialization
Exc:       0.00000000, Vxc:       0.00000000
The total energy:       -74.2820198992 Ha by the initial guess
Exc:       0.00000000, Vxc:       0.00000000
Energy:     -74.2872999342 Ha after    1 iterations (in       0.00 seconds).
Detailed timing info in this SCF step:
prepare_next_input:            0.00s
diagonalize_hamiltonian:       0.00s
generate_density_matrix:       0.00s
check_scf_convergence:         0.00s
scf_records.update:            0.00s
Exc:       0.00000000, Vxc:       0.00000000
SCF Change: DM 9.02252e-4; eev 6.31761e-2 Ha; etot -8.74496e-3 Ha
Energy:     -74.2960448967 Ha after    2 iterations (in       0.00 seconds).
Detailed timing info in this SCF step:
prepare_next_input:            0.00s
diagonalize_hamiltonian:       0.00s
generate_density_matrix:       0.00s
check_scf_convergence:         0.00s
scf_records.update:            0.00s
Exc:       0.00000000, Vxc:       0.00000000
SCF Change: DM 2.08873e-4; eev 6.44051e-2 Ha; etot -1.92038e-3 Ha
Energy:     -74.2979652749 Ha after    3 iterations (in       0.00 seconds).
Detailed timing info in this SCF step:
prepare_next_input:            0.00s
diagonalize_hamiltonian:       0.00s
generate_density_matrix:       0.00s
check_scf_convergence:         0.00s
scf_records.update:            0.00s
Exc:       0.00000000, Vxc:       0.00000000
SCF Change: DM 3.22454e-4; eev 2.58484e-2 Ha; etot 5.04814e-3 Ha
Energy:     -74.2929171387 Ha after    4 iterations (in       0.00 seconds).
Detailed timing info in this SCF step:
prepare_next_input:            0.00s
diagonalize_hamiltonian:       0.00s
generate_density_matrix:       0.00s
check_scf_convergence:         0.00s
scf_records.update:            0.00s
Exc:       0.00000000, Vxc:       0.00000000
SCF Change: DM 1.07550e-4; eev 2.73102e-2 Ha; etot 5.28350e-4 Ha
Energy:     -74.2923887888 Ha after    5 iterations (in       0.00 seconds).
Detailed timing info in this SCF step:
prepare_next_input:            0.00s
diagonalize_hamiltonian:       0.00s
generate_density_matrix:       0.00s
check_scf_convergence:         0.00s
scf_records.update:            0.00s
Exc:       0.00000000, Vxc:       0.00000000
SCF Change: DM 1.18276e-4; eev 7.85281e-3 Ha; etot -2.09252e-3 Ha
Energy:     -74.2944813093 Ha after    6 iterations (in       0.00 seconds).
Detailed timing info in this SCF step:
prepare_next_input:            0.00s
diagonalize_hamiltonian:       0.00s
generate_density_matrix:       0.00s
check_scf_convergence:         0.00s
scf_records.update:            0.00s
Exc:       0.00000000, Vxc:       0.00000000
SCF Change: DM 5.25462e-5; eev 1.14238e-2 Ha; etot -4.01433e-5 Ha
Energy:     -74.2945214526 Ha after    7 iterations (in       0.00 seconds).
Detailed timing info in this SCF step:
prepare_next_input:            0.00s
diagonalize_hamiltonian:       0.00s
generate_density_matrix:       0.00s
check_scf_convergence:         0.00s
scf_records.update:            0.00s
Exc:       0.00000000, Vxc:       0.00000000
SCF Change: DM 2.08690e-5; eev 4.54780e-4 Ha; etot 5.63383e-4 Ha
Energy:     -74.2939580697 Ha after    8 iterations (in       0.01 seconds).
Detailed timing info in this SCF step:
prepare_next_input:            0.01s
diagonalize_hamiltonian:       0.00s
generate_density_matrix:       0.00s
check_scf_convergence:         0.00s
scf_records.update:            0.00s
Exc:       0.00000000, Vxc:       0.00000000
SCF Change: DM 6.19281e-6; eev 1.33109e-3 Ha; etot -1.07044e-7 Ha
Energy:     -74.2939581768 Ha after    9 iterations (in       0.00 seconds).
Detailed timing info in this SCF step:
prepare_next_input:            0.00s
diagonalize_hamiltonian:       0.00s
generate_density_matrix:       0.00s
check_scf_convergence:         0.00s
scf_records.update:            0.00s
Exc:       0.00000000, Vxc:       0.00000000
SCF Change: DM 4.83224e-7; eev 3.12969e-5 Ha; etot -3.14561e-8 Ha
Energy:     -74.2939582082 Ha after   10 iterations (in       0.00 seconds).
Detailed timing info in this SCF step:
prepare_next_input:            0.00s
diagonalize_hamiltonian:       0.00s
generate_density_matrix:       0.00s
check_scf_convergence:         0.00s
scf_records.update:            0.00s
Exc:       0.00000000, Vxc:       0.00000000
SCF Change: DM 9.21400e-8; eev 1.80770e-6 Ha; etot -2.43290e-11 Ha
Energy:     -74.2939582083 Ha after   11 iterations (in       0.00 seconds).
Detailed timing info in this SCF step:
prepare_next_input:            0.00s
diagonalize_hamiltonian:       0.00s
generate_density_matrix:       0.00s
check_scf_convergence:         0.00s
scf_records.update:            0.00s
Exc:       0.00000000, Vxc:       0.00000000
SCF Change: DM 4.50030e-9; eev 4.91248e-7 Ha; etot -8.52651e-13 Ha
Energy:     -74.2939582083 Ha after   12 iterations (in       0.00 seconds).
Detailed timing info in this SCF step:
prepare_next_input:            0.00s
diagonalize_hamiltonian:       0.00s
generate_density_matrix:       0.00s
check_scf_convergence:         0.00s
scf_records.update:            0.00s
Exc:       0.00000000, Vxc:       0.00000000
SCF Change: DM 5.73444e-10; eev 2.73510e-8 Ha; etot -1.42109e-14 Ha
Energy:     -74.2939582083 Ha after   13 iterations (in       0.00 seconds).
Detailed timing info in this SCF step:
prepare_next_input:            0.00s
diagonalize_hamiltonian:       0.00s
generate_density_matrix:       0.00s
check_scf_convergence:         0.00s
scf_records.update:            0.00s
Exc:       0.00000000, Vxc:       0.00000000
SCF Change: DM 1.34537e-11; eev 6.17503e-10 Ha; etot 4.26326e-14 Ha
Energy:     -74.2939582083 Ha after   14 iterations (in       0.00 seconds).
Detailed timing info in this SCF step:
prepare_next_input:            0.00s
diagonalize_hamiltonian:       0.00s
generate_density_matrix:       0.00s
check_scf_convergence:         0.00s
scf_records.update:            0.00s
SCF is converged after   14 iterations.
   State    Occupation        Eigenvalue
       0       2.00000        -20.808801
       1       2.00000         -1.307445
       2       1.33333         -0.422627
       3       1.33333         -0.422627
       4       1.33333         -0.422627
       5       0.00000          0.474123
       6       0.00000          0.558941
       7       0.00000          0.558941
the job spends             0.10 seconds
Generate SAD of H
the functional of 'hf' contains
For SCF calculation, no core orbital is frozen by effective core potential (ECP) approximation
Libxc version used in REST: 7.0.0
nbas: 6, natm: 1 for standard basis sets
First valence state for the frozen-core algorithm:     0
final nbas: 12,final natm: 2
numbasis: 14, num_auxbas: 18
Unrestricted Hartree-Fock (or Kohn-Sham) algorithm is invoked.
Nuc_energy:       0.00000000 Hartree
no empirical dispersion correction is employed
No ghost effective potential
No ghost point charges
Detailed time report:
ri_v      |:    0.000 s for for RI dot aux_v^{-1/2}
aux_ij    |:    0.000 s for for the coulomb matrix of auxiliary basis
prim ri   |:    0.000 s for for the pure three-center integrals
inv_sqrt  |:    0.000 s for for the sqrt inverse of aux_ij
all ri    |:    0.000 s for for the total evaluations of ri3fn
Overlap matrix is nonsigular:
  Lowest eigenvalue:       0.10940728 with the total number of basis functions:     14
Grid size: 10024
Initial guess from SAP
The evaluation of vmat costs             0.00 seconds
Detailed time report:
Overall   |:    0.013 s for SCF Preparation
ISDF      |:    0.000 s for ISDF initialization
InitGuess |:    0.005 s for Prepare initial guess
DFT Grids |:    0.007 s for Initialization of the tabulated Grids and AOs
CInt      |:    0.001 s for Two, Three, and Four-center integrals
Exc:       0.00000000, Vxc:       0.00000000
The total energy:        -0.4746750264 Ha by the initial guess
Exc:       0.00000000, Vxc:       0.00000000
Energy:      -0.4947605578 Ha with <S^2> =  0.750 and <2S+1> =  2.000 after    1 iterations (in       0.00 seconds).
Detailed timing info in this SCF step:
prepare_next_input:            0.00s
diagonalize_hamiltonian:       0.00s
generate_density_matrix:       0.00s
check_scf_convergence:         0.00s
scf_records.update:            0.00s
Exc:       0.00000000, Vxc:       0.00000000
SCF Change: DM (2.42831e-3, 0.00000e0); eev 1.75389e-1 Ha; etot -7.45427e-3 Ha
Energy:      -0.5022148265 Ha with <S^2> =  0.750 and <2S+1> =  2.000 after    2 iterations (in       0.00 seconds).
Detailed timing info in this SCF step:
prepare_next_input:            0.00s
diagonalize_hamiltonian:       0.00s
generate_density_matrix:       0.00s
check_scf_convergence:         0.00s
scf_records.update:            0.00s
Exc:       0.00000000, Vxc:       0.00000000
SCF Change: DM (4.89184e-4, 0.00000e0); eev 6.79785e-2 Ha; etot 1.31784e-3 Ha
Energy:      -0.5008969838 Ha with <S^2> =  0.750 and <2S+1> =  2.000 after    3 iterations (in       0.00 seconds).
Detailed timing info in this SCF step:
prepare_next_input:            0.00s
diagonalize_hamiltonian:       0.00s
generate_density_matrix:       0.00s
check_scf_convergence:         0.00s
scf_records.update:            0.00s
Exc:       0.00000000, Vxc:       0.00000000
SCF Change: DM (6.14473e-5, 0.00000e0); eev 1.58155e-2 Ha; etot 9.31515e-4 Ha
Energy:      -0.4999654685 Ha with <S^2> =  0.750 and <2S+1> =  2.000 after    4 iterations (in       0.00 seconds).
Detailed timing info in this SCF step:
prepare_next_input:            0.00s
diagonalize_hamiltonian:       0.00s
generate_density_matrix:       0.00s
check_scf_convergence:         0.00s
scf_records.update:            0.00s
Exc:       0.00000000, Vxc:       0.00000000
SCF Change: DM (3.39240e-5, 0.00000e0); eev 1.39012e-3 Ha; etot 1.87791e-4 Ha
Energy:      -0.4997776776 Ha with <S^2> =  0.750 and <2S+1> =  2.000 after    5 iterations (in       0.00 seconds).
Detailed timing info in this SCF step:
prepare_next_input:            0.00s
diagonalize_hamiltonian:       0.00s
generate_density_matrix:       0.00s
check_scf_convergence:         0.00s
scf_records.update:            0.00s
Exc:       0.00000000, Vxc:       0.00000000
SCF Change: DM (1.39081e-5, 0.00000e0); eev 7.49941e-4 Ha; etot -4.66356e-6 Ha
Energy:      -0.4997823411 Ha with <S^2> =  0.750 and <2S+1> =  2.000 after    6 iterations (in       0.00 seconds).
Detailed timing info in this SCF step:
prepare_next_input:            0.00s
diagonalize_hamiltonian:       0.00s
generate_density_matrix:       0.00s
check_scf_convergence:         0.00s
scf_records.update:            0.00s
Exc:       0.00000000, Vxc:       0.00000000
SCF Change: DM (3.24050e-6, 0.00000e0); eev 4.38958e-4 Ha; etot -1.82058e-5 Ha
Energy:      -0.4998005469 Ha with <S^2> =  0.750 and <2S+1> =  2.000 after    7 iterations (in       0.00 seconds).
Detailed timing info in this SCF step:
prepare_next_input:            0.00s
diagonalize_hamiltonian:       0.00s
generate_density_matrix:       0.00s
check_scf_convergence:         0.00s
scf_records.update:            0.00s
Exc:       0.00000000, Vxc:       0.00000000
SCF Change: DM (3.23524e-7, 0.00000e0); eev 1.46853e-4 Ha; etot -9.28526e-6 Ha
Energy:      -0.4998098322 Ha with <S^2> =  0.750 and <2S+1> =  2.000 after    8 iterations (in       0.00 seconds).
Detailed timing info in this SCF step:
prepare_next_input:            0.00s
diagonalize_hamiltonian:       0.00s
generate_density_matrix:       0.00s
check_scf_convergence:         0.00s
scf_records.update:            0.00s
Exc:       0.00000000, Vxc:       0.00000000
SCF Change: DM (1.39114e-7, 0.00000e0); eev 8.51566e-6 Ha; etot -2.91849e-11 Ha
Energy:      -0.4998098322 Ha with <S^2> =  0.750 and <2S+1> =  2.000 after    9 iterations (in       0.00 seconds).
Detailed timing info in this SCF step:
prepare_next_input:            0.00s
diagonalize_hamiltonian:       0.00s
generate_density_matrix:       0.00s
check_scf_convergence:         0.00s
scf_records.update:            0.00s
Exc:       0.00000000, Vxc:       0.00000000
SCF Change: DM (4.82128e-8, 0.00000e0); eev 1.22527e-6 Ha; etot -2.64594e-12 Ha
Energy:      -0.4998098322 Ha with <S^2> =  0.750 and <2S+1> =  2.000 after   10 iterations (in       0.00 seconds).
Detailed timing info in this SCF step:
prepare_next_input:            0.00s
diagonalize_hamiltonian:       0.00s
generate_density_matrix:       0.00s
check_scf_convergence:         0.00s
scf_records.update:            0.00s
Exc:       0.00000000, Vxc:       0.00000000
SCF Change: DM (4.01300e-14, 0.00000e0); eev 2.49969e-12 Ha; etot -5.82312e-14 Ha
Energy:      -0.4998098322 Ha with <S^2> =  0.750 and <2S+1> =  2.000 after   11 iterations (in       0.00 seconds).
Detailed timing info in this SCF step:
prepare_next_input:            0.00s
diagonalize_hamiltonian:       0.00s
generate_density_matrix:       0.00s
check_scf_convergence:         0.00s
scf_records.update:            0.00s
SCF is converged after   11 iterations.
Spin-up eigenvalues
 
   State    Occupation        Eigenvalue
       0       1.00000         -0.499810
       1       0.00000          0.354348
       2       0.00000          0.738499
       3       0.00000          0.738499
 
Spin-down eigenvalues
 
   State    Occupation        Eigenvalue
the number of eigenvalues in 1 spin channel is 1
the job spends             0.03 seconds
Generate SAD of Br
the functional of 'hf' contains
For SCF calculation, no core orbital is frozen by effective core potential (ECP) approximation
Libxc version used in REST: 7.0.0
nbas: 16, natm: 1 for standard basis sets
First valence state for the frozen-core algorithm:     0
final nbas: 76,final natm: 2
numbasis: 48, num_auxbas: 266
Restricted Hartree-Fock (or Kohn-Sham) algorithm is invoked.
Nuc_energy:       0.00000000 Hartree
no empirical dispersion correction is employed
No ghost effective potential
No ghost point charges
Detailed time report:
prim ri   |:    0.011 s for for the pure three-center integrals
inv_sqrt  |:    0.010 s for for the sqrt inverse of aux_ij
all ri    |:    0.029 s for for the total evaluations of ri3fn
ri_v      |:    0.002 s for for RI dot aux_v^{-1/2}
aux_ij    |:    0.006 s for for the coulomb matrix of auxiliary basis
Overlap matrix is nonsigular:
  Lowest eigenvalue:       0.02573177 with the total number of basis functions:     48
Grid size: 20904
Initial guess from SAP
The evaluation of vmat costs             0.02 seconds
Detailed time report:
Overall   |:    0.102 s for SCF Preparation
DFT Grids |:    0.047 s for Initialization of the tabulated Grids and AOs
CInt      |:    0.030 s for Two, Three, and Four-center integrals
ISDF      |:    0.000 s for ISDF initialization
InitGuess |:    0.025 s for Prepare initial guess
Exc:       0.00000000, Vxc:       0.00000000
The total energy:     -2572.1867210285 Ha by the initial guess
Exc:       0.00000000, Vxc:       0.00000000
Energy:   -2572.2925322428 Ha after    1 iterations (in       0.01 seconds).
Detailed timing info in this SCF step:
prepare_next_input:            0.01s
diagonalize_hamiltonian:       0.00s
generate_density_matrix:       0.00s
check_scf_convergence:         0.00s
scf_records.update:            0.00s
Exc:       0.00000000, Vxc:       0.00000000
SCF Change: DM 1.54719e-3; eev 2.52791e-1 Ha; etot 8.78978e-2 Ha
Energy:   -2572.2046344753 Ha after    2 iterations (in       0.01 seconds).
Detailed timing info in this SCF step:
prepare_next_input:            0.00s
diagonalize_hamiltonian:       0.00s
generate_density_matrix:       0.00s
check_scf_convergence:         0.00s
scf_records.update:            0.00s
Exc:       0.00000000, Vxc:       0.00000000
SCF Change: DM 7.66831e-4; eev 2.18427e-1 Ha; etot 3.32091e-3 Ha
Energy:   -2572.2013135619 Ha after    3 iterations (in       0.01 seconds).
Detailed timing info in this SCF step:
prepare_next_input:            0.00s
diagonalize_hamiltonian:       0.00s
generate_density_matrix:       0.00s
check_scf_convergence:         0.00s
scf_records.update:            0.00s
Exc:       0.00000000, Vxc:       0.00000000
SCF Change: DM 3.40534e-4; eev 3.06411e-2 Ha; etot -2.80889e-2 Ha
Energy:   -2572.2294024291 Ha after    4 iterations (in       0.01 seconds).
Detailed timing info in this SCF step:
prepare_next_input:            0.00s
diagonalize_hamiltonian:       0.00s
generate_density_matrix:       0.00s
check_scf_convergence:         0.00s
scf_records.update:            0.00s
Exc:       0.00000000, Vxc:       0.00000000
SCF Change: DM 3.08659e-4; eev 7.96268e-2 Ha; etot 4.16237e-3 Ha
Energy:   -2572.2252400577 Ha after    5 iterations (in       0.01 seconds).
Detailed timing info in this SCF step:
prepare_next_input:            0.00s
diagonalize_hamiltonian:       0.00s
generate_density_matrix:       0.00s
check_scf_convergence:         0.00s
scf_records.update:            0.00s
Exc:       0.00000000, Vxc:       0.00000000
SCF Change: DM 8.33858e-5; eev 4.93049e-3 Ha; etot 7.68540e-3 Ha
Energy:   -2572.2175546538 Ha after    6 iterations (in       0.01 seconds).
Detailed timing info in this SCF step:
prepare_next_input:            0.00s
diagonalize_hamiltonian:       0.00s
generate_density_matrix:       0.00s
check_scf_convergence:         0.00s
scf_records.update:            0.00s
Exc:       0.00000000, Vxc:       0.00000000
SCF Change: DM 1.07303e-4; eev 2.52765e-2 Ha; etot -2.79805e-3 Ha
Energy:   -2572.2203527070 Ha after    7 iterations (in       0.00 seconds).
Detailed timing info in this SCF step:
prepare_next_input:            0.00s
diagonalize_hamiltonian:       0.00s
generate_density_matrix:       0.00s
check_scf_convergence:         0.00s
scf_records.update:            0.00s
Exc:       0.00000000, Vxc:       0.00000000
SCF Change: DM 2.97786e-5; eev 1.22623e-2 Ha; etot -6.89370e-4 Ha
Energy:   -2572.2210420770 Ha after    8 iterations (in       0.01 seconds).
Detailed timing info in this SCF step:
prepare_next_input:            0.00s
diagonalize_hamiltonian:       0.00s
generate_density_matrix:       0.00s
check_scf_convergence:         0.00s
scf_records.update:            0.00s
Exc:       0.00000000, Vxc:       0.00000000
SCF Change: DM 1.03865e-5; eev 3.21444e-3 Ha; etot -2.90653e-7 Ha
Energy:   -2572.2210423677 Ha after    9 iterations (in       0.01 seconds).
Detailed timing info in this SCF step:
prepare_next_input:            0.00s
diagonalize_hamiltonian:       0.00s
generate_density_matrix:       0.00s
check_scf_convergence:         0.00s
scf_records.update:            0.00s
Exc:       0.00000000, Vxc:       0.00000000
SCF Change: DM 2.82542e-7; eev 1.44035e-4 Ha; etot -8.87712e-8 Ha
Energy:   -2572.2210424564 Ha after   10 iterations (in       0.01 seconds).
Detailed timing info in this SCF step:
prepare_next_input:            0.00s
diagonalize_hamiltonian:       0.00s
generate_density_matrix:       0.00s
check_scf_convergence:         0.00s
scf_records.update:            0.00s
Exc:       0.00000000, Vxc:       0.00000000
SCF Change: DM 4.09916e-8; eev 5.98415e-6 Ha; etot -6.86668e-11 Ha
Energy:   -2572.2210424565 Ha after   11 iterations (in       0.01 seconds).
Detailed timing info in this SCF step:
prepare_next_input:            0.00s
diagonalize_hamiltonian:       0.00s
generate_density_matrix:       0.00s
check_scf_convergence:         0.00s
scf_records.update:            0.00s
Exc:       0.00000000, Vxc:       0.00000000
SCF Change: DM 1.99390e-9; eev 1.39271e-7 Ha; etot -9.09495e-13 Ha
Energy:   -2572.2210424565 Ha after   12 iterations (in       0.01 seconds).
Detailed timing info in this SCF step:
prepare_next_input:            0.00s
diagonalize_hamiltonian:       0.00s
generate_density_matrix:       0.00s
check_scf_convergence:         0.00s
scf_records.update:            0.00s
Exc:       0.00000000, Vxc:       0.00000000
SCF Change: DM 4.05293e-10; eev 1.03917e-8 Ha; etot -9.09495e-13 Ha
Energy:   -2572.2210424565 Ha after   13 iterations (in       0.01 seconds).
Detailed timing info in this SCF step:
prepare_next_input:            0.00s
diagonalize_hamiltonian:       0.00s
generate_density_matrix:       0.00s
check_scf_convergence:         0.00s
scf_records.update:            0.00s
Exc:       0.00000000, Vxc:       0.00000000
SCF Change: DM 9.45989e-12; eev 2.05727e-10 Ha; etot 1.36424e-12 Ha
Energy:   -2572.2210424565 Ha after   14 iterations (in       0.01 seconds).
Detailed timing info in this SCF step:
prepare_next_input:            0.00s
diagonalize_hamiltonian:       0.00s
generate_density_matrix:       0.00s
check_scf_convergence:         0.00s
scf_records.update:            0.00s
SCF is converged after   14 iterations.
   State    Occupation        Eigenvalue
       0       2.00000       -490.081695
       1       2.00000        -65.222325
       2       2.00000        -58.576453
       3       2.00000        -58.576453
       4       2.00000        -58.576453
       5       2.00000         -9.893649
       6       2.00000         -7.500190
       7       2.00000         -7.500190
       8       2.00000         -7.500190
       9       2.00000         -3.241491
      10       2.00000         -3.241491
      11       2.00000         -3.241491
      12       2.00000         -3.241491
      13       2.00000         -3.241491
      14       2.00000         -1.004021
      15       1.66667         -0.397332
      16       1.66667         -0.397332
      17       1.66667         -0.397332
      18       0.00000          0.358085
      19       0.00000          0.358085
      20       0.00000          0.358085
the job spends             0.18 seconds
total electron number:      43.99999555
The evaluation of Vj, Vk and Vxc matrices cost       0.00,       0.02 and       0.09 seconds, respectively
Exc:     -80.53902248, Vxc:     -52.23503717
Initial guess HF energy:   -2650.1247767580730397
Initial density matrix by Atom SAD:
                 0,           1,           2,           3,           4
    0     0.402627,    0.613537,   -0.060024,   -0.125137,   -0.031126
    1     0.613537,    0.952793,   -0.166911,   -0.281450,   -0.079984
    2    -0.060024,   -0.166911,    0.327842,    0.401135,    0.142702
    3    -0.125137,   -0.281450,    0.401135,    0.506870,    0.182915
    4    -0.031126,   -0.079984,    0.142702,    0.182915,    0.088680
    5    -0.012255,   -0.028785,    0.042015,    0.100749,    0.115840
    6    -0.008916,   -0.021631,    0.043973,    0.020546,    0.057596
    7     0.000000,    0.000000,   -0.000000,   -0.000000,    0.000000
    8    -0.009278,   -0.022956,    0.036979,    0.079948,    0.086793
    9    -0.004291,   -0.011393,    0.028088,    0.008309,    0.045036
   10    -0.000000,   -0.000000,   -0.000000,   -0.000000,    0.000000
   11    -0.008694,   -0.020251,    0.030514,    0.051369,    0.046300
   12    -0.005317,   -0.012202,    0.020791,    0.016153,    0.024847
   13     0.000000,   -0.000000,    0.000000,   -0.000000,    0.000000
   14     0.000144,    0.000469,   -0.001140,   -0.000976,   -0.000330
   15     0.000000,    0.000000,   -0.000000,   -0.000000,   -0.000000
   16     0.000088,    0.000382,   -0.001059,   -0.000922,    0.000529
   17    -0.000000,   -0.000000,    0.000000,    0.000000,   -0.000000
   18    -0.000090,   -0.000344,    0.001005,    0.000273,   -0.000624
   19     0.000803,    0.001788,   -0.002586,   -0.003675,   -0.003351
   20    -0.000000,   -0.000000,    0.000000,    0.000000,   -0.000000
   21     0.001040,    0.002208,   -0.002633,   -0.003471,    0.000406
   22     0.000000,   -0.000000,    0.000000,    0.000000,   -0.000000
   23     0.000646,    0.001403,   -0.001533,   -0.003543,   -0.000848
   24    -0.000275,   -0.000602,    0.000781,    0.001088,    0.000266
   25     0.000000,    0.000000,   -0.000000,   -0.000000,    0.000000
   26    -0.000186,   -0.000382,    0.000386,    0.000678,   -0.000112
   27     0.000000,    0.000000,   -0.000000,   -0.000000,   -0.000000
   28     0.000009,    0.000005,    0.000042,   -0.000072,   -0.000213
   29    -0.000000,   -0.000000,   -0.000000,   -0.000000,   -0.000000
   30     0.000010,    0.000047,   -0.000110,   -0.000300,   -0.000100
   31    -0.011651,   -0.027728,    0.045525,    0.035996,   -0.011529
   32    -0.006092,   -0.014244,    0.023946,    0.003183,   -0.031105
   33    -0.000684,   -0.000536,   -0.001374,   -0.007859,   -0.007246
   34    -0.002883,   -0.006573,    0.009893,    0.009438,    0.000314
   35     0.000430,    0.000991,   -0.001380,   -0.001536,    0.001433
   36     0.000000,    0.000000,   -0.000000,   -0.000000,    0.000000
   37    -0.001560,   -0.003879,    0.006977,    0.004599,   -0.001756
   38    -0.000096,   -0.000385,    0.001177,    0.001992,    0.004094
   39     0.000000,   -0.000000,    0.000000,   -0.000000,    0.000000
   40     0.000490,    0.000905,   -0.000718,   -0.000710,    0.000713
   41    -0.000000,   -0.000000,    0.000000,   -0.000000,   -0.000000
   42     0.000668,    0.001297,   -0.001340,   -0.001048,    0.000258
   43     0.000000,    0.000000,   -0.000000,   -0.000000,    0.000000
   44    -0.001233,   -0.002443,    0.002671,    0.002414,    0.000137
   45    -0.000474,   -0.001104,    0.002258,    0.003183,    0.002724
   46     0.001439,    0.003472,   -0.007478,   -0.007395,   -0.012340
   47    -0.003254,   -0.008474,    0.018649,    0.017542,    0.028714
   48    -0.005076,   -0.012237,    0.024172,    0.025388,    0.036199
   49     0.009896,    0.023927,   -0.045086,   -0.057954,   -0.052028
   50     0.008147,    0.020575,   -0.039028,   -0.054545,   -0.035580
   51     0.000271,    0.000630,   -0.001017,   -0.002159,   -0.003652
   52    -0.002444,   -0.005645,    0.007671,    0.014677,   -0.008719
   53     0.000000,    0.000000,   -0.000000,    0.000000,   -0.000000
   54    -0.000885,   -0.002199,    0.004485,    0.002927,    0.012256
   55     0.007750,    0.017978,   -0.023591,   -0.046037,    0.011445
   56    -0.000000,   -0.000000,    0.000000,   -0.000000,    0.000000
   57     0.000923,    0.002368,   -0.005169,   -0.002333,   -0.012547
   58    -0.006308,   -0.014353,    0.017640,    0.036256,   -0.006465
   59    -0.000000,    0.000000,   -0.000000,    0.000000,   -0.000000
   60     0.001588,    0.003773,   -0.007462,   -0.002823,   -0.018953
   61    -0.006862,   -0.016471,    0.021750,    0.046916,   -0.011767
   62     0.000000,    0.000000,   -0.000000,    0.000000,   -0.000000
   63     0.001656,    0.004200,   -0.008047,   -0.008599,   -0.016611
   64    -0.001402,   -0.002524,    0.000418,    0.007007,   -0.006508
   65    -0.000000,    0.000000,   -0.000000,    0.000000,   -0.000000
   66     0.000635,    0.001532,   -0.002750,   -0.002551,   -0.004311
   67    -0.000000,    0.000000,   -0.000000,    0.000000,   -0.000000
   68    -0.001756,   -0.004186,    0.007525,    0.007027,    0.000834
   69     0.000000,    0.000000,   -0.000000,    0.000000,   -0.000000
   70    -0.003057,   -0.007292,    0.012908,    0.012776,    0.009765
   71     0.000045,    0.000118,   -0.000263,    0.000001,   -0.000215
   72    -0.000000,   -0.000000,   -0.000000,    0.000000,   -0.000000
   73     0.000130,    0.000098,    0.000656,    0.000002,    0.000100
   74     0.000000,    0.000000,   -0.000000,    0.000000,   -0.000000
   75     0.000306,    0.000298,    0.001059,    0.000051,    0.001741
   76    -0.000736,   -0.001784,    0.002812,    0.005291,    0.004760
   77     0.000000,    0.000000,    0.000000,   -0.000000,    0.000000
   78     0.001065,    0.002830,   -0.004957,   -0.007282,   -0.000968
   79     0.000000,    0.000000,   -0.000000,   -0.000000,   -0.000000
   80     0.001701,    0.004684,   -0.008555,   -0.012747,   -0.001803
   81    -0.000812,   -0.001939,    0.003062,    0.005338,    0.005149
   82    -0.000000,   -0.000000,    0.000000,   -0.000000,    0.000000
   83     0.000737,    0.001766,   -0.002547,   -0.004278,    0.000102
   84     0.000000,    0.000000,   -0.000000,   -0.000000,   -0.000000
   85     0.001585,    0.003642,   -0.004966,   -0.008153,   -0.000581
   86     0.000772,    0.002141,   -0.003965,   -0.005850,   -0.001007
   87    -0.000000,   -0.000000,    0.000000,    0.000000,    0.000000
   88     0.000544,    0.001554,   -0.002962,   -0.004345,   -0.000550
   89    -0.000000,   -0.000000,   -0.000000,    0.000000,   -0.000000
   90     0.000121,    0.000289,   -0.000448,   -0.000833,   -0.000776
   91    -0.000000,   -0.000000,   -0.000000,    0.000000,   -0.000000
   92     0.000448,    0.001077,   -0.001687,   -0.003152,   -0.002923
                 5,           6,           7,           8,           9
    0    -0.012255,   -0.008916,    0.000000,   -0.009278,   -0.004291
    1    -0.028785,   -0.021631,    0.000000,   -0.022956,   -0.011393
    2     0.042015,    0.043973,   -0.000000,    0.036979,    0.028088
    3     0.100749,    0.020546,   -0.000000,    0.079948,    0.008309
    4     0.115840,    0.057596,    0.000000,    0.086793,    0.045036
    5     0.436081,    0.024195,   -0.000000,    0.314309,    0.026409
    6     0.024195,    0.377203,   -0.000000,    0.024894,    0.302677
    7    -0.000000,   -0.000000,    0.548152,   -0.000000,    0.000000
    8     0.314309,    0.024894,   -0.000000,    0.226803,    0.024865
    9     0.026409,    0.302677,    0.000000,    0.024865,    0.243209
   10     0.000000,    0.000000,    0.436706,    0.000000,    0.000000
   11     0.142572,    0.027252,   -0.000000,    0.103459,    0.023735
   12     0.025277,    0.127958,   -0.000000,    0.020845,    0.102749
   13    -0.000000,    0.000000,    0.256023,   -0.000000,    0.000000
   14     0.001590,   -0.002838,   -0.000000,    0.001075,   -0.002227
   15    -0.000000,    0.000000,    0.000119,   -0.000000,    0.000000
   16     0.003711,    0.000823,    0.000000,    0.002658,    0.000760
   17     0.000000,   -0.000000,   -0.003679,    0.000000,   -0.000000
   18    -0.005969,    0.002616,   -0.000000,   -0.004223,    0.001977
   19    -0.007769,   -0.007724,   -0.000000,   -0.005730,   -0.006306
   20     0.000000,    0.000000,   -0.008273,    0.000000,    0.000000
   21     0.003299,    0.005670,   -0.000000,    0.002421,    0.004707
   22     0.000000,   -0.000000,   -0.009909,    0.000000,   -0.000000
   23    -0.006525,    0.009532,    0.000000,   -0.004557,    0.007625
   24     0.000314,   -0.000723,    0.000000,    0.000227,   -0.000600
   25     0.000000,    0.000000,   -0.000733,    0.000000,    0.000000
   26    -0.000123,   -0.002150,    0.000000,   -0.000119,   -0.001746
   27     0.000000,    0.000000,   -0.002826,    0.000000,    0.000000
   28    -0.001020,   -0.000048,    0.000000,   -0.000732,   -0.000059
   29     0.000000,    0.000000,   -0.000085,    0.000000,    0.000000
   30    -0.000566,    0.000599,   -0.000000,   -0.000393,    0.000471
   31    -0.145421,    0.031717,   -0.000000,   -0.103024,    0.021699
   32    -0.195550,    0.034705,   -0.000000,   -0.139343,    0.023697
   33    -0.036817,    0.022228,   -0.000000,   -0.026071,    0.017192
   34    -0.018721,    0.006112,   -0.000000,   -0.013153,    0.004324
   35     0.006391,    0.006137,    0.000000,    0.004672,    0.005086
   36     0.000000,   -0.000000,    0.010753,    0.000000,    0.000000
   37    -0.024428,    0.010587,   -0.000000,   -0.017213,    0.007881
   38     0.012015,    0.011512,    0.000000,    0.008824,    0.009460
   39     0.000000,   -0.000000,    0.023277,    0.000000,   -0.000000
   40     0.003606,    0.002171,    0.000000,    0.002615,    0.001830
   41    -0.000000,    0.000000,   -0.001064,   -0.000000,    0.000000
   42     0.004160,   -0.001370,    0.000000,    0.002936,   -0.000990
   43     0.000000,   -0.000000,    0.005509,    0.000000,    0.000000
   44    -0.005474,    0.003228,   -0.000000,   -0.003826,    0.002426
   45    -0.000029,    0.000395,    0.000000,   -0.000032,    0.000400
   46     0.000005,   -0.002217,   -0.000000,   -0.000129,   -0.002522
   47    -0.000101,    0.000014,    0.000000,    0.000206,    0.001896
   48     0.000555,    0.005428,    0.000000,    0.000648,    0.006507
   49    -0.001593,   -0.006401,    0.000000,   -0.001049,   -0.007182
   50     0.001642,    0.052064,   -0.000000,    0.002153,    0.040442
   51    -0.008793,   -0.000755,   -0.000000,   -0.005898,   -0.000865
   52    -0.001803,   -0.052425,    0.000000,   -0.001881,   -0.040978
   53    -0.000000,    0.000000,   -0.010385,   -0.000000,   -0.000000
   54     0.029458,    0.002593,    0.000000,    0.021517,    0.002343
   55     0.005792,    0.170655,   -0.000000,    0.006698,    0.137178
   56     0.000000,   -0.000000,    0.035045,    0.000000,    0.000000
   57    -0.031109,   -0.002698,   -0.000000,   -0.023292,   -0.002291
   58    -0.005557,   -0.154596,    0.000000,   -0.006490,   -0.124725
   59    -0.000000,    0.000000,   -0.037354,    0.000000,   -0.000000
   60    -0.046702,   -0.005232,    0.000000,   -0.034978,   -0.004388
   61    -0.011290,   -0.220211,   -0.000000,   -0.011709,   -0.177563
   62    -0.000000,    0.000000,   -0.058128,   -0.000000,   -0.000000
   63    -0.046017,   -0.002402,    0.000000,   -0.033924,   -0.002302
   64    -0.005730,   -0.071599,   -0.000000,   -0.005422,   -0.057594
   65     0.000000,    0.000000,   -0.061313,    0.000000,   -0.000000
   66    -0.015764,   -0.002354,    0.000000,   -0.011057,   -0.001218
   67    -0.000000,    0.000000,   -0.022159,   -0.000000,    0.000000
   68     0.000314,   -0.012900,    0.000000,    0.001123,   -0.008757
   69    -0.000000,    0.000000,    0.000311,    0.000000,   -0.000000
   70     0.002032,   -0.022187,   -0.000000,    0.000672,   -0.014709
   71    -0.001105,    0.000328,   -0.000000,   -0.000720,    0.000430
   72    -0.000000,    0.000000,   -0.000945,   -0.000000,    0.000000
   73     0.000007,    0.000559,   -0.000000,    0.000228,    0.000798
   74     0.000000,    0.000000,   -0.000289,    0.000000,   -0.000000
   75     0.000033,    0.000699,   -0.000000,   -0.000068,    0.001230
   76     0.015933,    0.001410,    0.000000,    0.011509,    0.001365
   77     0.000000,   -0.000000,    0.022397,    0.000000,   -0.000000
   78    -0.000407,    0.012153,    0.000000,   -0.000163,    0.009891
   79    -0.000000,    0.000000,    0.000461,   -0.000000,    0.000000
   80    -0.001735,    0.021657,    0.000000,   -0.001021,    0.017601
   81     0.015889,    0.004682,    0.000000,    0.011537,    0.003996
   82     0.000000,   -0.000000,    0.025016,    0.000000,   -0.000000
   83     0.000307,    0.011828,    0.000000,    0.000393,    0.009593
   84     0.000000,    0.000000,   -0.001679,    0.000000,    0.000000
   85    -0.001392,    0.018510,    0.000000,   -0.000763,    0.015008
   86    -0.001166,    0.008971,    0.000000,   -0.000750,    0.007288
   87     0.000000,   -0.000000,   -0.000448,    0.000000,   -0.000000
   88    -0.000231,    0.007315,    0.000000,   -0.000090,    0.005951
   89    -0.000000,    0.000000,   -0.008804,   -0.000000,   -0.000000
   90    -0.002547,   -0.000405,   -0.000000,   -0.001842,   -0.000363
   91    -0.000000,    0.000000,   -0.011236,   -0.000000,   -0.000000
   92    -0.009657,   -0.001414,   -0.000000,   -0.006982,   -0.001277
                10,          11,          12,          13,          14
    0    -0.000000,   -0.008694,   -0.005317,    0.000000,    0.000144
    1    -0.000000,   -0.020251,   -0.012202,   -0.000000,    0.000469
    2    -0.000000,    0.030514,    0.020791,    0.000000,   -0.001140
    3    -0.000000,    0.051369,    0.016153,   -0.000000,   -0.000976
    4     0.000000,    0.046300,    0.024847,    0.000000,   -0.000330
    5     0.000000,    0.142572,    0.025277,   -0.000000,    0.001590
    6     0.000000,    0.027252,    0.127958,    0.000000,   -0.002838
    7     0.436706,   -0.000000,   -0.000000,    0.256023,   -0.000000
    8     0.000000,    0.103459,    0.020845,   -0.000000,    0.001075
    9     0.000000,    0.023735,    0.102749,    0.000000,   -0.002227
   10     0.347956,   -0.000000,   -0.000000,    0.203758,   -0.000000
   11    -0.000000,    0.049024,    0.015355,   -0.000000,    0.000412
   12    -0.000000,    0.015355,    0.044879,   -0.000000,   -0.000878
   13     0.203758,   -0.000000,   -0.000000,    0.120820,   -0.000000
   14    -0.000000,    0.000412,   -0.000878,   -0.000000,    0.000043
   15     0.000078,   -0.000000,    0.000000,    0.000154,   -0.000000
   16     0.000000,    0.001174,    0.000373,    0.000000,    0.000014
   17    -0.002930,    0.000000,    0.000000,   -0.001720,    0.000000
   18    -0.000000,   -0.001758,    0.000611,   -0.000000,   -0.000049
   19    -0.000000,   -0.002423,   -0.002713,   -0.000000,    0.000098
   20    -0.006709,    0.000000,    0.000000,   -0.003179,    0.000000
   21    -0.000000,    0.001223,    0.001876,   -0.000000,   -0.000012
   22    -0.007895,    0.000000,    0.000000,   -0.004625,   -0.000000
   23     0.000000,   -0.001842,    0.002644,    0.000000,   -0.000102
   24     0.000000,    0.000093,   -0.000195,    0.000000,    0.000002
   25    -0.000582,    0.000000,    0.000000,   -0.000351,   -0.000000
   26     0.000000,   -0.000112,   -0.000690,    0.000000,    0.000015
   27    -0.002261,    0.000000,    0.000000,   -0.001261,   -0.000000
   28     0.000000,   -0.000316,   -0.000050,    0.000000,   -0.000003
   29    -0.000080,    0.000000,    0.000000,    0.000033,   -0.000000
   30    -0.000000,   -0.000082,    0.000208,   -0.000000,    0.000003
   31     0.000000,   -0.043033,    0.005753,    0.000000,   -0.001019
   32    -0.000000,   -0.059801,    0.004720,   -0.000000,   -0.001184
   33    -0.000000,   -0.011089,    0.006263,   -0.000000,   -0.000369
   34    -0.000000,   -0.005239,    0.001477,   -0.000000,   -0.000156
   35     0.000000,    0.002246,    0.002277,    0.000000,   -0.000016
   36     0.008567,   -0.000000,   -0.000000,    0.005018,   -0.000000
   37    -0.000000,   -0.006876,    0.002813,   -0.000000,   -0.000193
   38     0.000000,    0.003980,    0.004159,    0.000000,   -0.000093
   39     0.018552,   -0.000000,   -0.000000,    0.010830,   -0.000000
   40     0.000000,    0.001228,    0.000860,    0.000000,    0.000003
   41    -0.000853,   -0.000000,    0.000000,   -0.000465,   -0.000000
   42     0.000000,    0.001167,   -0.000335,    0.000000,    0.000028
   43     0.004388,    0.000000,   -0.000000,    0.002579,    0.000000
   44    -0.000000,   -0.001484,    0.000910,   -0.000000,   -0.000057
   45    -0.000000,   -0.000197,   -0.001253,    0.000000,   -0.000008
   46     0.000000,    0.000193,    0.005838,   -0.000000,    0.000000
   47    -0.000000,   -0.000474,   -0.014963,    0.000000,    0.000061
   48    -0.000000,   -0.000764,   -0.016611,    0.000000,    0.000027
   49     0.000000,    0.002345,    0.021949,   -0.000000,    0.000016
   50    -0.000000,    0.005328,    0.035981,   -0.000000,   -0.000342
   51    -0.000000,   -0.007027,   -0.001761,    0.000000,   -0.000603
   52     0.000000,   -0.001411,   -0.014533,    0.000000,    0.000331
   53    -0.007839,   -0.000000,    0.000000,   -0.010245,    0.000000
   54     0.000000,    0.023529,    0.006655,   -0.000000,    0.001838
   55    -0.000000,    0.007783,    0.055753,   -0.000000,   -0.001149
   56     0.025262,    0.000000,   -0.000000,    0.034576,    0.000000
   57    -0.000000,   -0.023205,   -0.006840,    0.000000,   -0.001711
   58     0.000000,   -0.008555,   -0.053307,    0.000000,    0.001073
   59    -0.026807,    0.000000,    0.000000,   -0.034604,   -0.000000
   60    -0.000000,   -0.035589,   -0.010939,    0.000000,   -0.002651
   61    -0.000000,   -0.013216,   -0.075820,   -0.000000,    0.001535
   62    -0.041758,   -0.000000,    0.000000,   -0.053826,   -0.000000
   63    -0.000000,   -0.026578,   -0.006764,    0.000000,   -0.001581
   64    -0.000000,   -0.005293,   -0.025090,   -0.000000,    0.000518
   65    -0.046257,    0.000000,    0.000000,   -0.043789,    0.000000
   66    -0.000000,   -0.008593,   -0.000003,    0.000000,    0.000055
   67    -0.016343,   -0.000000,    0.000000,   -0.012946,   -0.000000
   68     0.000000,    0.001347,   -0.004915,    0.000000,    0.000113
   69     0.000089,   -0.000000,    0.000000,   -0.000182,   -0.000000
   70     0.000000,   -0.001012,   -0.009095,    0.000000,    0.000176
   71    -0.000000,   -0.001002,    0.000358,   -0.000000,    0.000015
   72    -0.000493,   -0.000000,    0.000000,   -0.000941,   -0.000000
   73    -0.000000,    0.000363,    0.000060,   -0.000000,    0.000002
   74    -0.000263,    0.000000,    0.000000,   -0.000195,    0.000000
   75    -0.000000,   -0.000154,   -0.000130,   -0.000000,   -0.000000
   76     0.000000,    0.005137,    0.001069,    0.000000,    0.000034
   77     0.017873,    0.000000,   -0.000000,    0.010315,    0.000000
   78     0.000000,    0.000204,    0.004006,    0.000000,   -0.000079
   79     0.000368,   -0.000000,    0.000000,    0.000208,   -0.000000
   80     0.000000,    0.000053,    0.007119,    0.000000,   -0.000143
   81     0.000000,    0.005179,    0.002127,    0.000000,   -0.000003
   82     0.019982,   -0.000000,   -0.000000,    0.011423,   -0.000000
   83     0.000000,    0.000513,    0.003951,    0.000000,   -0.000084
   84    -0.001346,    0.000000,    0.000000,   -0.000745,    0.000000
   85     0.000000,    0.000143,    0.006098,    0.000000,   -0.000135
   86     0.000000,   -0.000131,    0.002923,    0.000000,   -0.000059
   87    -0.000359,    0.000000,   -0.000000,   -0.000194,    0.000000
   88     0.000000,    0.000126,    0.002405,    0.000000,   -0.000047
   89    -0.007033,    0.000000,    0.000000,   -0.004004,    0.000000
   90    -0.000000,   -0.000816,   -0.000223,   -0.000000,   -0.000002
   91    -0.008975,    0.000000,    0.000000,   -0.005116,    0.000000
   92    -0.000000,   -0.003098,   -0.000809,   -0.000000,   -0.000010
                15,          16,          17,          18,          19
    0     0.000000,    0.000088,   -0.000000,   -0.000090,    0.000803
    1     0.000000,    0.000382,   -0.000000,   -0.000344,    0.001788
    2    -0.000000,   -0.001059,    0.000000,    0.001005,   -0.002586
    3    -0.000000,   -0.000922,    0.000000,    0.000273,   -0.003675
    4    -0.000000,    0.000529,   -0.000000,   -0.000624,   -0.003351
    5    -0.000000,    0.003711,    0.000000,   -0.005969,   -0.007769
    6     0.000000,    0.000823,   -0.000000,    0.002616,   -0.007724
    7     0.000119,    0.000000,   -0.003679,   -0.000000,   -0.000000
    8    -0.000000,    0.002658,    0.000000,   -0.004223,   -0.005730
    9     0.000000,    0.000760,   -0.000000,    0.001977,   -0.006306
   10     0.000078,    0.000000,   -0.002930,   -0.000000,   -0.000000
   11    -0.000000,    0.001174,    0.000000,   -0.001758,   -0.002423
   12     0.000000,    0.000373,    0.000000,    0.000611,   -0.002713
   13     0.000154,    0.000000,   -0.001720,   -0.000000,   -0.000000
   14    -0.000000,    0.000014,    0.000000,   -0.000049,    0.000098
   15     0.000008,    0.000000,   -0.000001,    0.000000,   -0.000000
   16     0.000000,    0.000041,   -0.000000,   -0.000049,   -0.000071
   17    -0.000001,   -0.000000,    0.000025,   -0.000000,    0.000000
   18     0.000000,   -0.000049,   -0.000000,    0.000114,    0.000040
   19    -0.000000,   -0.000071,    0.000000,    0.000040,    0.000692
   20     0.000053,   -0.000000,    0.000054,    0.000000,   -0.000000
   21     0.000000,    0.000061,    0.000000,   -0.000005,   -0.000116
   22    -0.000002,   -0.000000,    0.000066,   -0.000000,   -0.000000
   23     0.000000,   -0.000017,   -0.000000,    0.000182,   -0.000129
   24    -0.000000,   -0.000004,   -0.000000,   -0.000009,   -0.000005
   25    -0.000001,    0.000000,    0.000005,   -0.000000,   -0.000000
   26    -0.000000,   -0.000009,   -0.000000,   -0.000015,    0.000045
   27     0.000004,   -0.000000,    0.000019,    0.000000,   -0.000000
   28     0.000000,   -0.000009,   -0.000000,    0.000014,    0.000026
   29     0.000006,    0.000000,    0.000000,    0.000000,   -0.000000
   30     0.000000,   -0.000003,    0.000000,    0.000011,    0.000055
   31     0.000000,   -0.001431,   -0.000000,    0.002514,    0.001567
   32     0.000000,   -0.001775,    0.000000,    0.003164,    0.002475
   33     0.000000,   -0.000293,    0.000000,    0.000662,   -0.000087
   34     0.000000,   -0.000198,    0.000000,    0.000355,    0.000165
   35     0.000000,    0.000076,   -0.000000,   -0.000053,   -0.000233
   36     0.000002,    0.000000,   -0.000072,   -0.000000,   -0.000000
   37     0.000000,   -0.000229,    0.000000,    0.000452,    0.000261
   38     0.000000,    0.000124,   -0.000000,   -0.000080,   -0.000760
   39     0.000002,    0.000000,   -0.000156,   -0.000000,   -0.000000
   40     0.000000,    0.000040,   -0.000000,   -0.000039,   -0.000092
   41     0.000002,   -0.000000,    0.000007,    0.000000,   -0.000000
   42    -0.000000,    0.000040,   -0.000000,   -0.000075,   -0.000065
   43     0.000002,    0.000000,   -0.000037,   -0.000000,   -0.000000
   44     0.000000,   -0.000054,   -0.000000,    0.000114,    0.000013
   45    -0.000000,    0.000080,   -0.000000,    0.000174,   -0.000017
   46     0.000000,   -0.000228,    0.000000,   -0.000468,    0.000225
   47    -0.000000,    0.000408,   -0.000000,    0.000822,   -0.000557
   48    -0.000000,    0.000633,   -0.000000,    0.001266,   -0.000714
   49     0.000000,   -0.001134,    0.000000,   -0.002354,    0.000720
   50     0.000000,   -0.000664,    0.000000,   -0.001383,   -0.000274
   51    -0.000000,   -0.000093,   -0.000000,    0.000113,   -0.002714
   52    -0.000000,   -0.000194,    0.000000,   -0.000132,    0.001224
   53    -0.000524,   -0.000000,    0.000067,   -0.000000,    0.000000
   54    -0.000000,    0.000326,    0.000000,   -0.000463,    0.009788
   55     0.000000,    0.000432,   -0.000000,    0.000755,   -0.003436
   56     0.001515,    0.000000,   -0.000257,    0.000000,    0.000000
   57     0.000000,   -0.000332,   -0.000000,    0.000496,   -0.009242
   58    -0.000000,   -0.000395,    0.000000,   -0.000890,    0.002870
   59    -0.001376,   -0.000000,    0.000279,   -0.000000,    0.000000
   60    -0.000000,   -0.000503,   -0.000000,    0.000745,   -0.014372
   61    -0.000000,   -0.000575,    0.000000,   -0.001215,    0.004259
   62    -0.002145,   -0.000000,    0.000433,    0.000000,   -0.000000
   63     0.000000,   -0.000442,   -0.000000,    0.000690,   -0.007836
   64    -0.000000,   -0.000158,    0.000000,   -0.000366,    0.001470
   65    -0.001224,   -0.000000,    0.000436,   -0.000000,    0.000000
   66     0.000000,   -0.000159,   -0.000000,    0.000245,   -0.001907
   67    -0.000024,   -0.000000,    0.000148,   -0.000000,   -0.000000
   68     0.000000,    0.000043,    0.000000,    0.000189,    0.000152
   69    -0.000001,    0.000000,   -0.000015,    0.000000,    0.000000
   70    -0.000000,    0.000165,    0.000000,    0.000232,    0.000104
   71    -0.000000,   -0.000013,   -0.000000,    0.000026,   -0.000422
   72    -0.000002,   -0.000000,    0.000006,    0.000000,   -0.000000
   73    -0.000000,    0.000018,    0.000000,    0.000058,   -0.000025
   74     0.000000,    0.000000,   -0.000001,    0.000000,    0.000000
   75     0.000000,    0.000047,    0.000000,    0.000083,   -0.000067
   76    -0.000000,    0.000130,   -0.000000,   -0.000207,   -0.000413
   77    -0.000006,    0.000000,   -0.000150,   -0.000000,    0.000000
   78     0.000000,    0.000046,   -0.000000,    0.000077,   -0.000216
   79    -0.000000,   -0.000000,   -0.000003,    0.000000,   -0.000000
   80     0.000000,    0.000071,   -0.000000,    0.000151,   -0.000357
   81    -0.000000,    0.000136,   -0.000000,   -0.000180,   -0.000555
   82    -0.000014,    0.000000,   -0.000168,   -0.000000,   -0.000000
   83     0.000000,    0.000038,   -0.000000,    0.000071,   -0.000253
   84     0.000003,   -0.000000,    0.000011,   -0.000000,    0.000000
   85     0.000000,    0.000048,   -0.000000,    0.000133,   -0.000353
   86     0.000000,    0.000027,   -0.000000,    0.000067,   -0.000134
   87     0.000001,   -0.000000,    0.000003,   -0.000000,   -0.000000
   88     0.000000,    0.000027,   -0.000000,    0.000045,   -0.000130
   89     0.000007,   -0.000000,    0.000059,    0.000000,    0.000000
   90    -0.000000,   -0.000021,    0.000000,    0.000032,    0.000080
   91     0.000008,   -0.000000,    0.000075,    0.000000,    0.000000
   92     0.000000,   -0.000080,    0.000000,    0.000121,    0.000292
                20,          21,          22,          23,          24
    0    -0.000000,    0.001040,    0.000000,    0.000646,   -0.000275
    1    -0.000000,    0.002208,   -0.000000,    0.001403,   -0.000602
    2     0.000000,   -0.002633,    0.000000,   -0.001533,    0.000781
    3     0.000000,   -0.003471,    0.000000,   -0.003543,    0.001088
    4    -0.000000,    0.000406,   -0.000000,   -0.000848,    0.000266
    5     0.000000,    0.003299,    0.000000,   -0.006525,    0.000314
    6     0.000000,    0.005670,   -0.000000,    0.009532,   -0.000723
    7    -0.008273,   -0.000000,   -0.009909,    0.000000,    0.000000
    8     0.000000,    0.002421,    0.000000,   -0.004557,    0.000227
    9     0.000000,    0.004707,   -0.000000,    0.007625,   -0.000600
   10    -0.006709,   -0.000000,   -0.007895,    0.000000,    0.000000
   11     0.000000,    0.001223,    0.000000,   -0.001842,    0.000093
   12     0.000000,    0.001876,    0.000000,    0.002644,   -0.000195
   13    -0.003179,   -0.000000,   -0.004625,    0.000000,    0.000000
   14     0.000000,   -0.000012,   -0.000000,   -0.000102,    0.000002
   15     0.000053,    0.000000,   -0.000002,    0.000000,   -0.000000
   16    -0.000000,    0.000061,   -0.000000,   -0.000017,   -0.000004
   17     0.000054,    0.000000,    0.000066,   -0.000000,   -0.000000
   18     0.000000,   -0.000005,   -0.000000,    0.000182,   -0.000009
   19    -0.000000,   -0.000116,   -0.000000,   -0.000129,   -0.000005
   20     0.000503,    0.000000,    0.000151,   -0.000000,   -0.000000
   21     0.000000,    0.000180,    0.000000,    0.000169,   -0.000026
   22     0.000151,    0.000000,    0.000179,   -0.000000,   -0.000000
   23    -0.000000,    0.000169,   -0.000000,    0.000488,   -0.000041
   24    -0.000000,   -0.000026,   -0.000000,   -0.000041,    0.000006
   25     0.000006,    0.000000,    0.000013,    0.000000,   -0.000000
   26    -0.000000,   -0.000045,   -0.000000,   -0.000071,    0.000007
   27     0.000075,    0.000000,    0.000051,   -0.000000,   -0.000000
   28    -0.000000,   -0.000009,   -0.000000,    0.000013,   -0.000001
   29     0.000041,    0.000000,    0.000002,    0.000000,   -0.000000
   30     0.000000,    0.000011,    0.000000,    0.000017,   -0.000004
   31     0.000000,   -0.001161,   -0.000000,    0.002859,   -0.000033
   32     0.000000,   -0.001283,    0.000000,    0.003801,   -0.000122
   33     0.000000,   -0.000029,    0.000000,    0.001071,   -0.000050
   34     0.000000,   -0.000160,    0.000000,    0.000398,    0.000001
   35    -0.000000,    0.000160,   -0.000000,    0.000073,   -0.000013
   36    -0.000165,   -0.000000,   -0.000194,    0.000000,    0.000000
   37     0.000000,   -0.000107,   -0.000000,    0.000589,   -0.000020
   38    -0.000000,    0.000231,    0.000000,    0.000165,   -0.000006
   39    -0.000374,   -0.000000,   -0.000421,    0.000000,    0.000000
   40    -0.000000,    0.000071,   -0.000000,    0.000005,   -0.000005
   41     0.000034,    0.000000,    0.000019,    0.000000,   -0.000000
   42    -0.000000,    0.000024,   -0.000000,   -0.000089,    0.000003
   43    -0.000080,   -0.000000,   -0.000100,    0.000000,    0.000000
   44     0.000000,   -0.000023,    0.000000,    0.000157,   -0.000003
   45    -0.000000,    0.000298,    0.000000,    0.000594,   -0.000049
   46    -0.000000,   -0.001100,   -0.000000,   -0.002052,    0.000249
   47     0.000000,    0.002318,    0.000000,    0.004417,   -0.000605
   48     0.000000,    0.003226,    0.000000,    0.006271,   -0.000774
   49    -0.000000,   -0.004987,   -0.000000,   -0.010302,    0.001049
   50    -0.000000,   -0.002724,    0.000000,   -0.006197,    0.000648
   51     0.000000,   -0.000210,    0.000000,    0.000318,    0.000111
   52    -0.000000,   -0.000205,    0.000000,   -0.001075,    0.000232
   53    -0.002579,    0.000000,    0.000234,   -0.000000,   -0.000000
   54    -0.000000,    0.001111,   -0.000000,   -0.001605,   -0.000321
   55     0.000000,    0.002408,   -0.000000,    0.004249,   -0.000578
   56     0.009374,   -0.000000,   -0.000634,   -0.000000,    0.000000
   57     0.000000,   -0.001224,    0.000000,    0.001756,    0.000262
   58    -0.000000,   -0.002430,    0.000000,   -0.003629,    0.000325
   59    -0.008931,    0.000000,    0.000631,   -0.000000,   -0.000000
   60     0.000000,   -0.001888,    0.000000,    0.002679,    0.000413
   61    -0.000000,   -0.003402,    0.000000,   -0.005103,    0.000460
   62    -0.013871,    0.000000,    0.000986,   -0.000000,   -0.000000
   63     0.000000,   -0.001184,    0.000000,    0.001848,    0.000214
   64     0.000000,   -0.000988,    0.000000,   -0.001470,    0.000118
   65    -0.007453,    0.000000,    0.001071,   -0.000000,   -0.000000
   66     0.000000,   -0.000279,    0.000000,    0.000261,    0.000243
   67    -0.000839,    0.000000,    0.000361,    0.000000,   -0.000000
   68    -0.000000,    0.000987,    0.000000,    0.000574,   -0.000293
   69    -0.000026,   -0.000000,    0.000255,   -0.000000,    0.000000
   70    -0.000000,    0.000797,    0.000000,    0.002058,   -0.000567
   71     0.000000,   -0.000030,    0.000000,    0.000037,    0.000049
   72    -0.000209,   -0.000000,    0.000009,    0.000000,   -0.000000
   73    -0.000000,    0.000257,    0.000000,    0.000204,   -0.000069
   74     0.000004,   -0.000000,    0.000058,   -0.000000,    0.000000
   75     0.000000,    0.000256,    0.000000,    0.000566,   -0.000131
   76     0.000000,    0.000105,    0.000000,   -0.000215,    0.000018
   77    -0.000417,   -0.000000,   -0.000405,   -0.000000,    0.000000
   78     0.000000,    0.000247,   -0.000000,    0.000365,   -0.000041
   79    -0.000010,   -0.000000,   -0.000007,    0.000000,    0.000000
   80    -0.000000,    0.000422,   -0.000000,    0.000664,   -0.000073
   81    -0.000000,    0.000148,    0.000000,   -0.000114,    0.000013
   82    -0.000519,   -0.000000,   -0.000453,    0.000000,    0.000000
   83    -0.000000,    0.000216,   -0.000000,    0.000324,   -0.000034
   84     0.000048,    0.000000,    0.000033,   -0.000000,   -0.000000
   85    -0.000000,    0.000330,   -0.000000,    0.000550,   -0.000058
   86    -0.000000,    0.000175,   -0.000000,    0.000280,   -0.000031
   87     0.000015,    0.000000,    0.000008,   -0.000000,    0.000000
   88    -0.000000,    0.000146,   -0.000000,    0.000218,   -0.000024
   89     0.000192,    0.000000,    0.000159,   -0.000000,   -0.000000
   90    -0.000000,   -0.000019,   -0.000000,    0.000027,   -0.000002
   91     0.000242,    0.000000,    0.000203,   -0.000000,   -0.000000
   92     0.000000,   -0.000070,   -0.000000,    0.000109,   -0.000010
                25,          26,          27,          28,          29
    0     0.000000,   -0.000186,    0.000000,    0.000009,   -0.000000
    1     0.000000,   -0.000382,    0.000000,    0.000005,   -0.000000
    2    -0.000000,    0.000386,   -0.000000,    0.000042,   -0.000000
    3    -0.000000,    0.000678,   -0.000000,   -0.000072,   -0.000000
    4     0.000000,   -0.000112,   -0.000000,   -0.000213,   -0.000000
    5     0.000000,   -0.000123,    0.000000,   -0.001020,    0.000000
    6     0.000000,   -0.002150,    0.000000,   -0.000048,    0.000000
    7    -0.000733,    0.000000,   -0.002826,    0.000000,   -0.000085
    8     0.000000,   -0.000119,    0.000000,   -0.000732,    0.000000
    9     0.000000,   -0.001746,    0.000000,   -0.000059,    0.000000
   10    -0.000582,    0.000000,   -0.002261,    0.000000,   -0.000080
   11     0.000000,   -0.000112,    0.000000,   -0.000316,    0.000000
   12     0.000000,   -0.000690,    0.000000,   -0.000050,    0.000000
   13    -0.000351,    0.000000,   -0.001261,    0.000000,    0.000033
   14    -0.000000,    0.000015,   -0.000000,   -0.000003,   -0.000000
   15    -0.000001,   -0.000000,    0.000004,    0.000000,    0.000006
   16     0.000000,   -0.000009,   -0.000000,   -0.000009,    0.000000
   17     0.000005,   -0.000000,    0.000019,   -0.000000,    0.000000
   18    -0.000000,   -0.000015,    0.000000,    0.000014,    0.000000
   19    -0.000000,    0.000045,   -0.000000,    0.000026,   -0.000000
   20     0.000006,   -0.000000,    0.000075,   -0.000000,    0.000041
   21     0.000000,   -0.000045,    0.000000,   -0.000009,    0.000000
   22     0.000013,   -0.000000,    0.000051,   -0.000000,    0.000002
   23     0.000000,   -0.000071,   -0.000000,    0.000013,    0.000000
   24    -0.000000,    0.000007,   -0.000000,   -0.000001,   -0.000000
   25     0.000001,   -0.000000,    0.000003,   -0.000000,   -0.000000
   26    -0.000000,    0.000015,   -0.000000,    0.000001,   -0.000000
   27     0.000003,   -0.000000,    0.000017,   -0.000000,    0.000004
   28    -0.000000,    0.000001,   -0.000000,    0.000003,   -0.000000
   29    -0.000000,   -0.000000,    0.000004,   -0.000000,    0.000004
   30     0.000000,   -0.000003,    0.000000,    0.000002,    0.000000
   31    -0.000000,   -0.000072,   -0.000000,    0.000364,   -0.000000
   32    -0.000000,   -0.000120,    0.000000,    0.000475,   -0.000000
   33    -0.000000,   -0.000115,    0.000000,    0.000081,    0.000000
   34    -0.000000,   -0.000013,    0.000000,    0.000049,   -0.000000
   35     0.000000,   -0.000040,    0.000000,   -0.000016,    0.000000
   36    -0.000014,    0.000000,   -0.000056,    0.000000,   -0.000002
   37    -0.000000,   -0.000042,    0.000000,    0.000063,    0.000000
   38     0.000000,   -0.000070,    0.000000,   -0.000035,    0.000000
   39    -0.000031,    0.000000,   -0.000122,    0.000000,   -0.000006
   40     0.000000,   -0.000015,    0.000000,   -0.000009,    0.000000
   41     0.000001,   -0.000000,    0.000007,   -0.000000,    0.000002
   42     0.000000,    0.000005,   -0.000000,   -0.000011,    0.000000
   43    -0.000007,    0.000000,   -0.000028,    0.000000,   -0.000001
   44    -0.000000,   -0.000013,    0.000000,    0.000014,    0.000000
   45     0.000000,   -0.000031,   -0.000000,   -0.000003,   -0.000000
   46    -0.000000,    0.000248,    0.000000,    0.000012,    0.000000
   47     0.000000,   -0.000656,   -0.000000,   -0.000018,   -0.000000
   48     0.000000,   -0.000817,   -0.000000,   -0.000018,   -0.000000
   49    -0.000000,    0.000993,    0.000000,    0.000003,    0.000000
   50     0.000000,    0.000417,    0.000000,   -0.000002,    0.000000
   51    -0.000000,   -0.000022,    0.000000,   -0.000072,   -0.000000
   52    -0.000000,    0.000516,   -0.000000,   -0.000028,   -0.000000
   53     0.000056,   -0.000000,   -0.000154,    0.000000,   -0.000284
   54     0.000000,    0.000068,   -0.000000,    0.000172,    0.000000
   55     0.000000,   -0.001259,    0.000000,   -0.000005,    0.000000
   56    -0.000178,    0.000000,    0.000655,    0.000000,    0.001056
   57    -0.000000,   -0.000053,    0.000000,   -0.000118,   -0.000000
   58    -0.000000,    0.000884,   -0.000000,    0.000024,   -0.000000
   59     0.000167,   -0.000000,   -0.000607,   -0.000000,   -0.000993
   60    -0.000000,   -0.000078,    0.000000,   -0.000190,   -0.000000
   61    -0.000000,    0.001271,   -0.000000,    0.000040,   -0.000000
   62     0.000261,   -0.000000,   -0.000942,   -0.000000,   -0.001543
   63    -0.000000,   -0.000050,    0.000000,   -0.000063,   -0.000000
   64    -0.000000,    0.000390,   -0.000000,    0.000016,   -0.000000
   65     0.000186,   -0.000000,   -0.000390,   -0.000000,   -0.000873
   66    -0.000000,   -0.000080,    0.000000,   -0.000143,    0.000000
   67     0.000064,   -0.000000,   -0.000376,   -0.000000,   -0.000574
   68    -0.000000,   -0.000297,   -0.000000,   -0.000080,   -0.000000
   69    -0.000093,    0.000000,    0.000041,   -0.000000,   -0.000052
   70    -0.000000,   -0.000351,   -0.000000,    0.000006,   -0.000000
   71    -0.000000,   -0.000020,    0.000000,   -0.000033,    0.000000
   72     0.000008,    0.000000,   -0.000093,    0.000000,   -0.000115
   73     0.000000,   -0.000080,   -0.000000,   -0.000017,   -0.000000
   74    -0.000018,    0.000000,    0.000010,   -0.000000,   -0.000010
   75     0.000000,   -0.000105,   -0.000000,    0.000001,   -0.000000
   76     0.000000,   -0.000006,    0.000000,   -0.000040,    0.000000
   77    -0.000029,    0.000000,   -0.000124,    0.000000,   -0.000014
   78     0.000000,   -0.000082,    0.000000,   -0.000002,    0.000000
   79    -0.000001,   -0.000000,   -0.000002,   -0.000000,   -0.000001
   80     0.000000,   -0.000145,    0.000000,   -0.000000,    0.000000
   81     0.000000,   -0.000027,   -0.000000,   -0.000042,    0.000000
   82    -0.000031,    0.000000,   -0.000144,    0.000000,   -0.000023
   83     0.000000,   -0.000078,    0.000000,   -0.000003,    0.000000
   84     0.000001,    0.000000,    0.000011,   -0.000000,    0.000002
   85     0.000000,   -0.000123,   -0.000000,    0.000000,    0.000000
   86     0.000000,   -0.000060,    0.000000,    0.000001,    0.000000
   87     0.000000,    0.000000,    0.000003,   -0.000000,    0.000001
   88     0.000000,   -0.000049,    0.000000,   -0.000001,    0.000000
   89     0.000011,   -0.000000,    0.000051,   -0.000000,    0.000008
   90    -0.000000,    0.000002,   -0.000000,    0.000006,   -0.000000
   91     0.000014,   -0.000000,    0.000064,   -0.000000,    0.000010
   92    -0.000000,    0.000007,    0.000000,    0.000024,   -0.000000
                30,          31,          32,          33,          34
    0     0.000010,   -0.011651,   -0.006092,   -0.000684,   -0.002883
    1     0.000047,   -0.027728,   -0.014244,   -0.000536,   -0.006573
    2    -0.000110,    0.045525,    0.023946,   -0.001374,    0.009893
    3    -0.000300,    0.035996,    0.003183,   -0.007859,    0.009438
    4    -0.000100,   -0.011529,   -0.031105,   -0.007246,    0.000314
    5    -0.000566,   -0.145421,   -0.195550,   -0.036817,   -0.018721
    6     0.000599,    0.031717,    0.034705,    0.022228,    0.006112
    7    -0.000000,   -0.000000,   -0.000000,   -0.000000,   -0.000000
    8    -0.000393,   -0.103024,   -0.139343,   -0.026071,   -0.013153
    9     0.000471,    0.021699,    0.023697,    0.017192,    0.004324
   10    -0.000000,    0.000000,   -0.000000,   -0.000000,   -0.000000
   11    -0.000082,   -0.043033,   -0.059801,   -0.011089,   -0.005239
   12     0.000208,    0.005753,    0.004720,    0.006263,    0.001477
   13    -0.000000,    0.000000,   -0.000000,   -0.000000,   -0.000000
   14     0.000003,   -0.001019,   -0.001184,   -0.000369,   -0.000156
   15     0.000000,    0.000000,    0.000000,    0.000000,    0.000000
   16    -0.000003,   -0.001431,   -0.001775,   -0.000293,   -0.000198
   17     0.000000,   -0.000000,    0.000000,    0.000000,    0.000000
   18     0.000011,    0.002514,    0.003164,    0.000662,    0.000355
   19     0.000055,    0.001567,    0.002475,   -0.000087,    0.000165
   20     0.000000,    0.000000,    0.000000,    0.000000,    0.000000
   21     0.000011,   -0.001161,   -0.001283,   -0.000029,   -0.000160
   22     0.000000,   -0.000000,    0.000000,    0.000000,    0.000000
   23     0.000017,    0.002859,    0.003801,    0.001071,    0.000398
   24    -0.000004,   -0.000033,   -0.000122,   -0.000050,    0.000001
   25     0.000000,   -0.000000,   -0.000000,   -0.000000,   -0.000000
   26    -0.000003,   -0.000072,   -0.000120,   -0.000115,   -0.000013
   27     0.000000,   -0.000000,    0.000000,    0.000000,    0.000000
   28     0.000002,    0.000364,    0.000475,    0.000081,    0.000049
   29     0.000000,   -0.000000,   -0.000000,    0.000000,   -0.000000
   30     0.000010,    0.000224,    0.000317,    0.000052,    0.000033
   31     0.000224,    0.062306,    0.076617,    0.014857,    0.008898
   32     0.000317,    0.076617,    0.097791,    0.019540,    0.010563
   33     0.000052,    0.014857,    0.019540,    0.005126,    0.002024
   34     0.000033,    0.008898,    0.010563,    0.002024,    0.001317
   35     0.000000,   -0.001975,   -0.002478,   -0.000149,   -0.000256
   36    -0.000000,   -0.000000,   -0.000000,   -0.000000,   -0.000000
   37     0.000061,    0.010791,    0.013382,    0.002815,    0.001553
   38    -0.000044,   -0.003006,   -0.004214,   -0.000091,   -0.000356
   39    -0.000000,   -0.000000,   -0.000000,   -0.000000,   -0.000000
   40    -0.000000,   -0.001221,   -0.001534,   -0.000181,   -0.000162
   41    -0.000000,    0.000000,    0.000000,    0.000000,    0.000000
   42    -0.000011,   -0.001828,   -0.002250,   -0.000439,   -0.000264
   43    -0.000000,   -0.000000,   -0.000000,   -0.000000,   -0.000000
   44     0.000011,    0.002695,    0.003224,    0.000693,    0.000401
   45    -0.000004,    0.000336,   -0.000196,   -0.000977,    0.000102
   46     0.000012,   -0.000972,    0.000233,    0.001877,   -0.000292
   47    -0.000055,    0.001956,   -0.000513,   -0.003789,    0.000570
   48    -0.000075,    0.002812,   -0.001122,   -0.006662,    0.000830
   49     0.000158,   -0.005491,    0.003162,    0.015925,   -0.001593
   50     0.000250,   -0.001125,    0.006472,    0.014861,   -0.000628
   51    -0.000315,    0.003304,    0.005612,    0.002277,    0.000494
   52    -0.000022,   -0.002379,   -0.002612,   -0.003068,   -0.000311
   53    -0.000000,   -0.000000,    0.000000,   -0.000000,    0.000000
   54     0.001347,   -0.011178,   -0.014649,   -0.009011,   -0.001177
   55     0.000270,    0.008494,    0.012185,    0.010926,    0.001393
   56     0.000000,    0.000000,    0.000000,    0.000000,   -0.000000
   57    -0.001324,    0.011680,    0.013745,    0.009382,    0.001097
   58    -0.000285,   -0.008468,   -0.012514,   -0.010367,   -0.001486
   59     0.000000,   -0.000000,    0.000000,   -0.000000,    0.000000
   60    -0.002058,    0.017559,    0.020658,    0.014288,    0.001642
   61    -0.000385,   -0.011462,   -0.016567,   -0.014495,   -0.002067
   62     0.000000,    0.000000,    0.000000,   -0.000000,    0.000000
   63    -0.001140,    0.016289,    0.020427,    0.009908,    0.001728
   64    -0.000117,   -0.004172,   -0.005327,   -0.004763,   -0.000801
   65     0.000000,   -0.000000,    0.000000,   -0.000000,    0.000000
   66    -0.000611,    0.005097,    0.004035,    0.001504,    0.000461
   67    -0.000000,    0.000000,   -0.000000,   -0.000000,   -0.000000
   68     0.000063,   -0.000185,    0.002109,   -0.000281,    0.000270
   69     0.000000,    0.000000,    0.000000,   -0.000000,    0.000000
   70    -0.000057,   -0.000713,   -0.003864,   -0.002800,   -0.000068
   71    -0.000123,    0.000410,   -0.000031,    0.000166,    0.000018
   72    -0.000000,    0.000000,   -0.000000,   -0.000000,   -0.000000
   73     0.000019,    0.000104,    0.000691,    0.000163,    0.000075
   74     0.000000,   -0.000000,   -0.000000,   -0.000000,    0.000000
   75    -0.000001,    0.000165,   -0.000226,   -0.000181,    0.000028
   76    -0.000038,   -0.005027,   -0.006951,   -0.001246,   -0.000634
   77    -0.000000,   -0.000000,   -0.000000,   -0.000000,   -0.000000
   78     0.000023,    0.000342,    0.000933,    0.000840,    0.000036
   79    -0.000000,    0.000000,    0.000000,    0.000000,    0.000000
   80     0.000043,    0.001017,    0.002135,    0.001574,    0.000119
   81    -0.000045,   -0.004673,   -0.006559,   -0.000984,   -0.000576
   82    -0.000000,    0.000000,   -0.000000,   -0.000000,   -0.000000
   83     0.000018,    0.000480,    0.000872,    0.000808,    0.000079
   84     0.000000,   -0.000000,   -0.000000,   -0.000000,   -0.000000
   85     0.000031,    0.001242,    0.002067,    0.001407,    0.000174
   86     0.000019,    0.000507,    0.001047,    0.000695,    0.000056
   87    -0.000000,   -0.000000,   -0.000000,   -0.000000,   -0.000000
   88     0.000014,    0.000206,    0.000550,    0.000506,    0.000021
   89     0.000000,    0.000000,    0.000000,    0.000000,    0.000000
   90     0.000007,    0.000787,    0.001090,    0.000181,    0.000099
   91     0.000000,    0.000000,    0.000000,    0.000000,    0.000000
   92     0.000026,    0.002996,    0.004148,    0.000696,    0.000377
                35,          36,          37,          38,          39
    0     0.000430,    0.000000,   -0.001560,   -0.000096,    0.000000
    1     0.000991,    0.000000,   -0.003879,   -0.000385,   -0.000000
    2    -0.001380,   -0.000000,    0.006977,    0.001177,    0.000000
    3    -0.001536,   -0.000000,    0.004599,    0.001992,   -0.000000
    4     0.001433,    0.000000,   -0.001756,    0.004094,    0.000000
    5     0.006391,    0.000000,   -0.024428,    0.012015,    0.000000
    6     0.006137,   -0.000000,    0.010587,    0.011512,   -0.000000
    7     0.000000,    0.010753,   -0.000000,    0.000000,    0.023277
    8     0.004672,    0.000000,   -0.017213,    0.008824,    0.000000
    9     0.005086,    0.000000,    0.007881,    0.009460,   -0.000000
   10     0.000000,    0.008567,   -0.000000,    0.000000,    0.018552
   11     0.002246,   -0.000000,   -0.006876,    0.003980,   -0.000000
   12     0.002277,   -0.000000,    0.002813,    0.004159,   -0.000000
   13     0.000000,    0.005018,   -0.000000,    0.000000,    0.010830
   14    -0.000016,   -0.000000,   -0.000193,   -0.000093,   -0.000000
   15     0.000000,    0.000002,    0.000000,    0.000000,    0.000002
   16     0.000076,    0.000000,   -0.000229,    0.000124,    0.000000
   17    -0.000000,   -0.000072,    0.000000,   -0.000000,   -0.000156
   18    -0.000053,   -0.000000,    0.000452,   -0.000080,   -0.000000
   19    -0.000233,   -0.000000,    0.000261,   -0.000760,   -0.000000
   20    -0.000000,   -0.000165,    0.000000,   -0.000000,   -0.000374
   21     0.000160,   -0.000000,   -0.000107,    0.000231,   -0.000000
   22    -0.000000,   -0.000194,   -0.000000,    0.000000,   -0.000421
   23     0.000073,    0.000000,    0.000589,    0.000165,    0.000000
   24    -0.000013,    0.000000,   -0.000020,   -0.000006,    0.000000
   25     0.000000,   -0.000014,   -0.000000,    0.000000,   -0.000031
   26    -0.000040,    0.000000,   -0.000042,   -0.000070,    0.000000
   27     0.000000,   -0.000056,    0.000000,    0.000000,   -0.000122
   28    -0.000016,    0.000000,    0.000063,   -0.000035,    0.000000
   29     0.000000,   -0.000002,    0.000000,    0.000000,   -0.000006
   30     0.000000,   -0.000000,    0.000061,   -0.000044,   -0.000000
   31    -0.001975,   -0.000000,    0.010791,   -0.003006,   -0.000000
   32    -0.002478,   -0.000000,    0.013382,   -0.004214,   -0.000000
   33    -0.000149,   -0.000000,    0.002815,   -0.000091,   -0.000000
   34    -0.000256,   -0.000000,    0.001553,   -0.000356,   -0.000000
   35     0.000205,    0.000000,   -0.000243,    0.000366,    0.000000
   36     0.000000,    0.000211,   -0.000000,    0.000000,    0.000457
   37    -0.000243,   -0.000000,    0.001979,   -0.000429,   -0.000000
   38     0.000366,    0.000000,   -0.000429,    0.000940,    0.000000
   39     0.000000,    0.000457,   -0.000000,    0.000000,    0.000990
   40     0.000094,    0.000000,   -0.000171,    0.000157,    0.000000
   41     0.000000,   -0.000021,    0.000000,    0.000000,   -0.000046
   42     0.000050,    0.000000,   -0.000331,    0.000098,    0.000000
   43     0.000000,    0.000108,   -0.000000,    0.000000,    0.000234
   44    -0.000049,   -0.000000,    0.000490,   -0.000053,   -0.000000
   45    -0.000042,    0.000000,   -0.000151,    0.000094,   -0.000000
   46     0.000049,   -0.000000,   -0.000097,    0.000125,    0.000000
   47    -0.000115,    0.000000,    0.000472,   -0.000738,   -0.000000
   48    -0.000112,    0.000000,    0.000061,   -0.000350,   -0.000000
   49     0.000428,    0.000000,    0.001703,   -0.000673,    0.000000
   50     0.001310,   -0.000000,    0.002560,    0.001105,   -0.000000
   51     0.000092,   -0.000000,    0.000794,    0.001810,    0.000000
   52    -0.001115,   -0.000000,   -0.001358,   -0.001401,    0.000000
   53     0.000000,   -0.000182,   -0.000000,    0.000000,   -0.000159
   54    -0.000041,    0.000000,   -0.000316,   -0.007413,    0.000000
   55     0.003187,   -0.000000,    0.004235,    0.004972,   -0.000000
   56    -0.000000,    0.000619,    0.000000,   -0.000000,    0.000788
   57    -0.000082,    0.000000,   -0.000326,    0.007412,    0.000000
   58    -0.002749,    0.000000,   -0.003864,   -0.004658,    0.000000
   59     0.000000,   -0.000674,    0.000000,   -0.000000,   -0.001013
   60    -0.000118,    0.000000,   -0.000560,    0.011498,    0.000000
   61    -0.003951,   -0.000000,   -0.005381,   -0.006766,    0.000000
   62     0.000000,   -0.001048,    0.000000,   -0.000000,   -0.001570
   63    -0.000311,   -0.000000,    0.000773,    0.006043,    0.000000
   64    -0.001263,   -0.000000,   -0.001828,   -0.002244,   -0.000000
   65     0.000000,   -0.001151,    0.000000,   -0.000000,   -0.002094
   66    -0.000327,   -0.000000,   -0.000868,   -0.002075,   -0.000000
   67     0.000000,   -0.000472,   -0.000000,    0.000000,   -0.000861
   68    -0.000446,    0.000000,    0.000474,   -0.001153,   -0.000000
   69    -0.000000,   -0.000074,    0.000000,    0.000000,    0.000631
   70    -0.000601,    0.000000,   -0.001426,   -0.000516,   -0.000000
   71    -0.000026,   -0.000000,   -0.000266,   -0.000352,   -0.000000
   72     0.000000,   -0.000026,   -0.000000,    0.000000,   -0.000025
   73    -0.000032,   -0.000000,    0.000171,   -0.000140,   -0.000000
   74    -0.000000,   -0.000022,    0.000000,   -0.000000,    0.000112
   75    -0.000029,   -0.000000,   -0.000151,    0.000042,   -0.000000
   76     0.000235,    0.000000,   -0.000876,    0.000530,    0.000000
   77     0.000000,    0.000440,   -0.000000,   -0.000000,    0.000956
   78     0.000233,    0.000000,    0.000253,    0.000368,    0.000000
   79     0.000000,    0.000009,    0.000000,    0.000000,    0.000023
   80     0.000398,    0.000000,    0.000512,    0.000625,    0.000000
   81     0.000288,    0.000000,   -0.000793,    0.000675,    0.000000
   82     0.000000,    0.000491,   -0.000000,    0.000000,    0.001071
   83     0.000219,    0.000000,    0.000269,    0.000378,    0.000000
   84     0.000000,   -0.000034,    0.000000,   -0.000000,   -0.000068
   85     0.000324,    0.000000,    0.000495,    0.000549,    0.000000
   86     0.000162,    0.000000,    0.000233,    0.000243,    0.000000
   87    -0.000000,   -0.000009,   -0.000000,    0.000000,   -0.000019
   88     0.000141,    0.000000,    0.000152,    0.000222,    0.000000
   89    -0.000000,   -0.000173,    0.000000,   -0.000000,   -0.000377
   90    -0.000041,   -0.000000,    0.000136,   -0.000101,   -0.000000
   91    -0.000000,   -0.000221,    0.000000,   -0.000000,   -0.000482
   92    -0.000153,   -0.000000,    0.000518,   -0.000372,   -0.000000
                40,          41,          42,          43,          44
    0     0.000490,   -0.000000,    0.000668,    0.000000,   -0.001233
    1     0.000905,   -0.000000,    0.001297,    0.000000,   -0.002443
    2    -0.000718,    0.000000,   -0.001340,   -0.000000,    0.002671
    3    -0.000710,   -0.000000,   -0.001048,   -0.000000,    0.002414
    4     0.000713,   -0.000000,    0.000258,    0.000000,    0.000137
    5     0.003606,   -0.000000,    0.004160,    0.000000,   -0.005474
    6     0.002171,    0.000000,   -0.001370,   -0.000000,    0.003228
    7     0.000000,   -0.001064,    0.000000,    0.005509,   -0.000000
    8     0.002615,   -0.000000,    0.002936,    0.000000,   -0.003826
    9     0.001830,    0.000000,   -0.000990,    0.000000,    0.002426
   10     0.000000,   -0.000853,    0.000000,    0.004388,   -0.000000
   11     0.001228,   -0.000000,    0.001167,    0.000000,   -0.001484
   12     0.000860,    0.000000,   -0.000335,   -0.000000,    0.000910
   13     0.000000,   -0.000465,    0.000000,    0.002579,   -0.000000
   14     0.000003,   -0.000000,    0.000028,    0.000000,   -0.000057
   15     0.000000,    0.000002,   -0.000000,    0.000002,    0.000000
   16     0.000040,   -0.000000,    0.000040,    0.000000,   -0.000054
   17    -0.000000,    0.000007,   -0.000000,   -0.000037,   -0.000000
   18    -0.000039,    0.000000,   -0.000075,   -0.000000,    0.000114
   19    -0.000092,   -0.000000,   -0.000065,   -0.000000,    0.000013
   20    -0.000000,    0.000034,   -0.000000,   -0.000080,    0.000000
   21     0.000071,    0.000000,    0.000024,   -0.000000,   -0.000023
   22    -0.000000,    0.000019,   -0.000000,   -0.000100,    0.000000
   23     0.000005,    0.000000,   -0.000089,    0.000000,    0.000157
   24    -0.000005,   -0.000000,    0.000003,    0.000000,   -0.000003
   25     0.000000,    0.000001,    0.000000,   -0.000007,   -0.000000
   26    -0.000015,   -0.000000,    0.000005,    0.000000,   -0.000013
   27     0.000000,    0.000007,   -0.000000,   -0.000028,    0.000000
   28    -0.000009,   -0.000000,   -0.000011,    0.000000,    0.000014
   29     0.000000,    0.000002,    0.000000,   -0.000001,    0.000000
   30    -0.000000,   -0.000000,   -0.000011,   -0.000000,    0.000011
   31    -0.001221,    0.000000,   -0.001828,   -0.000000,    0.002695
   32    -0.001534,    0.000000,   -0.002250,   -0.000000,    0.003224
   33    -0.000181,    0.000000,   -0.000439,   -0.000000,    0.000693
   34    -0.000162,    0.000000,   -0.000264,   -0.000000,    0.000401
   35     0.000094,    0.000000,    0.000050,    0.000000,   -0.000049
   36     0.000000,   -0.000021,    0.000000,    0.000108,   -0.000000
   37    -0.000171,    0.000000,   -0.000331,   -0.000000,    0.000490
   38     0.000157,    0.000000,    0.000098,    0.000000,   -0.000053
   39     0.000000,   -0.000046,    0.000000,    0.000234,   -0.000000
   40     0.000046,    0.000000,    0.000033,    0.000000,   -0.000039
   41     0.000000,    0.000003,   -0.000000,   -0.000011,    0.000000
   42     0.000033,   -0.000000,    0.000057,    0.000000,   -0.000081
   43     0.000000,   -0.000011,    0.000000,    0.000055,   -0.000000
   44    -0.000039,    0.000000,   -0.000081,   -0.000000,    0.000129
   45     0.000012,   -0.000000,    0.000029,    0.000000,    0.000034
   46     0.000083,    0.000000,    0.000085,   -0.000000,   -0.000069
   47    -0.000331,   -0.000000,   -0.000340,    0.000000,    0.000077
   48    -0.000285,   -0.000000,   -0.000300,    0.000000,    0.000177
   49     0.000149,    0.000000,    0.000034,   -0.000000,   -0.000432
   50     0.000505,    0.000000,   -0.000119,   -0.000000,    0.000074
   51    -0.000319,    0.000000,   -0.000094,   -0.000000,    0.000202
   52    -0.000210,   -0.000000,    0.000467,   -0.000000,   -0.000178
   53     0.000000,   -0.000143,   -0.000000,   -0.000114,    0.000000
   54     0.000580,   -0.000000,   -0.000239,    0.000000,   -0.000521
   55     0.001002,    0.000000,   -0.000757,   -0.000000,    0.000951
   56    -0.000000,    0.000411,    0.000000,    0.000428,    0.000000
   57    -0.000380,    0.000000,    0.000385,   -0.000000,    0.000532
   58    -0.001009,   -0.000000,    0.000427,    0.000000,   -0.001071
   59     0.000000,   -0.000373,   -0.000000,   -0.000458,   -0.000000
   60    -0.000601,    0.000000,    0.000602,   -0.000000,    0.000801
   61    -0.001439,   -0.000000,    0.000611,   -0.000000,   -0.001498
   62     0.000000,   -0.000582,   -0.000000,   -0.000711,   -0.000000
   63    -0.000484,    0.000000,    0.000160,   -0.000000,    0.000696
   64    -0.000457,   -0.000000,    0.000211,   -0.000000,   -0.000517
   65     0.000000,   -0.000275,   -0.000000,   -0.000688,   -0.000000
   66    -0.000377,   -0.000000,   -0.000036,    0.000000,   -0.000408
   67     0.000000,    0.000306,    0.000000,   -0.000238,   -0.000000
   68    -0.000193,   -0.000000,   -0.000103,    0.000000,   -0.000062
   69    -0.000000,   -0.000132,    0.000000,    0.000117,    0.000000
   70    -0.000177,    0.000000,    0.000014,   -0.000000,   -0.000238
   71    -0.000055,   -0.000000,    0.000009,    0.000000,   -0.000102
   72     0.000000,    0.000056,    0.000000,   -0.000012,   -0.000000
   73    -0.000018,   -0.000000,   -0.000029,   -0.000000,    0.000006
   74    -0.000000,   -0.000026,    0.000000,    0.000020,    0.000000
   75    -0.000003,    0.000000,   -0.000013,   -0.000000,   -0.000014
   76     0.000127,   -0.000000,    0.000151,    0.000000,   -0.000185
   77     0.000000,   -0.000046,    0.000000,    0.000224,   -0.000000
   78     0.000086,    0.000000,   -0.000024,    0.000000,    0.000064
   79    -0.000000,   -0.000002,    0.000000,    0.000005,    0.000000
   80     0.000144,    0.000000,   -0.000055,    0.000000,    0.000131
   81     0.000142,    0.000000,    0.000142,    0.000000,   -0.000156
   82     0.000000,   -0.000052,    0.000000,    0.000250,   -0.000000
   83     0.000078,    0.000000,   -0.000029,    0.000000,    0.000072
   84     0.000000,    0.000003,   -0.000000,   -0.000016,   -0.000000
   85     0.000112,    0.000000,   -0.000058,    0.000000,    0.000129
   86     0.000057,    0.000000,   -0.000026,    0.000000,    0.000057
   87    -0.000000,    0.000001,    0.000000,   -0.000004,   -0.000000
   88     0.000051,    0.000000,   -0.000015,    0.000000,    0.000039
   89    -0.000000,    0.000020,   -0.000000,   -0.000088,    0.000000
   90    -0.000021,   -0.000000,   -0.000024,   -0.000000,    0.000028
   91    -0.000000,    0.000025,   -0.000000,   -0.000112,    0.000000
   92    -0.000080,   -0.000000,   -0.000092,   -0.000000,    0.000106
                45,          46,          47,          48,          49
    0    -0.000474,    0.001439,   -0.003254,   -0.005076,    0.009896
    1    -0.001104,    0.003472,   -0.008474,   -0.012237,    0.023927
    2     0.002258,   -0.007478,    0.018649,    0.024172,   -0.045086
    3     0.003183,   -0.007395,    0.017542,    0.025388,   -0.057954
    4     0.002724,   -0.012340,    0.028714,    0.036199,   -0.052028
    5    -0.000029,    0.000005,   -0.000101,    0.000555,   -0.001593
    6     0.000395,   -0.002217,    0.000014,    0.005428,   -0.006401
    7     0.000000,   -0.000000,    0.000000,    0.000000,    0.000000
    8    -0.000032,   -0.000129,    0.000206,    0.000648,   -0.001049
    9     0.000400,   -0.002522,    0.001896,    0.006507,   -0.007182
   10    -0.000000,    0.000000,   -0.000000,   -0.000000,    0.000000
   11    -0.000197,    0.000193,   -0.000474,   -0.000764,    0.002345
   12    -0.001253,    0.005838,   -0.014963,   -0.016611,    0.021949
   13     0.000000,   -0.000000,    0.000000,    0.000000,   -0.000000
   14    -0.000008,    0.000000,    0.000061,    0.000027,    0.000016
   15    -0.000000,    0.000000,   -0.000000,   -0.000000,    0.000000
   16     0.000080,   -0.000228,    0.000408,    0.000633,   -0.001134
   17    -0.000000,    0.000000,   -0.000000,   -0.000000,    0.000000
   18     0.000174,   -0.000468,    0.000822,    0.001266,   -0.002354
   19    -0.000017,    0.000225,   -0.000557,   -0.000714,    0.000720
   20    -0.000000,   -0.000000,    0.000000,    0.000000,   -0.000000
   21     0.000298,   -0.001100,    0.002318,    0.003226,   -0.004987
   22     0.000000,   -0.000000,    0.000000,    0.000000,   -0.000000
   23     0.000594,   -0.002052,    0.004417,    0.006271,   -0.010302
   24    -0.000049,    0.000249,   -0.000605,   -0.000774,    0.001049
   25     0.000000,   -0.000000,    0.000000,    0.000000,   -0.000000
   26    -0.000031,    0.000248,   -0.000656,   -0.000817,    0.000993
   27    -0.000000,    0.000000,   -0.000000,   -0.000000,    0.000000
   28    -0.000003,    0.000012,   -0.000018,   -0.000018,    0.000003
   29    -0.000000,    0.000000,   -0.000000,   -0.000000,    0.000000
   30    -0.000004,    0.000012,   -0.000055,   -0.000075,    0.000158
   31     0.000336,   -0.000972,    0.001956,    0.002812,   -0.005491
   32    -0.000196,    0.000233,   -0.000513,   -0.001122,    0.003162
   33    -0.000977,    0.001877,   -0.003789,   -0.006662,    0.015925
   34     0.000102,   -0.000292,    0.000570,    0.000830,   -0.001593
   35    -0.000042,    0.000049,   -0.000115,   -0.000112,    0.000428
   36     0.000000,   -0.000000,    0.000000,    0.000000,    0.000000
   37    -0.000151,   -0.000097,    0.000472,    0.000061,    0.001703
   38     0.000094,    0.000125,   -0.000738,   -0.000350,   -0.000673
   39    -0.000000,    0.000000,   -0.000000,   -0.000000,    0.000000
   40     0.000012,    0.000083,   -0.000331,   -0.000285,    0.000149
   41    -0.000000,    0.000000,   -0.000000,   -0.000000,    0.000000
   42     0.000029,    0.000085,   -0.000340,   -0.000300,    0.000034
   43     0.000000,   -0.000000,    0.000000,    0.000000,   -0.000000
   44     0.000034,   -0.000069,    0.000077,    0.000177,   -0.000432
   45     2.238593,   -0.804147,    0.136180,    0.189581,   -0.060483
   46    -0.804147,    2.710192,   -0.571799,   -0.684400,    0.178406
   47     0.136180,   -0.571799,    0.872975,    0.856418,   -0.389046
   48     0.189581,   -0.684400,    0.856418,    0.891695,   -0.576900
   49    -0.060483,    0.178406,   -0.389046,   -0.576900,    1.061258
   50    -0.047862,    0.162634,   -0.348846,   -0.479503,    0.786096
   51    -0.000021,    0.000079,   -0.000128,   -0.000345,    0.001058
   52     0.001145,   -0.003721,    0.007945,    0.012183,   -0.023020
   53    -0.000000,    0.000000,   -0.000000,    0.000000,    0.000000
   54     0.000069,   -0.000268,    0.000402,    0.001196,   -0.003619
   55    -0.003815,    0.011879,   -0.027278,   -0.036761,    0.066334
   56     0.000000,   -0.000000,    0.000000,    0.000000,   -0.000000
   57    -0.000095,    0.000333,   -0.000524,   -0.001414,    0.004000
   58     0.003528,   -0.011165,    0.025992,    0.033868,   -0.058570
   59    -0.000000,    0.000000,   -0.000000,   -0.000000,    0.000000
   60    -0.000008,    0.000216,   -0.000201,   -0.001149,    0.003878
   61     0.005074,   -0.015043,    0.034611,    0.046130,   -0.083086
   62    -0.000000,    0.000000,   -0.000000,   -0.000000,    0.000000
   63    -0.000166,    0.000373,   -0.000554,   -0.001605,    0.004809
   64     0.002515,   -0.005367,    0.011067,    0.017731,   -0.039471
   65    -0.000000,    0.000000,    0.000000,   -0.000000,    0.000000
   66    -0.000012,    0.000071,   -0.000079,   -0.000318,    0.000497
   67     0.000000,   -0.000000,    0.000000,   -0.000000,   -0.000000
   68     0.000117,   -0.000214,    0.000850,    0.000430,   -0.001509
   69     0.000000,    0.000000,    0.000000,   -0.000000,   -0.000000
   70     0.000206,   -0.000404,    0.001499,    0.000899,   -0.002611
   71    -0.000020,   -0.000007,    0.000091,    0.000018,    0.000174
   72    -0.000000,    0.000000,   -0.000000,   -0.000000,    0.000000
   73    -0.000081,   -0.000102,    0.000622,    0.000357,    0.000376
   74     0.000000,    0.000000,    0.000000,   -0.000000,   -0.000000
   75    -0.000121,   -0.000176,    0.001027,    0.000643,    0.000456
   76     0.000051,   -0.000016,   -0.000087,    0.000065,   -0.000587
   77     0.000000,   -0.000000,    0.000000,   -0.000000,    0.000000
   78     0.000029,    0.000605,   -0.002045,   -0.001814,    0.001022
   79    -0.000000,   -0.000000,    0.000000,   -0.000000,    0.000000
   80     0.000006,    0.001052,   -0.003477,   -0.003207,    0.002325
   81     0.000030,   -0.000259,    0.000637,    0.000787,   -0.000877
   82    -0.000000,    0.000000,   -0.000000,   -0.000000,    0.000000
   83    -0.000238,   -0.000345,    0.001217,    0.000608,    0.002588
   84    -0.000000,    0.000000,   -0.000000,   -0.000000,    0.000000
   85    -0.000388,   -0.000482,    0.001778,    0.000791,    0.004299
   86    -0.000078,    0.000176,   -0.000452,   -0.000506,    0.001085
   87     0.000000,   -0.000000,    0.000000,    0.000000,   -0.000000
   88    -0.000055,    0.000079,   -0.000197,   -0.000213,    0.000649
   89     0.000000,   -0.000000,    0.000000,    0.000000,   -0.000000
   90    -0.000007,    0.000030,   -0.000070,   -0.000098,    0.000153
   91     0.000000,   -0.000000,    0.000000,    0.000000,   -0.000000
   92    -0.000023,    0.000079,   -0.000173,   -0.000263,    0.000460
                50,          51,          52,          53,          54
    0     0.008147,    0.000271,   -0.002444,    0.000000,   -0.000885
    1     0.020575,    0.000630,   -0.005645,    0.000000,   -0.002199
    2    -0.039028,   -0.001017,    0.007671,   -0.000000,    0.004485
    3    -0.054545,   -0.002159,    0.014677,    0.000000,    0.002927
    4    -0.035580,   -0.003652,   -0.008719,   -0.000000,    0.012256
    5     0.001642,   -0.008793,   -0.001803,   -0.000000,    0.029458
    6     0.052064,   -0.000755,   -0.052425,    0.000000,    0.002593
    7    -0.000000,   -0.000000,    0.000000,   -0.010385,    0.000000
    8     0.002153,   -0.005898,   -0.001881,   -0.000000,    0.021517
    9     0.040442,   -0.000865,   -0.040978,   -0.000000,    0.002343
   10    -0.000000,   -0.000000,    0.000000,   -0.007839,    0.000000
   11     0.005328,   -0.007027,   -0.001411,   -0.000000,    0.023529
   12     0.035981,   -0.001761,   -0.014533,    0.000000,    0.006655
   13    -0.000000,    0.000000,    0.000000,   -0.010245,   -0.000000
   14    -0.000342,   -0.000603,    0.000331,    0.000000,    0.001838
   15     0.000000,   -0.000000,   -0.000000,   -0.000524,   -0.000000
   16    -0.000664,   -0.000093,   -0.000194,   -0.000000,    0.000326
   17     0.000000,   -0.000000,    0.000000,    0.000067,    0.000000
   18    -0.001383,    0.000113,   -0.000132,   -0.000000,   -0.000463
   19    -0.000274,   -0.002714,    0.001224,    0.000000,    0.009788
   20    -0.000000,    0.000000,   -0.000000,   -0.002579,   -0.000000
   21    -0.002724,   -0.000210,   -0.000205,    0.000000,    0.001111
   22     0.000000,    0.000000,    0.000000,    0.000234,   -0.000000
   23    -0.006197,    0.000318,   -0.001075,   -0.000000,   -0.001605
   24     0.000648,    0.000111,    0.000232,   -0.000000,   -0.000321
   25     0.000000,   -0.000000,   -0.000000,    0.000056,    0.000000
   26     0.000417,   -0.000022,    0.000516,   -0.000000,    0.000068
   27     0.000000,    0.000000,   -0.000000,   -0.000154,   -0.000000
   28    -0.000002,   -0.000072,   -0.000028,    0.000000,    0.000172
   29     0.000000,   -0.000000,   -0.000000,   -0.000284,    0.000000
   30     0.000250,   -0.000315,   -0.000022,   -0.000000,    0.001347
   31    -0.001125,    0.003304,   -0.002379,   -0.000000,   -0.011178
   32     0.006472,    0.005612,   -0.002612,    0.000000,   -0.014649
   33     0.014861,    0.002277,   -0.003068,   -0.000000,   -0.009011
   34    -0.000628,    0.000494,   -0.000311,    0.000000,   -0.001177
   35     0.001310,    0.000092,   -0.001115,    0.000000,   -0.000041
   36    -0.000000,   -0.000000,   -0.000000,   -0.000182,    0.000000
   37     0.002560,    0.000794,   -0.001358,   -0.000000,   -0.000316
   38     0.001105,    0.001810,   -0.001401,    0.000000,   -0.007413
   39    -0.000000,    0.000000,    0.000000,   -0.000159,    0.000000
   40     0.000505,   -0.000319,   -0.000210,    0.000000,    0.000580
   41     0.000000,    0.000000,   -0.000000,   -0.000143,   -0.000000
   42    -0.000119,   -0.000094,    0.000467,   -0.000000,   -0.000239
   43    -0.000000,   -0.000000,   -0.000000,   -0.000114,    0.000000
   44     0.000074,    0.000202,   -0.000178,    0.000000,   -0.000521
   45    -0.047862,   -0.000021,    0.001145,   -0.000000,    0.000069
   46     0.162634,    0.000079,   -0.003721,    0.000000,   -0.000268
   47    -0.348846,   -0.000128,    0.007945,   -0.000000,    0.000402
   48    -0.479503,   -0.000345,    0.012183,    0.000000,    0.001196
   49     0.786096,    0.001058,   -0.023020,    0.000000,   -0.003619
   50     0.596556,   -0.001152,   -0.015911,    0.000000,    0.004370
   51    -0.001152,    2.344348,    0.000179,    0.000000,   -0.926828
   52    -0.015911,    0.000179,    2.326466,    0.000000,   -0.000583
   53     0.000000,    0.000000,    0.000000,    2.344430,   -0.000000
   54     0.004370,   -0.926828,   -0.000583,   -0.000000,    2.512453
   55     0.068907,   -0.000588,   -0.868065,   -0.000000,    0.001901
   56    -0.000000,   -0.000000,   -0.000000,   -0.927097,    0.000000
   57    -0.004001,    0.029248,    0.000621,    0.000000,   -0.164029
   58    -0.068685,    0.000758,   -0.027441,    0.000000,   -0.002315
   59     0.000000,    0.000000,    0.000000,    0.029594,   -0.000000
   60    -0.008093,    0.137300,    0.000823,    0.000000,   -0.419855
   61    -0.096567,    0.000342,    0.052854,    0.000000,   -0.001250
   62     0.000000,    0.000000,    0.000000,    0.137607,   -0.000000
   63    -0.002504,    0.065279,    0.000192,   -0.000000,   -0.224255
   64    -0.039994,    0.000055,    0.008421,    0.000000,    0.000153
   65    -0.000000,   -0.000000,    0.000000,    0.065754,    0.000000
   66     0.000394,    0.000080,    0.000206,    0.000000,   -0.000234
   67     0.000000,    0.000000,    0.000000,    0.000334,   -0.000000
   68    -0.003404,   -0.000046,    0.002060,    0.000000,    0.000152
   69     0.000000,   -0.000000,    0.000000,    0.000019,    0.000000
   70    -0.007244,   -0.000075,    0.003583,   -0.000000,    0.000243
   71     0.000247,   -0.000269,   -0.000111,    0.000000,    0.000673
   72     0.000000,    0.000000,   -0.000000,   -0.000301,   -0.000000
   73     0.000278,   -0.000009,    0.000036,   -0.000000,    0.000041
   74    -0.000000,   -0.000000,   -0.000000,   -0.000008,    0.000000
   75     0.000029,    0.000023,   -0.000011,    0.000000,   -0.000028
   76    -0.000343,    0.000506,    0.000051,   -0.000000,   -0.001615
   77     0.000000,   -0.000000,    0.000000,    0.000296,    0.000000
   78     0.002956,    0.000041,   -0.001766,    0.000000,   -0.000199
   79     0.000000,    0.000000,   -0.000000,    0.000009,   -0.000000
   80     0.005602,    0.000001,   -0.002958,    0.000000,   -0.000105
   81    -0.000162,    0.001237,   -0.000827,    0.000000,   -0.003590
   82    -0.000000,    0.000000,   -0.000000,    0.000616,   -0.000000
   83     0.003626,    0.000275,   -0.003332,   -0.000000,   -0.000806
   84     0.000000,   -0.000000,   -0.000000,   -0.000151,    0.000000
   85     0.005890,    0.000330,   -0.005669,    0.000000,   -0.001054
   86     0.002341,   -0.000025,   -0.001995,    0.000000,    0.000043
   87    -0.000000,    0.000000,    0.000000,   -0.000058,   -0.000000
   88     0.001713,    0.000062,   -0.001594,    0.000000,   -0.000142
   89    -0.000000,   -0.000000,    0.000000,   -0.000344,    0.000000
   90     0.000084,   -0.000196,    0.000046,    0.000000,    0.000549
   91    -0.000000,    0.000000,    0.000000,   -0.000415,   -0.000000
   92     0.000239,   -0.000667,    0.000175,   -0.000000,    0.001886
                55,          56,          57,          58,          59
    0     0.007750,   -0.000000,    0.000923,   -0.006308,   -0.000000
    1     0.017978,   -0.000000,    0.002368,   -0.014353,    0.000000
    2    -0.023591,    0.000000,   -0.005169,    0.017640,   -0.000000
    3    -0.046037,   -0.000000,   -0.002333,    0.036256,    0.000000
    4     0.011445,    0.000000,   -0.012547,   -0.006465,   -0.000000
    5     0.005792,    0.000000,   -0.031109,   -0.005557,   -0.000000
    6     0.170655,   -0.000000,   -0.002698,   -0.154596,    0.000000
    7    -0.000000,    0.035045,   -0.000000,    0.000000,   -0.037354
    8     0.006698,    0.000000,   -0.023292,   -0.006490,    0.000000
    9     0.137178,    0.000000,   -0.002291,   -0.124725,   -0.000000
   10    -0.000000,    0.025262,   -0.000000,    0.000000,   -0.026807
   11     0.007783,    0.000000,   -0.023205,   -0.008555,    0.000000
   12     0.055753,   -0.000000,   -0.006840,   -0.053307,    0.000000
   13    -0.000000,    0.034576,    0.000000,    0.000000,   -0.034604
   14    -0.001149,    0.000000,   -0.001711,    0.001073,   -0.000000
   15     0.000000,    0.001515,    0.000000,   -0.000000,   -0.001376
   16     0.000432,    0.000000,   -0.000332,   -0.000395,   -0.000000
   17    -0.000000,   -0.000257,   -0.000000,    0.000000,    0.000279
   18     0.000755,    0.000000,    0.000496,   -0.000890,   -0.000000
   19    -0.003436,    0.000000,   -0.009242,    0.002870,    0.000000
   20     0.000000,    0.009374,    0.000000,   -0.000000,   -0.008931
   21     0.002408,   -0.000000,   -0.001224,   -0.002430,    0.000000
   22    -0.000000,   -0.000634,    0.000000,    0.000000,    0.000631
   23     0.004249,   -0.000000,    0.001756,   -0.003629,   -0.000000
   24    -0.000578,    0.000000,    0.000262,    0.000325,   -0.000000
   25     0.000000,   -0.000178,   -0.000000,   -0.000000,    0.000167
   26    -0.001259,    0.000000,   -0.000053,    0.000884,   -0.000000
   27     0.000000,    0.000655,    0.000000,   -0.000000,   -0.000607
   28    -0.000005,    0.000000,   -0.000118,    0.000024,   -0.000000
   29     0.000000,    0.001056,   -0.000000,   -0.000000,   -0.000993
   30     0.000270,    0.000000,   -0.001324,   -0.000285,    0.000000
   31     0.008494,    0.000000,    0.011680,   -0.008468,   -0.000000
   32     0.012185,    0.000000,    0.013745,   -0.012514,    0.000000
   33     0.010926,    0.000000,    0.009382,   -0.010367,   -0.000000
   34     0.001393,   -0.000000,    0.001097,   -0.001486,    0.000000
   35     0.003187,   -0.000000,   -0.000082,   -0.002749,    0.000000
   36    -0.000000,    0.000619,    0.000000,    0.000000,   -0.000674
   37     0.004235,    0.000000,   -0.000326,   -0.003864,    0.000000
   38     0.004972,   -0.000000,    0.007412,   -0.004658,   -0.000000
   39    -0.000000,    0.000788,    0.000000,    0.000000,   -0.001013
   40     0.001002,   -0.000000,   -0.000380,   -0.001009,    0.000000
   41     0.000000,    0.000411,    0.000000,   -0.000000,   -0.000373
   42    -0.000757,    0.000000,    0.000385,    0.000427,   -0.000000
   43    -0.000000,    0.000428,   -0.000000,    0.000000,   -0.000458
   44     0.000951,    0.000000,    0.000532,   -0.001071,   -0.000000
   45    -0.003815,    0.000000,   -0.000095,    0.003528,   -0.000000
   46     0.011879,   -0.000000,    0.000333,   -0.011165,    0.000000
   47    -0.027278,    0.000000,   -0.000524,    0.025992,   -0.000000
   48    -0.036761,    0.000000,   -0.001414,    0.033868,   -0.000000
   49     0.066334,   -0.000000,    0.004000,   -0.058570,    0.000000
   50     0.068907,   -0.000000,   -0.004001,   -0.068685,    0.000000
   51    -0.000588,   -0.000000,    0.029248,    0.000758,    0.000000
   52    -0.868065,   -0.000000,    0.000621,   -0.027441,    0.000000
   53    -0.000000,   -0.927097,    0.000000,    0.000000,    0.029594
   54     0.001901,    0.000000,   -0.164029,   -0.002315,   -0.000000
   55     2.319670,    0.000000,   -0.001834,    0.017889,   -0.000000
   56     0.000000,    2.513312,   -0.000000,   -0.000000,   -0.164988
   57    -0.001834,   -0.000000,    0.243611,    0.002092,   -0.000000
   58     0.017889,   -0.000000,    0.002092,    0.074618,    0.000000
   59    -0.000000,   -0.164988,   -0.000000,    0.000000,    0.244540
   60    -0.003208,   -0.000000,    0.371911,    0.003896,    0.000000
   61    -0.131495,   -0.000000,    0.001210,    0.098841,    0.000000
   62    -0.000000,   -0.421179,    0.000000,    0.000000,    0.373450
   63    -0.000928,    0.000000,    0.213105,    0.001429,   -0.000000
   64    -0.032528,    0.000000,   -0.000280,    0.032571,    0.000000
   65    -0.000000,   -0.225773,   -0.000000,    0.000000,    0.214676
   66    -0.000667,   -0.000000,    0.000776,    0.000544,    0.000000
   67    -0.000000,   -0.001068,    0.000000,    0.000000,    0.001566
   68    -0.006749,    0.000000,   -0.000098,    0.004912,   -0.000000
   69    -0.000000,   -0.000063,   -0.000000,    0.000000,    0.000038
   70    -0.011705,    0.000000,   -0.000277,    0.008805,   -0.000000
   71     0.000252,    0.000000,   -0.000288,   -0.000202,    0.000000
   72     0.000000,    0.000669,    0.000000,    0.000000,   -0.000236
   73     0.000208,   -0.000000,   -0.000037,   -0.000475,    0.000000
   74     0.000000,    0.000045,   -0.000000,    0.000000,   -0.000055
   75     0.000301,   -0.000000,   -0.000008,   -0.000627,   -0.000000
   76     0.000117,    0.000000,    0.001378,   -0.000255,   -0.000000
   77    -0.000000,   -0.000658,   -0.000000,    0.000000,    0.000307
   78     0.005897,    0.000000,    0.000233,   -0.005739,   -0.000000
   79     0.000000,   -0.000054,    0.000000,   -0.000000,    0.000054
   80     0.010380,    0.000000,    0.000167,   -0.010229,    0.000000
   81     0.002004,   -0.000000,    0.003051,   -0.001562,    0.000000
   82     0.000000,   -0.001924,    0.000000,    0.000000,    0.001598
   83     0.007244,   -0.000000,    0.000710,   -0.005340,   -0.000000
   84     0.000000,    0.000513,   -0.000000,   -0.000000,   -0.000468
   85     0.011821,   -0.000000,    0.000997,   -0.008458,   -0.000000
   86     0.004838,   -0.000000,   -0.000017,   -0.004255,    0.000000
   87    -0.000000,    0.000191,    0.000000,    0.000000,   -0.000180
   88     0.003892,   -0.000000,    0.000119,   -0.003427,    0.000000
   89    -0.000000,    0.000985,   -0.000000,   -0.000000,   -0.000886
   90    -0.000125,   -0.000000,   -0.000497,    0.000110,    0.000000
   91    -0.000000,    0.001170,    0.000000,   -0.000000,   -0.001048
   92    -0.000436,    0.000000,   -0.001718,    0.000374,   -0.000000
                60,          61,          62,          63,          64
    0     0.001588,   -0.006862,    0.000000,    0.001656,   -0.001402
    1     0.003773,   -0.016471,    0.000000,    0.004200,   -0.002524
    2    -0.007462,    0.021750,   -0.000000,   -0.008047,    0.000418
    3    -0.002823,    0.046916,    0.000000,   -0.008599,    0.007007
    4    -0.018953,   -0.011767,   -0.000000,   -0.016611,   -0.006508
    5    -0.046702,   -0.011290,   -0.000000,   -0.046017,   -0.005730
    6    -0.005232,   -0.220211,    0.000000,   -0.002402,   -0.071599
    7     0.000000,   -0.000000,   -0.058128,    0.000000,   -0.000000
    8    -0.034978,   -0.011709,   -0.000000,   -0.033924,   -0.005422
    9    -0.004388,   -0.177563,   -0.000000,   -0.002302,   -0.057594
   10    -0.000000,   -0.000000,   -0.041758,   -0.000000,   -0.000000
   11    -0.035589,   -0.013216,   -0.000000,   -0.026578,   -0.005293
   12    -0.010939,   -0.075820,    0.000000,   -0.006764,   -0.025090
   13     0.000000,   -0.000000,   -0.053826,    0.000000,   -0.000000
   14    -0.002651,    0.001535,   -0.000000,   -0.001581,    0.000518
   15    -0.000000,   -0.000000,   -0.002145,    0.000000,   -0.000000
   16    -0.000503,   -0.000575,   -0.000000,   -0.000442,   -0.000158
   17    -0.000000,    0.000000,    0.000433,   -0.000000,    0.000000
   18     0.000745,   -0.001215,    0.000000,    0.000690,   -0.000366
   19    -0.014372,    0.004259,   -0.000000,   -0.007836,    0.001470
   20     0.000000,   -0.000000,   -0.013871,    0.000000,    0.000000
   21    -0.001888,   -0.003402,    0.000000,   -0.001184,   -0.000988
   22     0.000000,    0.000000,    0.000986,    0.000000,    0.000000
   23     0.002679,   -0.005103,   -0.000000,    0.001848,   -0.001470
   24     0.000413,    0.000460,   -0.000000,    0.000214,    0.000118
   25    -0.000000,   -0.000000,    0.000261,   -0.000000,   -0.000000
   26    -0.000078,    0.001271,   -0.000000,   -0.000050,    0.000390
   27     0.000000,   -0.000000,   -0.000942,    0.000000,   -0.000000
   28    -0.000190,    0.000040,   -0.000000,   -0.000063,    0.000016
   29    -0.000000,   -0.000000,   -0.001543,   -0.000000,   -0.000000
   30    -0.002058,   -0.000385,    0.000000,   -0.001140,   -0.000117
   31     0.017559,   -0.011462,    0.000000,    0.016289,   -0.004172
   32     0.020658,   -0.016567,    0.000000,    0.020427,   -0.005327
   33     0.014288,   -0.014495,   -0.000000,    0.009908,   -0.004763
   34     0.001642,   -0.002067,    0.000000,    0.001728,   -0.000801
   35    -0.000118,   -0.003951,    0.000000,   -0.000311,   -0.001263
   36     0.000000,   -0.000000,   -0.001048,   -0.000000,   -0.000000
   37    -0.000560,   -0.005381,    0.000000,    0.000773,   -0.001828
   38     0.011498,   -0.006766,   -0.000000,    0.006043,   -0.002244
   39     0.000000,    0.000000,   -0.001570,    0.000000,   -0.000000
   40    -0.000601,   -0.001439,    0.000000,   -0.000484,   -0.000457
   41     0.000000,   -0.000000,   -0.000582,    0.000000,   -0.000000
   42     0.000602,    0.000611,   -0.000000,    0.000160,    0.000211
   43    -0.000000,   -0.000000,   -0.000711,   -0.000000,   -0.000000
   44     0.000801,   -0.001498,   -0.000000,    0.000696,   -0.000517
   45    -0.000008,    0.005074,   -0.000000,   -0.000166,    0.002515
   46     0.000216,   -0.015043,    0.000000,    0.000373,   -0.005367
   47    -0.000201,    0.034611,   -0.000000,   -0.000554,    0.011067
   48    -0.001149,    0.046130,   -0.000000,   -0.001605,    0.017731
   49     0.003878,   -0.083086,    0.000000,    0.004809,   -0.039471
   50    -0.008093,   -0.096567,    0.000000,   -0.002504,   -0.039994
   51     0.137300,    0.000342,    0.000000,    0.065279,    0.000055
   52     0.000823,    0.052854,    0.000000,    0.000192,    0.008421
   53     0.000000,    0.000000,    0.137607,   -0.000000,    0.000000
   54    -0.419855,   -0.001250,   -0.000000,   -0.224255,    0.000153
   55    -0.003208,   -0.131495,   -0.000000,   -0.000928,   -0.032528
   56    -0.000000,   -0.000000,   -0.421179,    0.000000,    0.000000
   57     0.371911,    0.001210,    0.000000,    0.213105,   -0.000280
   58     0.003896,    0.098841,    0.000000,    0.001429,    0.032571
   59     0.000000,    0.000000,    0.373450,   -0.000000,    0.000000
   60     0.580163,    0.002739,    0.000000,    0.331099,   -0.000128
   61     0.002739,    0.141958,    0.000000,    0.000615,    0.046054
   62     0.000000,    0.000000,    0.582645,    0.000000,    0.000000
   63     0.331099,    0.000615,    0.000000,    0.189985,   -0.000277
   64    -0.000128,    0.046054,    0.000000,   -0.000277,    0.015357
   65    -0.000000,    0.000000,    0.333695,   -0.000000,    0.000000
   66    -0.000991,    0.001545,   -0.000000,    0.002053,    0.000296
   67     0.000000,   -0.000000,    0.000530,    0.000000,    0.000000
   68    -0.000392,    0.011973,    0.000000,   -0.000225,    0.001210
   69     0.000000,   -0.000000,    0.000149,    0.000000,    0.000000
   70    -0.000165,    0.019319,    0.000000,   -0.000452,    0.002085
   71    -0.000905,   -0.000149,    0.000000,   -0.000074,   -0.000101
   72     0.000000,   -0.000000,   -0.000776,    0.000000,    0.000000
   73    -0.000118,    0.000349,    0.000000,   -0.000041,   -0.000417
   74    -0.000000,   -0.000000,   -0.000066,   -0.000000,    0.000000
   75     0.000022,    0.000507,   -0.000000,   -0.000004,   -0.000658
   76     0.002196,   -0.000506,   -0.000000,    0.000536,   -0.000268
   77    -0.000000,    0.000000,    0.000477,   -0.000000,   -0.000000
   78     0.000310,   -0.008044,   -0.000000,    0.000289,   -0.002491
   79     0.000000,   -0.000000,    0.000083,    0.000000,   -0.000000
   80     0.000166,   -0.014333,    0.000000,    0.000339,   -0.004447
   81     0.004796,   -0.002412,    0.000000,    0.002034,   -0.000891
   82     0.000000,   -0.000000,    0.002469,    0.000000,   -0.000000
   83     0.001061,   -0.007637,   -0.000000,    0.000673,   -0.002462
   84    -0.000000,   -0.000000,   -0.000727,   -0.000000,   -0.000000
   85     0.001473,   -0.012108,   -0.000000,    0.001035,   -0.003877
   86    -0.000068,   -0.006012,    0.000000,    0.000087,   -0.001854
   87     0.000000,    0.000000,   -0.000279,    0.000000,    0.000000
   88     0.000157,   -0.004850,    0.000000,    0.000157,   -0.001501
   89    -0.000000,    0.000000,   -0.001375,   -0.000000,    0.000000
   90    -0.000782,    0.000184,    0.000000,   -0.000330,    0.000076
   91     0.000000,    0.000000,   -0.001626,    0.000000,    0.000000
   92    -0.002707,    0.000637,   -0.000000,   -0.001103,    0.000270
                65,          66,          67,          68,          69
    0    -0.000000,    0.000635,   -0.000000,   -0.001756,    0.000000
    1     0.000000,    0.001532,    0.000000,   -0.004186,    0.000000
    2    -0.000000,   -0.002750,   -0.000000,    0.007525,   -0.000000
    3     0.000000,   -0.002551,    0.000000,    0.007027,    0.000000
    4    -0.000000,   -0.004311,   -0.000000,    0.000834,   -0.000000
    5     0.000000,   -0.015764,   -0.000000,    0.000314,   -0.000000
    6     0.000000,   -0.002354,    0.000000,   -0.012900,    0.000000
    7    -0.061313,    0.000000,   -0.022159,    0.000000,    0.000311
    8     0.000000,   -0.011057,   -0.000000,    0.001123,    0.000000
    9    -0.000000,   -0.001218,    0.000000,   -0.008757,   -0.000000
   10    -0.046257,   -0.000000,   -0.016343,    0.000000,    0.000089
   11     0.000000,   -0.008593,   -0.000000,    0.001347,   -0.000000
   12     0.000000,   -0.000003,    0.000000,   -0.004915,    0.000000
   13    -0.043789,    0.000000,   -0.012946,    0.000000,   -0.000182
   14     0.000000,    0.000055,   -0.000000,    0.000113,   -0.000000
   15    -0.001224,    0.000000,   -0.000024,    0.000000,   -0.000001
   16    -0.000000,   -0.000159,   -0.000000,    0.000043,    0.000000
   17     0.000436,   -0.000000,    0.000148,    0.000000,   -0.000015
   18    -0.000000,    0.000245,   -0.000000,    0.000189,    0.000000
   19     0.000000,   -0.001907,   -0.000000,    0.000152,    0.000000
   20    -0.007453,    0.000000,   -0.000839,   -0.000000,   -0.000026
   21     0.000000,   -0.000279,    0.000000,    0.000987,   -0.000000
   22     0.001071,    0.000000,    0.000361,    0.000000,    0.000255
   23    -0.000000,    0.000261,    0.000000,    0.000574,   -0.000000
   24    -0.000000,    0.000243,   -0.000000,   -0.000293,    0.000000
   25     0.000186,   -0.000000,    0.000064,   -0.000000,   -0.000093
   26    -0.000000,   -0.000080,   -0.000000,   -0.000297,    0.000000
   27    -0.000390,    0.000000,   -0.000376,   -0.000000,    0.000041
   28    -0.000000,   -0.000143,   -0.000000,   -0.000080,   -0.000000
   29    -0.000873,    0.000000,   -0.000574,   -0.000000,   -0.000052
   30     0.000000,   -0.000611,   -0.000000,    0.000063,    0.000000
   31    -0.000000,    0.005097,    0.000000,   -0.000185,    0.000000
   32     0.000000,    0.004035,   -0.000000,    0.002109,    0.000000
   33    -0.000000,    0.001504,   -0.000000,   -0.000281,   -0.000000
   34     0.000000,    0.000461,   -0.000000,    0.000270,    0.000000
   35     0.000000,   -0.000327,    0.000000,   -0.000446,   -0.000000
   36    -0.001151,   -0.000000,   -0.000472,    0.000000,   -0.000074
   37     0.000000,   -0.000868,   -0.000000,    0.000474,    0.000000
   38    -0.000000,   -0.002075,    0.000000,   -0.001153,    0.000000
   39    -0.002094,   -0.000000,   -0.000861,   -0.000000,    0.000631
   40     0.000000,   -0.000377,    0.000000,   -0.000193,   -0.000000
   41    -0.000275,   -0.000000,    0.000306,   -0.000000,   -0.000132
   42    -0.000000,   -0.000036,    0.000000,   -0.000103,    0.000000
   43    -0.000688,    0.000000,   -0.000238,    0.000000,    0.000117
   44    -0.000000,   -0.000408,   -0.000000,   -0.000062,    0.000000
   45    -0.000000,   -0.000012,    0.000000,    0.000117,    0.000000
   46     0.000000,    0.000071,   -0.000000,   -0.000214,    0.000000
   47     0.000000,   -0.000079,    0.000000,    0.000850,    0.000000
   48    -0.000000,   -0.000318,   -0.000000,    0.000430,   -0.000000
   49     0.000000,    0.000497,   -0.000000,   -0.001509,   -0.000000
   50    -0.000000,    0.000394,    0.000000,   -0.003404,    0.000000
   51    -0.000000,    0.000080,    0.000000,   -0.000046,   -0.000000
   52     0.000000,    0.000206,    0.000000,    0.002060,    0.000000
   53     0.065754,    0.000000,    0.000334,    0.000000,    0.000019
   54     0.000000,   -0.000234,   -0.000000,    0.000152,    0.000000
   55    -0.000000,   -0.000667,   -0.000000,   -0.006749,   -0.000000
   56    -0.225773,   -0.000000,   -0.001068,    0.000000,   -0.000063
   57    -0.000000,    0.000776,    0.000000,   -0.000098,   -0.000000
   58     0.000000,    0.000544,    0.000000,    0.004912,    0.000000
   59     0.214676,    0.000000,    0.001566,   -0.000000,    0.000038
   60    -0.000000,   -0.000991,    0.000000,   -0.000392,    0.000000
   61     0.000000,    0.001545,   -0.000000,    0.011973,   -0.000000
   62     0.333695,   -0.000000,    0.000530,    0.000000,    0.000149
   63    -0.000000,    0.002053,    0.000000,   -0.000225,    0.000000
   64     0.000000,    0.000296,    0.000000,    0.001210,    0.000000
   65     0.192693,    0.000000,    0.002768,   -0.000000,    0.000094
   66     0.000000,    1.642221,    0.000000,   -0.000031,   -0.000000
   67     0.002768,    0.000000,    1.642625,    0.000000,    0.000007
   68    -0.000000,   -0.000031,    0.000000,    1.642720,    0.000000
   69     0.000094,   -0.000000,    0.000007,    0.000000,    1.642467
   70     0.000000,   -0.000035,   -0.000000,    0.000457,    0.000000
   71     0.000000,    0.331169,   -0.000000,    0.000049,    0.000000
   72    -0.000123,   -0.000000,    0.330904,   -0.000000,   -0.000004
   73     0.000000,    0.000092,   -0.000000,    0.330879,   -0.000000
   74    -0.000018,    0.000000,    0.000006,   -0.000000,    0.330359
   75    -0.000000,    0.000041,    0.000000,    0.000811,   -0.000000
   76    -0.000000,    0.007548,    0.000000,   -0.000075,    0.000000
   77    -0.000880,    0.000000,    0.007743,    0.000000,   -0.000007
   78    -0.000000,   -0.000201,    0.000000,    0.007664,    0.000000
   79     0.000024,   -0.000000,   -0.000027,    0.000000,    0.008876
   80     0.000000,   -0.000094,    0.000000,   -0.001898,    0.000000
   81     0.000000,    0.014427,   -0.000000,   -0.000110,   -0.000000
   82     0.000122,   -0.000000,    0.013392,   -0.000000,    0.000069
   83    -0.000000,    0.000130,   -0.000000,    0.013159,   -0.000000
   84    -0.000326,    0.000000,    0.000059,   -0.000000,    0.013402
   85    -0.000000,   -0.000024,   -0.000000,   -0.000672,   -0.000000
   86     0.000000,   -0.000035,   -0.000000,   -0.000588,    0.000000
   87    -0.000135,   -0.000000,   -0.000015,   -0.000000,    0.000390
   88     0.000000,    0.000041,   -0.000000,    0.000012,    0.000000
   89    -0.000327,   -0.000000,   -0.000219,    0.000000,    0.000008
   90     0.000000,   -0.000157,   -0.000000,   -0.000022,   -0.000000
   91    -0.000344,   -0.000000,   -0.000279,    0.000000,   -0.000028
   92    -0.000000,   -0.000550,   -0.000000,    0.000024,    0.000000
                70,          71,          72,          73,          74
    0    -0.003057,    0.000045,   -0.000000,    0.000130,    0.000000
    1    -0.007292,    0.000118,   -0.000000,    0.000098,    0.000000
    2     0.012908,   -0.000263,   -0.000000,    0.000656,   -0.000000
    3     0.012776,    0.000001,    0.000000,    0.000002,    0.000000
    4     0.009765,   -0.000215,   -0.000000,    0.000100,   -0.000000
    5     0.002032,   -0.001105,   -0.000000,    0.000007,    0.000000
    6    -0.022187,    0.000328,    0.000000,    0.000559,    0.000000
    7    -0.000000,   -0.000000,   -0.000945,   -0.000000,   -0.000289
    8     0.000672,   -0.000720,   -0.000000,    0.000228,    0.000000
    9    -0.014709,    0.000430,    0.000000,    0.000798,   -0.000000
   10     0.000000,   -0.000000,   -0.000493,   -0.000000,   -0.000263
   11    -0.001012,   -0.001002,   -0.000000,    0.000363,    0.000000
   12    -0.009095,    0.000358,    0.000000,    0.000060,    0.000000
   13     0.000000,   -0.000000,   -0.000941,   -0.000000,   -0.000195
   14     0.000176,    0.000015,   -0.000000,    0.000002,    0.000000
   15    -0.000000,   -0.000000,   -0.000002,   -0.000000,    0.000000
   16     0.000165,   -0.000013,   -0.000000,    0.000018,    0.000000
   17     0.000000,   -0.000000,    0.000006,    0.000000,   -0.000001
   18     0.000232,    0.000026,    0.000000,    0.000058,    0.000000
   19     0.000104,   -0.000422,   -0.000000,   -0.000025,    0.000000
   20    -0.000000,    0.000000,   -0.000209,   -0.000000,    0.000004
   21     0.000797,   -0.000030,   -0.000000,    0.000257,   -0.000000
   22     0.000000,    0.000000,    0.000009,    0.000000,    0.000058
   23     0.002058,    0.000037,    0.000000,    0.000204,   -0.000000
   24    -0.000567,    0.000049,   -0.000000,   -0.000069,    0.000000
   25    -0.000000,   -0.000000,    0.000008,    0.000000,   -0.000018
   26    -0.000351,   -0.000020,    0.000000,   -0.000080,    0.000000
   27    -0.000000,    0.000000,   -0.000093,   -0.000000,    0.000010
   28     0.000006,   -0.000033,    0.000000,   -0.000017,   -0.000000
   29    -0.000000,    0.000000,   -0.000115,   -0.000000,   -0.000010
   30    -0.000057,   -0.000123,   -0.000000,    0.000019,    0.000000
   31    -0.000713,    0.000410,    0.000000,    0.000104,   -0.000000
   32    -0.003864,   -0.000031,   -0.000000,    0.000691,   -0.000000
   33    -0.002800,    0.000166,   -0.000000,    0.000163,   -0.000000
   34    -0.000068,    0.000018,   -0.000000,    0.000075,    0.000000
   35    -0.000601,   -0.000026,    0.000000,   -0.000032,   -0.000000
   36     0.000000,   -0.000000,   -0.000026,   -0.000000,   -0.000022
   37    -0.001426,   -0.000266,   -0.000000,    0.000171,    0.000000
   38    -0.000516,   -0.000352,    0.000000,   -0.000140,   -0.000000
   39    -0.000000,   -0.000000,   -0.000025,   -0.000000,    0.000112
   40    -0.000177,   -0.000055,    0.000000,   -0.000018,   -0.000000
   41     0.000000,   -0.000000,    0.000056,   -0.000000,   -0.000026
   42     0.000014,    0.000009,    0.000000,   -0.000029,    0.000000
   43    -0.000000,    0.000000,   -0.000012,   -0.000000,    0.000020
   44    -0.000238,   -0.000102,   -0.000000,    0.000006,    0.000000
   45     0.000206,   -0.000020,   -0.000000,   -0.000081,    0.000000
   46    -0.000404,   -0.000007,    0.000000,   -0.000102,    0.000000
   47     0.001499,    0.000091,   -0.000000,    0.000622,    0.000000
   48     0.000899,    0.000018,   -0.000000,    0.000357,   -0.000000
   49    -0.002611,    0.000174,    0.000000,    0.000376,   -0.000000
   50    -0.007244,    0.000247,    0.000000,    0.000278,   -0.000000
   51    -0.000075,   -0.000269,    0.000000,   -0.000009,   -0.000000
   52     0.003583,   -0.000111,   -0.000000,    0.000036,   -0.000000
   53    -0.000000,    0.000000,   -0.000301,   -0.000000,   -0.000008
   54     0.000243,    0.000673,   -0.000000,    0.000041,    0.000000
   55    -0.011705,    0.000252,    0.000000,    0.000208,    0.000000
   56     0.000000,    0.000000,    0.000669,   -0.000000,    0.000045
   57    -0.000277,   -0.000288,    0.000000,   -0.000037,   -0.000000
   58     0.008805,   -0.000202,    0.000000,   -0.000475,    0.000000
   59    -0.000000,    0.000000,   -0.000236,    0.000000,   -0.000055
   60    -0.000165,   -0.000905,    0.000000,   -0.000118,   -0.000000
   61     0.019319,   -0.000149,   -0.000000,    0.000349,   -0.000000
   62     0.000000,    0.000000,   -0.000776,    0.000000,   -0.000066
   63    -0.000452,   -0.000074,    0.000000,   -0.000041,   -0.000000
   64     0.002085,   -0.000101,    0.000000,   -0.000417,    0.000000
   65     0.000000,    0.000000,   -0.000123,    0.000000,   -0.000018
   66    -0.000035,    0.331169,   -0.000000,    0.000092,    0.000000
   67    -0.000000,   -0.000000,    0.330904,   -0.000000,    0.000006
   68     0.000457,    0.000049,   -0.000000,    0.330879,   -0.000000
   69     0.000000,    0.000000,   -0.000004,   -0.000000,    0.330359
   70     1.643246,   -0.000022,    0.000000,    0.000794,   -0.000000
   71    -0.000022,    0.066795,   -0.000000,    0.000035,    0.000000
   72     0.000000,   -0.000000,    0.066683,   -0.000000,   -0.000002
   73     0.000794,    0.000035,   -0.000000,    0.066679,   -0.000000
   74    -0.000000,    0.000000,   -0.000002,   -0.000000,    0.066447
   75     0.331786,    0.000013,    0.000000,    0.000359,   -0.000000
   76     0.000078,    0.001596,    0.000000,   -0.000018,    0.000000
   77     0.000000,    0.000000,    0.001702,    0.000000,   -0.000017
   78    -0.001847,   -0.000021,    0.000000,    0.001669,    0.000000
   79     0.000000,   -0.000000,   -0.000003,    0.000000,    0.001785
   80     0.005556,    0.000012,    0.000000,   -0.000156,    0.000000
   81    -0.000031,    0.002987,   -0.000000,    0.000004,   -0.000000
   82    -0.000000,   -0.000000,    0.002855,   -0.000000,   -0.000003
   83    -0.000499,    0.000049,   -0.000000,    0.002770,   -0.000000
   84    -0.000000,    0.000000,    0.000002,   -0.000000,    0.002697
   85     0.012771,    0.000022,   -0.000000,    0.000061,   -0.000000
   86    -0.000460,    0.000004,   -0.000000,   -0.000023,    0.000000
   87    -0.000000,   -0.000000,   -0.000006,   -0.000000,    0.000079
   88    -0.000637,    0.000020,   -0.000000,    0.000079,    0.000000
   89     0.000000,   -0.000000,   -0.000099,    0.000000,    0.000008
   90     0.000002,   -0.000043,   -0.000000,   -0.000006,    0.000000
   91     0.000000,   -0.000000,   -0.000126,    0.000000,    0.000002
   92    -0.000060,   -0.000155,   -0.000000,    0.000001,    0.000000
                75,          76,          77,          78,          79
    0     0.000306,   -0.000736,    0.000000,    0.001065,    0.000000
    1     0.000298,   -0.001784,    0.000000,    0.002830,    0.000000
    2     0.001059,    0.002812,    0.000000,   -0.004957,   -0.000000
    3     0.000051,    0.005291,   -0.000000,   -0.007282,   -0.000000
    4     0.001741,    0.004760,    0.000000,   -0.000968,   -0.000000
    5     0.000033,    0.015933,    0.000000,   -0.000407,   -0.000000
    6     0.000699,    0.001410,   -0.000000,    0.012153,    0.000000
    7    -0.000000,    0.000000,    0.022397,    0.000000,    0.000461
    8    -0.000068,    0.011509,    0.000000,   -0.000163,   -0.000000
    9     0.001230,    0.001365,   -0.000000,    0.009891,    0.000000
   10    -0.000000,    0.000000,    0.017873,    0.000000,    0.000368
   11    -0.000154,    0.005137,    0.000000,    0.000204,   -0.000000
   12    -0.000130,    0.001069,   -0.000000,    0.004006,    0.000000
   13    -0.000000,    0.000000,    0.010315,    0.000000,    0.000208
   14    -0.000000,    0.000034,    0.000000,   -0.000079,   -0.000000
   15     0.000000,   -0.000000,   -0.000006,    0.000000,   -0.000000
   16     0.000047,    0.000130,    0.000000,    0.000046,   -0.000000
   17     0.000000,   -0.000000,   -0.000150,   -0.000000,   -0.000003
   18     0.000083,   -0.000207,   -0.000000,    0.000077,    0.000000
   19    -0.000067,   -0.000413,    0.000000,   -0.000216,   -0.000000
   20     0.000000,    0.000000,   -0.000417,    0.000000,   -0.000010
   21     0.000256,    0.000105,   -0.000000,    0.000247,   -0.000000
   22     0.000000,    0.000000,   -0.000405,   -0.000000,   -0.000007
   23     0.000566,   -0.000215,   -0.000000,    0.000365,    0.000000
   24    -0.000131,    0.000018,    0.000000,   -0.000041,    0.000000
   25     0.000000,    0.000000,   -0.000029,    0.000000,   -0.000001
   26    -0.000105,   -0.000006,    0.000000,   -0.000082,   -0.000000
   27    -0.000000,    0.000000,   -0.000124,    0.000000,   -0.000002
   28     0.000001,   -0.000040,    0.000000,   -0.000002,   -0.000000
   29    -0.000000,    0.000000,   -0.000014,    0.000000,   -0.000001
   30    -0.000001,   -0.000038,   -0.000000,    0.000023,   -0.000000
   31     0.000165,   -0.005027,   -0.000000,    0.000342,    0.000000
   32    -0.000226,   -0.006951,   -0.000000,    0.000933,    0.000000
   33    -0.000181,   -0.001246,   -0.000000,    0.000840,    0.000000
   34     0.000028,   -0.000634,   -0.000000,    0.000036,    0.000000
   35    -0.000029,    0.000235,    0.000000,    0.000233,    0.000000
   36    -0.000000,    0.000000,    0.000440,    0.000000,    0.000009
   37    -0.000151,   -0.000876,   -0.000000,    0.000253,    0.000000
   38     0.000042,    0.000530,   -0.000000,    0.000368,    0.000000
   39    -0.000000,    0.000000,    0.000956,    0.000000,    0.000023
   40    -0.000003,    0.000127,    0.000000,    0.000086,   -0.000000
   41     0.000000,   -0.000000,   -0.000046,    0.000000,   -0.000002
   42    -0.000013,    0.000151,    0.000000,   -0.000024,    0.000000
   43    -0.000000,    0.000000,    0.000224,    0.000000,    0.000005
   44    -0.000014,   -0.000185,   -0.000000,    0.000064,    0.000000
   45    -0.000121,    0.000051,    0.000000,    0.000029,   -0.000000
   46    -0.000176,   -0.000016,   -0.000000,    0.000605,   -0.000000
   47     0.001027,   -0.000087,    0.000000,   -0.002045,    0.000000
   48     0.000643,    0.000065,   -0.000000,   -0.001814,   -0.000000
   49     0.000456,   -0.000587,    0.000000,    0.001022,    0.000000
   50     0.000029,   -0.000343,    0.000000,    0.002956,    0.000000
   51     0.000023,    0.000506,   -0.000000,    0.000041,    0.000000
   52    -0.000011,    0.000051,    0.000000,   -0.001766,   -0.000000
   53     0.000000,   -0.000000,    0.000296,    0.000000,    0.000009
   54    -0.000028,   -0.001615,    0.000000,   -0.000199,   -0.000000
   55     0.000301,    0.000117,   -0.000000,    0.005897,    0.000000
   56    -0.000000,    0.000000,   -0.000658,    0.000000,   -0.000054
   57    -0.000008,    0.001378,   -0.000000,    0.000233,    0.000000
   58    -0.000627,   -0.000255,    0.000000,   -0.005739,   -0.000000
   59    -0.000000,   -0.000000,    0.000307,   -0.000000,    0.000054
   60     0.000022,    0.002196,   -0.000000,    0.000310,    0.000000
   61     0.000507,   -0.000506,    0.000000,   -0.008044,   -0.000000
   62    -0.000000,   -0.000000,    0.000477,   -0.000000,    0.000083
   63    -0.000004,    0.000536,   -0.000000,    0.000289,    0.000000
   64    -0.000658,   -0.000268,   -0.000000,   -0.002491,   -0.000000
   65    -0.000000,   -0.000000,   -0.000880,   -0.000000,    0.000024
   66     0.000041,    0.007548,    0.000000,   -0.000201,   -0.000000
   67     0.000000,    0.000000,    0.007743,    0.000000,   -0.000027
   68     0.000811,   -0.000075,    0.000000,    0.007664,    0.000000
   69    -0.000000,    0.000000,   -0.000007,    0.000000,    0.008876
   70     0.331786,    0.000078,    0.000000,   -0.001847,    0.000000
   71     0.000013,    0.001596,    0.000000,   -0.000021,   -0.000000
   72     0.000000,    0.000000,    0.001702,    0.000000,   -0.000003
   73     0.000359,   -0.000018,    0.000000,    0.001669,    0.000000
   74    -0.000000,    0.000000,   -0.000017,    0.000000,    0.001785
   75     0.067081,    0.000001,    0.000000,   -0.000161,    0.000000
   76     0.000001,    0.000655,    0.000000,   -0.000021,    0.000000
   77     0.000000,    0.000000,    0.000975,    0.000000,    0.000019
   78    -0.000161,   -0.000021,    0.000000,    0.000564,    0.000000
   79     0.000000,    0.000000,    0.000019,    0.000000,    0.000048
   80     0.001493,   -0.000074,    0.000000,    0.000916,    0.000000
   81     0.000026,    0.000709,    0.000000,    0.000087,    0.000000
   82    -0.000000,    0.000000,    0.001123,    0.000000,    0.000022
   83     0.000102,    0.000019,    0.000000,    0.000523,    0.000000
   84    -0.000000,   -0.000000,   -0.000073,    0.000000,    0.000071
   85     0.002895,   -0.000045,    0.000000,    0.000726,    0.000000
   86     0.000065,   -0.000050,   -0.000000,    0.000388,    0.000000
   87    -0.000000,    0.000000,   -0.000020,   -0.000000,    0.000002
   88    -0.000002,   -0.000011,    0.000000,    0.000313,    0.000000
   89     0.000000,   -0.000000,   -0.000374,   -0.000000,   -0.000008
   90     0.000000,   -0.000103,   -0.000000,   -0.000003,   -0.000000
   91     0.000000,   -0.000000,   -0.000477,   -0.000000,   -0.000010
   92    -0.000011,   -0.000387,   -0.000000,   -0.000008,   -0.000000
                80,          81,          82,          83,          84
    0     0.001701,   -0.000812,   -0.000000,    0.000737,    0.000000
    1     0.004684,   -0.001939,   -0.000000,    0.001766,    0.000000
    2    -0.008555,    0.003062,    0.000000,   -0.002547,   -0.000000
    3    -0.012747,    0.005338,   -0.000000,   -0.004278,   -0.000000
    4    -0.001803,    0.005149,    0.000000,    0.000102,   -0.000000
    5    -0.001735,    0.015889,    0.000000,    0.000307,    0.000000
    6     0.021657,    0.004682,   -0.000000,    0.011828,    0.000000
    7     0.000000,    0.000000,    0.025016,    0.000000,   -0.001679
    8    -0.001021,    0.011537,    0.000000,    0.000393,    0.000000
    9     0.017601,    0.003996,   -0.000000,    0.009593,    0.000000
   10     0.000000,    0.000000,    0.019982,    0.000000,   -0.001346
   11     0.000053,    0.005179,   -0.000000,    0.000513,    0.000000
   12     0.007119,    0.002127,   -0.000000,    0.003951,    0.000000
   13     0.000000,    0.000000,    0.011423,    0.000000,   -0.000745
   14    -0.000143,   -0.000003,   -0.000000,   -0.000084,    0.000000
   15     0.000000,   -0.000000,   -0.000014,    0.000000,    0.000003
   16     0.000071,    0.000136,    0.000000,    0.000038,   -0.000000
   17    -0.000000,   -0.000000,   -0.000168,   -0.000000,    0.000011
   18     0.000151,   -0.000180,   -0.000000,    0.000071,   -0.000000
   19    -0.000357,   -0.000555,   -0.000000,   -0.000253,    0.000000
   20    -0.000000,   -0.000000,   -0.000519,   -0.000000,    0.000048
   21     0.000422,    0.000148,   -0.000000,    0.000216,    0.000000
   22    -0.000000,    0.000000,   -0.000453,   -0.000000,    0.000033
   23     0.000664,   -0.000114,    0.000000,    0.000324,   -0.000000
   24    -0.000073,    0.000013,    0.000000,   -0.000034,   -0.000000
   25     0.000000,    0.000000,   -0.000031,    0.000000,    0.000001
   26    -0.000145,   -0.000027,    0.000000,   -0.000078,    0.000000
   27     0.000000,   -0.000000,   -0.000144,    0.000000,    0.000011
   28    -0.000000,   -0.000042,    0.000000,   -0.000003,   -0.000000
   29     0.000000,    0.000000,   -0.000023,    0.000000,    0.000002
   30     0.000043,   -0.000045,   -0.000000,    0.000018,    0.000000
   31     0.001017,   -0.004673,    0.000000,    0.000480,   -0.000000
   32     0.002135,   -0.006559,   -0.000000,    0.000872,   -0.000000
   33     0.001574,   -0.000984,   -0.000000,    0.000808,   -0.000000
   34     0.000119,   -0.000576,   -0.000000,    0.000079,   -0.000000
   35     0.000398,    0.000288,    0.000000,    0.000219,    0.000000
   36     0.000000,    0.000000,    0.000491,    0.000000,   -0.000034
   37     0.000512,   -0.000793,   -0.000000,    0.000269,    0.000000
   38     0.000625,    0.000675,    0.000000,    0.000378,   -0.000000
   39     0.000000,    0.000000,    0.001071,    0.000000,   -0.000068
   40     0.000144,    0.000142,    0.000000,    0.000078,    0.000000
   41     0.000000,    0.000000,   -0.000052,    0.000000,    0.000003
   42    -0.000055,    0.000142,    0.000000,   -0.000029,   -0.000000
   43     0.000000,    0.000000,    0.000250,    0.000000,   -0.000016
   44     0.000131,   -0.000156,   -0.000000,    0.000072,   -0.000000
   45     0.000006,    0.000030,   -0.000000,   -0.000238,   -0.000000
   46     0.001052,   -0.000259,    0.000000,   -0.000345,    0.000000
   47    -0.003477,    0.000637,   -0.000000,    0.001217,   -0.000000
   48    -0.003207,    0.000787,   -0.000000,    0.000608,   -0.000000
   49     0.002325,   -0.000877,    0.000000,    0.002588,    0.000000
   50     0.005602,   -0.000162,   -0.000000,    0.003626,    0.000000
   51     0.000001,    0.001237,    0.000000,    0.000275,   -0.000000
   52    -0.002958,   -0.000827,   -0.000000,   -0.003332,   -0.000000
   53     0.000000,    0.000000,    0.000616,   -0.000000,   -0.000151
   54    -0.000105,   -0.003590,   -0.000000,   -0.000806,    0.000000
   55     0.010380,    0.002004,    0.000000,    0.007244,    0.000000
   56     0.000000,   -0.000000,   -0.001924,   -0.000000,    0.000513
   57     0.000167,    0.003051,    0.000000,    0.000710,   -0.000000
   58    -0.010229,   -0.001562,    0.000000,   -0.005340,   -0.000000
   59     0.000000,    0.000000,    0.001598,   -0.000000,   -0.000468
   60     0.000166,    0.004796,    0.000000,    0.001061,   -0.000000
   61    -0.014333,   -0.002412,   -0.000000,   -0.007637,   -0.000000
   62     0.000000,    0.000000,    0.002469,   -0.000000,   -0.000727
   63     0.000339,    0.002034,    0.000000,    0.000673,   -0.000000
   64    -0.004447,   -0.000891,   -0.000000,   -0.002462,   -0.000000
   65     0.000000,    0.000000,    0.000122,   -0.000000,   -0.000326
   66    -0.000094,    0.014427,   -0.000000,    0.000130,    0.000000
   67     0.000000,   -0.000000,    0.013392,   -0.000000,    0.000059
   68    -0.001898,   -0.000110,   -0.000000,    0.013159,   -0.000000
   69     0.000000,   -0.000000,    0.000069,   -0.000000,    0.013402
   70     0.005556,   -0.000031,   -0.000000,   -0.000499,   -0.000000
   71     0.000012,    0.002987,   -0.000000,    0.000049,    0.000000
   72     0.000000,   -0.000000,    0.002855,   -0.000000,    0.000002
   73    -0.000156,    0.000004,   -0.000000,    0.002770,   -0.000000
   74     0.000000,   -0.000000,   -0.000003,   -0.000000,    0.002697
   75     0.001493,    0.000026,   -0.000000,    0.000102,   -0.000000
   76    -0.000074,    0.000709,    0.000000,    0.000019,   -0.000000
   77     0.000000,    0.000000,    0.001123,    0.000000,   -0.000073
   78     0.000916,    0.000087,    0.000000,    0.000523,    0.000000
   79     0.000000,    0.000000,    0.000022,    0.000000,    0.000071
   80     0.001675,    0.000117,    0.000000,    0.000803,    0.000000
   81     0.000117,    0.000834,    0.000000,    0.000132,   -0.000000
   82     0.000000,    0.000000,    0.001314,    0.000000,   -0.000084
   83     0.000803,    0.000132,    0.000000,    0.000548,   -0.000000
   84     0.000000,   -0.000000,   -0.000084,   -0.000000,    0.000116
   85     0.001369,    0.000129,    0.000000,    0.000696,   -0.000000
   86     0.000694,    0.000029,    0.000000,    0.000342,    0.000000
   87    -0.000000,    0.000000,   -0.000024,   -0.000000,    0.000005
   88     0.000552,    0.000055,    0.000000,    0.000280,   -0.000000
   89    -0.000000,   -0.000000,   -0.000427,   -0.000000,    0.000031
   90     0.000001,   -0.000111,   -0.000000,   -0.000010,    0.000000
   91    -0.000000,   -0.000000,   -0.000544,   -0.000000,    0.000039
   92     0.000010,   -0.000414,   -0.000000,   -0.000033,    0.000000
                85,          86,          87,          88,          89
    0     0.001585,    0.000772,   -0.000000,    0.000544,   -0.000000
    1     0.003642,    0.002141,   -0.000000,    0.001554,   -0.000000
    2    -0.004966,   -0.003965,    0.000000,   -0.002962,   -0.000000
    3    -0.008153,   -0.005850,    0.000000,   -0.004345,    0.000000
    4    -0.000581,   -0.001007,    0.000000,   -0.000550,   -0.000000
    5    -0.001392,   -0.001166,    0.000000,   -0.000231,   -0.000000
    6     0.018510,    0.008971,   -0.000000,    0.007315,    0.000000
    7     0.000000,    0.000000,   -0.000448,    0.000000,   -0.008804
    8    -0.000763,   -0.000750,    0.000000,   -0.000090,   -0.000000
    9     0.015008,    0.007288,   -0.000000,    0.005951,   -0.000000
   10     0.000000,    0.000000,   -0.000359,    0.000000,   -0.007033
   11     0.000143,   -0.000131,    0.000000,    0.000126,    0.000000
   12     0.006098,    0.002923,   -0.000000,    0.002405,    0.000000
   13     0.000000,    0.000000,   -0.000194,    0.000000,   -0.004004
   14    -0.000135,   -0.000059,    0.000000,   -0.000047,    0.000000
   15     0.000000,    0.000000,    0.000001,    0.000000,    0.000007
   16     0.000048,    0.000027,   -0.000000,    0.000027,   -0.000000
   17    -0.000000,   -0.000000,    0.000003,   -0.000000,    0.000059
   18     0.000133,    0.000067,   -0.000000,    0.000045,    0.000000
   19    -0.000353,   -0.000134,   -0.000000,   -0.000130,    0.000000
   20    -0.000000,   -0.000000,    0.000015,   -0.000000,    0.000192
   21     0.000330,    0.000175,    0.000000,    0.000146,    0.000000
   22    -0.000000,   -0.000000,    0.000008,   -0.000000,    0.000159
   23     0.000550,    0.000280,   -0.000000,    0.000218,   -0.000000
   24    -0.000058,   -0.000031,    0.000000,   -0.000024,   -0.000000
   25     0.000000,    0.000000,    0.000000,    0.000000,    0.000011
   26    -0.000123,   -0.000060,    0.000000,   -0.000049,   -0.000000
   27    -0.000000,    0.000000,    0.000003,    0.000000,    0.000051
   28     0.000000,    0.000001,   -0.000000,   -0.000001,   -0.000000
   29     0.000000,    0.000000,    0.000001,    0.000000,    0.000008
   30     0.000031,    0.000019,   -0.000000,    0.000014,    0.000000
   31     0.001242,    0.000507,   -0.000000,    0.000206,    0.000000
   32     0.002067,    0.001047,   -0.000000,    0.000550,    0.000000
   33     0.001407,    0.000695,   -0.000000,    0.000506,    0.000000
   34     0.000174,    0.000056,   -0.000000,    0.000021,    0.000000
   35     0.000324,    0.000162,   -0.000000,    0.000141,   -0.000000
   36     0.000000,    0.000000,   -0.000009,    0.000000,   -0.000173
   37     0.000495,    0.000233,   -0.000000,    0.000152,    0.000000
   38     0.000549,    0.000243,    0.000000,    0.000222,   -0.000000
   39     0.000000,    0.000000,   -0.000019,    0.000000,   -0.000377
   40     0.000112,    0.000057,   -0.000000,    0.000051,   -0.000000
   41     0.000000,    0.000000,    0.000001,    0.000000,    0.000020
   42    -0.000058,   -0.000026,    0.000000,   -0.000015,   -0.000000
   43     0.000000,    0.000000,   -0.000004,    0.000000,   -0.000088
   44     0.000129,    0.000057,   -0.000000,    0.000039,    0.000000
   45    -0.000388,   -0.000078,    0.000000,   -0.000055,    0.000000
   46    -0.000482,    0.000176,   -0.000000,    0.000079,   -0.000000
   47     0.001778,   -0.000452,    0.000000,   -0.000197,    0.000000
   48     0.000791,   -0.000506,    0.000000,   -0.000213,    0.000000
   49     0.004299,    0.001085,   -0.000000,    0.000649,   -0.000000
   50     0.005890,    0.002341,   -0.000000,    0.001713,   -0.000000
   51     0.000330,   -0.000025,    0.000000,    0.000062,   -0.000000
   52    -0.005669,   -0.001995,    0.000000,   -0.001594,    0.000000
   53     0.000000,    0.000000,   -0.000058,    0.000000,   -0.000344
   54    -0.001054,    0.000043,   -0.000000,   -0.000142,    0.000000
   55     0.011821,    0.004838,   -0.000000,    0.003892,   -0.000000
   56    -0.000000,   -0.000000,    0.000191,   -0.000000,    0.000985
   57     0.000997,   -0.000017,    0.000000,    0.000119,   -0.000000
   58    -0.008458,   -0.004255,    0.000000,   -0.003427,   -0.000000
   59    -0.000000,    0.000000,   -0.000180,    0.000000,   -0.000886
   60     0.001473,   -0.000068,    0.000000,    0.000157,   -0.000000
   61    -0.012108,   -0.006012,    0.000000,   -0.004850,    0.000000
   62    -0.000000,    0.000000,   -0.000279,    0.000000,   -0.001375
   63     0.001035,    0.000087,    0.000000,    0.000157,   -0.000000
   64    -0.003877,   -0.001854,    0.000000,   -0.001501,    0.000000
   65    -0.000000,    0.000000,   -0.000135,    0.000000,   -0.000327
   66    -0.000024,   -0.000035,   -0.000000,    0.000041,   -0.000000
   67    -0.000000,   -0.000000,   -0.000015,   -0.000000,   -0.000219
   68    -0.000672,   -0.000588,   -0.000000,    0.000012,    0.000000
   69    -0.000000,    0.000000,    0.000390,    0.000000,    0.000008
   70     0.012771,   -0.000460,   -0.000000,   -0.000637,    0.000000
   71     0.000022,    0.000004,   -0.000000,    0.000020,   -0.000000
   72    -0.000000,   -0.000000,   -0.000006,   -0.000000,   -0.000099
   73     0.000061,   -0.000023,   -0.000000,    0.000079,    0.000000
   74    -0.000000,    0.000000,    0.000079,    0.000000,    0.000008
   75     0.002895,    0.000065,   -0.000000,   -0.000002,    0.000000
   76    -0.000045,   -0.000050,    0.000000,   -0.000011,   -0.000000
   77     0.000000,   -0.000000,   -0.000020,    0.000000,   -0.000374
   78     0.000726,    0.000388,   -0.000000,    0.000313,   -0.000000
   79     0.000000,    0.000000,    0.000002,    0.000000,   -0.000008
   80     0.001369,    0.000694,   -0.000000,    0.000552,   -0.000000
   81     0.000129,    0.000029,    0.000000,    0.000055,   -0.000000
   82     0.000000,    0.000000,   -0.000024,    0.000000,   -0.000427
   83     0.000696,    0.000342,   -0.000000,    0.000280,   -0.000000
   84    -0.000000,    0.000000,    0.000005,   -0.000000,    0.000031
   85     0.001234,    0.000560,   -0.000000,    0.000446,   -0.000000
   86     0.000560,    0.000295,   -0.000000,    0.000234,   -0.000000
   87    -0.000000,   -0.000000,    0.000001,   -0.000000,    0.000009
   88     0.000446,    0.000234,   -0.000000,    0.000187,   -0.000000
   89    -0.000000,   -0.000000,    0.000009,   -0.000000,    0.000151
   90    -0.000003,    0.000003,   -0.000000,   -0.000002,    0.000000
   91    -0.000000,   -0.000000,    0.000011,   -0.000000,    0.000192
   92    -0.000007,    0.000016,   -0.000000,   -0.000005,    0.000000
                90,          91,          92
    0     0.000121,   -0.000000,    0.000448
    1     0.000289,   -0.000000,    0.001077
    2    -0.000448,   -0.000000,   -0.001687
    3    -0.000833,    0.000000,   -0.003152
    4    -0.000776,   -0.000000,   -0.002923
    5    -0.002547,   -0.000000,   -0.009657
    6    -0.000405,    0.000000,   -0.001414
    7    -0.000000,   -0.011236,   -0.000000
    8    -0.001842,   -0.000000,   -0.006982
    9    -0.000363,   -0.000000,   -0.001277
   10    -0.000000,   -0.008975,   -0.000000
   11    -0.000816,    0.000000,   -0.003098
   12    -0.000223,    0.000000,   -0.000809
   13    -0.000000,   -0.005116,   -0.000000
   14    -0.000002,    0.000000,   -0.000010
   15    -0.000000,    0.000008,    0.000000
   16    -0.000021,   -0.000000,   -0.000080
   17     0.000000,    0.000075,    0.000000
   18     0.000032,    0.000000,    0.000121
   19     0.000080,    0.000000,    0.000292
   20    -0.000000,    0.000242,    0.000000
   21    -0.000019,    0.000000,   -0.000070
   22    -0.000000,    0.000203,   -0.000000
   23     0.000027,   -0.000000,    0.000109
   24    -0.000002,   -0.000000,   -0.000010
   25    -0.000000,    0.000014,   -0.000000
   26     0.000002,   -0.000000,    0.000007
   27    -0.000000,    0.000064,    0.000000
   28     0.000006,   -0.000000,    0.000024
   29    -0.000000,    0.000010,   -0.000000
   30     0.000007,    0.000000,    0.000026
   31     0.000787,    0.000000,    0.002996
   32     0.001090,    0.000000,    0.004148
   33     0.000181,    0.000000,    0.000696
   34     0.000099,    0.000000,    0.000377
   35    -0.000041,   -0.000000,   -0.000153
   36    -0.000000,   -0.000221,   -0.000000
   37     0.000136,    0.000000,    0.000518
   38    -0.000101,   -0.000000,   -0.000372
   39    -0.000000,   -0.000482,   -0.000000
   40    -0.000021,   -0.000000,   -0.000080
   41    -0.000000,    0.000025,   -0.000000
   42    -0.000024,   -0.000000,   -0.000092
   43    -0.000000,   -0.000112,   -0.000000
   44     0.000028,    0.000000,    0.000106
   45    -0.000007,    0.000000,   -0.000023
   46     0.000030,   -0.000000,    0.000079
   47    -0.000070,    0.000000,   -0.000173
   48    -0.000098,    0.000000,   -0.000263
   49     0.000153,   -0.000000,    0.000460
   50     0.000084,   -0.000000,    0.000239
   51    -0.000196,    0.000000,   -0.000667
   52     0.000046,    0.000000,    0.000175
   53     0.000000,   -0.000415,   -0.000000
   54     0.000549,   -0.000000,    0.001886
   55    -0.000125,   -0.000000,   -0.000436
   56    -0.000000,    0.001170,    0.000000
   57    -0.000497,    0.000000,   -0.001718
   58     0.000110,   -0.000000,    0.000374
   59     0.000000,   -0.001048,   -0.000000
   60    -0.000782,    0.000000,   -0.002707
   61     0.000184,    0.000000,    0.000637
   62     0.000000,   -0.001626,   -0.000000
   63    -0.000330,    0.000000,   -0.001103
   64     0.000076,    0.000000,    0.000270
   65     0.000000,   -0.000344,   -0.000000
   66    -0.000157,   -0.000000,   -0.000550
   67    -0.000000,   -0.000279,   -0.000000
   68    -0.000022,    0.000000,    0.000024
   69    -0.000000,   -0.000028,    0.000000
   70     0.000002,    0.000000,   -0.000060
   71    -0.000043,   -0.000000,   -0.000155
   72    -0.000000,   -0.000126,   -0.000000
   73    -0.000006,    0.000000,    0.000001
   74     0.000000,    0.000002,    0.000000
   75     0.000000,    0.000000,   -0.000011
   76    -0.000103,   -0.000000,   -0.000387
   77    -0.000000,   -0.000477,   -0.000000
   78    -0.000003,   -0.000000,   -0.000008
   79    -0.000000,   -0.000010,   -0.000000
   80     0.000001,   -0.000000,    0.000010
   81    -0.000111,   -0.000000,   -0.000414
   82    -0.000000,   -0.000544,   -0.000000
   83    -0.000010,   -0.000000,   -0.000033
   84     0.000000,    0.000039,    0.000000
   85    -0.000003,   -0.000000,   -0.000007
   86     0.000003,   -0.000000,    0.000016
   87    -0.000000,    0.000011,   -0.000000
   88    -0.000002,   -0.000000,   -0.000005
   89     0.000000,    0.000192,    0.000000
   90     0.000017,   -0.000000,    0.000064
   91    -0.000000,    0.000244,    0.000000
   92     0.000064,    0.000000,    0.000242
Detailed time report:
Overall   |:    1.374 s for SCF Preparation
ISDF      |:    0.000 s for ISDF initialization
InitGuess |:    0.453 s for Prepare initial guess
CInt      |:    0.153 s for Two, Three, and Four-center integrals
DFT Grids |:    0.767 s for Initialization of the tabulated Grids and AOs
total electron number:      43.99999959
The evaluation of Vj, Vk and Vxc matrices cost       0.00,       0.01 and       0.08 seconds, respectively
Exc:     -80.85785905, Vxc:     -52.44136785
The total energy:     -2649.8641567491 Ha by the initial guess
total electron number:      43.99999559
The evaluation of Vj, Vk and Vxc matrices cost       0.00,       0.01 and       0.06 seconds, respectively
Exc:     -80.32361824, Vxc:     -52.09621119
Hamiltonian: generation by       0.08s and DIIS extrapolation by       0.00s
Energy:   -2649.3744467093 Ha after    1 iterations (in       0.08 seconds).
Detailed timing info in this SCF step:
prepare_next_input:            0.08s
diagonalize_hamiltonian:       0.01s
generate_density_matrix:       0.00s
check_scf_convergence:         0.00s
scf_records.update:            0.00s
total electron number:      44.00000126
The evaluation of Vj, Vk and Vxc matrices cost       0.00,       0.01 and       0.06 seconds, respectively
Exc:     -81.34308434, Vxc:     -52.75613427
Hamiltonian: generation by       0.07s and DIIS extrapolation by       0.00s
SCF Change: DM 1.78790e-2; eev  3.28890e0 Ha; etot  1.18684e0 Ha
Energy:   -2648.1876040210 Ha after    2 iterations (in       0.08 seconds).
Detailed timing info in this SCF step:
prepare_next_input:            0.07s
diagonalize_hamiltonian:       0.01s
generate_density_matrix:       0.00s
check_scf_convergence:         0.00s
scf_records.update:            0.00s
total electron number:      43.99999824
The evaluation of Vj, Vk and Vxc matrices cost       0.00,       0.01 and       0.06 seconds, respectively
Exc:     -80.62682666, Vxc:     -52.29173540
Hamiltonian: generation by       0.07s and DIIS extrapolation by       0.00s
SCF Change: DM 1.45887e-3; eev 1.13619e-1 Ha; etot -1.79800e0 Ha
Energy:   -2649.9856006423 Ha after    3 iterations (in       0.08 seconds).
Detailed timing info in this SCF step:
prepare_next_input:            0.07s
diagonalize_hamiltonian:       0.01s
generate_density_matrix:       0.00s
check_scf_convergence:         0.00s
scf_records.update:            0.00s
total electron number:      43.99999836
The evaluation of Vj, Vk and Vxc matrices cost       0.00,       0.01 and       0.06 seconds, respectively
Exc:     -80.65450316, Vxc:     -52.30974286
Hamiltonian: generation by       0.07s and DIIS extrapolation by       0.00s
SCF Change: DM 7.30197e-4; eev 7.65621e-2 Ha; etot -6.15495e-3 Ha
Energy:   -2649.9917555937 Ha after    4 iterations (in       0.07 seconds).
Detailed timing info in this SCF step:
prepare_next_input:            0.07s
diagonalize_hamiltonian:       0.01s
generate_density_matrix:       0.00s
check_scf_convergence:         0.00s
scf_records.update:            0.00s
total electron number:      43.99999843
The evaluation of Vj, Vk and Vxc matrices cost       0.00,       0.01 and       0.05 seconds, respectively
Exc:     -80.64842870, Vxc:     -52.30559981
Hamiltonian: generation by       0.06s and DIIS extrapolation by       0.00s
SCF Change: DM 1.56496e-4; eev 3.46292e-2 Ha; etot -1.50326e-3 Ha
Energy:   -2649.9932588520 Ha after    5 iterations (in       0.07 seconds).
Detailed timing info in this SCF step:
prepare_next_input:            0.07s
diagonalize_hamiltonian:       0.01s
generate_density_matrix:       0.00s
check_scf_convergence:         0.00s
scf_records.update:            0.00s
total electron number:      43.99999845
The evaluation of Vj, Vk and Vxc matrices cost       0.00,       0.01 and       0.05 seconds, respectively
Exc:     -80.65775920, Vxc:     -52.31173523
Hamiltonian: generation by       0.06s and DIIS extrapolation by       0.00s
SCF Change: DM 3.66288e-5; eev 1.05817e-2 Ha; etot -7.22313e-5 Ha
Energy:   -2649.9933310833 Ha after    6 iterations (in       0.07 seconds).
Detailed timing info in this SCF step:
prepare_next_input:            0.07s
diagonalize_hamiltonian:       0.01s
generate_density_matrix:       0.00s
check_scf_convergence:         0.00s
scf_records.update:            0.00s
total electron number:      43.99999845
The evaluation of Vj, Vk and Vxc matrices cost       0.00,       0.01 and       0.05 seconds, respectively
Exc:     -80.65536157, Vxc:     -52.31015036
Hamiltonian: generation by       0.06s and DIIS extrapolation by       0.00s
SCF Change: DM 7.89254e-6; eev 1.96997e-3 Ha; etot -3.32647e-6 Ha
Energy:   -2649.9933344098 Ha after    7 iterations (in       0.07 seconds).
Detailed timing info in this SCF step:
prepare_next_input:            0.07s
diagonalize_hamiltonian:       0.01s
generate_density_matrix:       0.00s
check_scf_convergence:         0.00s
scf_records.update:            0.00s
total electron number:      43.99999845
The evaluation of Vj, Vk and Vxc matrices cost       0.00,       0.01 and       0.06 seconds, respectively
Exc:     -80.65587717, Vxc:     -52.31048961
Hamiltonian: generation by       0.07s and DIIS extrapolation by       0.00s
SCF Change: DM 2.63486e-6; eev 4.47019e-4 Ha; etot -1.05899e-7 Ha
Energy:   -2649.9933345157 Ha after    8 iterations (in       0.08 seconds).
Detailed timing info in this SCF step:
prepare_next_input:            0.07s
diagonalize_hamiltonian:       0.01s
generate_density_matrix:       0.00s
check_scf_convergence:         0.00s
scf_records.update:            0.00s
total electron number:      43.99999845
The evaluation of Vj, Vk and Vxc matrices cost       0.00,       0.01 and       0.07 seconds, respectively
Exc:     -80.65579559, Vxc:     -52.31043571
Hamiltonian: generation by       0.08s and DIIS extrapolation by       0.00s
SCF Change: DM 5.16399e-7; eev 6.07496e-5 Ha; etot -9.70931e-9 Ha
Energy:   -2649.9933345254 Ha after    9 iterations (in       0.09 seconds).
Detailed timing info in this SCF step:
prepare_next_input:            0.09s
diagonalize_hamiltonian:       0.01s
generate_density_matrix:       0.00s
check_scf_convergence:         0.00s
scf_records.update:            0.00s
total electron number:      43.99999845
The evaluation of Vj, Vk and Vxc matrices cost       0.00,       0.01 and       0.06 seconds, respectively
Exc:     -80.65579301, Vxc:     -52.31043411
Hamiltonian: generation by       0.07s and DIIS extrapolation by       0.00s
SCF Change: DM 1.09148e-7; eev 1.18624e-5 Ha; etot -8.94488e-10 Ha
Energy:   -2649.9933345263 Ha after   10 iterations (in       0.08 seconds).
Detailed timing info in this SCF step:
prepare_next_input:            0.07s
diagonalize_hamiltonian:       0.01s
generate_density_matrix:       0.00s
check_scf_convergence:         0.00s
scf_records.update:            0.00s
total electron number:      43.99999845
The evaluation of Vj, Vk and Vxc matrices cost       0.00,       0.01 and       0.07 seconds, respectively
Exc:     -80.65579434, Vxc:     -52.31043499
Hamiltonian: generation by       0.09s and DIIS extrapolation by       0.00s
SCF Change: DM 2.11182e-8; eev 2.51998e-6 Ha; etot -3.04681e-11 Ha
Energy:   -2649.9933345263 Ha after   11 iterations (in       0.10 seconds).
Detailed timing info in this SCF step:
prepare_next_input:            0.09s
diagonalize_hamiltonian:       0.01s
generate_density_matrix:       0.00s
check_scf_convergence:         0.00s
scf_records.update:            0.00s
total electron number:      43.99999845
The evaluation of Vj, Vk and Vxc matrices cost       0.00,       0.01 and       0.07 seconds, respectively
Exc:     -80.65579371, Vxc:     -52.31043458
Hamiltonian: generation by       0.08s and DIIS extrapolation by       0.00s
SCF Change: DM 7.85242e-9; eev 8.45946e-7 Ha; etot 1.27329e-11 Ha
Energy:   -2649.9933345263 Ha after   12 iterations (in       0.09 seconds).
Detailed timing info in this SCF step:
prepare_next_input:            0.08s
diagonalize_hamiltonian:       0.01s
generate_density_matrix:       0.00s
check_scf_convergence:         0.00s
scf_records.update:            0.00s
SCF is converged after   12 iterations.
   State    Occupation        Eigenvalue
       0       2.00000       -482.898496
       1       2.00000        -62.545010
       2       2.00000        -56.362968
       3       2.00000        -56.356983
       4       2.00000        -56.356869
       5       2.00000        -19.189651
       6       2.00000         -8.735449
       7       2.00000         -6.569946
       8       2.00000         -6.551272
       9       2.00000         -6.550894
      10       2.00000         -2.683244
      11       2.00000         -2.678175
      12       2.00000         -2.677853
      13       2.00000         -2.663007
      14       2.00000         -2.663007
      15       2.00000         -1.046866
      16       2.00000         -0.772124
      17       2.00000         -0.520026
      18       2.00000         -0.428476
      19       2.00000         -0.393143
      20       2.00000         -0.305179
      21       2.00000         -0.280193
      22       0.00000         -0.100901
      23       0.00000          0.034160
      24       0.00000          0.216897
==========================================
Now evaluate the    PT2 correlation energy
==========================================
generate RI3MO only for occ_range:5..22, vir_range:22..93
Finish the RI3MO generation
Exc_scf: (-80.65579382388174,0.2),Exc_pos: (-22.600340376561157,0.7731)
----------------------------------------------------------------------
Methods         :       Total Corr,          OS Corr,          SS Corr
----------------------------------------------------------------------
PT2             :      -0.83529422,      -0.60147471,      -0.23381952
----------------------------------------------------------------------
Fifth-rung correlation energy :      -0.262483561446 Ha
E[XYGJOS]=:   -2648.41779385 Ha, Ex[HF]:     -98.09357741 Ha, Ec[PT2  ]:      -0.83529422 Ha
Detailed time report:
xc_energy |:    0.120 s for for x_hf, xc_scf, xc_xdh
ao2mo     |:    0.017 s for for the generation of RI3MO
c_r5dft   |:    0.010 s for for advanced correlations
Mulliken population:
 0-O-S-0              0.79296
 0-O-S-0              1.17731
 0-O-S-0              0.61512
 0-O-S-0              0.92145
 0-O-S-0              0.32188
 0-O-P-0              0.61221
 0-O-P-1              0.46382
 0-O-P-2              0.78346
 0-O-P-0              0.55343
 0-O-P-1              0.50806
 0-O-P-2              0.72735
 0-O-P-0              0.21655
 0-O-P-1              0.18301
 0-O-P-2              0.39968
 0-O-D-0              0.00029
 0-O-D-1              0.00011
 0-O-D-2              0.00041
 0-O-D-3              0.00017
 0-O-D-4              0.00121
 0-O-D-0              0.00359
 0-O-D-1              0.00357
 0-O-D-2              0.00294
 0-O-D-3              0.00110
 0-O-D-4              0.00934
 0-O-F-0              0.00012
 0-O-F-1              0.00001
 0-O-F-2              0.00021
 0-O-F-3              0.00014
 0-O-F-4              0.00016
 0-O-F-5              0.00006
 0-O-F-6              0.00002
 1-H-S-0              0.26206
 1-H-S-0              0.39022
 1-H-S-0              0.03748
 1-H-P-0              0.01475
 1-H-P-1              0.00339
 1-H-P-2              0.00446
 1-H-P-0              0.01586
 1-H-P-1              0.02109
 1-H-P-2              0.03348
 1-H-D-0              0.00170
 1-H-D-1              0.00021
 1-H-D-2              0.00092
 1-H-D-3              0.00339
 1-H-D-4              0.00264
 2-Br-S-0              1.99955
 2-Br-S-0              2.00541
 2-Br-S-0              1.15778
 2-Br-S-0              0.77912
 2-Br-S-0              1.10281
 2-Br-S-0              0.91987
 2-Br-P-0              1.99882
 2-Br-P-1              1.99850
 2-Br-P-2              1.99883
 2-Br-P-0              1.97731
 2-Br-P-1              1.96743
 2-Br-P-2              1.97741
 2-Br-P-0              0.52769
 2-Br-P-1              0.27783
 2-Br-P-2              0.53095
 2-Br-P-0              0.99854
 2-Br-P-1              0.48205
 2-Br-P-2              0.99876
 2-Br-P-0              0.49936
 2-Br-P-1              0.11034
 2-Br-P-2              0.49772
 2-Br-D-0              1.78913
 2-Br-D-1              1.78962
 2-Br-D-2              1.79029
 2-Br-D-3              1.79052
 2-Br-D-4              1.78972
 2-Br-D-0              0.20486
 2-Br-D-1              0.20471
 2-Br-D-2              0.20335
 2-Br-D-3              0.20239
 2-Br-D-4              0.20522
 2-Br-D-0              0.00888
 2-Br-D-1              0.01173
 2-Br-D-2              0.00858
 2-Br-D-3              0.00536
 2-Br-D-4              0.01528
 2-Br-D-0              0.01865
 2-Br-D-1              0.02846
 2-Br-D-2              0.00571
 2-Br-D-3              0.00183
 2-Br-D-4              0.01387
 2-Br-F-0              0.00414
 2-Br-F-1              0.00001
 2-Br-F-2              0.00260
 2-Br-F-3              0.00173
 2-Br-F-4              0.00022
 2-Br-F-5              0.00278
 2-Br-F-6              0.00289
Mulliken population analysis:
  0-O  :  -0.299725
  1-H  :   0.208356
  2-Br :   0.091369

====================================================
              REST: Mission accomplished
====================================================
The SCF energy        :   -2649.9933345263 Ha
The (R)-xDH energy    :   -2648.4177938530 Ha
Detailed time report:
PT2       |:    0.148 s for the PT2 evaluation
Overall   |:    3.089 s for the whole job
SCF       |:    2.432 s for the scf procedure
